solid OpenSCAD_Model
  facet normal -0 0 1
    outer loop
      vertex 7.4408 0.939991 30.0005
      vertex 8.91421 0 30.0005
      vertex 7.5 1.41421 30.0005
    endloop
  endfacet
  facet normal 0 0 1
    outer loop
      vertex 7.49987 -0.00099157 30.0005
      vertex 8.91421 0 30.0005
      vertex 7.49994 0 30.0005
    endloop
  endfacet
  facet normal 0 0 1
    outer loop
      vertex 8.91421 0 30.0005
      vertex 7.49987 0.00099157 30.0005
      vertex 7.49994 0 30.0005
    endloop
  endfacet
  facet normal 0 0 1
    outer loop
      vertex 8.91421 0 30.0005
      vertex 7.4408 0.939991 30.0005
      vertex 7.49987 0.00099157 30.0005
    endloop
  endfacet
  facet normal 0 0 1
    outer loop
      vertex 7.5 1.41421 30.0005
      vertex 7.44061 0.940967 30.0005
      vertex 7.4408 0.939991 30.0005
    endloop
  endfacet
  facet normal 0 -0 1
    outer loop
      vertex 7.44061 0.940967 30.0005
      vertex 7.5 1.41421 30.0005
      vertex 7.37431 1.28852 30.0005
    endloop
  endfacet
  facet normal 0 0 1
    outer loop
      vertex 7.4408 -0.939991 30.0005
      vertex 8.91421 0 30.0005
      vertex 7.49987 -0.00099157 30.0005
    endloop
  endfacet
  facet normal 0 0 1
    outer loop
      vertex 8.91421 0 30.0005
      vertex 7.4408 -0.939991 30.0005
      vertex 7.5 -1.41421 30.0005
    endloop
  endfacet
  facet normal -0 0 1
    outer loop
      vertex 7.44061 -0.940967 30.0005
      vertex 7.5 -1.41421 30.0005
      vertex 7.4408 -0.939991 30.0005
    endloop
  endfacet
  facet normal 0 0 1
    outer loop
      vertex 7.5 -1.41421 30.0005
      vertex 7.44061 -0.940967 30.0005
      vertex 7.37431 -1.28852 30.0005
    endloop
  endfacet
  facet normal -0.707079 -0.707135 0
    outer loop
      vertex 7.37436 -1.28858 0
      vertex 7.5 -1.41421 0
      vertex 7.37436 -1.28858 30
    endloop
  endfacet
  facet normal -0.707036 -0.707036 0.0141407
    outer loop
      vertex 7.37436 -1.28858 30
      vertex 7.5 -1.41421 30.0005
      vertex 7.37431 -1.28852 30.0005
    endloop
  endfacet
  facet normal -0.707079 -0.707135 -0
    outer loop
      vertex 7.5 -1.41421 30.0005
      vertex 7.37436 -1.28858 30
      vertex 7.5 -1.41421 0
    endloop
  endfacet
  facet normal -0.707079 0.707135 0
    outer loop
      vertex 7.37436 1.28858 0
      vertex 7.5 1.41421 30.0005
      vertex 7.5 1.41421 0
    endloop
  endfacet
  facet normal -0.707079 0.707135 0
    outer loop
      vertex 7.37436 1.28858 30
      vertex 7.5 1.41421 30.0005
      vertex 7.37436 1.28858 0
    endloop
  endfacet
  facet normal -0.707036 0.707036 0.0141407
    outer loop
      vertex 7.5 1.41421 30.0005
      vertex 7.37436 1.28858 30
      vertex 7.37431 1.28852 30.0005
    endloop
  endfacet
  facet normal 0.707107 -0.707107 0
    outer loop
      vertex 7.5 -1.41421 30.0005
      vertex 8.91421 0 0
      vertex 8.91421 0 30.0005
    endloop
  endfacet
  facet normal 0.707107 -0.707107 0
    outer loop
      vertex 8.91421 0 0
      vertex 7.5 -1.41421 30.0005
      vertex 7.5 -1.41421 0
    endloop
  endfacet
  facet normal 0.707107 0.707107 0
    outer loop
      vertex 8.91421 0 30.0005
      vertex 7.5 1.41421 0
      vertex 7.5 1.41421 30.0005
    endloop
  endfacet
  facet normal 0.707107 0.707107 0
    outer loop
      vertex 7.5 1.41421 0
      vertex 8.91421 0 30.0005
      vertex 8.91421 0 0
    endloop
  endfacet
  facet normal -0 0 1
    outer loop
      vertex 7.264 1.8661 30.0005
      vertex 7.47029 1.56356 30.0005
      vertex 8.23566 3.41132 30.0005
    endloop
  endfacet
  facet normal 0 0 1
    outer loop
      vertex 7.47029 1.56356 30.0005
      vertex 7.26431 1.86516 30.0005
      vertex 7.30911 1.63033 30.0005
    endloop
  endfacet
  facet normal 0 0 1
    outer loop
      vertex 7.47029 1.56356 30.0005
      vertex 7.264 1.8661 30.0005
      vertex 7.26431 1.86516 30.0005
    endloop
  endfacet
  facet normal 0 0 1
    outer loop
      vertex 8.23566 3.41132 30.0005
      vertex 6.97326 2.76091 30.0005
      vertex 7.264 1.8661 30.0005
    endloop
  endfacet
  facet normal 0 0 1
    outer loop
      vertex 8.23566 3.41132 30.0005
      vertex 6.57267 3.61222 30.0005
      vertex 6.97326 2.76091 30.0005
    endloop
  endfacet
  facet normal 0 0 1
    outer loop
      vertex 8.23566 3.41132 30.0005
      vertex 6.57224 3.61312 30.0005
      vertex 6.57267 3.61222 30.0005
    endloop
  endfacet
  facet normal 0 0 1
    outer loop
      vertex 8.23566 3.41132 30.0005
      vertex 6.57171 3.61396 30.0005
      vertex 6.57224 3.61312 30.0005
    endloop
  endfacet
  facet normal 0 0 1
    outer loop
      vertex 6.3879 4.17669 30.0005
      vertex 6.57171 3.61396 30.0005
      vertex 8.23566 3.41132 30.0005
    endloop
  endfacet
  facet normal 0 0 1
    outer loop
      vertex 6.57171 3.61396 30.0005
      vertex 6.3879 4.17669 30.0005
      vertex 6.31946 4.01145 30.0005
    endloop
  endfacet
  facet normal -0.382717 -0.923864 0.0018514
    outer loop
      vertex 7.30918 1.6303 30
      vertex 7.47029 1.56356 30.0005
      vertex 7.30911 1.63033 30.0005
    endloop
  endfacet
  facet normal -0.382713 -0.923867 0
    outer loop
      vertex 7.30918 1.6303 0
      vertex 7.47029 1.56356 30.0005
      vertex 7.30918 1.6303 30
    endloop
  endfacet
  facet normal -0.382713 -0.923867 -0
    outer loop
      vertex 7.47029 1.56356 30.0005
      vertex 7.30918 1.6303 0
      vertex 7.47029 1.56356 0
    endloop
  endfacet
  facet normal -0.923891 0.382656 0
    outer loop
      vertex 6.31949 4.01152 0
      vertex 6.3879 4.17669 30.0005
      vertex 6.3879 4.17669 0
    endloop
  endfacet
  facet normal -0.923891 0.382656 0
    outer loop
      vertex 6.31949 4.01152 30
      vertex 6.3879 4.17669 30.0005
      vertex 6.31949 4.01152 0
    endloop
  endfacet
  facet normal -0.923887 0.382661 -0.00186075
    outer loop
      vertex 6.3879 4.17669 30.0005
      vertex 6.31949 4.01152 30
      vertex 6.31946 4.01145 30.0005
    endloop
  endfacet
  facet normal 0.923879 -0.382685 0
    outer loop
      vertex 7.47029 1.56356 30.0005
      vertex 8.23566 3.41132 0
      vertex 8.23566 3.41132 30.0005
    endloop
  endfacet
  facet normal 0.923879 -0.382685 0
    outer loop
      vertex 8.23566 3.41132 0
      vertex 7.47029 1.56356 30.0005
      vertex 7.47029 1.56356 0
    endloop
  endfacet
  facet normal 0.382685 0.923879 -0
    outer loop
      vertex 8.23566 3.41132 0
      vertex 6.3879 4.17669 30.0005
      vertex 8.23566 3.41132 30.0005
    endloop
  endfacet
  facet normal 0.382685 0.923879 0
    outer loop
      vertex 6.3879 4.17669 30.0005
      vertex 8.23566 3.41132 0
      vertex 6.3879 4.17669 0
    endloop
  endfacet
  facet normal -0 0 1
    outer loop
      vertex 6.06694 4.40912 30.0005
      vertex 6.3033 4.3033 30.0005
      vertex 6.3033 6.3033 30.0005
    endloop
  endfacet
  facet normal 0 0 1
    outer loop
      vertex 6.3033 4.3033 30.0005
      vertex 6.06758 4.40835 30.0005
      vertex 6.13424 4.3033 30.0005
    endloop
  endfacet
  facet normal 0 0 1
    outer loop
      vertex 6.3033 4.3033 30.0005
      vertex 6.06694 4.40912 30.0005
      vertex 6.06758 4.40835 30.0005
    endloop
  endfacet
  facet normal 0 0 1
    outer loop
      vertex 6.3033 6.3033 30.0005
      vertex 5.46722 5.13406 30.0005
      vertex 6.06694 4.40912 30.0005
    endloop
  endfacet
  facet normal 0 0 1
    outer loop
      vertex 6.3033 6.3033 30.0005
      vertex 4.78136 5.77812 30.0005
      vertex 5.46722 5.13406 30.0005
    endloop
  endfacet
  facet normal 0 0 1
    outer loop
      vertex 6.3033 6.3033 30.0005
      vertex 4.78064 5.7788 30.0005
      vertex 4.78136 5.77812 30.0005
    endloop
  endfacet
  facet normal 0 0 1
    outer loop
      vertex 6.3033 6.3033 30.0005
      vertex 4.77984 5.77938 30.0005
      vertex 4.78064 5.7788 30.0005
    endloop
  endfacet
  facet normal -0 0 1
    outer loop
      vertex 4.3033 6.3033 30.0005
      vertex 4.77984 5.77938 30.0005
      vertex 6.3033 6.3033 30.0005
    endloop
  endfacet
  facet normal 0 0 1
    outer loop
      vertex 4.77984 5.77938 30.0005
      vertex 4.3033 6.3033 30.0005
      vertex 4.3033 6.12561 30.0005
    endloop
  endfacet
  facet normal 0 -1 0
    outer loop
      vertex 6.13432 4.3033 30
      vertex 6.3033 4.3033 30.0005
      vertex 6.13424 4.3033 30.0005
    endloop
  endfacet
  facet normal 0 -1 0
    outer loop
      vertex 6.13432 4.3033 0
      vertex 6.3033 4.3033 30.0005
      vertex 6.13432 4.3033 30
    endloop
  endfacet
  facet normal 0 -1 -0
    outer loop
      vertex 6.3033 4.3033 30.0005
      vertex 6.13432 4.3033 0
      vertex 6.3033 4.3033 0
    endloop
  endfacet
  facet normal -1 0 0
    outer loop
      vertex 4.3033 6.12568 0
      vertex 4.3033 6.3033 30.0005
      vertex 4.3033 6.3033 0
    endloop
  endfacet
  facet normal -1 0 0
    outer loop
      vertex 4.3033 6.12568 30
      vertex 4.3033 6.3033 30.0005
      vertex 4.3033 6.12568 0
    endloop
  endfacet
  facet normal -1 -0 0
    outer loop
      vertex 4.3033 6.3033 30.0005
      vertex 4.3033 6.12568 30
      vertex 4.3033 6.12561 30.0005
    endloop
  endfacet
  facet normal 1 -0 0
    outer loop
      vertex 6.3033 4.3033 30.0005
      vertex 6.3033 6.3033 0
      vertex 6.3033 6.3033 30.0005
    endloop
  endfacet
  facet normal 1 0 0
    outer loop
      vertex 6.3033 6.3033 0
      vertex 6.3033 4.3033 30.0005
      vertex 6.3033 4.3033 0
    endloop
  endfacet
  facet normal 0 1 -0
    outer loop
      vertex 6.3033 6.3033 0
      vertex 4.3033 6.3033 30.0005
      vertex 6.3033 6.3033 30.0005
    endloop
  endfacet
  facet normal 0 1 0
    outer loop
      vertex 4.3033 6.3033 30.0005
      vertex 6.3033 6.3033 0
      vertex 4.3033 6.3033 0
    endloop
  endfacet
  facet normal 0 0 1
    outer loop
      vertex 4.17669 6.3879 30.0005
      vertex 4.01867 6.33241 30.0005
      vertex 4.0274 6.32606 30.0005
    endloop
  endfacet
  facet normal -0 0 1
    outer loop
      vertex 3.19419 6.78567 30.0005
      vertex 4.17669 6.3879 30.0005
      vertex 3.41132 8.23566 30.0005
    endloop
  endfacet
  facet normal 0 0 1
    outer loop
      vertex 4.17669 6.3879 30.0005
      vertex 3.19419 6.78567 30.0005
      vertex 4.01867 6.33241 30.0005
    endloop
  endfacet
  facet normal 0 0 1
    outer loop
      vertex 3.41132 8.23566 30.0005
      vertex 3.19332 6.78615 30.0005
      vertex 3.19419 6.78567 30.0005
    endloop
  endfacet
  facet normal 0 0 1
    outer loop
      vertex 3.41132 8.23566 30.0005
      vertex 3.19239 6.78651 30.0005
      vertex 3.19332 6.78615 30.0005
    endloop
  endfacet
  facet normal 0 0 1
    outer loop
      vertex 3.41132 8.23566 30.0005
      vertex 2.31761 7.13286 30.0005
      vertex 3.19239 6.78651 30.0005
    endloop
  endfacet
  facet normal -0 0 1
    outer loop
      vertex 1.56356 7.47029 30.0005
      vertex 2.31761 7.13286 30.0005
      vertex 3.41132 8.23566 30.0005
    endloop
  endfacet
  facet normal 0 0 1
    outer loop
      vertex 2.31761 7.13286 30.0005
      vertex 1.56356 7.47029 30.0005
      vertex 1.63023 7.30935 30.0005
    endloop
  endfacet
  facet normal 0.382694 -0.923873 -0.0018553
    outer loop
      vertex 4.02747 6.32609 30
      vertex 4.17669 6.3879 30.0005
      vertex 4.0274 6.32606 30.0005
    endloop
  endfacet
  facet normal 0.382689 -0.923877 0
    outer loop
      vertex 4.02747 6.32609 0
      vertex 4.17669 6.3879 30.0005
      vertex 4.02747 6.32609 30
    endloop
  endfacet
  facet normal 0.382689 -0.923877 0
    outer loop
      vertex 4.17669 6.3879 30.0005
      vertex 4.02747 6.32609 0
      vertex 4.17669 6.3879 0
    endloop
  endfacet
  facet normal -0.92386 -0.382731 0
    outer loop
      vertex 1.6302 7.30943 0
      vertex 1.56356 7.47029 30.0005
      vertex 1.56356 7.47029 0
    endloop
  endfacet
  facet normal -0.92386 -0.382731 -0
    outer loop
      vertex 1.6302 7.30943 30
      vertex 1.56356 7.47029 30.0005
      vertex 1.6302 7.30943 0
    endloop
  endfacet
  facet normal -0.923851 -0.382709 -0.00580234
    outer loop
      vertex 1.56356 7.47029 30.0005
      vertex 1.6302 7.30943 30
      vertex 1.63023 7.30935 30.0005
    endloop
  endfacet
  facet normal 0.923879 0.382685 0
    outer loop
      vertex 4.17669 6.3879 30.0005
      vertex 3.41132 8.23566 0
      vertex 3.41132 8.23566 30.0005
    endloop
  endfacet
  facet normal 0.923879 0.382685 0
    outer loop
      vertex 3.41132 8.23566 0
      vertex 4.17669 6.3879 30.0005
      vertex 4.17669 6.3879 0
    endloop
  endfacet
  facet normal -0.382685 0.923879 0
    outer loop
      vertex 3.41132 8.23566 0
      vertex 1.56356 7.47029 30.0005
      vertex 3.41132 8.23566 30.0005
    endloop
  endfacet
  facet normal -0.382685 0.923879 0
    outer loop
      vertex 1.56356 7.47029 30.0005
      vertex 3.41132 8.23566 0
      vertex 1.56356 7.47029 0
    endloop
  endfacet
  facet normal 0 0 1
    outer loop
      vertex 1.41421 7.5 30.0005
      vertex 0.470924 7.48514 30.0005
      vertex 1.29522 7.381 30.0005
    endloop
  endfacet
  facet normal 0 0 1
    outer loop
      vertex 0 8.91421 30.0005
      vertex 0.470924 7.48514 30.0005
      vertex 1.41421 7.5 30.0005
    endloop
  endfacet
  facet normal 0 0 1
    outer loop
      vertex 0 8.91421 30.0005
      vertex -0.470924 7.48514 30.0005
      vertex 0.470924 7.48514 30.0005
    endloop
  endfacet
  facet normal -0 0 1
    outer loop
      vertex -1.41421 7.5 30.0005
      vertex -0.470924 7.48514 30.0005
      vertex 0 8.91421 30.0005
    endloop
  endfacet
  facet normal 0 0 1
    outer loop
      vertex -0.470924 7.48514 30.0005
      vertex -1.41421 7.5 30.0005
      vertex -1.29522 7.381 30.0005
    endloop
  endfacet
  facet normal 0.707107 -0.707107 0
    outer loop
      vertex 1.41421 7.5 30.0005
      vertex 1.29527 7.38106 30
      vertex 1.41421 7.5 0
    endloop
  endfacet
  facet normal 0.707066 -0.707006 -0.0141342
    outer loop
      vertex 1.29527 7.38106 30
      vertex 1.41421 7.5 30.0005
      vertex 1.29522 7.381 30.0005
    endloop
  endfacet
  facet normal 0.707107 -0.707107 0
    outer loop
      vertex 1.41421 7.5 0
      vertex 1.29527 7.38106 30
      vertex 1.29527 7.38106 0
    endloop
  endfacet
  facet normal -0.707107 -0.707107 0
    outer loop
      vertex -1.29527 7.38106 0
      vertex -1.41421 7.5 30.0005
      vertex -1.41421 7.5 0
    endloop
  endfacet
  facet normal -0.707107 -0.707107 -0
    outer loop
      vertex -1.29527 7.38106 30
      vertex -1.41421 7.5 30.0005
      vertex -1.29527 7.38106 0
    endloop
  endfacet
  facet normal -0.707066 -0.707006 -0.0141342
    outer loop
      vertex -1.41421 7.5 30.0005
      vertex -1.29527 7.38106 30
      vertex -1.29522 7.381 30.0005
    endloop
  endfacet
  facet normal 0.707107 0.707107 0
    outer loop
      vertex 1.41421 7.5 30.0005
      vertex 0 8.91421 0
      vertex 0 8.91421 30.0005
    endloop
  endfacet
  facet normal 0.707107 0.707107 0
    outer loop
      vertex 0 8.91421 0
      vertex 1.41421 7.5 30.0005
      vertex 1.41421 7.5 0
    endloop
  endfacet
  facet normal -0.707107 0.707107 0
    outer loop
      vertex -1.41421 7.5 0
      vertex 0 8.91421 30.0005
      vertex 0 8.91421 0
    endloop
  endfacet
  facet normal -0.707107 0.707107 0
    outer loop
      vertex 0 8.91421 30.0005
      vertex -1.41421 7.5 0
      vertex -1.41421 7.5 30.0005
    endloop
  endfacet
  facet normal 0 0 1
    outer loop
      vertex -1.56356 7.47029 30.0005
      vertex -2.31761 7.13286 30.0005
      vertex -1.63023 7.30935 30.0005
    endloop
  endfacet
  facet normal 0 0 1
    outer loop
      vertex -3.41132 8.23566 30.0005
      vertex -2.31761 7.13286 30.0005
      vertex -1.56356 7.47029 30.0005
    endloop
  endfacet
  facet normal 0 0 1
    outer loop
      vertex -2.31761 7.13286 30.0005
      vertex -3.41132 8.23566 30.0005
      vertex -3.19239 6.78651 30.0005
    endloop
  endfacet
  facet normal 0 0 1
    outer loop
      vertex -3.19239 6.78651 30.0005
      vertex -3.41132 8.23566 30.0005
      vertex -3.19332 6.78615 30.0005
    endloop
  endfacet
  facet normal 0 0 1
    outer loop
      vertex -3.41132 8.23566 30.0005
      vertex -3.19419 6.78567 30.0005
      vertex -3.19332 6.78615 30.0005
    endloop
  endfacet
  facet normal 0 0 1
    outer loop
      vertex -4.17669 6.3879 30.0005
      vertex -3.19419 6.78567 30.0005
      vertex -3.41132 8.23566 30.0005
    endloop
  endfacet
  facet normal 0 0 1
    outer loop
      vertex -3.19419 6.78567 30.0005
      vertex -4.17669 6.3879 30.0005
      vertex -4.01867 6.33241 30.0005
    endloop
  endfacet
  facet normal 0 0 1
    outer loop
      vertex -4.01867 6.33241 30.0005
      vertex -4.17669 6.3879 30.0005
      vertex -4.0274 6.32606 30.0005
    endloop
  endfacet
  facet normal 0.92386 -0.382731 0
    outer loop
      vertex -1.56356 7.47029 30.0005
      vertex -1.6302 7.30943 30
      vertex -1.56356 7.47029 0
    endloop
  endfacet
  facet normal 0.923851 -0.382709 -0.00580234
    outer loop
      vertex -1.6302 7.30943 30
      vertex -1.56356 7.47029 30.0005
      vertex -1.63023 7.30935 30.0005
    endloop
  endfacet
  facet normal 0.92386 -0.382731 0
    outer loop
      vertex -1.56356 7.47029 0
      vertex -1.6302 7.30943 30
      vertex -1.6302 7.30943 0
    endloop
  endfacet
  facet normal 0.382685 0.923879 -0
    outer loop
      vertex -1.56356 7.47029 0
      vertex -3.41132 8.23566 30.0005
      vertex -1.56356 7.47029 30.0005
    endloop
  endfacet
  facet normal 0.382685 0.923879 0
    outer loop
      vertex -3.41132 8.23566 30.0005
      vertex -1.56356 7.47029 0
      vertex -3.41132 8.23566 0
    endloop
  endfacet
  facet normal -0.382694 -0.923873 -0.0018553
    outer loop
      vertex -4.17669 6.3879 30.0005
      vertex -4.02747 6.32609 30
      vertex -4.0274 6.32606 30.0005
    endloop
  endfacet
  facet normal -0.382689 -0.923877 0
    outer loop
      vertex -4.17669 6.3879 0
      vertex -4.02747 6.32609 30
      vertex -4.17669 6.3879 30.0005
    endloop
  endfacet
  facet normal -0.382689 -0.923877 -0
    outer loop
      vertex -4.02747 6.32609 30
      vertex -4.17669 6.3879 0
      vertex -4.02747 6.32609 0
    endloop
  endfacet
  facet normal -0.923879 0.382685 0
    outer loop
      vertex -4.17669 6.3879 0
      vertex -3.41132 8.23566 30.0005
      vertex -3.41132 8.23566 0
    endloop
  endfacet
  facet normal -0.923879 0.382685 0
    outer loop
      vertex -3.41132 8.23566 30.0005
      vertex -4.17669 6.3879 0
      vertex -4.17669 6.3879 30.0005
    endloop
  endfacet
  facet normal 0 0 1
    outer loop
      vertex -4.3033 6.3033 30.0005
      vertex -4.77984 5.77938 30.0005
      vertex -4.3033 6.12561 30.0005
    endloop
  endfacet
  facet normal -0 0 1
    outer loop
      vertex -6.3033 6.3033 30.0005
      vertex -4.77984 5.77938 30.0005
      vertex -4.3033 6.3033 30.0005
    endloop
  endfacet
  facet normal 0 0 1
    outer loop
      vertex -4.77984 5.77938 30.0005
      vertex -6.3033 6.3033 30.0005
      vertex -4.78064 5.7788 30.0005
    endloop
  endfacet
  facet normal 0 0 1
    outer loop
      vertex -4.78064 5.7788 30.0005
      vertex -6.3033 6.3033 30.0005
      vertex -4.78136 5.77812 30.0005
    endloop
  endfacet
  facet normal 0 0 1
    outer loop
      vertex -4.78136 5.77812 30.0005
      vertex -6.3033 6.3033 30.0005
      vertex -5.46722 5.13406 30.0005
    endloop
  endfacet
  facet normal 0 0 1
    outer loop
      vertex -6.3033 6.3033 30.0005
      vertex -6.06694 4.40912 30.0005
      vertex -5.46722 5.13406 30.0005
    endloop
  endfacet
  facet normal 0 0 1
    outer loop
      vertex -6.3033 4.3033 30.0005
      vertex -6.06694 4.40912 30.0005
      vertex -6.3033 6.3033 30.0005
    endloop
  endfacet
  facet normal 0 0 1
    outer loop
      vertex -6.06694 4.40912 30.0005
      vertex -6.3033 4.3033 30.0005
      vertex -6.06758 4.40835 30.0005
    endloop
  endfacet
  facet normal 0 0 1
    outer loop
      vertex -6.06758 4.40835 30.0005
      vertex -6.3033 4.3033 30.0005
      vertex -6.13424 4.3033 30.0005
    endloop
  endfacet
  facet normal 1 0 0
    outer loop
      vertex -4.3033 6.3033 30.0005
      vertex -4.3033 6.12568 30
      vertex -4.3033 6.3033 0
    endloop
  endfacet
  facet normal 1 0 -0
    outer loop
      vertex -4.3033 6.12568 30
      vertex -4.3033 6.3033 30.0005
      vertex -4.3033 6.12561 30.0005
    endloop
  endfacet
  facet normal 1 0 0
    outer loop
      vertex -4.3033 6.3033 0
      vertex -4.3033 6.12568 30
      vertex -4.3033 6.12568 0
    endloop
  endfacet
  facet normal 0 -1 0
    outer loop
      vertex -6.3033 4.3033 30.0005
      vertex -6.13432 4.3033 30
      vertex -6.13424 4.3033 30.0005
    endloop
  endfacet
  facet normal 0 -1 0
    outer loop
      vertex -6.3033 4.3033 0
      vertex -6.13432 4.3033 30
      vertex -6.3033 4.3033 30.0005
    endloop
  endfacet
  facet normal 0 -1 -0
    outer loop
      vertex -6.13432 4.3033 30
      vertex -6.3033 4.3033 0
      vertex -6.13432 4.3033 0
    endloop
  endfacet
  facet normal 0 1 -0
    outer loop
      vertex -4.3033 6.3033 0
      vertex -6.3033 6.3033 30.0005
      vertex -4.3033 6.3033 30.0005
    endloop
  endfacet
  facet normal 0 1 0
    outer loop
      vertex -6.3033 6.3033 30.0005
      vertex -4.3033 6.3033 0
      vertex -6.3033 6.3033 0
    endloop
  endfacet
  facet normal -1 0 0
    outer loop
      vertex -6.3033 4.3033 0
      vertex -6.3033 6.3033 30.0005
      vertex -6.3033 6.3033 0
    endloop
  endfacet
  facet normal -1 -0 0
    outer loop
      vertex -6.3033 6.3033 30.0005
      vertex -6.3033 4.3033 0
      vertex -6.3033 4.3033 30.0005
    endloop
  endfacet
  facet normal -0.923879 -0.382685 0
    outer loop
      vertex -7.47029 1.56356 0
      vertex -8.23566 3.41132 30.0005
      vertex -8.23566 3.41132 0
    endloop
  endfacet
  facet normal -0.923879 -0.382685 0
    outer loop
      vertex -8.23566 3.41132 30.0005
      vertex -7.47029 1.56356 0
      vertex -7.47029 1.56356 30.0005
    endloop
  endfacet
  facet normal 0 0 1
    outer loop
      vertex -6.3879 4.17669 30.0005
      vertex -6.57171 3.61396 30.0005
      vertex -6.31946 4.01145 30.0005
    endloop
  endfacet
  facet normal 0 0 1
    outer loop
      vertex -8.23566 3.41132 30.0005
      vertex -6.57171 3.61396 30.0005
      vertex -6.3879 4.17669 30.0005
    endloop
  endfacet
  facet normal 0 0 1
    outer loop
      vertex -6.57171 3.61396 30.0005
      vertex -8.23566 3.41132 30.0005
      vertex -6.57224 3.61312 30.0005
    endloop
  endfacet
  facet normal 0 0 1
    outer loop
      vertex -6.57224 3.61312 30.0005
      vertex -8.23566 3.41132 30.0005
      vertex -6.57267 3.61222 30.0005
    endloop
  endfacet
  facet normal 0 0 1
    outer loop
      vertex -8.23566 3.41132 30.0005
      vertex -7.264 1.8661 30.0005
      vertex -6.97326 2.76091 30.0005
    endloop
  endfacet
  facet normal 0 0 1
    outer loop
      vertex -7.26431 1.86516 30.0005
      vertex -7.47029 1.56356 30.0005
      vertex -7.30911 1.63033 30.0005
    endloop
  endfacet
  facet normal 0 -0 1
    outer loop
      vertex -7.47029 1.56356 30.0005
      vertex -7.264 1.8661 30.0005
      vertex -8.23566 3.41132 30.0005
    endloop
  endfacet
  facet normal 0 0 1
    outer loop
      vertex -6.57267 3.61222 30.0005
      vertex -8.23566 3.41132 30.0005
      vertex -6.97326 2.76091 30.0005
    endloop
  endfacet
  facet normal 0 0 1
    outer loop
      vertex -7.264 1.8661 30.0005
      vertex -7.47029 1.56356 30.0005
      vertex -7.26431 1.86516 30.0005
    endloop
  endfacet
  facet normal 0.923891 0.382656 0
    outer loop
      vertex -6.3879 4.17669 30.0005
      vertex -6.31949 4.01152 30
      vertex -6.3879 4.17669 0
    endloop
  endfacet
  facet normal 0.923887 0.382661 -0.00186075
    outer loop
      vertex -6.31949 4.01152 30
      vertex -6.3879 4.17669 30.0005
      vertex -6.31946 4.01145 30.0005
    endloop
  endfacet
  facet normal 0.923891 0.382656 0
    outer loop
      vertex -6.3879 4.17669 0
      vertex -6.31949 4.01152 30
      vertex -6.31949 4.01152 0
    endloop
  endfacet
  facet normal 0.382717 -0.923864 0.0018514
    outer loop
      vertex -7.47029 1.56356 30.0005
      vertex -7.30918 1.6303 30
      vertex -7.30911 1.63033 30.0005
    endloop
  endfacet
  facet normal 0.382713 -0.923867 0
    outer loop
      vertex -7.47029 1.56356 0
      vertex -7.30918 1.6303 30
      vertex -7.47029 1.56356 30.0005
    endloop
  endfacet
  facet normal 0.382713 -0.923867 0
    outer loop
      vertex -7.30918 1.6303 30
      vertex -7.47029 1.56356 0
      vertex -7.30918 1.6303 0
    endloop
  endfacet
  facet normal -0.382685 0.923879 0
    outer loop
      vertex -6.3879 4.17669 0
      vertex -8.23566 3.41132 30.0005
      vertex -6.3879 4.17669 30.0005
    endloop
  endfacet
  facet normal -0.382685 0.923879 0
    outer loop
      vertex -8.23566 3.41132 30.0005
      vertex -6.3879 4.17669 0
      vertex -8.23566 3.41132 0
    endloop
  endfacet
  facet normal -0.707107 -0.707107 0
    outer loop
      vertex -7.5 -1.41421 0
      vertex -8.91421 0 30.0005
      vertex -8.91421 0 0
    endloop
  endfacet
  facet normal -0.707107 -0.707107 0
    outer loop
      vertex -8.91421 0 30.0005
      vertex -7.5 -1.41421 0
      vertex -7.5 -1.41421 30.0005
    endloop
  endfacet
  facet normal 0 0 1
    outer loop
      vertex -8.91421 0 30.0005
      vertex -7.49987 0.00099157 30.0005
      vertex -7.4408 0.939991 30.0005
    endloop
  endfacet
  facet normal 0 0 1
    outer loop
      vertex -8.91421 0 30.0005
      vertex -7.4408 0.939991 30.0005
      vertex -7.5 1.41421 30.0005
    endloop
  endfacet
  facet normal 0 0 1
    outer loop
      vertex -7.44061 0.940967 30.0005
      vertex -7.5 1.41421 30.0005
      vertex -7.4408 0.939991 30.0005
    endloop
  endfacet
  facet normal 0 0 1
    outer loop
      vertex -7.5 1.41421 30.0005
      vertex -7.44061 0.940967 30.0005
      vertex -7.37431 1.28852 30.0005
    endloop
  endfacet
  facet normal -0 0 1
    outer loop
      vertex -8.91421 0 30.0005
      vertex -7.49987 -0.00099157 30.0005
      vertex -7.49994 0 30.0005
    endloop
  endfacet
  facet normal 0 0 1
    outer loop
      vertex -7.44061 -0.940967 30.0005
      vertex -7.5 -1.41421 30.0005
      vertex -7.37431 -1.28852 30.0005
    endloop
  endfacet
  facet normal 0 0 1
    outer loop
      vertex -7.4408 -0.939991 30.0005
      vertex -7.5 -1.41421 30.0005
      vertex -7.44061 -0.940967 30.0005
    endloop
  endfacet
  facet normal 0 0 1
    outer loop
      vertex -7.49987 -0.00099157 30.0005
      vertex -8.91421 0 30.0005
      vertex -7.4408 -0.939991 30.0005
    endloop
  endfacet
  facet normal 0 0 1
    outer loop
      vertex -7.49987 0.00099157 30.0005
      vertex -8.91421 0 30.0005
      vertex -7.49994 0 30.0005
    endloop
  endfacet
  facet normal 0 0 1
    outer loop
      vertex -7.4408 -0.939991 30.0005
      vertex -8.91421 0 30.0005
      vertex -7.5 -1.41421 30.0005
    endloop
  endfacet
  facet normal 0.707079 0.707135 0
    outer loop
      vertex -7.5 1.41421 30.0005
      vertex -7.37436 1.28858 30
      vertex -7.5 1.41421 0
    endloop
  endfacet
  facet normal 0.707036 0.707036 0.0141407
    outer loop
      vertex -7.37436 1.28858 30
      vertex -7.5 1.41421 30.0005
      vertex -7.37431 1.28852 30.0005
    endloop
  endfacet
  facet normal 0.707079 0.707135 0
    outer loop
      vertex -7.5 1.41421 0
      vertex -7.37436 1.28858 30
      vertex -7.37436 1.28858 0
    endloop
  endfacet
  facet normal 0.707036 -0.707036 0.0141407
    outer loop
      vertex -7.5 -1.41421 30.0005
      vertex -7.37436 -1.28858 30
      vertex -7.37431 -1.28852 30.0005
    endloop
  endfacet
  facet normal 0.707079 -0.707135 0
    outer loop
      vertex -7.5 -1.41421 30.0005
      vertex -7.37436 -1.28858 0
      vertex -7.37436 -1.28858 30
    endloop
  endfacet
  facet normal 0.707079 -0.707135 0
    outer loop
      vertex -7.37436 -1.28858 0
      vertex -7.5 -1.41421 30.0005
      vertex -7.5 -1.41421 0
    endloop
  endfacet
  facet normal -0.707107 0.707107 0
    outer loop
      vertex -8.91421 0 0
      vertex -7.5 1.41421 30.0005
      vertex -7.5 1.41421 0
    endloop
  endfacet
  facet normal -0.707107 0.707107 0
    outer loop
      vertex -7.5 1.41421 30.0005
      vertex -8.91421 0 0
      vertex -8.91421 0 30.0005
    endloop
  endfacet
  facet normal -0.382685 -0.923879 0
    outer loop
      vertex -8.23566 -3.41132 0
      vertex -6.3879 -4.17669 30.0005
      vertex -8.23566 -3.41132 30.0005
    endloop
  endfacet
  facet normal -0.382685 -0.923879 -0
    outer loop
      vertex -6.3879 -4.17669 30.0005
      vertex -8.23566 -3.41132 0
      vertex -6.3879 -4.17669 0
    endloop
  endfacet
  facet normal 0 0 1
    outer loop
      vertex -6.57171 -3.61396 30.0005
      vertex -6.3879 -4.17669 30.0005
      vertex -6.31946 -4.01145 30.0005
    endloop
  endfacet
  facet normal 0 0 1
    outer loop
      vertex -8.23566 -3.41132 30.0005
      vertex -6.57171 -3.61396 30.0005
      vertex -6.57224 -3.61312 30.0005
    endloop
  endfacet
  facet normal 0 0 1
    outer loop
      vertex -8.23566 -3.41132 30.0005
      vertex -6.57224 -3.61312 30.0005
      vertex -6.57267 -3.61222 30.0005
    endloop
  endfacet
  facet normal -0 0 1
    outer loop
      vertex -8.23566 -3.41132 30.0005
      vertex -6.57267 -3.61222 30.0005
      vertex -6.97326 -2.76091 30.0005
    endloop
  endfacet
  facet normal 0 0 1
    outer loop
      vertex -7.47029 -1.56356 30.0005
      vertex -7.264 -1.8661 30.0005
      vertex -7.26431 -1.86516 30.0005
    endloop
  endfacet
  facet normal 0 0 1
    outer loop
      vertex -7.47029 -1.56356 30.0005
      vertex -7.26431 -1.86516 30.0005
      vertex -7.30911 -1.63033 30.0005
    endloop
  endfacet
  facet normal 0 0 1
    outer loop
      vertex -7.264 -1.8661 30.0005
      vertex -7.47029 -1.56356 30.0005
      vertex -8.23566 -3.41132 30.0005
    endloop
  endfacet
  facet normal 0 0 1
    outer loop
      vertex -7.264 -1.8661 30.0005
      vertex -8.23566 -3.41132 30.0005
      vertex -6.97326 -2.76091 30.0005
    endloop
  endfacet
  facet normal 0 0 1
    outer loop
      vertex -6.57171 -3.61396 30.0005
      vertex -8.23566 -3.41132 30.0005
      vertex -6.3879 -4.17669 30.0005
    endloop
  endfacet
  facet normal 0.382717 0.923864 0.0018514
    outer loop
      vertex -7.30918 -1.6303 30
      vertex -7.47029 -1.56356 30.0005
      vertex -7.30911 -1.63033 30.0005
    endloop
  endfacet
  facet normal 0.382713 0.923867 -0
    outer loop
      vertex -7.30918 -1.6303 0
      vertex -7.47029 -1.56356 30.0005
      vertex -7.30918 -1.6303 30
    endloop
  endfacet
  facet normal 0.382713 0.923867 0
    outer loop
      vertex -7.47029 -1.56356 30.0005
      vertex -7.30918 -1.6303 0
      vertex -7.47029 -1.56356 0
    endloop
  endfacet
  facet normal 0.923887 -0.382661 -0.00186075
    outer loop
      vertex -6.3879 -4.17669 30.0005
      vertex -6.31949 -4.01152 30
      vertex -6.31946 -4.01145 30.0005
    endloop
  endfacet
  facet normal 0.923891 -0.382656 0
    outer loop
      vertex -6.3879 -4.17669 30.0005
      vertex -6.31949 -4.01152 0
      vertex -6.31949 -4.01152 30
    endloop
  endfacet
  facet normal 0.923891 -0.382656 0
    outer loop
      vertex -6.31949 -4.01152 0
      vertex -6.3879 -4.17669 30.0005
      vertex -6.3879 -4.17669 0
    endloop
  endfacet
  facet normal -0.923879 0.382685 0
    outer loop
      vertex -8.23566 -3.41132 0
      vertex -7.47029 -1.56356 30.0005
      vertex -7.47029 -1.56356 0
    endloop
  endfacet
  facet normal -0.923879 0.382685 0
    outer loop
      vertex -7.47029 -1.56356 30.0005
      vertex -8.23566 -3.41132 0
      vertex -8.23566 -3.41132 30.0005
    endloop
  endfacet
  facet normal 0 -1 0
    outer loop
      vertex -6.3033 -6.3033 0
      vertex -4.3033 -6.3033 30.0005
      vertex -6.3033 -6.3033 30.0005
    endloop
  endfacet
  facet normal 0 -1 -0
    outer loop
      vertex -4.3033 -6.3033 30.0005
      vertex -6.3033 -6.3033 0
      vertex -4.3033 -6.3033 0
    endloop
  endfacet
  facet normal 0 0 1
    outer loop
      vertex -4.77984 -5.77938 30.0005
      vertex -4.3033 -6.3033 30.0005
      vertex -4.3033 -6.12561 30.0005
    endloop
  endfacet
  facet normal 0 0 1
    outer loop
      vertex -6.3033 -6.3033 30.0005
      vertex -4.77984 -5.77938 30.0005
      vertex -4.78064 -5.7788 30.0005
    endloop
  endfacet
  facet normal 0 0 1
    outer loop
      vertex -6.3033 -6.3033 30.0005
      vertex -4.78064 -5.7788 30.0005
      vertex -4.78136 -5.77812 30.0005
    endloop
  endfacet
  facet normal 0 0 1
    outer loop
      vertex -6.3033 -6.3033 30.0005
      vertex -4.78136 -5.77812 30.0005
      vertex -5.46722 -5.13406 30.0005
    endloop
  endfacet
  facet normal -0 0 1
    outer loop
      vertex -6.3033 -4.3033 30.0005
      vertex -6.06758 -4.40835 30.0005
      vertex -6.13424 -4.3033 30.0005
    endloop
  endfacet
  facet normal 0 0 1
    outer loop
      vertex -6.3033 -4.3033 30.0005
      vertex -6.06694 -4.40912 30.0005
      vertex -6.06758 -4.40835 30.0005
    endloop
  endfacet
  facet normal 0 0 1
    outer loop
      vertex -6.3033 -6.3033 30.0005
      vertex -6.06694 -4.40912 30.0005
      vertex -6.3033 -4.3033 30.0005
    endloop
  endfacet
  facet normal 0 0 1
    outer loop
      vertex -6.06694 -4.40912 30.0005
      vertex -6.3033 -6.3033 30.0005
      vertex -5.46722 -5.13406 30.0005
    endloop
  endfacet
  facet normal 0 0 1
    outer loop
      vertex -4.77984 -5.77938 30.0005
      vertex -6.3033 -6.3033 30.0005
      vertex -4.3033 -6.3033 30.0005
    endloop
  endfacet
  facet normal 0 1 -0
    outer loop
      vertex -6.13432 -4.3033 30
      vertex -6.3033 -4.3033 30.0005
      vertex -6.13424 -4.3033 30.0005
    endloop
  endfacet
  facet normal 0 1 -0
    outer loop
      vertex -6.13432 -4.3033 0
      vertex -6.3033 -4.3033 30.0005
      vertex -6.13432 -4.3033 30
    endloop
  endfacet
  facet normal 0 1 0
    outer loop
      vertex -6.3033 -4.3033 30.0005
      vertex -6.13432 -4.3033 0
      vertex -6.3033 -4.3033 0
    endloop
  endfacet
  facet normal 1 -0 0
    outer loop
      vertex -4.3033 -6.3033 30.0005
      vertex -4.3033 -6.12568 30
      vertex -4.3033 -6.12561 30.0005
    endloop
  endfacet
  facet normal 1 0 0
    outer loop
      vertex -4.3033 -6.3033 30.0005
      vertex -4.3033 -6.12568 0
      vertex -4.3033 -6.12568 30
    endloop
  endfacet
  facet normal 1 0 0
    outer loop
      vertex -4.3033 -6.12568 0
      vertex -4.3033 -6.3033 30.0005
      vertex -4.3033 -6.3033 0
    endloop
  endfacet
  facet normal -1 0 0
    outer loop
      vertex -6.3033 -6.3033 0
      vertex -6.3033 -4.3033 30.0005
      vertex -6.3033 -4.3033 0
    endloop
  endfacet
  facet normal -1 -0 0
    outer loop
      vertex -6.3033 -4.3033 30.0005
      vertex -6.3033 -6.3033 0
      vertex -6.3033 -6.3033 30.0005
    endloop
  endfacet
  facet normal 0.382685 -0.923879 0
    outer loop
      vertex -3.41132 -8.23566 0
      vertex -1.56356 -7.47029 30.0005
      vertex -3.41132 -8.23566 30.0005
    endloop
  endfacet
  facet normal 0.382685 -0.923879 0
    outer loop
      vertex -1.56356 -7.47029 30.0005
      vertex -3.41132 -8.23566 0
      vertex -1.56356 -7.47029 0
    endloop
  endfacet
  facet normal 0 0 1
    outer loop
      vertex -2.31761 -7.13286 30.0005
      vertex -1.56356 -7.47029 30.0005
      vertex -1.63023 -7.30935 30.0005
    endloop
  endfacet
  facet normal 0 0 1
    outer loop
      vertex -3.41132 -8.23566 30.0005
      vertex -2.31761 -7.13286 30.0005
      vertex -3.19239 -6.78651 30.0005
    endloop
  endfacet
  facet normal 0 0 1
    outer loop
      vertex -3.41132 -8.23566 30.0005
      vertex -3.19239 -6.78651 30.0005
      vertex -3.19332 -6.78615 30.0005
    endloop
  endfacet
  facet normal 0 0 1
    outer loop
      vertex -2.31761 -7.13286 30.0005
      vertex -3.41132 -8.23566 30.0005
      vertex -1.56356 -7.47029 30.0005
    endloop
  endfacet
  facet normal 0 0 1
    outer loop
      vertex -3.19419 -6.78567 30.0005
      vertex -3.41132 -8.23566 30.0005
      vertex -3.19332 -6.78615 30.0005
    endloop
  endfacet
  facet normal -0 0 1
    outer loop
      vertex -4.17669 -6.3879 30.0005
      vertex -3.19419 -6.78567 30.0005
      vertex -4.01867 -6.33241 30.0005
    endloop
  endfacet
  facet normal 0 0 1
    outer loop
      vertex -4.17669 -6.3879 30.0005
      vertex -4.01867 -6.33241 30.0005
      vertex -4.0274 -6.32606 30.0005
    endloop
  endfacet
  facet normal 0 0 1
    outer loop
      vertex -3.19419 -6.78567 30.0005
      vertex -4.17669 -6.3879 30.0005
      vertex -3.41132 -8.23566 30.0005
    endloop
  endfacet
  facet normal -0.382694 0.923873 -0.0018553
    outer loop
      vertex -4.02747 -6.32609 30
      vertex -4.17669 -6.3879 30.0005
      vertex -4.0274 -6.32606 30.0005
    endloop
  endfacet
  facet normal -0.382689 0.923877 0
    outer loop
      vertex -4.02747 -6.32609 0
      vertex -4.17669 -6.3879 30.0005
      vertex -4.02747 -6.32609 30
    endloop
  endfacet
  facet normal -0.382689 0.923877 0
    outer loop
      vertex -4.17669 -6.3879 30.0005
      vertex -4.02747 -6.32609 0
      vertex -4.17669 -6.3879 0
    endloop
  endfacet
  facet normal 0.923851 0.382709 -0.00580234
    outer loop
      vertex -1.56356 -7.47029 30.0005
      vertex -1.6302 -7.30943 30
      vertex -1.63023 -7.30935 30.0005
    endloop
  endfacet
  facet normal 0.92386 0.382731 0
    outer loop
      vertex -1.56356 -7.47029 30.0005
      vertex -1.6302 -7.30943 0
      vertex -1.6302 -7.30943 30
    endloop
  endfacet
  facet normal 0.92386 0.382731 0
    outer loop
      vertex -1.6302 -7.30943 0
      vertex -1.56356 -7.47029 30.0005
      vertex -1.56356 -7.47029 0
    endloop
  endfacet
  facet normal -0.923879 -0.382685 0
    outer loop
      vertex -3.41132 -8.23566 0
      vertex -4.17669 -6.3879 30.0005
      vertex -4.17669 -6.3879 0
    endloop
  endfacet
  facet normal -0.923879 -0.382685 0
    outer loop
      vertex -4.17669 -6.3879 30.0005
      vertex -3.41132 -8.23566 0
      vertex -3.41132 -8.23566 30.0005
    endloop
  endfacet
  facet normal 0.707107 -0.707107 0
    outer loop
      vertex 0 -8.91421 30.0005
      vertex 1.41421 -7.5 0
      vertex 1.41421 -7.5 30.0005
    endloop
  endfacet
  facet normal 0.707107 -0.707107 0
    outer loop
      vertex 1.41421 -7.5 0
      vertex 0 -8.91421 30.0005
      vertex 0 -8.91421 0
    endloop
  endfacet
  facet normal -0 0 1
    outer loop
      vertex 0.470924 -7.48514 30.0005
      vertex 1.41421 -7.5 30.0005
      vertex 1.29522 -7.381 30.0005
    endloop
  endfacet
  facet normal 0 0 1
    outer loop
      vertex 0.470924 -7.48514 30.0005
      vertex 0 -8.91421 30.0005
      vertex 1.41421 -7.5 30.0005
    endloop
  endfacet
  facet normal -0 0 1
    outer loop
      vertex -0.470924 -7.48514 30.0005
      vertex 0 -8.91421 30.0005
      vertex 0.470924 -7.48514 30.0005
    endloop
  endfacet
  facet normal 0 0 1
    outer loop
      vertex -1.41421 -7.5 30.0005
      vertex -0.470924 -7.48514 30.0005
      vertex -1.29522 -7.381 30.0005
    endloop
  endfacet
  facet normal 0 0 1
    outer loop
      vertex -0.470924 -7.48514 30.0005
      vertex -1.41421 -7.5 30.0005
      vertex 0 -8.91421 30.0005
    endloop
  endfacet
  facet normal -0.707107 0.707107 0
    outer loop
      vertex -1.29527 -7.38106 0
      vertex -1.41421 -7.5 0
      vertex -1.29527 -7.38106 30
    endloop
  endfacet
  facet normal -0.707066 0.707006 -0.0141342
    outer loop
      vertex -1.29527 -7.38106 30
      vertex -1.41421 -7.5 30.0005
      vertex -1.29522 -7.381 30.0005
    endloop
  endfacet
  facet normal -0.707107 0.707107 0
    outer loop
      vertex -1.41421 -7.5 30.0005
      vertex -1.29527 -7.38106 30
      vertex -1.41421 -7.5 0
    endloop
  endfacet
  facet normal 0.707066 0.707006 -0.0141342
    outer loop
      vertex 1.41421 -7.5 30.0005
      vertex 1.29527 -7.38106 30
      vertex 1.29522 -7.381 30.0005
    endloop
  endfacet
  facet normal 0.707107 0.707107 0
    outer loop
      vertex 1.41421 -7.5 30.0005
      vertex 1.29527 -7.38106 0
      vertex 1.29527 -7.38106 30
    endloop
  endfacet
  facet normal 0.707107 0.707107 0
    outer loop
      vertex 1.29527 -7.38106 0
      vertex 1.41421 -7.5 30.0005
      vertex 1.41421 -7.5 0
    endloop
  endfacet
  facet normal -0.707107 -0.707107 0
    outer loop
      vertex 0 -8.91421 0
      vertex -1.41421 -7.5 30.0005
      vertex -1.41421 -7.5 0
    endloop
  endfacet
  facet normal -0.707107 -0.707107 0
    outer loop
      vertex -1.41421 -7.5 30.0005
      vertex 0 -8.91421 0
      vertex 0 -8.91421 30.0005
    endloop
  endfacet
  facet normal 0.923879 -0.382685 0
    outer loop
      vertex 3.41132 -8.23566 30.0005
      vertex 4.17669 -6.3879 0
      vertex 4.17669 -6.3879 30.0005
    endloop
  endfacet
  facet normal 0.923879 -0.382685 0
    outer loop
      vertex 4.17669 -6.3879 0
      vertex 3.41132 -8.23566 30.0005
      vertex 3.41132 -8.23566 0
    endloop
  endfacet
  facet normal -0 0 1
    outer loop
      vertex 4.01867 -6.33241 30.0005
      vertex 4.17669 -6.3879 30.0005
      vertex 4.0274 -6.32606 30.0005
    endloop
  endfacet
  facet normal 0 0 1
    outer loop
      vertex 3.19419 -6.78567 30.0005
      vertex 4.17669 -6.3879 30.0005
      vertex 4.01867 -6.33241 30.0005
    endloop
  endfacet
  facet normal 0 0 1
    outer loop
      vertex 4.17669 -6.3879 30.0005
      vertex 3.19419 -6.78567 30.0005
      vertex 3.41132 -8.23566 30.0005
    endloop
  endfacet
  facet normal -0 0 1
    outer loop
      vertex 3.19332 -6.78615 30.0005
      vertex 3.41132 -8.23566 30.0005
      vertex 3.19419 -6.78567 30.0005
    endloop
  endfacet
  facet normal -0 0 1
    outer loop
      vertex 3.19239 -6.78651 30.0005
      vertex 3.41132 -8.23566 30.0005
      vertex 3.19332 -6.78615 30.0005
    endloop
  endfacet
  facet normal -0 0 1
    outer loop
      vertex 2.31761 -7.13286 30.0005
      vertex 3.41132 -8.23566 30.0005
      vertex 3.19239 -6.78651 30.0005
    endloop
  endfacet
  facet normal 0 0 1
    outer loop
      vertex 1.56356 -7.47029 30.0005
      vertex 2.31761 -7.13286 30.0005
      vertex 1.63023 -7.30935 30.0005
    endloop
  endfacet
  facet normal 0 0 1
    outer loop
      vertex 2.31761 -7.13286 30.0005
      vertex 1.56356 -7.47029 30.0005
      vertex 3.41132 -8.23566 30.0005
    endloop
  endfacet
  facet normal -0.92386 0.382731 0
    outer loop
      vertex 1.6302 -7.30943 0
      vertex 1.56356 -7.47029 0
      vertex 1.6302 -7.30943 30
    endloop
  endfacet
  facet normal -0.923851 0.382709 -0.00580234
    outer loop
      vertex 1.6302 -7.30943 30
      vertex 1.56356 -7.47029 30.0005
      vertex 1.63023 -7.30935 30.0005
    endloop
  endfacet
  facet normal -0.92386 0.382731 0
    outer loop
      vertex 1.56356 -7.47029 30.0005
      vertex 1.6302 -7.30943 30
      vertex 1.56356 -7.47029 0
    endloop
  endfacet
  facet normal 0.382694 0.923873 -0.0018553
    outer loop
      vertex 4.17669 -6.3879 30.0005
      vertex 4.02747 -6.32609 30
      vertex 4.0274 -6.32606 30.0005
    endloop
  endfacet
  facet normal 0.382689 0.923877 -0
    outer loop
      vertex 4.17669 -6.3879 0
      vertex 4.02747 -6.32609 30
      vertex 4.17669 -6.3879 30.0005
    endloop
  endfacet
  facet normal 0.382689 0.923877 0
    outer loop
      vertex 4.02747 -6.32609 30
      vertex 4.17669 -6.3879 0
      vertex 4.02747 -6.32609 0
    endloop
  endfacet
  facet normal -0.382685 -0.923879 0
    outer loop
      vertex 1.56356 -7.47029 0
      vertex 3.41132 -8.23566 30.0005
      vertex 1.56356 -7.47029 30.0005
    endloop
  endfacet
  facet normal -0.382685 -0.923879 -0
    outer loop
      vertex 3.41132 -8.23566 30.0005
      vertex 1.56356 -7.47029 0
      vertex 3.41132 -8.23566 0
    endloop
  endfacet
  facet normal 1 -0 0
    outer loop
      vertex 6.3033 -6.3033 30.0005
      vertex 6.3033 -4.3033 0
      vertex 6.3033 -4.3033 30.0005
    endloop
  endfacet
  facet normal 1 0 0
    outer loop
      vertex 6.3033 -4.3033 0
      vertex 6.3033 -6.3033 30.0005
      vertex 6.3033 -6.3033 0
    endloop
  endfacet
  facet normal 0 0 1
    outer loop
      vertex 6.06758 -4.40835 30.0005
      vertex 6.3033 -4.3033 30.0005
      vertex 6.13424 -4.3033 30.0005
    endloop
  endfacet
  facet normal 0 0 1
    outer loop
      vertex 6.06694 -4.40912 30.0005
      vertex 6.3033 -4.3033 30.0005
      vertex 6.06758 -4.40835 30.0005
    endloop
  endfacet
  facet normal 0 0 1
    outer loop
      vertex 6.3033 -4.3033 30.0005
      vertex 6.06694 -4.40912 30.0005
      vertex 6.3033 -6.3033 30.0005
    endloop
  endfacet
  facet normal -0 0 1
    outer loop
      vertex 5.46722 -5.13406 30.0005
      vertex 6.3033 -6.3033 30.0005
      vertex 6.06694 -4.40912 30.0005
    endloop
  endfacet
  facet normal -0 0 1
    outer loop
      vertex 4.78136 -5.77812 30.0005
      vertex 6.3033 -6.3033 30.0005
      vertex 5.46722 -5.13406 30.0005
    endloop
  endfacet
  facet normal -0 0 1
    outer loop
      vertex 4.78064 -5.7788 30.0005
      vertex 6.3033 -6.3033 30.0005
      vertex 4.78136 -5.77812 30.0005
    endloop
  endfacet
  facet normal -0 0 1
    outer loop
      vertex 4.77984 -5.77938 30.0005
      vertex 6.3033 -6.3033 30.0005
      vertex 4.78064 -5.7788 30.0005
    endloop
  endfacet
  facet normal 0 0 1
    outer loop
      vertex 4.3033 -6.3033 30.0005
      vertex 4.77984 -5.77938 30.0005
      vertex 4.3033 -6.12561 30.0005
    endloop
  endfacet
  facet normal 0 0 1
    outer loop
      vertex 4.77984 -5.77938 30.0005
      vertex 4.3033 -6.3033 30.0005
      vertex 6.3033 -6.3033 30.0005
    endloop
  endfacet
  facet normal -1 0 0
    outer loop
      vertex 4.3033 -6.12568 0
      vertex 4.3033 -6.3033 0
      vertex 4.3033 -6.12568 30
    endloop
  endfacet
  facet normal -1 0 0
    outer loop
      vertex 4.3033 -6.12568 30
      vertex 4.3033 -6.3033 30.0005
      vertex 4.3033 -6.12561 30.0005
    endloop
  endfacet
  facet normal -1 0 0
    outer loop
      vertex 4.3033 -6.3033 30.0005
      vertex 4.3033 -6.12568 30
      vertex 4.3033 -6.3033 0
    endloop
  endfacet
  facet normal 0 1 0
    outer loop
      vertex 6.3033 -4.3033 30.0005
      vertex 6.13432 -4.3033 30
      vertex 6.13424 -4.3033 30.0005
    endloop
  endfacet
  facet normal 0 1 -0
    outer loop
      vertex 6.3033 -4.3033 0
      vertex 6.13432 -4.3033 30
      vertex 6.3033 -4.3033 30.0005
    endloop
  endfacet
  facet normal 0 1 0
    outer loop
      vertex 6.13432 -4.3033 30
      vertex 6.3033 -4.3033 0
      vertex 6.13432 -4.3033 0
    endloop
  endfacet
  facet normal 0 -1 0
    outer loop
      vertex 4.3033 -6.3033 0
      vertex 6.3033 -6.3033 30.0005
      vertex 4.3033 -6.3033 30.0005
    endloop
  endfacet
  facet normal 0 -1 -0
    outer loop
      vertex 6.3033 -6.3033 30.0005
      vertex 4.3033 -6.3033 0
      vertex 6.3033 -6.3033 0
    endloop
  endfacet
  facet normal 0 0 1
    outer loop
      vertex 7.26431 -1.86516 30.0005
      vertex 7.47029 -1.56356 30.0005
      vertex 7.30911 -1.63033 30.0005
    endloop
  endfacet
  facet normal 0 0 1
    outer loop
      vertex 7.264 -1.8661 30.0005
      vertex 7.47029 -1.56356 30.0005
      vertex 7.26431 -1.86516 30.0005
    endloop
  endfacet
  facet normal 0 0 1
    outer loop
      vertex 7.47029 -1.56356 30.0005
      vertex 7.264 -1.8661 30.0005
      vertex 8.23566 -3.41132 30.0005
    endloop
  endfacet
  facet normal -0 0 1
    outer loop
      vertex 6.97326 -2.76091 30.0005
      vertex 8.23566 -3.41132 30.0005
      vertex 7.264 -1.8661 30.0005
    endloop
  endfacet
  facet normal 0 0 1
    outer loop
      vertex 6.57267 -3.61222 30.0005
      vertex 8.23566 -3.41132 30.0005
      vertex 6.97326 -2.76091 30.0005
    endloop
  endfacet
  facet normal 0 0 1
    outer loop
      vertex 6.57224 -3.61312 30.0005
      vertex 8.23566 -3.41132 30.0005
      vertex 6.57267 -3.61222 30.0005
    endloop
  endfacet
  facet normal 0 0 1
    outer loop
      vertex 6.57171 -3.61396 30.0005
      vertex 8.23566 -3.41132 30.0005
      vertex 6.57224 -3.61312 30.0005
    endloop
  endfacet
  facet normal -0 0 1
    outer loop
      vertex 6.57171 -3.61396 30.0005
      vertex 6.3879 -4.17669 30.0005
      vertex 8.23566 -3.41132 30.0005
    endloop
  endfacet
  facet normal 0 -0 1
    outer loop
      vertex 6.3879 -4.17669 30.0005
      vertex 6.57171 -3.61396 30.0005
      vertex 6.31946 -4.01145 30.0005
    endloop
  endfacet
  facet normal -0.923891 -0.382656 0
    outer loop
      vertex 6.31949 -4.01152 0
      vertex 6.3879 -4.17669 0
      vertex 6.31949 -4.01152 30
    endloop
  endfacet
  facet normal -0.923887 -0.382661 -0.00186075
    outer loop
      vertex 6.31949 -4.01152 30
      vertex 6.3879 -4.17669 30.0005
      vertex 6.31946 -4.01145 30.0005
    endloop
  endfacet
  facet normal -0.923891 -0.382656 -0
    outer loop
      vertex 6.3879 -4.17669 30.0005
      vertex 6.31949 -4.01152 30
      vertex 6.3879 -4.17669 0
    endloop
  endfacet
  facet normal -0.382717 0.923864 0.0018514
    outer loop
      vertex 7.47029 -1.56356 30.0005
      vertex 7.30918 -1.6303 30
      vertex 7.30911 -1.63033 30.0005
    endloop
  endfacet
  facet normal -0.382713 0.923867 0
    outer loop
      vertex 7.47029 -1.56356 0
      vertex 7.30918 -1.6303 30
      vertex 7.47029 -1.56356 30.0005
    endloop
  endfacet
  facet normal -0.382713 0.923867 0
    outer loop
      vertex 7.30918 -1.6303 30
      vertex 7.47029 -1.56356 0
      vertex 7.30918 -1.6303 0
    endloop
  endfacet
  facet normal 0.382685 -0.923879 0
    outer loop
      vertex 6.3879 -4.17669 0
      vertex 8.23566 -3.41132 30.0005
      vertex 6.3879 -4.17669 30.0005
    endloop
  endfacet
  facet normal 0.382685 -0.923879 0
    outer loop
      vertex 8.23566 -3.41132 30.0005
      vertex 6.3879 -4.17669 0
      vertex 8.23566 -3.41132 0
    endloop
  endfacet
  facet normal 0.923879 0.382685 0
    outer loop
      vertex 8.23566 -3.41132 30.0005
      vertex 7.47029 -1.56356 0
      vertex 7.47029 -1.56356 30.0005
    endloop
  endfacet
  facet normal 0.923879 0.382685 0
    outer loop
      vertex 7.47029 -1.56356 0
      vertex 8.23566 -3.41132 30.0005
      vertex 8.23566 -3.41132 0
    endloop
  endfacet
  facet normal -0.0483965 -0.188493 0.980881
    outer loop
      vertex -0.716186 -2.20419 33.5665
      vertex -0.986797 -3.03705 33.3931
      vertex -0.598372 -3.13678 33.3931
    endloop
  endfacet
  facet normal 0.25257 -0.0820624 0.964092
    outer loop
      vertex 3.09302 -0.794152 33.3931
      vertex 2.9691 -1.17555 33.3931
      vertex 3.73649 -1.47938 33.1662
    endloop
  endfacet
  facet normal 0.639746 0.681261 0.355821
    outer loop
      vertex 4.74298 5.73328 30.47
      vertex 4.63049 5.5973 30.9326
      vertex 5.42415 5.09362 30.47
    endloop
  endfacet
  facet normal 0.309479 -0.145631 0.939689
    outer loop
      vertex 3.73649 -1.47938 33.1662
      vertex 3.52161 -1.93602 33.1662
      vertex 4.44496 -1.75988 32.8894
    endloop
  endfacet
  facet normal -0.114392 -0.157439 0.980881
    outer loop
      vertex -1.47731 -1.78576 33.5665
      vertex -1.71108 -2.69623 33.3931
      vertex -1.24185 -1.95684 33.5665
    endloop
  endfacet
  facet normal -0.125305 0.0239044 0.99183
    outer loop
      vertex -2.24481 0.57637 33.5665
      vertex -2.29935 0.290475 33.5665
      vertex -1.39428 0.176138 33.6836
    endloop
  endfacet
  facet normal -0.89778 0.422457 0.124589
    outer loop
      vertex -6.57267 3.61222 30.0005
      vertex -6.97326 2.76091 30.0005
      vertex -6.91834 2.73916 30.47
    endloop
  endfacet
  facet normal 0.789062 -0.500759 0.355839
    outer loop
      vertex 6.36582 -3.49964 30.9326
      vertex 5.877 -4.26989 30.9326
      vertex 6.01978 -4.37363 30.47
    endloop
  endfacet
  facet normal 0.498955 0.531339 0.684634
    outer loop
      vertex 5.08333 4.77357 31.3805
      vertex 4.18934 5.06404 31.8066
      vertex 4.791 4.49905 31.8066
    endloop
  endfacet
  facet normal 0.549308 0.756068 0.35584
    outer loop
      vertex 3.98701 6.28253 30.47
      vertex 3.89245 6.13351 30.9326
      vertex 4.63049 5.5973 30.9326
    endloop
  endfacet
  facet normal 0.205047 -0.372974 0.904901
    outer loop
      vertex 2.92951 -4.61616 32.5671
      vertex 2.03551 -4.32569 32.8894
      vertex 2.32785 -4.94693 32.5671
    endloop
  endfacet
  facet normal 0.26086 0.0497588 0.964093
    outer loop
      vertex 3.98701 0.503676 33.1662
      vertex 3.09302 0.794152 33.3931
      vertex 3.16816 0.400231 33.3931
    endloop
  endfacet
  facet normal 0.154083 0.600136 0.784917
    outer loop
      vertex 1.23153 6.45589 31.8066
      vertex 1.13696 5.96015 32.2042
      vertex 1.875 5.77066 32.2042
    endloop
  endfacet
  facet normal 0.589281 -0.191467 0.784913
    outer loop
      vertex 6.36582 -1.63446 31.8066
      vertex 5.64154 -2.23364 32.2042
      vertex 6.11077 -2.41943 31.8066
    endloop
  endfacet
  facet normal -0.989751 -0.0698716 0.124546
    outer loop
      vertex -7.49987 -0.00099157 30.0005
      vertex -7.44086 0 30.47
      vertex -7.49994 0 30.0005
    endloop
  endfacet
  facet normal -0.99025 -0.0622977 0.124593
    outer loop
      vertex -7.44086 0 30.47
      vertex -7.49987 -0.00099157 30.0005
      vertex -7.38219 -0.932587 30.47
    endloop
  endfacet
  facet normal 0.97521 -0.186021 0.119843
    outer loop
      vertex 7.30911 -1.63033 30.0005
      vertex 7.37436 -1.28858 30
      vertex 7.37431 -1.28852 30.0005
    endloop
  endfacet
  facet normal 0.974551 -0.185887 0.125284
    outer loop
      vertex 7.37436 -1.28858 30
      vertex 7.30911 -1.63033 30.0005
      vertex 7.30918 -1.6303 30
    endloop
  endfacet
  facet normal 0.974632 -0.185923 0.124598
    outer loop
      vertex 7.20709 -1.85047 30.47
      vertex 7.37431 -1.28852 30.0005
      vertex 7.44061 -0.940967 30.0005
    endloop
  endfacet
  facet normal 0.974633 -0.18591 0.124613
    outer loop
      vertex 7.37431 -1.28852 30.0005
      vertex 7.20709 -1.85047 30.47
      vertex 7.30911 -1.63033 30.0005
    endloop
  endfacet
  facet normal 0.974629 -0.185936 0.1246
    outer loop
      vertex 7.30911 -1.63033 30.0005
      vertex 7.20709 -1.85047 30.47
      vertex 7.26431 -1.86516 30.0005
    endloop
  endfacet
  facet normal 0.424148 0.451677 0.784911
    outer loop
      vertex 4.791 4.49905 31.8066
      vertex 4.18934 5.06404 31.8066
      vertex 4.42311 4.15358 32.2042
    endloop
  endfacet
  facet normal 0.181275 0.705989 0.68463
    outer loop
      vertex 2.15487 6.63202 31.3805
      vertex 1.30667 6.84981 31.3805
      vertex 2.03095 6.25063 31.8066
    endloop
  endfacet
  facet normal 0.208654 0.812652 0.544115
    outer loop
      vertex 1.36121 7.1357 30.9326
      vertex 1.30667 6.84981 31.3805
      vertex 2.24481 6.90883 30.9326
    endloop
  endfacet
  facet normal -0.932701 0.0586772 0.355845
    outer loop
      vertex -7.38219 0.932587 30.47
      vertex -7.44086 0 30.47
      vertex -7.20709 0.910467 30.9326
    endloop
  endfacet
  facet normal -0.942292 0.310756 0.124564
    outer loop
      vertex -7.20709 1.85047 30.47
      vertex -7.264 1.8661 30.0005
      vertex -7.26431 1.86516 30.0005
    endloop
  endfacet
  facet normal -0.943647 0.306606 0.12459
    outer loop
      vertex -7.264 1.8661 30.0005
      vertex -7.20709 1.85047 30.47
      vertex -6.91834 2.73916 30.47
    endloop
  endfacet
  facet normal 0.181789 0.193589 0.964093
    outer loop
      vertex 2.92951 2.75099 33.1662
      vertex 2.03551 2.46051 33.3931
      vertex 2.32785 2.18599 33.3931
    endloop
  endfacet
  facet normal -0.49315 -0.678772 0.544124
    outer loop
      vertex -3.73649 -5.88777 31.3805
      vertex -4.63049 -5.5973 30.9326
      vertex -3.89245 -6.13351 30.9326
    endloop
  endfacet
  facet normal -0.190709 0.481673 0.855349
    outer loop
      vertex -1.875 5.77066 32.2042
      vertex -2.32785 4.94693 32.5671
      vertex -1.68948 5.19968 32.5671
    endloop
  endfacet
  facet normal 0.268326 -0.677704 0.68463
    outer loop
      vertex 2.79835 -5.94679 31.8066
      vertex 2.03095 -6.25063 31.8066
      vertex 2.15487 -6.63202 31.3805
    endloop
  endfacet
  facet normal -0.89778 -0.422457 0.124589
    outer loop
      vertex -6.91834 -2.73916 30.47
      vertex -6.97326 -2.76091 30.0005
      vertex -6.57267 -3.61222 30.0005
    endloop
  endfacet
  facet normal 0.358183 0.925306 0.124555
    outer loop
      vertex 3.19239 6.78651 30.0005
      vertex 3.16816 6.73269 30.47
      vertex 3.19332 6.78615 30.0005
    endloop
  endfacet
  facet normal 0.365259 0.922529 0.124602
    outer loop
      vertex 3.16816 6.73269 30.47
      vertex 3.19239 6.78651 30.0005
      vertex 2.29935 7.07668 30.47
    endloop
  endfacet
  facet normal 0.477998 -0.869478 0.124607
    outer loop
      vertex 3.98701 -6.28253 30.47
      vertex 3.19419 -6.78567 30.0005
      vertex 4.01867 -6.33241 30.0005
    endloop
  endfacet
  facet normal 0.252565 -0.0820676 0.964093
    outer loop
      vertex 3.89245 -0.99941 33.1662
      vertex 3.09302 -0.794152 33.3931
      vertex 3.73649 -1.47938 33.1662
    endloop
  endfacet
  facet normal 0.105149 0.832389 0.544125
    outer loop
      vertex 0.456133 7.25004 30.9326
      vertex 0.437859 6.95956 31.3805
      vertex 1.30667 6.84981 31.3805
    endloop
  endfacet
  facet normal 0.468743 -0.220577 0.855351
    outer loop
      vertex 5.64154 -2.23364 32.2042
      vertex 5.08333 -2.01263 32.5671
      vertex 5.3171 -2.9231 32.2042
    endloop
  endfacet
  facet normal 0.34403 0.868922 0.355834
    outer loop
      vertex 3.16816 6.73269 30.47
      vertex 2.24481 6.90883 30.9326
      vertex 3.09302 6.573 30.9326
    endloop
  endfacet
  facet normal 0.508877 0.0970715 0.855348
    outer loop
      vertex 5.877 1.50896 32.2042
      vertex 5.2955 1.35965 32.5671
      vertex 5.42415 0.685229 32.5671
    endloop
  endfacet
  facet normal 0.82414 0.157221 0.544127
    outer loop
      vertex 7.03615 1.80658 30.9326
      vertex 6.75424 1.73419 31.3805
      vertex 6.91834 0.873989 31.3805
    endloop
  endfacet
  facet normal -0.268315 0.677699 0.684639
    outer loop
      vertex -2.15487 6.63202 31.3805
      vertex -2.9691 6.30965 31.3805
      vertex -2.79835 5.94679 31.8066
    endloop
  endfacet
  facet normal -0.418085 -0.0797486 0.904901
    outer loop
      vertex -4.74298 -0.599177 32.8894
      vertex -5.42415 -0.685229 32.5671
      vertex -4.63049 -1.18891 32.8894
    endloop
  endfacet
  facet normal 0.156095 -0.214846 0.964093
    outer loop
      vertex 2.56162 -3.09646 33.1662
      vertex 1.71108 -2.69623 33.3931
      vertex 2.15333 -3.3931 33.1662
    endloop
  endfacet
  facet normal -0.127312 0.00800862 0.99183
    outer loop
      vertex -1.39428 0.176138 33.6836
      vertex -2.31763 0 33.5665
      vertex -1.40536 0 33.6836
    endloop
  endfacet
  facet normal -0.0317277 -0.123557 0.99183
    outer loop
      vertex -0.434279 -1.33658 33.6836
      vertex -0.716186 -2.20419 33.5665
      vertex -0.434279 -2.27658 33.5665
    endloop
  endfacet
  facet normal -0.477417 -0.394951 0.784912
    outer loop
      vertex -4.42311 -4.15358 32.2042
      vertex -5.3171 -3.8631 31.8066
      vertex -4.791 -4.49905 31.8066
    endloop
  endfacet
  facet normal -0.468743 0.220577 0.855351
    outer loop
      vertex -5.3171 2.9231 32.2042
      vertex -5.64154 2.23364 32.2042
      vertex -5.08333 2.01263 32.5671
    endloop
  endfacet
  facet normal -0.837352 -0.0526753 0.54412
    outer loop
      vertex -6.97332 0 31.3805
      vertex -7.26437 0 30.9326
      vertex -6.91834 -0.873989 31.3805
    endloop
  endfacet
  facet normal 0.063014 -0.00396391 0.998005
    outer loop
      vertex 1.40536 0 33.6836
      vertex 0.470928 0 33.7426
      vertex 1.39428 -0.176138 33.6836
    endloop
  endfacet
  facet normal -0.124361 -0.984383 0.124597
    outer loop
      vertex -1.39428 -7.30906 30.47
      vertex -1.40536 -7.36715 30
      vertex -0.467215 -7.42618 30.47
    endloop
  endfacet
  facet normal -0.764509 -0.632454 0.124609
    outer loop
      vertex -5.42415 -5.09362 30.47
      vertex -6.06694 -4.40912 30.0005
      vertex -5.46722 -5.13406 30.0005
    endloop
  endfacet
  facet normal -0.789063 -0.500759 0.355839
    outer loop
      vertex -6.36582 -3.49964 30.9326
      vertex -6.52048 -3.58466 30.47
      vertex -6.01978 -4.37363 30.47
    endloop
  endfacet
  facet normal -0.246753 -0.961036 0.124594
    outer loop
      vertex -1.63023 -7.30935 30.0005
      vertex -2.29935 -7.07668 30.47
      vertex -2.31761 -7.13286 30.0005
    endloop
  endfacet
  facet normal -0.246745 -0.961036 0.124605
    outer loop
      vertex -1.63023 -7.30935 30.0005
      vertex -1.40536 -7.36715 30
      vertex -2.29935 -7.07668 30.47
    endloop
  endfacet
  facet normal -0.24625 -0.95923 0.138702
    outer loop
      vertex -1.40536 -7.36715 30
      vertex -1.63023 -7.30935 30.0005
      vertex -1.6302 -7.30943 30
    endloop
  endfacet
  facet normal -0.917995 -0.175121 0.355833
    outer loop
      vertex -7.03615 -1.80658 30.9326
      vertex -7.38219 -0.932587 30.47
      vertex -7.20709 -1.85047 30.47
    endloop
  endfacet
  facet normal 0.428433 -0.589681 0.684632
    outer loop
      vertex 4.18934 -5.06404 31.8066
      vertex 3.52161 -5.54918 31.8066
      vertex 3.73649 -5.88777 31.3805
    endloop
  endfacet
  facet normal 0.121322 0.03942 0.99183
    outer loop
      vertex 2.15487 0.853175 33.5665
      vertex 1.30667 0.517347 33.6836
      vertex 2.24481 0.57637 33.5665
    endloop
  endfacet
  facet normal 0.845606 -0.397905 0.355839
    outer loop
      vertex 6.75424 -2.67419 30.9326
      vertex 6.36582 -3.49964 30.9326
      vertex 6.52048 -3.58466 30.47
    endloop
  endfacet
  facet normal 0.0159846 -0.126559 0.99183
    outer loop
      vertex 0.263338 -1.38047 33.6836
      vertex 0.145525 -2.31305 33.5665
      vertex 0.434279 -2.27658 33.5665
    endloop
  endfacet
  facet normal 0.063014 0.00396407 0.998005
    outer loop
      vertex 1.39428 0.176138 33.6836
      vertex 0.467215 0.0590229 33.7426
      vertex 0.470928 0 33.7426
    endloop
  endfacet
  facet normal 0.149947 0.124048 0.980881
    outer loop
      vertex 2.32785 2.18599 33.3931
      vertex 1.68948 1.58652 33.5665
      vertex 2.58347 1.877 33.3931
    endloop
  endfacet
  facet normal 0.265039 -0.0166756 0.964093
    outer loop
      vertex 4.0187 0 33.1662
      vertex 3.19334 0 33.3931
      vertex 3.98701 -0.503676 33.1662
    endloop
  endfacet
  facet normal -0.0533096 -0.0338312 0.998005
    outer loop
      vertex -0.412678 -0.226871 33.7426
      vertex -1.23153 -0.677037 33.6836
      vertex -0.380989 -0.276805 33.7426
    endloop
  endfacet
  facet normal 0.759155 0.35723 0.544124
    outer loop
      vertex 6.36582 3.49964 30.9326
      vertex 6.11077 3.35942 31.3805
      vertex 6.48363 2.56705 31.3805
    endloop
  endfacet
  facet normal 0.30886 0.78009 0.544118
    outer loop
      vertex 3.09302 6.573 30.9326
      vertex 2.24481 6.90883 30.9326
      vertex 2.9691 6.30965 31.3805
    endloop
  endfacet
  facet normal 0.932702 0.0586789 0.355842
    outer loop
      vertex 7.44086 0 30.47
      vertex 7.20709 0.910467 30.9326
      vertex 7.26437 0 30.9326
    endloop
  endfacet
  facet normal 0.615419 0.390559 0.684634
    outer loop
      vertex 6.11077 3.35942 31.3805
      vertex 5.3171 3.8631 31.8066
      vertex 5.75935 3.16623 31.8066
    endloop
  endfacet
  facet normal 0.679212 0.723288 0.124601
    outer loop
      vertex 4.78136 5.77812 30.0005
      vertex 4.74298 5.73328 30.47
      vertex 5.42415 5.09362 30.47
    endloop
  endfacet
  facet normal 0.681274 0.721349 0.124585
    outer loop
      vertex 4.74298 5.73328 30.47
      vertex 4.78136 5.77812 30.0005
      vertex 4.78064 5.7788 30.0005
    endloop
  endfacet
  facet normal 0.204621 -0.169276 0.964093
    outer loop
      vertex 3.2512 -2.36213 33.1662
      vertex 2.58347 -1.877 33.3931
      vertex 2.92951 -2.75099 33.1662
    endloop
  endfacet
  facet normal 0.0533499 -0.422266 0.904901
    outer loop
      vertex 1.02446 -5.37042 32.5671
      vertex 0.30018 -4.77125 32.8894
      vertex 0.343292 -5.45648 32.5671
    endloop
  endfacet
  facet normal -0.354633 -0.377638 0.855351
    outer loop
      vertex -3.98546 -3.7426 32.5671
      vertex -4.42311 -4.15358 32.2042
      vertex -3.48497 -4.2126 32.5671
    endloop
  endfacet
  facet normal 0.0486486 0.0402469 0.998005
    outer loop
      vertex 1.02446 0.962034 33.6836
      vertex 0.380989 0.276805 33.7426
      vertex 1.13696 0.826049 33.6836
    endloop
  endfacet
  facet normal 0.00791344 -0.0626405 0.998005
    outer loop
      vertex 0.0882425 -0.462587 33.7426
      vertex 0.0882425 -1.40259 33.6836
      vertex 0.263338 -1.38047 33.6836
    endloop
  endfacet
  facet normal -0.176085 0.0828588 0.980882
    outer loop
      vertex -2.03095 1.11652 33.5665
      vertex -2.79835 1.53841 33.3931
      vertex -2.15487 0.853175 33.5665
    endloop
  endfacet
  facet normal -0.240292 0.113074 0.964092
    outer loop
      vertex -3.52161 1.93602 33.1662
      vertex -3.73649 1.47938 33.1662
      vertex -2.9691 1.17555 33.3931
    endloop
  endfacet
  facet normal -0.0749782 -0.103204 0.99183
    outer loop
      vertex -0.895809 -1.08285 33.6836
      vertex -1.47731 -1.78576 33.5665
      vertex -0.753029 -1.18658 33.6836
    endloop
  endfacet
  facet normal -0.341356 -0.021478 0.939689
    outer loop
      vertex -3.98701 -0.503676 33.1662
      vertex -4.78068 0 32.8894
      vertex -4.74298 -0.599177 32.8894
    endloop
  endfacet
  facet normal 0.246749 0.961036 0.124597
    outer loop
      vertex 1.40536 7.36715 30
      vertex 1.39428 7.30906 30.47
      vertex 2.29935 7.07668 30.47
    endloop
  endfacet
  facet normal -0.181275 0.705989 0.68463
    outer loop
      vertex -1.30667 6.84981 31.3805
      vertex -2.15487 6.63202 31.3805
      vertex -2.03095 6.25063 31.8066
    endloop
  endfacet
  facet normal -0.99025 0.062294 0.1246
    outer loop
      vertex -7.4408 0.939991 30.0005
      vertex -7.49987 0.00099157 30.0005
      vertex -7.38219 0.932587 30.47
    endloop
  endfacet
  facet normal -0.72745 -0.0457617 0.684633
    outer loop
      vertex -6.5723 0 31.8066
      vertex -6.97332 0 31.3805
      vertex -6.91834 -0.873989 31.3805
    endloop
  endfacet
  facet normal -0.508877 -0.0970715 0.855348
    outer loop
      vertex -5.42415 -0.685229 32.5671
      vertex -5.877 -1.50896 32.2042
      vertex -5.2955 -1.35965 32.5671
    endloop
  endfacet
  facet normal -0.618379 -0.0389017 0.784917
    outer loop
      vertex -6.01978 -0.760475 32.2042
      vertex -6.5723 0 31.8066
      vertex -6.52048 -0.823728 31.8066
    endloop
  endfacet
  facet normal -0.20866 -0.812642 0.544127
    outer loop
      vertex -2.15487 -6.63202 31.3805
      vertex -2.24481 -6.90883 30.9326
      vertex -1.30667 -6.84981 31.3805
    endloop
  endfacet
  facet normal 0.246749 -0.961036 0.124597
    outer loop
      vertex 2.29935 -7.07668 30.47
      vertex 1.39428 -7.30906 30.47
      vertex 1.40536 -7.36715 30
    endloop
  endfacet
  facet normal 0.23241 -0.905187 0.355839
    outer loop
      vertex 2.24481 -6.90883 30.9326
      vertex 1.39428 -7.30906 30.47
      vertex 2.29935 -7.07668 30.47
    endloop
  endfacet
  facet normal -0.917992 0.175114 0.355845
    outer loop
      vertex -7.03615 1.80658 30.9326
      vertex -7.38219 0.932587 30.47
      vertex -7.20709 0.910467 30.9326
    endloop
  endfacet
  facet normal 0.359367 0.228058 0.9049
    outer loop
      vertex 4.42311 3.21358 32.5671
      vertex 4.18934 2.30311 32.8894
      vertex 4.791 2.63387 32.5671
    endloop
  endfacet
  facet normal 0.845601 -0.397908 0.355848
    outer loop
      vertex 6.75424 -2.67419 30.9326
      vertex 6.52048 -3.58466 30.47
      vertex 6.91834 -2.73916 30.47
    endloop
  endfacet
  facet normal 0.715975 -0.136586 0.684634
    outer loop
      vertex 6.91834 -0.873989 31.3805
      vertex 6.52048 -0.823728 31.8066
      vertex 6.75424 -1.73419 31.3805
    endloop
  endfacet
  facet normal 0.973928 -0.189597 0.12457
    outer loop
      vertex 7.38219 -0.932587 30.47
      vertex 7.44061 -0.940967 30.0005
      vertex 7.4408 -0.939991 30.0005
    endloop
  endfacet
  facet normal 0.974632 -0.185926 0.124592
    outer loop
      vertex 7.44061 -0.940967 30.0005
      vertex 7.38219 -0.932587 30.47
      vertex 7.20709 -1.85047 30.47
    endloop
  endfacet
  facet normal 0.424148 -0.451677 0.784911
    outer loop
      vertex 4.42311 -4.15358 32.2042
      vertex 4.18934 -5.06404 31.8066
      vertex 4.791 -4.49905 31.8066
    endloop
  endfacet
  facet normal 0.57434 -0.611606 0.544126
    outer loop
      vertex 5.08333 -4.77357 31.3805
      vertex 4.63049 -5.5973 30.9326
      vertex 5.2955 -4.97281 30.9326
    endloop
  endfacet
  facet normal -0.365256 0.922531 0.124595
    outer loop
      vertex -2.31761 7.13286 30.0005
      vertex -3.19239 6.78651 30.0005
      vertex -2.29935 7.07668 30.47
    endloop
  endfacet
  facet normal -0.228096 0.576096 0.784911
    outer loop
      vertex -2.03095 6.25063 31.8066
      vertex -2.79835 5.94679 31.8066
      vertex -1.875 5.77066 32.2042
    endloop
  endfacet
  facet normal 0.418087 -0.0797527 0.904899
    outer loop
      vertex 5.42415 -0.685229 32.5671
      vertex 4.63049 -1.18891 32.8894
      vertex 5.2955 -1.35965 32.5671
    endloop
  endfacet
  facet normal 0.185082 -0.060135 0.980881
    outer loop
      vertex 3.09302 -0.794152 33.3931
      vertex 2.24481 -0.57637 33.5665
      vertex 2.9691 -1.17555 33.3931
    endloop
  endfacet
  facet normal 0.121321 0.0394218 0.99183
    outer loop
      vertex 2.24481 0.57637 33.5665
      vertex 1.30667 0.517347 33.6836
      vertex 1.36121 0.349499 33.6836
    endloop
  endfacet
  facet normal 0.615416 0.390549 0.684642
    outer loop
      vertex 5.64154 4.09882 31.3805
      vertex 5.3171 3.8631 31.8066
      vertex 6.11077 3.35942 31.3805
    endloop
  endfacet
  facet normal 0.205045 0.372978 0.9049
    outer loop
      vertex 2.92951 4.61616 32.5671
      vertex 2.03551 4.32569 32.8894
      vertex 2.56162 4.03646 32.8894
    endloop
  endfacet
  facet normal 0.354633 0.377638 0.855351
    outer loop
      vertex 4.42311 4.15358 32.2042
      vertex 3.48497 4.2126 32.5671
      vertex 3.98546 3.7426 32.5671
    endloop
  endfacet
  facet normal 0.291358 0.310266 0.904901
    outer loop
      vertex 3.48497 4.2126 32.5671
      vertex 3.04732 3.68358 32.8894
      vertex 3.48497 3.2726 32.8894
    endloop
  endfacet
  facet normal 0.60863 0.116106 0.784914
    outer loop
      vertex 6.36582 1.63446 31.8066
      vertex 5.877 1.50896 32.2042
      vertex 6.52048 0.823728 31.8066
    endloop
  endfacet
  facet normal 0.51703 -0.032528 0.855349
    outer loop
      vertex 5.46726 0 32.5671
      vertex 5.42415 -0.685229 32.5671
      vertex 6.01978 -0.760475 32.2042
    endloop
  endfacet
  facet normal 0.943647 0.306606 0.12459
    outer loop
      vertex 7.20709 1.85047 30.47
      vertex 7.264 1.8661 30.0005
      vertex 6.91834 2.73916 30.47
    endloop
  endfacet
  facet normal 0.942292 0.310756 0.124564
    outer loop
      vertex 7.264 1.8661 30.0005
      vertex 7.20709 1.85047 30.47
      vertex 7.26431 1.86516 30.0005
    endloop
  endfacet
  facet normal 0.974629 0.185936 0.1246
    outer loop
      vertex 7.20709 1.85047 30.47
      vertex 7.30911 1.63033 30.0005
      vertex 7.26431 1.86516 30.0005
    endloop
  endfacet
  facet normal 0.974551 0.185887 0.125284
    outer loop
      vertex 7.30911 1.63033 30.0005
      vertex 7.37436 1.28858 30
      vertex 7.30918 1.6303 30
    endloop
  endfacet
  facet normal 0.974633 0.18591 0.124613
    outer loop
      vertex 7.37431 1.28852 30.0005
      vertex 7.30911 1.63033 30.0005
      vertex 7.20709 1.85047 30.47
    endloop
  endfacet
  facet normal 0.97521 0.186021 0.119843
    outer loop
      vertex 7.30911 1.63033 30.0005
      vertex 7.37431 1.28852 30.0005
      vertex 7.37436 1.28858 30
    endloop
  endfacet
  facet normal 0.974632 0.185923 0.124598
    outer loop
      vertex 7.37431 1.28852 30.0005
      vertex 7.20709 1.85047 30.47
      vertex 7.44061 0.940967 30.0005
    endloop
  endfacet
  facet normal 0.845606 0.397905 0.355839
    outer loop
      vertex 6.52048 3.58466 30.47
      vertex 6.36582 3.49964 30.9326
      vertex 6.75424 2.67419 30.9326
    endloop
  endfacet
  facet normal 0.679209 0.72329 0.124608
    outer loop
      vertex 5.46722 5.13406 30.0005
      vertex 4.78136 5.77812 30.0005
      vertex 5.42415 5.09362 30.47
    endloop
  endfacet
  facet normal 0.0749824 -0.103199 0.99183
    outer loop
      vertex 1.47731 -1.78576 33.5665
      vertex 0.753029 -1.18658 33.6836
      vertex 1.24185 -1.95684 33.5665
    endloop
  endfacet
  facet normal 0.424152 -0.451677 0.78491
    outer loop
      vertex 4.42311 -4.15358 32.2042
      vertex 3.86765 -4.67519 32.2042
      vertex 4.18934 -5.06404 31.8066
    endloop
  endfacet
  facet normal 0.224225 -0.142294 0.964093
    outer loop
      vertex 3.52161 -1.93602 33.1662
      vertex 2.58347 -1.877 33.3931
      vertex 3.2512 -2.36213 33.1662
    endloop
  endfacet
  facet normal -0.0620201 -0.0118308 0.998005
    outer loop
      vertex -0.456133 -0.117115 33.7426
      vertex -1.39428 -0.176138 33.6836
      vertex -1.36121 -0.349499 33.6836
    endloop
  endfacet
  facet normal -0.298494 -0.54297 0.784911
    outer loop
      vertex -3.2512 -5.12307 32.2042
      vertex -3.52161 -5.54918 31.8066
      vertex -2.58347 -5.49015 32.2042
    endloop
  endfacet
  facet normal 0.125909 -0.318011 0.939689
    outer loop
      vertex 1.71108 -3.63623 33.1662
      vertex 1.24185 -3.82201 33.1662
      vertex 1.47731 -4.5467 32.8894
    endloop
  endfacet
  facet normal -0.246749 -0.961036 0.124597
    outer loop
      vertex -1.39428 -7.30906 30.47
      vertex -2.29935 -7.07668 30.47
      vertex -1.40536 -7.36715 30
    endloop
  endfacet
  facet normal 0.351147 -0.638729 0.684632
    outer loop
      vertex 3.52161 -5.54918 31.8066
      vertex 2.9691 -6.30965 31.3805
      vertex 3.73649 -5.88777 31.3805
    endloop
  endfacet
  facet normal -0.28879 -0.183266 0.939688
    outer loop
      vertex -3.52161 -1.93602 33.1662
      vertex -3.86765 -2.81001 32.8894
      vertex -3.2512 -2.36213 33.1662
    endloop
  endfacet
  facet normal 0.107705 -0.0683544 0.99183
    outer loop
      vertex 1.23153 -0.677037 33.6836
      vertex 1.13696 -0.826049 33.6836
      vertex 1.875 -1.36227 33.5665
    endloop
  endfacet
  facet normal -0.063014 0.00396391 0.998005
    outer loop
      vertex -1.39428 0.176138 33.6836
      vertex -1.40536 0 33.6836
      vertex -0.470928 0 33.7426
    endloop
  endfacet
  facet normal -0.121322 -0.03942 0.99183
    outer loop
      vertex -1.30667 -0.517347 33.6836
      vertex -2.24481 -0.57637 33.5665
      vertex -2.15487 -0.853175 33.5665
    endloop
  endfacet
  facet normal 0.00791322 -0.0626405 0.998005
    outer loop
      vertex 0.0882425 -0.462587 33.7426
      vertex 0.0295696 -0.469999 33.7426
      vertex 0.0882425 -1.40259 33.6836
    endloop
  endfacet
  facet normal 0.224225 0.1423 0.964092
    outer loop
      vertex 3.52161 1.93602 33.1662
      vertex 2.58347 1.877 33.3931
      vertex 2.79835 1.53841 33.3931
    endloop
  endfacet
  facet normal 0.107705 0.0683544 0.99183
    outer loop
      vertex 1.875 1.36227 33.5665
      vertex 1.13696 0.826049 33.6836
      vertex 1.23153 0.677037 33.6836
    endloop
  endfacet
  facet normal -0.351138 0.638726 0.68464
    outer loop
      vertex -2.9691 6.30965 31.3805
      vertex -3.52161 5.54918 31.8066
      vertex -2.79835 5.94679 31.8066
    endloop
  endfacet
  facet normal -0.418087 -0.0797527 0.904899
    outer loop
      vertex -4.63049 -1.18891 32.8894
      vertex -5.42415 -0.685229 32.5671
      vertex -5.2955 -1.35965 32.5671
    endloop
  endfacet
  facet normal -0.240292 -0.113074 0.964092
    outer loop
      vertex -2.9691 -1.17555 33.3931
      vertex -3.73649 -1.47938 33.1662
      vertex -3.52161 -1.93602 33.1662
    endloop
  endfacet
  facet normal -0.88881 0.288789 0.355833
    outer loop
      vertex -6.91834 2.73916 30.47
      vertex -7.20709 1.85047 30.47
      vertex -7.03615 1.80658 30.9326
    endloop
  endfacet
  facet normal -0.26086 -0.0497588 0.964093
    outer loop
      vertex -3.16816 -0.400231 33.3931
      vertex -3.98701 -0.503676 33.1662
      vertex -3.09302 -0.794152 33.3931
    endloop
  endfacet
  facet normal -0.252565 -0.0820676 0.964093
    outer loop
      vertex -3.09302 -0.794152 33.3931
      vertex -3.89245 -0.99941 33.1662
      vertex -3.73649 -1.47938 33.1662
    endloop
  endfacet
  facet normal -0.824151 0.157213 0.544113
    outer loop
      vertex -7.03615 1.80658 30.9326
      vertex -7.20709 0.910467 30.9326
      vertex -6.91834 0.873989 31.3805
    endloop
  endfacet
  facet normal -0.404789 0.131531 0.904901
    outer loop
      vertex -4.44496 1.75988 32.8894
      vertex -5.08333 2.01263 32.5671
      vertex -4.63049 1.18891 32.8894
    endloop
  endfacet
  facet normal -0.837356 -0.0526804 0.544113
    outer loop
      vertex -6.91834 -0.873989 31.3805
      vertex -7.26437 0 30.9326
      vertex -7.20709 -0.910467 30.9326
    endloop
  endfacet
  facet normal -0.561619 -0.464608 0.684634
    outer loop
      vertex -4.791 -4.49905 31.8066
      vertex -5.3171 -3.8631 31.8066
      vertex -5.08333 -4.77357 31.3805
    endloop
  endfacet
  facet normal -0.720087 -0.595702 0.355828
    outer loop
      vertex -5.2955 -4.97281 30.9326
      vertex -5.877 -4.26989 30.9326
      vertex -5.42415 -5.09362 30.47
    endloop
  endfacet
  facet normal -0.508876 -0.0970725 0.855349
    outer loop
      vertex -5.42415 -0.685229 32.5671
      vertex -6.01978 -0.760475 32.2042
      vertex -5.877 -1.50896 32.2042
    endloop
  endfacet
  facet normal -0.88881 -0.288789 0.355833
    outer loop
      vertex -7.03615 -1.80658 30.9326
      vertex -7.20709 -1.85047 30.47
      vertex -6.91834 -2.73916 30.47
    endloop
  endfacet
  facet normal -0.105158 -0.832395 0.544114
    outer loop
      vertex -1.30667 -6.84981 31.3805
      vertex -1.36121 -7.1357 30.9326
      vertex -0.456133 -7.25004 30.9326
    endloop
  endfacet
  facet normal 0 -0.619604 0.784915
    outer loop
      vertex -0.380989 -6.05565 32.2042
      vertex 0.412678 -6.55933 31.8066
      vertex 0.380989 -6.05565 32.2042
    endloop
  endfacet
  facet normal 0 -0.619604 0.784915
    outer loop
      vertex 0.412678 -6.55933 31.8066
      vertex -0.380989 -6.05565 32.2042
      vertex -0.412678 -6.55933 31.8066
    endloop
  endfacet
  facet normal -0.385116 -0.18122 0.9049
    outer loop
      vertex -4.18934 -2.30311 32.8894
      vertex -5.08333 -2.01263 32.5671
      vertex -4.791 -2.63387 32.5671
    endloop
  endfacet
  facet normal -0.20462 -0.169277 0.964093
    outer loop
      vertex -2.58347 -1.877 33.3931
      vertex -2.92951 -2.75099 33.1662
      vertex -2.32785 -2.18599 33.3931
    endloop
  endfacet
  facet normal -0.679209 -0.72329 0.124608
    outer loop
      vertex -5.42415 -5.09362 30.47
      vertex -5.46722 -5.13406 30.0005
      vertex -4.78136 -5.77812 30.0005
    endloop
  endfacet
  facet normal -0.888802 -0.288796 0.355848
    outer loop
      vertex -6.75424 -2.67419 30.9326
      vertex -7.03615 -1.80658 30.9326
      vertex -6.91834 -2.73916 30.47
    endloop
  endfacet
  facet normal -0.477998 -0.869478 0.124607
    outer loop
      vertex -3.98701 -6.28253 30.47
      vertex -4.01867 -6.33241 30.0005
      vertex -3.19419 -6.78567 30.0005
    endloop
  endfacet
  facet normal 0.477417 -0.394951 0.784912
    outer loop
      vertex 5.3171 -3.8631 31.8066
      vertex 4.42311 -4.15358 32.2042
      vertex 4.791 -4.49905 31.8066
    endloop
  endfacet
  facet normal 0.249578 -0.453975 0.855347
    outer loop
      vertex 2.92951 -4.61616 32.5671
      vertex 2.32785 -4.94693 32.5671
      vertex 2.58347 -5.49015 32.2042
    endloop
  endfacet
  facet normal 0.517026 0.0325319 0.855351
    outer loop
      vertex 6.01978 0.760475 32.2042
      vertex 5.46726 0 32.5671
      vertex 6.06763 0 32.2042
    endloop
  endfacet
  facet normal 0.583208 -0.802709 0.124605
    outer loop
      vertex 4.77984 -5.77938 30.0005
      vertex 4.74298 -5.73328 30.47
      vertex 3.98701 -6.28253 30.47
    endloop
  endfacet
  facet normal 0.582393 -0.803301 0.124599
    outer loop
      vertex 4.74298 -5.73328 30.47
      vertex 4.77984 -5.77938 30.0005
      vertex 4.78064 -5.7788 30.0005
    endloop
  endfacet
  facet normal 0.837356 -0.0526804 0.544113
    outer loop
      vertex 7.26437 0 30.9326
      vertex 6.91834 -0.873989 31.3805
      vertex 7.20709 -0.910467 30.9326
    endloop
  endfacet
  facet normal 0.693215 0.225237 0.684632
    outer loop
      vertex 6.48363 2.56705 31.3805
      vertex 6.11077 2.41943 31.8066
      vertex 6.36582 1.63446 31.8066
    endloop
  endfacet
  facet normal 0.424785 0.0267246 0.9049
    outer loop
      vertex 5.42415 0.685229 32.5671
      vertex 4.78068 0 32.8894
      vertex 5.46726 0 32.5671
    endloop
  endfacet
  facet normal 0.727449 0.0457631 0.684635
    outer loop
      vertex 6.91834 0.873989 31.3805
      vertex 6.52048 0.823728 31.8066
      vertex 6.5723 0 31.8066
    endloop
  endfacet
  facet normal 0.240292 -0.113073 0.964092
    outer loop
      vertex 2.9691 -1.17555 33.3931
      vertex 2.79835 -1.53841 33.3931
      vertex 3.52161 -1.93602 33.1662
    endloop
  endfacet
  facet normal 0.399161 -0.33022 0.855351
    outer loop
      vertex 4.42311 -3.21358 32.5671
      vertex 3.98546 -3.7426 32.5671
      vertex 4.42311 -4.15358 32.2042
    endloop
  endfacet
  facet normal 0.246753 0.961036 0.124594
    outer loop
      vertex 1.63023 7.30935 30.0005
      vertex 2.29935 7.07668 30.47
      vertex 2.31761 7.13286 30.0005
    endloop
  endfacet
  facet normal 0.246745 0.961036 0.124605
    outer loop
      vertex 1.63023 7.30935 30.0005
      vertex 1.40536 7.36715 30
      vertex 2.29935 7.07668 30.47
    endloop
  endfacet
  facet normal 0.24625 0.95923 0.138702
    outer loop
      vertex 1.40536 7.36715 30
      vertex 1.63023 7.30935 30.0005
      vertex 1.6302 7.30943 30
    endloop
  endfacet
  facet normal 0.404195 0.735229 0.544118
    outer loop
      vertex 3.09302 6.573 30.9326
      vertex 2.9691 6.30965 31.3805
      vertex 3.89245 6.13351 30.9326
    endloop
  endfacet
  facet normal 0.584066 0.803867 0.112541
    outer loop
      vertex 4.02747 6.32609 30
      vertex 4.3033 6.12561 30.0005
      vertex 4.3033 6.12568 30
    endloop
  endfacet
  facet normal 0.582813 0.802185 0.129725
    outer loop
      vertex 4.3033 6.12561 30.0005
      vertex 4.02747 6.32609 30
      vertex 4.0274 6.32606 30.0005
    endloop
  endfacet
  facet normal 0.583208 0.802709 0.124604
    outer loop
      vertex 4.3033 6.12561 30.0005
      vertex 3.98701 6.28253 30.47
      vertex 4.77984 5.77938 30.0005
    endloop
  endfacet
  facet normal 0.583199 0.802717 0.124596
    outer loop
      vertex 4.0274 6.32606 30.0005
      vertex 3.98701 6.28253 30.47
      vertex 4.3033 6.12561 30.0005
    endloop
  endfacet
  facet normal 0.583642 0.802394 0.124604
    outer loop
      vertex 3.98701 6.28253 30.47
      vertex 4.0274 6.32606 30.0005
      vertex 4.01867 6.33241 30.0005
    endloop
  endfacet
  facet normal 0.154093 0.600141 0.784911
    outer loop
      vertex 2.03095 6.25063 31.8066
      vertex 1.23153 6.45589 31.8066
      vertex 1.875 5.77066 32.2042
    endloop
  endfacet
  facet normal 0.0776559 0.614718 0.784915
    outer loop
      vertex 0.412678 6.55933 31.8066
      vertex 0.380989 6.05565 32.2042
      vertex 1.13696 5.96015 32.2042
    endloop
  endfacet
  facet normal 0.424783 0.0267272 0.904901
    outer loop
      vertex 5.42415 0.685229 32.5671
      vertex 4.74298 0.599177 32.8894
      vertex 4.78068 0 32.8894
    endloop
  endfacet
  facet normal 0.26086 0.0497584 0.964093
    outer loop
      vertex 3.89245 0.99941 33.1662
      vertex 3.09302 0.794152 33.3931
      vertex 3.98701 0.503676 33.1662
    endloop
  endfacet
  facet normal 0.288784 0.183269 0.939689
    outer loop
      vertex 3.86765 2.81001 32.8894
      vertex 3.52161 1.93602 33.1662
      vertex 4.18934 2.30311 32.8894
    endloop
  endfacet
  facet normal 0.341355 0.0214772 0.939689
    outer loop
      vertex 4.78068 0 32.8894
      vertex 3.98701 0.503676 33.1662
      vertex 4.0187 0 33.1662
    endloop
  endfacet
  facet normal 0.341356 0.021478 0.939689
    outer loop
      vertex 4.74298 0.599177 32.8894
      vertex 3.98701 0.503676 33.1662
      vertex 4.78068 0 32.8894
    endloop
  endfacet
  facet normal 0.26086 -0.0497584 0.964093
    outer loop
      vertex 3.98701 -0.503676 33.1662
      vertex 3.09302 -0.794152 33.3931
      vertex 3.89245 -0.99941 33.1662
    endloop
  endfacet
  facet normal 0.127312 0.00800862 0.99183
    outer loop
      vertex 2.31763 0 33.5665
      vertex 1.39428 0.176138 33.6836
      vertex 1.40536 0 33.6836
    endloop
  endfacet
  facet normal 0.164774 -0.299724 0.939689
    outer loop
      vertex 2.15333 -3.3931 33.1662
      vertex 2.03551 -4.32569 32.8894
      vertex 2.56162 -4.03646 32.8894
    endloop
  endfacet
  facet normal 0.249578 0.453975 0.855347
    outer loop
      vertex 2.58347 5.49015 32.2042
      vertex 2.32785 4.94693 32.5671
      vertex 2.92951 4.61616 32.5671
    endloop
  endfacet
  facet normal 0.57434 0.611606 0.544126
    outer loop
      vertex 5.2955 4.97281 30.9326
      vertex 4.63049 5.5973 30.9326
      vertex 5.08333 4.77357 31.3805
    endloop
  endfacet
  facet normal 0.325289 0.105699 0.939689
    outer loop
      vertex 4.44496 1.75988 32.8894
      vertex 3.89245 0.99941 33.1662
      vertex 4.63049 1.18891 32.8894
    endloop
  endfacet
  facet normal 0.560634 0.263816 0.784914
    outer loop
      vertex 5.75935 3.16623 31.8066
      vertex 5.3171 2.9231 32.2042
      vertex 6.11077 2.41943 31.8066
    endloop
  endfacet
  facet normal 0.824151 0.157213 0.544113
    outer loop
      vertex 7.03615 1.80658 30.9326
      vertex 6.91834 0.873989 31.3805
      vertex 7.20709 0.910467 30.9326
    endloop
  endfacet
  facet normal 0.234135 0.24933 0.939689
    outer loop
      vertex 3.48497 3.2726 32.8894
      vertex 2.56162 3.09646 33.1662
      vertex 2.92951 2.75099 33.1662
    endloop
  endfacet
  facet normal 0.72008 0.595704 0.355839
    outer loop
      vertex 6.01978 4.37363 30.47
      vertex 5.42415 5.09362 30.47
      vertex 5.877 4.26989 30.9326
    endloop
  endfacet
  facet normal 0.646466 0.534798 0.544126
    outer loop
      vertex 5.2955 4.97281 30.9326
      vertex 5.08333 4.77357 31.3805
      vertex 5.877 4.26989 30.9326
    endloop
  endfacet
  facet normal 0.560635 0.263819 0.784913
    outer loop
      vertex 6.11077 2.41943 31.8066
      vertex 5.3171 2.9231 32.2042
      vertex 5.64154 2.23364 32.2042
    endloop
  endfacet
  facet normal 0.659518 0.310348 0.684631
    outer loop
      vertex 6.48363 2.56705 31.3805
      vertex 5.75935 3.16623 31.8066
      vertex 6.11077 2.41943 31.8066
    endloop
  endfacet
  facet normal 0.720087 0.595702 0.355828
    outer loop
      vertex 5.42415 5.09362 30.47
      vertex 5.2955 4.97281 30.9326
      vertex 5.877 4.26989 30.9326
    endloop
  endfacet
  facet normal 0.708398 0.449556 0.544125
    outer loop
      vertex 6.36582 3.49964 30.9326
      vertex 5.64154 4.09882 31.3805
      vertex 6.11077 3.35942 31.3805
    endloop
  endfacet
  facet normal 0.618379 0.0389017 0.784917
    outer loop
      vertex 6.52048 0.823728 31.8066
      vertex 6.01978 0.760475 32.2042
      vertex 6.5723 0 31.8066
    endloop
  endfacet
  facet normal 0.888802 0.288796 0.355848
    outer loop
      vertex 6.91834 2.73916 30.47
      vertex 6.75424 2.67419 30.9326
      vertex 7.03615 1.80658 30.9326
    endloop
  endfacet
  facet normal 0.99025 0.0622977 0.124593
    outer loop
      vertex 7.44086 0 30.47
      vertex 7.49987 0.00099157 30.0005
      vertex 7.38219 0.932587 30.47
    endloop
  endfacet
  facet normal 0.989751 0.0698716 0.124546
    outer loop
      vertex 7.49987 0.00099157 30.0005
      vertex 7.44086 0 30.47
      vertex 7.49994 0 30.0005
    endloop
  endfacet
  facet normal 0.99025 0.062294 0.1246
    outer loop
      vertex 7.4408 0.939991 30.0005
      vertex 7.38219 0.932587 30.47
      vertex 7.49987 0.00099157 30.0005
    endloop
  endfacet
  facet normal 0.932701 0.0586772 0.355845
    outer loop
      vertex 7.38219 0.932587 30.47
      vertex 7.20709 0.910467 30.9326
      vertex 7.44086 0 30.47
    endloop
  endfacet
  facet normal 0.764507 0.632458 0.124601
    outer loop
      vertex 6.01978 4.37363 30.47
      vertex 6.06694 4.40912 30.0005
      vertex 5.42415 5.09362 30.47
    endloop
  endfacet
  facet normal 0.763047 0.634221 0.124587
    outer loop
      vertex 6.06694 4.40912 30.0005
      vertex 6.01978 4.37363 30.47
      vertex 6.06758 4.40835 30.0005
    endloop
  endfacet
  facet normal 0.789063 0.500759 0.355839
    outer loop
      vertex 6.52048 3.58466 30.47
      vertex 6.01978 4.37363 30.47
      vertex 6.36582 3.49964 30.9326
    endloop
  endfacet
  facet normal 0.344033 0.868918 0.35584
    outer loop
      vertex 2.29935 7.07668 30.47
      vertex 2.24481 6.90883 30.9326
      vertex 3.16816 6.73269 30.47
    endloop
  endfacet
  facet normal 0.232413 0.905188 0.355835
    outer loop
      vertex 1.39428 7.30906 30.47
      vertex 1.36121 7.1357 30.9326
      vertex 2.24481 6.90883 30.9326
    endloop
  endfacet
  facet normal -0.0913485 0.72314 0.684634
    outer loop
      vertex -0.437859 6.95956 31.3805
      vertex -1.30667 6.84981 31.3805
      vertex -0.412678 6.55933 31.8066
    endloop
  endfacet
  facet normal 0.181789 -0.193589 0.964093
    outer loop
      vertex 2.32785 -2.18599 33.3931
      vertex 2.03551 -2.46051 33.3931
      vertex 2.92951 -2.75099 33.1662
    endloop
  endfacet
  facet normal 0.288784 -0.183269 0.939689
    outer loop
      vertex 4.18934 -2.30311 32.8894
      vertex 3.52161 -1.93602 33.1662
      vertex 3.86765 -2.81001 32.8894
    endloop
  endfacet
  facet normal 0.250174 -0.344337 0.904901
    outer loop
      vertex 3.04732 -3.68358 32.8894
      vertex 2.56162 -4.03646 32.8894
      vertex 3.48497 -4.2126 32.5671
    endloop
  endfacet
  facet normal 0.20104 -0.276708 0.939689
    outer loop
      vertex 2.56162 -3.09646 33.1662
      vertex 2.15333 -3.3931 33.1662
      vertex 2.56162 -4.03646 32.8894
    endloop
  endfacet
  facet normal -0.0332829 -0.26347 0.964093
    outer loop
      vertex -0.200511 -3.18704 33.3931
      vertex -0.598372 -3.13678 33.3931
      vertex -0.252336 -4.01077 33.1662
    endloop
  endfacet
  facet normal -0.125911 -0.318012 0.939689
    outer loop
      vertex -1.71108 -3.63623 33.1662
      vertex -2.03551 -4.32569 32.8894
      vertex -1.47731 -4.5467 32.8894
    endloop
  endfacet
  facet normal 0.364201 -0.501273 0.784909
    outer loop
      vertex 3.86765 -4.67519 32.2042
      vertex 3.52161 -5.54918 31.8066
      vertex 4.18934 -5.06404 31.8066
    endloop
  endfacet
  facet normal 0.0428661 -0.339332 0.939689
    outer loop
      vertex 0.753029 -3.94752 33.1662
      vertex 0.252336 -4.01077 33.1662
      vertex 0.30018 -4.77125 32.8894
    endloop
  endfacet
  facet normal 0.354632 -0.377646 0.855348
    outer loop
      vertex 4.42311 -4.15358 32.2042
      vertex 3.48497 -4.2126 32.5671
      vertex 3.86765 -4.67519 32.2042
    endloop
  endfacet
  facet normal 0.615419 -0.390559 0.684634
    outer loop
      vertex 5.75935 -3.16623 31.8066
      vertex 5.3171 -3.8631 31.8066
      vertex 6.11077 -3.35942 31.3805
    endloop
  endfacet
  facet normal -0.308852 -0.780088 0.544126
    outer loop
      vertex -2.15487 -6.63202 31.3805
      vertex -2.9691 -6.30965 31.3805
      vertex -2.24481 -6.90883 30.9326
    endloop
  endfacet
  facet normal -0.268315 -0.677699 0.684639
    outer loop
      vertex -2.79835 -5.94679 31.8066
      vertex -2.9691 -6.30965 31.3805
      vertex -2.15487 -6.63202 31.3805
    endloop
  endfacet
  facet normal 0.365259 -0.922529 0.124602
    outer loop
      vertex 3.19239 -6.78651 30.0005
      vertex 3.16816 -6.73269 30.47
      vertex 2.29935 -7.07668 30.47
    endloop
  endfacet
  facet normal 0.358183 -0.925306 0.124555
    outer loop
      vertex 3.16816 -6.73269 30.47
      vertex 3.19239 -6.78651 30.0005
      vertex 3.19332 -6.78615 30.0005
    endloop
  endfacet
  facet normal 0.561619 -0.464608 0.684634
    outer loop
      vertex 5.3171 -3.8631 31.8066
      vertex 4.791 -4.49905 31.8066
      vertex 5.08333 -4.77357 31.3805
    endloop
  endfacet
  facet normal -0.194225 0.0122228 0.980881
    outer loop
      vertex -2.29935 0.290475 33.5665
      vertex -3.19334 0 33.3931
      vertex -2.31763 0 33.5665
    endloop
  endfacet
  facet normal -0.125306 -0.0239031 0.99183
    outer loop
      vertex -1.39428 -0.176138 33.6836
      vertex -2.24481 -0.57637 33.5665
      vertex -1.36121 -0.349499 33.6836
    endloop
  endfacet
  facet normal -0.121321 -0.0394218 0.99183
    outer loop
      vertex -1.36121 -0.349499 33.6836
      vertex -2.24481 -0.57637 33.5665
      vertex -1.30667 -0.517347 33.6836
    endloop
  endfacet
  facet normal -0.125305 -0.0239044 0.99183
    outer loop
      vertex -1.39428 -0.176138 33.6836
      vertex -2.29935 -0.290475 33.5665
      vertex -2.24481 -0.57637 33.5665
    endloop
  endfacet
  facet normal -0.063014 -0.00396391 0.998005
    outer loop
      vertex -0.470928 0 33.7426
      vertex -1.40536 0 33.6836
      vertex -1.39428 -0.176138 33.6836
    endloop
  endfacet
  facet normal 0.156097 0.214842 0.964094
    outer loop
      vertex 2.56162 3.09646 33.1662
      vertex 1.71108 2.69623 33.3931
      vertex 2.03551 2.46051 33.3931
    endloop
  endfacet
  facet normal -0.063014 0.00396407 0.998005
    outer loop
      vertex -0.467215 0.0590229 33.7426
      vertex -1.39428 0.176138 33.6836
      vertex -0.470928 0 33.7426
    endloop
  endfacet
  facet normal 0.115424 0.0543143 0.99183
    outer loop
      vertex 2.03095 1.11652 33.5665
      vertex 1.30667 0.517347 33.6836
      vertex 2.15487 0.853175 33.5665
    endloop
  endfacet
  facet normal 0.156095 0.214846 0.964093
    outer loop
      vertex 2.15333 3.3931 33.1662
      vertex 1.71108 2.69623 33.3931
      vertex 2.56162 3.09646 33.1662
    endloop
  endfacet
  facet normal -0.517026 0.0325319 0.855351
    outer loop
      vertex -6.01978 0.760475 32.2042
      vertex -6.06763 0 32.2042
      vertex -5.46726 0 32.5671
    endloop
  endfacet
  facet normal 0.325289 0.105698 0.939689
    outer loop
      vertex 4.44496 1.75988 32.8894
      vertex 3.73649 1.47938 33.1662
      vertex 3.89245 0.99941 33.1662
    endloop
  endfacet
  facet normal 0.0850576 0.331286 0.939689
    outer loop
      vertex 0.895809 4.696 32.8894
      vertex 0.753029 3.94752 33.1662
      vertex 1.47731 4.5467 32.8894
    endloop
  endfacet
  facet normal -0.888802 0.288796 0.355848
    outer loop
      vertex -6.91834 2.73916 30.47
      vertex -7.03615 1.80658 30.9326
      vertex -6.75424 2.67419 30.9326
    endloop
  endfacet
  facet normal -0.335973 0.064086 0.939689
    outer loop
      vertex -4.63049 1.18891 32.8894
      vertex -4.74298 0.599177 32.8894
      vertex -3.98701 0.503676 33.1662
    endloop
  endfacet
  facet normal -0.679209 0.72329 0.124608
    outer loop
      vertex -4.78136 5.77812 30.0005
      vertex -5.46722 5.13406 30.0005
      vertex -5.42415 5.09362 30.47
    endloop
  endfacet
  facet normal -0.973928 0.189597 0.12457
    outer loop
      vertex -7.38219 0.932587 30.47
      vertex -7.44061 0.940967 30.0005
      vertex -7.4408 0.939991 30.0005
    endloop
  endfacet
  facet normal -0.974632 0.185926 0.124592
    outer loop
      vertex -7.44061 0.940967 30.0005
      vertex -7.38219 0.932587 30.47
      vertex -7.20709 1.85047 30.47
    endloop
  endfacet
  facet normal -0.974629 0.185936 0.1246
    outer loop
      vertex -7.30911 1.63033 30.0005
      vertex -7.20709 1.85047 30.47
      vertex -7.26431 1.86516 30.0005
    endloop
  endfacet
  facet normal -0.974551 0.185887 0.125284
    outer loop
      vertex -7.37436 1.28858 30
      vertex -7.30911 1.63033 30.0005
      vertex -7.30918 1.6303 30
    endloop
  endfacet
  facet normal -0.97521 0.186021 0.119843
    outer loop
      vertex -7.37431 1.28852 30.0005
      vertex -7.30911 1.63033 30.0005
      vertex -7.37436 1.28858 30
    endloop
  endfacet
  facet normal -0.974633 0.18591 0.124613
    outer loop
      vertex -7.30911 1.63033 30.0005
      vertex -7.37431 1.28852 30.0005
      vertex -7.20709 1.85047 30.47
    endloop
  endfacet
  facet normal -0.974632 0.185923 0.124598
    outer loop
      vertex -7.20709 1.85047 30.47
      vertex -7.37431 1.28852 30.0005
      vertex -7.44061 0.940967 30.0005
    endloop
  endfacet
  facet normal -0.16431 0.104276 0.980882
    outer loop
      vertex -2.58347 1.877 33.3931
      vertex -2.79835 1.53841 33.3931
      vertex -2.03095 1.11652 33.5665
    endloop
  endfacet
  facet normal -0.477417 0.394951 0.784912
    outer loop
      vertex -4.791 4.49905 31.8066
      vertex -5.3171 3.8631 31.8066
      vertex -4.42311 4.15358 32.2042
    endloop
  endfacet
  facet normal -0.523148 -0.332002 0.784914
    outer loop
      vertex -5.3171 -2.9231 32.2042
      vertex -5.75935 -3.16623 31.8066
      vertex -5.3171 -3.8631 31.8066
    endloop
  endfacet
  facet normal -0.26086 0.0497588 0.964093
    outer loop
      vertex -3.09302 0.794152 33.3931
      vertex -3.98701 0.503676 33.1662
      vertex -3.16816 0.400231 33.3931
    endloop
  endfacet
  facet normal -0.107709 0.0683506 0.99183
    outer loop
      vertex -1.875 1.36227 33.5665
      vertex -2.03095 1.11652 33.5665
      vertex -1.23153 0.677037 33.6836
    endloop
  endfacet
  facet normal -0.549308 -0.756068 0.35584
    outer loop
      vertex -3.89245 -6.13351 30.9326
      vertex -4.63049 -5.5973 30.9326
      vertex -3.98701 -6.28253 30.47
    endloop
  endfacet
  facet normal -0.618386 -0.0389096 0.784911
    outer loop
      vertex -6.06763 0 32.2042
      vertex -6.5723 0 31.8066
      vertex -6.01978 -0.760475 32.2042
    endloop
  endfacet
  facet normal -0.824151 -0.157213 0.544113
    outer loop
      vertex -6.91834 -0.873989 31.3805
      vertex -7.20709 -0.910467 30.9326
      vertex -7.03615 -1.80658 30.9326
    endloop
  endfacet
  facet normal -0.105843 -0.412253 0.904901
    outer loop
      vertex -1.47731 -4.5467 32.8894
      vertex -1.68948 -5.19968 32.5671
      vertex -1.02446 -5.37042 32.5671
    endloop
  endfacet
  facet normal -0.0982888 -0.081314 0.99183
    outer loop
      vertex -1.13696 -0.826049 33.6836
      vertex -1.875 -1.36227 33.5665
      vertex -1.02446 -0.962034 33.6836
    endloop
  endfacet
  facet normal -0.156684 -0.395732 0.904901
    outer loop
      vertex -2.03551 -4.32569 32.8894
      vertex -2.32785 -4.94693 32.5671
      vertex -1.47731 -4.5467 32.8894
    endloop
  endfacet
  facet normal -0.498955 -0.531339 0.684634
    outer loop
      vertex -4.791 -4.49905 31.8066
      vertex -5.08333 -4.77357 31.3805
      vertex -4.18934 -5.06404 31.8066
    endloop
  endfacet
  facet normal -0.327948 -0.271307 0.904899
    outer loop
      vertex -3.48497 -3.2726 32.8894
      vertex -4.42311 -3.21358 32.5671
      vertex -3.98546 -3.7426 32.5671
    endloop
  endfacet
  facet normal -0.428433 -0.589681 0.684632
    outer loop
      vertex -3.52161 -5.54918 31.8066
      vertex -4.18934 -5.06404 31.8066
      vertex -3.73649 -5.88777 31.3805
    endloop
  endfacet
  facet normal -0.0977601 -0.246915 0.964093
    outer loop
      vertex -0.986797 -3.03705 33.3931
      vertex -1.71108 -3.63623 33.1662
      vertex -1.24185 -3.82201 33.1662
    endloop
  endfacet
  facet normal -0.249568 -0.453972 0.855351
    outer loop
      vertex -2.92951 -4.61616 32.5671
      vertex -3.2512 -5.12307 32.2042
      vertex -2.58347 -5.49015 32.2042
    endloop
  endfacet
  facet normal -0.25257 -0.0820624 0.964092
    outer loop
      vertex -3.09302 -0.794152 33.3931
      vertex -3.73649 -1.47938 33.1662
      vertex -2.9691 -1.17555 33.3931
    endloop
  endfacet
  facet normal -0.190713 -0.481675 0.855347
    outer loop
      vertex -2.32785 -4.94693 32.5671
      vertex -2.58347 -5.49015 32.2042
      vertex -1.875 -5.77066 32.2042
    endloop
  endfacet
  facet normal -0.679212 -0.723288 0.124601
    outer loop
      vertex -4.78136 -5.77812 30.0005
      vertex -4.74298 -5.73328 30.47
      vertex -5.42415 -5.09362 30.47
    endloop
  endfacet
  facet normal -0.681274 -0.721349 0.124585
    outer loop
      vertex -4.74298 -5.73328 30.47
      vertex -4.78136 -5.77812 30.0005
      vertex -4.78064 -5.7788 30.0005
    endloop
  endfacet
  facet normal -0.839137 -0.529455 0.124605
    outer loop
      vertex -6.57171 -3.61396 30.0005
      vertex -6.52048 -3.58466 30.47
      vertex -6.57224 -3.61312 30.0005
    endloop
  endfacet
  facet normal -0.837747 -0.531655 0.124591
    outer loop
      vertex -6.52048 -3.58466 30.47
      vertex -6.57171 -3.61396 30.0005
      vertex -6.01978 -4.37363 30.47
    endloop
  endfacet
  facet normal -0.117132 -0.927179 0.355835
    outer loop
      vertex -1.36121 -7.1357 30.9326
      vertex -1.39428 -7.30906 30.47
      vertex -0.456133 -7.25004 30.9326
    endloop
  endfacet
  facet normal -0.358183 -0.925306 0.124555
    outer loop
      vertex -3.19239 -6.78651 30.0005
      vertex -3.16816 -6.73269 30.47
      vertex -3.19332 -6.78615 30.0005
    endloop
  endfacet
  facet normal -0.365259 -0.922529 0.124602
    outer loop
      vertex -3.16816 -6.73269 30.47
      vertex -3.19239 -6.78651 30.0005
      vertex -2.29935 -7.07668 30.47
    endloop
  endfacet
  facet normal -0.124351 -0.984387 0.124577
    outer loop
      vertex -1.40536 -7.36715 30
      vertex -1.29522 -7.381 30.0005
      vertex -0.467215 -7.42618 30.47
    endloop
  endfacet
  facet normal -0.124283 -0.983632 0.130464
    outer loop
      vertex -1.29522 -7.381 30.0005
      vertex -1.40536 -7.36715 30
      vertex -1.29527 -7.38106 30
    endloop
  endfacet
  facet normal -0.124365 -0.984382 0.124602
    outer loop
      vertex -0.467215 -7.42618 30.47
      vertex -1.29522 -7.381 30.0005
      vertex -0.470924 -7.48514 30.0005
    endloop
  endfacet
  facet normal 0.639746 -0.681261 0.355821
    outer loop
      vertex 5.42415 -5.09362 30.47
      vertex 4.63049 -5.5973 30.9326
      vertex 4.74298 -5.73328 30.47
    endloop
  endfacet
  facet normal 0.450218 -0.818955 0.355833
    outer loop
      vertex 3.98701 -6.28253 30.47
      vertex 3.09302 -6.573 30.9326
      vertex 3.16816 -6.73269 30.47
    endloop
  endfacet
  facet normal 0.839137 -0.529455 0.124605
    outer loop
      vertex 6.52048 -3.58466 30.47
      vertex 6.57171 -3.61396 30.0005
      vertex 6.57224 -3.61312 30.0005
    endloop
  endfacet
  facet normal 0.837747 -0.531655 0.124591
    outer loop
      vertex 6.57171 -3.61396 30.0005
      vertex 6.52048 -3.58466 30.47
      vertex 6.01978 -4.37363 30.47
    endloop
  endfacet
  facet normal -0.943647 0.306608 0.124587
    outer loop
      vertex -6.97326 2.76091 30.0005
      vertex -7.264 1.8661 30.0005
      vertex -6.91834 2.73916 30.47
    endloop
  endfacet
  facet normal 0.932701 -0.0586772 0.355845
    outer loop
      vertex 7.44086 0 30.47
      vertex 7.20709 -0.910467 30.9326
      vertex 7.38219 -0.932587 30.47
    endloop
  endfacet
  facet normal 0.942292 -0.310756 0.124564
    outer loop
      vertex 7.20709 -1.85047 30.47
      vertex 7.264 -1.8661 30.0005
      vertex 7.26431 -1.86516 30.0005
    endloop
  endfacet
  facet normal 0.943647 -0.306606 0.12459
    outer loop
      vertex 7.264 -1.8661 30.0005
      vertex 7.20709 -1.85047 30.47
      vertex 6.91834 -2.73916 30.47
    endloop
  endfacet
  facet normal 0.824151 -0.157213 0.544113
    outer loop
      vertex 7.20709 -0.910467 30.9326
      vertex 6.91834 -0.873989 31.3805
      vertex 7.03615 -1.80658 30.9326
    endloop
  endfacet
  facet normal 0.82414 -0.157221 0.544127
    outer loop
      vertex 6.91834 -0.873989 31.3805
      vertex 6.75424 -1.73419 31.3805
      vertex 7.03615 -1.80658 30.9326
    endloop
  endfacet
  facet normal 0.99025 -0.062294 0.1246
    outer loop
      vertex 7.49987 -0.00099157 30.0005
      vertex 7.38219 -0.932587 30.47
      vertex 7.4408 -0.939991 30.0005
    endloop
  endfacet
  facet normal 0.989751 -0.0698716 0.124546
    outer loop
      vertex 7.44086 0 30.47
      vertex 7.49987 -0.00099157 30.0005
      vertex 7.49994 0 30.0005
    endloop
  endfacet
  facet normal 0.99025 -0.0622977 0.124593
    outer loop
      vertex 7.49987 -0.00099157 30.0005
      vertex 7.44086 0 30.47
      vertex 7.38219 -0.932587 30.47
    endloop
  endfacet
  facet normal 0.72745 0.0457617 0.684633
    outer loop
      vertex 6.91834 0.873989 31.3805
      vertex 6.5723 0 31.8066
      vertex 6.97332 0 31.3805
    endloop
  endfacet
  facet normal 0.589281 0.191467 0.784913
    outer loop
      vertex 6.11077 2.41943 31.8066
      vertex 5.64154 2.23364 32.2042
      vertex 6.36582 1.63446 31.8066
    endloop
  endfacet
  facet normal 0.359363 -0.22806 0.904902
    outer loop
      vertex 4.18934 -2.30311 32.8894
      vertex 3.86765 -2.81001 32.8894
      vertex 4.42311 -3.21358 32.5671
    endloop
  endfacet
  facet normal 0.28879 -0.183266 0.939688
    outer loop
      vertex 3.52161 -1.93602 33.1662
      vertex 3.2512 -2.36213 33.1662
      vertex 3.86765 -2.81001 32.8894
    endloop
  endfacet
  facet normal 0.309478 -0.145627 0.939689
    outer loop
      vertex 4.44496 -1.75988 32.8894
      vertex 3.52161 -1.93602 33.1662
      vertex 4.18934 -2.30311 32.8894
    endloop
  endfacet
  facet normal 0.589281 -0.191467 0.784913
    outer loop
      vertex 5.877 -1.50896 32.2042
      vertex 5.64154 -2.23364 32.2042
      vertex 6.36582 -1.63446 31.8066
    endloop
  endfacet
  facet normal 0.359367 -0.228058 0.9049
    outer loop
      vertex 4.791 -2.63387 32.5671
      vertex 4.18934 -2.30311 32.8894
      vertex 4.42311 -3.21358 32.5671
    endloop
  endfacet
  facet normal 0.492694 -0.160084 0.855351
    outer loop
      vertex 5.877 -1.50896 32.2042
      vertex 5.08333 -2.01263 32.5671
      vertex 5.64154 -2.23364 32.2042
    endloop
  endfacet
  facet normal 0.582393 0.803301 0.124599
    outer loop
      vertex 4.77984 5.77938 30.0005
      vertex 4.74298 5.73328 30.47
      vertex 4.78064 5.7788 30.0005
    endloop
  endfacet
  facet normal 0.583208 0.802709 0.124605
    outer loop
      vertex 4.74298 5.73328 30.47
      vertex 4.77984 5.77938 30.0005
      vertex 3.98701 6.28253 30.47
    endloop
  endfacet
  facet normal 0.549321 0.756067 0.355822
    outer loop
      vertex 4.74298 5.73328 30.47
      vertex 3.98701 6.28253 30.47
      vertex 4.63049 5.5973 30.9326
    endloop
  endfacet
  facet normal 0 0.992207 0.124602
    outer loop
      vertex 0.470924 7.48514 30.0005
      vertex -0.467215 7.42618 30.47
      vertex 0.467215 7.42618 30.47
    endloop
  endfacet
  facet normal 0 0.992207 0.124602
    outer loop
      vertex -0.467215 7.42618 30.47
      vertex 0.470924 7.48514 30.0005
      vertex -0.470924 7.48514 30.0005
    endloop
  endfacet
  facet normal 0.365256 0.922531 0.124595
    outer loop
      vertex 2.31761 7.13286 30.0005
      vertex 2.29935 7.07668 30.47
      vertex 3.19239 6.78651 30.0005
    endloop
  endfacet
  facet normal 0.268315 0.677699 0.684639
    outer loop
      vertex 2.9691 6.30965 31.3805
      vertex 2.15487 6.63202 31.3805
      vertex 2.79835 5.94679 31.8066
    endloop
  endfacet
  facet normal 0.268326 0.677704 0.68463
    outer loop
      vertex 2.15487 6.63202 31.3805
      vertex 2.03095 6.25063 31.8066
      vertex 2.79835 5.94679 31.8066
    endloop
  endfacet
  facet normal -0.23241 0.905187 0.355839
    outer loop
      vertex -1.39428 7.30906 30.47
      vertex -2.29935 7.07668 30.47
      vertex -2.24481 6.90883 30.9326
    endloop
  endfacet
  facet normal 0 0.619604 0.784915
    outer loop
      vertex 0.412678 6.55933 31.8066
      vertex -0.380989 6.05565 32.2042
      vertex 0.380989 6.05565 32.2042
    endloop
  endfacet
  facet normal 0 0.619604 0.784915
    outer loop
      vertex -0.380989 6.05565 32.2042
      vertex 0.412678 6.55933 31.8066
      vertex -0.412678 6.55933 31.8066
    endloop
  endfacet
  facet normal 0 0.194607 0.980881
    outer loop
      vertex 0.200511 3.18704 33.3931
      vertex -0.145525 2.31305 33.5665
      vertex 0.145525 2.31305 33.5665
    endloop
  endfacet
  facet normal 0 0.194607 0.980881
    outer loop
      vertex -0.145525 2.31305 33.5665
      vertex 0.200511 3.18704 33.3931
      vertex -0.200511 3.18704 33.3931
    endloop
  endfacet
  facet normal 0.128829 0.501779 0.855349
    outer loop
      vertex 1.875 5.77066 32.2042
      vertex 1.02446 5.37042 32.5671
      vertex 1.68948 5.19968 32.5671
    endloop
  endfacet
  facet normal 0.341355 -0.0214772 0.939689
    outer loop
      vertex 4.0187 0 33.1662
      vertex 3.98701 -0.503676 33.1662
      vertex 4.78068 0 32.8894
    endloop
  endfacet
  facet normal 0.26504 -0.0166746 0.964093
    outer loop
      vertex 3.19334 0 33.3931
      vertex 3.16816 -0.400231 33.3931
      vertex 3.98701 -0.503676 33.1662
    endloop
  endfacet
  facet normal 0.291364 0.310265 0.904899
    outer loop
      vertex 3.48497 4.2126 32.5671
      vertex 3.48497 3.2726 32.8894
      vertex 3.98546 3.7426 32.5671
    endloop
  endfacet
  facet normal 0.240292 0.113074 0.964092
    outer loop
      vertex 3.52161 1.93602 33.1662
      vertex 2.9691 1.17555 33.3931
      vertex 3.73649 1.47938 33.1662
    endloop
  endfacet
  facet normal 0.19116 -0.0364635 0.980881
    outer loop
      vertex 3.16816 -0.400231 33.3931
      vertex 2.24481 -0.57637 33.5665
      vertex 3.09302 -0.794152 33.3931
    endloop
  endfacet
  facet normal 0.26086 -0.0497588 0.964093
    outer loop
      vertex 3.16816 -0.400231 33.3931
      vertex 3.09302 -0.794152 33.3931
      vertex 3.98701 -0.503676 33.1662
    endloop
  endfacet
  facet normal 0.0977619 -0.246913 0.964094
    outer loop
      vertex 1.35966 -2.88942 33.3931
      vertex 0.986797 -3.03705 33.3931
      vertex 1.71108 -3.63623 33.1662
    endloop
  endfacet
  facet normal 0.49315 0.678772 0.544124
    outer loop
      vertex 3.89245 6.13351 30.9326
      vertex 3.73649 5.88777 31.3805
      vertex 4.63049 5.5973 30.9326
    endloop
  endfacet
  facet normal 0.404197 0.735225 0.544123
    outer loop
      vertex 3.89245 6.13351 30.9326
      vertex 2.9691 6.30965 31.3805
      vertex 3.73649 5.88777 31.3805
    endloop
  endfacet
  facet normal -0.228097 0.576094 0.784912
    outer loop
      vertex -1.875 5.77066 32.2042
      vertex -2.79835 5.94679 31.8066
      vertex -2.58347 5.49015 32.2042
    endloop
  endfacet
  facet normal 0 0.265564 0.964093
    outer loop
      vertex 0.252336 4.01077 33.1662
      vertex -0.200511 3.18704 33.3931
      vertex 0.200511 3.18704 33.3931
    endloop
  endfacet
  facet normal 0 0.265564 0.964093
    outer loop
      vertex -0.200511 3.18704 33.3931
      vertex 0.252336 4.01077 33.1662
      vertex -0.252336 4.01077 33.1662
    endloop
  endfacet
  facet normal 0.364199 0.501273 0.784911
    outer loop
      vertex 3.52161 5.54918 31.8066
      vertex 3.2512 5.12307 32.2042
      vertex 3.86765 4.67519 32.2042
    endloop
  endfacet
  facet normal 0.250174 0.344337 0.904901
    outer loop
      vertex 3.48497 4.2126 32.5671
      vertex 2.56162 4.03646 32.8894
      vertex 3.04732 3.68358 32.8894
    endloop
  endfacet
  facet normal 0.399172 0.330218 0.855346
    outer loop
      vertex 4.42311 4.15358 32.2042
      vertex 4.42311 3.21358 32.5671
      vertex 4.90881 3.56646 32.2042
    endloop
  endfacet
  facet normal 0.468743 0.220577 0.855351
    outer loop
      vertex 5.3171 2.9231 32.2042
      vertex 5.08333 2.01263 32.5671
      vertex 5.64154 2.23364 32.2042
    endloop
  endfacet
  facet normal 0.428433 0.589681 0.684632
    outer loop
      vertex 3.73649 5.88777 31.3805
      vertex 3.52161 5.54918 31.8066
      vertex 4.18934 5.06404 31.8066
    endloop
  endfacet
  facet normal 0.351138 0.638726 0.68464
    outer loop
      vertex 2.9691 6.30965 31.3805
      vertex 2.79835 5.94679 31.8066
      vertex 3.52161 5.54918 31.8066
    endloop
  endfacet
  facet normal 0.646467 0.534812 0.544111
    outer loop
      vertex 5.877 4.26989 30.9326
      vertex 5.08333 4.77357 31.3805
      vertex 5.64154 4.09882 31.3805
    endloop
  endfacet
  facet normal 0.639747 0.681257 0.355828
    outer loop
      vertex 5.42415 5.09362 30.47
      vertex 4.63049 5.5973 30.9326
      vertex 5.2955 4.97281 30.9326
    endloop
  endfacet
  facet normal 0.561608 0.464609 0.684642
    outer loop
      vertex 5.64154 4.09882 31.3805
      vertex 5.08333 4.77357 31.3805
      vertex 5.3171 3.8631 31.8066
    endloop
  endfacet
  facet normal 0.659517 0.310344 0.684634
    outer loop
      vertex 6.11077 3.35942 31.3805
      vertex 5.75935 3.16623 31.8066
      vertex 6.48363 2.56705 31.3805
    endloop
  endfacet
  facet normal 0.88881 0.288789 0.355833
    outer loop
      vertex 7.20709 1.85047 30.47
      vertex 6.91834 2.73916 30.47
      vertex 7.03615 1.80658 30.9326
    endloop
  endfacet
  facet normal 0.974632 0.185926 0.124592
    outer loop
      vertex 7.38219 0.932587 30.47
      vertex 7.44061 0.940967 30.0005
      vertex 7.20709 1.85047 30.47
    endloop
  endfacet
  facet normal 0.973928 0.189597 0.12457
    outer loop
      vertex 7.44061 0.940967 30.0005
      vertex 7.38219 0.932587 30.47
      vertex 7.4408 0.939991 30.0005
    endloop
  endfacet
  facet normal 0.845601 0.397908 0.355848
    outer loop
      vertex 6.91834 2.73916 30.47
      vertex 6.52048 3.58466 30.47
      vertex 6.75424 2.67419 30.9326
    endloop
  endfacet
  facet normal 0.759161 0.357227 0.544117
    outer loop
      vertex 6.75424 2.67419 30.9326
      vertex 6.36582 3.49964 30.9326
      vertex 6.48363 2.56705 31.3805
    endloop
  endfacet
  facet normal 0.943647 0.306608 0.124587
    outer loop
      vertex 6.97326 2.76091 30.0005
      vertex 6.91834 2.73916 30.47
      vertex 7.264 1.8661 30.0005
    endloop
  endfacet
  facet normal 0.764509 0.632454 0.124609
    outer loop
      vertex 5.46722 5.13406 30.0005
      vertex 5.42415 5.09362 30.47
      vertex 6.06694 4.40912 30.0005
    endloop
  endfacet
  facet normal 0.308852 0.780088 0.544126
    outer loop
      vertex 2.24481 6.90883 30.9326
      vertex 2.15487 6.63202 31.3805
      vertex 2.9691 6.30965 31.3805
    endloop
  endfacet
  facet normal 0.20866 0.812642 0.544127
    outer loop
      vertex 2.24481 6.90883 30.9326
      vertex 1.30667 6.84981 31.3805
      vertex 2.15487 6.63202 31.3805
    endloop
  endfacet
  facet normal 0.477993 0.869479 0.124616
    outer loop
      vertex 3.19419 6.78567 30.0005
      vertex 3.16816 6.73269 30.47
      vertex 3.98701 6.28253 30.47
    endloop
  endfacet
  facet normal 0.479312 0.868754 0.124607
    outer loop
      vertex 3.16816 6.73269 30.47
      vertex 3.19419 6.78567 30.0005
      vertex 3.19332 6.78615 30.0005
    endloop
  endfacet
  facet normal 0.156097 -0.214842 0.964094
    outer loop
      vertex 2.03551 -2.46051 33.3931
      vertex 1.71108 -2.69623 33.3931
      vertex 2.56162 -3.09646 33.1662
    endloop
  endfacet
  facet normal 0.154083 -0.600136 0.784917
    outer loop
      vertex 1.875 -5.77066 32.2042
      vertex 1.13696 -5.96015 32.2042
      vertex 1.23153 -6.45589 31.8066
    endloop
  endfacet
  facet normal 0.0913485 -0.72314 0.684634
    outer loop
      vertex 1.30667 -6.84981 31.3805
      vertex 0.412678 -6.55933 31.8066
      vertex 0.437859 -6.95956 31.3805
    endloop
  endfacet
  facet normal 0.201039 -0.276708 0.939689
    outer loop
      vertex 2.56162 -3.09646 33.1662
      vertex 2.56162 -4.03646 32.8894
      vertex 3.04732 -3.68358 32.8894
    endloop
  endfacet
  facet normal 0.114392 -0.157439 0.980881
    outer loop
      vertex 1.47731 -1.78576 33.5665
      vertex 1.24185 -1.95684 33.5665
      vertex 1.71108 -2.69623 33.3931
    endloop
  endfacet
  facet normal 0 -0.127566 0.99183
    outer loop
      vertex -0.0882425 -1.40259 33.6836
      vertex 0.145525 -2.31305 33.5665
      vertex 0.0882425 -1.40259 33.6836
    endloop
  endfacet
  facet normal 0 -0.127566 0.99183
    outer loop
      vertex 0.145525 -2.31305 33.5665
      vertex -0.0882425 -1.40259 33.6836
      vertex -0.145525 -2.31305 33.5665
    endloop
  endfacet
  facet normal -0.263542 -0.218017 0.939688
    outer loop
      vertex -3.2512 -2.36213 33.1662
      vertex -3.86765 -2.81001 32.8894
      vertex -3.48497 -3.2726 32.8894
    endloop
  endfacet
  facet normal -0.0317238 -0.123557 0.99183
    outer loop
      vertex -0.434279 -1.33658 33.6836
      vertex -0.434279 -2.27658 33.5665
      vertex -0.263338 -1.38047 33.6836
    endloop
  endfacet
  facet normal 0 -0.839004 0.544126
    outer loop
      vertex -0.456133 -7.25004 30.9326
      vertex 0.437859 -6.95956 31.3805
      vertex -0.437859 -6.95956 31.3805
    endloop
  endfacet
  facet normal 0 -0.839004 0.544126
    outer loop
      vertex 0.437859 -6.95956 31.3805
      vertex -0.456133 -7.25004 30.9326
      vertex 0.456133 -7.25004 30.9326
    endloop
  endfacet
  facet normal 0.659517 -0.310344 0.684634
    outer loop
      vertex 6.48363 -2.56705 31.3805
      vertex 5.75935 -3.16623 31.8066
      vertex 6.11077 -3.35942 31.3805
    endloop
  endfacet
  facet normal 0.354633 -0.377638 0.855351
    outer loop
      vertex 3.98546 -3.7426 32.5671
      vertex 3.48497 -4.2126 32.5671
      vertex 4.42311 -4.15358 32.2042
    endloop
  endfacet
  facet normal 0.105149 -0.832389 0.544125
    outer loop
      vertex 1.30667 -6.84981 31.3805
      vertex 0.437859 -6.95956 31.3805
      vertex 0.456133 -7.25004 30.9326
    endloop
  endfacet
  facet normal 0.105846 -0.412254 0.9049
    outer loop
      vertex 1.47731 -4.5467 32.8894
      vertex 0.895809 -4.696 32.8894
      vertex 1.02446 -5.37042 32.5671
    endloop
  endfacet
  facet normal 0 -0.728887 0.684634
    outer loop
      vertex -0.437859 -6.95956 31.3805
      vertex 0.412678 -6.55933 31.8066
      vertex -0.412678 -6.55933 31.8066
    endloop
  endfacet
  facet normal 0 -0.728887 0.684634
    outer loop
      vertex 0.412678 -6.55933 31.8066
      vertex -0.437859 -6.95956 31.3805
      vertex 0.437859 -6.95956 31.3805
    endloop
  endfacet
  facet normal 0.246745 -0.961036 0.124605
    outer loop
      vertex 1.40536 -7.36715 30
      vertex 1.63023 -7.30935 30.0005
      vertex 2.29935 -7.07668 30.47
    endloop
  endfacet
  facet normal 0.24625 -0.95923 0.138702
    outer loop
      vertex 1.63023 -7.30935 30.0005
      vertex 1.40536 -7.36715 30
      vertex 1.6302 -7.30943 30
    endloop
  endfacet
  facet normal 0.246753 -0.961036 0.124594
    outer loop
      vertex 2.29935 -7.07668 30.47
      vertex 1.63023 -7.30935 30.0005
      vertex 2.31761 -7.13286 30.0005
    endloop
  endfacet
  facet normal 0.639747 -0.681257 0.355828
    outer loop
      vertex 5.2955 -4.97281 30.9326
      vertex 4.63049 -5.5973 30.9326
      vertex 5.42415 -5.09362 30.47
    endloop
  endfacet
  facet normal -0.127313 -0.00801199 0.99183
    outer loop
      vertex -1.39428 -0.176138 33.6836
      vertex -2.31763 0 33.5665
      vertex -2.29935 -0.290475 33.5665
    endloop
  endfacet
  facet normal -0.191161 -0.0364676 0.980881
    outer loop
      vertex -2.29935 -0.290475 33.5665
      vertex -3.16816 -0.400231 33.3931
      vertex -2.24481 -0.57637 33.5665
    endloop
  endfacet
  facet normal -0.194224 -0.0122193 0.980881
    outer loop
      vertex -2.29935 -0.290475 33.5665
      vertex -3.19334 0 33.3931
      vertex -3.16816 -0.400231 33.3931
    endloop
  endfacet
  facet normal -0.127313 0.00801199 0.99183
    outer loop
      vertex -2.29935 0.290475 33.5665
      vertex -2.31763 0 33.5665
      vertex -1.39428 0.176138 33.6836
    endloop
  endfacet
  facet normal -0.0304163 0.0553291 0.998005
    outer loop
      vertex -0.200511 0.426108 33.7426
      vertex -0.598372 1.27161 33.6836
      vertex -0.252336 0.397618 33.7426
    endloop
  endfacet
  facet normal -0.127312 -0.00800862 0.99183
    outer loop
      vertex -1.40536 0 33.6836
      vertex -2.31763 0 33.5665
      vertex -1.39428 -0.176138 33.6836
    endloop
  endfacet
  facet normal -0.107705 -0.0683544 0.99183
    outer loop
      vertex -1.23153 -0.677037 33.6836
      vertex -1.875 -1.36227 33.5665
      vertex -1.13696 -0.826049 33.6836
    endloop
  endfacet
  facet normal 0.0977601 -0.246915 0.964093
    outer loop
      vertex 1.71108 -3.63623 33.1662
      vertex 0.986797 -3.03705 33.3931
      vertex 1.24185 -3.82201 33.1662
    endloop
  endfacet
  facet normal -0.0157018 -0.0611548 0.998005
    outer loop
      vertex -0.0882425 -0.462587 33.7426
      vertex -0.434279 -1.33658 33.6836
      vertex -0.263338 -1.38047 33.6836
    endloop
  endfacet
  facet normal 0.0432223 -0.0460253 0.998005
    outer loop
      vertex 1.02446 -0.962034 33.6836
      vertex 0.343292 -0.322372 33.7426
      vertex 0.895809 -1.08285 33.6836
    endloop
  endfacet
  facet normal 0.0873236 0.0929906 0.99183
    outer loop
      vertex 1.47731 1.78576 33.5665
      vertex 1.02446 0.962034 33.6836
      vertex 1.68948 1.58652 33.5665
    endloop
  endfacet
  facet normal -0.00791322 -0.0626405 0.998005
    outer loop
      vertex -0.0882425 -0.462587 33.7426
      vertex -0.0882425 -1.40259 33.6836
      vertex -0.0295696 -0.469999 33.7426
    endloop
  endfacet
  facet normal 0.115424 -0.0543143 0.99183
    outer loop
      vertex 2.15487 -0.853175 33.5665
      vertex 1.30667 -0.517347 33.6836
      vertex 2.03095 -1.11652 33.5665
    endloop
  endfacet
  facet normal 0.0620201 -0.0118313 0.998005
    outer loop
      vertex 0.467215 -0.0590229 33.7426
      vertex 0.456133 -0.117115 33.7426
      vertex 1.39428 -0.176138 33.6836
    endloop
  endfacet
  facet normal 0.0620201 0.0118313 0.998005
    outer loop
      vertex 1.39428 0.176138 33.6836
      vertex 0.456133 0.117115 33.7426
      vertex 0.467215 0.0590229 33.7426
    endloop
  endfacet
  facet normal 0.133217 0.141864 0.980881
    outer loop
      vertex 2.03551 2.46051 33.3931
      vertex 1.68948 1.58652 33.5665
      vertex 2.32785 2.18599 33.3931
    endloop
  endfacet
  facet normal 0.181789 0.193587 0.964094
    outer loop
      vertex 2.56162 3.09646 33.1662
      vertex 2.03551 2.46051 33.3931
      vertex 2.92951 2.75099 33.1662
    endloop
  endfacet
  facet normal 0.228097 0.576094 0.784912
    outer loop
      vertex 2.79835 5.94679 31.8066
      vertex 1.875 5.77066 32.2042
      vertex 2.58347 5.49015 32.2042
    endloop
  endfacet
  facet normal 0.304503 0.41911 0.855351
    outer loop
      vertex 3.2512 5.12307 32.2042
      vertex 2.92951 4.61616 32.5671
      vertex 3.86765 4.67519 32.2042
    endloop
  endfacet
  facet normal -0.121322 0.03942 0.99183
    outer loop
      vertex -2.15487 0.853175 33.5665
      vertex -2.24481 0.57637 33.5665
      vertex -1.30667 0.517347 33.6836
    endloop
  endfacet
  facet normal -0.0571301 -0.0268818 0.998005
    outer loop
      vertex -0.437859 -0.17336 33.7426
      vertex -1.30667 -0.517347 33.6836
      vertex -1.23153 -0.677037 33.6836
    endloop
  endfacet
  facet normal -0.0873236 0.0929906 0.99183
    outer loop
      vertex -1.47731 1.78576 33.5665
      vertex -1.68948 1.58652 33.5665
      vertex -1.02446 0.962034 33.6836
    endloop
  endfacet
  facet normal 0.204621 0.169276 0.964093
    outer loop
      vertex 2.92951 2.75099 33.1662
      vertex 2.58347 1.877 33.3931
      vertex 3.2512 2.36213 33.1662
    endloop
  endfacet
  facet normal 0.20104 0.276708 0.939689
    outer loop
      vertex 2.56162 4.03646 32.8894
      vertex 2.15333 3.3931 33.1662
      vertex 2.56162 3.09646 33.1662
    endloop
  endfacet
  facet normal 0.164774 0.299724 0.939689
    outer loop
      vertex 2.56162 4.03646 32.8894
      vertex 2.03551 4.32569 32.8894
      vertex 2.15333 3.3931 33.1662
    endloop
  endfacet
  facet normal -0.252565 0.0820676 0.964093
    outer loop
      vertex -3.73649 1.47938 33.1662
      vertex -3.89245 0.99941 33.1662
      vertex -3.09302 0.794152 33.3931
    endloop
  endfacet
  facet normal -0.098289 0.0813136 0.99183
    outer loop
      vertex -1.68948 1.58652 33.5665
      vertex -1.875 1.36227 33.5665
      vertex -1.02446 0.962034 33.6836
    endloop
  endfacet
  facet normal -0.7084 0.449569 0.544112
    outer loop
      vertex -5.877 4.26989 30.9326
      vertex -6.36582 3.49964 30.9326
      vertex -5.64154 4.09882 31.3805
    endloop
  endfacet
  facet normal -0.845601 0.397908 0.355848
    outer loop
      vertex -6.52048 3.58466 30.47
      vertex -6.91834 2.73916 30.47
      vertex -6.75424 2.67419 30.9326
    endloop
  endfacet
  facet normal -0.124365 0.984382 0.124602
    outer loop
      vertex -1.29522 7.381 30.0005
      vertex -0.467215 7.42618 30.47
      vertex -0.470924 7.48514 30.0005
    endloop
  endfacet
  facet normal -0.124351 0.984387 0.124577
    outer loop
      vertex -1.29522 7.381 30.0005
      vertex -1.40536 7.36715 30
      vertex -0.467215 7.42618 30.47
    endloop
  endfacet
  facet normal -0.124283 0.983632 0.130464
    outer loop
      vertex -1.40536 7.36715 30
      vertex -1.29522 7.381 30.0005
      vertex -1.29527 7.38106 30
    endloop
  endfacet
  facet normal -0.246749 0.961036 0.124597
    outer loop
      vertex -1.40536 7.36715 30
      vertex -2.29935 7.07668 30.47
      vertex -1.39428 7.30906 30.47
    endloop
  endfacet
  facet normal -0.989751 0.0698716 0.124546
    outer loop
      vertex -7.44086 0 30.47
      vertex -7.49987 0.00099157 30.0005
      vertex -7.49994 0 30.0005
    endloop
  endfacet
  facet normal -0.99025 0.0622977 0.124593
    outer loop
      vertex -7.49987 0.00099157 30.0005
      vertex -7.44086 0 30.47
      vertex -7.38219 0.932587 30.47
    endloop
  endfacet
  facet normal -0.917995 0.175121 0.355833
    outer loop
      vertex -7.20709 1.85047 30.47
      vertex -7.38219 0.932587 30.47
      vertex -7.03615 1.80658 30.9326
    endloop
  endfacet
  facet normal -0.837356 0.0526804 0.544113
    outer loop
      vertex -7.20709 0.910467 30.9326
      vertex -7.26437 0 30.9326
      vertex -6.91834 0.873989 31.3805
    endloop
  endfacet
  facet normal -0.837352 0.0526753 0.54412
    outer loop
      vertex -6.91834 0.873989 31.3805
      vertex -7.26437 0 30.9326
      vertex -6.97332 0 31.3805
    endloop
  endfacet
  facet normal -0.176084 0.0828594 0.980882
    outer loop
      vertex -2.79835 1.53841 33.3931
      vertex -2.9691 1.17555 33.3931
      vertex -2.15487 0.853175 33.5665
    endloop
  endfacet
  facet normal -0.26504 0.0166746 0.964093
    outer loop
      vertex -3.16816 0.400231 33.3931
      vertex -3.98701 0.503676 33.1662
      vertex -3.19334 0 33.3931
    endloop
  endfacet
  facet normal -0.308852 0.780088 0.544126
    outer loop
      vertex -2.24481 6.90883 30.9326
      vertex -2.9691 6.30965 31.3805
      vertex -2.15487 6.63202 31.3805
    endloop
  endfacet
  facet normal -0.708398 0.449556 0.544125
    outer loop
      vertex -5.64154 4.09882 31.3805
      vertex -6.36582 3.49964 30.9326
      vertex -6.11077 3.35942 31.3805
    endloop
  endfacet
  facet normal -0.60863 -0.116106 0.784914
    outer loop
      vertex -5.877 -1.50896 32.2042
      vertex -6.52048 -0.823728 31.8066
      vertex -6.36582 -1.63446 31.8066
    endloop
  endfacet
  facet normal -0.341355 -0.0214772 0.939689
    outer loop
      vertex -4.0187 0 33.1662
      vertex -4.78068 0 32.8894
      vertex -3.98701 -0.503676 33.1662
    endloop
  endfacet
  facet normal -0.943647 -0.306608 0.124587
    outer loop
      vertex -6.91834 -2.73916 30.47
      vertex -7.264 -1.8661 30.0005
      vertex -6.97326 -2.76091 30.0005
    endloop
  endfacet
  facet normal -0.797937 -0.259271 0.544128
    outer loop
      vertex -6.75424 -1.73419 31.3805
      vertex -7.03615 -1.80658 30.9326
      vertex -6.75424 -2.67419 30.9326
    endloop
  endfacet
  facet normal -0.897777 -0.42246 0.124596
    outer loop
      vertex -6.57267 -3.61222 30.0005
      vertex -6.52048 -3.58466 30.47
      vertex -6.91834 -2.73916 30.47
    endloop
  endfacet
  facet normal -0.895269 -0.42774 0.124627
    outer loop
      vertex -6.52048 -3.58466 30.47
      vertex -6.57267 -3.61222 30.0005
      vertex -6.57224 -3.61312 30.0005
    endloop
  endfacet
  facet normal -0.608626 -0.116101 0.784917
    outer loop
      vertex -6.01978 -0.760475 32.2042
      vertex -6.52048 -0.823728 31.8066
      vertex -5.877 -1.50896 32.2042
    endloop
  endfacet
  facet normal -0.693215 -0.225237 0.684632
    outer loop
      vertex -6.36582 -1.63446 31.8066
      vertex -6.48363 -2.56705 31.3805
      vertex -6.11077 -2.41943 31.8066
    endloop
  endfacet
  facet normal -0.437409 -0.277589 0.855346
    outer loop
      vertex -4.42311 -3.21358 32.5671
      vertex -5.3171 -2.9231 32.2042
      vertex -4.90881 -3.56646 32.2042
    endloop
  endfacet
  facet normal -0.715978 -0.136584 0.684632
    outer loop
      vertex -6.52048 -0.823728 31.8066
      vertex -6.75424 -1.73419 31.3805
      vertex -6.36582 -1.63446 31.8066
    endloop
  endfacet
  facet normal -0.51703 -0.032528 0.855349
    outer loop
      vertex -5.46726 0 32.5671
      vertex -6.01978 -0.760475 32.2042
      vertex -5.42415 -0.685229 32.5671
    endloop
  endfacet
  facet normal -0.517026 -0.0325319 0.855351
    outer loop
      vertex -5.46726 0 32.5671
      vertex -6.06763 0 32.2042
      vertex -6.01978 -0.760475 32.2042
    endloop
  endfacet
  facet normal -0.234136 -0.249329 0.939689
    outer loop
      vertex -2.56162 -3.09646 33.1662
      vertex -3.48497 -3.2726 32.8894
      vertex -3.04732 -3.68358 32.8894
    endloop
  endfacet
  facet normal -0.185081 -0.0601368 0.980882
    outer loop
      vertex -2.24481 -0.57637 33.5665
      vertex -2.9691 -1.17555 33.3931
      vertex -2.15487 -0.853175 33.5665
    endloop
  endfacet
  facet normal -0.335973 -0.064086 0.939689
    outer loop
      vertex -3.98701 -0.503676 33.1662
      vertex -4.63049 -1.18891 32.8894
      vertex -3.89245 -0.99941 33.1662
    endloop
  endfacet
  facet normal -0.335973 -0.064086 0.939689
    outer loop
      vertex -3.98701 -0.503676 33.1662
      vertex -4.74298 -0.599177 32.8894
      vertex -4.63049 -1.18891 32.8894
    endloop
  endfacet
  facet normal -0.0913485 -0.72314 0.684634
    outer loop
      vertex -0.412678 -6.55933 31.8066
      vertex -1.30667 -6.84981 31.3805
      vertex -0.437859 -6.95956 31.3805
    endloop
  endfacet
  facet normal -0.105149 -0.832389 0.544125
    outer loop
      vertex -0.437859 -6.95956 31.3805
      vertex -1.30667 -6.84981 31.3805
      vertex -0.456133 -7.25004 30.9326
    endloop
  endfacet
  facet normal -0.181275 -0.705989 0.68463
    outer loop
      vertex -2.03095 -6.25063 31.8066
      vertex -2.15487 -6.63202 31.3805
      vertex -1.30667 -6.84981 31.3805
    endloop
  endfacet
  facet normal -0.154093 -0.600141 0.784911
    outer loop
      vertex -1.875 -5.77066 32.2042
      vertex -2.03095 -6.25063 31.8066
      vertex -1.23153 -6.45589 31.8066
    endloop
  endfacet
  facet normal -0.574336 -0.611606 0.544129
    outer loop
      vertex -4.44496 -5.37304 31.3805
      vertex -5.08333 -4.77357 31.3805
      vertex -4.63049 -5.5973 30.9326
    endloop
  endfacet
  facet normal -0.493151 -0.678769 0.544128
    outer loop
      vertex -4.44496 -5.37304 31.3805
      vertex -4.63049 -5.5973 30.9326
      vertex -3.73649 -5.88777 31.3805
    endloop
  endfacet
  facet normal -0.304503 -0.41911 0.855351
    outer loop
      vertex -2.92951 -4.61616 32.5671
      vertex -3.86765 -4.67519 32.2042
      vertex -3.2512 -5.12307 32.2042
    endloop
  endfacet
  facet normal -0.133218 -0.141864 0.980881
    outer loop
      vertex -1.68948 -1.58652 33.5665
      vertex -2.03551 -2.46051 33.3931
      vertex -1.47731 -1.78576 33.5665
    endloop
  endfacet
  facet normal 0.064929 -0.513973 0.855345
    outer loop
      vertex 1.13696 -5.96015 32.2042
      vertex 0.343292 -5.45648 32.5671
      vertex 0.380989 -6.05565 32.2042
    endloop
  endfacet
  facet normal -0.164774 -0.299724 0.939689
    outer loop
      vertex -2.15333 -3.3931 33.1662
      vertex -2.56162 -4.03646 32.8894
      vertex -2.03551 -4.32569 32.8894
    endloop
  endfacet
  facet normal -0.185082 -0.060135 0.980881
    outer loop
      vertex -2.24481 -0.57637 33.5665
      vertex -3.09302 -0.794152 33.3931
      vertex -2.9691 -1.17555 33.3931
    endloop
  endfacet
  facet normal -0.181789 -0.193587 0.964094
    outer loop
      vertex -2.03551 -2.46051 33.3931
      vertex -2.92951 -2.75099 33.1662
      vertex -2.56162 -3.09646 33.1662
    endloop
  endfacet
  facet normal -0.646466 -0.534798 0.544126
    outer loop
      vertex -5.08333 -4.77357 31.3805
      vertex -5.877 -4.26989 30.9326
      vertex -5.2955 -4.97281 30.9326
    endloop
  endfacet
  facet normal -0.7084 -0.449569 0.544112
    outer loop
      vertex -5.64154 -4.09882 31.3805
      vertex -6.36582 -3.49964 30.9326
      vertex -5.877 -4.26989 30.9326
    endloop
  endfacet
  facet normal -0.646467 -0.534812 0.544111
    outer loop
      vertex -5.64154 -4.09882 31.3805
      vertex -5.877 -4.26989 30.9326
      vertex -5.08333 -4.77357 31.3805
    endloop
  endfacet
  facet normal -0.763047 -0.634221 0.124587
    outer loop
      vertex -6.06694 -4.40912 30.0005
      vertex -6.01978 -4.37363 30.47
      vertex -6.06758 -4.40835 30.0005
    endloop
  endfacet
  facet normal -0.764507 -0.632458 0.124601
    outer loop
      vertex -6.01978 -4.37363 30.47
      vertex -6.06694 -4.40912 30.0005
      vertex -5.42415 -5.09362 30.47
    endloop
  endfacet
  facet normal -0.836726 -0.531005 0.133876
    outer loop
      vertex -6.13424 -4.3033 30.0005
      vertex -6.31949 -4.01152 30
      vertex -6.13432 -4.3033 30
    endloop
  endfacet
  facet normal -0.83773 -0.531658 0.124696
    outer loop
      vertex -6.31949 -4.01152 30
      vertex -6.13424 -4.3033 30.0005
      vertex -6.31946 -4.01145 30.0005
    endloop
  endfacet
  facet normal -0.837741 -0.531665 0.124592
    outer loop
      vertex -6.01978 -4.37363 30.47
      vertex -6.31946 -4.01145 30.0005
      vertex -6.13424 -4.3033 30.0005
    endloop
  endfacet
  facet normal -0.837751 -0.531643 0.124615
    outer loop
      vertex -6.31946 -4.01145 30.0005
      vertex -6.01978 -4.37363 30.47
      vertex -6.57171 -3.61396 30.0005
    endloop
  endfacet
  facet normal -0.837772 -0.531612 0.124607
    outer loop
      vertex -6.01978 -4.37363 30.47
      vertex -6.13424 -4.3033 30.0005
      vertex -6.06758 -4.40835 30.0005
    endloop
  endfacet
  facet normal -0.582393 -0.803301 0.124599
    outer loop
      vertex -4.77984 -5.77938 30.0005
      vertex -4.74298 -5.73328 30.47
      vertex -4.78064 -5.7788 30.0005
    endloop
  endfacet
  facet normal -0.583208 -0.802709 0.124605
    outer loop
      vertex -4.74298 -5.73328 30.47
      vertex -4.77984 -5.77938 30.0005
      vertex -3.98701 -6.28253 30.47
    endloop
  endfacet
  facet normal -0.404195 -0.735229 0.544118
    outer loop
      vertex -2.9691 -6.30965 31.3805
      vertex -3.89245 -6.13351 30.9326
      vertex -3.09302 -6.573 30.9326
    endloop
  endfacet
  facet normal -0.30886 -0.78009 0.544118
    outer loop
      vertex -2.9691 -6.30965 31.3805
      vertex -3.09302 -6.573 30.9326
      vertex -2.24481 -6.90883 30.9326
    endloop
  endfacet
  facet normal -0.34403 -0.868922 0.355834
    outer loop
      vertex -3.09302 -6.573 30.9326
      vertex -3.16816 -6.73269 30.47
      vertex -2.24481 -6.90883 30.9326
    endloop
  endfacet
  facet normal -0.23241 -0.905187 0.355839
    outer loop
      vertex -2.24481 -6.90883 30.9326
      vertex -2.29935 -7.07668 30.47
      vertex -1.39428 -7.30906 30.47
    endloop
  endfacet
  facet normal 0.582813 -0.802185 0.129725
    outer loop
      vertex 4.02747 -6.32609 30
      vertex 4.3033 -6.12561 30.0005
      vertex 4.0274 -6.32606 30.0005
    endloop
  endfacet
  facet normal 0.584066 -0.803867 0.112541
    outer loop
      vertex 4.3033 -6.12561 30.0005
      vertex 4.02747 -6.32609 30
      vertex 4.3033 -6.12568 30
    endloop
  endfacet
  facet normal 0.583642 -0.802394 0.124604
    outer loop
      vertex 4.0274 -6.32606 30.0005
      vertex 3.98701 -6.28253 30.47
      vertex 4.01867 -6.33241 30.0005
    endloop
  endfacet
  facet normal 0.583199 -0.802717 0.124596
    outer loop
      vertex 4.3033 -6.12561 30.0005
      vertex 3.98701 -6.28253 30.47
      vertex 4.0274 -6.32606 30.0005
    endloop
  endfacet
  facet normal 0.583208 -0.802709 0.124604
    outer loop
      vertex 3.98701 -6.28253 30.47
      vertex 4.3033 -6.12561 30.0005
      vertex 4.77984 -5.77938 30.0005
    endloop
  endfacet
  facet normal 0.72008 -0.595704 0.355839
    outer loop
      vertex 5.877 -4.26989 30.9326
      vertex 5.42415 -5.09362 30.47
      vertex 6.01978 -4.37363 30.47
    endloop
  endfacet
  facet normal 0.681274 -0.721349 0.124585
    outer loop
      vertex 4.78136 -5.77812 30.0005
      vertex 4.74298 -5.73328 30.47
      vertex 4.78064 -5.7788 30.0005
    endloop
  endfacet
  facet normal 0.679212 -0.723288 0.124601
    outer loop
      vertex 4.74298 -5.73328 30.47
      vertex 4.78136 -5.77812 30.0005
      vertex 5.42415 -5.09362 30.47
    endloop
  endfacet
  facet normal 0.89778 -0.422457 0.124589
    outer loop
      vertex 6.91834 -2.73916 30.47
      vertex 6.57267 -3.61222 30.0005
      vertex 6.97326 -2.76091 30.0005
    endloop
  endfacet
  facet normal 0.88881 -0.288789 0.355833
    outer loop
      vertex 7.03615 -1.80658 30.9326
      vertex 6.91834 -2.73916 30.47
      vertex 7.20709 -1.85047 30.47
    endloop
  endfacet
  facet normal 0.797946 -0.259266 0.544117
    outer loop
      vertex 6.75424 -1.73419 31.3805
      vertex 6.48363 -2.56705 31.3805
      vertex 6.75424 -2.67419 30.9326
    endloop
  endfacet
  facet normal 0.897777 -0.42246 0.124596
    outer loop
      vertex 6.52048 -3.58466 30.47
      vertex 6.57267 -3.61222 30.0005
      vertex 6.91834 -2.73916 30.47
    endloop
  endfacet
  facet normal 0.895269 -0.42774 0.124627
    outer loop
      vertex 6.57267 -3.61222 30.0005
      vertex 6.52048 -3.58466 30.47
      vertex 6.57224 -3.61312 30.0005
    endloop
  endfacet
  facet normal -0.549308 0.756068 0.35584
    outer loop
      vertex -3.98701 6.28253 30.47
      vertex -4.63049 5.5973 30.9326
      vertex -3.89245 6.13351 30.9326
    endloop
  endfacet
  facet normal -0.720087 0.595702 0.355828
    outer loop
      vertex -5.42415 5.09362 30.47
      vertex -5.877 4.26989 30.9326
      vertex -5.2955 4.97281 30.9326
    endloop
  endfacet
  facet normal -0.681274 0.721349 0.124585
    outer loop
      vertex -4.78136 5.77812 30.0005
      vertex -4.74298 5.73328 30.47
      vertex -4.78064 5.7788 30.0005
    endloop
  endfacet
  facet normal -0.679212 0.723288 0.124601
    outer loop
      vertex -4.74298 5.73328 30.47
      vertex -4.78136 5.77812 30.0005
      vertex -5.42415 5.09362 30.47
    endloop
  endfacet
  facet normal 0.693215 -0.225237 0.684632
    outer loop
      vertex 6.36582 -1.63446 31.8066
      vertex 6.11077 -2.41943 31.8066
      vertex 6.48363 -2.56705 31.3805
    endloop
  endfacet
  facet normal 0.693215 -0.225237 0.684632
    outer loop
      vertex 6.75424 -1.73419 31.3805
      vertex 6.36582 -1.63446 31.8066
      vertex 6.48363 -2.56705 31.3805
    endloop
  endfacet
  facet normal 0.759155 -0.35723 0.544124
    outer loop
      vertex 6.48363 -2.56705 31.3805
      vertex 6.11077 -3.35942 31.3805
      vertex 6.36582 -3.49964 30.9326
    endloop
  endfacet
  facet normal 0.385116 -0.18122 0.9049
    outer loop
      vertex 5.08333 -2.01263 32.5671
      vertex 4.18934 -2.30311 32.8894
      vertex 4.791 -2.63387 32.5671
    endloop
  endfacet
  facet normal 0.932702 -0.0586789 0.355842
    outer loop
      vertex 7.26437 0 30.9326
      vertex 7.20709 -0.910467 30.9326
      vertex 7.44086 0 30.47
    endloop
  endfacet
  facet normal 0.797937 0.259271 0.544128
    outer loop
      vertex 6.75424 2.67419 30.9326
      vertex 6.75424 1.73419 31.3805
      vertex 7.03615 1.80658 30.9326
    endloop
  endfacet
  facet normal 0.797946 0.259266 0.544117
    outer loop
      vertex 6.75424 2.67419 30.9326
      vertex 6.48363 2.56705 31.3805
      vertex 6.75424 1.73419 31.3805
    endloop
  endfacet
  facet normal 0.72745 -0.0457617 0.684633
    outer loop
      vertex 6.97332 0 31.3805
      vertex 6.5723 0 31.8066
      vertex 6.91834 -0.873989 31.3805
    endloop
  endfacet
  facet normal 0.589281 0.191467 0.784913
    outer loop
      vertex 6.36582 1.63446 31.8066
      vertex 5.64154 2.23364 32.2042
      vertex 5.877 1.50896 32.2042
    endloop
  endfacet
  facet normal 0.618386 -0.0389096 0.784911
    outer loop
      vertex 6.06763 0 32.2042
      vertex 6.01978 -0.760475 32.2042
      vertex 6.5723 0 31.8066
    endloop
  endfacet
  facet normal 0.608626 0.116101 0.784917
    outer loop
      vertex 6.52048 0.823728 31.8066
      vertex 5.877 1.50896 32.2042
      vertex 6.01978 0.760475 32.2042
    endloop
  endfacet
  facet normal 0.837352 -0.0526753 0.54412
    outer loop
      vertex 6.97332 0 31.3805
      vertex 6.91834 -0.873989 31.3805
      vertex 7.26437 0 30.9326
    endloop
  endfacet
  facet normal 0.715975 0.136586 0.684634
    outer loop
      vertex 6.75424 1.73419 31.3805
      vertex 6.52048 0.823728 31.8066
      vertex 6.91834 0.873989 31.3805
    endloop
  endfacet
  facet normal 0.523149 -0.332002 0.784914
    outer loop
      vertex 5.3171 -2.9231 32.2042
      vertex 4.90881 -3.56646 32.2042
      vertex 5.3171 -3.8631 31.8066
    endloop
  endfacet
  facet normal 0.437409 -0.277589 0.855346
    outer loop
      vertex 5.3171 -2.9231 32.2042
      vertex 4.42311 -3.21358 32.5671
      vertex 4.90881 -3.56646 32.2042
    endloop
  endfacet
  facet normal 0.404794 -0.131528 0.904899
    outer loop
      vertex 5.2955 -1.35965 32.5671
      vertex 4.63049 -1.18891 32.8894
      vertex 5.08333 -2.01263 32.5671
    endloop
  endfacet
  facet normal 0.424785 -0.0267246 0.9049
    outer loop
      vertex 5.46726 0 32.5671
      vertex 4.78068 0 32.8894
      vertex 5.42415 -0.685229 32.5671
    endloop
  endfacet
  facet normal 0.385116 -0.181219 0.904901
    outer loop
      vertex 4.44496 -1.75988 32.8894
      vertex 4.18934 -2.30311 32.8894
      vertex 5.08333 -2.01263 32.5671
    endloop
  endfacet
  facet normal 0.240292 -0.113074 0.964092
    outer loop
      vertex 3.73649 -1.47938 33.1662
      vertex 2.9691 -1.17555 33.3931
      vertex 3.52161 -1.93602 33.1662
    endloop
  endfacet
  facet normal 0.20462 -0.169277 0.964093
    outer loop
      vertex 2.58347 -1.877 33.3931
      vertex 2.32785 -2.18599 33.3931
      vertex 2.92951 -2.75099 33.1662
    endloop
  endfacet
  facet normal 0.291364 -0.310265 0.904899
    outer loop
      vertex 3.48497 -3.2726 32.8894
      vertex 3.48497 -4.2126 32.5671
      vertex 3.98546 -3.7426 32.5671
    endloop
  endfacet
  facet normal 0.477998 0.869478 0.124607
    outer loop
      vertex 4.01867 6.33241 30.0005
      vertex 3.19419 6.78567 30.0005
      vertex 3.98701 6.28253 30.47
    endloop
  endfacet
  facet normal 0.228096 0.576096 0.784911
    outer loop
      vertex 2.03095 6.25063 31.8066
      vertex 1.875 5.77066 32.2042
      vertex 2.79835 5.94679 31.8066
    endloop
  endfacet
  facet normal 0.18127 0.705986 0.684635
    outer loop
      vertex 1.30667 6.84981 31.3805
      vertex 1.23153 6.45589 31.8066
      vertex 2.03095 6.25063 31.8066
    endloop
  endfacet
  facet normal 0.12883 0.501777 0.855349
    outer loop
      vertex 1.13696 5.96015 32.2042
      vertex 1.02446 5.37042 32.5671
      vertex 1.875 5.77066 32.2042
    endloop
  endfacet
  facet normal 0.250173 0.344339 0.9049
    outer loop
      vertex 2.92951 4.61616 32.5671
      vertex 2.56162 4.03646 32.8894
      vertex 3.48497 4.2126 32.5671
    endloop
  endfacet
  facet normal 0.0913485 0.72314 0.684634
    outer loop
      vertex 0.437859 6.95956 31.3805
      vertex 0.412678 6.55933 31.8066
      vertex 1.30667 6.84981 31.3805
    endloop
  endfacet
  facet normal -0.105158 0.832395 0.544114
    outer loop
      vertex -0.456133 7.25004 30.9326
      vertex -1.36121 7.1357 30.9326
      vertex -1.30667 6.84981 31.3805
    endloop
  endfacet
  facet normal -0.0660426 0.25722 0.964093
    outer loop
      vertex -0.753029 3.94752 33.1662
      vertex -0.986797 3.03705 33.3931
      vertex -0.598372 3.13678 33.3931
    endloop
  endfacet
  facet normal -0.0776529 0.614716 0.784917
    outer loop
      vertex -0.412678 6.55933 31.8066
      vertex -1.23153 6.45589 31.8066
      vertex -1.13696 5.96015 32.2042
    endloop
  endfacet
  facet normal 0.127937 0.232716 0.964093
    outer loop
      vertex 1.71108 3.63623 33.1662
      vertex 1.71108 2.69623 33.3931
      vertex 2.15333 3.3931 33.1662
    endloop
  endfacet
  facet normal 0.164775 0.299724 0.939689
    outer loop
      vertex 2.03551 4.32569 32.8894
      vertex 1.71108 3.63623 33.1662
      vertex 2.15333 3.3931 33.1662
    endloop
  endfacet
  facet normal 0.194224 -0.0122193 0.980881
    outer loop
      vertex 3.19334 0 33.3931
      vertex 2.29935 -0.290475 33.5665
      vertex 3.16816 -0.400231 33.3931
    endloop
  endfacet
  facet normal 0.125305 0.0239044 0.99183
    outer loop
      vertex 2.24481 0.57637 33.5665
      vertex 1.39428 0.176138 33.6836
      vertex 2.29935 0.290475 33.5665
    endloop
  endfacet
  facet normal 0.335973 -0.064086 0.939689
    outer loop
      vertex 4.74298 -0.599177 32.8894
      vertex 3.98701 -0.503676 33.1662
      vertex 4.63049 -1.18891 32.8894
    endloop
  endfacet
  facet normal 0.325289 -0.105698 0.939689
    outer loop
      vertex 3.89245 -0.99941 33.1662
      vertex 3.73649 -1.47938 33.1662
      vertex 4.44496 -1.75988 32.8894
    endloop
  endfacet
  facet normal 0.19116 0.0364635 0.980881
    outer loop
      vertex 3.09302 0.794152 33.3931
      vertex 2.24481 0.57637 33.5665
      vertex 3.16816 0.400231 33.3931
    endloop
  endfacet
  facet normal 0.263542 0.218017 0.939688
    outer loop
      vertex 3.48497 3.2726 32.8894
      vertex 3.2512 2.36213 33.1662
      vertex 3.86765 2.81001 32.8894
    endloop
  endfacet
  facet normal 0.224225 -0.1423 0.964092
    outer loop
      vertex 2.79835 -1.53841 33.3931
      vertex 2.58347 -1.877 33.3931
      vertex 3.52161 -1.93602 33.1662
    endloop
  endfacet
  facet normal 0.191161 -0.0364676 0.980881
    outer loop
      vertex 2.29935 -0.290475 33.5665
      vertex 2.24481 -0.57637 33.5665
      vertex 3.16816 -0.400231 33.3931
    endloop
  endfacet
  facet normal 0.125305 -0.0239044 0.99183
    outer loop
      vertex 2.29935 -0.290475 33.5665
      vertex 1.39428 -0.176138 33.6836
      vertex 2.24481 -0.57637 33.5665
    endloop
  endfacet
  facet normal -0.0600485 -0.0195098 0.998005
    outer loop
      vertex -0.456133 -0.117115 33.7426
      vertex -1.36121 -0.349499 33.6836
      vertex -0.437859 -0.17336 33.7426
    endloop
  endfacet
  facet normal 0.063014 -0.00396407 0.998005
    outer loop
      vertex 0.470928 0 33.7426
      vertex 0.467215 -0.0590229 33.7426
      vertex 1.39428 -0.176138 33.6836
    endloop
  endfacet
  facet normal -0.0571301 0.0268818 0.998005
    outer loop
      vertex -1.23153 0.677037 33.6836
      vertex -1.30667 0.517347 33.6836
      vertex -0.437859 0.17336 33.7426
    endloop
  endfacet
  facet normal 0.450221 0.818949 0.355842
    outer loop
      vertex 3.98701 6.28253 30.47
      vertex 3.09302 6.573 30.9326
      vertex 3.89245 6.13351 30.9326
    endloop
  endfacet
  facet normal 0.450218 0.818955 0.355833
    outer loop
      vertex 3.16816 6.73269 30.47
      vertex 3.09302 6.573 30.9326
      vertex 3.98701 6.28253 30.47
    endloop
  endfacet
  facet normal 0.351147 0.638729 0.684632
    outer loop
      vertex 3.73649 5.88777 31.3805
      vertex 2.9691 6.30965 31.3805
      vertex 3.52161 5.54918 31.8066
    endloop
  endfacet
  facet normal 0.428424 0.589679 0.684639
    outer loop
      vertex 4.44496 5.37304 31.3805
      vertex 3.73649 5.88777 31.3805
      vertex 4.18934 5.06404 31.8066
    endloop
  endfacet
  facet normal 0.0428661 0.339332 0.939689
    outer loop
      vertex 0.30018 4.77125 32.8894
      vertex 0.252336 4.01077 33.1662
      vertex 0.753029 3.94752 33.1662
    endloop
  endfacet
  facet normal 0.327948 0.271307 0.904899
    outer loop
      vertex 3.98546 3.7426 32.5671
      vertex 3.48497 3.2726 32.8894
      vertex 4.42311 3.21358 32.5671
    endloop
  endfacet
  facet normal 0.399161 0.33022 0.855351
    outer loop
      vertex 4.42311 4.15358 32.2042
      vertex 3.98546 3.7426 32.5671
      vertex 4.42311 3.21358 32.5671
    endloop
  endfacet
  facet normal 0.418087 0.0797527 0.904899
    outer loop
      vertex 5.2955 1.35965 32.5671
      vertex 4.63049 1.18891 32.8894
      vertex 5.42415 0.685229 32.5671
    endloop
  endfacet
  facet normal 0.418085 0.0797486 0.904901
    outer loop
      vertex 5.42415 0.685229 32.5671
      vertex 4.63049 1.18891 32.8894
      vertex 4.74298 0.599177 32.8894
    endloop
  endfacet
  facet normal 0.477417 0.394947 0.784914
    outer loop
      vertex 5.3171 3.8631 31.8066
      vertex 4.42311 4.15358 32.2042
      vertex 4.90881 3.56646 32.2042
    endloop
  endfacet
  facet normal 0.437409 0.277589 0.855346
    outer loop
      vertex 4.90881 3.56646 32.2042
      vertex 4.42311 3.21358 32.5671
      vertex 5.3171 2.9231 32.2042
    endloop
  endfacet
  facet normal 0.7084 0.449569 0.544112
    outer loop
      vertex 5.877 4.26989 30.9326
      vertex 5.64154 4.09882 31.3805
      vertex 6.36582 3.49964 30.9326
    endloop
  endfacet
  facet normal 0.789062 0.500759 0.355839
    outer loop
      vertex 6.01978 4.37363 30.47
      vertex 5.877 4.26989 30.9326
      vertex 6.36582 3.49964 30.9326
    endloop
  endfacet
  facet normal 0.837772 0.531612 0.124607
    outer loop
      vertex 6.01978 4.37363 30.47
      vertex 6.13424 4.3033 30.0005
      vertex 6.06758 4.40835 30.0005
    endloop
  endfacet
  facet normal 0.836726 0.531005 0.133876
    outer loop
      vertex 6.13424 4.3033 30.0005
      vertex 6.31949 4.01152 30
      vertex 6.13432 4.3033 30
    endloop
  endfacet
  facet normal 0.837741 0.531665 0.124592
    outer loop
      vertex 6.31946 4.01145 30.0005
      vertex 6.13424 4.3033 30.0005
      vertex 6.01978 4.37363 30.47
    endloop
  endfacet
  facet normal 0.83773 0.531658 0.124696
    outer loop
      vertex 6.13424 4.3033 30.0005
      vertex 6.31946 4.01145 30.0005
      vertex 6.31949 4.01152 30
    endloop
  endfacet
  facet normal 0.837751 0.531643 0.124615
    outer loop
      vertex 6.31946 4.01145 30.0005
      vertex 6.01978 4.37363 30.47
      vertex 6.57171 3.61396 30.0005
    endloop
  endfacet
  facet normal 0.895269 0.42774 0.124627
    outer loop
      vertex 6.52048 3.58466 30.47
      vertex 6.57267 3.61222 30.0005
      vertex 6.57224 3.61312 30.0005
    endloop
  endfacet
  facet normal 0.897777 0.42246 0.124596
    outer loop
      vertex 6.57267 3.61222 30.0005
      vertex 6.52048 3.58466 30.47
      vertex 6.91834 2.73916 30.47
    endloop
  endfacet
  facet normal 0.837747 0.531655 0.124591
    outer loop
      vertex 6.52048 3.58466 30.47
      vertex 6.57171 3.61396 30.0005
      vertex 6.01978 4.37363 30.47
    endloop
  endfacet
  facet normal 0.839137 0.529455 0.124605
    outer loop
      vertex 6.57171 3.61396 30.0005
      vertex 6.52048 3.58466 30.47
      vertex 6.57224 3.61312 30.0005
    endloop
  endfacet
  facet normal 0.89778 0.422457 0.124589
    outer loop
      vertex 6.97326 2.76091 30.0005
      vertex 6.57267 3.61222 30.0005
      vertex 6.91834 2.73916 30.47
    endloop
  endfacet
  facet normal 0.943647 -0.306608 0.124587
    outer loop
      vertex 7.264 -1.8661 30.0005
      vertex 6.91834 -2.73916 30.47
      vertex 6.97326 -2.76091 30.0005
    endloop
  endfacet
  facet normal 0.185081 -0.0601368 0.980882
    outer loop
      vertex 2.24481 -0.57637 33.5665
      vertex 2.15487 -0.853175 33.5665
      vertex 2.9691 -1.17555 33.3931
    endloop
  endfacet
  facet normal 0.11439 -0.157439 0.980881
    outer loop
      vertex 2.03551 -2.46051 33.3931
      vertex 1.47731 -1.78576 33.5665
      vertex 1.71108 -2.69623 33.3931
    endloop
  endfacet
  facet normal 0.234135 -0.24933 0.939689
    outer loop
      vertex 2.92951 -2.75099 33.1662
      vertex 2.56162 -3.09646 33.1662
      vertex 3.48497 -3.2726 32.8894
    endloop
  endfacet
  facet normal 0.181789 -0.193587 0.964094
    outer loop
      vertex 2.92951 -2.75099 33.1662
      vertex 2.03551 -2.46051 33.3931
      vertex 2.56162 -3.09646 33.1662
    endloop
  endfacet
  facet normal 0.156684 -0.395732 0.904901
    outer loop
      vertex 2.03551 -4.32569 32.8894
      vertex 1.47731 -4.5467 32.8894
      vertex 2.32785 -4.94693 32.5671
    endloop
  endfacet
  facet normal 0.304502 -0.419116 0.855348
    outer loop
      vertex 3.48497 -4.2126 32.5671
      vertex 2.92951 -4.61616 32.5671
      vertex 3.86765 -4.67519 32.2042
    endloop
  endfacet
  facet normal 0.0850576 -0.331286 0.939689
    outer loop
      vertex 1.47731 -4.5467 32.8894
      vertex 0.753029 -3.94752 33.1662
      vertex 0.895809 -4.696 32.8894
    endloop
  endfacet
  facet normal 0.0649354 -0.513966 0.855349
    outer loop
      vertex 1.02446 -5.37042 32.5671
      vertex 0.343292 -5.45648 32.5671
      vertex 1.13696 -5.96015 32.2042
    endloop
  endfacet
  facet normal 0.125911 -0.318012 0.939689
    outer loop
      vertex 1.71108 -3.63623 33.1662
      vertex 1.47731 -4.5467 32.8894
      vertex 2.03551 -4.32569 32.8894
    endloop
  endfacet
  facet normal 0.164775 -0.299724 0.939689
    outer loop
      vertex 2.15333 -3.3931 33.1662
      vertex 1.71108 -3.63623 33.1662
      vertex 2.03551 -4.32569 32.8894
    endloop
  endfacet
  facet normal -0.0428661 -0.339332 0.939689
    outer loop
      vertex -0.252336 -4.01077 33.1662
      vertex -0.753029 -3.94752 33.1662
      vertex -0.30018 -4.77125 32.8894
    endloop
  endfacet
  facet normal -0.125909 -0.318011 0.939689
    outer loop
      vertex -1.24185 -3.82201 33.1662
      vertex -1.71108 -3.63623 33.1662
      vertex -1.47731 -4.5467 32.8894
    endloop
  endfacet
  facet normal -0.063014 -0.00396407 0.998005
    outer loop
      vertex -0.470928 0 33.7426
      vertex -1.39428 -0.176138 33.6836
      vertex -0.467215 -0.0590229 33.7426
    endloop
  endfacet
  facet normal -0.0371123 0.0510803 0.998005
    outer loop
      vertex -0.252336 0.397618 33.7426
      vertex -0.753029 1.18658 33.6836
      vertex -0.30018 0.362857 33.7426
    endloop
  endfacet
  facet normal -0.0716412 -0.180941 0.980881
    outer loop
      vertex -0.986797 -2.09705 33.5665
      vertex -1.35966 -2.88942 33.3931
      vertex -0.986797 -3.03705 33.3931
    endloop
  endfacet
  facet normal -0.0937512 -0.170537 0.980881
    outer loop
      vertex -0.986797 -2.09705 33.5665
      vertex -1.71108 -2.69623 33.3931
      vertex -1.35966 -2.88942 33.3931
    endloop
  endfacet
  facet normal -0.12883 -0.501777 0.855349
    outer loop
      vertex -1.02446 -5.37042 32.5671
      vertex -1.875 -5.77066 32.2042
      vertex -1.13696 -5.96015 32.2042
    endloop
  endfacet
  facet normal 0 -0.518058 0.855345
    outer loop
      vertex -0.343292 -5.45648 32.5671
      vertex 0.380989 -6.05565 32.2042
      vertex 0.343292 -5.45648 32.5671
    endloop
  endfacet
  facet normal 0 -0.518058 0.855345
    outer loop
      vertex 0.380989 -6.05565 32.2042
      vertex -0.343292 -5.45648 32.5671
      vertex -0.380989 -6.05565 32.2042
    endloop
  endfacet
  facet normal 0.327948 -0.271307 0.904899
    outer loop
      vertex 4.42311 -3.21358 32.5671
      vertex 3.48497 -3.2726 32.8894
      vertex 3.98546 -3.7426 32.5671
    endloop
  endfacet
  facet normal 0.327949 -0.271297 0.904902
    outer loop
      vertex 3.86765 -2.81001 32.8894
      vertex 3.48497 -3.2726 32.8894
      vertex 4.42311 -3.21358 32.5671
    endloop
  endfacet
  facet normal 0.124365 -0.984382 0.124602
    outer loop
      vertex 1.29522 -7.381 30.0005
      vertex 0.467215 -7.42618 30.47
      vertex 0.470924 -7.48514 30.0005
    endloop
  endfacet
  facet normal 0.124351 -0.984387 0.124577
    outer loop
      vertex 1.29522 -7.381 30.0005
      vertex 1.40536 -7.36715 30
      vertex 0.467215 -7.42618 30.47
    endloop
  endfacet
  facet normal 0.124283 -0.983632 0.130464
    outer loop
      vertex 1.40536 -7.36715 30
      vertex 1.29522 -7.381 30.0005
      vertex 1.29527 -7.38106 30
    endloop
  endfacet
  facet normal 0.105158 -0.832395 0.544114
    outer loop
      vertex 1.30667 -6.84981 31.3805
      vertex 0.456133 -7.25004 30.9326
      vertex 1.36121 -7.1357 30.9326
    endloop
  endfacet
  facet normal 0.117132 -0.927179 0.355835
    outer loop
      vertex 1.36121 -7.1357 30.9326
      vertex 0.456133 -7.25004 30.9326
      vertex 1.39428 -7.30906 30.47
    endloop
  endfacet
  facet normal 0.0913492 -0.723139 0.684635
    outer loop
      vertex 1.23153 -6.45589 31.8066
      vertex 0.412678 -6.55933 31.8066
      vertex 1.30667 -6.84981 31.3805
    endloop
  endfacet
  facet normal 0.190709 -0.481673 0.855349
    outer loop
      vertex 2.32785 -4.94693 32.5671
      vertex 1.68948 -5.19968 32.5671
      vertex 1.875 -5.77066 32.2042
    endloop
  endfacet
  facet normal -0.185081 0.0601368 0.980882
    outer loop
      vertex -2.15487 0.853175 33.5665
      vertex -2.9691 1.17555 33.3931
      vertex -2.24481 0.57637 33.5665
    endloop
  endfacet
  facet normal -0.194225 -0.0122228 0.980881
    outer loop
      vertex -2.31763 0 33.5665
      vertex -3.19334 0 33.3931
      vertex -2.29935 -0.290475 33.5665
    endloop
  endfacet
  facet normal -0.0600481 -0.0195118 0.998005
    outer loop
      vertex -0.437859 -0.17336 33.7426
      vertex -1.36121 -0.349499 33.6836
      vertex -1.30667 -0.517347 33.6836
    endloop
  endfacet
  facet normal 0.053309 -0.0338324 0.998005
    outer loop
      vertex 1.23153 -0.677037 33.6836
      vertex 0.380989 -0.276805 33.7426
      vertex 1.13696 -0.826049 33.6836
    endloop
  endfacet
  facet normal 0.0317277 0.123557 0.99183
    outer loop
      vertex 0.434279 2.27658 33.5665
      vertex 0.434279 1.33658 33.6836
      vertex 0.716186 2.20419 33.5665
    endloop
  endfacet
  facet normal -0.107709 -0.0683506 0.99183
    outer loop
      vertex -1.23153 -0.677037 33.6836
      vertex -2.03095 -1.11652 33.5665
      vertex -1.875 -1.36227 33.5665
    endloop
  endfacet
  facet normal 0.0159884 -0.12656 0.99183
    outer loop
      vertex 0.263338 -1.38047 33.6836
      vertex 0.0882425 -1.40259 33.6836
      vertex 0.145525 -2.31305 33.5665
    endloop
  endfacet
  facet normal -0.0620201 -0.0118313 0.998005
    outer loop
      vertex -0.467215 -0.0590229 33.7426
      vertex -1.39428 -0.176138 33.6836
      vertex -0.456133 -0.117115 33.7426
    endloop
  endfacet
  facet normal 0.0157018 -0.0611548 0.998005
    outer loop
      vertex 0.434279 -1.33658 33.6836
      vertex 0.0882425 -0.462587 33.7426
      vertex 0.263338 -1.38047 33.6836
    endloop
  endfacet
  facet normal 0.02439 -0.193073 0.980881
    outer loop
      vertex 0.598372 -3.13678 33.3931
      vertex 0.145525 -2.31305 33.5665
      vertex 0.200511 -3.18704 33.3931
    endloop
  endfacet
  facet normal 0.125306 -0.0239031 0.99183
    outer loop
      vertex 1.39428 -0.176138 33.6836
      vertex 1.36121 -0.349499 33.6836
      vertex 2.24481 -0.57637 33.5665
    endloop
  endfacet
  facet normal 0.0432214 -0.046026 0.998005
    outer loop
      vertex 0.343292 -0.322372 33.7426
      vertex 0.30018 -0.362857 33.7426
      vertex 0.895809 -1.08285 33.6836
    endloop
  endfacet
  facet normal 0.0371106 0.0510812 0.998005
    outer loop
      vertex 0.753029 1.18658 33.6836
      vertex 0.30018 0.362857 33.7426
      vertex 0.895809 1.08285 33.6836
    endloop
  endfacet
  facet normal -0.0486486 -0.0402469 0.998005
    outer loop
      vertex -0.380989 -0.276805 33.7426
      vertex -1.13696 -0.826049 33.6836
      vertex -1.02446 -0.962034 33.6836
    endloop
  endfacet
  facet normal -0.0486489 0.0402466 0.998005
    outer loop
      vertex -0.343292 0.322372 33.7426
      vertex -1.02446 0.962034 33.6836
      vertex -0.380989 0.276805 33.7426
    endloop
  endfacet
  facet normal -0.02439 0.193073 0.980881
    outer loop
      vertex -0.200511 3.18704 33.3931
      vertex -0.598372 3.13678 33.3931
      vertex -0.145525 2.31305 33.5665
    endloop
  endfacet
  facet normal 0.046959 0.118608 0.99183
    outer loop
      vertex 0.716186 2.20419 33.5665
      vertex 0.434279 1.33658 33.6836
      vertex 0.986797 2.09705 33.5665
    endloop
  endfacet
  facet normal 0.0159884 0.12656 0.99183
    outer loop
      vertex 0.145525 2.31305 33.5665
      vertex 0.0882425 1.40259 33.6836
      vertex 0.263338 1.38047 33.6836
    endloop
  endfacet
  facet normal 0.0977601 0.246915 0.964093
    outer loop
      vertex 1.24185 3.82201 33.1662
      vertex 0.986797 3.03705 33.3931
      vertex 1.71108 3.63623 33.1662
    endloop
  endfacet
  facet normal 0.057129 0.0268836 0.998005
    outer loop
      vertex 1.23153 0.677037 33.6836
      vertex 0.412678 0.226871 33.7426
      vertex 0.437859 0.17336 33.7426
    endloop
  endfacet
  facet normal 0.0486489 -0.0402466 0.998005
    outer loop
      vertex 0.380989 -0.276805 33.7426
      vertex 0.343292 -0.322372 33.7426
      vertex 1.02446 -0.962034 33.6836
    endloop
  endfacet
  facet normal 0.176085 0.0828588 0.980882
    outer loop
      vertex 2.79835 1.53841 33.3931
      vertex 2.03095 1.11652 33.5665
      vertex 2.15487 0.853175 33.5665
    endloop
  endfacet
  facet normal 0.185082 0.060135 0.980881
    outer loop
      vertex 2.9691 1.17555 33.3931
      vertex 2.24481 0.57637 33.5665
      vertex 3.09302 0.794152 33.3931
    endloop
  endfacet
  facet normal 0.063014 0.00396391 0.998005
    outer loop
      vertex 1.39428 0.176138 33.6836
      vertex 0.470928 0 33.7426
      vertex 1.40536 0 33.6836
    endloop
  endfacet
  facet normal 0.194225 -0.0122228 0.980881
    outer loop
      vertex 2.31763 0 33.5665
      vertex 2.29935 -0.290475 33.5665
      vertex 3.19334 0 33.3931
    endloop
  endfacet
  facet normal 0.359363 0.22806 0.904902
    outer loop
      vertex 4.42311 3.21358 32.5671
      vertex 3.86765 2.81001 32.8894
      vertex 4.18934 2.30311 32.8894
    endloop
  endfacet
  facet normal 0.20462 0.169277 0.964093
    outer loop
      vertex 2.92951 2.75099 33.1662
      vertex 2.32785 2.18599 33.3931
      vertex 2.58347 1.877 33.3931
    endloop
  endfacet
  facet normal 0.224225 0.142294 0.964093
    outer loop
      vertex 3.2512 2.36213 33.1662
      vertex 2.58347 1.877 33.3931
      vertex 3.52161 1.93602 33.1662
    endloop
  endfacet
  facet normal 0.26354 0.218017 0.939689
    outer loop
      vertex 3.48497 3.2726 32.8894
      vertex 2.92951 2.75099 33.1662
      vertex 3.2512 2.36213 33.1662
    endloop
  endfacet
  facet normal 0.201039 0.276708 0.939689
    outer loop
      vertex 2.56162 4.03646 32.8894
      vertex 2.56162 3.09646 33.1662
      vertex 3.04732 3.68358 32.8894
    endloop
  endfacet
  facet normal 0.234136 0.249329 0.939689
    outer loop
      vertex 3.04732 3.68358 32.8894
      vertex 2.56162 3.09646 33.1662
      vertex 3.48497 3.2726 32.8894
    endloop
  endfacet
  facet normal -0.121321 0.0394218 0.99183
    outer loop
      vertex -1.30667 0.517347 33.6836
      vertex -2.24481 0.57637 33.5665
      vertex -1.36121 0.349499 33.6836
    endloop
  endfacet
  facet normal -0.125306 0.0239031 0.99183
    outer loop
      vertex -1.36121 0.349499 33.6836
      vertex -2.24481 0.57637 33.5665
      vertex -1.39428 0.176138 33.6836
    endloop
  endfacet
  facet normal 0.0486489 0.0402466 0.998005
    outer loop
      vertex 1.02446 0.962034 33.6836
      vertex 0.343292 0.322372 33.7426
      vertex 0.380989 0.276805 33.7426
    endloop
  endfacet
  facet normal 0.16431 0.104276 0.980882
    outer loop
      vertex 2.58347 1.877 33.3931
      vertex 2.03095 1.11652 33.5665
      vertex 2.79835 1.53841 33.3931
    endloop
  endfacet
  facet normal 0.11439 0.157439 0.980881
    outer loop
      vertex 1.71108 2.69623 33.3931
      vertex 1.47731 1.78576 33.5665
      vertex 2.03551 2.46051 33.3931
    endloop
  endfacet
  facet normal 0.133218 0.141864 0.980881
    outer loop
      vertex 2.03551 2.46051 33.3931
      vertex 1.47731 1.78576 33.5665
      vertex 1.68948 1.58652 33.5665
    endloop
  endfacet
  facet normal -0.304502 0.419116 0.855348
    outer loop
      vertex -2.92951 4.61616 32.5671
      vertex -3.86765 4.67519 32.2042
      vertex -3.48497 4.2126 32.5671
    endloop
  endfacet
  facet normal -0.583208 0.802709 0.124605
    outer loop
      vertex -4.77984 5.77938 30.0005
      vertex -4.74298 5.73328 30.47
      vertex -3.98701 6.28253 30.47
    endloop
  endfacet
  facet normal -0.582393 0.803301 0.124599
    outer loop
      vertex -4.74298 5.73328 30.47
      vertex -4.77984 5.77938 30.0005
      vertex -4.78064 5.7788 30.0005
    endloop
  endfacet
  facet normal -0.582813 0.802185 0.129725
    outer loop
      vertex -4.02747 6.32609 30
      vertex -4.3033 6.12561 30.0005
      vertex -4.0274 6.32606 30.0005
    endloop
  endfacet
  facet normal -0.584066 0.803867 0.112541
    outer loop
      vertex -4.3033 6.12561 30.0005
      vertex -4.02747 6.32609 30
      vertex -4.3033 6.12568 30
    endloop
  endfacet
  facet normal -0.583642 0.802394 0.124604
    outer loop
      vertex -4.0274 6.32606 30.0005
      vertex -3.98701 6.28253 30.47
      vertex -4.01867 6.33241 30.0005
    endloop
  endfacet
  facet normal -0.583199 0.802717 0.124596
    outer loop
      vertex -4.3033 6.12561 30.0005
      vertex -3.98701 6.28253 30.47
      vertex -4.0274 6.32606 30.0005
    endloop
  endfacet
  facet normal -0.583208 0.802709 0.124604
    outer loop
      vertex -3.98701 6.28253 30.47
      vertex -4.3033 6.12561 30.0005
      vertex -4.77984 5.77938 30.0005
    endloop
  endfacet
  facet normal -0.477998 0.869478 0.124607
    outer loop
      vertex -3.19419 6.78567 30.0005
      vertex -4.01867 6.33241 30.0005
      vertex -3.98701 6.28253 30.47
    endloop
  endfacet
  facet normal -0.124361 0.984383 0.124597
    outer loop
      vertex -0.467215 7.42618 30.47
      vertex -1.40536 7.36715 30
      vertex -1.39428 7.30906 30.47
    endloop
  endfacet
  facet normal -0.99025 -0.062294 0.1246
    outer loop
      vertex -7.38219 -0.932587 30.47
      vertex -7.49987 -0.00099157 30.0005
      vertex -7.4408 -0.939991 30.0005
    endloop
  endfacet
  facet normal -0.932701 -0.0586772 0.355845
    outer loop
      vertex -7.20709 -0.910467 30.9326
      vertex -7.44086 0 30.47
      vertex -7.38219 -0.932587 30.47
    endloop
  endfacet
  facet normal -0.973928 -0.189597 0.12457
    outer loop
      vertex -7.44061 -0.940967 30.0005
      vertex -7.38219 -0.932587 30.47
      vertex -7.4408 -0.939991 30.0005
    endloop
  endfacet
  facet normal -0.974632 -0.185926 0.124592
    outer loop
      vertex -7.38219 -0.932587 30.47
      vertex -7.44061 -0.940967 30.0005
      vertex -7.20709 -1.85047 30.47
    endloop
  endfacet
  facet normal -0.917992 -0.175114 0.355845
    outer loop
      vertex -7.20709 -0.910467 30.9326
      vertex -7.38219 -0.932587 30.47
      vertex -7.03615 -1.80658 30.9326
    endloop
  endfacet
  facet normal -0.335973 0.064086 0.939689
    outer loop
      vertex -3.89245 0.99941 33.1662
      vertex -4.63049 1.18891 32.8894
      vertex -3.98701 0.503676 33.1662
    endloop
  endfacet
  facet normal -0.72745 0.0457617 0.684633
    outer loop
      vertex -6.91834 0.873989 31.3805
      vertex -6.97332 0 31.3805
      vertex -6.5723 0 31.8066
    endloop
  endfacet
  facet normal -0.240292 0.113073 0.964092
    outer loop
      vertex -2.79835 1.53841 33.3931
      vertex -3.52161 1.93602 33.1662
      vertex -2.9691 1.17555 33.3931
    endloop
  endfacet
  facet normal -0.341356 0.021478 0.939689
    outer loop
      vertex -4.74298 0.599177 32.8894
      vertex -4.78068 0 32.8894
      vertex -3.98701 0.503676 33.1662
    endloop
  endfacet
  facet normal -0.492694 0.160084 0.855351
    outer loop
      vertex -5.64154 2.23364 32.2042
      vertex -5.877 1.50896 32.2042
      vertex -5.08333 2.01263 32.5671
    endloop
  endfacet
  facet normal -0.341355 0.0214772 0.939689
    outer loop
      vertex -3.98701 0.503676 33.1662
      vertex -4.78068 0 32.8894
      vertex -4.0187 0 33.1662
    endloop
  endfacet
  facet normal -0.72008 0.595704 0.355839
    outer loop
      vertex -5.42415 5.09362 30.47
      vertex -6.01978 4.37363 30.47
      vertex -5.877 4.26989 30.9326
    endloop
  endfacet
  facet normal -0.715975 0.136586 0.684634
    outer loop
      vertex -6.75424 1.73419 31.3805
      vertex -6.91834 0.873989 31.3805
      vertex -6.52048 0.823728 31.8066
    endloop
  endfacet
  facet normal -0.82414 0.157221 0.544127
    outer loop
      vertex -6.75424 1.73419 31.3805
      vertex -7.03615 1.80658 30.9326
      vertex -6.91834 0.873989 31.3805
    endloop
  endfacet
  facet normal -0.560634 0.263816 0.784914
    outer loop
      vertex -5.75935 3.16623 31.8066
      vertex -6.11077 2.41943 31.8066
      vertex -5.3171 2.9231 32.2042
    endloop
  endfacet
  facet normal -0.560635 0.263819 0.784913
    outer loop
      vertex -5.3171 2.9231 32.2042
      vertex -6.11077 2.41943 31.8066
      vertex -5.64154 2.23364 32.2042
    endloop
  endfacet
  facet normal -0.424785 -0.0267246 0.9049
    outer loop
      vertex -4.78068 0 32.8894
      vertex -5.46726 0 32.5671
      vertex -5.42415 -0.685229 32.5671
    endloop
  endfacet
  facet normal -0.424783 -0.0267272 0.904901
    outer loop
      vertex -4.78068 0 32.8894
      vertex -5.42415 -0.685229 32.5671
      vertex -4.74298 -0.599177 32.8894
    endloop
  endfacet
  facet normal -0.715975 -0.136586 0.684634
    outer loop
      vertex -6.52048 -0.823728 31.8066
      vertex -6.91834 -0.873989 31.3805
      vertex -6.75424 -1.73419 31.3805
    endloop
  endfacet
  facet normal -0.759161 -0.357227 0.544117
    outer loop
      vertex -6.48363 -2.56705 31.3805
      vertex -6.75424 -2.67419 30.9326
      vertex -6.36582 -3.49964 30.9326
    endloop
  endfacet
  facet normal -0.424148 -0.451677 0.784911
    outer loop
      vertex -4.42311 -4.15358 32.2042
      vertex -4.791 -4.49905 31.8066
      vertex -4.18934 -5.06404 31.8066
    endloop
  endfacet
  facet normal -0.46875 -0.220574 0.855348
    outer loop
      vertex -5.08333 -2.01263 32.5671
      vertex -5.3171 -2.9231 32.2042
      vertex -4.791 -2.63387 32.5671
    endloop
  endfacet
  facet normal -0.359367 -0.228058 0.9049
    outer loop
      vertex -4.18934 -2.30311 32.8894
      vertex -4.791 -2.63387 32.5671
      vertex -4.42311 -3.21358 32.5671
    endloop
  endfacet
  facet normal -0.437408 -0.277584 0.855349
    outer loop
      vertex -4.791 -2.63387 32.5671
      vertex -5.3171 -2.9231 32.2042
      vertex -4.42311 -3.21358 32.5671
    endloop
  endfacet
  facet normal -0.325289 -0.105698 0.939689
    outer loop
      vertex -3.89245 -0.99941 33.1662
      vertex -4.44496 -1.75988 32.8894
      vertex -3.73649 -1.47938 33.1662
    endloop
  endfacet
  facet normal -0.26086 -0.0497584 0.964093
    outer loop
      vertex -3.09302 -0.794152 33.3931
      vertex -3.98701 -0.503676 33.1662
      vertex -3.89245 -0.99941 33.1662
    endloop
  endfacet
  facet normal -0.201039 -0.276708 0.939689
    outer loop
      vertex -2.56162 -3.09646 33.1662
      vertex -3.04732 -3.68358 32.8894
      vertex -2.56162 -4.03646 32.8894
    endloop
  endfacet
  facet normal -0.288784 -0.183269 0.939689
    outer loop
      vertex -3.52161 -1.93602 33.1662
      vertex -4.18934 -2.30311 32.8894
      vertex -3.86765 -2.81001 32.8894
    endloop
  endfacet
  facet normal -0.115426 -0.0543122 0.99183
    outer loop
      vertex -1.30667 -0.517347 33.6836
      vertex -2.03095 -1.11652 33.5665
      vertex -1.23153 -0.677037 33.6836
    endloop
  endfacet
  facet normal -0.115424 -0.0543143 0.99183
    outer loop
      vertex -1.30667 -0.517347 33.6836
      vertex -2.15487 -0.853175 33.5665
      vertex -2.03095 -1.11652 33.5665
    endloop
  endfacet
  facet normal 0.0776529 -0.614716 0.784917
    outer loop
      vertex 1.13696 -5.96015 32.2042
      vertex 0.412678 -6.55933 31.8066
      vertex 1.23153 -6.45589 31.8066
    endloop
  endfacet
  facet normal -0.268326 -0.677704 0.68463
    outer loop
      vertex -2.03095 -6.25063 31.8066
      vertex -2.79835 -5.94679 31.8066
      vertex -2.15487 -6.63202 31.3805
    endloop
  endfacet
  facet normal -0.228097 -0.576094 0.784912
    outer loop
      vertex -2.58347 -5.49015 32.2042
      vertex -2.79835 -5.94679 31.8066
      vertex -1.875 -5.77066 32.2042
    endloop
  endfacet
  facet normal -0.428424 -0.589679 0.684639
    outer loop
      vertex -4.18934 -5.06404 31.8066
      vertex -4.44496 -5.37304 31.3805
      vertex -3.73649 -5.88777 31.3805
    endloop
  endfacet
  facet normal -0.498955 -0.531332 0.684639
    outer loop
      vertex -4.18934 -5.06404 31.8066
      vertex -5.08333 -4.77357 31.3805
      vertex -4.44496 -5.37304 31.3805
    endloop
  endfacet
  facet normal -0.364199 -0.501273 0.784911
    outer loop
      vertex -3.2512 -5.12307 32.2042
      vertex -3.86765 -4.67519 32.2042
      vertex -3.52161 -5.54918 31.8066
    endloop
  endfacet
  facet normal -0.364201 -0.501273 0.784909
    outer loop
      vertex -3.86765 -4.67519 32.2042
      vertex -4.18934 -5.06404 31.8066
      vertex -3.52161 -5.54918 31.8066
    endloop
  endfacet
  facet normal -0.228096 -0.576096 0.784911
    outer loop
      vertex -1.875 -5.77066 32.2042
      vertex -2.79835 -5.94679 31.8066
      vertex -2.03095 -6.25063 31.8066
    endloop
  endfacet
  facet normal 0.0428705 -0.339334 0.939689
    outer loop
      vertex 0.753029 -3.94752 33.1662
      vertex 0.30018 -4.77125 32.8894
      vertex 0.895809 -4.696 32.8894
    endloop
  endfacet
  facet normal -0.0533499 -0.422266 0.904901
    outer loop
      vertex -0.30018 -4.77125 32.8894
      vertex -1.02446 -5.37042 32.5671
      vertex -0.343292 -5.45648 32.5671
    endloop
  endfacet
  facet normal -0.639747 -0.681257 0.355828
    outer loop
      vertex -5.2955 -4.97281 30.9326
      vertex -5.42415 -5.09362 30.47
      vertex -4.63049 -5.5973 30.9326
    endloop
  endfacet
  facet normal -0.57434 -0.611606 0.544126
    outer loop
      vertex -5.08333 -4.77357 31.3805
      vertex -5.2955 -4.97281 30.9326
      vertex -4.63049 -5.5973 30.9326
    endloop
  endfacet
  facet normal -0.708398 -0.449556 0.544125
    outer loop
      vertex -6.11077 -3.35942 31.3805
      vertex -6.36582 -3.49964 30.9326
      vertex -5.64154 -4.09882 31.3805
    endloop
  endfacet
  facet normal -0.615416 -0.390549 0.684642
    outer loop
      vertex -5.3171 -3.8631 31.8066
      vertex -6.11077 -3.35942 31.3805
      vertex -5.64154 -4.09882 31.3805
    endloop
  endfacet
  facet normal -0.344033 -0.868918 0.35584
    outer loop
      vertex -2.24481 -6.90883 30.9326
      vertex -3.16816 -6.73269 30.47
      vertex -2.29935 -7.07668 30.47
    endloop
  endfacet
  facet normal -0.450221 -0.818949 0.355842
    outer loop
      vertex -3.89245 -6.13351 30.9326
      vertex -3.98701 -6.28253 30.47
      vertex -3.09302 -6.573 30.9326
    endloop
  endfacet
  facet normal -0.365256 -0.922531 0.124595
    outer loop
      vertex -2.29935 -7.07668 30.47
      vertex -3.19239 -6.78651 30.0005
      vertex -2.31761 -7.13286 30.0005
    endloop
  endfacet
  facet normal -0.351147 -0.638729 0.684632
    outer loop
      vertex -3.52161 -5.54918 31.8066
      vertex -3.73649 -5.88777 31.3805
      vertex -2.9691 -6.30965 31.3805
    endloop
  endfacet
  facet normal -0.404197 -0.735225 0.544123
    outer loop
      vertex -3.73649 -5.88777 31.3805
      vertex -3.89245 -6.13351 30.9326
      vertex -2.9691 -6.30965 31.3805
    endloop
  endfacet
  facet normal -0.208654 -0.812652 0.544115
    outer loop
      vertex -1.30667 -6.84981 31.3805
      vertex -2.24481 -6.90883 30.9326
      vertex -1.36121 -7.1357 30.9326
    endloop
  endfacet
  facet normal -0.232413 -0.905188 0.355835
    outer loop
      vertex -1.36121 -7.1357 30.9326
      vertex -2.24481 -6.90883 30.9326
      vertex -1.39428 -7.30906 30.47
    endloop
  endfacet
  facet normal 0.646466 -0.534798 0.544126
    outer loop
      vertex 5.877 -4.26989 30.9326
      vertex 5.08333 -4.77357 31.3805
      vertex 5.2955 -4.97281 30.9326
    endloop
  endfacet
  facet normal 0.720087 -0.595702 0.355828
    outer loop
      vertex 5.877 -4.26989 30.9326
      vertex 5.2955 -4.97281 30.9326
      vertex 5.42415 -5.09362 30.47
    endloop
  endfacet
  facet normal 0.493151 -0.678769 0.544128
    outer loop
      vertex 4.44496 -5.37304 31.3805
      vertex 3.73649 -5.88777 31.3805
      vertex 4.63049 -5.5973 30.9326
    endloop
  endfacet
  facet normal 0.7084 -0.449569 0.544112
    outer loop
      vertex 6.36582 -3.49964 30.9326
      vertex 5.64154 -4.09882 31.3805
      vertex 5.877 -4.26989 30.9326
    endloop
  endfacet
  facet normal 0.574336 -0.611606 0.544129
    outer loop
      vertex 5.08333 -4.77357 31.3805
      vertex 4.44496 -5.37304 31.3805
      vertex 4.63049 -5.5973 30.9326
    endloop
  endfacet
  facet normal 0.498955 -0.531339 0.684634
    outer loop
      vertex 4.791 -4.49905 31.8066
      vertex 4.18934 -5.06404 31.8066
      vertex 5.08333 -4.77357 31.3805
    endloop
  endfacet
  facet normal 0.763047 -0.634221 0.124587
    outer loop
      vertex 6.01978 -4.37363 30.47
      vertex 6.06694 -4.40912 30.0005
      vertex 6.06758 -4.40835 30.0005
    endloop
  endfacet
  facet normal 0.764507 -0.632458 0.124601
    outer loop
      vertex 6.06694 -4.40912 30.0005
      vertex 6.01978 -4.37363 30.47
      vertex 5.42415 -5.09362 30.47
    endloop
  endfacet
  facet normal 0.679209 -0.72329 0.124608
    outer loop
      vertex 5.42415 -5.09362 30.47
      vertex 4.78136 -5.77812 30.0005
      vertex 5.46722 -5.13406 30.0005
    endloop
  endfacet
  facet normal 0.549321 -0.756067 0.355822
    outer loop
      vertex 4.63049 -5.5973 30.9326
      vertex 3.98701 -6.28253 30.47
      vertex 4.74298 -5.73328 30.47
    endloop
  endfacet
  facet normal 0.479312 -0.868754 0.124607
    outer loop
      vertex 3.19419 -6.78567 30.0005
      vertex 3.16816 -6.73269 30.47
      vertex 3.19332 -6.78615 30.0005
    endloop
  endfacet
  facet normal 0.477993 -0.869479 0.124616
    outer loop
      vertex 3.16816 -6.73269 30.47
      vertex 3.19419 -6.78567 30.0005
      vertex 3.98701 -6.28253 30.47
    endloop
  endfacet
  facet normal 0.365256 -0.922531 0.124595
    outer loop
      vertex 3.19239 -6.78651 30.0005
      vertex 2.29935 -7.07668 30.47
      vertex 2.31761 -7.13286 30.0005
    endloop
  endfacet
  facet normal 0.759161 -0.357227 0.544117
    outer loop
      vertex 6.48363 -2.56705 31.3805
      vertex 6.36582 -3.49964 30.9326
      vertex 6.75424 -2.67419 30.9326
    endloop
  endfacet
  facet normal 0.789063 -0.500759 0.355839
    outer loop
      vertex 6.36582 -3.49964 30.9326
      vertex 6.01978 -4.37363 30.47
      vertex 6.52048 -3.58466 30.47
    endloop
  endfacet
  facet normal 0.888802 -0.288796 0.355848
    outer loop
      vertex 7.03615 -1.80658 30.9326
      vertex 6.75424 -2.67419 30.9326
      vertex 6.91834 -2.73916 30.47
    endloop
  endfacet
  facet normal 0.797937 -0.259271 0.544128
    outer loop
      vertex 6.75424 -1.73419 31.3805
      vertex 6.75424 -2.67419 30.9326
      vertex 7.03615 -1.80658 30.9326
    endloop
  endfacet
  facet normal 0.60863 -0.116106 0.784914
    outer loop
      vertex 6.52048 -0.823728 31.8066
      vertex 5.877 -1.50896 32.2042
      vertex 6.36582 -1.63446 31.8066
    endloop
  endfacet
  facet normal 0.715978 -0.136584 0.684632
    outer loop
      vertex 6.52048 -0.823728 31.8066
      vertex 6.36582 -1.63446 31.8066
      vertex 6.75424 -1.73419 31.3805
    endloop
  endfacet
  facet normal 0.608626 -0.116101 0.784917
    outer loop
      vertex 6.01978 -0.760475 32.2042
      vertex 5.877 -1.50896 32.2042
      vertex 6.52048 -0.823728 31.8066
    endloop
  endfacet
  facet normal 0.508876 -0.0970725 0.855349
    outer loop
      vertex 6.01978 -0.760475 32.2042
      vertex 5.42415 -0.685229 32.5671
      vertex 5.877 -1.50896 32.2042
    endloop
  endfacet
  facet normal 0.917992 -0.175114 0.355845
    outer loop
      vertex 7.20709 -0.910467 30.9326
      vertex 7.03615 -1.80658 30.9326
      vertex 7.38219 -0.932587 30.47
    endloop
  endfacet
  facet normal 0.917995 -0.175121 0.355833
    outer loop
      vertex 7.38219 -0.932587 30.47
      vertex 7.03615 -1.80658 30.9326
      vertex 7.20709 -1.85047 30.47
    endloop
  endfacet
  facet normal 0.917995 0.175121 0.355833
    outer loop
      vertex 7.20709 1.85047 30.47
      vertex 7.03615 1.80658 30.9326
      vertex 7.38219 0.932587 30.47
    endloop
  endfacet
  facet normal 0.917992 0.175114 0.355845
    outer loop
      vertex 7.38219 0.932587 30.47
      vertex 7.03615 1.80658 30.9326
      vertex 7.20709 0.910467 30.9326
    endloop
  endfacet
  facet normal 0.715978 0.136584 0.684632
    outer loop
      vertex 6.75424 1.73419 31.3805
      vertex 6.36582 1.63446 31.8066
      vertex 6.52048 0.823728 31.8066
    endloop
  endfacet
  facet normal 0.693215 0.225237 0.684632
    outer loop
      vertex 6.48363 2.56705 31.3805
      vertex 6.36582 1.63446 31.8066
      vertex 6.75424 1.73419 31.3805
    endloop
  endfacet
  facet normal 0.618386 0.0389096 0.784911
    outer loop
      vertex 6.5723 0 31.8066
      vertex 6.01978 0.760475 32.2042
      vertex 6.06763 0 32.2042
    endloop
  endfacet
  facet normal 0.517026 -0.0325319 0.855351
    outer loop
      vertex 6.06763 0 32.2042
      vertex 5.46726 0 32.5671
      vertex 6.01978 -0.760475 32.2042
    endloop
  endfacet
  facet normal 0.508876 0.0970725 0.855349
    outer loop
      vertex 5.877 1.50896 32.2042
      vertex 5.42415 0.685229 32.5671
      vertex 6.01978 0.760475 32.2042
    endloop
  endfacet
  facet normal 0.51703 0.032528 0.855349
    outer loop
      vertex 6.01978 0.760475 32.2042
      vertex 5.42415 0.685229 32.5671
      vertex 5.46726 0 32.5671
    endloop
  endfacet
  facet normal 0.837352 0.0526753 0.54412
    outer loop
      vertex 7.26437 0 30.9326
      vertex 6.91834 0.873989 31.3805
      vertex 6.97332 0 31.3805
    endloop
  endfacet
  facet normal 0.837356 0.0526804 0.544113
    outer loop
      vertex 7.20709 0.910467 30.9326
      vertex 6.91834 0.873989 31.3805
      vertex 7.26437 0 30.9326
    endloop
  endfacet
  facet normal 0.560635 -0.263819 0.784913
    outer loop
      vertex 5.64154 -2.23364 32.2042
      vertex 5.3171 -2.9231 32.2042
      vertex 6.11077 -2.41943 31.8066
    endloop
  endfacet
  facet normal 0.523148 -0.332002 0.784914
    outer loop
      vertex 5.3171 -2.9231 32.2042
      vertex 5.3171 -3.8631 31.8066
      vertex 5.75935 -3.16623 31.8066
    endloop
  endfacet
  facet normal 0.437408 -0.277584 0.855349
    outer loop
      vertex 4.791 -2.63387 32.5671
      vertex 4.42311 -3.21358 32.5671
      vertex 5.3171 -2.9231 32.2042
    endloop
  endfacet
  facet normal 0.46875 -0.220574 0.855348
    outer loop
      vertex 5.08333 -2.01263 32.5671
      vertex 4.791 -2.63387 32.5671
      vertex 5.3171 -2.9231 32.2042
    endloop
  endfacet
  facet normal 0.399172 -0.330218 0.855346
    outer loop
      vertex 4.42311 -3.21358 32.5671
      vertex 4.42311 -4.15358 32.2042
      vertex 4.90881 -3.56646 32.2042
    endloop
  endfacet
  facet normal 0.477417 -0.394947 0.784914
    outer loop
      vertex 4.90881 -3.56646 32.2042
      vertex 4.42311 -4.15358 32.2042
      vertex 5.3171 -3.8631 31.8066
    endloop
  endfacet
  facet normal 0.23241 0.905187 0.355839
    outer loop
      vertex 2.29935 7.07668 30.47
      vertex 1.39428 7.30906 30.47
      vertex 2.24481 6.90883 30.9326
    endloop
  endfacet
  facet normal 0.124351 0.984387 0.124577
    outer loop
      vertex 1.40536 7.36715 30
      vertex 1.29522 7.381 30.0005
      vertex 0.467215 7.42618 30.47
    endloop
  endfacet
  facet normal 0.124283 0.983632 0.130464
    outer loop
      vertex 1.29522 7.381 30.0005
      vertex 1.40536 7.36715 30
      vertex 1.29527 7.38106 30
    endloop
  endfacet
  facet normal 0.124365 0.984382 0.124602
    outer loop
      vertex 0.467215 7.42618 30.47
      vertex 1.29522 7.381 30.0005
      vertex 0.470924 7.48514 30.0005
    endloop
  endfacet
  facet normal 0.156684 0.395732 0.904901
    outer loop
      vertex 2.32785 4.94693 32.5671
      vertex 1.47731 4.5467 32.8894
      vertex 2.03551 4.32569 32.8894
    endloop
  endfacet
  facet normal 0.190709 0.481673 0.855349
    outer loop
      vertex 1.875 5.77066 32.2042
      vertex 1.68948 5.19968 32.5671
      vertex 2.32785 4.94693 32.5671
    endloop
  endfacet
  facet normal 0.0776529 0.614716 0.784917
    outer loop
      vertex 1.23153 6.45589 31.8066
      vertex 0.412678 6.55933 31.8066
      vertex 1.13696 5.96015 32.2042
    endloop
  endfacet
  facet normal 0.0913492 0.723139 0.684635
    outer loop
      vertex 1.30667 6.84981 31.3805
      vertex 0.412678 6.55933 31.8066
      vertex 1.23153 6.45589 31.8066
    endloop
  endfacet
  facet normal 0.105846 0.412254 0.9049
    outer loop
      vertex 1.02446 5.37042 32.5671
      vertex 0.895809 4.696 32.8894
      vertex 1.47731 4.5467 32.8894
    endloop
  endfacet
  facet normal 0.127933 0.232716 0.964094
    outer loop
      vertex 1.71108 3.63623 33.1662
      vertex 1.35966 2.88942 33.3931
      vertex 1.71108 2.69623 33.3931
    endloop
  endfacet
  facet normal 0.418085 -0.0797486 0.904901
    outer loop
      vertex 4.74298 -0.599177 32.8894
      vertex 4.63049 -1.18891 32.8894
      vertex 5.42415 -0.685229 32.5671
    endloop
  endfacet
  facet normal 0.335973 -0.064086 0.939689
    outer loop
      vertex 3.98701 -0.503676 33.1662
      vertex 3.89245 -0.99941 33.1662
      vertex 4.63049 -1.18891 32.8894
    endloop
  endfacet
  facet normal 0.424783 -0.0267272 0.904901
    outer loop
      vertex 4.78068 0 32.8894
      vertex 4.74298 -0.599177 32.8894
      vertex 5.42415 -0.685229 32.5671
    endloop
  endfacet
  facet normal 0.341356 -0.021478 0.939689
    outer loop
      vertex 4.78068 0 32.8894
      vertex 3.98701 -0.503676 33.1662
      vertex 4.74298 -0.599177 32.8894
    endloop
  endfacet
  facet normal 0.309479 0.145631 0.939689
    outer loop
      vertex 4.44496 1.75988 32.8894
      vertex 3.52161 1.93602 33.1662
      vertex 3.73649 1.47938 33.1662
    endloop
  endfacet
  facet normal 0.240292 0.113073 0.964092
    outer loop
      vertex 3.52161 1.93602 33.1662
      vertex 2.79835 1.53841 33.3931
      vertex 2.9691 1.17555 33.3931
    endloop
  endfacet
  facet normal 0.164315 -0.104273 0.980881
    outer loop
      vertex 2.03095 -1.11652 33.5665
      vertex 1.875 -1.36227 33.5665
      vertex 2.58347 -1.877 33.3931
    endloop
  endfacet
  facet normal 0.309478 0.145627 0.939689
    outer loop
      vertex 4.18934 2.30311 32.8894
      vertex 3.52161 1.93602 33.1662
      vertex 4.44496 1.75988 32.8894
    endloop
  endfacet
  facet normal 0.0873236 -0.0929906 0.99183
    outer loop
      vertex 1.68948 -1.58652 33.5665
      vertex 1.02446 -0.962034 33.6836
      vertex 1.47731 -1.78576 33.5665
    endloop
  endfacet
  facet normal 0.194225 0.0122228 0.980881
    outer loop
      vertex 3.19334 0 33.3931
      vertex 2.29935 0.290475 33.5665
      vertex 2.31763 0 33.5665
    endloop
  endfacet
  facet normal 0.127313 0.00801199 0.99183
    outer loop
      vertex 2.29935 0.290475 33.5665
      vertex 1.39428 0.176138 33.6836
      vertex 2.31763 0 33.5665
    endloop
  endfacet
  facet normal -0.0486489 -0.0402466 0.998005
    outer loop
      vertex -0.380989 -0.276805 33.7426
      vertex -1.02446 -0.962034 33.6836
      vertex -0.343292 -0.322372 33.7426
    endloop
  endfacet
  facet normal 0.0620201 -0.0118308 0.998005
    outer loop
      vertex 1.39428 -0.176138 33.6836
      vertex 0.456133 -0.117115 33.7426
      vertex 1.36121 -0.349499 33.6836
    endloop
  endfacet
  facet normal 0.249568 0.453972 0.855351
    outer loop
      vertex 3.2512 5.12307 32.2042
      vertex 2.58347 5.49015 32.2042
      vertex 2.92951 4.61616 32.5671
    endloop
  endfacet
  facet normal 0.493151 0.678769 0.544128
    outer loop
      vertex 4.63049 5.5973 30.9326
      vertex 3.73649 5.88777 31.3805
      vertex 4.44496 5.37304 31.3805
    endloop
  endfacet
  facet normal -0.12883 0.501777 0.855349
    outer loop
      vertex -1.13696 5.96015 32.2042
      vertex -1.875 5.77066 32.2042
      vertex -1.02446 5.37042 32.5671
    endloop
  endfacet
  facet normal -0.0649354 0.513966 0.855349
    outer loop
      vertex -0.343292 5.45648 32.5671
      vertex -1.13696 5.96015 32.2042
      vertex -1.02446 5.37042 32.5671
    endloop
  endfacet
  facet normal 0.523149 0.332002 0.784914
    outer loop
      vertex 5.3171 3.8631 31.8066
      vertex 4.90881 3.56646 32.2042
      vertex 5.3171 2.9231 32.2042
    endloop
  endfacet
  facet normal 0.523148 0.332002 0.784914
    outer loop
      vertex 5.3171 3.8631 31.8066
      vertex 5.3171 2.9231 32.2042
      vertex 5.75935 3.16623 31.8066
    endloop
  endfacet
  facet normal 0.263542 -0.218017 0.939688
    outer loop
      vertex 3.86765 -2.81001 32.8894
      vertex 3.2512 -2.36213 33.1662
      vertex 3.48497 -3.2726 32.8894
    endloop
  endfacet
  facet normal 0.26354 -0.218017 0.939689
    outer loop
      vertex 3.2512 -2.36213 33.1662
      vertex 2.92951 -2.75099 33.1662
      vertex 3.48497 -3.2726 32.8894
    endloop
  endfacet
  facet normal 0.133218 -0.141864 0.980881
    outer loop
      vertex 1.68948 -1.58652 33.5665
      vertex 1.47731 -1.78576 33.5665
      vertex 2.03551 -2.46051 33.3931
    endloop
  endfacet
  facet normal 0.149947 -0.124048 0.980881
    outer loop
      vertex 2.58347 -1.877 33.3931
      vertex 1.68948 -1.58652 33.5665
      vertex 2.32785 -2.18599 33.3931
    endloop
  endfacet
  facet normal 0.205045 -0.372978 0.9049
    outer loop
      vertex 2.56162 -4.03646 32.8894
      vertex 2.03551 -4.32569 32.8894
      vertex 2.92951 -4.61616 32.5671
    endloop
  endfacet
  facet normal 0.250173 -0.344339 0.9049
    outer loop
      vertex 3.48497 -4.2126 32.5671
      vertex 2.56162 -4.03646 32.8894
      vertex 2.92951 -4.61616 32.5671
    endloop
  endfacet
  facet normal 0.0533481 -0.422268 0.9049
    outer loop
      vertex 0.895809 -4.696 32.8894
      vertex 0.30018 -4.77125 32.8894
      vertex 1.02446 -5.37042 32.5671
    endloop
  endfacet
  facet normal 0.304503 -0.41911 0.855351
    outer loop
      vertex 3.86765 -4.67519 32.2042
      vertex 2.92951 -4.61616 32.5671
      vertex 3.2512 -5.12307 32.2042
    endloop
  endfacet
  facet normal 0.0660426 -0.25722 0.964093
    outer loop
      vertex 0.986797 -3.03705 33.3931
      vertex 0.598372 -3.13678 33.3931
      vertex 0.753029 -3.94752 33.1662
    endloop
  endfacet
  facet normal 0.127937 -0.232716 0.964093
    outer loop
      vertex 1.71108 -2.69623 33.3931
      vertex 1.71108 -3.63623 33.1662
      vertex 2.15333 -3.3931 33.1662
    endloop
  endfacet
  facet normal -0.0660426 -0.25722 0.964093
    outer loop
      vertex -0.598372 -3.13678 33.3931
      vertex -0.986797 -3.03705 33.3931
      vertex -0.753029 -3.94752 33.1662
    endloop
  endfacet
  facet normal -0.0332828 -0.26347 0.964093
    outer loop
      vertex -0.598372 -3.13678 33.3931
      vertex -0.753029 -3.94752 33.1662
      vertex -0.252336 -4.01077 33.1662
    endloop
  endfacet
  facet normal -0.0428705 -0.339334 0.939689
    outer loop
      vertex -0.753029 -3.94752 33.1662
      vertex -0.895809 -4.696 32.8894
      vertex -0.30018 -4.77125 32.8894
    endloop
  endfacet
  facet normal -0.0533481 -0.422268 0.9049
    outer loop
      vertex -0.895809 -4.696 32.8894
      vertex -1.02446 -5.37042 32.5671
      vertex -0.30018 -4.77125 32.8894
    endloop
  endfacet
  facet normal -0.0614587 -0.111784 0.99183
    outer loop
      vertex -0.753029 -1.18658 33.6836
      vertex -0.986797 -2.09705 33.5665
      vertex -0.598372 -1.27161 33.6836
    endloop
  endfacet
  facet normal -0.09375 -0.170539 0.980881
    outer loop
      vertex -1.24185 -1.95684 33.5665
      vertex -1.71108 -2.69623 33.3931
      vertex -0.986797 -2.09705 33.5665
    endloop
  endfacet
  facet normal -0.0977619 -0.246913 0.964094
    outer loop
      vertex -1.35966 -2.88942 33.3931
      vertex -1.71108 -3.63623 33.1662
      vertex -0.986797 -3.03705 33.3931
    endloop
  endfacet
  facet normal -0.127933 -0.232716 0.964094
    outer loop
      vertex -1.71108 -2.69623 33.3931
      vertex -1.71108 -3.63623 33.1662
      vertex -1.35966 -2.88942 33.3931
    endloop
  endfacet
  facet normal 0 -0.425623 0.904901
    outer loop
      vertex -0.30018 -4.77125 32.8894
      vertex 0.343292 -5.45648 32.5671
      vertex 0.30018 -4.77125 32.8894
    endloop
  endfacet
  facet normal 0 -0.425623 0.904901
    outer loop
      vertex 0.343292 -5.45648 32.5671
      vertex -0.30018 -4.77125 32.8894
      vertex -0.343292 -5.45648 32.5671
    endloop
  endfacet
  facet normal -0.0649354 -0.513966 0.855349
    outer loop
      vertex -1.02446 -5.37042 32.5671
      vertex -1.13696 -5.96015 32.2042
      vertex -0.343292 -5.45648 32.5671
    endloop
  endfacet
  facet normal 0.234136 -0.249329 0.939689
    outer loop
      vertex 3.48497 -3.2726 32.8894
      vertex 2.56162 -3.09646 33.1662
      vertex 3.04732 -3.68358 32.8894
    endloop
  endfacet
  facet normal 0.291358 -0.310266 0.904901
    outer loop
      vertex 3.48497 -3.2726 32.8894
      vertex 3.04732 -3.68358 32.8894
      vertex 3.48497 -4.2126 32.5671
    endloop
  endfacet
  facet normal 0.124361 -0.984383 0.124597
    outer loop
      vertex 1.39428 -7.30906 30.47
      vertex 0.467215 -7.42618 30.47
      vertex 1.40536 -7.36715 30
    endloop
  endfacet
  facet normal 0.117134 -0.927178 0.355839
    outer loop
      vertex 1.39428 -7.30906 30.47
      vertex 0.456133 -7.25004 30.9326
      vertex 0.467215 -7.42618 30.47
    endloop
  endfacet
  facet normal 0 -0.934547 0.355839
    outer loop
      vertex -0.467215 -7.42618 30.47
      vertex 0.456133 -7.25004 30.9326
      vertex -0.456133 -7.25004 30.9326
    endloop
  endfacet
  facet normal 0 -0.934547 0.355839
    outer loop
      vertex 0.456133 -7.25004 30.9326
      vertex -0.467215 -7.42618 30.47
      vertex 0.467215 -7.42618 30.47
    endloop
  endfacet
  facet normal 0 -0.992207 0.124602
    outer loop
      vertex -0.470924 -7.48514 30.0005
      vertex 0.467215 -7.42618 30.47
      vertex -0.467215 -7.42618 30.47
    endloop
  endfacet
  facet normal 0 -0.992207 0.124602
    outer loop
      vertex 0.467215 -7.42618 30.47
      vertex -0.470924 -7.48514 30.0005
      vertex 0.470924 -7.48514 30.0005
    endloop
  endfacet
  facet normal 0.232413 -0.905188 0.355835
    outer loop
      vertex 2.24481 -6.90883 30.9326
      vertex 1.36121 -7.1357 30.9326
      vertex 1.39428 -7.30906 30.47
    endloop
  endfacet
  facet normal 0.208654 -0.812652 0.544115
    outer loop
      vertex 2.24481 -6.90883 30.9326
      vertex 1.30667 -6.84981 31.3805
      vertex 1.36121 -7.1357 30.9326
    endloop
  endfacet
  facet normal 0.0776559 -0.614718 0.784915
    outer loop
      vertex 1.13696 -5.96015 32.2042
      vertex 0.380989 -6.05565 32.2042
      vertex 0.412678 -6.55933 31.8066
    endloop
  endfacet
  facet normal -0.265039 -0.0166756 0.964093
    outer loop
      vertex -3.19334 0 33.3931
      vertex -4.0187 0 33.1662
      vertex -3.98701 -0.503676 33.1662
    endloop
  endfacet
  facet normal -0.26504 -0.0166746 0.964093
    outer loop
      vertex -3.19334 0 33.3931
      vertex -3.98701 -0.503676 33.1662
      vertex -3.16816 -0.400231 33.3931
    endloop
  endfacet
  facet normal 0.061452 -0.111786 0.99183
    outer loop
      vertex 1.24185 -1.95684 33.5665
      vertex 0.753029 -1.18658 33.6836
      vertex 0.986797 -2.09705 33.5665
    endloop
  endfacet
  facet normal 0.0304191 -0.0553279 0.998005
    outer loop
      vertex 0.753029 -1.18658 33.6836
      vertex 0.252336 -0.397618 33.7426
      vertex 0.598372 -1.27161 33.6836
    endloop
  endfacet
  facet normal 0.046959 -0.118608 0.99183
    outer loop
      vertex 0.986797 -2.09705 33.5665
      vertex 0.434279 -1.33658 33.6836
      vertex 0.716186 -2.20419 33.5665
    endloop
  endfacet
  facet normal 0 -0.194607 0.980881
    outer loop
      vertex -0.145525 -2.31305 33.5665
      vertex 0.200511 -3.18704 33.3931
      vertex 0.145525 -2.31305 33.5665
    endloop
  endfacet
  facet normal 0 -0.194607 0.980881
    outer loop
      vertex 0.200511 -3.18704 33.3931
      vertex -0.145525 -2.31305 33.5665
      vertex -0.200511 -3.18704 33.3931
    endloop
  endfacet
  facet normal -0.0304191 -0.0553279 0.998005
    outer loop
      vertex -0.252336 -0.397618 33.7426
      vertex -0.753029 -1.18658 33.6836
      vertex -0.598372 -1.27161 33.6836
    endloop
  endfacet
  facet normal 0.0432214 0.046026 0.998005
    outer loop
      vertex 0.895809 1.08285 33.6836
      vertex 0.30018 0.362857 33.7426
      vertex 0.343292 0.322372 33.7426
    endloop
  endfacet
  facet normal 0.0232442 0.058704 0.998005
    outer loop
      vertex 0.598372 1.27161 33.6836
      vertex 0.145525 0.44788 33.7426
      vertex 0.200511 0.426108 33.7426
    endloop
  endfacet
  facet normal -0.0157013 -0.061155 0.998005
    outer loop
      vertex -0.145525 -0.44788 33.7426
      vertex -0.434279 -1.33658 33.6836
      vertex -0.0882425 -0.462587 33.7426
    endloop
  endfacet
  facet normal -0.0484027 -0.188494 0.980881
    outer loop
      vertex -0.434279 -2.27658 33.5665
      vertex -0.716186 -2.20419 33.5665
      vertex -0.598372 -3.13678 33.3931
    endloop
  endfacet
  facet normal -0.0432223 -0.0460253 0.998005
    outer loop
      vertex -0.343292 -0.322372 33.7426
      vertex -1.02446 -0.962034 33.6836
      vertex -0.895809 -1.08285 33.6836
    endloop
  endfacet
  facet normal 0.0484027 0.188494 0.980881
    outer loop
      vertex 0.598372 3.13678 33.3931
      vertex 0.434279 2.27658 33.5665
      vertex 0.716186 2.20419 33.5665
    endloop
  endfacet
  facet normal 0.0157013 -0.061155 0.998005
    outer loop
      vertex 0.145525 -0.44788 33.7426
      vertex 0.0882425 -0.462587 33.7426
      vertex 0.434279 -1.33658 33.6836
    endloop
  endfacet
  facet normal 0.0232431 0.0587046 0.998005
    outer loop
      vertex 0.434279 1.33658 33.6836
      vertex 0.145525 0.44788 33.7426
      vertex 0.598372 1.27161 33.6836
    endloop
  endfacet
  facet normal 0.0332828 0.26347 0.964093
    outer loop
      vertex 0.753029 3.94752 33.1662
      vertex 0.252336 4.01077 33.1662
      vertex 0.598372 3.13678 33.3931
    endloop
  endfacet
  facet normal -0.057129 -0.0268836 0.998005
    outer loop
      vertex -0.437859 -0.17336 33.7426
      vertex -1.23153 -0.677037 33.6836
      vertex -0.412678 -0.226871 33.7426
    endloop
  endfacet
  facet normal -0.127933 0.232716 0.964094
    outer loop
      vertex -1.71108 3.63623 33.1662
      vertex -1.71108 2.69623 33.3931
      vertex -1.35966 2.88942 33.3931
    endloop
  endfacet
  facet normal -0.046959 0.118608 0.99183
    outer loop
      vertex -0.716186 2.20419 33.5665
      vertex -0.986797 2.09705 33.5665
      vertex -0.434279 1.33658 33.6836
    endloop
  endfacet
  facet normal -0.0982888 0.081314 0.99183
    outer loop
      vertex -1.02446 0.962034 33.6836
      vertex -1.875 1.36227 33.5665
      vertex -1.13696 0.826049 33.6836
    endloop
  endfacet
  facet normal 0.115426 0.0543122 0.99183
    outer loop
      vertex 2.03095 1.11652 33.5665
      vertex 1.23153 0.677037 33.6836
      vertex 1.30667 0.517347 33.6836
    endloop
  endfacet
  facet normal 0.107709 0.0683506 0.99183
    outer loop
      vertex 1.875 1.36227 33.5665
      vertex 1.23153 0.677037 33.6836
      vertex 2.03095 1.11652 33.5665
    endloop
  endfacet
  facet normal 0.185081 0.0601368 0.980882
    outer loop
      vertex 2.9691 1.17555 33.3931
      vertex 2.15487 0.853175 33.5665
      vertex 2.24481 0.57637 33.5665
    endloop
  endfacet
  facet normal 0.176084 0.0828594 0.980882
    outer loop
      vertex 2.79835 1.53841 33.3931
      vertex 2.15487 0.853175 33.5665
      vertex 2.9691 1.17555 33.3931
    endloop
  endfacet
  facet normal 0.0620201 0.0118308 0.998005
    outer loop
      vertex 1.36121 0.349499 33.6836
      vertex 0.456133 0.117115 33.7426
      vertex 1.39428 0.176138 33.6836
    endloop
  endfacet
  facet normal 0.125306 0.0239031 0.99183
    outer loop
      vertex 2.24481 0.57637 33.5665
      vertex 1.36121 0.349499 33.6836
      vertex 1.39428 0.176138 33.6836
    endloop
  endfacet
  facet normal 0.404789 0.131531 0.904901
    outer loop
      vertex 5.08333 2.01263 32.5671
      vertex 4.44496 1.75988 32.8894
      vertex 4.63049 1.18891 32.8894
    endloop
  endfacet
  facet normal 0.28879 0.183266 0.939688
    outer loop
      vertex 3.86765 2.81001 32.8894
      vertex 3.2512 2.36213 33.1662
      vertex 3.52161 1.93602 33.1662
    endloop
  endfacet
  facet normal 0.164315 0.104273 0.980881
    outer loop
      vertex 2.58347 1.877 33.3931
      vertex 1.875 1.36227 33.5665
      vertex 2.03095 1.11652 33.5665
    endloop
  endfacet
  facet normal 0.149947 0.12405 0.980881
    outer loop
      vertex 2.58347 1.877 33.3931
      vertex 1.68948 1.58652 33.5665
      vertex 1.875 1.36227 33.5665
    endloop
  endfacet
  facet normal 0 0.728887 0.684634
    outer loop
      vertex 0.437859 6.95956 31.3805
      vertex -0.412678 6.55933 31.8066
      vertex 0.412678 6.55933 31.8066
    endloop
  endfacet
  facet normal 0 0.728887 0.684634
    outer loop
      vertex -0.412678 6.55933 31.8066
      vertex 0.437859 6.95956 31.3805
      vertex -0.437859 6.95956 31.3805
    endloop
  endfacet
  facet normal -0.117134 0.927178 0.355839
    outer loop
      vertex -0.467215 7.42618 30.47
      vertex -1.39428 7.30906 30.47
      vertex -0.456133 7.25004 30.9326
    endloop
  endfacet
  facet normal -0.764509 0.632454 0.124609
    outer loop
      vertex -5.46722 5.13406 30.0005
      vertex -6.06694 4.40912 30.0005
      vertex -5.42415 5.09362 30.47
    endloop
  endfacet
  facet normal -0.49315 0.678772 0.544124
    outer loop
      vertex -3.89245 6.13351 30.9326
      vertex -4.63049 5.5973 30.9326
      vertex -3.73649 5.88777 31.3805
    endloop
  endfacet
  facet normal -0.105149 0.832389 0.544125
    outer loop
      vertex -0.456133 7.25004 30.9326
      vertex -1.30667 6.84981 31.3805
      vertex -0.437859 6.95956 31.3805
    endloop
  endfacet
  facet normal 0 0.934547 0.355839
    outer loop
      vertex 0.467215 7.42618 30.47
      vertex -0.456133 7.25004 30.9326
      vertex 0.456133 7.25004 30.9326
    endloop
  endfacet
  facet normal 0 0.934547 0.355839
    outer loop
      vertex -0.456133 7.25004 30.9326
      vertex 0.467215 7.42618 30.47
      vertex -0.467215 7.42618 30.47
    endloop
  endfacet
  facet normal -0.932702 -0.0586789 0.355842
    outer loop
      vertex -7.26437 0 30.9326
      vertex -7.44086 0 30.47
      vertex -7.20709 -0.910467 30.9326
    endloop
  endfacet
  facet normal -0.932702 0.0586789 0.355842
    outer loop
      vertex -7.20709 0.910467 30.9326
      vertex -7.44086 0 30.47
      vertex -7.26437 0 30.9326
    endloop
  endfacet
  facet normal -0.727449 -0.0457631 0.684635
    outer loop
      vertex -6.5723 0 31.8066
      vertex -6.91834 -0.873989 31.3805
      vertex -6.52048 -0.823728 31.8066
    endloop
  endfacet
  facet normal -0.82414 -0.157221 0.544127
    outer loop
      vertex -6.91834 -0.873989 31.3805
      vertex -7.03615 -1.80658 30.9326
      vertex -6.75424 -1.73419 31.3805
    endloop
  endfacet
  facet normal -0.727449 0.0457631 0.684635
    outer loop
      vertex -6.52048 0.823728 31.8066
      vertex -6.91834 0.873989 31.3805
      vertex -6.5723 0 31.8066
    endloop
  endfacet
  facet normal -0.615416 0.390549 0.684642
    outer loop
      vertex -5.64154 4.09882 31.3805
      vertex -6.11077 3.35942 31.3805
      vertex -5.3171 3.8631 31.8066
    endloop
  endfacet
  facet normal -0.115424 0.0543143 0.99183
    outer loop
      vertex -2.03095 1.11652 33.5665
      vertex -2.15487 0.853175 33.5665
      vertex -1.30667 0.517347 33.6836
    endloop
  endfacet
  facet normal -0.115426 0.0543122 0.99183
    outer loop
      vertex -1.23153 0.677037 33.6836
      vertex -2.03095 1.11652 33.5665
      vertex -1.30667 0.517347 33.6836
    endloop
  endfacet
  facet normal -0.164315 0.104273 0.980881
    outer loop
      vertex -1.875 1.36227 33.5665
      vertex -2.58347 1.877 33.3931
      vertex -2.03095 1.11652 33.5665
    endloop
  endfacet
  facet normal -0.149947 0.12405 0.980881
    outer loop
      vertex -1.68948 1.58652 33.5665
      vertex -2.58347 1.877 33.3931
      vertex -1.875 1.36227 33.5665
    endloop
  endfacet
  facet normal -0.608626 0.116101 0.784917
    outer loop
      vertex -5.877 1.50896 32.2042
      vertex -6.52048 0.823728 31.8066
      vertex -6.01978 0.760475 32.2042
    endloop
  endfacet
  facet normal -0.789063 0.500759 0.355839
    outer loop
      vertex -6.01978 4.37363 30.47
      vertex -6.52048 3.58466 30.47
      vertex -6.36582 3.49964 30.9326
    endloop
  endfacet
  facet normal -0.763047 0.634221 0.124587
    outer loop
      vertex -6.01978 4.37363 30.47
      vertex -6.06694 4.40912 30.0005
      vertex -6.06758 4.40835 30.0005
    endloop
  endfacet
  facet normal -0.764507 0.632458 0.124601
    outer loop
      vertex -6.06694 4.40912 30.0005
      vertex -6.01978 4.37363 30.47
      vertex -5.42415 5.09362 30.47
    endloop
  endfacet
  facet normal -0.789062 0.500759 0.355839
    outer loop
      vertex -6.01978 4.37363 30.47
      vertex -6.36582 3.49964 30.9326
      vertex -5.877 4.26989 30.9326
    endloop
  endfacet
  facet normal -0.618379 0.0389017 0.784917
    outer loop
      vertex -6.52048 0.823728 31.8066
      vertex -6.5723 0 31.8066
      vertex -6.01978 0.760475 32.2042
    endloop
  endfacet
  facet normal -0.618386 0.0389096 0.784911
    outer loop
      vertex -6.01978 0.760475 32.2042
      vertex -6.5723 0 31.8066
      vertex -6.06763 0 32.2042
    endloop
  endfacet
  facet normal -0.498955 0.531339 0.684634
    outer loop
      vertex -4.18934 5.06404 31.8066
      vertex -5.08333 4.77357 31.3805
      vertex -4.791 4.49905 31.8066
    endloop
  endfacet
  facet normal -0.51703 0.032528 0.855349
    outer loop
      vertex -5.42415 0.685229 32.5671
      vertex -6.01978 0.760475 32.2042
      vertex -5.46726 0 32.5671
    endloop
  endfacet
  facet normal -0.224225 0.1423 0.964092
    outer loop
      vertex -2.58347 1.877 33.3931
      vertex -3.52161 1.93602 33.1662
      vertex -2.79835 1.53841 33.3931
    endloop
  endfacet
  facet normal -0.493151 0.678769 0.544128
    outer loop
      vertex -3.73649 5.88777 31.3805
      vertex -4.63049 5.5973 30.9326
      vertex -4.44496 5.37304 31.3805
    endloop
  endfacet
  facet normal -0.404197 0.735225 0.544123
    outer loop
      vertex -2.9691 6.30965 31.3805
      vertex -3.89245 6.13351 30.9326
      vertex -3.73649 5.88777 31.3805
    endloop
  endfacet
  facet normal -0.428433 0.589681 0.684632
    outer loop
      vertex -3.73649 5.88777 31.3805
      vertex -4.18934 5.06404 31.8066
      vertex -3.52161 5.54918 31.8066
    endloop
  endfacet
  facet normal -0.57434 0.611606 0.544126
    outer loop
      vertex -4.63049 5.5973 30.9326
      vertex -5.2955 4.97281 30.9326
      vertex -5.08333 4.77357 31.3805
    endloop
  endfacet
  facet normal -0.30886 0.78009 0.544118
    outer loop
      vertex -2.24481 6.90883 30.9326
      vertex -3.09302 6.573 30.9326
      vertex -2.9691 6.30965 31.3805
    endloop
  endfacet
  facet normal -0.797946 -0.259266 0.544117
    outer loop
      vertex -6.75424 -1.73419 31.3805
      vertex -6.75424 -2.67419 30.9326
      vertex -6.48363 -2.56705 31.3805
    endloop
  endfacet
  facet normal -0.693215 -0.225237 0.684632
    outer loop
      vertex -6.36582 -1.63446 31.8066
      vertex -6.75424 -1.73419 31.3805
      vertex -6.48363 -2.56705 31.3805
    endloop
  endfacet
  facet normal -0.845601 -0.397908 0.355848
    outer loop
      vertex -6.75424 -2.67419 30.9326
      vertex -6.91834 -2.73916 30.47
      vertex -6.52048 -3.58466 30.47
    endloop
  endfacet
  facet normal -0.845606 -0.397905 0.355839
    outer loop
      vertex -6.36582 -3.49964 30.9326
      vertex -6.75424 -2.67419 30.9326
      vertex -6.52048 -3.58466 30.47
    endloop
  endfacet
  facet normal -0.309478 -0.145627 0.939689
    outer loop
      vertex -3.52161 -1.93602 33.1662
      vertex -4.44496 -1.75988 32.8894
      vertex -4.18934 -2.30311 32.8894
    endloop
  endfacet
  facet normal -0.404794 -0.131528 0.904899
    outer loop
      vertex -4.63049 -1.18891 32.8894
      vertex -5.2955 -1.35965 32.5671
      vertex -5.08333 -2.01263 32.5671
    endloop
  endfacet
  facet normal -0.589281 -0.191467 0.784913
    outer loop
      vertex -5.64154 -2.23364 32.2042
      vertex -6.36582 -1.63446 31.8066
      vertex -6.11077 -2.41943 31.8066
    endloop
  endfacet
  facet normal -0.477417 -0.394947 0.784914
    outer loop
      vertex -4.90881 -3.56646 32.2042
      vertex -5.3171 -3.8631 31.8066
      vertex -4.42311 -4.15358 32.2042
    endloop
  endfacet
  facet normal -0.176084 -0.0828594 0.980882
    outer loop
      vertex -2.15487 -0.853175 33.5665
      vertex -2.9691 -1.17555 33.3931
      vertex -2.79835 -1.53841 33.3931
    endloop
  endfacet
  facet normal -0.19116 -0.0364635 0.980881
    outer loop
      vertex -2.24481 -0.57637 33.5665
      vertex -3.16816 -0.400231 33.3931
      vertex -3.09302 -0.794152 33.3931
    endloop
  endfacet
  facet normal -0.325289 -0.105699 0.939689
    outer loop
      vertex -3.89245 -0.99941 33.1662
      vertex -4.63049 -1.18891 32.8894
      vertex -4.44496 -1.75988 32.8894
    endloop
  endfacet
  facet normal -0.309479 -0.145631 0.939689
    outer loop
      vertex -3.73649 -1.47938 33.1662
      vertex -4.44496 -1.75988 32.8894
      vertex -3.52161 -1.93602 33.1662
    endloop
  endfacet
  facet normal -0.164315 -0.104273 0.980881
    outer loop
      vertex -2.03095 -1.11652 33.5665
      vertex -2.58347 -1.877 33.3931
      vertex -1.875 -1.36227 33.5665
    endloop
  endfacet
  facet normal -0.250174 -0.344337 0.904901
    outer loop
      vertex -3.04732 -3.68358 32.8894
      vertex -3.48497 -4.2126 32.5671
      vertex -2.56162 -4.03646 32.8894
    endloop
  endfacet
  facet normal -0.234135 -0.24933 0.939689
    outer loop
      vertex -2.92951 -2.75099 33.1662
      vertex -3.48497 -3.2726 32.8894
      vertex -2.56162 -3.09646 33.1662
    endloop
  endfacet
  facet normal -0.133217 -0.141864 0.980881
    outer loop
      vertex -1.68948 -1.58652 33.5665
      vertex -2.32785 -2.18599 33.3931
      vertex -2.03551 -2.46051 33.3931
    endloop
  endfacet
  facet normal -0.359363 -0.22806 0.904902
    outer loop
      vertex -4.18934 -2.30311 32.8894
      vertex -4.42311 -3.21358 32.5671
      vertex -3.86765 -2.81001 32.8894
    endloop
  endfacet
  facet normal -0.327949 -0.271297 0.904902
    outer loop
      vertex -3.86765 -2.81001 32.8894
      vertex -4.42311 -3.21358 32.5671
      vertex -3.48497 -3.2726 32.8894
    endloop
  endfacet
  facet normal -0.250173 -0.344339 0.9049
    outer loop
      vertex -2.56162 -4.03646 32.8894
      vertex -3.48497 -4.2126 32.5671
      vertex -2.92951 -4.61616 32.5671
    endloop
  endfacet
  facet normal -0.354632 -0.377646 0.855348
    outer loop
      vertex -3.48497 -4.2126 32.5671
      vertex -4.42311 -4.15358 32.2042
      vertex -3.86765 -4.67519 32.2042
    endloop
  endfacet
  facet normal -0.351138 -0.638726 0.68464
    outer loop
      vertex -2.79835 -5.94679 31.8066
      vertex -3.52161 -5.54918 31.8066
      vertex -2.9691 -6.30965 31.3805
    endloop
  endfacet
  facet normal -0.298495 -0.542967 0.784912
    outer loop
      vertex -2.58347 -5.49015 32.2042
      vertex -3.52161 -5.54918 31.8066
      vertex -2.79835 -5.94679 31.8066
    endloop
  endfacet
  facet normal -0.0776529 -0.614716 0.784917
    outer loop
      vertex -1.13696 -5.96015 32.2042
      vertex -1.23153 -6.45589 31.8066
      vertex -0.412678 -6.55933 31.8066
    endloop
  endfacet
  facet normal -0.154083 -0.600136 0.784917
    outer loop
      vertex -1.13696 -5.96015 32.2042
      vertex -1.875 -5.77066 32.2042
      vertex -1.23153 -6.45589 31.8066
    endloop
  endfacet
  facet normal 0 -0.265564 0.964093
    outer loop
      vertex -0.200511 -3.18704 33.3931
      vertex 0.252336 -4.01077 33.1662
      vertex 0.200511 -3.18704 33.3931
    endloop
  endfacet
  facet normal 0 -0.265564 0.964093
    outer loop
      vertex 0.252336 -4.01077 33.1662
      vertex -0.200511 -3.18704 33.3931
      vertex -0.252336 -4.01077 33.1662
    endloop
  endfacet
  facet normal -0.615419 -0.390559 0.684634
    outer loop
      vertex -5.75935 -3.16623 31.8066
      vertex -6.11077 -3.35942 31.3805
      vertex -5.3171 -3.8631 31.8066
    endloop
  endfacet
  facet normal -0.561608 -0.464609 0.684642
    outer loop
      vertex -5.3171 -3.8631 31.8066
      vertex -5.64154 -4.09882 31.3805
      vertex -5.08333 -4.77357 31.3805
    endloop
  endfacet
  facet normal -0.659517 -0.310344 0.684634
    outer loop
      vertex -5.75935 -3.16623 31.8066
      vertex -6.48363 -2.56705 31.3805
      vertex -6.11077 -3.35942 31.3805
    endloop
  endfacet
  facet normal -0.759155 -0.35723 0.544124
    outer loop
      vertex -6.11077 -3.35942 31.3805
      vertex -6.48363 -2.56705 31.3805
      vertex -6.36582 -3.49964 30.9326
    endloop
  endfacet
  facet normal -0.72008 -0.595704 0.355839
    outer loop
      vertex -5.877 -4.26989 30.9326
      vertex -6.01978 -4.37363 30.47
      vertex -5.42415 -5.09362 30.47
    endloop
  endfacet
  facet normal -0.789062 -0.500759 0.355839
    outer loop
      vertex -5.877 -4.26989 30.9326
      vertex -6.36582 -3.49964 30.9326
      vertex -6.01978 -4.37363 30.47
    endloop
  endfacet
  facet normal -0.549321 -0.756067 0.355822
    outer loop
      vertex -4.63049 -5.5973 30.9326
      vertex -4.74298 -5.73328 30.47
      vertex -3.98701 -6.28253 30.47
    endloop
  endfacet
  facet normal -0.639746 -0.681261 0.355821
    outer loop
      vertex -4.63049 -5.5973 30.9326
      vertex -5.42415 -5.09362 30.47
      vertex -4.74298 -5.73328 30.47
    endloop
  endfacet
  facet normal -0.584066 -0.803867 0.112541
    outer loop
      vertex -4.02747 -6.32609 30
      vertex -4.3033 -6.12561 30.0005
      vertex -4.3033 -6.12568 30
    endloop
  endfacet
  facet normal -0.582813 -0.802185 0.129725
    outer loop
      vertex -4.3033 -6.12561 30.0005
      vertex -4.02747 -6.32609 30
      vertex -4.0274 -6.32606 30.0005
    endloop
  endfacet
  facet normal -0.583208 -0.802709 0.124604
    outer loop
      vertex -4.3033 -6.12561 30.0005
      vertex -3.98701 -6.28253 30.47
      vertex -4.77984 -5.77938 30.0005
    endloop
  endfacet
  facet normal -0.583199 -0.802717 0.124596
    outer loop
      vertex -4.0274 -6.32606 30.0005
      vertex -3.98701 -6.28253 30.47
      vertex -4.3033 -6.12561 30.0005
    endloop
  endfacet
  facet normal -0.583642 -0.802394 0.124604
    outer loop
      vertex -3.98701 -6.28253 30.47
      vertex -4.0274 -6.32606 30.0005
      vertex -4.01867 -6.33241 30.0005
    endloop
  endfacet
  facet normal -0.450218 -0.818955 0.355833
    outer loop
      vertex -3.09302 -6.573 30.9326
      vertex -3.98701 -6.28253 30.47
      vertex -3.16816 -6.73269 30.47
    endloop
  endfacet
  facet normal -0.477993 -0.869479 0.124616
    outer loop
      vertex -3.19419 -6.78567 30.0005
      vertex -3.16816 -6.73269 30.47
      vertex -3.98701 -6.28253 30.47
    endloop
  endfacet
  facet normal -0.479312 -0.868754 0.124607
    outer loop
      vertex -3.16816 -6.73269 30.47
      vertex -3.19419 -6.78567 30.0005
      vertex -3.19332 -6.78615 30.0005
    endloop
  endfacet
  facet normal 0.708398 -0.449556 0.544125
    outer loop
      vertex 6.11077 -3.35942 31.3805
      vertex 5.64154 -4.09882 31.3805
      vertex 6.36582 -3.49964 30.9326
    endloop
  endfacet
  facet normal 0.615416 -0.390549 0.684642
    outer loop
      vertex 6.11077 -3.35942 31.3805
      vertex 5.3171 -3.8631 31.8066
      vertex 5.64154 -4.09882 31.3805
    endloop
  endfacet
  facet normal 0.498955 -0.531332 0.684639
    outer loop
      vertex 5.08333 -4.77357 31.3805
      vertex 4.18934 -5.06404 31.8066
      vertex 4.44496 -5.37304 31.3805
    endloop
  endfacet
  facet normal 0.428424 -0.589679 0.684639
    outer loop
      vertex 4.18934 -5.06404 31.8066
      vertex 3.73649 -5.88777 31.3805
      vertex 4.44496 -5.37304 31.3805
    endloop
  endfacet
  facet normal 0.764509 -0.632454 0.124609
    outer loop
      vertex 6.06694 -4.40912 30.0005
      vertex 5.42415 -5.09362 30.47
      vertex 5.46722 -5.13406 30.0005
    endloop
  endfacet
  facet normal 0.30886 -0.78009 0.544118
    outer loop
      vertex 2.9691 -6.30965 31.3805
      vertex 2.24481 -6.90883 30.9326
      vertex 3.09302 -6.573 30.9326
    endloop
  endfacet
  facet normal 0.450221 -0.818949 0.355842
    outer loop
      vertex 3.89245 -6.13351 30.9326
      vertex 3.09302 -6.573 30.9326
      vertex 3.98701 -6.28253 30.47
    endloop
  endfacet
  facet normal 0.618379 -0.0389017 0.784917
    outer loop
      vertex 6.5723 0 31.8066
      vertex 6.01978 -0.760475 32.2042
      vertex 6.52048 -0.823728 31.8066
    endloop
  endfacet
  facet normal 0.727449 -0.0457631 0.684635
    outer loop
      vertex 6.5723 0 31.8066
      vertex 6.52048 -0.823728 31.8066
      vertex 6.91834 -0.873989 31.3805
    endloop
  endfacet
  facet normal 0.560634 -0.263816 0.784914
    outer loop
      vertex 6.11077 -2.41943 31.8066
      vertex 5.3171 -2.9231 32.2042
      vertex 5.75935 -3.16623 31.8066
    endloop
  endfacet
  facet normal 0.659518 -0.310348 0.684631
    outer loop
      vertex 6.11077 -2.41943 31.8066
      vertex 5.75935 -3.16623 31.8066
      vertex 6.48363 -2.56705 31.3805
    endloop
  endfacet
  facet normal 0.124361 0.984383 0.124597
    outer loop
      vertex 1.40536 7.36715 30
      vertex 0.467215 7.42618 30.47
      vertex 1.39428 7.30906 30.47
    endloop
  endfacet
  facet normal 0.117134 0.927178 0.355839
    outer loop
      vertex 0.467215 7.42618 30.47
      vertex 0.456133 7.25004 30.9326
      vertex 1.39428 7.30906 30.47
    endloop
  endfacet
  facet normal 0.190713 0.481675 0.855347
    outer loop
      vertex 2.58347 5.49015 32.2042
      vertex 1.875 5.77066 32.2042
      vertex 2.32785 4.94693 32.5671
    endloop
  endfacet
  facet normal 0.205047 0.372974 0.904901
    outer loop
      vertex 2.32785 4.94693 32.5671
      vertex 2.03551 4.32569 32.8894
      vertex 2.92951 4.61616 32.5671
    endloop
  endfacet
  facet normal 0.298494 0.54297 0.784911
    outer loop
      vertex 3.52161 5.54918 31.8066
      vertex 2.58347 5.49015 32.2042
      vertex 3.2512 5.12307 32.2042
    endloop
  endfacet
  facet normal 0.298495 0.542967 0.784912
    outer loop
      vertex 2.79835 5.94679 31.8066
      vertex 2.58347 5.49015 32.2042
      vertex 3.52161 5.54918 31.8066
    endloop
  endfacet
  facet normal 0.105843 0.412253 0.904901
    outer loop
      vertex 1.68948 5.19968 32.5671
      vertex 1.02446 5.37042 32.5671
      vertex 1.47731 4.5467 32.8894
    endloop
  endfacet
  facet normal 0.156683 0.395734 0.904901
    outer loop
      vertex 1.68948 5.19968 32.5671
      vertex 1.47731 4.5467 32.8894
      vertex 2.32785 4.94693 32.5671
    endloop
  endfacet
  facet normal 0.064929 0.513973 0.855345
    outer loop
      vertex 0.380989 6.05565 32.2042
      vertex 0.343292 5.45648 32.5671
      vertex 1.13696 5.96015 32.2042
    endloop
  endfacet
  facet normal -0.0533499 0.422266 0.904901
    outer loop
      vertex -0.343292 5.45648 32.5671
      vertex -1.02446 5.37042 32.5671
      vertex -0.30018 4.77125 32.8894
    endloop
  endfacet
  facet normal -0.154083 0.600136 0.784917
    outer loop
      vertex -1.23153 6.45589 31.8066
      vertex -1.875 5.77066 32.2042
      vertex -1.13696 5.96015 32.2042
    endloop
  endfacet
  facet normal 0.0850605 0.331283 0.939689
    outer loop
      vertex 1.47731 4.5467 32.8894
      vertex 0.753029 3.94752 33.1662
      vertex 1.24185 3.82201 33.1662
    endloop
  endfacet
  facet normal 0.508877 -0.0970715 0.855348
    outer loop
      vertex 5.42415 -0.685229 32.5671
      vertex 5.2955 -1.35965 32.5671
      vertex 5.877 -1.50896 32.2042
    endloop
  endfacet
  facet normal 0.492697 -0.16009 0.855349
    outer loop
      vertex 5.2955 -1.35965 32.5671
      vertex 5.08333 -2.01263 32.5671
      vertex 5.877 -1.50896 32.2042
    endloop
  endfacet
  facet normal 0.325289 -0.105699 0.939689
    outer loop
      vertex 4.63049 -1.18891 32.8894
      vertex 3.89245 -0.99941 33.1662
      vertex 4.44496 -1.75988 32.8894
    endloop
  endfacet
  facet normal 0.404789 -0.131531 0.904901
    outer loop
      vertex 4.63049 -1.18891 32.8894
      vertex 4.44496 -1.75988 32.8894
      vertex 5.08333 -2.01263 32.5671
    endloop
  endfacet
  facet normal 0.25257 0.0820624 0.964092
    outer loop
      vertex 3.73649 1.47938 33.1662
      vertex 2.9691 1.17555 33.3931
      vertex 3.09302 0.794152 33.3931
    endloop
  endfacet
  facet normal 0.252565 0.0820676 0.964093
    outer loop
      vertex 3.73649 1.47938 33.1662
      vertex 3.09302 0.794152 33.3931
      vertex 3.89245 0.99941 33.1662
    endloop
  endfacet
  facet normal 0.26504 0.0166746 0.964093
    outer loop
      vertex 3.98701 0.503676 33.1662
      vertex 3.16816 0.400231 33.3931
      vertex 3.19334 0 33.3931
    endloop
  endfacet
  facet normal 0.265039 0.0166756 0.964093
    outer loop
      vertex 3.98701 0.503676 33.1662
      vertex 3.19334 0 33.3931
      vertex 4.0187 0 33.1662
    endloop
  endfacet
  facet normal 0.127313 -0.00801199 0.99183
    outer loop
      vertex 2.31763 0 33.5665
      vertex 1.39428 -0.176138 33.6836
      vertex 2.29935 -0.290475 33.5665
    endloop
  endfacet
  facet normal 0.127312 -0.00800862 0.99183
    outer loop
      vertex 1.40536 0 33.6836
      vertex 1.39428 -0.176138 33.6836
      vertex 2.31763 0 33.5665
    endloop
  endfacet
  facet normal 0.133217 -0.141864 0.980881
    outer loop
      vertex 2.32785 -2.18599 33.3931
      vertex 1.68948 -1.58652 33.5665
      vertex 2.03551 -2.46051 33.3931
    endloop
  endfacet
  facet normal 0.0982888 -0.081314 0.99183
    outer loop
      vertex 1.13696 -0.826049 33.6836
      vertex 1.02446 -0.962034 33.6836
      vertex 1.875 -1.36227 33.5665
    endloop
  endfacet
  facet normal 0.194224 0.0122193 0.980881
    outer loop
      vertex 3.16816 0.400231 33.3931
      vertex 2.29935 0.290475 33.5665
      vertex 3.19334 0 33.3931
    endloop
  endfacet
  facet normal 0.191161 0.0364676 0.980881
    outer loop
      vertex 3.16816 0.400231 33.3931
      vertex 2.24481 0.57637 33.5665
      vertex 2.29935 0.290475 33.5665
    endloop
  endfacet
  facet normal 0.424152 0.451677 0.78491
    outer loop
      vertex 4.18934 5.06404 31.8066
      vertex 3.86765 4.67519 32.2042
      vertex 4.42311 4.15358 32.2042
    endloop
  endfacet
  facet normal 0.364201 0.501273 0.784909
    outer loop
      vertex 4.18934 5.06404 31.8066
      vertex 3.52161 5.54918 31.8066
      vertex 3.86765 4.67519 32.2042
    endloop
  endfacet
  facet normal -0.20462 0.169277 0.964093
    outer loop
      vertex -2.32785 2.18599 33.3931
      vertex -2.92951 2.75099 33.1662
      vertex -2.58347 1.877 33.3931
    endloop
  endfacet
  facet normal -0.298494 0.54297 0.784911
    outer loop
      vertex -2.58347 5.49015 32.2042
      vertex -3.52161 5.54918 31.8066
      vertex -3.2512 5.12307 32.2042
    endloop
  endfacet
  facet normal -0.208654 0.812652 0.544115
    outer loop
      vertex -1.36121 7.1357 30.9326
      vertex -2.24481 6.90883 30.9326
      vertex -1.30667 6.84981 31.3805
    endloop
  endfacet
  facet normal -0.154093 0.600141 0.784911
    outer loop
      vertex -1.23153 6.45589 31.8066
      vertex -2.03095 6.25063 31.8066
      vertex -1.875 5.77066 32.2042
    endloop
  endfacet
  facet normal 0.561619 0.464608 0.684634
    outer loop
      vertex 5.08333 4.77357 31.3805
      vertex 4.791 4.49905 31.8066
      vertex 5.3171 3.8631 31.8066
    endloop
  endfacet
  facet normal 0.477417 0.394951 0.784912
    outer loop
      vertex 4.791 4.49905 31.8066
      vertex 4.42311 4.15358 32.2042
      vertex 5.3171 3.8631 31.8066
    endloop
  endfacet
  facet normal 0.228096 -0.576096 0.784911
    outer loop
      vertex 2.79835 -5.94679 31.8066
      vertex 1.875 -5.77066 32.2042
      vertex 2.03095 -6.25063 31.8066
    endloop
  endfacet
  facet normal 0.20866 -0.812642 0.544127
    outer loop
      vertex 2.15487 -6.63202 31.3805
      vertex 1.30667 -6.84981 31.3805
      vertex 2.24481 -6.90883 30.9326
    endloop
  endfacet
  facet normal 0.181275 -0.705989 0.68463
    outer loop
      vertex 2.03095 -6.25063 31.8066
      vertex 1.30667 -6.84981 31.3805
      vertex 2.15487 -6.63202 31.3805
    endloop
  endfacet
  facet normal 0.156683 -0.395734 0.904901
    outer loop
      vertex 2.32785 -4.94693 32.5671
      vertex 1.47731 -4.5467 32.8894
      vertex 1.68948 -5.19968 32.5671
    endloop
  endfacet
  facet normal 0.127933 -0.232716 0.964094
    outer loop
      vertex 1.71108 -2.69623 33.3931
      vertex 1.35966 -2.88942 33.3931
      vertex 1.71108 -3.63623 33.1662
    endloop
  endfacet
  facet normal 0.0716412 -0.180941 0.980881
    outer loop
      vertex 0.986797 -2.09705 33.5665
      vertex 0.986797 -3.03705 33.3931
      vertex 1.35966 -2.88942 33.3931
    endloop
  endfacet
  facet normal 0 -0.342029 0.939689
    outer loop
      vertex -0.252336 -4.01077 33.1662
      vertex 0.30018 -4.77125 32.8894
      vertex 0.252336 -4.01077 33.1662
    endloop
  endfacet
  facet normal 0 -0.342029 0.939689
    outer loop
      vertex 0.30018 -4.77125 32.8894
      vertex -0.252336 -4.01077 33.1662
      vertex -0.30018 -4.77125 32.8894
    endloop
  endfacet
  facet normal -0.061452 -0.111786 0.99183
    outer loop
      vertex -0.753029 -1.18658 33.6836
      vertex -1.24185 -1.95684 33.5665
      vertex -0.986797 -2.09705 33.5665
    endloop
  endfacet
  facet normal -0.0749824 -0.103199 0.99183
    outer loop
      vertex -0.753029 -1.18658 33.6836
      vertex -1.47731 -1.78576 33.5665
      vertex -1.24185 -1.95684 33.5665
    endloop
  endfacet
  facet normal -0.046959 -0.118608 0.99183
    outer loop
      vertex -0.434279 -1.33658 33.6836
      vertex -0.986797 -2.09705 33.5665
      vertex -0.716186 -2.20419 33.5665
    endloop
  endfacet
  facet normal -0.0716381 -0.180941 0.980881
    outer loop
      vertex -0.986797 -2.09705 33.5665
      vertex -0.986797 -3.03705 33.3931
      vertex -0.716186 -2.20419 33.5665
    endloop
  endfacet
  facet normal -0.205045 -0.372978 0.9049
    outer loop
      vertex -2.56162 -4.03646 32.8894
      vertex -2.92951 -4.61616 32.5671
      vertex -2.03551 -4.32569 32.8894
    endloop
  endfacet
  facet normal -0.156683 -0.395734 0.904901
    outer loop
      vertex -1.47731 -4.5467 32.8894
      vertex -2.32785 -4.94693 32.5671
      vertex -1.68948 -5.19968 32.5671
    endloop
  endfacet
  facet normal -0.0850605 -0.331283 0.939689
    outer loop
      vertex -1.24185 -3.82201 33.1662
      vertex -1.47731 -4.5467 32.8894
      vertex -0.753029 -3.94752 33.1662
    endloop
  endfacet
  facet normal -0.0660442 -0.257221 0.964093
    outer loop
      vertex -0.986797 -3.03705 33.3931
      vertex -1.24185 -3.82201 33.1662
      vertex -0.753029 -3.94752 33.1662
    endloop
  endfacet
  facet normal -0.117134 -0.927178 0.355839
    outer loop
      vertex -0.456133 -7.25004 30.9326
      vertex -1.39428 -7.30906 30.47
      vertex -0.467215 -7.42618 30.47
    endloop
  endfacet
  facet normal -0.194224 0.0122193 0.980881
    outer loop
      vertex -3.16816 0.400231 33.3931
      vertex -3.19334 0 33.3931
      vertex -2.29935 0.290475 33.5665
    endloop
  endfacet
  facet normal -0.191161 0.0364676 0.980881
    outer loop
      vertex -2.24481 0.57637 33.5665
      vertex -3.16816 0.400231 33.3931
      vertex -2.29935 0.290475 33.5665
    endloop
  endfacet
  facet normal 0.0749782 -0.103204 0.99183
    outer loop
      vertex 0.895809 -1.08285 33.6836
      vertex 0.753029 -1.18658 33.6836
      vertex 1.47731 -1.78576 33.5665
    endloop
  endfacet
  facet normal 0.0873261 -0.0929893 0.99183
    outer loop
      vertex 1.02446 -0.962034 33.6836
      vertex 0.895809 -1.08285 33.6836
      vertex 1.47731 -1.78576 33.5665
    endloop
  endfacet
  facet normal 0.0937512 -0.170537 0.980881
    outer loop
      vertex 1.71108 -2.69623 33.3931
      vertex 0.986797 -2.09705 33.5665
      vertex 1.35966 -2.88942 33.3931
    endloop
  endfacet
  facet normal 0.09375 -0.170539 0.980881
    outer loop
      vertex 1.24185 -1.95684 33.5665
      vertex 0.986797 -2.09705 33.5665
      vertex 1.71108 -2.69623 33.3931
    endloop
  endfacet
  facet normal 0.0243856 -0.193075 0.980881
    outer loop
      vertex 0.434279 -2.27658 33.5665
      vertex 0.145525 -2.31305 33.5665
      vertex 0.598372 -3.13678 33.3931
    endloop
  endfacet
  facet normal 0.0716381 -0.180941 0.980881
    outer loop
      vertex 0.986797 -2.09705 33.5665
      vertex 0.716186 -2.20419 33.5665
      vertex 0.986797 -3.03705 33.3931
    endloop
  endfacet
  facet normal -0.0243856 -0.193075 0.980881
    outer loop
      vertex -0.434279 -2.27658 33.5665
      vertex -0.598372 -3.13678 33.3931
      vertex -0.145525 -2.31305 33.5665
    endloop
  endfacet
  facet normal -0.02439 -0.193073 0.980881
    outer loop
      vertex -0.145525 -2.31305 33.5665
      vertex -0.598372 -3.13678 33.3931
      vertex -0.200511 -3.18704 33.3931
    endloop
  endfacet
  facet normal -0.053309 -0.0338324 0.998005
    outer loop
      vertex -0.380989 -0.276805 33.7426
      vertex -1.23153 -0.677037 33.6836
      vertex -1.13696 -0.826049 33.6836
    endloop
  endfacet
  facet normal 0.0304163 -0.0553291 0.998005
    outer loop
      vertex 0.252336 -0.397618 33.7426
      vertex 0.200511 -0.426108 33.7426
      vertex 0.598372 -1.27161 33.6836
    endloop
  endfacet
  facet normal -0.0600481 0.0195118 0.998005
    outer loop
      vertex -1.30667 0.517347 33.6836
      vertex -1.36121 0.349499 33.6836
      vertex -0.437859 0.17336 33.7426
    endloop
  endfacet
  facet normal 0.053309 0.0338324 0.998005
    outer loop
      vertex 1.13696 0.826049 33.6836
      vertex 0.380989 0.276805 33.7426
      vertex 1.23153 0.677037 33.6836
    endloop
  endfacet
  facet normal -0.0304163 -0.0553291 0.998005
    outer loop
      vertex -0.252336 -0.397618 33.7426
      vertex -0.598372 -1.27161 33.6836
      vertex -0.200511 -0.426108 33.7426
    endloop
  endfacet
  facet normal -0.0159846 -0.126559 0.99183
    outer loop
      vertex -0.263338 -1.38047 33.6836
      vertex -0.434279 -2.27658 33.5665
      vertex -0.145525 -2.31305 33.5665
    endloop
  endfacet
  facet normal -0.0159884 -0.12656 0.99183
    outer loop
      vertex -0.0882425 -1.40259 33.6836
      vertex -0.263338 -1.38047 33.6836
      vertex -0.145525 -2.31305 33.5665
    endloop
  endfacet
  facet normal -0.0469604 -0.118607 0.99183
    outer loop
      vertex -0.598372 -1.27161 33.6836
      vertex -0.986797 -2.09705 33.5665
      vertex -0.434279 -1.33658 33.6836
    endloop
  endfacet
  facet normal -0.0232431 -0.0587046 0.998005
    outer loop
      vertex -0.145525 -0.44788 33.7426
      vertex -0.598372 -1.27161 33.6836
      vertex -0.434279 -1.33658 33.6836
    endloop
  endfacet
  facet normal -0.0371123 -0.0510803 0.998005
    outer loop
      vertex -0.30018 -0.362857 33.7426
      vertex -0.753029 -1.18658 33.6836
      vertex -0.252336 -0.397618 33.7426
    endloop
  endfacet
  facet normal 0.0749782 0.103204 0.99183
    outer loop
      vertex 1.47731 1.78576 33.5665
      vertex 0.753029 1.18658 33.6836
      vertex 0.895809 1.08285 33.6836
    endloop
  endfacet
  facet normal 0.0533499 0.422266 0.904901
    outer loop
      vertex 0.343292 5.45648 32.5671
      vertex 0.30018 4.77125 32.8894
      vertex 1.02446 5.37042 32.5671
    endloop
  endfacet
  facet normal -0.156683 0.395734 0.904901
    outer loop
      vertex -1.68948 5.19968 32.5671
      vertex -2.32785 4.94693 32.5671
      vertex -1.47731 4.5467 32.8894
    endloop
  endfacet
  facet normal 0.0571301 0.0268818 0.998005
    outer loop
      vertex 1.23153 0.677037 33.6836
      vertex 0.437859 0.17336 33.7426
      vertex 1.30667 0.517347 33.6836
    endloop
  endfacet
  facet normal -0.0749782 0.103204 0.99183
    outer loop
      vertex -0.753029 1.18658 33.6836
      vertex -1.47731 1.78576 33.5665
      vertex -0.895809 1.08285 33.6836
    endloop
  endfacet
  facet normal 0.0660426 0.25722 0.964093
    outer loop
      vertex 0.753029 3.94752 33.1662
      vertex 0.598372 3.13678 33.3931
      vertex 0.986797 3.03705 33.3931
    endloop
  endfacet
  facet normal -0.09375 0.170539 0.980881
    outer loop
      vertex -0.986797 2.09705 33.5665
      vertex -1.71108 2.69623 33.3931
      vertex -1.24185 1.95684 33.5665
    endloop
  endfacet
  facet normal -0.0432223 0.0460253 0.998005
    outer loop
      vertex -0.895809 1.08285 33.6836
      vertex -1.02446 0.962034 33.6836
      vertex -0.343292 0.322372 33.7426
    endloop
  endfacet
  facet normal -0.107705 0.0683544 0.99183
    outer loop
      vertex -1.13696 0.826049 33.6836
      vertex -1.875 1.36227 33.5665
      vertex -1.23153 0.677037 33.6836
    endloop
  endfacet
  facet normal -0.053309 0.0338324 0.998005
    outer loop
      vertex -1.13696 0.826049 33.6836
      vertex -1.23153 0.677037 33.6836
      vertex -0.380989 0.276805 33.7426
    endloop
  endfacet
  facet normal 0.0304163 0.0553291 0.998005
    outer loop
      vertex 0.598372 1.27161 33.6836
      vertex 0.200511 0.426108 33.7426
      vertex 0.252336 0.397618 33.7426
    endloop
  endfacet
  facet normal 0.0600485 -0.0195098 0.998005
    outer loop
      vertex 0.456133 -0.117115 33.7426
      vertex 0.437859 -0.17336 33.7426
      vertex 1.36121 -0.349499 33.6836
    endloop
  endfacet
  facet normal 0.404794 0.131528 0.904899
    outer loop
      vertex 5.08333 2.01263 32.5671
      vertex 4.63049 1.18891 32.8894
      vertex 5.2955 1.35965 32.5671
    endloop
  endfacet
  facet normal 0.327949 0.271297 0.904902
    outer loop
      vertex 4.42311 3.21358 32.5671
      vertex 3.48497 3.2726 32.8894
      vertex 3.86765 2.81001 32.8894
    endloop
  endfacet
  facet normal 0.335973 0.064086 0.939689
    outer loop
      vertex 4.63049 1.18891 32.8894
      vertex 3.89245 0.99941 33.1662
      vertex 3.98701 0.503676 33.1662
    endloop
  endfacet
  facet normal 0.335973 0.064086 0.939689
    outer loop
      vertex 4.63049 1.18891 32.8894
      vertex 3.98701 0.503676 33.1662
      vertex 4.74298 0.599177 32.8894
    endloop
  endfacet
  facet normal 0.492697 0.16009 0.855349
    outer loop
      vertex 5.877 1.50896 32.2042
      vertex 5.08333 2.01263 32.5671
      vertex 5.2955 1.35965 32.5671
    endloop
  endfacet
  facet normal 0.492694 0.160084 0.855351
    outer loop
      vertex 5.64154 2.23364 32.2042
      vertex 5.08333 2.01263 32.5671
      vertex 5.877 1.50896 32.2042
    endloop
  endfacet
  facet normal 0 0.839004 0.544126
    outer loop
      vertex 0.456133 7.25004 30.9326
      vertex -0.437859 6.95956 31.3805
      vertex 0.437859 6.95956 31.3805
    endloop
  endfacet
  facet normal 0 0.839004 0.544126
    outer loop
      vertex -0.437859 6.95956 31.3805
      vertex 0.456133 7.25004 30.9326
      vertex -0.456133 7.25004 30.9326
    endloop
  endfacet
  facet normal -0.246745 0.961036 0.124605
    outer loop
      vertex -1.40536 7.36715 30
      vertex -1.63023 7.30935 30.0005
      vertex -2.29935 7.07668 30.47
    endloop
  endfacet
  facet normal -0.24625 0.95923 0.138702
    outer loop
      vertex -1.63023 7.30935 30.0005
      vertex -1.40536 7.36715 30
      vertex -1.6302 7.30943 30
    endloop
  endfacet
  facet normal -0.246753 0.961036 0.124594
    outer loop
      vertex -2.29935 7.07668 30.47
      vertex -1.63023 7.30935 30.0005
      vertex -2.31761 7.13286 30.0005
    endloop
  endfacet
  facet normal -0.479312 0.868754 0.124607
    outer loop
      vertex -3.19419 6.78567 30.0005
      vertex -3.16816 6.73269 30.47
      vertex -3.19332 6.78615 30.0005
    endloop
  endfacet
  facet normal -0.477993 0.869479 0.124616
    outer loop
      vertex -3.16816 6.73269 30.47
      vertex -3.19419 6.78567 30.0005
      vertex -3.98701 6.28253 30.47
    endloop
  endfacet
  facet normal -0.974551 -0.185887 0.125284
    outer loop
      vertex -7.30911 -1.63033 30.0005
      vertex -7.37436 -1.28858 30
      vertex -7.30918 -1.6303 30
    endloop
  endfacet
  facet normal -0.97521 -0.186021 0.119843
    outer loop
      vertex -7.37436 -1.28858 30
      vertex -7.30911 -1.63033 30.0005
      vertex -7.37431 -1.28852 30.0005
    endloop
  endfacet
  facet normal -0.974633 -0.18591 0.124613
    outer loop
      vertex -7.20709 -1.85047 30.47
      vertex -7.37431 -1.28852 30.0005
      vertex -7.30911 -1.63033 30.0005
    endloop
  endfacet
  facet normal -0.974632 -0.185923 0.124598
    outer loop
      vertex -7.37431 -1.28852 30.0005
      vertex -7.20709 -1.85047 30.47
      vertex -7.44061 -0.940967 30.0005
    endloop
  endfacet
  facet normal -0.974629 -0.185936 0.1246
    outer loop
      vertex -7.20709 -1.85047 30.47
      vertex -7.30911 -1.63033 30.0005
      vertex -7.26431 -1.86516 30.0005
    endloop
  endfacet
  facet normal -0.942292 -0.310756 0.124564
    outer loop
      vertex -7.264 -1.8661 30.0005
      vertex -7.20709 -1.85047 30.47
      vertex -7.26431 -1.86516 30.0005
    endloop
  endfacet
  facet normal -0.943647 -0.306606 0.12459
    outer loop
      vertex -7.20709 -1.85047 30.47
      vertex -7.264 -1.8661 30.0005
      vertex -6.91834 -2.73916 30.47
    endloop
  endfacet
  facet normal -0.759161 0.357227 0.544117
    outer loop
      vertex -6.36582 3.49964 30.9326
      vertex -6.75424 2.67419 30.9326
      vertex -6.48363 2.56705 31.3805
    endloop
  endfacet
  facet normal -0.508876 0.0970725 0.855349
    outer loop
      vertex -5.877 1.50896 32.2042
      vertex -6.01978 0.760475 32.2042
      vertex -5.42415 0.685229 32.5671
    endloop
  endfacet
  facet normal -0.181789 0.193589 0.964093
    outer loop
      vertex -2.03551 2.46051 33.3931
      vertex -2.92951 2.75099 33.1662
      vertex -2.32785 2.18599 33.3931
    endloop
  endfacet
  facet normal -0.327949 0.271297 0.904902
    outer loop
      vertex -3.48497 3.2726 32.8894
      vertex -4.42311 3.21358 32.5671
      vertex -3.86765 2.81001 32.8894
    endloop
  endfacet
  facet normal -0.836726 0.531005 0.133876
    outer loop
      vertex -6.13432 4.3033 30
      vertex -6.31949 4.01152 30
      vertex -6.13424 4.3033 30.0005
    endloop
  endfacet
  facet normal -0.837772 0.531612 0.124607
    outer loop
      vertex -6.13424 4.3033 30.0005
      vertex -6.01978 4.37363 30.47
      vertex -6.06758 4.40835 30.0005
    endloop
  endfacet
  facet normal -0.83773 0.531658 0.124696
    outer loop
      vertex -6.31946 4.01145 30.0005
      vertex -6.13424 4.3033 30.0005
      vertex -6.31949 4.01152 30
    endloop
  endfacet
  facet normal -0.837741 0.531665 0.124592
    outer loop
      vertex -6.13424 4.3033 30.0005
      vertex -6.31946 4.01145 30.0005
      vertex -6.01978 4.37363 30.47
    endloop
  endfacet
  facet normal -0.837751 0.531643 0.124615
    outer loop
      vertex -6.01978 4.37363 30.47
      vertex -6.31946 4.01145 30.0005
      vertex -6.57171 3.61396 30.0005
    endloop
  endfacet
  facet normal -0.845606 0.397905 0.355839
    outer loop
      vertex -6.52048 3.58466 30.47
      vertex -6.75424 2.67419 30.9326
      vertex -6.36582 3.49964 30.9326
    endloop
  endfacet
  facet normal -0.424785 0.0267246 0.9049
    outer loop
      vertex -5.42415 0.685229 32.5671
      vertex -5.46726 0 32.5671
      vertex -4.78068 0 32.8894
    endloop
  endfacet
  facet normal -0.424783 0.0267272 0.904901
    outer loop
      vertex -4.74298 0.599177 32.8894
      vertex -5.42415 0.685229 32.5671
      vertex -4.78068 0 32.8894
    endloop
  endfacet
  facet normal -0.061452 0.111786 0.99183
    outer loop
      vertex -0.986797 2.09705 33.5665
      vertex -1.24185 1.95684 33.5665
      vertex -0.753029 1.18658 33.6836
    endloop
  endfacet
  facet normal -0.327948 0.271307 0.904899
    outer loop
      vertex -3.98546 3.7426 32.5671
      vertex -4.42311 3.21358 32.5671
      vertex -3.48497 3.2726 32.8894
    endloop
  endfacet
  facet normal -0.424152 0.451677 0.78491
    outer loop
      vertex -4.18934 5.06404 31.8066
      vertex -4.42311 4.15358 32.2042
      vertex -3.86765 4.67519 32.2042
    endloop
  endfacet
  facet normal -0.351147 0.638729 0.684632
    outer loop
      vertex -2.9691 6.30965 31.3805
      vertex -3.73649 5.88777 31.3805
      vertex -3.52161 5.54918 31.8066
    endloop
  endfacet
  facet normal -0.639746 0.681261 0.355821
    outer loop
      vertex -4.74298 5.73328 30.47
      vertex -5.42415 5.09362 30.47
      vertex -4.63049 5.5973 30.9326
    endloop
  endfacet
  facet normal -0.549321 0.756067 0.355822
    outer loop
      vertex -3.98701 6.28253 30.47
      vertex -4.74298 5.73328 30.47
      vertex -4.63049 5.5973 30.9326
    endloop
  endfacet
  facet normal -0.574336 0.611606 0.544129
    outer loop
      vertex -4.63049 5.5973 30.9326
      vertex -5.08333 4.77357 31.3805
      vertex -4.44496 5.37304 31.3805
    endloop
  endfacet
  facet normal -0.639747 0.681257 0.355828
    outer loop
      vertex -4.63049 5.5973 30.9326
      vertex -5.42415 5.09362 30.47
      vertex -5.2955 4.97281 30.9326
    endloop
  endfacet
  facet normal -0.659518 -0.310348 0.684631
    outer loop
      vertex -6.11077 -2.41943 31.8066
      vertex -6.48363 -2.56705 31.3805
      vertex -5.75935 -3.16623 31.8066
    endloop
  endfacet
  facet normal -0.492697 -0.16009 0.855349
    outer loop
      vertex -5.2955 -1.35965 32.5671
      vertex -5.877 -1.50896 32.2042
      vertex -5.08333 -2.01263 32.5671
    endloop
  endfacet
  facet normal -0.404789 -0.131531 0.904901
    outer loop
      vertex -4.63049 -1.18891 32.8894
      vertex -5.08333 -2.01263 32.5671
      vertex -4.44496 -1.75988 32.8894
    endloop
  endfacet
  facet normal -0.385116 -0.181219 0.904901
    outer loop
      vertex -4.44496 -1.75988 32.8894
      vertex -5.08333 -2.01263 32.5671
      vertex -4.18934 -2.30311 32.8894
    endloop
  endfacet
  facet normal -0.424152 -0.451677 0.78491
    outer loop
      vertex -3.86765 -4.67519 32.2042
      vertex -4.42311 -4.15358 32.2042
      vertex -4.18934 -5.06404 31.8066
    endloop
  endfacet
  facet normal -0.304502 -0.419116 0.855348
    outer loop
      vertex -3.48497 -4.2126 32.5671
      vertex -3.86765 -4.67519 32.2042
      vertex -2.92951 -4.61616 32.5671
    endloop
  endfacet
  facet normal -0.240292 -0.113073 0.964092
    outer loop
      vertex -2.9691 -1.17555 33.3931
      vertex -3.52161 -1.93602 33.1662
      vertex -2.79835 -1.53841 33.3931
    endloop
  endfacet
  facet normal -0.224225 -0.1423 0.964092
    outer loop
      vertex -2.79835 -1.53841 33.3931
      vertex -3.52161 -1.93602 33.1662
      vertex -2.58347 -1.877 33.3931
    endloop
  endfacet
  facet normal -0.156095 -0.214846 0.964093
    outer loop
      vertex -1.71108 -2.69623 33.3931
      vertex -2.56162 -3.09646 33.1662
      vertex -2.15333 -3.3931 33.1662
    endloop
  endfacet
  facet normal -0.20104 -0.276708 0.939689
    outer loop
      vertex -2.56162 -3.09646 33.1662
      vertex -2.56162 -4.03646 32.8894
      vertex -2.15333 -3.3931 33.1662
    endloop
  endfacet
  facet normal -0.149947 -0.124048 0.980881
    outer loop
      vertex -1.68948 -1.58652 33.5665
      vertex -2.58347 -1.877 33.3931
      vertex -2.32785 -2.18599 33.3931
    endloop
  endfacet
  facet normal -0.149947 -0.12405 0.980881
    outer loop
      vertex -1.875 -1.36227 33.5665
      vertex -2.58347 -1.877 33.3931
      vertex -1.68948 -1.58652 33.5665
    endloop
  endfacet
  facet normal -0.399172 -0.330218 0.855346
    outer loop
      vertex -4.42311 -3.21358 32.5671
      vertex -4.90881 -3.56646 32.2042
      vertex -4.42311 -4.15358 32.2042
    endloop
  endfacet
  facet normal -0.399161 -0.33022 0.855351
    outer loop
      vertex -4.42311 -3.21358 32.5671
      vertex -4.42311 -4.15358 32.2042
      vertex -3.98546 -3.7426 32.5671
    endloop
  endfacet
  facet normal -0.291358 -0.310266 0.904901
    outer loop
      vertex -3.48497 -3.2726 32.8894
      vertex -3.48497 -4.2126 32.5671
      vertex -3.04732 -3.68358 32.8894
    endloop
  endfacet
  facet normal -0.291364 -0.310265 0.904899
    outer loop
      vertex -3.48497 -3.2726 32.8894
      vertex -3.98546 -3.7426 32.5671
      vertex -3.48497 -4.2126 32.5671
    endloop
  endfacet
  facet normal -0.064929 -0.513973 0.855345
    outer loop
      vertex -0.343292 -5.45648 32.5671
      vertex -1.13696 -5.96015 32.2042
      vertex -0.380989 -6.05565 32.2042
    endloop
  endfacet
  facet normal -0.0776559 -0.614718 0.784915
    outer loop
      vertex -0.380989 -6.05565 32.2042
      vertex -1.13696 -5.96015 32.2042
      vertex -0.412678 -6.55933 31.8066
    endloop
  endfacet
  facet normal -0.18127 -0.705986 0.684635
    outer loop
      vertex -1.23153 -6.45589 31.8066
      vertex -2.03095 -6.25063 31.8066
      vertex -1.30667 -6.84981 31.3805
    endloop
  endfacet
  facet normal -0.0913492 -0.723139 0.684635
    outer loop
      vertex -1.23153 -6.45589 31.8066
      vertex -1.30667 -6.84981 31.3805
      vertex -0.412678 -6.55933 31.8066
    endloop
  endfacet
  facet normal 0.646467 -0.534812 0.544111
    outer loop
      vertex 5.64154 -4.09882 31.3805
      vertex 5.08333 -4.77357 31.3805
      vertex 5.877 -4.26989 30.9326
    endloop
  endfacet
  facet normal 0.561608 -0.464609 0.684642
    outer loop
      vertex 5.3171 -3.8631 31.8066
      vertex 5.08333 -4.77357 31.3805
      vertex 5.64154 -4.09882 31.3805
    endloop
  endfacet
  facet normal 0.83773 -0.531658 0.124696
    outer loop
      vertex 6.31946 -4.01145 30.0005
      vertex 6.13424 -4.3033 30.0005
      vertex 6.31949 -4.01152 30
    endloop
  endfacet
  facet normal 0.837751 -0.531643 0.124615
    outer loop
      vertex 6.01978 -4.37363 30.47
      vertex 6.31946 -4.01145 30.0005
      vertex 6.57171 -3.61396 30.0005
    endloop
  endfacet
  facet normal 0.837741 -0.531665 0.124592
    outer loop
      vertex 6.31946 -4.01145 30.0005
      vertex 6.01978 -4.37363 30.47
      vertex 6.13424 -4.3033 30.0005
    endloop
  endfacet
  facet normal 0.837772 -0.531612 0.124607
    outer loop
      vertex 6.13424 -4.3033 30.0005
      vertex 6.01978 -4.37363 30.47
      vertex 6.06758 -4.40835 30.0005
    endloop
  endfacet
  facet normal 0.836726 -0.531005 0.133876
    outer loop
      vertex 6.31949 -4.01152 30
      vertex 6.13424 -4.3033 30.0005
      vertex 6.13432 -4.3033 30
    endloop
  endfacet
  facet normal 0.34403 -0.868922 0.355834
    outer loop
      vertex 3.09302 -6.573 30.9326
      vertex 2.24481 -6.90883 30.9326
      vertex 3.16816 -6.73269 30.47
    endloop
  endfacet
  facet normal 0.344033 -0.868918 0.35584
    outer loop
      vertex 3.16816 -6.73269 30.47
      vertex 2.24481 -6.90883 30.9326
      vertex 2.29935 -7.07668 30.47
    endloop
  endfacet
  facet normal 0.549308 -0.756068 0.35584
    outer loop
      vertex 4.63049 -5.5973 30.9326
      vertex 3.89245 -6.13351 30.9326
      vertex 3.98701 -6.28253 30.47
    endloop
  endfacet
  facet normal 0.49315 -0.678772 0.544124
    outer loop
      vertex 4.63049 -5.5973 30.9326
      vertex 3.73649 -5.88777 31.3805
      vertex 3.89245 -6.13351 30.9326
    endloop
  endfacet
  facet normal 0.117132 0.927179 0.355835
    outer loop
      vertex 1.39428 7.30906 30.47
      vertex 0.456133 7.25004 30.9326
      vertex 1.36121 7.1357 30.9326
    endloop
  endfacet
  facet normal 0.105158 0.832395 0.544114
    outer loop
      vertex 1.36121 7.1357 30.9326
      vertex 0.456133 7.25004 30.9326
      vertex 1.30667 6.84981 31.3805
    endloop
  endfacet
  facet normal 0.125909 0.318011 0.939689
    outer loop
      vertex 1.47731 4.5467 32.8894
      vertex 1.24185 3.82201 33.1662
      vertex 1.71108 3.63623 33.1662
    endloop
  endfacet
  facet normal 0.125911 0.318012 0.939689
    outer loop
      vertex 2.03551 4.32569 32.8894
      vertex 1.47731 4.5467 32.8894
      vertex 1.71108 3.63623 33.1662
    endloop
  endfacet
  facet normal -0.0428661 0.339332 0.939689
    outer loop
      vertex -0.30018 4.77125 32.8894
      vertex -0.753029 3.94752 33.1662
      vertex -0.252336 4.01077 33.1662
    endloop
  endfacet
  facet normal 0.0649354 0.513966 0.855349
    outer loop
      vertex 1.13696 5.96015 32.2042
      vertex 0.343292 5.45648 32.5671
      vertex 1.02446 5.37042 32.5671
    endloop
  endfacet
  facet normal -0.0850605 0.331283 0.939689
    outer loop
      vertex -0.753029 3.94752 33.1662
      vertex -1.47731 4.5467 32.8894
      vertex -1.24185 3.82201 33.1662
    endloop
  endfacet
  facet normal 0 0.425623 0.904901
    outer loop
      vertex 0.343292 5.45648 32.5671
      vertex -0.30018 4.77125 32.8894
      vertex 0.30018 4.77125 32.8894
    endloop
  endfacet
  facet normal 0 0.425623 0.904901
    outer loop
      vertex -0.30018 4.77125 32.8894
      vertex 0.343292 5.45648 32.5671
      vertex -0.343292 5.45648 32.5671
    endloop
  endfacet
  facet normal 0.0232431 -0.0587046 0.998005
    outer loop
      vertex 0.598372 -1.27161 33.6836
      vertex 0.145525 -0.44788 33.7426
      vertex 0.434279 -1.33658 33.6836
    endloop
  endfacet
  facet normal 0.16431 -0.104276 0.980882
    outer loop
      vertex 2.79835 -1.53841 33.3931
      vertex 2.03095 -1.11652 33.5665
      vertex 2.58347 -1.877 33.3931
    endloop
  endfacet
  facet normal 0.121322 -0.03942 0.99183
    outer loop
      vertex 2.24481 -0.57637 33.5665
      vertex 1.30667 -0.517347 33.6836
      vertex 2.15487 -0.853175 33.5665
    endloop
  endfacet
  facet normal 0.149947 -0.12405 0.980881
    outer loop
      vertex 1.875 -1.36227 33.5665
      vertex 1.68948 -1.58652 33.5665
      vertex 2.58347 -1.877 33.3931
    endloop
  endfacet
  facet normal 0.098289 -0.0813136 0.99183
    outer loop
      vertex 1.875 -1.36227 33.5665
      vertex 1.02446 -0.962034 33.6836
      vertex 1.68948 -1.58652 33.5665
    endloop
  endfacet
  facet normal 0.498955 0.531332 0.684639
    outer loop
      vertex 4.44496 5.37304 31.3805
      vertex 4.18934 5.06404 31.8066
      vertex 5.08333 4.77357 31.3805
    endloop
  endfacet
  facet normal 0.574336 0.611606 0.544129
    outer loop
      vertex 4.63049 5.5973 30.9326
      vertex 4.44496 5.37304 31.3805
      vertex 5.08333 4.77357 31.3805
    endloop
  endfacet
  facet normal 0.304502 0.419116 0.855348
    outer loop
      vertex 3.86765 4.67519 32.2042
      vertex 2.92951 4.61616 32.5671
      vertex 3.48497 4.2126 32.5671
    endloop
  endfacet
  facet normal 0.354632 0.377646 0.855348
    outer loop
      vertex 3.86765 4.67519 32.2042
      vertex 3.48497 4.2126 32.5671
      vertex 4.42311 4.15358 32.2042
    endloop
  endfacet
  facet normal -0.128829 0.501779 0.855349
    outer loop
      vertex -1.02446 5.37042 32.5671
      vertex -1.875 5.77066 32.2042
      vertex -1.68948 5.19968 32.5671
    endloop
  endfacet
  facet normal -0.105843 0.412253 0.904901
    outer loop
      vertex -1.02446 5.37042 32.5671
      vertex -1.68948 5.19968 32.5671
      vertex -1.47731 4.5467 32.8894
    endloop
  endfacet
  facet normal -0.20866 0.812642 0.544127
    outer loop
      vertex -1.30667 6.84981 31.3805
      vertex -2.24481 6.90883 30.9326
      vertex -2.15487 6.63202 31.3805
    endloop
  endfacet
  facet normal -0.268326 0.677704 0.68463
    outer loop
      vertex -2.15487 6.63202 31.3805
      vertex -2.79835 5.94679 31.8066
      vertex -2.03095 6.25063 31.8066
    endloop
  endfacet
  facet normal 0.190713 -0.481675 0.855347
    outer loop
      vertex 2.32785 -4.94693 32.5671
      vertex 1.875 -5.77066 32.2042
      vertex 2.58347 -5.49015 32.2042
    endloop
  endfacet
  facet normal 0.268315 -0.677699 0.684639
    outer loop
      vertex 2.79835 -5.94679 31.8066
      vertex 2.15487 -6.63202 31.3805
      vertex 2.9691 -6.30965 31.3805
    endloop
  endfacet
  facet normal 0.308852 -0.780088 0.544126
    outer loop
      vertex 2.9691 -6.30965 31.3805
      vertex 2.15487 -6.63202 31.3805
      vertex 2.24481 -6.90883 30.9326
    endloop
  endfacet
  facet normal 0.351138 -0.638726 0.68464
    outer loop
      vertex 3.52161 -5.54918 31.8066
      vertex 2.79835 -5.94679 31.8066
      vertex 2.9691 -6.30965 31.3805
    endloop
  endfacet
  facet normal 0.228097 -0.576094 0.784912
    outer loop
      vertex 2.58347 -5.49015 32.2042
      vertex 1.875 -5.77066 32.2042
      vertex 2.79835 -5.94679 31.8066
    endloop
  endfacet
  facet normal 0.105843 -0.412253 0.904901
    outer loop
      vertex 1.47731 -4.5467 32.8894
      vertex 1.02446 -5.37042 32.5671
      vertex 1.68948 -5.19968 32.5671
    endloop
  endfacet
  facet normal 0.128829 -0.501779 0.855349
    outer loop
      vertex 1.68948 -5.19968 32.5671
      vertex 1.02446 -5.37042 32.5671
      vertex 1.875 -5.77066 32.2042
    endloop
  endfacet
  facet normal 0.12883 -0.501777 0.855349
    outer loop
      vertex 1.875 -5.77066 32.2042
      vertex 1.02446 -5.37042 32.5671
      vertex 1.13696 -5.96015 32.2042
    endloop
  endfacet
  facet normal 0.0483965 -0.188493 0.980881
    outer loop
      vertex 0.716186 -2.20419 33.5665
      vertex 0.598372 -3.13678 33.3931
      vertex 0.986797 -3.03705 33.3931
    endloop
  endfacet
  facet normal 0.0484027 -0.188494 0.980881
    outer loop
      vertex 0.716186 -2.20419 33.5665
      vertex 0.434279 -2.27658 33.5665
      vertex 0.598372 -3.13678 33.3931
    endloop
  endfacet
  facet normal -0.0850576 -0.331286 0.939689
    outer loop
      vertex -0.753029 -3.94752 33.1662
      vertex -1.47731 -4.5467 32.8894
      vertex -0.895809 -4.696 32.8894
    endloop
  endfacet
  facet normal -0.105846 -0.412254 0.9049
    outer loop
      vertex -0.895809 -4.696 32.8894
      vertex -1.47731 -4.5467 32.8894
      vertex -1.02446 -5.37042 32.5671
    endloop
  endfacet
  facet normal -0.205047 -0.372974 0.904901
    outer loop
      vertex -2.03551 -4.32569 32.8894
      vertex -2.92951 -4.61616 32.5671
      vertex -2.32785 -4.94693 32.5671
    endloop
  endfacet
  facet normal -0.249578 -0.453975 0.855347
    outer loop
      vertex -2.32785 -4.94693 32.5671
      vertex -2.92951 -4.61616 32.5671
      vertex -2.58347 -5.49015 32.2042
    endloop
  endfacet
  facet normal -0.265039 0.0166756 0.964093
    outer loop
      vertex -3.98701 0.503676 33.1662
      vertex -4.0187 0 33.1662
      vertex -3.19334 0 33.3931
    endloop
  endfacet
  facet normal -0.19116 0.0364635 0.980881
    outer loop
      vertex -3.09302 0.794152 33.3931
      vertex -3.16816 0.400231 33.3931
      vertex -2.24481 0.57637 33.5665
    endloop
  endfacet
  facet normal -0.26086 0.0497584 0.964093
    outer loop
      vertex -3.89245 0.99941 33.1662
      vertex -3.98701 0.503676 33.1662
      vertex -3.09302 0.794152 33.3931
    endloop
  endfacet
  facet normal -0.404794 0.131528 0.904899
    outer loop
      vertex -5.08333 2.01263 32.5671
      vertex -5.2955 1.35965 32.5671
      vertex -4.63049 1.18891 32.8894
    endloop
  endfacet
  facet normal -0.0486486 0.0402469 0.998005
    outer loop
      vertex -1.02446 0.962034 33.6836
      vertex -1.13696 0.826049 33.6836
      vertex -0.380989 0.276805 33.7426
    endloop
  endfacet
  facet normal 0.0600481 0.0195118 0.998005
    outer loop
      vertex 1.30667 0.517347 33.6836
      vertex 0.437859 0.17336 33.7426
      vertex 1.36121 0.349499 33.6836
    endloop
  endfacet
  facet normal 0.0317238 -0.123557 0.99183
    outer loop
      vertex 0.434279 -1.33658 33.6836
      vertex 0.263338 -1.38047 33.6836
      vertex 0.434279 -2.27658 33.5665
    endloop
  endfacet
  facet normal 0.0317277 -0.123557 0.99183
    outer loop
      vertex 0.434279 -1.33658 33.6836
      vertex 0.434279 -2.27658 33.5665
      vertex 0.716186 -2.20419 33.5665
    endloop
  endfacet
  facet normal -0.0620201 0.0118313 0.998005
    outer loop
      vertex -0.456133 0.117115 33.7426
      vertex -1.39428 0.176138 33.6836
      vertex -0.467215 0.0590229 33.7426
    endloop
  endfacet
  facet normal -0.0159884 0.12656 0.99183
    outer loop
      vertex -0.145525 2.31305 33.5665
      vertex -0.263338 1.38047 33.6836
      vertex -0.0882425 1.40259 33.6836
    endloop
  endfacet
  facet normal 0 0 1
    outer loop
      vertex 0.467215 0.0590229 33.7426
      vertex 0.467215 -0.0590229 33.7426
      vertex 0.470928 0 33.7426
    endloop
  endfacet
  facet normal 0 0 1
    outer loop
      vertex 0.456133 0.117115 33.7426
      vertex 0.467215 -0.0590229 33.7426
      vertex 0.467215 0.0590229 33.7426
    endloop
  endfacet
  facet normal 0 0 1
    outer loop
      vertex 0.456133 0.117115 33.7426
      vertex 0.456133 -0.117115 33.7426
      vertex 0.467215 -0.0590229 33.7426
    endloop
  endfacet
  facet normal 0 0 1
    outer loop
      vertex 0.437859 0.17336 33.7426
      vertex 0.456133 -0.117115 33.7426
      vertex 0.456133 0.117115 33.7426
    endloop
  endfacet
  facet normal 0 0 1
    outer loop
      vertex 0.437859 0.17336 33.7426
      vertex 0.437859 -0.17336 33.7426
      vertex 0.456133 -0.117115 33.7426
    endloop
  endfacet
  facet normal 0 0 1
    outer loop
      vertex 0.412678 0.226871 33.7426
      vertex 0.437859 -0.17336 33.7426
      vertex 0.437859 0.17336 33.7426
    endloop
  endfacet
  facet normal 0 0 1
    outer loop
      vertex 0.412678 0.226871 33.7426
      vertex 0.412678 -0.226871 33.7426
      vertex 0.437859 -0.17336 33.7426
    endloop
  endfacet
  facet normal 0 0 1
    outer loop
      vertex 0.380989 0.276805 33.7426
      vertex 0.412678 -0.226871 33.7426
      vertex 0.412678 0.226871 33.7426
    endloop
  endfacet
  facet normal 0 0 1
    outer loop
      vertex 0.380989 0.276805 33.7426
      vertex 0.380989 -0.276805 33.7426
      vertex 0.412678 -0.226871 33.7426
    endloop
  endfacet
  facet normal 0 0 1
    outer loop
      vertex 0.343292 0.322372 33.7426
      vertex 0.380989 -0.276805 33.7426
      vertex 0.380989 0.276805 33.7426
    endloop
  endfacet
  facet normal 0 0 1
    outer loop
      vertex 0.343292 0.322372 33.7426
      vertex 0.343292 -0.322372 33.7426
      vertex 0.380989 -0.276805 33.7426
    endloop
  endfacet
  facet normal 0 0 1
    outer loop
      vertex 0.30018 0.362857 33.7426
      vertex 0.343292 -0.322372 33.7426
      vertex 0.343292 0.322372 33.7426
    endloop
  endfacet
  facet normal 0 0 1
    outer loop
      vertex 0.30018 0.362857 33.7426
      vertex 0.30018 -0.362857 33.7426
      vertex 0.343292 -0.322372 33.7426
    endloop
  endfacet
  facet normal 0 0 1
    outer loop
      vertex 0.252336 0.397618 33.7426
      vertex 0.30018 -0.362857 33.7426
      vertex 0.30018 0.362857 33.7426
    endloop
  endfacet
  facet normal 0 0 1
    outer loop
      vertex 0.252336 0.397618 33.7426
      vertex 0.252336 -0.397618 33.7426
      vertex 0.30018 -0.362857 33.7426
    endloop
  endfacet
  facet normal 0 0 1
    outer loop
      vertex 0.200511 0.426108 33.7426
      vertex 0.252336 -0.397618 33.7426
      vertex 0.252336 0.397618 33.7426
    endloop
  endfacet
  facet normal 0 0 1
    outer loop
      vertex 0.200511 0.426108 33.7426
      vertex 0.200511 -0.426108 33.7426
      vertex 0.252336 -0.397618 33.7426
    endloop
  endfacet
  facet normal 0 0 1
    outer loop
      vertex 0.145525 0.44788 33.7426
      vertex 0.200511 -0.426108 33.7426
      vertex 0.200511 0.426108 33.7426
    endloop
  endfacet
  facet normal 0 0 1
    outer loop
      vertex 0.145525 0.44788 33.7426
      vertex 0.145525 -0.44788 33.7426
      vertex 0.200511 -0.426108 33.7426
    endloop
  endfacet
  facet normal 0 0 1
    outer loop
      vertex 0.0882425 0.462587 33.7426
      vertex 0.145525 -0.44788 33.7426
      vertex 0.145525 0.44788 33.7426
    endloop
  endfacet
  facet normal 0 0 1
    outer loop
      vertex 0.0882425 0.462587 33.7426
      vertex 0.0882425 -0.462587 33.7426
      vertex 0.145525 -0.44788 33.7426
    endloop
  endfacet
  facet normal 0 0 1
    outer loop
      vertex 0.0295696 0.469999 33.7426
      vertex 0.0882425 -0.462587 33.7426
      vertex 0.0882425 0.462587 33.7426
    endloop
  endfacet
  facet normal 0 0 1
    outer loop
      vertex 0.0295696 0.469999 33.7426
      vertex 0.0295696 -0.469999 33.7426
      vertex 0.0882425 -0.462587 33.7426
    endloop
  endfacet
  facet normal -0 0 1
    outer loop
      vertex -0.0295696 0.469999 33.7426
      vertex 0.0295696 -0.469999 33.7426
      vertex 0.0295696 0.469999 33.7426
    endloop
  endfacet
  facet normal 0 0 1
    outer loop
      vertex -0.0295696 0.469999 33.7426
      vertex -0.0295696 -0.469999 33.7426
      vertex 0.0295696 -0.469999 33.7426
    endloop
  endfacet
  facet normal -0 0 1
    outer loop
      vertex -0.0882425 0.462587 33.7426
      vertex -0.0295696 -0.469999 33.7426
      vertex -0.0295696 0.469999 33.7426
    endloop
  endfacet
  facet normal 0 0 1
    outer loop
      vertex -0.0882425 0.462587 33.7426
      vertex -0.0882425 -0.462587 33.7426
      vertex -0.0295696 -0.469999 33.7426
    endloop
  endfacet
  facet normal -0 0 1
    outer loop
      vertex -0.145525 0.44788 33.7426
      vertex -0.0882425 -0.462587 33.7426
      vertex -0.0882425 0.462587 33.7426
    endloop
  endfacet
  facet normal 0 0 1
    outer loop
      vertex -0.145525 0.44788 33.7426
      vertex -0.145525 -0.44788 33.7426
      vertex -0.0882425 -0.462587 33.7426
    endloop
  endfacet
  facet normal -0 0 1
    outer loop
      vertex -0.200511 0.426108 33.7426
      vertex -0.145525 -0.44788 33.7426
      vertex -0.145525 0.44788 33.7426
    endloop
  endfacet
  facet normal 0 0 1
    outer loop
      vertex -0.200511 0.426108 33.7426
      vertex -0.200511 -0.426108 33.7426
      vertex -0.145525 -0.44788 33.7426
    endloop
  endfacet
  facet normal -0 0 1
    outer loop
      vertex -0.252336 0.397618 33.7426
      vertex -0.200511 -0.426108 33.7426
      vertex -0.200511 0.426108 33.7426
    endloop
  endfacet
  facet normal 0 0 1
    outer loop
      vertex -0.252336 0.397618 33.7426
      vertex -0.252336 -0.397618 33.7426
      vertex -0.200511 -0.426108 33.7426
    endloop
  endfacet
  facet normal -0 0 1
    outer loop
      vertex -0.30018 0.362857 33.7426
      vertex -0.252336 -0.397618 33.7426
      vertex -0.252336 0.397618 33.7426
    endloop
  endfacet
  facet normal 0 0 1
    outer loop
      vertex -0.30018 0.362857 33.7426
      vertex -0.30018 -0.362857 33.7426
      vertex -0.252336 -0.397618 33.7426
    endloop
  endfacet
  facet normal -0 0 1
    outer loop
      vertex -0.343292 0.322372 33.7426
      vertex -0.30018 -0.362857 33.7426
      vertex -0.30018 0.362857 33.7426
    endloop
  endfacet
  facet normal 0 0 1
    outer loop
      vertex -0.343292 0.322372 33.7426
      vertex -0.343292 -0.322372 33.7426
      vertex -0.30018 -0.362857 33.7426
    endloop
  endfacet
  facet normal -0 0 1
    outer loop
      vertex -0.380989 0.276805 33.7426
      vertex -0.343292 -0.322372 33.7426
      vertex -0.343292 0.322372 33.7426
    endloop
  endfacet
  facet normal 0 0 1
    outer loop
      vertex -0.380989 0.276805 33.7426
      vertex -0.380989 -0.276805 33.7426
      vertex -0.343292 -0.322372 33.7426
    endloop
  endfacet
  facet normal -0 0 1
    outer loop
      vertex -0.412678 0.226871 33.7426
      vertex -0.380989 -0.276805 33.7426
      vertex -0.380989 0.276805 33.7426
    endloop
  endfacet
  facet normal 0 0 1
    outer loop
      vertex -0.412678 0.226871 33.7426
      vertex -0.412678 -0.226871 33.7426
      vertex -0.380989 -0.276805 33.7426
    endloop
  endfacet
  facet normal -0 0 1
    outer loop
      vertex -0.437859 0.17336 33.7426
      vertex -0.412678 -0.226871 33.7426
      vertex -0.412678 0.226871 33.7426
    endloop
  endfacet
  facet normal 0 0 1
    outer loop
      vertex -0.437859 0.17336 33.7426
      vertex -0.437859 -0.17336 33.7426
      vertex -0.412678 -0.226871 33.7426
    endloop
  endfacet
  facet normal -0 0 1
    outer loop
      vertex -0.456133 0.117115 33.7426
      vertex -0.437859 -0.17336 33.7426
      vertex -0.437859 0.17336 33.7426
    endloop
  endfacet
  facet normal 0 0 1
    outer loop
      vertex -0.456133 0.117115 33.7426
      vertex -0.456133 -0.117115 33.7426
      vertex -0.437859 -0.17336 33.7426
    endloop
  endfacet
  facet normal -0 0 1
    outer loop
      vertex -0.467215 0.0590229 33.7426
      vertex -0.456133 -0.117115 33.7426
      vertex -0.456133 0.117115 33.7426
    endloop
  endfacet
  facet normal 0 0 1
    outer loop
      vertex -0.467215 0.0590229 33.7426
      vertex -0.467215 -0.0590229 33.7426
      vertex -0.456133 -0.117115 33.7426
    endloop
  endfacet
  facet normal 0 -0 1
    outer loop
      vertex -0.467215 -0.0590229 33.7426
      vertex -0.467215 0.0590229 33.7426
      vertex -0.470928 0 33.7426
    endloop
  endfacet
  facet normal -0.0304191 0.0553279 0.998005
    outer loop
      vertex -0.598372 1.27161 33.6836
      vertex -0.753029 1.18658 33.6836
      vertex -0.252336 0.397618 33.7426
    endloop
  endfacet
  facet normal -0.098289 -0.0813136 0.99183
    outer loop
      vertex -1.02446 -0.962034 33.6836
      vertex -1.875 -1.36227 33.5665
      vertex -1.68948 -1.58652 33.5665
    endloop
  endfacet
  facet normal -0.0873236 -0.0929906 0.99183
    outer loop
      vertex -1.02446 -0.962034 33.6836
      vertex -1.68948 -1.58652 33.5665
      vertex -1.47731 -1.78576 33.5665
    endloop
  endfacet
  facet normal -0.00791344 -0.0626405 0.998005
    outer loop
      vertex -0.0882425 -0.462587 33.7426
      vertex -0.263338 -1.38047 33.6836
      vertex -0.0882425 -1.40259 33.6836
    endloop
  endfacet
  facet normal 0.0982888 0.081314 0.99183
    outer loop
      vertex 1.875 1.36227 33.5665
      vertex 1.02446 0.962034 33.6836
      vertex 1.13696 0.826049 33.6836
    endloop
  endfacet
  facet normal 0.098289 0.0813136 0.99183
    outer loop
      vertex 1.68948 1.58652 33.5665
      vertex 1.02446 0.962034 33.6836
      vertex 1.875 1.36227 33.5665
    endloop
  endfacet
  facet normal 0.09375 0.170539 0.980881
    outer loop
      vertex 1.71108 2.69623 33.3931
      vertex 0.986797 2.09705 33.5665
      vertex 1.24185 1.95684 33.5665
    endloop
  endfacet
  facet normal 0.061452 0.111786 0.99183
    outer loop
      vertex 0.986797 2.09705 33.5665
      vertex 0.753029 1.18658 33.6836
      vertex 1.24185 1.95684 33.5665
    endloop
  endfacet
  facet normal 0.0600485 0.0195098 0.998005
    outer loop
      vertex 1.36121 0.349499 33.6836
      vertex 0.437859 0.17336 33.7426
      vertex 0.456133 0.117115 33.7426
    endloop
  endfacet
  facet normal 0.0486486 -0.0402469 0.998005
    outer loop
      vertex 1.13696 -0.826049 33.6836
      vertex 0.380989 -0.276805 33.7426
      vertex 1.02446 -0.962034 33.6836
    endloop
  endfacet
  facet normal -0.0977619 0.246913 0.964094
    outer loop
      vertex -0.986797 3.03705 33.3931
      vertex -1.71108 3.63623 33.1662
      vertex -1.35966 2.88942 33.3931
    endloop
  endfacet
  facet normal -0.0873261 0.0929893 0.99183
    outer loop
      vertex -0.895809 1.08285 33.6836
      vertex -1.47731 1.78576 33.5665
      vertex -1.02446 0.962034 33.6836
    endloop
  endfacet
  facet normal -0.0317277 0.123557 0.99183
    outer loop
      vertex -0.434279 2.27658 33.5665
      vertex -0.716186 2.20419 33.5665
      vertex -0.434279 1.33658 33.6836
    endloop
  endfacet
  facet normal -0.0159846 0.126559 0.99183
    outer loop
      vertex -0.145525 2.31305 33.5665
      vertex -0.434279 2.27658 33.5665
      vertex -0.263338 1.38047 33.6836
    endloop
  endfacet
  facet normal -0.0243856 0.193075 0.980881
    outer loop
      vertex -0.145525 2.31305 33.5665
      vertex -0.598372 3.13678 33.3931
      vertex -0.434279 2.27658 33.5665
    endloop
  endfacet
  facet normal 0.0317238 0.123557 0.99183
    outer loop
      vertex 0.434279 2.27658 33.5665
      vertex 0.263338 1.38047 33.6836
      vertex 0.434279 1.33658 33.6836
    endloop
  endfacet
  facet normal -0.0716381 0.180941 0.980881
    outer loop
      vertex -0.986797 3.03705 33.3931
      vertex -0.986797 2.09705 33.5665
      vertex -0.716186 2.20419 33.5665
    endloop
  endfacet
  facet normal -0.0232431 0.0587046 0.998005
    outer loop
      vertex -0.434279 1.33658 33.6836
      vertex -0.598372 1.27161 33.6836
      vertex -0.145525 0.44788 33.7426
    endloop
  endfacet
  facet normal 0 -0.0631384 0.998005
    outer loop
      vertex -0.0295696 -0.469999 33.7426
      vertex 0.0882425 -1.40259 33.6836
      vertex 0.0295696 -0.469999 33.7426
    endloop
  endfacet
  facet normal 0 -0.0631384 0.998005
    outer loop
      vertex 0.0882425 -1.40259 33.6836
      vertex -0.0295696 -0.469999 33.7426
      vertex -0.0882425 -1.40259 33.6836
    endloop
  endfacet
  facet normal -0.0533096 0.0338312 0.998005
    outer loop
      vertex -0.380989 0.276805 33.7426
      vertex -1.23153 0.677037 33.6836
      vertex -0.412678 0.226871 33.7426
    endloop
  endfacet
  facet normal -0.0232442 0.058704 0.998005
    outer loop
      vertex -0.145525 0.44788 33.7426
      vertex -0.598372 1.27161 33.6836
      vertex -0.200511 0.426108 33.7426
    endloop
  endfacet
  facet normal 0.0371106 -0.0510812 0.998005
    outer loop
      vertex 0.895809 -1.08285 33.6836
      vertex 0.30018 -0.362857 33.7426
      vertex 0.753029 -1.18658 33.6836
    endloop
  endfacet
  facet normal -0.0660442 0.257221 0.964093
    outer loop
      vertex -0.753029 3.94752 33.1662
      vertex -1.24185 3.82201 33.1662
      vertex -0.986797 3.03705 33.3931
    endloop
  endfacet
  facet normal -0.0533481 0.422268 0.9049
    outer loop
      vertex -0.30018 4.77125 32.8894
      vertex -1.02446 5.37042 32.5671
      vertex -0.895809 4.696 32.8894
    endloop
  endfacet
  facet normal -0.105846 0.412254 0.9049
    outer loop
      vertex -1.02446 5.37042 32.5671
      vertex -1.47731 4.5467 32.8894
      vertex -0.895809 4.696 32.8894
    endloop
  endfacet
  facet normal -0.0371106 0.0510812 0.998005
    outer loop
      vertex -0.753029 1.18658 33.6836
      vertex -0.895809 1.08285 33.6836
      vertex -0.30018 0.362857 33.7426
    endloop
  endfacet
  facet normal -0.0432214 0.046026 0.998005
    outer loop
      vertex -0.30018 0.362857 33.7426
      vertex -0.895809 1.08285 33.6836
      vertex -0.343292 0.322372 33.7426
    endloop
  endfacet
  facet normal 0.0533096 0.0338312 0.998005
    outer loop
      vertex 1.23153 0.677037 33.6836
      vertex 0.380989 0.276805 33.7426
      vertex 0.412678 0.226871 33.7426
    endloop
  endfacet
  facet normal 0.00791322 0.0626405 0.998005
    outer loop
      vertex 0.0882425 1.40259 33.6836
      vertex 0.0295696 0.469999 33.7426
      vertex 0.0882425 0.462587 33.7426
    endloop
  endfacet
  facet normal 0.385116 0.181219 0.904901
    outer loop
      vertex 5.08333 2.01263 32.5671
      vertex 4.18934 2.30311 32.8894
      vertex 4.44496 1.75988 32.8894
    endloop
  endfacet
  facet normal 0.385116 0.18122 0.9049
    outer loop
      vertex 4.791 2.63387 32.5671
      vertex 4.18934 2.30311 32.8894
      vertex 5.08333 2.01263 32.5671
    endloop
  endfacet
  facet normal 0.46875 0.220574 0.855348
    outer loop
      vertex 5.3171 2.9231 32.2042
      vertex 4.791 2.63387 32.5671
      vertex 5.08333 2.01263 32.5671
    endloop
  endfacet
  facet normal 0.437408 0.277584 0.855349
    outer loop
      vertex 5.3171 2.9231 32.2042
      vertex 4.42311 3.21358 32.5671
      vertex 4.791 2.63387 32.5671
    endloop
  endfacet
  facet normal -0.117132 0.927179 0.355835
    outer loop
      vertex -0.456133 7.25004 30.9326
      vertex -1.39428 7.30906 30.47
      vertex -1.36121 7.1357 30.9326
    endloop
  endfacet
  facet normal -0.232413 0.905188 0.355835
    outer loop
      vertex -1.39428 7.30906 30.47
      vertex -2.24481 6.90883 30.9326
      vertex -1.36121 7.1357 30.9326
    endloop
  endfacet
  facet normal -0.34403 0.868922 0.355834
    outer loop
      vertex -2.24481 6.90883 30.9326
      vertex -3.16816 6.73269 30.47
      vertex -3.09302 6.573 30.9326
    endloop
  endfacet
  facet normal -0.450218 0.818955 0.355833
    outer loop
      vertex -3.16816 6.73269 30.47
      vertex -3.98701 6.28253 30.47
      vertex -3.09302 6.573 30.9326
    endloop
  endfacet
  facet normal -0.365259 0.922529 0.124602
    outer loop
      vertex -3.19239 6.78651 30.0005
      vertex -3.16816 6.73269 30.47
      vertex -2.29935 7.07668 30.47
    endloop
  endfacet
  facet normal -0.358183 0.925306 0.124555
    outer loop
      vertex -3.16816 6.73269 30.47
      vertex -3.19239 6.78651 30.0005
      vertex -3.19332 6.78615 30.0005
    endloop
  endfacet
  facet normal -0.344033 0.868918 0.35584
    outer loop
      vertex -2.29935 7.07668 30.47
      vertex -3.16816 6.73269 30.47
      vertex -2.24481 6.90883 30.9326
    endloop
  endfacet
  facet normal -0.797946 0.259266 0.544117
    outer loop
      vertex -6.75424 2.67419 30.9326
      vertex -6.75424 1.73419 31.3805
      vertex -6.48363 2.56705 31.3805
    endloop
  endfacet
  facet normal -0.797937 0.259271 0.544128
    outer loop
      vertex -6.75424 2.67419 30.9326
      vertex -7.03615 1.80658 30.9326
      vertex -6.75424 1.73419 31.3805
    endloop
  endfacet
  facet normal -0.589281 0.191467 0.784913
    outer loop
      vertex -6.11077 2.41943 31.8066
      vertex -6.36582 1.63446 31.8066
      vertex -5.64154 2.23364 32.2042
    endloop
  endfacet
  facet normal -0.589281 0.191467 0.784913
    outer loop
      vertex -5.64154 2.23364 32.2042
      vertex -6.36582 1.63446 31.8066
      vertex -5.877 1.50896 32.2042
    endloop
  endfacet
  facet normal -0.693215 0.225237 0.684632
    outer loop
      vertex -6.48363 2.56705 31.3805
      vertex -6.75424 1.73419 31.3805
      vertex -6.36582 1.63446 31.8066
    endloop
  endfacet
  facet normal -0.288784 0.183269 0.939689
    outer loop
      vertex -3.86765 2.81001 32.8894
      vertex -4.18934 2.30311 32.8894
      vertex -3.52161 1.93602 33.1662
    endloop
  endfacet
  facet normal -0.0977601 0.246915 0.964093
    outer loop
      vertex -1.24185 3.82201 33.1662
      vertex -1.71108 3.63623 33.1662
      vertex -0.986797 3.03705 33.3931
    endloop
  endfacet
  facet normal -0.125909 0.318011 0.939689
    outer loop
      vertex -1.47731 4.5467 32.8894
      vertex -1.71108 3.63623 33.1662
      vertex -1.24185 3.82201 33.1662
    endloop
  endfacet
  facet normal -0.839137 0.529455 0.124605
    outer loop
      vertex -6.52048 3.58466 30.47
      vertex -6.57171 3.61396 30.0005
      vertex -6.57224 3.61312 30.0005
    endloop
  endfacet
  facet normal -0.837747 0.531655 0.124591
    outer loop
      vertex -6.57171 3.61396 30.0005
      vertex -6.52048 3.58466 30.47
      vertex -6.01978 4.37363 30.47
    endloop
  endfacet
  facet normal -0.895269 0.42774 0.124627
    outer loop
      vertex -6.57267 3.61222 30.0005
      vertex -6.52048 3.58466 30.47
      vertex -6.57224 3.61312 30.0005
    endloop
  endfacet
  facet normal -0.897777 0.42246 0.124596
    outer loop
      vertex -6.52048 3.58466 30.47
      vertex -6.57267 3.61222 30.0005
      vertex -6.91834 2.73916 30.47
    endloop
  endfacet
  facet normal -0.60863 0.116106 0.784914
    outer loop
      vertex -6.36582 1.63446 31.8066
      vertex -6.52048 0.823728 31.8066
      vertex -5.877 1.50896 32.2042
    endloop
  endfacet
  facet normal -0.325289 0.105699 0.939689
    outer loop
      vertex -4.44496 1.75988 32.8894
      vertex -4.63049 1.18891 32.8894
      vertex -3.89245 0.99941 33.1662
    endloop
  endfacet
  facet normal -0.309479 0.145631 0.939689
    outer loop
      vertex -3.52161 1.93602 33.1662
      vertex -4.44496 1.75988 32.8894
      vertex -3.73649 1.47938 33.1662
    endloop
  endfacet
  facet normal -0.325289 0.105698 0.939689
    outer loop
      vertex -3.73649 1.47938 33.1662
      vertex -4.44496 1.75988 32.8894
      vertex -3.89245 0.99941 33.1662
    endloop
  endfacet
  facet normal -0.127937 0.232716 0.964093
    outer loop
      vertex -1.71108 3.63623 33.1662
      vertex -2.15333 3.3931 33.1662
      vertex -1.71108 2.69623 33.3931
    endloop
  endfacet
  facet normal -0.149947 0.124048 0.980881
    outer loop
      vertex -2.32785 2.18599 33.3931
      vertex -2.58347 1.877 33.3931
      vertex -1.68948 1.58652 33.5665
    endloop
  endfacet
  facet normal -0.385116 0.181219 0.904901
    outer loop
      vertex -4.18934 2.30311 32.8894
      vertex -5.08333 2.01263 32.5671
      vertex -4.44496 1.75988 32.8894
    endloop
  endfacet
  facet normal -0.298495 0.542967 0.784912
    outer loop
      vertex -2.79835 5.94679 31.8066
      vertex -3.52161 5.54918 31.8066
      vertex -2.58347 5.49015 32.2042
    endloop
  endfacet
  facet normal -0.646466 0.534798 0.544126
    outer loop
      vertex -5.2955 4.97281 30.9326
      vertex -5.877 4.26989 30.9326
      vertex -5.08333 4.77357 31.3805
    endloop
  endfacet
  facet normal -0.646467 0.534812 0.544111
    outer loop
      vertex -5.08333 4.77357 31.3805
      vertex -5.877 4.26989 30.9326
      vertex -5.64154 4.09882 31.3805
    endloop
  endfacet
  facet normal -0.523149 -0.332002 0.784914
    outer loop
      vertex -5.3171 -2.9231 32.2042
      vertex -5.3171 -3.8631 31.8066
      vertex -4.90881 -3.56646 32.2042
    endloop
  endfacet
  facet normal -0.468743 -0.220577 0.855351
    outer loop
      vertex -5.08333 -2.01263 32.5671
      vertex -5.64154 -2.23364 32.2042
      vertex -5.3171 -2.9231 32.2042
    endloop
  endfacet
  facet normal -0.156097 -0.214842 0.964094
    outer loop
      vertex -2.03551 -2.46051 33.3931
      vertex -2.56162 -3.09646 33.1662
      vertex -1.71108 -2.69623 33.3931
    endloop
  endfacet
  facet normal -0.11439 -0.157439 0.980881
    outer loop
      vertex -1.47731 -1.78576 33.5665
      vertex -2.03551 -2.46051 33.3931
      vertex -1.71108 -2.69623 33.3931
    endloop
  endfacet
  facet normal -0.164775 -0.299724 0.939689
    outer loop
      vertex -1.71108 -3.63623 33.1662
      vertex -2.15333 -3.3931 33.1662
      vertex -2.03551 -4.32569 32.8894
    endloop
  endfacet
  facet normal -0.127937 -0.232716 0.964093
    outer loop
      vertex -1.71108 -2.69623 33.3931
      vertex -2.15333 -3.3931 33.1662
      vertex -1.71108 -3.63623 33.1662
    endloop
  endfacet
  facet normal -0.16431 -0.104276 0.980882
    outer loop
      vertex -2.03095 -1.11652 33.5665
      vertex -2.79835 -1.53841 33.3931
      vertex -2.58347 -1.877 33.3931
    endloop
  endfacet
  facet normal -0.176085 -0.0828588 0.980882
    outer loop
      vertex -2.15487 -0.853175 33.5665
      vertex -2.79835 -1.53841 33.3931
      vertex -2.03095 -1.11652 33.5665
    endloop
  endfacet
  facet normal -0.181789 -0.193589 0.964093
    outer loop
      vertex -2.32785 -2.18599 33.3931
      vertex -2.92951 -2.75099 33.1662
      vertex -2.03551 -2.46051 33.3931
    endloop
  endfacet
  facet normal -0.224225 -0.142294 0.964093
    outer loop
      vertex -2.58347 -1.877 33.3931
      vertex -3.52161 -1.93602 33.1662
      vertex -3.2512 -2.36213 33.1662
    endloop
  endfacet
  facet normal 0.0483965 0.188493 0.980881
    outer loop
      vertex 0.986797 3.03705 33.3931
      vertex 0.598372 3.13678 33.3931
      vertex 0.716186 2.20419 33.5665
    endloop
  endfacet
  facet normal 0.0660442 0.257221 0.964093
    outer loop
      vertex 1.24185 3.82201 33.1662
      vertex 0.753029 3.94752 33.1662
      vertex 0.986797 3.03705 33.3931
    endloop
  endfacet
  facet normal -0.057129 0.0268836 0.998005
    outer loop
      vertex -0.412678 0.226871 33.7426
      vertex -1.23153 0.677037 33.6836
      vertex -0.437859 0.17336 33.7426
    endloop
  endfacet
  facet normal 0.0157013 0.061155 0.998005
    outer loop
      vertex 0.434279 1.33658 33.6836
      vertex 0.0882425 0.462587 33.7426
      vertex 0.145525 0.44788 33.7426
    endloop
  endfacet
  facet normal 0.176085 -0.0828588 0.980882
    outer loop
      vertex 2.15487 -0.853175 33.5665
      vertex 2.03095 -1.11652 33.5665
      vertex 2.79835 -1.53841 33.3931
    endloop
  endfacet
  facet normal 0.176084 -0.0828594 0.980882
    outer loop
      vertex 2.9691 -1.17555 33.3931
      vertex 2.15487 -0.853175 33.5665
      vertex 2.79835 -1.53841 33.3931
    endloop
  endfacet
  facet normal 0.107709 -0.0683506 0.99183
    outer loop
      vertex 2.03095 -1.11652 33.5665
      vertex 1.23153 -0.677037 33.6836
      vertex 1.875 -1.36227 33.5665
    endloop
  endfacet
  facet normal 0.0232442 -0.058704 0.998005
    outer loop
      vertex 0.200511 -0.426108 33.7426
      vertex 0.145525 -0.44788 33.7426
      vertex 0.598372 -1.27161 33.6836
    endloop
  endfacet
  facet normal 0 0.518058 0.855345
    outer loop
      vertex 0.380989 6.05565 32.2042
      vertex -0.343292 5.45648 32.5671
      vertex 0.343292 5.45648 32.5671
    endloop
  endfacet
  facet normal 0 0.518058 0.855345
    outer loop
      vertex -0.343292 5.45648 32.5671
      vertex 0.380989 6.05565 32.2042
      vertex -0.380989 6.05565 32.2042
    endloop
  endfacet
  facet normal -0.064929 0.513973 0.855345
    outer loop
      vertex -0.380989 6.05565 32.2042
      vertex -1.13696 5.96015 32.2042
      vertex -0.343292 5.45648 32.5671
    endloop
  endfacet
  facet normal -0.0776559 0.614718 0.784915
    outer loop
      vertex -0.412678 6.55933 31.8066
      vertex -1.13696 5.96015 32.2042
      vertex -0.380989 6.05565 32.2042
    endloop
  endfacet
  facet normal 0.298495 -0.542967 0.784912
    outer loop
      vertex 3.52161 -5.54918 31.8066
      vertex 2.58347 -5.49015 32.2042
      vertex 2.79835 -5.94679 31.8066
    endloop
  endfacet
  facet normal 0.364199 -0.501273 0.784911
    outer loop
      vertex 3.86765 -4.67519 32.2042
      vertex 3.2512 -5.12307 32.2042
      vertex 3.52161 -5.54918 31.8066
    endloop
  endfacet
  facet normal 0.404195 -0.735229 0.544118
    outer loop
      vertex 3.89245 -6.13351 30.9326
      vertex 2.9691 -6.30965 31.3805
      vertex 3.09302 -6.573 30.9326
    endloop
  endfacet
  facet normal 0.404197 -0.735225 0.544123
    outer loop
      vertex 3.73649 -5.88777 31.3805
      vertex 2.9691 -6.30965 31.3805
      vertex 3.89245 -6.13351 30.9326
    endloop
  endfacet
  facet normal 0.154093 -0.600141 0.784911
    outer loop
      vertex 1.875 -5.77066 32.2042
      vertex 1.23153 -6.45589 31.8066
      vertex 2.03095 -6.25063 31.8066
    endloop
  endfacet
  facet normal 0.18127 -0.705986 0.684635
    outer loop
      vertex 2.03095 -6.25063 31.8066
      vertex 1.23153 -6.45589 31.8066
      vertex 1.30667 -6.84981 31.3805
    endloop
  endfacet
  facet normal 0.0660442 -0.257221 0.964093
    outer loop
      vertex 0.986797 -3.03705 33.3931
      vertex 0.753029 -3.94752 33.1662
      vertex 1.24185 -3.82201 33.1662
    endloop
  endfacet
  facet normal 0.0850605 -0.331283 0.939689
    outer loop
      vertex 1.24185 -3.82201 33.1662
      vertex 0.753029 -3.94752 33.1662
      vertex 1.47731 -4.5467 32.8894
    endloop
  endfacet
  facet normal 0.0332829 -0.26347 0.964093
    outer loop
      vertex 0.598372 -3.13678 33.3931
      vertex 0.200511 -3.18704 33.3931
      vertex 0.252336 -4.01077 33.1662
    endloop
  endfacet
  facet normal 0.0332828 -0.26347 0.964093
    outer loop
      vertex 0.598372 -3.13678 33.3931
      vertex 0.252336 -4.01077 33.1662
      vertex 0.753029 -3.94752 33.1662
    endloop
  endfacet
  facet normal -0.190709 -0.481673 0.855349
    outer loop
      vertex -1.68948 -5.19968 32.5671
      vertex -2.32785 -4.94693 32.5671
      vertex -1.875 -5.77066 32.2042
    endloop
  endfacet
  facet normal -0.128829 -0.501779 0.855349
    outer loop
      vertex -1.68948 -5.19968 32.5671
      vertex -1.875 -5.77066 32.2042
      vertex -1.02446 -5.37042 32.5671
    endloop
  endfacet
  facet normal -0.25257 0.0820624 0.964092
    outer loop
      vertex -2.9691 1.17555 33.3931
      vertex -3.73649 1.47938 33.1662
      vertex -3.09302 0.794152 33.3931
    endloop
  endfacet
  facet normal -0.185082 0.060135 0.980881
    outer loop
      vertex -2.9691 1.17555 33.3931
      vertex -3.09302 0.794152 33.3931
      vertex -2.24481 0.57637 33.5665
    endloop
  endfacet
  facet normal -0.0157018 0.0611548 0.998005
    outer loop
      vertex -0.263338 1.38047 33.6836
      vertex -0.434279 1.33658 33.6836
      vertex -0.0882425 0.462587 33.7426
    endloop
  endfacet
  facet normal 0.0304191 0.0553279 0.998005
    outer loop
      vertex 0.598372 1.27161 33.6836
      vertex 0.252336 0.397618 33.7426
      vertex 0.753029 1.18658 33.6836
    endloop
  endfacet
  facet normal -0.0232442 -0.058704 0.998005
    outer loop
      vertex -0.200511 -0.426108 33.7426
      vertex -0.598372 -1.27161 33.6836
      vertex -0.145525 -0.44788 33.7426
    endloop
  endfacet
  facet normal 0.0469604 -0.118607 0.99183
    outer loop
      vertex 0.598372 -1.27161 33.6836
      vertex 0.434279 -1.33658 33.6836
      vertex 0.986797 -2.09705 33.5665
    endloop
  endfacet
  facet normal 0.0614587 -0.111784 0.99183
    outer loop
      vertex 0.753029 -1.18658 33.6836
      vertex 0.598372 -1.27161 33.6836
      vertex 0.986797 -2.09705 33.5665
    endloop
  endfacet
  facet normal -0.0600485 0.0195098 0.998005
    outer loop
      vertex -0.437859 0.17336 33.7426
      vertex -1.36121 0.349499 33.6836
      vertex -0.456133 0.117115 33.7426
    endloop
  endfacet
  facet normal -0.0620201 0.0118308 0.998005
    outer loop
      vertex -1.36121 0.349499 33.6836
      vertex -1.39428 0.176138 33.6836
      vertex -0.456133 0.117115 33.7426
    endloop
  endfacet
  facet normal -0.0371106 -0.0510812 0.998005
    outer loop
      vertex -0.30018 -0.362857 33.7426
      vertex -0.895809 -1.08285 33.6836
      vertex -0.753029 -1.18658 33.6836
    endloop
  endfacet
  facet normal -0.0873261 -0.0929893 0.99183
    outer loop
      vertex -1.02446 -0.962034 33.6836
      vertex -1.47731 -1.78576 33.5665
      vertex -0.895809 -1.08285 33.6836
    endloop
  endfacet
  facet normal 0.0371123 -0.0510803 0.998005
    outer loop
      vertex 0.30018 -0.362857 33.7426
      vertex 0.252336 -0.397618 33.7426
      vertex 0.753029 -1.18658 33.6836
    endloop
  endfacet
  facet normal 0.0432223 0.0460253 0.998005
    outer loop
      vertex 0.895809 1.08285 33.6836
      vertex 0.343292 0.322372 33.7426
      vertex 1.02446 0.962034 33.6836
    endloop
  endfacet
  facet normal 0.0873261 0.0929893 0.99183
    outer loop
      vertex 1.47731 1.78576 33.5665
      vertex 0.895809 1.08285 33.6836
      vertex 1.02446 0.962034 33.6836
    endloop
  endfacet
  facet normal 0.0614587 0.111784 0.99183
    outer loop
      vertex 0.986797 2.09705 33.5665
      vertex 0.598372 1.27161 33.6836
      vertex 0.753029 1.18658 33.6836
    endloop
  endfacet
  facet normal 0.0469604 0.118607 0.99183
    outer loop
      vertex 0.986797 2.09705 33.5665
      vertex 0.434279 1.33658 33.6836
      vertex 0.598372 1.27161 33.6836
    endloop
  endfacet
  facet normal 0.0749824 0.103199 0.99183
    outer loop
      vertex 1.24185 1.95684 33.5665
      vertex 0.753029 1.18658 33.6836
      vertex 1.47731 1.78576 33.5665
    endloop
  endfacet
  facet normal 0.114392 0.157439 0.980881
    outer loop
      vertex 1.71108 2.69623 33.3931
      vertex 1.24185 1.95684 33.5665
      vertex 1.47731 1.78576 33.5665
    endloop
  endfacet
  facet normal 0.057129 -0.0268836 0.998005
    outer loop
      vertex 0.437859 -0.17336 33.7426
      vertex 0.412678 -0.226871 33.7426
      vertex 1.23153 -0.677037 33.6836
    endloop
  endfacet
  facet normal 0.0371123 0.0510803 0.998005
    outer loop
      vertex 0.753029 1.18658 33.6836
      vertex 0.252336 0.397618 33.7426
      vertex 0.30018 0.362857 33.7426
    endloop
  endfacet
  facet normal -0.133218 0.141864 0.980881
    outer loop
      vertex -1.47731 1.78576 33.5665
      vertex -2.03551 2.46051 33.3931
      vertex -1.68948 1.58652 33.5665
    endloop
  endfacet
  facet normal -0.11439 0.157439 0.980881
    outer loop
      vertex -1.71108 2.69623 33.3931
      vertex -2.03551 2.46051 33.3931
      vertex -1.47731 1.78576 33.5665
    endloop
  endfacet
  facet normal -0.0937512 0.170537 0.980881
    outer loop
      vertex -1.35966 2.88942 33.3931
      vertex -1.71108 2.69623 33.3931
      vertex -0.986797 2.09705 33.5665
    endloop
  endfacet
  facet normal -0.0716412 0.180941 0.980881
    outer loop
      vertex -0.986797 3.03705 33.3931
      vertex -1.35966 2.88942 33.3931
      vertex -0.986797 2.09705 33.5665
    endloop
  endfacet
  facet normal 0.0243856 0.193075 0.980881
    outer loop
      vertex 0.598372 3.13678 33.3931
      vertex 0.145525 2.31305 33.5665
      vertex 0.434279 2.27658 33.5665
    endloop
  endfacet
  facet normal 0.0159846 0.126559 0.99183
    outer loop
      vertex 0.434279 2.27658 33.5665
      vertex 0.145525 2.31305 33.5665
      vertex 0.263338 1.38047 33.6836
    endloop
  endfacet
  facet normal 0 0.127566 0.99183
    outer loop
      vertex 0.145525 2.31305 33.5665
      vertex -0.0882425 1.40259 33.6836
      vertex 0.0882425 1.40259 33.6836
    endloop
  endfacet
  facet normal 0 0.127566 0.99183
    outer loop
      vertex -0.0882425 1.40259 33.6836
      vertex 0.145525 2.31305 33.5665
      vertex -0.145525 2.31305 33.5665
    endloop
  endfacet
  facet normal 0.02439 0.193073 0.980881
    outer loop
      vertex 0.200511 3.18704 33.3931
      vertex 0.145525 2.31305 33.5665
      vertex 0.598372 3.13678 33.3931
    endloop
  endfacet
  facet normal -0.0317238 0.123557 0.99183
    outer loop
      vertex -0.434279 2.27658 33.5665
      vertex -0.434279 1.33658 33.6836
      vertex -0.263338 1.38047 33.6836
    endloop
  endfacet
  facet normal -0.0484027 0.188494 0.980881
    outer loop
      vertex -0.598372 3.13678 33.3931
      vertex -0.716186 2.20419 33.5665
      vertex -0.434279 2.27658 33.5665
    endloop
  endfacet
  facet normal -0.0483965 0.188493 0.980881
    outer loop
      vertex -0.598372 3.13678 33.3931
      vertex -0.986797 3.03705 33.3931
      vertex -0.716186 2.20419 33.5665
    endloop
  endfacet
  facet normal 0 0.0631384 0.998005
    outer loop
      vertex 0.0882425 1.40259 33.6836
      vertex -0.0295696 0.469999 33.7426
      vertex 0.0295696 0.469999 33.7426
    endloop
  endfacet
  facet normal 0 0.0631384 0.998005
    outer loop
      vertex -0.0295696 0.469999 33.7426
      vertex 0.0882425 1.40259 33.6836
      vertex -0.0882425 1.40259 33.6836
    endloop
  endfacet
  facet normal -0.0469604 0.118607 0.99183
    outer loop
      vertex -0.434279 1.33658 33.6836
      vertex -0.986797 2.09705 33.5665
      vertex -0.598372 1.27161 33.6836
    endloop
  endfacet
  facet normal -0.0614587 0.111784 0.99183
    outer loop
      vertex -0.598372 1.27161 33.6836
      vertex -0.986797 2.09705 33.5665
      vertex -0.753029 1.18658 33.6836
    endloop
  endfacet
  facet normal 0.0428705 0.339334 0.939689
    outer loop
      vertex 0.895809 4.696 32.8894
      vertex 0.30018 4.77125 32.8894
      vertex 0.753029 3.94752 33.1662
    endloop
  endfacet
  facet normal 0.0533481 0.422268 0.9049
    outer loop
      vertex 1.02446 5.37042 32.5671
      vertex 0.30018 4.77125 32.8894
      vertex 0.895809 4.696 32.8894
    endloop
  endfacet
  facet normal -0.0428705 0.339334 0.939689
    outer loop
      vertex -0.30018 4.77125 32.8894
      vertex -0.895809 4.696 32.8894
      vertex -0.753029 3.94752 33.1662
    endloop
  endfacet
  facet normal -0.0850576 0.331286 0.939689
    outer loop
      vertex -0.895809 4.696 32.8894
      vertex -1.47731 4.5467 32.8894
      vertex -0.753029 3.94752 33.1662
    endloop
  endfacet
  facet normal -0.00791322 0.0626405 0.998005
    outer loop
      vertex -0.0882425 1.40259 33.6836
      vertex -0.0882425 0.462587 33.7426
      vertex -0.0295696 0.469999 33.7426
    endloop
  endfacet
  facet normal -0.18127 0.705986 0.684635
    outer loop
      vertex -1.30667 6.84981 31.3805
      vertex -2.03095 6.25063 31.8066
      vertex -1.23153 6.45589 31.8066
    endloop
  endfacet
  facet normal -0.0913492 0.723139 0.684635
    outer loop
      vertex -0.412678 6.55933 31.8066
      vertex -1.30667 6.84981 31.3805
      vertex -1.23153 6.45589 31.8066
    endloop
  endfacet
  facet normal -0.404195 0.735229 0.544118
    outer loop
      vertex -3.09302 6.573 30.9326
      vertex -3.89245 6.13351 30.9326
      vertex -2.9691 6.30965 31.3805
    endloop
  endfacet
  facet normal -0.450221 0.818949 0.355842
    outer loop
      vertex -3.09302 6.573 30.9326
      vertex -3.98701 6.28253 30.47
      vertex -3.89245 6.13351 30.9326
    endloop
  endfacet
  facet normal -0.693215 0.225237 0.684632
    outer loop
      vertex -6.11077 2.41943 31.8066
      vertex -6.48363 2.56705 31.3805
      vertex -6.36582 1.63446 31.8066
    endloop
  endfacet
  facet normal -0.715978 0.136584 0.684632
    outer loop
      vertex -6.36582 1.63446 31.8066
      vertex -6.75424 1.73419 31.3805
      vertex -6.52048 0.823728 31.8066
    endloop
  endfacet
  facet normal -0.359367 0.228058 0.9049
    outer loop
      vertex -4.42311 3.21358 32.5671
      vertex -4.791 2.63387 32.5671
      vertex -4.18934 2.30311 32.8894
    endloop
  endfacet
  facet normal -0.523148 0.332002 0.784914
    outer loop
      vertex -5.3171 3.8631 31.8066
      vertex -5.75935 3.16623 31.8066
      vertex -5.3171 2.9231 32.2042
    endloop
  endfacet
  facet normal -0.615419 0.390559 0.684634
    outer loop
      vertex -5.3171 3.8631 31.8066
      vertex -6.11077 3.35942 31.3805
      vertex -5.75935 3.16623 31.8066
    endloop
  endfacet
  facet normal -0.759155 0.35723 0.544124
    outer loop
      vertex -6.36582 3.49964 30.9326
      vertex -6.48363 2.56705 31.3805
      vertex -6.11077 3.35942 31.3805
    endloop
  endfacet
  facet normal -0.164775 0.299724 0.939689
    outer loop
      vertex -2.03551 4.32569 32.8894
      vertex -2.15333 3.3931 33.1662
      vertex -1.71108 3.63623 33.1662
    endloop
  endfacet
  facet normal -0.190713 0.481675 0.855347
    outer loop
      vertex -1.875 5.77066 32.2042
      vertex -2.58347 5.49015 32.2042
      vertex -2.32785 4.94693 32.5671
    endloop
  endfacet
  facet normal -0.418087 0.0797527 0.904899
    outer loop
      vertex -5.2955 1.35965 32.5671
      vertex -5.42415 0.685229 32.5671
      vertex -4.63049 1.18891 32.8894
    endloop
  endfacet
  facet normal -0.418085 0.0797486 0.904901
    outer loop
      vertex -4.63049 1.18891 32.8894
      vertex -5.42415 0.685229 32.5671
      vertex -4.74298 0.599177 32.8894
    endloop
  endfacet
  facet normal -0.508877 0.0970715 0.855348
    outer loop
      vertex -5.2955 1.35965 32.5671
      vertex -5.877 1.50896 32.2042
      vertex -5.42415 0.685229 32.5671
    endloop
  endfacet
  facet normal -0.492697 0.16009 0.855349
    outer loop
      vertex -5.08333 2.01263 32.5671
      vertex -5.877 1.50896 32.2042
      vertex -5.2955 1.35965 32.5671
    endloop
  endfacet
  facet normal -0.498955 0.531332 0.684639
    outer loop
      vertex -4.44496 5.37304 31.3805
      vertex -5.08333 4.77357 31.3805
      vertex -4.18934 5.06404 31.8066
    endloop
  endfacet
  facet normal -0.428424 0.589679 0.684639
    outer loop
      vertex -3.73649 5.88777 31.3805
      vertex -4.44496 5.37304 31.3805
      vertex -4.18934 5.06404 31.8066
    endloop
  endfacet
  facet normal -0.560635 -0.263819 0.784913
    outer loop
      vertex -5.64154 -2.23364 32.2042
      vertex -6.11077 -2.41943 31.8066
      vertex -5.3171 -2.9231 32.2042
    endloop
  endfacet
  facet normal -0.560634 -0.263816 0.784914
    outer loop
      vertex -5.3171 -2.9231 32.2042
      vertex -6.11077 -2.41943 31.8066
      vertex -5.75935 -3.16623 31.8066
    endloop
  endfacet
  facet normal -0.204621 -0.169276 0.964093
    outer loop
      vertex -2.58347 -1.877 33.3931
      vertex -3.2512 -2.36213 33.1662
      vertex -2.92951 -2.75099 33.1662
    endloop
  endfacet
  facet normal -0.26354 -0.218017 0.939689
    outer loop
      vertex -3.2512 -2.36213 33.1662
      vertex -3.48497 -3.2726 32.8894
      vertex -2.92951 -2.75099 33.1662
    endloop
  endfacet
  facet normal 0.0716381 0.180941 0.980881
    outer loop
      vertex 0.986797 3.03705 33.3931
      vertex 0.716186 2.20419 33.5665
      vertex 0.986797 2.09705 33.5665
    endloop
  endfacet
  facet normal 0.0977619 0.246913 0.964094
    outer loop
      vertex 1.71108 3.63623 33.1662
      vertex 0.986797 3.03705 33.3931
      vertex 1.35966 2.88942 33.3931
    endloop
  endfacet
  facet normal 0.0332829 0.26347 0.964093
    outer loop
      vertex 0.252336 4.01077 33.1662
      vertex 0.200511 3.18704 33.3931
      vertex 0.598372 3.13678 33.3931
    endloop
  endfacet
  facet normal 0 0.342029 0.939689
    outer loop
      vertex 0.30018 4.77125 32.8894
      vertex -0.252336 4.01077 33.1662
      vertex 0.252336 4.01077 33.1662
    endloop
  endfacet
  facet normal 0 0.342029 0.939689
    outer loop
      vertex -0.252336 4.01077 33.1662
      vertex 0.30018 4.77125 32.8894
      vertex -0.30018 4.77125 32.8894
    endloop
  endfacet
  facet normal 0.121321 -0.0394218 0.99183
    outer loop
      vertex 1.36121 -0.349499 33.6836
      vertex 1.30667 -0.517347 33.6836
      vertex 2.24481 -0.57637 33.5665
    endloop
  endfacet
  facet normal 0.0600481 -0.0195118 0.998005
    outer loop
      vertex 1.36121 -0.349499 33.6836
      vertex 0.437859 -0.17336 33.7426
      vertex 1.30667 -0.517347 33.6836
    endloop
  endfacet
  facet normal 0.115426 -0.0543122 0.99183
    outer loop
      vertex 1.30667 -0.517347 33.6836
      vertex 1.23153 -0.677037 33.6836
      vertex 2.03095 -1.11652 33.5665
    endloop
  endfacet
  facet normal 0.0571301 -0.0268818 0.998005
    outer loop
      vertex 1.30667 -0.517347 33.6836
      vertex 0.437859 -0.17336 33.7426
      vertex 1.23153 -0.677037 33.6836
    endloop
  endfacet
  facet normal 0.298494 -0.54297 0.784911
    outer loop
      vertex 3.2512 -5.12307 32.2042
      vertex 2.58347 -5.49015 32.2042
      vertex 3.52161 -5.54918 31.8066
    endloop
  endfacet
  facet normal 0.249568 -0.453972 0.855351
    outer loop
      vertex 2.92951 -4.61616 32.5671
      vertex 2.58347 -5.49015 32.2042
      vertex 3.2512 -5.12307 32.2042
    endloop
  endfacet
  facet normal -0.0432214 -0.046026 0.998005
    outer loop
      vertex -0.343292 -0.322372 33.7426
      vertex -0.895809 -1.08285 33.6836
      vertex -0.30018 -0.362857 33.7426
    endloop
  endfacet
  facet normal -0.00791344 0.0626405 0.998005
    outer loop
      vertex -0.0882425 1.40259 33.6836
      vertex -0.263338 1.38047 33.6836
      vertex -0.0882425 0.462587 33.7426
    endloop
  endfacet
  facet normal -0.0157013 0.061155 0.998005
    outer loop
      vertex -0.0882425 0.462587 33.7426
      vertex -0.434279 1.33658 33.6836
      vertex -0.145525 0.44788 33.7426
    endloop
  endfacet
  facet normal -0.114392 0.157439 0.980881
    outer loop
      vertex -1.24185 1.95684 33.5665
      vertex -1.71108 2.69623 33.3931
      vertex -1.47731 1.78576 33.5665
    endloop
  endfacet
  facet normal -0.0749824 0.103199 0.99183
    outer loop
      vertex -1.24185 1.95684 33.5665
      vertex -1.47731 1.78576 33.5665
      vertex -0.753029 1.18658 33.6836
    endloop
  endfacet
  facet normal -0.354633 0.377638 0.855351
    outer loop
      vertex -3.48497 4.2126 32.5671
      vertex -4.42311 4.15358 32.2042
      vertex -3.98546 3.7426 32.5671
    endloop
  endfacet
  facet normal -0.133217 0.141864 0.980881
    outer loop
      vertex -2.03551 2.46051 33.3931
      vertex -2.32785 2.18599 33.3931
      vertex -1.68948 1.58652 33.5665
    endloop
  endfacet
  facet normal 0.00791344 0.0626405 0.998005
    outer loop
      vertex 0.0882425 1.40259 33.6836
      vertex 0.0882425 0.462587 33.7426
      vertex 0.263338 1.38047 33.6836
    endloop
  endfacet
  facet normal 0.0157018 0.0611548 0.998005
    outer loop
      vertex 0.263338 1.38047 33.6836
      vertex 0.0882425 0.462587 33.7426
      vertex 0.434279 1.33658 33.6836
    endloop
  endfacet
  facet normal -0.0332828 0.26347 0.964093
    outer loop
      vertex -0.252336 4.01077 33.1662
      vertex -0.753029 3.94752 33.1662
      vertex -0.598372 3.13678 33.3931
    endloop
  endfacet
  facet normal -0.0332829 0.26347 0.964093
    outer loop
      vertex -0.252336 4.01077 33.1662
      vertex -0.598372 3.13678 33.3931
      vertex -0.200511 3.18704 33.3931
    endloop
  endfacet
  facet normal -0.561619 0.464608 0.684634
    outer loop
      vertex -5.08333 4.77357 31.3805
      vertex -5.3171 3.8631 31.8066
      vertex -4.791 4.49905 31.8066
    endloop
  endfacet
  facet normal -0.561608 0.464609 0.684642
    outer loop
      vertex -5.08333 4.77357 31.3805
      vertex -5.64154 4.09882 31.3805
      vertex -5.3171 3.8631 31.8066
    endloop
  endfacet
  facet normal -0.156684 0.395732 0.904901
    outer loop
      vertex -1.47731 4.5467 32.8894
      vertex -2.32785 4.94693 32.5671
      vertex -2.03551 4.32569 32.8894
    endloop
  endfacet
  facet normal -0.250173 0.344339 0.9049
    outer loop
      vertex -2.92951 4.61616 32.5671
      vertex -3.48497 4.2126 32.5671
      vertex -2.56162 4.03646 32.8894
    endloop
  endfacet
  facet normal -0.249568 0.453972 0.855351
    outer loop
      vertex -2.58347 5.49015 32.2042
      vertex -3.2512 5.12307 32.2042
      vertex -2.92951 4.61616 32.5671
    endloop
  endfacet
  facet normal -0.304503 0.41911 0.855351
    outer loop
      vertex -3.2512 5.12307 32.2042
      vertex -3.86765 4.67519 32.2042
      vertex -2.92951 4.61616 32.5671
    endloop
  endfacet
  facet normal -0.354632 0.377646 0.855348
    outer loop
      vertex -3.86765 4.67519 32.2042
      vertex -4.42311 4.15358 32.2042
      vertex -3.48497 4.2126 32.5671
    endloop
  endfacet
  facet normal -0.424148 0.451677 0.784911
    outer loop
      vertex -4.18934 5.06404 31.8066
      vertex -4.791 4.49905 31.8066
      vertex -4.42311 4.15358 32.2042
    endloop
  endfacet
  facet normal -0.437408 0.277584 0.855349
    outer loop
      vertex -4.42311 3.21358 32.5671
      vertex -5.3171 2.9231 32.2042
      vertex -4.791 2.63387 32.5671
    endloop
  endfacet
  facet normal -0.309478 0.145627 0.939689
    outer loop
      vertex -4.18934 2.30311 32.8894
      vertex -4.44496 1.75988 32.8894
      vertex -3.52161 1.93602 33.1662
    endloop
  endfacet
  facet normal -0.492694 -0.160084 0.855351
    outer loop
      vertex -5.08333 -2.01263 32.5671
      vertex -5.877 -1.50896 32.2042
      vertex -5.64154 -2.23364 32.2042
    endloop
  endfacet
  facet normal -0.589281 -0.191467 0.784913
    outer loop
      vertex -5.877 -1.50896 32.2042
      vertex -6.36582 -1.63446 31.8066
      vertex -5.64154 -2.23364 32.2042
    endloop
  endfacet
  facet normal 0.0716412 0.180941 0.980881
    outer loop
      vertex 0.986797 3.03705 33.3931
      vertex 0.986797 2.09705 33.5665
      vertex 1.35966 2.88942 33.3931
    endloop
  endfacet
  facet normal 0.0937512 0.170537 0.980881
    outer loop
      vertex 1.35966 2.88942 33.3931
      vertex 0.986797 2.09705 33.5665
      vertex 1.71108 2.69623 33.3931
    endloop
  endfacet
  facet normal 0.0533096 -0.0338312 0.998005
    outer loop
      vertex 0.412678 -0.226871 33.7426
      vertex 0.380989 -0.276805 33.7426
      vertex 1.23153 -0.677037 33.6836
    endloop
  endfacet
  facet normal -0.659517 0.310344 0.684634
    outer loop
      vertex -6.11077 3.35942 31.3805
      vertex -6.48363 2.56705 31.3805
      vertex -5.75935 3.16623 31.8066
    endloop
  endfacet
  facet normal -0.659518 0.310348 0.684631
    outer loop
      vertex -5.75935 3.16623 31.8066
      vertex -6.48363 2.56705 31.3805
      vertex -6.11077 2.41943 31.8066
    endloop
  endfacet
  facet normal -0.291364 0.310265 0.904899
    outer loop
      vertex -3.48497 4.2126 32.5671
      vertex -3.98546 3.7426 32.5671
      vertex -3.48497 3.2726 32.8894
    endloop
  endfacet
  facet normal -0.205045 0.372978 0.9049
    outer loop
      vertex -2.03551 4.32569 32.8894
      vertex -2.92951 4.61616 32.5671
      vertex -2.56162 4.03646 32.8894
    endloop
  endfacet
  facet normal -0.364199 0.501273 0.784911
    outer loop
      vertex -3.52161 5.54918 31.8066
      vertex -3.86765 4.67519 32.2042
      vertex -3.2512 5.12307 32.2042
    endloop
  endfacet
  facet normal -0.364201 0.501273 0.784909
    outer loop
      vertex -3.52161 5.54918 31.8066
      vertex -4.18934 5.06404 31.8066
      vertex -3.86765 4.67519 32.2042
    endloop
  endfacet
  facet normal -0.205047 0.372974 0.904901
    outer loop
      vertex -2.32785 4.94693 32.5671
      vertex -2.92951 4.61616 32.5671
      vertex -2.03551 4.32569 32.8894
    endloop
  endfacet
  facet normal -0.249578 0.453975 0.855347
    outer loop
      vertex -2.58347 5.49015 32.2042
      vertex -2.92951 4.61616 32.5671
      vertex -2.32785 4.94693 32.5671
    endloop
  endfacet
  facet normal -0.477417 0.394947 0.784914
    outer loop
      vertex -4.42311 4.15358 32.2042
      vertex -5.3171 3.8631 31.8066
      vertex -4.90881 3.56646 32.2042
    endloop
  endfacet
  facet normal -0.523149 0.332002 0.784914
    outer loop
      vertex -5.3171 3.8631 31.8066
      vertex -5.3171 2.9231 32.2042
      vertex -4.90881 3.56646 32.2042
    endloop
  endfacet
  facet normal -0.234135 0.24933 0.939689
    outer loop
      vertex -2.56162 3.09646 33.1662
      vertex -3.48497 3.2726 32.8894
      vertex -2.92951 2.75099 33.1662
    endloop
  endfacet
  facet normal -0.46875 0.220574 0.855348
    outer loop
      vertex -4.791 2.63387 32.5671
      vertex -5.3171 2.9231 32.2042
      vertex -5.08333 2.01263 32.5671
    endloop
  endfacet
  facet normal -0.204621 0.169276 0.964093
    outer loop
      vertex -2.92951 2.75099 33.1662
      vertex -3.2512 2.36213 33.1662
      vertex -2.58347 1.877 33.3931
    endloop
  endfacet
  facet normal -0.263542 0.218017 0.939688
    outer loop
      vertex -3.48497 3.2726 32.8894
      vertex -3.86765 2.81001 32.8894
      vertex -3.2512 2.36213 33.1662
    endloop
  endfacet
  facet normal -0.359363 0.22806 0.904902
    outer loop
      vertex -3.86765 2.81001 32.8894
      vertex -4.42311 3.21358 32.5671
      vertex -4.18934 2.30311 32.8894
    endloop
  endfacet
  facet normal -0.26354 0.218017 0.939689
    outer loop
      vertex -2.92951 2.75099 33.1662
      vertex -3.48497 3.2726 32.8894
      vertex -3.2512 2.36213 33.1662
    endloop
  endfacet
  facet normal -0.164774 0.299724 0.939689
    outer loop
      vertex -2.03551 4.32569 32.8894
      vertex -2.56162 4.03646 32.8894
      vertex -2.15333 3.3931 33.1662
    endloop
  endfacet
  facet normal -0.125911 0.318012 0.939689
    outer loop
      vertex -1.47731 4.5467 32.8894
      vertex -2.03551 4.32569 32.8894
      vertex -1.71108 3.63623 33.1662
    endloop
  endfacet
  facet normal -0.399161 0.33022 0.855351
    outer loop
      vertex -4.42311 4.15358 32.2042
      vertex -4.42311 3.21358 32.5671
      vertex -3.98546 3.7426 32.5671
    endloop
  endfacet
  facet normal -0.385116 0.18122 0.9049
    outer loop
      vertex -4.791 2.63387 32.5671
      vertex -5.08333 2.01263 32.5671
      vertex -4.18934 2.30311 32.8894
    endloop
  endfacet
  facet normal -0.181789 0.193587 0.964094
    outer loop
      vertex -2.56162 3.09646 33.1662
      vertex -2.92951 2.75099 33.1662
      vertex -2.03551 2.46051 33.3931
    endloop
  endfacet
  facet normal -0.156097 0.214842 0.964094
    outer loop
      vertex -1.71108 2.69623 33.3931
      vertex -2.56162 3.09646 33.1662
      vertex -2.03551 2.46051 33.3931
    endloop
  endfacet
  facet normal -0.28879 0.183266 0.939688
    outer loop
      vertex -3.2512 2.36213 33.1662
      vertex -3.86765 2.81001 32.8894
      vertex -3.52161 1.93602 33.1662
    endloop
  endfacet
  facet normal -0.224225 0.142294 0.964093
    outer loop
      vertex -3.2512 2.36213 33.1662
      vertex -3.52161 1.93602 33.1662
      vertex -2.58347 1.877 33.3931
    endloop
  endfacet
  facet normal -0.399172 0.330218 0.855346
    outer loop
      vertex -4.42311 4.15358 32.2042
      vertex -4.90881 3.56646 32.2042
      vertex -4.42311 3.21358 32.5671
    endloop
  endfacet
  facet normal -0.437409 0.277589 0.855346
    outer loop
      vertex -4.90881 3.56646 32.2042
      vertex -5.3171 2.9231 32.2042
      vertex -4.42311 3.21358 32.5671
    endloop
  endfacet
  facet normal -0.20104 0.276708 0.939689
    outer loop
      vertex -2.56162 4.03646 32.8894
      vertex -2.56162 3.09646 33.1662
      vertex -2.15333 3.3931 33.1662
    endloop
  endfacet
  facet normal -0.156095 0.214846 0.964093
    outer loop
      vertex -2.15333 3.3931 33.1662
      vertex -2.56162 3.09646 33.1662
      vertex -1.71108 2.69623 33.3931
    endloop
  endfacet
  facet normal -0.291358 0.310266 0.904901
    outer loop
      vertex -3.48497 4.2126 32.5671
      vertex -3.48497 3.2726 32.8894
      vertex -3.04732 3.68358 32.8894
    endloop
  endfacet
  facet normal -0.234136 0.249329 0.939689
    outer loop
      vertex -3.04732 3.68358 32.8894
      vertex -3.48497 3.2726 32.8894
      vertex -2.56162 3.09646 33.1662
    endloop
  endfacet
  facet normal -0.201039 0.276708 0.939689
    outer loop
      vertex -2.56162 4.03646 32.8894
      vertex -3.04732 3.68358 32.8894
      vertex -2.56162 3.09646 33.1662
    endloop
  endfacet
  facet normal -0.250174 0.344337 0.904901
    outer loop
      vertex -2.56162 4.03646 32.8894
      vertex -3.48497 4.2126 32.5671
      vertex -3.04732 3.68358 32.8894
    endloop
  endfacet
  facet normal 0.248653 -0.968593 0
    outer loop
      vertex 1.40536 -7.36715 0
      vertex 1.6302 -7.30943 30
      vertex 1.40536 -7.36715 30
    endloop
  endfacet
  facet normal 0.248653 -0.968593 0
    outer loop
      vertex 1.6302 -7.30943 30
      vertex 1.40536 -7.36715 0
      vertex 1.6302 -7.30943 0
    endloop
  endfacet
  facet normal 0.982291 0.187363 0
    outer loop
      vertex 7.37436 1.28858 30
      vertex 7.30918 1.6303 0
      vertex 7.30918 1.6303 30
    endloop
  endfacet
  facet normal 0.982291 0.187363 0
    outer loop
      vertex 7.30918 1.6303 0
      vertex 7.37436 1.28858 30
      vertex 7.37436 1.28858 0
    endloop
  endfacet
  facet normal -0.982291 -0.187363 0
    outer loop
      vertex -7.30918 -1.6303 0
      vertex -7.37436 -1.28858 30
      vertex -7.37436 -1.28858 0
    endloop
  endfacet
  facet normal -0.982291 -0.187363 0
    outer loop
      vertex -7.37436 -1.28858 30
      vertex -7.30918 -1.6303 0
      vertex -7.30918 -1.6303 30
    endloop
  endfacet
  facet normal -0.248653 -0.968593 0
    outer loop
      vertex -1.6302 -7.30943 0
      vertex -1.40536 -7.36715 30
      vertex -1.6302 -7.30943 30
    endloop
  endfacet
  facet normal -0.248653 -0.968593 -0
    outer loop
      vertex -1.40536 -7.36715 30
      vertex -1.6302 -7.30943 0
      vertex -1.40536 -7.36715 0
    endloop
  endfacet
  facet normal -0.125355 -0.992112 0
    outer loop
      vertex -1.40536 -7.36715 0
      vertex -1.29527 -7.38106 30
      vertex -1.40536 -7.36715 30
    endloop
  endfacet
  facet normal -0.125355 -0.992112 -0
    outer loop
      vertex -1.29527 -7.38106 30
      vertex -1.40536 -7.36715 0
      vertex -1.29527 -7.38106 0
    endloop
  endfacet
  facet normal 0.125355 -0.992112 0
    outer loop
      vertex 1.29527 -7.38106 0
      vertex 1.40536 -7.36715 30
      vertex 1.29527 -7.38106 30
    endloop
  endfacet
  facet normal 0.125355 -0.992112 0
    outer loop
      vertex 1.40536 -7.36715 30
      vertex 1.29527 -7.38106 0
      vertex 1.40536 -7.36715 0
    endloop
  endfacet
  facet normal -0.125355 0.992112 0
    outer loop
      vertex -1.29527 7.38106 0
      vertex -1.40536 7.36715 30
      vertex -1.29527 7.38106 30
    endloop
  endfacet
  facet normal -0.125355 0.992112 0
    outer loop
      vertex -1.40536 7.36715 30
      vertex -1.29527 7.38106 0
      vertex -1.40536 7.36715 0
    endloop
  endfacet
  facet normal -0 0 -1
    outer loop
      vertex -0.950227 -2.9245 0
      vertex -4.02747 -6.32609 0
      vertex -1.80744 -2.48773 0
    endloop
  endfacet
  facet normal 0 0 -1
    outer loop
      vertex -4.3033 -6.12568 0
      vertex -1.80744 -2.48773 0
      vertex -4.02747 -6.32609 0
    endloop
  endfacet
  facet normal -0 0 -1
    outer loop
      vertex -1.80744 -2.48773 0
      vertex -4.3033 -6.12568 0
      vertex -2.48773 -1.80744 0
    endloop
  endfacet
  facet normal 0 0 -1
    outer loop
      vertex -4.02747 -6.32609 0
      vertex -1.6302 -7.30943 0
      vertex -3.41132 -8.23566 0
    endloop
  endfacet
  facet normal 0 0 -1
    outer loop
      vertex -3.41132 -8.23566 0
      vertex -1.6302 -7.30943 0
      vertex -1.56356 -7.47029 0
    endloop
  endfacet
  facet normal 0 0 -1
    outer loop
      vertex 0 -8.91421 0
      vertex 1.29527 -7.38106 0
      vertex 1.41421 -7.5 0
    endloop
  endfacet
  facet normal 0 0 -1
    outer loop
      vertex -1.29527 -7.38106 0
      vertex 1.29527 -7.38106 0
      vertex 0 -8.91421 0
    endloop
  endfacet
  facet normal 0 -0 -1
    outer loop
      vertex 0 -3.075 0
      vertex 1.29527 -7.38106 0
      vertex -1.29527 -7.38106 0
    endloop
  endfacet
  facet normal 0 0 -1
    outer loop
      vertex 1.29527 -7.38106 0
      vertex 0 -3.075 0
      vertex 0.950227 -2.9245 0
    endloop
  endfacet
  facet normal -0 0 -1
    outer loop
      vertex 0 -3.075 0
      vertex -1.29527 -7.38106 0
      vertex -0.950227 -2.9245 0
    endloop
  endfacet
  facet normal 0 -0 -1
    outer loop
      vertex -1.29527 -7.38106 0
      vertex 0 -8.91421 0
      vertex -1.41421 -7.5 0
    endloop
  endfacet
  facet normal 0 0 -1
    outer loop
      vertex 1.6302 -7.30943 0
      vertex 4.02747 -6.32609 0
      vertex 3.41132 -8.23566 0
    endloop
  endfacet
  facet normal 0 0 -1
    outer loop
      vertex 3.41132 -8.23566 0
      vertex 4.02747 -6.32609 0
      vertex 4.17669 -6.3879 0
    endloop
  endfacet
  facet normal 0 0 -1
    outer loop
      vertex 4.02747 -6.32609 0
      vertex 4.3033 6.12568 0
      vertex 4.3033 -6.12568 0
    endloop
  endfacet
  facet normal -0 0 -1
    outer loop
      vertex 4.3033 6.12568 0
      vertex 4.02747 -6.32609 0
      vertex 4.02747 6.32609 0
    endloop
  endfacet
  facet normal 0 0 -1
    outer loop
      vertex 6.3033 -6.3033 0
      vertex 6.13432 -4.3033 0
      vertex 6.3033 -4.3033 0
    endloop
  endfacet
  facet normal 0 0 -1
    outer loop
      vertex 6.3033 -6.3033 0
      vertex 4.3033 -6.12568 0
      vertex 6.13432 -4.3033 0
    endloop
  endfacet
  facet normal 0 0 -1
    outer loop
      vertex 4.3033 -6.12568 0
      vertex 6.3033 -6.3033 0
      vertex 4.3033 -6.3033 0
    endloop
  endfacet
  facet normal 0 0 -1
    outer loop
      vertex 8.23566 -3.41132 0
      vertex 7.30918 -1.6303 0
      vertex 7.47029 -1.56356 0
    endloop
  endfacet
  facet normal -0 0 -1
    outer loop
      vertex 8.23566 -3.41132 0
      vertex 6.31949 -4.01152 0
      vertex 7.30918 -1.6303 0
    endloop
  endfacet
  facet normal 0 0 -1
    outer loop
      vertex 6.31949 -4.01152 0
      vertex 8.23566 -3.41132 0
      vertex 6.3879 -4.17669 0
    endloop
  endfacet
  facet normal 0 0 -1
    outer loop
      vertex 7.37436 -1.28858 0
      vertex 8.91421 0 0
      vertex 7.5 -1.41421 0
    endloop
  endfacet
  facet normal 0 0 -1
    outer loop
      vertex 7.37436 1.28858 0
      vertex 8.91421 0 0
      vertex 7.37436 -1.28858 0
    endloop
  endfacet
  facet normal 0 0 -1
    outer loop
      vertex 8.91421 0 0
      vertex 7.37436 1.28858 0
      vertex 7.5 1.41421 0
    endloop
  endfacet
  facet normal 0 0 -1
    outer loop
      vertex 7.30918 -1.6303 0
      vertex 7.37436 1.28858 0
      vertex 7.37436 -1.28858 0
    endloop
  endfacet
  facet normal -0 0 -1
    outer loop
      vertex 7.37436 1.28858 0
      vertex 7.30918 -1.6303 0
      vertex 7.30918 1.6303 0
    endloop
  endfacet
  facet normal 0 0 -1
    outer loop
      vertex 7.30918 1.6303 0
      vertex 8.23566 3.41132 0
      vertex 7.47029 1.56356 0
    endloop
  endfacet
  facet normal 0 0 -1
    outer loop
      vertex 6.31949 4.01152 0
      vertex 8.23566 3.41132 0
      vertex 7.30918 1.6303 0
    endloop
  endfacet
  facet normal -0 0 -1
    outer loop
      vertex 7.30918 -1.6303 0
      vertex 6.31949 -4.01152 0
      vertex 7.30918 1.6303 0
    endloop
  endfacet
  facet normal 0 0 -1
    outer loop
      vertex 6.31949 4.01152 0
      vertex 7.30918 1.6303 0
      vertex 6.31949 -4.01152 0
    endloop
  endfacet
  facet normal 0 0 -1
    outer loop
      vertex 8.23566 3.41132 0
      vertex 6.31949 4.01152 0
      vertex 6.3879 4.17669 0
    endloop
  endfacet
  facet normal 0 0 -1
    outer loop
      vertex 6.13432 -4.3033 0
      vertex 6.31949 4.01152 0
      vertex 6.31949 -4.01152 0
    endloop
  endfacet
  facet normal -0 0 -1
    outer loop
      vertex 6.31949 4.01152 0
      vertex 6.13432 -4.3033 0
      vertex 6.13432 4.3033 0
    endloop
  endfacet
  facet normal 0 0 -1
    outer loop
      vertex 6.13432 4.3033 0
      vertex 6.3033 6.3033 0
      vertex 6.3033 4.3033 0
    endloop
  endfacet
  facet normal -0 0 -1
    outer loop
      vertex 6.13432 -4.3033 0
      vertex 4.3033 -6.12568 0
      vertex 6.13432 4.3033 0
    endloop
  endfacet
  facet normal 0 0 -1
    outer loop
      vertex 4.3033 6.12568 0
      vertex 6.13432 4.3033 0
      vertex 4.3033 -6.12568 0
    endloop
  endfacet
  facet normal 0 0 -1
    outer loop
      vertex 6.13432 4.3033 0
      vertex 4.3033 6.12568 0
      vertex 6.3033 6.3033 0
    endloop
  endfacet
  facet normal -0 0 -1
    outer loop
      vertex 6.3033 6.3033 0
      vertex 4.3033 6.12568 0
      vertex 4.3033 6.3033 0
    endloop
  endfacet
  facet normal 0 0 -1
    outer loop
      vertex 4.02747 6.32609 0
      vertex 3.41132 8.23566 0
      vertex 4.17669 6.3879 0
    endloop
  endfacet
  facet normal 0 0 -1
    outer loop
      vertex 4.02747 -6.32609 0
      vertex 3.075 0 0
      vertex 4.02747 6.32609 0
    endloop
  endfacet
  facet normal 0 0 -1
    outer loop
      vertex 2.9245 0.950227 0
      vertex 4.02747 6.32609 0
      vertex 3.075 0 0
    endloop
  endfacet
  facet normal 0 0 -1
    outer loop
      vertex 4.02747 -6.32609 0
      vertex 2.9245 -0.950227 0
      vertex 3.075 0 0
    endloop
  endfacet
  facet normal 0 0 -1
    outer loop
      vertex 4.02747 -6.32609 0
      vertex 2.48773 -1.80744 0
      vertex 2.9245 -0.950227 0
    endloop
  endfacet
  facet normal 0 0 -1
    outer loop
      vertex 4.02747 -6.32609 0
      vertex 1.80744 -2.48773 0
      vertex 2.48773 -1.80744 0
    endloop
  endfacet
  facet normal 0 0 -1
    outer loop
      vertex 0.950227 -2.9245 0
      vertex 4.02747 -6.32609 0
      vertex 1.6302 -7.30943 0
    endloop
  endfacet
  facet normal 0 -0 -1
    outer loop
      vertex 1.6302 -7.30943 0
      vertex 3.41132 -8.23566 0
      vertex 1.56356 -7.47029 0
    endloop
  endfacet
  facet normal -0 0 -1
    outer loop
      vertex 4.02747 6.32609 0
      vertex 0.950227 2.9245 0
      vertex 1.6302 7.30943 0
    endloop
  endfacet
  facet normal 0 -0 -1
    outer loop
      vertex 1.29527 7.38106 0
      vertex 1.6302 7.30943 0
      vertex 0.950227 2.9245 0
    endloop
  endfacet
  facet normal 0 0 -1
    outer loop
      vertex 1.6302 7.30943 0
      vertex 1.29527 7.38106 0
      vertex 1.40536 7.36715 0
    endloop
  endfacet
  facet normal 0 0 -1
    outer loop
      vertex 2.48773 1.80744 0
      vertex 4.02747 6.32609 0
      vertex 2.9245 0.950227 0
    endloop
  endfacet
  facet normal 0 0 -1
    outer loop
      vertex 1.80744 2.48773 0
      vertex 4.02747 6.32609 0
      vertex 2.48773 1.80744 0
    endloop
  endfacet
  facet normal 0 0 -1
    outer loop
      vertex 0.950227 2.9245 0
      vertex 4.02747 6.32609 0
      vertex 1.80744 2.48773 0
    endloop
  endfacet
  facet normal 0 0 -1
    outer loop
      vertex 4.02747 6.32609 0
      vertex 1.6302 7.30943 0
      vertex 3.41132 8.23566 0
    endloop
  endfacet
  facet normal 0 0 -1
    outer loop
      vertex 3.41132 8.23566 0
      vertex 1.6302 7.30943 0
      vertex 1.56356 7.47029 0
    endloop
  endfacet
  facet normal 0 0 -1
    outer loop
      vertex 1.29527 -7.38106 0
      vertex 1.6302 -7.30943 0
      vertex 1.40536 -7.36715 0
    endloop
  endfacet
  facet normal -0 0 -1
    outer loop
      vertex 1.6302 -7.30943 0
      vertex 1.29527 -7.38106 0
      vertex 0.950227 -2.9245 0
    endloop
  endfacet
  facet normal 0 0 -1
    outer loop
      vertex 4.02747 -6.32609 0
      vertex 0.950227 -2.9245 0
      vertex 1.80744 -2.48773 0
    endloop
  endfacet
  facet normal 0 0 -1
    outer loop
      vertex 0 3.075 0
      vertex 1.29527 7.38106 0
      vertex 0.950227 2.9245 0
    endloop
  endfacet
  facet normal 0 0 -1
    outer loop
      vertex 1.29527 7.38106 0
      vertex 0 8.91421 0
      vertex 1.41421 7.5 0
    endloop
  endfacet
  facet normal 0 0 -1
    outer loop
      vertex -1.29527 7.38106 0
      vertex 1.29527 7.38106 0
      vertex 0 3.075 0
    endloop
  endfacet
  facet normal 0 0 -1
    outer loop
      vertex -1.29527 7.38106 0
      vertex 0 3.075 0
      vertex -0.950227 2.9245 0
    endloop
  endfacet
  facet normal 0 0 -1
    outer loop
      vertex 1.29527 7.38106 0
      vertex -1.29527 7.38106 0
      vertex 0 8.91421 0
    endloop
  endfacet
  facet normal 0 0 -1
    outer loop
      vertex 0 8.91421 0
      vertex -1.29527 7.38106 0
      vertex -1.41421 7.5 0
    endloop
  endfacet
  facet normal 0 0 -1
    outer loop
      vertex -1.6302 7.30943 0
      vertex -1.29527 7.38106 0
      vertex -0.950227 2.9245 0
    endloop
  endfacet
  facet normal 0 0 -1
    outer loop
      vertex -1.29527 7.38106 0
      vertex -1.6302 7.30943 0
      vertex -1.40536 7.36715 0
    endloop
  endfacet
  facet normal 0 0 -1
    outer loop
      vertex -4.02747 6.32609 0
      vertex -0.950227 2.9245 0
      vertex -1.80744 2.48773 0
    endloop
  endfacet
  facet normal 0 0 -1
    outer loop
      vertex -1.6302 -7.30943 0
      vertex -1.29527 -7.38106 0
      vertex -1.40536 -7.36715 0
    endloop
  endfacet
  facet normal 0 0 -1
    outer loop
      vertex -1.29527 -7.38106 0
      vertex -1.6302 -7.30943 0
      vertex -0.950227 -2.9245 0
    endloop
  endfacet
  facet normal 0 0 -1
    outer loop
      vertex -4.02747 -6.32609 0
      vertex -0.950227 -2.9245 0
      vertex -1.6302 -7.30943 0
    endloop
  endfacet
  facet normal 0 0 -1
    outer loop
      vertex -4.3033 6.12568 0
      vertex -1.80744 2.48773 0
      vertex -2.48773 1.80744 0
    endloop
  endfacet
  facet normal 0 0 -1
    outer loop
      vertex -6.31949 4.01152 0
      vertex -2.48773 1.80744 0
      vertex -2.9245 0.950227 0
    endloop
  endfacet
  facet normal 0 0 -1
    outer loop
      vertex -1.6302 7.30943 0
      vertex -3.41132 8.23566 0
      vertex -1.56356 7.47029 0
    endloop
  endfacet
  facet normal 0 0 -1
    outer loop
      vertex -0.950227 2.9245 0
      vertex -4.02747 6.32609 0
      vertex -1.6302 7.30943 0
    endloop
  endfacet
  facet normal 0 0 -1
    outer loop
      vertex -7.37436 1.28858 0
      vertex -2.9245 0.950227 0
      vertex -3.075 0 0
    endloop
  endfacet
  facet normal 0 0 -1
    outer loop
      vertex -6.13432 -4.3033 0
      vertex -2.48773 -1.80744 0
      vertex -4.3033 -6.12568 0
    endloop
  endfacet
  facet normal 0 0 -1
    outer loop
      vertex -6.31949 -4.01152 0
      vertex -2.48773 -1.80744 0
      vertex -6.13432 -4.3033 0
    endloop
  endfacet
  facet normal 0 -0 -1
    outer loop
      vertex -4.02747 -6.32609 0
      vertex -3.41132 -8.23566 0
      vertex -4.17669 -6.3879 0
    endloop
  endfacet
  facet normal -0 0 -1
    outer loop
      vertex -2.48773 -1.80744 0
      vertex -6.31949 -4.01152 0
      vertex -2.9245 -0.950227 0
    endloop
  endfacet
  facet normal 0 0 -1
    outer loop
      vertex -1.80744 2.48773 0
      vertex -4.3033 6.12568 0
      vertex -4.02747 6.32609 0
    endloop
  endfacet
  facet normal -0 0 -1
    outer loop
      vertex -1.6302 7.30943 0
      vertex -4.02747 6.32609 0
      vertex -3.41132 8.23566 0
    endloop
  endfacet
  facet normal 0 0 -1
    outer loop
      vertex -3.41132 8.23566 0
      vertex -4.02747 6.32609 0
      vertex -4.17669 6.3879 0
    endloop
  endfacet
  facet normal 0 0 -1
    outer loop
      vertex -7.37436 1.28858 0
      vertex -3.075 0 0
      vertex -7.37436 -1.28858 0
    endloop
  endfacet
  facet normal 0 0 -1
    outer loop
      vertex -2.9245 0.950227 0
      vertex -7.37436 1.28858 0
      vertex -7.30918 1.6303 0
    endloop
  endfacet
  facet normal 0 0 -1
    outer loop
      vertex -8.91421 0 0
      vertex -7.37436 -1.28858 0
      vertex -7.5 -1.41421 0
    endloop
  endfacet
  facet normal 0 0 -1
    outer loop
      vertex -7.37436 -1.28858 0
      vertex -8.91421 0 0
      vertex -7.37436 1.28858 0
    endloop
  endfacet
  facet normal -0 0 -1
    outer loop
      vertex -7.37436 1.28858 0
      vertex -8.91421 0 0
      vertex -7.5 1.41421 0
    endloop
  endfacet
  facet normal 0 0 -1
    outer loop
      vertex -2.48773 1.80744 0
      vertex -6.31949 4.01152 0
      vertex -6.13432 4.3033 0
    endloop
  endfacet
  facet normal 0 0 -1
    outer loop
      vertex -2.48773 1.80744 0
      vertex -6.13432 4.3033 0
      vertex -4.3033 6.12568 0
    endloop
  endfacet
  facet normal 0 0 -1
    outer loop
      vertex -8.23566 -3.41132 0
      vertex -6.31949 -4.01152 0
      vertex -6.3879 -4.17669 0
    endloop
  endfacet
  facet normal -0 0 -1
    outer loop
      vertex -2.9245 -0.950227 0
      vertex -7.37436 -1.28858 0
      vertex -3.075 0 0
    endloop
  endfacet
  facet normal 0 0 -1
    outer loop
      vertex -2.9245 0.950227 0
      vertex -7.30918 1.6303 0
      vertex -6.31949 4.01152 0
    endloop
  endfacet
  facet normal 0 0 -1
    outer loop
      vertex -6.31949 -4.01152 0
      vertex -8.23566 -3.41132 0
      vertex -7.30918 -1.6303 0
    endloop
  endfacet
  facet normal -0 0 -1
    outer loop
      vertex -7.30918 -1.6303 0
      vertex -8.23566 -3.41132 0
      vertex -7.47029 -1.56356 0
    endloop
  endfacet
  facet normal 0 0 -1
    outer loop
      vertex -6.3033 -6.3033 0
      vertex -4.3033 -6.12568 0
      vertex -4.3033 -6.3033 0
    endloop
  endfacet
  facet normal 0 0 -1
    outer loop
      vertex -7.30918 -1.6303 0
      vertex -2.9245 -0.950227 0
      vertex -6.31949 -4.01152 0
    endloop
  endfacet
  facet normal 0 0 -1
    outer loop
      vertex -7.37436 -1.28858 0
      vertex -2.9245 -0.950227 0
      vertex -7.30918 -1.6303 0
    endloop
  endfacet
  facet normal -0 0 -1
    outer loop
      vertex -4.3033 -6.12568 0
      vertex -6.3033 -6.3033 0
      vertex -6.13432 -4.3033 0
    endloop
  endfacet
  facet normal -0 0 -1
    outer loop
      vertex -6.13432 -4.3033 0
      vertex -6.3033 -6.3033 0
      vertex -6.3033 -4.3033 0
    endloop
  endfacet
  facet normal 0 0 -1
    outer loop
      vertex -6.3033 6.3033 0
      vertex -4.3033 6.12568 0
      vertex -6.13432 4.3033 0
    endloop
  endfacet
  facet normal 0 0 -1
    outer loop
      vertex -6.3033 6.3033 0
      vertex -6.13432 4.3033 0
      vertex -6.3033 4.3033 0
    endloop
  endfacet
  facet normal 0 0 -1
    outer loop
      vertex -4.3033 6.12568 0
      vertex -6.3033 6.3033 0
      vertex -4.3033 6.3033 0
    endloop
  endfacet
  facet normal 0 0 -1
    outer loop
      vertex -8.23566 3.41132 0
      vertex -6.31949 4.01152 0
      vertex -7.30918 1.6303 0
    endloop
  endfacet
  facet normal 0 0 -1
    outer loop
      vertex -8.23566 3.41132 0
      vertex -7.30918 1.6303 0
      vertex -7.47029 1.56356 0
    endloop
  endfacet
  facet normal -0 0 -1
    outer loop
      vertex -6.31949 4.01152 0
      vertex -8.23566 3.41132 0
      vertex -6.3879 4.17669 0
    endloop
  endfacet
  facet normal 0.5878 0.809006 -0
    outer loop
      vertex 4.3033 6.12568 0
      vertex 4.02747 6.32609 30
      vertex 4.3033 6.12568 30
    endloop
  endfacet
  facet normal 0.5878 0.809006 0
    outer loop
      vertex 4.02747 6.32609 30
      vertex 4.3033 6.12568 0
      vertex 4.02747 6.32609 0
    endloop
  endfacet
  facet normal 0.844327 0.535828 0
    outer loop
      vertex 6.31949 4.01152 30
      vertex 6.13432 4.3033 0
      vertex 6.13432 4.3033 30
    endloop
  endfacet
  facet normal 0.844327 0.535828 0
    outer loop
      vertex 6.13432 4.3033 0
      vertex 6.31949 4.01152 30
      vertex 6.31949 4.01152 0
    endloop
  endfacet
  facet normal 0.844327 -0.535828 0
    outer loop
      vertex 6.13432 -4.3033 30
      vertex 6.31949 -4.01152 0
      vertex 6.31949 -4.01152 30
    endloop
  endfacet
  facet normal 0.844327 -0.535828 0
    outer loop
      vertex 6.31949 -4.01152 0
      vertex 6.13432 -4.3033 30
      vertex 6.13432 -4.3033 0
    endloop
  endfacet
  facet normal -0.248653 0.968593 0
    outer loop
      vertex -1.40536 7.36715 0
      vertex -1.6302 7.30943 30
      vertex -1.40536 7.36715 30
    endloop
  endfacet
  facet normal -0.248653 0.968593 0
    outer loop
      vertex -1.6302 7.30943 30
      vertex -1.40536 7.36715 0
      vertex -1.6302 7.30943 0
    endloop
  endfacet
  facet normal -0.5878 0.809006 0
    outer loop
      vertex -4.02747 6.32609 0
      vertex -4.3033 6.12568 30
      vertex -4.02747 6.32609 30
    endloop
  endfacet
  facet normal -0.5878 0.809006 0
    outer loop
      vertex -4.3033 6.12568 30
      vertex -4.02747 6.32609 0
      vertex -4.3033 6.12568 0
    endloop
  endfacet
  facet normal 0.125355 0.992112 -0
    outer loop
      vertex 1.40536 7.36715 0
      vertex 1.29527 7.38106 30
      vertex 1.40536 7.36715 30
    endloop
  endfacet
  facet normal 0.125355 0.992112 0
    outer loop
      vertex 1.29527 7.38106 30
      vertex 1.40536 7.36715 0
      vertex 1.29527 7.38106 0
    endloop
  endfacet
  facet normal 0.982291 -0.187363 0
    outer loop
      vertex 7.30918 -1.6303 30
      vertex 7.37436 -1.28858 0
      vertex 7.37436 -1.28858 30
    endloop
  endfacet
  facet normal 0.982291 -0.187363 0
    outer loop
      vertex 7.37436 -1.28858 0
      vertex 7.30918 -1.6303 30
      vertex 7.30918 -1.6303 0
    endloop
  endfacet
  facet normal 0.5878 -0.809006 0
    outer loop
      vertex 4.02747 -6.32609 0
      vertex 4.3033 -6.12568 30
      vertex 4.02747 -6.32609 30
    endloop
  endfacet
  facet normal 0.5878 -0.809006 0
    outer loop
      vertex 4.3033 -6.12568 30
      vertex 4.02747 -6.32609 0
      vertex 4.3033 -6.12568 0
    endloop
  endfacet
  facet normal 0.248653 0.968593 -0
    outer loop
      vertex 1.6302 7.30943 0
      vertex 1.40536 7.36715 30
      vertex 1.6302 7.30943 30
    endloop
  endfacet
  facet normal 0.248653 0.968593 0
    outer loop
      vertex 1.40536 7.36715 30
      vertex 1.6302 7.30943 0
      vertex 1.40536 7.36715 0
    endloop
  endfacet
  facet normal -0.982291 0.187363 0
    outer loop
      vertex -7.37436 1.28858 0
      vertex -7.30918 1.6303 30
      vertex -7.30918 1.6303 0
    endloop
  endfacet
  facet normal -0.982291 0.187363 0
    outer loop
      vertex -7.30918 1.6303 30
      vertex -7.37436 1.28858 0
      vertex -7.37436 1.28858 30
    endloop
  endfacet
  facet normal -0.844327 0.535828 0
    outer loop
      vertex -6.31949 4.01152 0
      vertex -6.13432 4.3033 30
      vertex -6.13432 4.3033 0
    endloop
  endfacet
  facet normal -0.844327 0.535828 0
    outer loop
      vertex -6.13432 4.3033 30
      vertex -6.31949 4.01152 0
      vertex -6.31949 4.01152 30
    endloop
  endfacet
  facet normal -0.5878 -0.809006 0
    outer loop
      vertex -4.3033 -6.12568 0
      vertex -4.02747 -6.32609 30
      vertex -4.3033 -6.12568 30
    endloop
  endfacet
  facet normal -0.5878 -0.809006 -0
    outer loop
      vertex -4.02747 -6.32609 30
      vertex -4.3033 -6.12568 0
      vertex -4.02747 -6.32609 0
    endloop
  endfacet
  facet normal -0.844327 -0.535828 0
    outer loop
      vertex -6.13432 -4.3033 0
      vertex -6.31949 -4.01152 30
      vertex -6.31949 -4.01152 0
    endloop
  endfacet
  facet normal -0.844327 -0.535828 0
    outer loop
      vertex -6.31949 -4.01152 30
      vertex -6.13432 -4.3033 0
      vertex -6.13432 -4.3033 30
    endloop
  endfacet
  facet normal -0.891007 -0.453989 0
    outer loop
      vertex 2.9245 0.950227 0
      vertex 2.48773 1.80744 7.999
      vertex 2.48773 1.80744 0
    endloop
  endfacet
  facet normal -0.891007 -0.453989 0
    outer loop
      vertex 2.48773 1.80744 7.999
      vertex 2.9245 0.950227 0
      vertex 2.9245 0.950227 7.999
    endloop
  endfacet
  facet normal -0.987689 -0.156433 0
    outer loop
      vertex 3.075 0 0
      vertex 2.9245 0.950227 7.999
      vertex 2.9245 0.950227 0
    endloop
  endfacet
  facet normal -0.987689 -0.156433 0
    outer loop
      vertex 2.9245 0.950227 7.999
      vertex 3.075 0 0
      vertex 3.075 0 7.999
    endloop
  endfacet
  facet normal -0.707107 -0.707107 0
    outer loop
      vertex 2.48773 1.80744 0
      vertex 1.80744 2.48773 7.999
      vertex 1.80744 2.48773 0
    endloop
  endfacet
  facet normal -0.707107 -0.707107 0
    outer loop
      vertex 1.80744 2.48773 7.999
      vertex 2.48773 1.80744 0
      vertex 2.48773 1.80744 7.999
    endloop
  endfacet
  facet normal -0.156433 -0.987689 0
    outer loop
      vertex 0 3.075 0
      vertex 0.950227 2.9245 7.999
      vertex 0 3.075 7.999
    endloop
  endfacet
  facet normal -0.156433 -0.987689 -0
    outer loop
      vertex 0.950227 2.9245 7.999
      vertex 0 3.075 0
      vertex 0.950227 2.9245 0
    endloop
  endfacet
  facet normal -0.891007 0.453989 0
    outer loop
      vertex 2.48773 -1.80744 0
      vertex 2.9245 -0.950227 7.999
      vertex 2.9245 -0.950227 0
    endloop
  endfacet
  facet normal -0.891007 0.453989 0
    outer loop
      vertex 2.9245 -0.950227 7.999
      vertex 2.48773 -1.80744 0
      vertex 2.48773 -1.80744 7.999
    endloop
  endfacet
  facet normal -0.453989 -0.891007 0
    outer loop
      vertex 0.950227 2.9245 0
      vertex 1.80744 2.48773 7.999
      vertex 0.950227 2.9245 7.999
    endloop
  endfacet
  facet normal -0.453989 -0.891007 -0
    outer loop
      vertex 1.80744 2.48773 7.999
      vertex 0.950227 2.9245 0
      vertex 1.80744 2.48773 0
    endloop
  endfacet
  facet normal 0.453989 -0.891007 0
    outer loop
      vertex -1.80744 2.48773 0
      vertex -0.950227 2.9245 7.999
      vertex -1.80744 2.48773 7.999
    endloop
  endfacet
  facet normal 0.453989 -0.891007 0
    outer loop
      vertex -0.950227 2.9245 7.999
      vertex -1.80744 2.48773 0
      vertex -0.950227 2.9245 0
    endloop
  endfacet
  facet normal 0.156433 0.987689 -0
    outer loop
      vertex 0 -3.075 0
      vertex -0.950227 -2.9245 7.999
      vertex 0 -3.075 7.999
    endloop
  endfacet
  facet normal 0.156433 0.987689 0
    outer loop
      vertex -0.950227 -2.9245 7.999
      vertex 0 -3.075 0
      vertex -0.950227 -2.9245 0
    endloop
  endfacet
  facet normal -0.707107 0.707107 0
    outer loop
      vertex 1.80744 -2.48773 0
      vertex 2.48773 -1.80744 7.999
      vertex 2.48773 -1.80744 0
    endloop
  endfacet
  facet normal -0.707107 0.707107 0
    outer loop
      vertex 2.48773 -1.80744 7.999
      vertex 1.80744 -2.48773 0
      vertex 1.80744 -2.48773 7.999
    endloop
  endfacet
  facet normal 0.891007 0.453989 0
    outer loop
      vertex -2.48773 -1.80744 7.999
      vertex -2.9245 -0.950227 0
      vertex -2.9245 -0.950227 7.999
    endloop
  endfacet
  facet normal 0.891007 0.453989 0
    outer loop
      vertex -2.9245 -0.950227 0
      vertex -2.48773 -1.80744 7.999
      vertex -2.48773 -1.80744 0
    endloop
  endfacet
  facet normal 0.156433 -0.987689 0
    outer loop
      vertex -0.950227 2.9245 0
      vertex 0 3.075 7.999
      vertex -0.950227 2.9245 7.999
    endloop
  endfacet
  facet normal 0.156433 -0.987689 0
    outer loop
      vertex 0 3.075 7.999
      vertex -0.950227 2.9245 0
      vertex 0 3.075 0
    endloop
  endfacet
  facet normal -0.453989 0.891007 0
    outer loop
      vertex 1.80744 -2.48773 0
      vertex 0.950227 -2.9245 7.999
      vertex 1.80744 -2.48773 7.999
    endloop
  endfacet
  facet normal -0.453989 0.891007 0
    outer loop
      vertex 0.950227 -2.9245 7.999
      vertex 1.80744 -2.48773 0
      vertex 0.950227 -2.9245 0
    endloop
  endfacet
  facet normal -0.156433 0.987689 0
    outer loop
      vertex 0.950227 -2.9245 0
      vertex 0 -3.075 7.999
      vertex 0.950227 -2.9245 7.999
    endloop
  endfacet
  facet normal -0.156433 0.987689 0
    outer loop
      vertex 0 -3.075 7.999
      vertex 0.950227 -2.9245 0
      vertex 0 -3.075 0
    endloop
  endfacet
  facet normal 0.987689 0.156433 0
    outer loop
      vertex -2.9245 -0.950227 7.999
      vertex -3.075 0 0
      vertex -3.075 0 7.999
    endloop
  endfacet
  facet normal 0.987689 0.156433 0
    outer loop
      vertex -3.075 0 0
      vertex -2.9245 -0.950227 7.999
      vertex -2.9245 -0.950227 0
    endloop
  endfacet
  facet normal 0.891007 -0.453989 0
    outer loop
      vertex -2.9245 0.950227 7.999
      vertex -2.48773 1.80744 0
      vertex -2.48773 1.80744 7.999
    endloop
  endfacet
  facet normal 0.891007 -0.453989 0
    outer loop
      vertex -2.48773 1.80744 0
      vertex -2.9245 0.950227 7.999
      vertex -2.9245 0.950227 0
    endloop
  endfacet
  facet normal 0.707107 -0.707107 0
    outer loop
      vertex -2.48773 1.80744 7.999
      vertex -1.80744 2.48773 0
      vertex -1.80744 2.48773 7.999
    endloop
  endfacet
  facet normal 0.707107 -0.707107 0
    outer loop
      vertex -1.80744 2.48773 0
      vertex -2.48773 1.80744 7.999
      vertex -2.48773 1.80744 0
    endloop
  endfacet
  facet normal 0 0 -1
    outer loop
      vertex 2.9245 -0.950227 7.999
      vertex 2.9245 0.950227 7.999
      vertex 3.075 0 7.999
    endloop
  endfacet
  facet normal 0 0 -1
    outer loop
      vertex 2.48773 -1.80744 7.999
      vertex 2.9245 0.950227 7.999
      vertex 2.9245 -0.950227 7.999
    endloop
  endfacet
  facet normal 0 0 -1
    outer loop
      vertex 2.48773 -1.80744 7.999
      vertex 2.48773 1.80744 7.999
      vertex 2.9245 0.950227 7.999
    endloop
  endfacet
  facet normal 0 0 -1
    outer loop
      vertex 1.80744 -2.48773 7.999
      vertex 2.48773 1.80744 7.999
      vertex 2.48773 -1.80744 7.999
    endloop
  endfacet
  facet normal 0 0 -1
    outer loop
      vertex 1.80744 -2.48773 7.999
      vertex 1.80744 2.48773 7.999
      vertex 2.48773 1.80744 7.999
    endloop
  endfacet
  facet normal 0 0 -1
    outer loop
      vertex 0.950227 -2.9245 7.999
      vertex 1.80744 2.48773 7.999
      vertex 1.80744 -2.48773 7.999
    endloop
  endfacet
  facet normal 0 0 -1
    outer loop
      vertex 0.950227 -2.9245 7.999
      vertex 0.950227 2.9245 7.999
      vertex 1.80744 2.48773 7.999
    endloop
  endfacet
  facet normal 0 0 -1
    outer loop
      vertex 0 -3.075 7.999
      vertex 0.950227 2.9245 7.999
      vertex 0.950227 -2.9245 7.999
    endloop
  endfacet
  facet normal 0 0 -1
    outer loop
      vertex 0 -3.075 7.999
      vertex 0 3.075 7.999
      vertex 0.950227 2.9245 7.999
    endloop
  endfacet
  facet normal 0 0 -1
    outer loop
      vertex -0.950227 -2.9245 7.999
      vertex 0 3.075 7.999
      vertex 0 -3.075 7.999
    endloop
  endfacet
  facet normal 0 0 -1
    outer loop
      vertex -0.950227 -2.9245 7.999
      vertex -0.950227 2.9245 7.999
      vertex 0 3.075 7.999
    endloop
  endfacet
  facet normal 0 0 -1
    outer loop
      vertex -1.80744 -2.48773 7.999
      vertex -0.950227 2.9245 7.999
      vertex -0.950227 -2.9245 7.999
    endloop
  endfacet
  facet normal 0 0 -1
    outer loop
      vertex -1.80744 -2.48773 7.999
      vertex -1.80744 2.48773 7.999
      vertex -0.950227 2.9245 7.999
    endloop
  endfacet
  facet normal 0 0 -1
    outer loop
      vertex -2.48773 -1.80744 7.999
      vertex -1.80744 2.48773 7.999
      vertex -1.80744 -2.48773 7.999
    endloop
  endfacet
  facet normal 0 0 -1
    outer loop
      vertex -2.48773 -1.80744 7.999
      vertex -2.48773 1.80744 7.999
      vertex -1.80744 2.48773 7.999
    endloop
  endfacet
  facet normal 0 0 -1
    outer loop
      vertex -2.9245 -0.950227 7.999
      vertex -2.48773 1.80744 7.999
      vertex -2.48773 -1.80744 7.999
    endloop
  endfacet
  facet normal 0 0 -1
    outer loop
      vertex -2.9245 -0.950227 7.999
      vertex -2.9245 0.950227 7.999
      vertex -2.48773 1.80744 7.999
    endloop
  endfacet
  facet normal 0 -0 -1
    outer loop
      vertex -2.9245 0.950227 7.999
      vertex -2.9245 -0.950227 7.999
      vertex -3.075 0 7.999
    endloop
  endfacet
  facet normal -0.987689 0.156433 0
    outer loop
      vertex 2.9245 -0.950227 0
      vertex 3.075 0 7.999
      vertex 3.075 0 0
    endloop
  endfacet
  facet normal -0.987689 0.156433 0
    outer loop
      vertex 3.075 0 7.999
      vertex 2.9245 -0.950227 0
      vertex 2.9245 -0.950227 7.999
    endloop
  endfacet
  facet normal 0.707107 0.707107 0
    outer loop
      vertex -1.80744 -2.48773 7.999
      vertex -2.48773 -1.80744 0
      vertex -2.48773 -1.80744 7.999
    endloop
  endfacet
  facet normal 0.707107 0.707107 0
    outer loop
      vertex -2.48773 -1.80744 0
      vertex -1.80744 -2.48773 7.999
      vertex -1.80744 -2.48773 0
    endloop
  endfacet
  facet normal 0.987689 -0.156433 0
    outer loop
      vertex -3.075 0 7.999
      vertex -2.9245 0.950227 0
      vertex -2.9245 0.950227 7.999
    endloop
  endfacet
  facet normal 0.987689 -0.156433 0
    outer loop
      vertex -2.9245 0.950227 0
      vertex -3.075 0 7.999
      vertex -3.075 0 0
    endloop
  endfacet
  facet normal 0.453989 0.891007 -0
    outer loop
      vertex -0.950227 -2.9245 0
      vertex -1.80744 -2.48773 7.999
      vertex -0.950227 -2.9245 7.999
    endloop
  endfacet
  facet normal 0.453989 0.891007 0
    outer loop
      vertex -1.80744 -2.48773 7.999
      vertex -0.950227 -2.9245 0
      vertex -1.80744 -2.48773 0
    endloop
  endfacet
endsolid OpenSCAD_Model
