solid OpenSCAD_Model
  facet normal -0.0896129 -2.68691e-05 0.995977
    outer loop
      vertex 5.21351 0.656591 24.9465
      vertex 6.663 0 25.0769
      vertex 5.56125 1.1062 24.9778
    endloop
  endfacet
  facet normal -0.0895908 -2.22119e-05 0.995979
    outer loop
      vertex 5.21351 -0.656591 24.9465
      vertex 6.663 0 25.0769
      vertex 5.25448 0 24.9502
    endloop
  endfacet
  facet normal -0.0895908 2.22119e-05 0.995979
    outer loop
      vertex 6.663 0 25.0769
      vertex 5.21351 0.656591 24.9465
      vertex 5.25448 0 24.9502
    endloop
  endfacet
  facet normal -0.0827838 -0.00534885 0.996553
    outer loop
      vertex 5.56125 1.1062 24.9778
      vertex 5.21338 0.658603 24.9465
      vertex 5.21351 0.656591 24.9465
    endloop
  endfacet
  facet normal -0.123887 0.0269197 0.991931
    outer loop
      vertex 5.56125 1.1062 24.9778
      vertex 5.21301 0.660585 24.9464
      vertex 5.21338 0.658603 24.9465
    endloop
  endfacet
  facet normal -0.0895558 -0.00019501 0.995982
    outer loop
      vertex 5.21301 0.660585 24.9464
      vertex 5.56125 1.1062 24.9778
      vertex 5.14438 1.02328 24.9403
    endloop
  endfacet
  facet normal -0.0896129 2.68691e-05 0.995977
    outer loop
      vertex 6.663 0 25.0769
      vertex 5.21351 -0.656591 24.9465
      vertex 5.56125 -1.1062 24.9778
    endloop
  endfacet
  facet normal -0.0827838 0.00534885 0.996553
    outer loop
      vertex 5.21338 -0.658603 24.9465
      vertex 5.56125 -1.1062 24.9778
      vertex 5.21351 -0.656591 24.9465
    endloop
  endfacet
  facet normal -0.123887 -0.0269197 0.991931
    outer loop
      vertex 5.21301 -0.660585 24.9464
      vertex 5.56125 -1.1062 24.9778
      vertex 5.21338 -0.658603 24.9465
    endloop
  endfacet
  facet normal -0.0895558 0.00019501 0.995982
    outer loop
      vertex 5.56125 -1.1062 24.9778
      vertex 5.21301 -0.660585 24.9464
      vertex 5.14438 -1.02328 24.9403
    endloop
  endfacet
  facet normal -0.704238 0.707129 -0.0633814
    outer loop
      vertex 7.49552 1.41421 0.0498209
      vertex 7.16526 1.28624 2.29165
      vertex 6.41654 1.27633 10.5002
    endloop
  endfacet
  facet normal -0.704264 0.707103 -0.0633845
    outer loop
      vertex 7.10973 1.41421 4.33633
      vertex 7.49552 1.41421 0.0498209
      vertex 6.41654 1.27633 10.5002
    endloop
  endfacet
  facet normal 0.704261 0.707106 0.0633836
    outer loop
      vertex 6.663 0 25.0769
      vertex 7.10973 1.41421 4.33633
      vertex 5.56125 1.1062 24.9778
    endloop
  endfacet
  facet normal 0.704259 0.707108 0.0633836
    outer loop
      vertex 8.90404 0 0.176588
      vertex 7.10973 1.41421 4.33633
      vertex 6.663 0 25.0769
    endloop
  endfacet
  facet normal 0.704259 0.707108 0.063384
    outer loop
      vertex 7.10973 1.41421 4.33633
      vertex 8.90404 0 0.176588
      vertex 7.49552 1.41421 0.0498209
    endloop
  endfacet
  facet normal 0.0896379 0 -0.995974
    outer loop
      vertex 7.49552 -4.69902e-06 0.0498209
      vertex 8.90404 0 0.176588
      vertex 7.49552 -1.41421 0.0498209
    endloop
  endfacet
  facet normal 0.0896379 0 -0.995974
    outer loop
      vertex 8.90404 0 0.176588
      vertex 7.49552 -4.69902e-06 0.0498209
      vertex 7.49552 0 0.0498209
    endloop
  endfacet
  facet normal 0.0896379 0 -0.995974
    outer loop
      vertex 7.49552 4.69902e-06 0.0498209
      vertex 8.90404 0 0.176588
      vertex 7.49552 0 0.0498209
    endloop
  endfacet
  facet normal 0.0896379 0 -0.995974
    outer loop
      vertex 8.90404 0 0.176588
      vertex 7.49552 4.69902e-06 0.0498209
      vertex 7.49552 1.41421 0.0498209
    endloop
  endfacet
  facet normal -0.704264 -0.707103 -0.0633845
    outer loop
      vertex 7.49552 -1.41421 0.0498209
      vertex 7.10973 -1.41421 4.33633
      vertex 6.41654 -1.27633 10.5002
    endloop
  endfacet
  facet normal -0.704238 -0.707129 -0.0633814
    outer loop
      vertex 6.41654 -1.27633 10.5002
      vertex 7.16526 -1.28624 2.29165
      vertex 7.49552 -1.41421 0.0498209
    endloop
  endfacet
  facet normal 0.0808456 0 -0.996727
    outer loop
      vertex 7.49543 0.00131109 0.0498136
      vertex 7.49552 1.41421 0.0498209
      vertex 7.49552 4.69902e-06 0.0498209
    endloop
  endfacet
  facet normal 0.0896321 -5.63574e-07 -0.995975
    outer loop
      vertex 7.43688 0.939496 0.0445439
      vertex 7.49552 1.41421 0.0498209
      vertex 7.49543 0.00131109 0.0498136
    endloop
  endfacet
  facet normal 0.0896328 -6.49026e-07 -0.995975
    outer loop
      vertex 7.49552 1.41421 0.0498209
      vertex 7.43688 0.939496 0.0445439
      vertex 7.37076 1.28896 0.0385932
    endloop
  endfacet
  facet normal 0.0808456 0 -0.996727
    outer loop
      vertex 7.49552 -1.41421 0.0498209
      vertex 7.49543 -0.00131109 0.0498136
      vertex 7.49552 -4.69902e-06 0.0498209
    endloop
  endfacet
  facet normal 0.0896321 5.63574e-07 -0.995975
    outer loop
      vertex 7.49552 -1.41421 0.0498209
      vertex 7.43688 -0.939496 0.0445439
      vertex 7.49543 -0.00131109 0.0498136
    endloop
  endfacet
  facet normal 0.0896328 6.49026e-07 -0.995975
    outer loop
      vertex 7.43688 -0.939496 0.0445439
      vertex 7.49552 -1.41421 0.0498209
      vertex 7.37076 -1.28896 0.0385932
    endloop
  endfacet
  facet normal 0.704261 -0.707106 0.0633836
    outer loop
      vertex 7.10973 -1.41421 4.33633
      vertex 6.663 0 25.0769
      vertex 5.56125 -1.1062 24.9778
    endloop
  endfacet
  facet normal 0.704259 -0.707108 0.0633836
    outer loop
      vertex 7.10973 -1.41421 4.33633
      vertex 8.90404 0 0.176588
      vertex 6.663 0 25.0769
    endloop
  endfacet
  facet normal 0.704259 -0.707108 0.063384
    outer loop
      vertex 8.90404 0 0.176588
      vertex 7.10973 -1.41421 4.33633
      vertex 7.49552 -1.41421 0.0498209
    endloop
  endfacet
  facet normal -0.704221 -0.707147 -0.0633778
    outer loop
      vertex 7.49552 -1.41421 0.0498209
      vertex 7.16526 -1.28624 2.29165
      vertex 7.37076 -1.28896 0.0385932
    endloop
  endfacet
  facet normal -0.704221 0.707147 -0.0633778
    outer loop
      vertex 7.37076 1.28896 0.0385932
      vertex 7.16526 1.28624 2.29165
      vertex 7.49552 1.41421 0.0498209
    endloop
  endfacet
  facet normal -0.0828148 -0.0342631 0.995976
    outer loop
      vertex 4.8855 1.93431 24.9501
      vertex 5.56125 1.1062 24.9778
      vertex 6.15581 2.54982 25.0769
    endloop
  endfacet
  facet normal -0.0827922 -0.0341976 0.99598
    outer loop
      vertex 5.56125 1.1062 24.9778
      vertex 5.08981 1.30684 24.9455
      vertex 5.14438 1.02328 24.9403
    endloop
  endfacet
  facet normal -0.0791604 -0.0255749 0.996534
    outer loop
      vertex 5.56125 1.1062 24.9778
      vertex 5.08918 1.30879 24.9455
      vertex 5.08981 1.30684 24.9455
    endloop
  endfacet
  facet normal -0.0828697 -0.034308 0.99597
    outer loop
      vertex 5.56125 1.1062 24.9778
      vertex 4.8855 1.93431 24.9501
      vertex 5.08918 1.30879 24.9455
    endloop
  endfacet
  facet normal -0.0825496 -0.0348111 0.995979
    outer loop
      vertex 4.8855 1.93431 24.9501
      vertex 6.15581 2.54982 25.0769
      vertex 4.85035 2.00908 24.9498
    endloop
  endfacet
  facet normal -0.380048 -0.922793 -0.0633823
    outer loop
      vertex 7.11718 1.55381 2.2592
      vertex 7.10973 1.41421 4.33633
      vertex 6.41654 1.27633 10.5002
    endloop
  endfacet
  facet normal -0.380025 -0.922802 -0.0633828
    outer loop
      vertex 7.10973 1.41421 4.33633
      vertex 7.11718 1.55381 2.2592
      vertex 7.46615 1.56185 0.0498209
    endloop
  endfacet
  facet normal 0.380057 0.922789 0.0633836
    outer loop
      vertex 6.15581 2.54982 25.0769
      vertex 6.02734 4.02734 4.33632
      vertex 4.7146 3.1502 24.9778
    endloop
  endfacet
  facet normal 0.380063 0.922786 0.0633834
    outer loop
      vertex 6.02734 4.02734 4.33632
      vertex 6.15581 2.54982 25.0769
      vertex 6.38376 4.17497 0.0498209
    endloop
  endfacet
  facet normal -0.082757 -0.0342591 0.995981
    outer loop
      vertex 4.60561 2.52969 24.9474
      vertex 6.15581 2.54982 25.0769
      vertex 4.7146 3.1502 24.9778
    endloop
  endfacet
  facet normal -0.0827561 -0.0343124 0.995979
    outer loop
      vertex 6.15581 2.54982 25.0769
      vertex 4.60561 2.52969 24.9474
      vertex 4.85035 2.00908 24.9498
    endloop
  endfacet
  facet normal -0.159278 -0.0203798 0.987023
    outer loop
      vertex 4.7146 3.1502 24.9778
      vertex 4.60476 2.53149 24.9473
      vertex 4.60561 2.52969 24.9474
    endloop
  endfacet
  facet normal -0.0608157 -0.0383718 0.997411
    outer loop
      vertex 4.7146 3.1502 24.9778
      vertex 4.6037 2.53317 24.9473
      vertex 4.60476 2.53149 24.9473
    endloop
  endfacet
  facet normal -0.082764 -0.0343561 0.995977
    outer loop
      vertex 4.6037 2.53317 24.9473
      vertex 4.7146 3.1502 24.9778
      vertex 4.36226 2.91477 24.9404
    endloop
  endfacet
  facet normal -0.921256 0.383758 -0.063385
    outer loop
      vertex 6.12701 3.92977 2.29696
      vertex 6.02734 4.02734 4.33632
      vertex 6.38376 4.17497 0.0498209
    endloop
  endfacet
  facet normal -0.921252 0.383766 -0.0633852
    outer loop
      vertex 5.47734 3.65226 10.0592
      vertex 6.02734 4.02734 4.33632
      vertex 6.12701 3.92977 2.29696
    endloop
  endfacet
  facet normal -0.921031 0.384306 -0.0633286
    outer loop
      vertex 6.02734 4.02734 4.33632
      vertex 5.47734 3.65226 10.0592
      vertex 5.44589 3.63883 10.4351
    endloop
  endfacet
  facet normal 0.0828145 0.0343026 -0.995974
    outer loop
      vertex 7.26083 1.86309 0.0431238
      vertex 7.46615 1.56185 0.0498209
      vertex 7.30596 1.62858 0.0387995
    endloop
  endfacet
  facet normal 0.0833932 0.0346985 -0.995912
    outer loop
      vertex 7.26061 1.86421 0.0431444
      vertex 7.46615 1.56185 0.0498209
      vertex 7.26083 1.86309 0.0431238
    endloop
  endfacet
  facet normal 0.0828109 0.0343012 -0.995975
    outer loop
      vertex 6.96957 2.75804 0.0497291
      vertex 7.46615 1.56185 0.0498209
      vertex 7.26061 1.86421 0.0431444
    endloop
  endfacet
  facet normal 0.0849858 0.0352041 -0.99576
    outer loop
      vertex 6.96916 2.75929 0.0497383
      vertex 7.46615 1.56185 0.0498209
      vertex 6.96957 2.75804 0.0497291
    endloop
  endfacet
  facet normal 0.0827649 0.0342824 -0.995979
    outer loop
      vertex 6.96916 2.75929 0.0497383
      vertex 6.38376 4.17497 0.0498209
      vertex 7.46615 1.56185 0.0498209
    endloop
  endfacet
  facet normal 0.0770156 0.031905 -0.996519
    outer loop
      vertex 6.9686 2.76047 0.0497328
      vertex 6.38376 4.17497 0.0498209
      vertex 6.96916 2.75929 0.0497383
    endloop
  endfacet
  facet normal 0.0828172 0.0343037 -0.995974
    outer loop
      vertex 6.56869 3.61117 0.0457796
      vertex 6.38376 4.17497 0.0498209
      vertex 6.9686 2.76047 0.0497328
    endloop
  endfacet
  facet normal 0.082817 0.0343036 -0.995974
    outer loop
      vertex 6.38376 4.17497 0.0498209
      vertex 6.56869 3.61117 0.0457796
      vertex 6.31603 4.01052 0.038525
    endloop
  endfacet
  facet normal 0.380051 0.922791 0.0633836
    outer loop
      vertex 6.38376 4.17497 0.0498209
      vertex 6.15581 2.54982 25.0769
      vertex 8.22626 3.40743 0.176588
    endloop
  endfacet
  facet normal 0.0828144 0.0343029 -0.995974
    outer loop
      vertex 7.46615 1.56185 0.0498209
      vertex 6.38376 4.17497 0.0498209
      vertex 8.22626 3.40743 0.176588
    endloop
  endfacet
  facet normal 0.92125 -0.383773 0.0633837
    outer loop
      vertex 7.10973 1.41421 4.33633
      vertex 8.22626 3.40743 0.176588
      vertex 6.15581 2.54982 25.0769
    endloop
  endfacet
  facet normal 0.92125 -0.383771 0.0633837
    outer loop
      vertex 7.10973 1.41421 4.33633
      vertex 6.15581 2.54982 25.0769
      vertex 5.56125 1.1062 24.9778
    endloop
  endfacet
  facet normal 0.921249 -0.383774 0.0633829
    outer loop
      vertex 8.22626 3.40743 0.176588
      vertex 7.10973 1.41421 4.33633
      vertex 7.46615 1.56185 0.0498209
    endloop
  endfacet
  facet normal -0.380045 -0.922794 -0.0633859
    outer loop
      vertex 7.46615 1.56185 0.0498209
      vertex 7.11718 1.55381 2.2592
      vertex 7.30596 1.62858 0.0387995
    endloop
  endfacet
  facet normal -0.921248 0.383777 -0.0633821
    outer loop
      vertex 6.31603 4.01052 0.038525
      vertex 6.12701 3.92977 2.29696
      vertex 6.38376 4.17497 0.0498209
    endloop
  endfacet
  facet normal -0.0634133 -0.0633464 0.995975
    outer loop
      vertex 3.83157 3.5955 24.9499
      vertex 4.7146 3.1502 24.9778
      vertex 4.71146 4.71146 25.0769
    endloop
  endfacet
  facet normal -0.0634267 -0.063296 0.995977
    outer loop
      vertex 4.7146 3.1502 24.9778
      vertex 4.25139 3.08881 24.9444
      vertex 4.36226 2.91477 24.9404
    endloop
  endfacet
  facet normal -0.0634185 -0.0633567 0.995974
    outer loop
      vertex 4.7146 3.1502 24.9778
      vertex 3.83157 3.5955 24.9499
      vertex 4.25139 3.08881 24.9444
    endloop
  endfacet
  facet normal -0.0703749 -0.0578424 0.995842
    outer loop
      vertex 4.71146 4.71146 25.0769
      vertex 3.83037 3.59696 24.9499
      vertex 3.83157 3.5955 24.9499
    endloop
  endfacet
  facet normal -0.0610087 -0.0652651 0.996001
    outer loop
      vertex 4.71146 4.71146 25.0769
      vertex 3.82899 3.59825 24.9499
      vertex 3.83037 3.59696 24.9499
    endloop
  endfacet
  facet normal -0.0633272 -0.0634243 0.995975
    outer loop
      vertex 4.71146 4.71146 25.0769
      vertex 3.34945 4.04879 24.9481
      vertex 3.82899 3.59825 24.9499
    endloop
  endfacet
  facet normal -0.0633465 -0.0633849 0.995977
    outer loop
      vertex 3.1502 4.7146 24.9778
      vertex 3.34945 4.04879 24.9481
      vertex 4.71146 4.71146 25.0769
    endloop
  endfacet
  facet normal -0.0634342 -0.0634108 0.995969
    outer loop
      vertex 3.34945 4.04879 24.9481
      vertex 3.1502 4.7146 24.9778
      vertex 2.9162 4.3644 24.9406
    endloop
  endfacet
  facet normal -0.997987 0.00199462 -0.0633843
    outer loop
      vertex 4.15819 5.97858 2.27455
      vertex 4.02734 6.02734 4.33632
      vertex 4.30013 6.30013 0.0498209
    endloop
  endfacet
  facet normal -0.997987 0.00200978 -0.0633847
    outer loop
      vertex 4.02734 6.02734 4.33632
      vertex 4.15819 5.97858 2.27455
      vertex 3.64714 5.45833 10.3045
    endloop
  endfacet
  facet normal -0.00201608 0.997987 0.0633835
    outer loop
      vertex 4.71146 4.71146 25.0769
      vertex 4.02734 6.02734 4.33632
      vertex 3.1502 4.7146 24.9778
    endloop
  endfacet
  facet normal -0.00201053 0.997987 0.0633833
    outer loop
      vertex 6.2961 6.2961 0.176588
      vertex 4.02734 6.02734 4.33632
      vertex 4.71146 4.71146 25.0769
    endloop
  endfacet
  facet normal -0.00201057 0.997987 0.0633833
    outer loop
      vertex 4.02734 6.02734 4.33632
      vertex 6.2961 6.2961 0.176588
      vertex 4.30013 6.30013 0.0498209
    endloop
  endfacet
  facet normal 0.0633838 0.0633838 -0.995974
    outer loop
      vertex 6.30013 4.30013 0.0498209
      vertex 4.30013 6.30013 0.0498209
      vertex 6.2961 6.2961 0.176588
    endloop
  endfacet
  facet normal 0.002056 -0.997987 -0.0633787
    outer loop
      vertex 5.53073 3.72065 9.14948
      vertex 6.02734 4.02734 4.33632
      vertex 5.44589 3.63883 10.4351
    endloop
  endfacet
  facet normal 0.00200266 -0.997987 -0.0633842
    outer loop
      vertex 5.98934 4.16294 2.20009
      vertex 6.02734 4.02734 4.33632
      vertex 5.53073 3.72065 9.14948
    endloop
  endfacet
  facet normal 0.00199818 -0.997987 -0.0633841
    outer loop
      vertex 6.02734 4.02734 4.33632
      vertex 5.98934 4.16294 2.20009
      vertex 6.30013 4.30013 0.0498209
    endloop
  endfacet
  facet normal 0.063383 0.0633789 -0.995975
    outer loop
      vertex 6.06519 4.40527 0.0415601
      vertex 6.30013 4.30013 0.0498209
      vertex 6.13195 4.30047 0.0391397
    endloop
  endfacet
  facet normal 0.0636532 0.063987 -0.995919
    outer loop
      vertex 6.0646 4.40619 0.0415815
      vertex 6.30013 4.30013 0.0498209
      vertex 6.06519 4.40527 0.0415601
    endloop
  endfacet
  facet normal 0.0636283 0.0639313 -0.995924
    outer loop
      vertex 6.0639 4.40703 0.0415907
      vertex 6.30013 4.30013 0.0498209
      vertex 6.0646 4.40619 0.0415815
    endloop
  endfacet
  facet normal 0.0633811 0.0633812 -0.995975
    outer loop
      vertex 5.46402 5.13105 0.0494907
      vertex 6.30013 4.30013 0.0498209
      vertex 6.0639 4.40703 0.0415907
    endloop
  endfacet
  facet normal 0.0633664 0.0633664 -0.995977
    outer loop
      vertex 5.46402 5.13105 0.0494907
      vertex 4.30013 6.30013 0.0498209
      vertex 6.30013 4.30013 0.0498209
    endloop
  endfacet
  facet normal 0.0633759 0.0633758 -0.995975
    outer loop
      vertex 4.77889 5.77475 0.0468544
      vertex 4.30013 6.30013 0.0498209
      vertex 5.46402 5.13105 0.0494907
    endloop
  endfacet
  facet normal 0.065096 0.0649421 -0.995764
    outer loop
      vertex 4.77799 5.7756 0.046851
      vertex 4.30013 6.30013 0.0498209
      vertex 4.77889 5.77475 0.0468544
    endloop
  endfacet
  facet normal 0.0637289 0.0636976 -0.995932
    outer loop
      vertex 4.77699 5.77633 0.0468337
      vertex 4.30013 6.30013 0.0498209
      vertex 4.77799 5.7756 0.046851
    endloop
  endfacet
  facet normal 0.0633831 0.063383 -0.995974
    outer loop
      vertex 4.30013 6.30013 0.0498209
      vertex 4.77699 5.77633 0.0468337
      vertex 4.30049 6.12344 0.0385994
    endloop
  endfacet
  facet normal 0.997987 -0.00201053 0.0633833
    outer loop
      vertex 6.02734 4.02734 4.33632
      vertex 6.2961 6.2961 0.176588
      vertex 4.71146 4.71146 25.0769
    endloop
  endfacet
  facet normal 0.997987 -0.00201608 0.0633835
    outer loop
      vertex 6.02734 4.02734 4.33632
      vertex 4.71146 4.71146 25.0769
      vertex 4.7146 3.1502 24.9778
    endloop
  endfacet
  facet normal 0.997987 -0.00201057 0.0633833
    outer loop
      vertex 6.2961 6.2961 0.176588
      vertex 6.02734 4.02734 4.33632
      vertex 6.30013 4.30013 0.0498209
    endloop
  endfacet
  facet normal 0.00200789 -0.997987 -0.0633827
    outer loop
      vertex 6.30013 4.30013 0.0498209
      vertex 5.98934 4.16294 2.20009
      vertex 6.13195 4.30047 0.0391397
    endloop
  endfacet
  facet normal -0.997987 0.00199217 -0.0633847
    outer loop
      vertex 4.30049 6.12344 0.0385994
      vertex 4.15819 5.97858 2.27455
      vertex 4.30013 6.30013 0.0498209
    endloop
  endfacet
  facet normal -0.034591 -0.0826841 0.995975
    outer loop
      vertex 3.1502 4.7146 24.9778
      vertex 2.81756 4.43578 24.9431
      vertex 2.9162 4.3644 24.9406
    endloop
  endfacet
  facet normal -0.017475 -0.102925 0.994536
    outer loop
      vertex 3.1502 4.7146 24.9778
      vertex 2.81583 4.43704 24.9432
      vertex 2.81756 4.43578 24.9431
    endloop
  endfacet
  facet normal -0.0409923 -0.0748208 0.996354
    outer loop
      vertex 3.1502 4.7146 24.9778
      vertex 2.81395 4.43807 24.9432
      vertex 2.81583 4.43704 24.9432
    endloop
  endfacet
  facet normal -0.0342679 -0.0827606 0.99598
    outer loop
      vertex 2.23727 4.75444 24.9497
      vertex 3.1502 4.7146 24.9778
      vertex 2.54982 6.15581 25.0769
    endloop
  endfacet
  facet normal -0.0342753 -0.0829397 0.995965
    outer loop
      vertex 3.1502 4.7146 24.9778
      vertex 2.23727 4.75444 24.9497
      vertex 2.81395 4.43807 24.9432
    endloop
  endfacet
  facet normal -0.0330269 -0.0830391 0.995999
    outer loop
      vertex 2.54982 6.15581 25.0769
      vertex 2.23551 4.75514 24.9497
      vertex 2.23727 4.75444 24.9497
    endloop
  endfacet
  facet normal -0.0345009 -0.0827063 0.995977
    outer loop
      vertex 2.23551 4.75514 24.9497
      vertex 2.54982 6.15581 25.0769
      vertex 2.00711 4.8456 24.9493
    endloop
  endfacet
  facet normal 0.922786 0.380063 0.0633834
    outer loop
      vertex 2.54982 6.15581 25.0769
      vertex 4.02734 6.02734 4.33632
      vertex 4.17497 6.38376 0.0498209
    endloop
  endfacet
  facet normal 0.922789 0.380057 0.0633836
    outer loop
      vertex 4.02734 6.02734 4.33632
      vertex 2.54982 6.15581 25.0769
      vertex 3.1502 4.7146 24.9778
    endloop
  endfacet
  facet normal 0.922791 0.380051 0.0633836
    outer loop
      vertex 3.40743 8.22626 0.176588
      vertex 2.54982 6.15581 25.0769
      vertex 4.17497 6.38376 0.0498209
    endloop
  endfacet
  facet normal -0.0343417 -0.0827722 0.995977
    outer loop
      vertex 2.54982 6.15581 25.0769
      vertex 1.62376 4.99743 24.9487
      vertex 2.00711 4.8456 24.9493
    endloop
  endfacet
  facet normal -0.0342506 -0.0828448 0.995974
    outer loop
      vertex 1.1062 5.56125 24.9778
      vertex 1.62376 4.99743 24.9487
      vertex 2.54982 6.15581 25.0769
    endloop
  endfacet
  facet normal -0.0177635 -0.0677914 0.997541
    outer loop
      vertex 1.62376 4.99743 24.9487
      vertex 1.1062 5.56125 24.9778
      vertex 1.62189 4.99792 24.9487
    endloop
  endfacet
  facet normal -0.0341899 -0.0827481 0.995984
    outer loop
      vertex 1.62189 4.99792 24.9487
      vertex 1.1062 5.56125 24.9778
      vertex 1.02479 5.15195 24.941
    endloop
  endfacet
  facet normal 0.383794 -0.921241 -0.0633815
    outer loop
      vertex 4.17497 6.38376 0.0498209
      vertex 3.94966 6.14783 2.11471
      vertex 4.02631 6.32253 0.0396099
    endloop
  endfacet
  facet normal 0.383782 -0.921246 -0.0633834
    outer loop
      vertex 4.17497 6.38376 0.0498209
      vertex 4.02734 6.02734 4.33632
      vertex 3.94966 6.14783 2.11471
    endloop
  endfacet
  facet normal 0.383783 -0.921245 -0.0633834
    outer loop
      vertex 3.64714 5.45833 10.3045
      vertex 3.94966 6.14783 2.11471
      vertex 4.02734 6.02734 4.33632
    endloop
  endfacet
  facet normal -0.922802 -0.380025 -0.0633828
    outer loop
      vertex 1.55394 7.12278 2.22373
      vertex 1.41421 7.10973 4.33633
      vertex 1.56185 7.46615 0.0498209
    endloop
  endfacet
  facet normal -0.922787 -0.380063 -0.063382
    outer loop
      vertex 1.45089 6.86898 5.24593
      vertex 1.41421 7.10973 4.33633
      vertex 1.55394 7.12278 2.22373
    endloop
  endfacet
  facet normal -0.922781 -0.380075 -0.0633855
    outer loop
      vertex 1.41421 7.10973 4.33633
      vertex 1.45089 6.86898 5.24593
      vertex 1.28511 6.46069 10.1076
    endloop
  endfacet
  facet normal 0.0343029 0.0828144 -0.995974
    outer loop
      vertex 4.17497 6.38376 0.0498209
      vertex 1.56185 7.46615 0.0498209
      vertex 3.40743 8.22626 0.176588
    endloop
  endfacet
  facet normal -0.383771 0.92125 0.0633837
    outer loop
      vertex 2.54982 6.15581 25.0769
      vertex 1.41421 7.10973 4.33633
      vertex 1.1062 5.56125 24.9778
    endloop
  endfacet
  facet normal -0.383773 0.92125 0.0633837
    outer loop
      vertex 3.40743 8.22626 0.176588
      vertex 1.41421 7.10973 4.33633
      vertex 2.54982 6.15581 25.0769
    endloop
  endfacet
  facet normal -0.383774 0.921249 0.0633829
    outer loop
      vertex 1.41421 7.10973 4.33633
      vertex 3.40743 8.22626 0.176588
      vertex 1.56185 7.46615 0.0498209
    endloop
  endfacet
  facet normal -0.922795 -0.380041 -0.0633853
    outer loop
      vertex 1.62845 7.30627 0.0388213
      vertex 1.55394 7.12278 2.22373
      vertex 1.56185 7.46615 0.0498209
    endloop
  endfacet
  facet normal 0.0343093 0.0827943 -0.995976
    outer loop
      vertex 4.01678 6.32943 0.0398552
      vertex 4.17497 6.38376 0.0498209
      vertex 4.02631 6.32253 0.0396099
    endloop
  endfacet
  facet normal 0.0343024 0.082814 -0.995974
    outer loop
      vertex 3.1926 6.78158 0.0490653
      vertex 4.17497 6.38376 0.0498209
      vertex 4.01678 6.32943 0.0398552
    endloop
  endfacet
  facet normal 0.0333018 0.0803427 -0.996211
    outer loop
      vertex 3.19146 6.78221 0.049078
      vertex 4.17497 6.38376 0.0498209
      vertex 3.1926 6.78158 0.0490653
    endloop
  endfacet
  facet normal 0.0391545 0.0936597 -0.994834
    outer loop
      vertex 1.56185 7.46615 0.0498209
      vertex 2.31747 7.12837 0.0477598
      vertex 2.3163 7.12884 0.047758
    endloop
  endfacet
  facet normal 0.0343077 0.0828261 -0.995973
    outer loop
      vertex 3.19146 6.78221 0.049078
      vertex 1.56185 7.46615 0.0498209
      vertex 4.17497 6.38376 0.0498209
    endloop
  endfacet
  facet normal 0.0342953 0.0827966 -0.995976
    outer loop
      vertex 2.31747 7.12837 0.0477598
      vertex 1.56185 7.46615 0.0498209
      vertex 3.19146 6.78221 0.049078
    endloop
  endfacet
  facet normal 0.0343008 0.0828106 -0.995975
    outer loop
      vertex 1.56185 7.46615 0.0498209
      vertex 2.3163 7.12884 0.047758
      vertex 1.62845 7.30627 0.0388213
    endloop
  endfacet
  facet normal -0.000404152 -0.0894686 0.99599
    outer loop
      vertex 1.1062 5.56125 24.9778
      vertex 0.984732 5.16215 24.9419
      vertex 1.02479 5.15195 24.941
    endloop
  endfacet
  facet normal -8.67046e-05 -0.0895645 0.995981
    outer loop
      vertex 1.1062 5.56125 24.9778
      vertex 0.331834 5.24396 24.9492
      vertex 0.984732 5.16215 24.9419
    endloop
  endfacet
  facet normal -5.50954e-05 -0.089641 0.995974
    outer loop
      vertex 0 6.663 25.0769
      vertex 0.331834 5.24396 24.9492
      vertex 1.1062 5.56125 24.9778
    endloop
  endfacet
  facet normal 0.0424157 -0.0797042 0.995916
    outer loop
      vertex 0.331834 5.24396 24.9492
      vertex 0 6.663 25.0769
      vertex 0.329937 5.2442 24.9493
    endloop
  endfacet
  facet normal 0 -0.0895736 0.99598
    outer loop
      vertex 0 6.663 25.0769
      vertex -0.329937 5.2442 24.9493
      vertex 0.329937 5.2442 24.9493
    endloop
  endfacet
  facet normal -0.0424157 -0.0797042 0.995916
    outer loop
      vertex 0 6.663 25.0769
      vertex -0.331834 5.24396 24.9492
      vertex -0.329937 5.2442 24.9493
    endloop
  endfacet
  facet normal 5.50954e-05 -0.089641 0.995974
    outer loop
      vertex -1.1062 5.56125 24.9778
      vertex -0.331834 5.24396 24.9492
      vertex 0 6.663 25.0769
    endloop
  endfacet
  facet normal 8.67046e-05 -0.0895645 0.995981
    outer loop
      vertex -0.331834 5.24396 24.9492
      vertex -1.1062 5.56125 24.9778
      vertex -0.984732 5.16215 24.9419
    endloop
  endfacet
  facet normal 0.000404152 -0.0894686 0.99599
    outer loop
      vertex -0.984732 5.16215 24.9419
      vertex -1.1062 5.56125 24.9778
      vertex -1.02479 5.15195 24.941
    endloop
  endfacet
  facet normal -0.312261 0.946119 0.085748
    outer loop
      vertex -1.29468 7.18705 2.1437
      vertex -1.29448 7.14785 2.57695
      vertex -1.29253 6.77566 6.69069
    endloop
  endfacet
  facet normal -0.707124 -0.704243 -0.0633826
    outer loop
      vertex -1.41421 7.10973 4.33633
      vertex -1.41421 7.49552 0.0498209
      vertex -1.29468 7.18705 2.1437
    endloop
  endfacet
  facet normal -0.70712 -0.704247 -0.0633825
    outer loop
      vertex -1.41421 7.10973 4.33633
      vertex -1.29468 7.18705 2.1437
      vertex -1.29253 6.77566 6.69069
    endloop
  endfacet
  facet normal -0.707128 -0.704239 -0.063381
    outer loop
      vertex -1.28511 6.46069 10.1076
      vertex -1.41421 7.10973 4.33633
      vertex -1.29253 6.77566 6.69069
    endloop
  endfacet
  facet normal -0.707108 0.704259 0.063384
    outer loop
      vertex -1.41421 7.10973 4.33633
      vertex 0 8.90404 0.176588
      vertex -1.41421 7.49552 0.0498209
    endloop
  endfacet
  facet normal -0.707108 0.704259 0.0633836
    outer loop
      vertex -1.41421 7.10973 4.33633
      vertex 0 6.663 25.0769
      vertex 0 8.90404 0.176588
    endloop
  endfacet
  facet normal -0.707106 0.704261 0.0633836
    outer loop
      vertex -1.1062 5.56125 24.9778
      vertex 0 6.663 25.0769
      vertex -1.41421 7.10973 4.33633
    endloop
  endfacet
  facet normal 0 0.0896379 -0.995974
    outer loop
      vertex 1.41421 7.49552 0.0498209
      vertex -1.41421 7.49552 0.0498209
      vertex 0 8.90404 0.176588
    endloop
  endfacet
  facet normal 0.707124 -0.704243 -0.0633826
    outer loop
      vertex 1.41421 7.10973 4.33633
      vertex 1.29468 7.18705 2.1437
      vertex 1.41421 7.49552 0.0498209
    endloop
  endfacet
  facet normal 0.707216 -0.704151 -0.0633844
    outer loop
      vertex 1.29468 7.18705 2.1437
      vertex 1.41421 7.10973 4.33633
      vertex 1.29448 7.14785 2.57695
    endloop
  endfacet
  facet normal 0.707131 -0.704236 -0.0633805
    outer loop
      vertex 1.41421 7.10973 4.33633
      vertex 1.29253 6.77566 6.69069
      vertex 1.29448 7.14785 2.57695
    endloop
  endfacet
  facet normal 0.707128 -0.704239 -0.063381
    outer loop
      vertex 1.29253 6.77566 6.69069
      vertex 1.41421 7.10973 4.33633
      vertex 1.28511 6.46069 10.1076
    endloop
  endfacet
  facet normal -6.83946e-07 0.0896342 -0.995975
    outer loop
      vertex 0.470654 7.48084 0.0485004
      vertex 1.41421 7.49552 0.0498209
      vertex 1.29568 7.37746 0.039196
    endloop
  endfacet
  facet normal 0 0.0895906 -0.995979
    outer loop
      vertex -0.470654 7.48084 0.0485004
      vertex 1.41421 7.49552 0.0498209
      vertex 0.470654 7.48084 0.0485004
    endloop
  endfacet
  facet normal 0 0.0895906 -0.995979
    outer loop
      vertex -0.470654 7.48084 0.0485004
      vertex -1.41421 7.49552 0.0498209
      vertex 1.41421 7.49552 0.0498209
    endloop
  endfacet
  facet normal 6.83946e-07 0.0896342 -0.995975
    outer loop
      vertex -1.41421 7.49552 0.0498209
      vertex -0.470654 7.48084 0.0485004
      vertex -1.29568 7.37746 0.039196
    endloop
  endfacet
  facet normal 0.707108 0.704259 0.063384
    outer loop
      vertex 0 8.90404 0.176588
      vertex 1.41421 7.10973 4.33633
      vertex 1.41421 7.49552 0.0498209
    endloop
  endfacet
  facet normal 0.707108 0.704259 0.0633836
    outer loop
      vertex 0 6.663 25.0769
      vertex 1.41421 7.10973 4.33633
      vertex 0 8.90404 0.176588
    endloop
  endfacet
  facet normal 0.707106 0.704261 0.0633836
    outer loop
      vertex 0 6.663 25.0769
      vertex 1.1062 5.56125 24.9778
      vertex 1.41421 7.10973 4.33633
    endloop
  endfacet
  facet normal 0.707128 -0.704239 -0.0633817
    outer loop
      vertex 1.41421 7.49552 0.0498209
      vertex 1.29468 7.18705 2.1437
      vertex 1.29568 7.37746 0.039196
    endloop
  endfacet
  facet normal -0.707128 -0.704239 -0.0633817
    outer loop
      vertex -1.29468 7.18705 2.1437
      vertex -1.41421 7.49552 0.0498209
      vertex -1.29568 7.37746 0.039196
    endloop
  endfacet
  facet normal 0.0177635 -0.0677914 0.997541
    outer loop
      vertex -1.1062 5.56125 24.9778
      vertex -1.62376 4.99743 24.9487
      vertex -1.62189 4.99792 24.9487
    endloop
  endfacet
  facet normal 0.0342506 -0.0828448 0.995974
    outer loop
      vertex -2.54982 6.15581 25.0769
      vertex -1.62376 4.99743 24.9487
      vertex -1.1062 5.56125 24.9778
    endloop
  endfacet
  facet normal 0.0343417 -0.0827722 0.995977
    outer loop
      vertex -1.62376 4.99743 24.9487
      vertex -2.54982 6.15581 25.0769
      vertex -2.00711 4.8456 24.9493
    endloop
  endfacet
  facet normal 0.0341899 -0.0827481 0.995984
    outer loop
      vertex -1.02479 5.15195 24.941
      vertex -1.1062 5.56125 24.9778
      vertex -1.62189 4.99792 24.9487
    endloop
  endfacet
  facet normal 0.922802 -0.380025 -0.0633828
    outer loop
      vertex -1.41421 7.10973 4.33633
      vertex -1.55394 7.12278 2.22373
      vertex -1.56185 7.46615 0.0498209
    endloop
  endfacet
  facet normal 0.922787 -0.380063 -0.063382
    outer loop
      vertex -1.41421 7.10973 4.33633
      vertex -1.45089 6.86898 5.24593
      vertex -1.55394 7.12278 2.22373
    endloop
  endfacet
  facet normal 0.922781 -0.380075 -0.0633855
    outer loop
      vertex -1.45089 6.86898 5.24593
      vertex -1.41421 7.10973 4.33633
      vertex -1.28511 6.46069 10.1076
    endloop
  endfacet
  facet normal -0.922786 0.380063 0.0633834
    outer loop
      vertex -4.02734 6.02734 4.33632
      vertex -2.54982 6.15581 25.0769
      vertex -4.17497 6.38376 0.0498209
    endloop
  endfacet
  facet normal -0.922789 0.380057 0.0633836
    outer loop
      vertex -2.54982 6.15581 25.0769
      vertex -4.02734 6.02734 4.33632
      vertex -3.1502 4.7146 24.9778
    endloop
  endfacet
  facet normal 0.0345009 -0.0827063 0.995977
    outer loop
      vertex -2.54982 6.15581 25.0769
      vertex -2.23551 4.75514 24.9497
      vertex -2.00711 4.8456 24.9493
    endloop
  endfacet
  facet normal 0.0330269 -0.0830391 0.995999
    outer loop
      vertex -2.23551 4.75514 24.9497
      vertex -2.54982 6.15581 25.0769
      vertex -2.23727 4.75444 24.9497
    endloop
  endfacet
  facet normal 0.0342679 -0.0827606 0.99598
    outer loop
      vertex -3.1502 4.7146 24.9778
      vertex -2.23727 4.75444 24.9497
      vertex -2.54982 6.15581 25.0769
    endloop
  endfacet
  facet normal 0.0342753 -0.0829397 0.995965
    outer loop
      vertex -2.23727 4.75444 24.9497
      vertex -3.1502 4.7146 24.9778
      vertex -2.81395 4.43807 24.9432
    endloop
  endfacet
  facet normal 0.0409923 -0.0748208 0.996354
    outer loop
      vertex -2.81395 4.43807 24.9432
      vertex -3.1502 4.7146 24.9778
      vertex -2.81583 4.43704 24.9432
    endloop
  endfacet
  facet normal 0.017475 -0.102925 0.994536
    outer loop
      vertex -2.81583 4.43704 24.9432
      vertex -3.1502 4.7146 24.9778
      vertex -2.81756 4.43578 24.9431
    endloop
  endfacet
  facet normal 0.034591 -0.0826841 0.995975
    outer loop
      vertex -2.81756 4.43578 24.9431
      vertex -3.1502 4.7146 24.9778
      vertex -2.9162 4.3644 24.9406
    endloop
  endfacet
  facet normal -0.383782 -0.921246 -0.0633834
    outer loop
      vertex -4.02734 6.02734 4.33632
      vertex -4.17497 6.38376 0.0498209
      vertex -3.94966 6.14783 2.11471
    endloop
  endfacet
  facet normal -0.383783 -0.921245 -0.0633834
    outer loop
      vertex -3.64714 5.45833 10.3045
      vertex -4.02734 6.02734 4.33632
      vertex -3.94966 6.14783 2.11471
    endloop
  endfacet
  facet normal -0.0343008 0.0828106 -0.995975
    outer loop
      vertex -2.3163 7.12884 0.047758
      vertex -1.56185 7.46615 0.0498209
      vertex -1.62845 7.30627 0.0388213
    endloop
  endfacet
  facet normal -0.0391545 0.0936597 -0.994834
    outer loop
      vertex -2.31747 7.12837 0.0477598
      vertex -1.56185 7.46615 0.0498209
      vertex -2.3163 7.12884 0.047758
    endloop
  endfacet
  facet normal -0.0342953 0.0827966 -0.995976
    outer loop
      vertex -3.19146 6.78221 0.049078
      vertex -1.56185 7.46615 0.0498209
      vertex -2.31747 7.12837 0.0477598
    endloop
  endfacet
  facet normal -0.0343077 0.0828261 -0.995973
    outer loop
      vertex -3.19146 6.78221 0.049078
      vertex -4.17497 6.38376 0.0498209
      vertex -1.56185 7.46615 0.0498209
    endloop
  endfacet
  facet normal -0.0333018 0.0803427 -0.996211
    outer loop
      vertex -3.1926 6.78158 0.0490653
      vertex -4.17497 6.38376 0.0498209
      vertex -3.19146 6.78221 0.049078
    endloop
  endfacet
  facet normal -0.0343024 0.082814 -0.995974
    outer loop
      vertex -4.01678 6.32943 0.0398552
      vertex -4.17497 6.38376 0.0498209
      vertex -3.1926 6.78158 0.0490653
    endloop
  endfacet
  facet normal -0.0343093 0.0827943 -0.995976
    outer loop
      vertex -4.17497 6.38376 0.0498209
      vertex -4.01678 6.32943 0.0398552
      vertex -4.02631 6.32253 0.0396099
    endloop
  endfacet
  facet normal -0.922791 0.380051 0.0633836
    outer loop
      vertex -3.40743 8.22626 0.176588
      vertex -4.17497 6.38376 0.0498209
      vertex -2.54982 6.15581 25.0769
    endloop
  endfacet
  facet normal -0.0343029 0.0828144 -0.995974
    outer loop
      vertex -1.56185 7.46615 0.0498209
      vertex -4.17497 6.38376 0.0498209
      vertex -3.40743 8.22626 0.176588
    endloop
  endfacet
  facet normal 0.383771 0.92125 0.0633837
    outer loop
      vertex -1.41421 7.10973 4.33633
      vertex -2.54982 6.15581 25.0769
      vertex -1.1062 5.56125 24.9778
    endloop
  endfacet
  facet normal 0.383773 0.92125 0.0633837
    outer loop
      vertex -1.41421 7.10973 4.33633
      vertex -3.40743 8.22626 0.176588
      vertex -2.54982 6.15581 25.0769
    endloop
  endfacet
  facet normal 0.383774 0.921249 0.0633829
    outer loop
      vertex -3.40743 8.22626 0.176588
      vertex -1.41421 7.10973 4.33633
      vertex -1.56185 7.46615 0.0498209
    endloop
  endfacet
  facet normal 0.922795 -0.380041 -0.0633853
    outer loop
      vertex -1.55394 7.12278 2.22373
      vertex -1.62845 7.30627 0.0388213
      vertex -1.56185 7.46615 0.0498209
    endloop
  endfacet
  facet normal -0.383794 -0.921241 -0.0633815
    outer loop
      vertex -3.94966 6.14783 2.11471
      vertex -4.17497 6.38376 0.0498209
      vertex -4.02631 6.32253 0.0396099
    endloop
  endfacet
  facet normal 0.0634342 -0.0634108 0.995969
    outer loop
      vertex -3.1502 4.7146 24.9778
      vertex -3.34945 4.04879 24.9481
      vertex -2.9162 4.3644 24.9406
    endloop
  endfacet
  facet normal 0.0633465 -0.0633849 0.995977
    outer loop
      vertex -4.71146 4.71146 25.0769
      vertex -3.34945 4.04879 24.9481
      vertex -3.1502 4.7146 24.9778
    endloop
  endfacet
  facet normal 0.0633272 -0.0634243 0.995975
    outer loop
      vertex -3.34945 4.04879 24.9481
      vertex -4.71146 4.71146 25.0769
      vertex -3.82899 3.59825 24.9499
    endloop
  endfacet
  facet normal 0.0610087 -0.0652651 0.996001
    outer loop
      vertex -3.82899 3.59825 24.9499
      vertex -4.71146 4.71146 25.0769
      vertex -3.83037 3.59696 24.9499
    endloop
  endfacet
  facet normal 0.0703749 -0.0578424 0.995842
    outer loop
      vertex -3.83037 3.59696 24.9499
      vertex -4.71146 4.71146 25.0769
      vertex -3.83157 3.5955 24.9499
    endloop
  endfacet
  facet normal 0.0634133 -0.0633464 0.995975
    outer loop
      vertex -4.7146 3.1502 24.9778
      vertex -3.83157 3.5955 24.9499
      vertex -4.71146 4.71146 25.0769
    endloop
  endfacet
  facet normal 0.0634185 -0.0633567 0.995974
    outer loop
      vertex -3.83157 3.5955 24.9499
      vertex -4.7146 3.1502 24.9778
      vertex -4.25139 3.08881 24.9444
    endloop
  endfacet
  facet normal 0.0634267 -0.063296 0.995977
    outer loop
      vertex -4.25139 3.08881 24.9444
      vertex -4.7146 3.1502 24.9778
      vertex -4.36226 2.91477 24.9404
    endloop
  endfacet
  facet normal -0.002056 -0.997987 -0.0633787
    outer loop
      vertex -6.02734 4.02734 4.33632
      vertex -5.53073 3.72065 9.14948
      vertex -5.44589 3.63883 10.4351
    endloop
  endfacet
  facet normal -0.00200266 -0.997987 -0.0633842
    outer loop
      vertex -6.02734 4.02734 4.33632
      vertex -5.98934 4.16294 2.20009
      vertex -5.53073 3.72065 9.14948
    endloop
  endfacet
  facet normal -0.00199818 -0.997987 -0.0633841
    outer loop
      vertex -5.98934 4.16294 2.20009
      vertex -6.02734 4.02734 4.33632
      vertex -6.30013 4.30013 0.0498209
    endloop
  endfacet
  facet normal -0.997987 -0.00201057 0.0633833
    outer loop
      vertex -6.02734 4.02734 4.33632
      vertex -6.2961 6.2961 0.176588
      vertex -6.30013 4.30013 0.0498209
    endloop
  endfacet
  facet normal -0.997987 -0.00201053 0.0633833
    outer loop
      vertex -6.2961 6.2961 0.176588
      vertex -6.02734 4.02734 4.33632
      vertex -4.71146 4.71146 25.0769
    endloop
  endfacet
  facet normal -0.997987 -0.00201608 0.0633835
    outer loop
      vertex -4.71146 4.71146 25.0769
      vertex -6.02734 4.02734 4.33632
      vertex -4.7146 3.1502 24.9778
    endloop
  endfacet
  facet normal -0.0633838 0.0633838 -0.995974
    outer loop
      vertex -4.30013 6.30013 0.0498209
      vertex -6.30013 4.30013 0.0498209
      vertex -6.2961 6.2961 0.176588
    endloop
  endfacet
  facet normal 0.997987 0.00199462 -0.0633843
    outer loop
      vertex -4.02734 6.02734 4.33632
      vertex -4.15819 5.97858 2.27455
      vertex -4.30013 6.30013 0.0498209
    endloop
  endfacet
  facet normal 0.997987 0.00200978 -0.0633847
    outer loop
      vertex -4.15819 5.97858 2.27455
      vertex -4.02734 6.02734 4.33632
      vertex -3.64714 5.45833 10.3045
    endloop
  endfacet
  facet normal -0.0633831 0.063383 -0.995974
    outer loop
      vertex -4.77699 5.77633 0.0468337
      vertex -4.30013 6.30013 0.0498209
      vertex -4.30049 6.12344 0.0385994
    endloop
  endfacet
  facet normal -0.0637289 0.0636976 -0.995932
    outer loop
      vertex -4.77799 5.7756 0.046851
      vertex -4.30013 6.30013 0.0498209
      vertex -4.77699 5.77633 0.0468337
    endloop
  endfacet
  facet normal -0.065096 0.0649421 -0.995764
    outer loop
      vertex -4.77889 5.77475 0.0468544
      vertex -4.30013 6.30013 0.0498209
      vertex -4.77799 5.7756 0.046851
    endloop
  endfacet
  facet normal -0.0633759 0.0633758 -0.995975
    outer loop
      vertex -5.46402 5.13105 0.0494907
      vertex -4.30013 6.30013 0.0498209
      vertex -4.77889 5.77475 0.0468544
    endloop
  endfacet
  facet normal -0.0636283 0.0639313 -0.995924
    outer loop
      vertex -6.30013 4.30013 0.0498209
      vertex -6.0639 4.40703 0.0415907
      vertex -6.0646 4.40619 0.0415815
    endloop
  endfacet
  facet normal -0.0633664 0.0633664 -0.995977
    outer loop
      vertex -5.46402 5.13105 0.0494907
      vertex -6.30013 4.30013 0.0498209
      vertex -4.30013 6.30013 0.0498209
    endloop
  endfacet
  facet normal -0.0633811 0.0633812 -0.995975
    outer loop
      vertex -6.0639 4.40703 0.0415907
      vertex -6.30013 4.30013 0.0498209
      vertex -5.46402 5.13105 0.0494907
    endloop
  endfacet
  facet normal -0.0636532 0.063987 -0.995919
    outer loop
      vertex -6.06519 4.40527 0.0415601
      vertex -6.30013 4.30013 0.0498209
      vertex -6.0646 4.40619 0.0415815
    endloop
  endfacet
  facet normal -0.063383 0.0633789 -0.995975
    outer loop
      vertex -6.30013 4.30013 0.0498209
      vertex -6.06519 4.40527 0.0415601
      vertex -6.13195 4.30047 0.0391397
    endloop
  endfacet
  facet normal 0.00201608 0.997987 0.0633835
    outer loop
      vertex -4.02734 6.02734 4.33632
      vertex -4.71146 4.71146 25.0769
      vertex -3.1502 4.7146 24.9778
    endloop
  endfacet
  facet normal 0.00201053 0.997987 0.0633833
    outer loop
      vertex -4.02734 6.02734 4.33632
      vertex -6.2961 6.2961 0.176588
      vertex -4.71146 4.71146 25.0769
    endloop
  endfacet
  facet normal 0.00201057 0.997987 0.0633833
    outer loop
      vertex -6.2961 6.2961 0.176588
      vertex -4.02734 6.02734 4.33632
      vertex -4.30013 6.30013 0.0498209
    endloop
  endfacet
  facet normal 0.997987 0.00199217 -0.0633847
    outer loop
      vertex -4.15819 5.97858 2.27455
      vertex -4.30049 6.12344 0.0385994
      vertex -4.30013 6.30013 0.0498209
    endloop
  endfacet
  facet normal -0.00200789 -0.997987 -0.0633827
    outer loop
      vertex -5.98934 4.16294 2.20009
      vertex -6.30013 4.30013 0.0498209
      vertex -6.13195 4.30047 0.0391397
    endloop
  endfacet
  facet normal 0.082764 -0.0343561 0.995977
    outer loop
      vertex -4.7146 3.1502 24.9778
      vertex -4.6037 2.53317 24.9473
      vertex -4.36226 2.91477 24.9404
    endloop
  endfacet
  facet normal 0.0608157 -0.0383718 0.997411
    outer loop
      vertex -4.7146 3.1502 24.9778
      vertex -4.60476 2.53149 24.9473
      vertex -4.6037 2.53317 24.9473
    endloop
  endfacet
  facet normal 0.159278 -0.0203798 0.987023
    outer loop
      vertex -4.7146 3.1502 24.9778
      vertex -4.60561 2.52969 24.9474
      vertex -4.60476 2.53149 24.9473
    endloop
  endfacet
  facet normal 0.082757 -0.0342591 0.995981
    outer loop
      vertex -6.15581 2.54982 25.0769
      vertex -4.60561 2.52969 24.9474
      vertex -4.7146 3.1502 24.9778
    endloop
  endfacet
  facet normal 0.0827561 -0.0343124 0.995979
    outer loop
      vertex -4.60561 2.52969 24.9474
      vertex -6.15581 2.54982 25.0769
      vertex -4.85035 2.00908 24.9498
    endloop
  endfacet
  facet normal -0.380057 0.922789 0.0633836
    outer loop
      vertex -6.02734 4.02734 4.33632
      vertex -6.15581 2.54982 25.0769
      vertex -4.7146 3.1502 24.9778
    endloop
  endfacet
  facet normal -0.380063 0.922786 0.0633834
    outer loop
      vertex -6.15581 2.54982 25.0769
      vertex -6.02734 4.02734 4.33632
      vertex -6.38376 4.17497 0.0498209
    endloop
  endfacet
  facet normal -0.380051 0.922791 0.0633836
    outer loop
      vertex -6.38376 4.17497 0.0498209
      vertex -8.22626 3.40743 0.176588
      vertex -6.15581 2.54982 25.0769
    endloop
  endfacet
  facet normal 0.0828697 -0.034308 0.99597
    outer loop
      vertex -5.56125 1.1062 24.9778
      vertex -5.08918 1.30879 24.9455
      vertex -4.8855 1.93431 24.9501
    endloop
  endfacet
  facet normal 0.0827922 -0.0341976 0.99598
    outer loop
      vertex -5.08981 1.30684 24.9455
      vertex -5.56125 1.1062 24.9778
      vertex -5.14438 1.02328 24.9403
    endloop
  endfacet
  facet normal 0.0791604 -0.0255749 0.996534
    outer loop
      vertex -5.08918 1.30879 24.9455
      vertex -5.56125 1.1062 24.9778
      vertex -5.08981 1.30684 24.9455
    endloop
  endfacet
  facet normal 0.0825496 -0.0348111 0.995979
    outer loop
      vertex -6.15581 2.54982 25.0769
      vertex -4.8855 1.93431 24.9501
      vertex -4.85035 2.00908 24.9498
    endloop
  endfacet
  facet normal 0.0828148 -0.0342631 0.995976
    outer loop
      vertex -4.8855 1.93431 24.9501
      vertex -6.15581 2.54982 25.0769
      vertex -5.56125 1.1062 24.9778
    endloop
  endfacet
  facet normal 0.921248 0.383777 -0.0633821
    outer loop
      vertex -6.31603 4.01052 0.038525
      vertex -6.38376 4.17497 0.0498209
      vertex -6.12701 3.92977 2.29696
    endloop
  endfacet
  facet normal 0.921256 0.383758 -0.063385
    outer loop
      vertex -6.02734 4.02734 4.33632
      vertex -6.12701 3.92977 2.29696
      vertex -6.38376 4.17497 0.0498209
    endloop
  endfacet
  facet normal 0.921252 0.383766 -0.0633852
    outer loop
      vertex -6.02734 4.02734 4.33632
      vertex -5.47734 3.65226 10.0592
      vertex -6.12701 3.92977 2.29696
    endloop
  endfacet
  facet normal 0.921031 0.384306 -0.0633286
    outer loop
      vertex -5.47734 3.65226 10.0592
      vertex -6.02734 4.02734 4.33632
      vertex -5.44589 3.63883 10.4351
    endloop
  endfacet
  facet normal 0.380048 -0.922793 -0.0633823
    outer loop
      vertex -7.10973 1.41421 4.33633
      vertex -7.11718 1.55381 2.2592
      vertex -6.41654 1.27633 10.5002
    endloop
  endfacet
  facet normal 0.380025 -0.922802 -0.0633828
    outer loop
      vertex -7.11718 1.55381 2.2592
      vertex -7.10973 1.41421 4.33633
      vertex -7.46615 1.56185 0.0498209
    endloop
  endfacet
  facet normal -0.0828144 0.0343029 -0.995974
    outer loop
      vertex -7.46615 1.56185 0.0498209
      vertex -8.22626 3.40743 0.176588
      vertex -6.38376 4.17497 0.0498209
    endloop
  endfacet
  facet normal -0.921249 -0.383774 0.0633829
    outer loop
      vertex -7.10973 1.41421 4.33633
      vertex -8.22626 3.40743 0.176588
      vertex -7.46615 1.56185 0.0498209
    endloop
  endfacet
  facet normal -0.92125 -0.383773 0.0633837
    outer loop
      vertex -8.22626 3.40743 0.176588
      vertex -7.10973 1.41421 4.33633
      vertex -6.15581 2.54982 25.0769
    endloop
  endfacet
  facet normal -0.92125 -0.383771 0.0633837
    outer loop
      vertex -6.15581 2.54982 25.0769
      vertex -7.10973 1.41421 4.33633
      vertex -5.56125 1.1062 24.9778
    endloop
  endfacet
  facet normal 0.380045 -0.922794 -0.0633859
    outer loop
      vertex -7.11718 1.55381 2.2592
      vertex -7.46615 1.56185 0.0498209
      vertex -7.30596 1.62858 0.0387995
    endloop
  endfacet
  facet normal -0.082817 0.0343036 -0.995974
    outer loop
      vertex -6.56869 3.61117 0.0457796
      vertex -6.38376 4.17497 0.0498209
      vertex -6.31603 4.01052 0.038525
    endloop
  endfacet
  facet normal -0.0828172 0.0343037 -0.995974
    outer loop
      vertex -6.9686 2.76047 0.0497328
      vertex -6.38376 4.17497 0.0498209
      vertex -6.56869 3.61117 0.0457796
    endloop
  endfacet
  facet normal -0.0770156 0.031905 -0.996519
    outer loop
      vertex -6.96916 2.75929 0.0497383
      vertex -6.38376 4.17497 0.0498209
      vertex -6.9686 2.76047 0.0497328
    endloop
  endfacet
  facet normal -0.0828145 0.0343026 -0.995974
    outer loop
      vertex -7.46615 1.56185 0.0498209
      vertex -7.26083 1.86309 0.0431238
      vertex -7.30596 1.62858 0.0387995
    endloop
  endfacet
  facet normal -0.0827649 0.0342824 -0.995979
    outer loop
      vertex -6.96916 2.75929 0.0497383
      vertex -7.46615 1.56185 0.0498209
      vertex -6.38376 4.17497 0.0498209
    endloop
  endfacet
  facet normal -0.0849858 0.0352041 -0.99576
    outer loop
      vertex -6.96957 2.75804 0.0497291
      vertex -7.46615 1.56185 0.0498209
      vertex -6.96916 2.75929 0.0497383
    endloop
  endfacet
  facet normal -0.0828109 0.0343012 -0.995975
    outer loop
      vertex -7.26061 1.86421 0.0431444
      vertex -7.46615 1.56185 0.0498209
      vertex -6.96957 2.75804 0.0497291
    endloop
  endfacet
  facet normal -0.0833932 0.0346985 -0.995912
    outer loop
      vertex -7.26083 1.86309 0.0431238
      vertex -7.46615 1.56185 0.0498209
      vertex -7.26061 1.86421 0.0431444
    endloop
  endfacet
  facet normal 0.704249 -0.707118 -0.0633825
    outer loop
      vertex -7.16526 -1.28624 2.29165
      vertex -6.41654 -1.27633 10.5002
      vertex -7.10973 -1.41421 4.33633
    endloop
  endfacet
  facet normal 0.704244 -0.707123 -0.0633826
    outer loop
      vertex -7.16526 -1.28624 2.29165
      vertex -7.10973 -1.41421 4.33633
      vertex -7.49552 -1.41421 0.0498209
    endloop
  endfacet
  facet normal -0.704261 -0.707106 0.0633836
    outer loop
      vertex -6.663 0 25.0769
      vertex -7.10973 -1.41421 4.33633
      vertex -5.56125 -1.1062 24.9778
    endloop
  endfacet
  facet normal -0.704259 -0.707108 0.0633836
    outer loop
      vertex -8.90404 0 0.176588
      vertex -7.10973 -1.41421 4.33633
      vertex -6.663 0 25.0769
    endloop
  endfacet
  facet normal -0.704259 -0.707108 0.063384
    outer loop
      vertex -7.10973 -1.41421 4.33633
      vertex -8.90404 0 0.176588
      vertex -7.49552 -1.41421 0.0498209
    endloop
  endfacet
  facet normal 0.0827838 -0.00534885 0.996553
    outer loop
      vertex -5.56125 1.1062 24.9778
      vertex -5.21351 0.656591 24.9465
      vertex -5.21338 0.658603 24.9465
    endloop
  endfacet
  facet normal 0.0896129 -2.68691e-05 0.995977
    outer loop
      vertex -5.21351 0.656591 24.9465
      vertex -5.56125 1.1062 24.9778
      vertex -6.663 0 25.0769
    endloop
  endfacet
  facet normal 0.123887 0.0269197 0.991931
    outer loop
      vertex -5.21301 0.660585 24.9464
      vertex -5.56125 1.1062 24.9778
      vertex -5.21338 0.658603 24.9465
    endloop
  endfacet
  facet normal 0.0895558 -0.00019501 0.995982
    outer loop
      vertex -5.56125 1.1062 24.9778
      vertex -5.21301 0.660585 24.9464
      vertex -5.14438 1.02328 24.9403
    endloop
  endfacet
  facet normal 0.0895908 -2.22119e-05 0.995979
    outer loop
      vertex -6.663 0 25.0769
      vertex -5.21351 -0.656591 24.9465
      vertex -5.25448 0 24.9502
    endloop
  endfacet
  facet normal 0.0895908 2.22119e-05 0.995979
    outer loop
      vertex -5.21351 0.656591 24.9465
      vertex -6.663 0 25.0769
      vertex -5.25448 0 24.9502
    endloop
  endfacet
  facet normal 0.0896129 2.68691e-05 0.995977
    outer loop
      vertex -5.56125 -1.1062 24.9778
      vertex -5.21351 -0.656591 24.9465
      vertex -6.663 0 25.0769
    endloop
  endfacet
  facet normal 0.0827838 0.00534885 0.996553
    outer loop
      vertex -5.21351 -0.656591 24.9465
      vertex -5.56125 -1.1062 24.9778
      vertex -5.21338 -0.658603 24.9465
    endloop
  endfacet
  facet normal 0.0895558 0.00019501 0.995982
    outer loop
      vertex -5.21301 -0.660585 24.9464
      vertex -5.56125 -1.1062 24.9778
      vertex -5.14438 -1.02328 24.9403
    endloop
  endfacet
  facet normal 0.123887 -0.0269197 0.991931
    outer loop
      vertex -5.21338 -0.658603 24.9465
      vertex -5.56125 -1.1062 24.9778
      vertex -5.21301 -0.660585 24.9464
    endloop
  endfacet
  facet normal -0.0896379 0 -0.995974
    outer loop
      vertex -8.90404 0 0.176588
      vertex -7.49552 -4.69902e-06 0.0498209
      vertex -7.49552 -1.41421 0.0498209
    endloop
  endfacet
  facet normal -0.0896379 0 -0.995974
    outer loop
      vertex -7.49552 -4.69902e-06 0.0498209
      vertex -8.90404 0 0.176588
      vertex -7.49552 0 0.0498209
    endloop
  endfacet
  facet normal -0.0896379 0 -0.995974
    outer loop
      vertex -8.90404 0 0.176588
      vertex -7.49552 4.69902e-06 0.0498209
      vertex -7.49552 0 0.0498209
    endloop
  endfacet
  facet normal -0.0896379 0 -0.995974
    outer loop
      vertex -7.49552 4.69902e-06 0.0498209
      vertex -8.90404 0 0.176588
      vertex -7.49552 1.41421 0.0498209
    endloop
  endfacet
  facet normal 0.704244 0.707123 -0.0633826
    outer loop
      vertex -7.16526 1.28624 2.29165
      vertex -7.49552 1.41421 0.0498209
      vertex -7.10973 1.41421 4.33633
    endloop
  endfacet
  facet normal 0.704249 0.707118 -0.0633825
    outer loop
      vertex -7.16526 1.28624 2.29165
      vertex -7.10973 1.41421 4.33633
      vertex -6.41654 1.27633 10.5002
    endloop
  endfacet
  facet normal -0.0896328 6.49026e-07 -0.995975
    outer loop
      vertex -7.49552 -1.41421 0.0498209
      vertex -7.43688 -0.939496 0.0445439
      vertex -7.37076 -1.28896 0.0385932
    endloop
  endfacet
  facet normal -0.0896321 5.63574e-07 -0.995975
    outer loop
      vertex -7.49552 -1.41421 0.0498209
      vertex -7.49543 -0.00131109 0.0498136
      vertex -7.43688 -0.939496 0.0445439
    endloop
  endfacet
  facet normal -0.0808456 0 -0.996727
    outer loop
      vertex -7.49543 -0.00131109 0.0498136
      vertex -7.49552 -1.41421 0.0498209
      vertex -7.49552 -4.69902e-06 0.0498209
    endloop
  endfacet
  facet normal -0.0808456 -0 -0.996727
    outer loop
      vertex -7.49552 1.41421 0.0498209
      vertex -7.49543 0.00131109 0.0498136
      vertex -7.49552 4.69902e-06 0.0498209
    endloop
  endfacet
  facet normal -0.0896328 -6.49026e-07 -0.995975
    outer loop
      vertex -7.43688 0.939496 0.0445439
      vertex -7.49552 1.41421 0.0498209
      vertex -7.37076 1.28896 0.0385932
    endloop
  endfacet
  facet normal -0.0896321 -5.63574e-07 -0.995975
    outer loop
      vertex -7.49543 0.00131109 0.0498136
      vertex -7.49552 1.41421 0.0498209
      vertex -7.43688 0.939496 0.0445439
    endloop
  endfacet
  facet normal -0.704261 0.707106 0.0633836
    outer loop
      vertex -7.10973 1.41421 4.33633
      vertex -6.663 0 25.0769
      vertex -5.56125 1.1062 24.9778
    endloop
  endfacet
  facet normal -0.704259 0.707108 0.0633836
    outer loop
      vertex -7.10973 1.41421 4.33633
      vertex -8.90404 0 0.176588
      vertex -6.663 0 25.0769
    endloop
  endfacet
  facet normal -0.704259 0.707108 0.063384
    outer loop
      vertex -8.90404 0 0.176588
      vertex -7.10973 1.41421 4.33633
      vertex -7.49552 1.41421 0.0498209
    endloop
  endfacet
  facet normal 0.704221 0.707147 -0.0633778
    outer loop
      vertex -7.37076 1.28896 0.0385932
      vertex -7.49552 1.41421 0.0498209
      vertex -7.16526 1.28624 2.29165
    endloop
  endfacet
  facet normal 0.704221 -0.707147 -0.0633778
    outer loop
      vertex -7.16526 -1.28624 2.29165
      vertex -7.49552 -1.41421 0.0498209
      vertex -7.37076 -1.28896 0.0385932
    endloop
  endfacet
  facet normal 0.0791604 0.0255749 0.996534
    outer loop
      vertex -5.56125 -1.1062 24.9778
      vertex -5.08918 -1.30879 24.9455
      vertex -5.08981 -1.30684 24.9455
    endloop
  endfacet
  facet normal 0.0827922 0.0341976 0.99598
    outer loop
      vertex -5.56125 -1.1062 24.9778
      vertex -5.08981 -1.30684 24.9455
      vertex -5.14438 -1.02328 24.9403
    endloop
  endfacet
  facet normal 0.0828697 0.034308 0.99597
    outer loop
      vertex -5.08918 -1.30879 24.9455
      vertex -5.56125 -1.1062 24.9778
      vertex -4.8855 -1.93431 24.9501
    endloop
  endfacet
  facet normal 0.0828148 0.0342631 0.995976
    outer loop
      vertex -6.15581 -2.54982 25.0769
      vertex -4.8855 -1.93431 24.9501
      vertex -5.56125 -1.1062 24.9778
    endloop
  endfacet
  facet normal 0.0825496 0.0348111 0.995979
    outer loop
      vertex -4.8855 -1.93431 24.9501
      vertex -6.15581 -2.54982 25.0769
      vertex -4.85035 -2.00908 24.9498
    endloop
  endfacet
  facet normal 0.380048 0.922793 -0.0633823
    outer loop
      vertex -7.11718 -1.55381 2.2592
      vertex -7.10973 -1.41421 4.33633
      vertex -6.41654 -1.27633 10.5002
    endloop
  endfacet
  facet normal 0.380025 0.922802 -0.0633828
    outer loop
      vertex -7.10973 -1.41421 4.33633
      vertex -7.11718 -1.55381 2.2592
      vertex -7.46615 -1.56185 0.0498209
    endloop
  endfacet
  facet normal -0.380057 -0.922789 0.0633836
    outer loop
      vertex -6.15581 -2.54982 25.0769
      vertex -6.02734 -4.02734 4.33632
      vertex -4.7146 -3.1502 24.9778
    endloop
  endfacet
  facet normal -0.380063 -0.922786 0.0633834
    outer loop
      vertex -6.02734 -4.02734 4.33632
      vertex -6.15581 -2.54982 25.0769
      vertex -6.38376 -4.17497 0.0498209
    endloop
  endfacet
  facet normal 0.082764 0.0343561 0.995977
    outer loop
      vertex -4.6037 -2.53317 24.9473
      vertex -4.7146 -3.1502 24.9778
      vertex -4.36226 -2.91477 24.9404
    endloop
  endfacet
  facet normal 0.0608157 0.0383718 0.997411
    outer loop
      vertex -4.60476 -2.53149 24.9473
      vertex -4.7146 -3.1502 24.9778
      vertex -4.6037 -2.53317 24.9473
    endloop
  endfacet
  facet normal 0.159278 0.0203798 0.987023
    outer loop
      vertex -4.60561 -2.52969 24.9474
      vertex -4.7146 -3.1502 24.9778
      vertex -4.60476 -2.53149 24.9473
    endloop
  endfacet
  facet normal 0.0827561 0.0343124 0.995979
    outer loop
      vertex -6.15581 -2.54982 25.0769
      vertex -4.60561 -2.52969 24.9474
      vertex -4.85035 -2.00908 24.9498
    endloop
  endfacet
  facet normal 0.082757 0.0342591 0.995981
    outer loop
      vertex -4.60561 -2.52969 24.9474
      vertex -6.15581 -2.54982 25.0769
      vertex -4.7146 -3.1502 24.9778
    endloop
  endfacet
  facet normal 0.921031 -0.384306 -0.0633286
    outer loop
      vertex -6.02734 -4.02734 4.33632
      vertex -5.47734 -3.65226 10.0592
      vertex -5.44589 -3.63883 10.4351
    endloop
  endfacet
  facet normal 0.921252 -0.383766 -0.0633852
    outer loop
      vertex -6.02734 -4.02734 4.33632
      vertex -6.12701 -3.92977 2.29696
      vertex -5.47734 -3.65226 10.0592
    endloop
  endfacet
  facet normal 0.921256 -0.383758 -0.063385
    outer loop
      vertex -6.12701 -3.92977 2.29696
      vertex -6.02734 -4.02734 4.33632
      vertex -6.38376 -4.17497 0.0498209
    endloop
  endfacet
  facet normal -0.082817 -0.0343036 -0.995974
    outer loop
      vertex -6.38376 -4.17497 0.0498209
      vertex -6.56869 -3.61117 0.0457796
      vertex -6.31603 -4.01052 0.038525
    endloop
  endfacet
  facet normal -0.0828172 -0.0343037 -0.995974
    outer loop
      vertex -6.38376 -4.17497 0.0498209
      vertex -6.9686 -2.76047 0.0497328
      vertex -6.56869 -3.61117 0.0457796
    endloop
  endfacet
  facet normal -0.0770156 -0.031905 -0.996519
    outer loop
      vertex -6.38376 -4.17497 0.0498209
      vertex -6.96916 -2.75929 0.0497383
      vertex -6.9686 -2.76047 0.0497328
    endloop
  endfacet
  facet normal -0.0833932 -0.0346985 -0.995912
    outer loop
      vertex -7.46615 -1.56185 0.0498209
      vertex -7.26083 -1.86309 0.0431238
      vertex -7.26061 -1.86421 0.0431444
    endloop
  endfacet
  facet normal -0.0828145 -0.0343026 -0.995974
    outer loop
      vertex -7.26083 -1.86309 0.0431238
      vertex -7.46615 -1.56185 0.0498209
      vertex -7.30596 -1.62858 0.0387995
    endloop
  endfacet
  facet normal -0.0828109 -0.0343012 -0.995975
    outer loop
      vertex -6.96957 -2.75804 0.0497291
      vertex -7.46615 -1.56185 0.0498209
      vertex -7.26061 -1.86421 0.0431444
    endloop
  endfacet
  facet normal -0.0849858 -0.0352041 -0.99576
    outer loop
      vertex -6.96916 -2.75929 0.0497383
      vertex -7.46615 -1.56185 0.0498209
      vertex -6.96957 -2.75804 0.0497291
    endloop
  endfacet
  facet normal -0.0827649 -0.0342824 -0.995979
    outer loop
      vertex -7.46615 -1.56185 0.0498209
      vertex -6.96916 -2.75929 0.0497383
      vertex -6.38376 -4.17497 0.0498209
    endloop
  endfacet
  facet normal -0.380051 -0.922791 0.0633836
    outer loop
      vertex -6.15581 -2.54982 25.0769
      vertex -8.22626 -3.40743 0.176588
      vertex -6.38376 -4.17497 0.0498209
    endloop
  endfacet
  facet normal -0.0828144 -0.0343029 -0.995974
    outer loop
      vertex -6.38376 -4.17497 0.0498209
      vertex -8.22626 -3.40743 0.176588
      vertex -7.46615 -1.56185 0.0498209
    endloop
  endfacet
  facet normal -0.921249 0.383774 0.0633829
    outer loop
      vertex -8.22626 -3.40743 0.176588
      vertex -7.10973 -1.41421 4.33633
      vertex -7.46615 -1.56185 0.0498209
    endloop
  endfacet
  facet normal -0.92125 0.383773 0.0633837
    outer loop
      vertex -6.15581 -2.54982 25.0769
      vertex -7.10973 -1.41421 4.33633
      vertex -8.22626 -3.40743 0.176588
    endloop
  endfacet
  facet normal -0.92125 0.383771 0.0633837
    outer loop
      vertex -7.10973 -1.41421 4.33633
      vertex -6.15581 -2.54982 25.0769
      vertex -5.56125 -1.1062 24.9778
    endloop
  endfacet
  facet normal 0.380045 0.922794 -0.0633859
    outer loop
      vertex -7.30596 -1.62858 0.0387995
      vertex -7.46615 -1.56185 0.0498209
      vertex -7.11718 -1.55381 2.2592
    endloop
  endfacet
  facet normal 0.921248 -0.383777 -0.0633821
    outer loop
      vertex -6.12701 -3.92977 2.29696
      vertex -6.38376 -4.17497 0.0498209
      vertex -6.31603 -4.01052 0.038525
    endloop
  endfacet
  facet normal 0.997987 -0.00200978 -0.0633847
    outer loop
      vertex -4.02734 -6.02734 4.33632
      vertex -4.15819 -5.97858 2.27455
      vertex -3.64714 -5.45833 10.3045
    endloop
  endfacet
  facet normal 0.997987 -0.00199462 -0.0633843
    outer loop
      vertex -4.15819 -5.97858 2.27455
      vertex -4.02734 -6.02734 4.33632
      vertex -4.30013 -6.30013 0.0498209
    endloop
  endfacet
  facet normal 0.00201608 -0.997987 0.0633835
    outer loop
      vertex -4.71146 -4.71146 25.0769
      vertex -4.02734 -6.02734 4.33632
      vertex -3.1502 -4.7146 24.9778
    endloop
  endfacet
  facet normal 0.00201053 -0.997987 0.0633833
    outer loop
      vertex -6.2961 -6.2961 0.176588
      vertex -4.02734 -6.02734 4.33632
      vertex -4.71146 -4.71146 25.0769
    endloop
  endfacet
  facet normal 0.00201057 -0.997987 0.0633833
    outer loop
      vertex -4.02734 -6.02734 4.33632
      vertex -6.2961 -6.2961 0.176588
      vertex -4.30013 -6.30013 0.0498209
    endloop
  endfacet
  facet normal 0.0634342 0.0634108 0.995969
    outer loop
      vertex -3.34945 -4.04879 24.9481
      vertex -3.1502 -4.7146 24.9778
      vertex -2.9162 -4.3644 24.9406
    endloop
  endfacet
  facet normal 0.0633272 0.0634243 0.995975
    outer loop
      vertex -4.71146 -4.71146 25.0769
      vertex -3.34945 -4.04879 24.9481
      vertex -3.82899 -3.59825 24.9499
    endloop
  endfacet
  facet normal 0.0610087 0.0652651 0.996001
    outer loop
      vertex -4.71146 -4.71146 25.0769
      vertex -3.82899 -3.59825 24.9499
      vertex -3.83037 -3.59696 24.9499
    endloop
  endfacet
  facet normal 0.0703749 0.0578424 0.995842
    outer loop
      vertex -4.71146 -4.71146 25.0769
      vertex -3.83037 -3.59696 24.9499
      vertex -3.83157 -3.5955 24.9499
    endloop
  endfacet
  facet normal 0.0634185 0.0633567 0.995974
    outer loop
      vertex -4.7146 -3.1502 24.9778
      vertex -3.83157 -3.5955 24.9499
      vertex -4.25139 -3.08881 24.9444
    endloop
  endfacet
  facet normal 0.0633465 0.0633849 0.995977
    outer loop
      vertex -3.34945 -4.04879 24.9481
      vertex -4.71146 -4.71146 25.0769
      vertex -3.1502 -4.7146 24.9778
    endloop
  endfacet
  facet normal 0.0634267 0.063296 0.995977
    outer loop
      vertex -4.7146 -3.1502 24.9778
      vertex -4.25139 -3.08881 24.9444
      vertex -4.36226 -2.91477 24.9404
    endloop
  endfacet
  facet normal 0.0634133 0.0633464 0.995975
    outer loop
      vertex -3.83157 -3.5955 24.9499
      vertex -4.7146 -3.1502 24.9778
      vertex -4.71146 -4.71146 25.0769
    endloop
  endfacet
  facet normal -0.0633838 -0.0633838 -0.995974
    outer loop
      vertex -6.2961 -6.2961 0.176588
      vertex -6.30013 -4.30013 0.0498209
      vertex -4.30013 -6.30013 0.0498209
    endloop
  endfacet
  facet normal -0.002056 0.997987 -0.0633787
    outer loop
      vertex -5.53073 -3.72065 9.14948
      vertex -6.02734 -4.02734 4.33632
      vertex -5.44589 -3.63883 10.4351
    endloop
  endfacet
  facet normal -0.00200266 0.997987 -0.0633842
    outer loop
      vertex -5.98934 -4.16294 2.20009
      vertex -6.02734 -4.02734 4.33632
      vertex -5.53073 -3.72065 9.14948
    endloop
  endfacet
  facet normal -0.00199818 0.997987 -0.0633841
    outer loop
      vertex -6.02734 -4.02734 4.33632
      vertex -5.98934 -4.16294 2.20009
      vertex -6.30013 -4.30013 0.0498209
    endloop
  endfacet
  facet normal -0.0633831 -0.063383 -0.995974
    outer loop
      vertex -4.30013 -6.30013 0.0498209
      vertex -4.77699 -5.77633 0.0468337
      vertex -4.30049 -6.12344 0.0385994
    endloop
  endfacet
  facet normal -0.0637289 -0.0636976 -0.995932
    outer loop
      vertex -4.30013 -6.30013 0.0498209
      vertex -4.77799 -5.7756 0.046851
      vertex -4.77699 -5.77633 0.0468337
    endloop
  endfacet
  facet normal -0.065096 -0.0649421 -0.995764
    outer loop
      vertex -4.30013 -6.30013 0.0498209
      vertex -4.77889 -5.77475 0.0468544
      vertex -4.77799 -5.7756 0.046851
    endloop
  endfacet
  facet normal -0.0633759 -0.0633758 -0.995975
    outer loop
      vertex -4.30013 -6.30013 0.0498209
      vertex -5.46402 -5.13105 0.0494907
      vertex -4.77889 -5.77475 0.0468544
    endloop
  endfacet
  facet normal -0.0633811 -0.0633812 -0.995975
    outer loop
      vertex -6.30013 -4.30013 0.0498209
      vertex -6.0639 -4.40703 0.0415907
      vertex -5.46402 -5.13105 0.0494907
    endloop
  endfacet
  facet normal -0.063383 -0.0633789 -0.995975
    outer loop
      vertex -6.06519 -4.40527 0.0415601
      vertex -6.30013 -4.30013 0.0498209
      vertex -6.13195 -4.30047 0.0391397
    endloop
  endfacet
  facet normal -0.0636532 -0.063987 -0.995919
    outer loop
      vertex -6.0646 -4.40619 0.0415815
      vertex -6.30013 -4.30013 0.0498209
      vertex -6.06519 -4.40527 0.0415601
    endloop
  endfacet
  facet normal -0.0636283 -0.0639313 -0.995924
    outer loop
      vertex -6.0639 -4.40703 0.0415907
      vertex -6.30013 -4.30013 0.0498209
      vertex -6.0646 -4.40619 0.0415815
    endloop
  endfacet
  facet normal -0.0633664 -0.0633664 -0.995977
    outer loop
      vertex -6.30013 -4.30013 0.0498209
      vertex -5.46402 -5.13105 0.0494907
      vertex -4.30013 -6.30013 0.0498209
    endloop
  endfacet
  facet normal -0.997987 0.00201057 0.0633833
    outer loop
      vertex -6.2961 -6.2961 0.176588
      vertex -6.02734 -4.02734 4.33632
      vertex -6.30013 -4.30013 0.0498209
    endloop
  endfacet
  facet normal -0.997987 0.00201053 0.0633833
    outer loop
      vertex -4.71146 -4.71146 25.0769
      vertex -6.02734 -4.02734 4.33632
      vertex -6.2961 -6.2961 0.176588
    endloop
  endfacet
  facet normal -0.997987 0.00201608 0.0633835
    outer loop
      vertex -6.02734 -4.02734 4.33632
      vertex -4.71146 -4.71146 25.0769
      vertex -4.7146 -3.1502 24.9778
    endloop
  endfacet
  facet normal -0.00200789 0.997987 -0.0633827
    outer loop
      vertex -6.13195 -4.30047 0.0391397
      vertex -6.30013 -4.30013 0.0498209
      vertex -5.98934 -4.16294 2.20009
    endloop
  endfacet
  facet normal 0.997987 -0.00199217 -0.0633847
    outer loop
      vertex -4.30013 -6.30013 0.0498209
      vertex -4.30049 -6.12344 0.0385994
      vertex -4.15819 -5.97858 2.27455
    endloop
  endfacet
  facet normal 0.0330269 0.0830391 0.995999
    outer loop
      vertex -2.54982 -6.15581 25.0769
      vertex -2.23551 -4.75514 24.9497
      vertex -2.23727 -4.75444 24.9497
    endloop
  endfacet
  facet normal 0.0345009 0.0827063 0.995977
    outer loop
      vertex -2.23551 -4.75514 24.9497
      vertex -2.54982 -6.15581 25.0769
      vertex -2.00711 -4.8456 24.9493
    endloop
  endfacet
  facet normal 0.0342753 0.0829397 0.995965
    outer loop
      vertex -3.1502 -4.7146 24.9778
      vertex -2.23727 -4.75444 24.9497
      vertex -2.81395 -4.43807 24.9432
    endloop
  endfacet
  facet normal 0.0409923 0.0748208 0.996354
    outer loop
      vertex -3.1502 -4.7146 24.9778
      vertex -2.81395 -4.43807 24.9432
      vertex -2.81583 -4.43704 24.9432
    endloop
  endfacet
  facet normal 0.017475 0.102925 0.994536
    outer loop
      vertex -3.1502 -4.7146 24.9778
      vertex -2.81583 -4.43704 24.9432
      vertex -2.81756 -4.43578 24.9431
    endloop
  endfacet
  facet normal 0.034591 0.0826841 0.995975
    outer loop
      vertex -3.1502 -4.7146 24.9778
      vertex -2.81756 -4.43578 24.9431
      vertex -2.9162 -4.3644 24.9406
    endloop
  endfacet
  facet normal 0.0342679 0.0827606 0.99598
    outer loop
      vertex -2.23727 -4.75444 24.9497
      vertex -3.1502 -4.7146 24.9778
      vertex -2.54982 -6.15581 25.0769
    endloop
  endfacet
  facet normal -0.922789 -0.380057 0.0633836
    outer loop
      vertex -4.02734 -6.02734 4.33632
      vertex -2.54982 -6.15581 25.0769
      vertex -3.1502 -4.7146 24.9778
    endloop
  endfacet
  facet normal -0.922786 -0.380063 0.0633834
    outer loop
      vertex -2.54982 -6.15581 25.0769
      vertex -4.02734 -6.02734 4.33632
      vertex -4.17497 -6.38376 0.0498209
    endloop
  endfacet
  facet normal -0.922791 -0.380051 0.0633836
    outer loop
      vertex -2.54982 -6.15581 25.0769
      vertex -4.17497 -6.38376 0.0498209
      vertex -3.40743 -8.22626 0.176588
    endloop
  endfacet
  facet normal 0.0341899 0.0827481 0.995984
    outer loop
      vertex -1.02479 -5.15195 24.941
      vertex -1.62189 -4.99792 24.9487
      vertex -1.1062 -5.56125 24.9778
    endloop
  endfacet
  facet normal 0.0177635 0.0677914 0.997541
    outer loop
      vertex -1.62376 -4.99743 24.9487
      vertex -1.1062 -5.56125 24.9778
      vertex -1.62189 -4.99792 24.9487
    endloop
  endfacet
  facet normal 0.0343417 0.0827722 0.995977
    outer loop
      vertex -2.54982 -6.15581 25.0769
      vertex -1.62376 -4.99743 24.9487
      vertex -2.00711 -4.8456 24.9493
    endloop
  endfacet
  facet normal 0.0342506 0.0828448 0.995974
    outer loop
      vertex -1.62376 -4.99743 24.9487
      vertex -2.54982 -6.15581 25.0769
      vertex -1.1062 -5.56125 24.9778
    endloop
  endfacet
  facet normal -0.383794 0.921241 -0.0633815
    outer loop
      vertex -4.02631 -6.32253 0.0396099
      vertex -4.17497 -6.38376 0.0498209
      vertex -3.94966 -6.14783 2.11471
    endloop
  endfacet
  facet normal -0.383783 0.921245 -0.0633834
    outer loop
      vertex -3.64714 -5.45833 10.3045
      vertex -3.94966 -6.14783 2.11471
      vertex -4.02734 -6.02734 4.33632
    endloop
  endfacet
  facet normal -0.383782 0.921246 -0.0633834
    outer loop
      vertex -4.17497 -6.38376 0.0498209
      vertex -4.02734 -6.02734 4.33632
      vertex -3.94966 -6.14783 2.11471
    endloop
  endfacet
  facet normal 0.922781 0.380075 -0.0633855
    outer loop
      vertex -1.41421 -7.10973 4.33633
      vertex -1.45089 -6.86898 5.24593
      vertex -1.28511 -6.46069 10.1076
    endloop
  endfacet
  facet normal 0.922787 0.380063 -0.063382
    outer loop
      vertex -1.41421 -7.10973 4.33633
      vertex -1.55394 -7.12278 2.22373
      vertex -1.45089 -6.86898 5.24593
    endloop
  endfacet
  facet normal 0.922802 0.380025 -0.0633828
    outer loop
      vertex -1.55394 -7.12278 2.22373
      vertex -1.41421 -7.10973 4.33633
      vertex -1.56185 -7.46615 0.0498209
    endloop
  endfacet
  facet normal -0.0343029 -0.0828144 -0.995974
    outer loop
      vertex -3.40743 -8.22626 0.176588
      vertex -4.17497 -6.38376 0.0498209
      vertex -1.56185 -7.46615 0.0498209
    endloop
  endfacet
  facet normal 0.383771 -0.92125 0.0633837
    outer loop
      vertex -2.54982 -6.15581 25.0769
      vertex -1.41421 -7.10973 4.33633
      vertex -1.1062 -5.56125 24.9778
    endloop
  endfacet
  facet normal 0.383773 -0.92125 0.0633837
    outer loop
      vertex -3.40743 -8.22626 0.176588
      vertex -1.41421 -7.10973 4.33633
      vertex -2.54982 -6.15581 25.0769
    endloop
  endfacet
  facet normal 0.383774 -0.921249 0.0633829
    outer loop
      vertex -1.41421 -7.10973 4.33633
      vertex -3.40743 -8.22626 0.176588
      vertex -1.56185 -7.46615 0.0498209
    endloop
  endfacet
  facet normal 0.922795 0.380041 -0.0633853
    outer loop
      vertex -1.56185 -7.46615 0.0498209
      vertex -1.62845 -7.30627 0.0388213
      vertex -1.55394 -7.12278 2.22373
    endloop
  endfacet
  facet normal -0.0343008 -0.0828106 -0.995975
    outer loop
      vertex -1.56185 -7.46615 0.0498209
      vertex -2.3163 -7.12884 0.047758
      vertex -1.62845 -7.30627 0.0388213
    endloop
  endfacet
  facet normal -0.0391545 -0.0936597 -0.994834
    outer loop
      vertex -1.56185 -7.46615 0.0498209
      vertex -2.31747 -7.12837 0.0477598
      vertex -2.3163 -7.12884 0.047758
    endloop
  endfacet
  facet normal -0.0342953 -0.0827966 -0.995976
    outer loop
      vertex -1.56185 -7.46615 0.0498209
      vertex -3.19146 -6.78221 0.049078
      vertex -2.31747 -7.12837 0.0477598
    endloop
  endfacet
  facet normal -0.0343093 -0.0827943 -0.995976
    outer loop
      vertex -4.01678 -6.32943 0.0398552
      vertex -4.17497 -6.38376 0.0498209
      vertex -4.02631 -6.32253 0.0396099
    endloop
  endfacet
  facet normal -0.0343024 -0.082814 -0.995974
    outer loop
      vertex -3.1926 -6.78158 0.0490653
      vertex -4.17497 -6.38376 0.0498209
      vertex -4.01678 -6.32943 0.0398552
    endloop
  endfacet
  facet normal -0.0333018 -0.0803427 -0.996211
    outer loop
      vertex -3.19146 -6.78221 0.049078
      vertex -4.17497 -6.38376 0.0498209
      vertex -3.1926 -6.78158 0.0490653
    endloop
  endfacet
  facet normal -0.0343077 -0.0828261 -0.995973
    outer loop
      vertex -4.17497 -6.38376 0.0498209
      vertex -3.19146 -6.78221 0.049078
      vertex -1.56185 -7.46615 0.0498209
    endloop
  endfacet
  facet normal -0.707218 -0.70415 0.0633726
    outer loop
      vertex 1.29448 -7.14785 2.57695
      vertex 1.29253 -6.77566 6.69069
      vertex 1.28511 -6.46069 10.1076
    endloop
  endfacet
  facet normal 0.707124 0.704243 -0.0633826
    outer loop
      vertex 1.41421 -7.10973 4.33633
      vertex 1.41421 -7.49552 0.0498209
      vertex 1.29468 -7.18705 2.1437
    endloop
  endfacet
  facet normal 0.707117 0.70425 -0.0633825
    outer loop
      vertex 1.28511 -6.46069 10.1076
      vertex 1.41421 -7.10973 4.33633
      vertex 1.29468 -7.18705 2.1437
    endloop
  endfacet
  facet normal -0.699661 -0.711597 0.0640616
    outer loop
      vertex 1.28511 -6.46069 10.1076
      vertex 1.29468 -7.18705 2.1437
      vertex 1.29448 -7.14785 2.57695
    endloop
  endfacet
  facet normal 0.707106 -0.704261 0.0633836
    outer loop
      vertex 0 -6.663 25.0769
      vertex 1.41421 -7.10973 4.33633
      vertex 1.1062 -5.56125 24.9778
    endloop
  endfacet
  facet normal 0.707108 -0.704259 0.0633836
    outer loop
      vertex 0 -8.90404 0.176588
      vertex 1.41421 -7.10973 4.33633
      vertex 0 -6.663 25.0769
    endloop
  endfacet
  facet normal 0.707108 -0.704259 0.063384
    outer loop
      vertex 1.41421 -7.10973 4.33633
      vertex 0 -8.90404 0.176588
      vertex 1.41421 -7.49552 0.0498209
    endloop
  endfacet
  facet normal -0.000404152 0.0894686 0.99599
    outer loop
      vertex 0.984732 -5.16215 24.9419
      vertex 1.1062 -5.56125 24.9778
      vertex 1.02479 -5.15195 24.941
    endloop
  endfacet
  facet normal -8.67046e-05 0.0895645 0.995981
    outer loop
      vertex 0.331834 -5.24396 24.9492
      vertex 1.1062 -5.56125 24.9778
      vertex 0.984732 -5.16215 24.9419
    endloop
  endfacet
  facet normal 0.0424157 0.0797042 0.995916
    outer loop
      vertex 0 -6.663 25.0769
      vertex 0.331834 -5.24396 24.9492
      vertex 0.329937 -5.2442 24.9493
    endloop
  endfacet
  facet normal -5.50954e-05 0.089641 0.995974
    outer loop
      vertex 0.331834 -5.24396 24.9492
      vertex 0 -6.663 25.0769
      vertex 1.1062 -5.56125 24.9778
    endloop
  endfacet
  facet normal -0 0.0895736 0.99598
    outer loop
      vertex -0.329937 -5.2442 24.9493
      vertex 0 -6.663 25.0769
      vertex 0.329937 -5.2442 24.9493
    endloop
  endfacet
  facet normal -0.0424157 0.0797042 0.995916
    outer loop
      vertex -0.331834 -5.24396 24.9492
      vertex 0 -6.663 25.0769
      vertex -0.329937 -5.2442 24.9493
    endloop
  endfacet
  facet normal 8.67046e-05 0.0895645 0.995981
    outer loop
      vertex -1.1062 -5.56125 24.9778
      vertex -0.331834 -5.24396 24.9492
      vertex -0.984732 -5.16215 24.9419
    endloop
  endfacet
  facet normal 0.000404152 0.0894686 0.99599
    outer loop
      vertex -1.1062 -5.56125 24.9778
      vertex -0.984732 -5.16215 24.9419
      vertex -1.02479 -5.15195 24.941
    endloop
  endfacet
  facet normal 5.50954e-05 0.089641 0.995974
    outer loop
      vertex -0.331834 -5.24396 24.9492
      vertex -1.1062 -5.56125 24.9778
      vertex 0 -6.663 25.0769
    endloop
  endfacet
  facet normal 0 -0.0896379 -0.995974
    outer loop
      vertex 0 -8.90404 0.176588
      vertex -1.41421 -7.49552 0.0498209
      vertex 1.41421 -7.49552 0.0498209
    endloop
  endfacet
  facet normal -0.707128 0.704239 -0.063381
    outer loop
      vertex -1.29253 -6.77566 6.69069
      vertex -1.41421 -7.10973 4.33633
      vertex -1.28511 -6.46069 10.1076
    endloop
  endfacet
  facet normal -0.707131 0.704236 -0.0633805
    outer loop
      vertex -1.29448 -7.14785 2.57695
      vertex -1.41421 -7.10973 4.33633
      vertex -1.29253 -6.77566 6.69069
    endloop
  endfacet
  facet normal -0.707216 0.704151 -0.0633844
    outer loop
      vertex -1.29468 -7.18705 2.1437
      vertex -1.41421 -7.10973 4.33633
      vertex -1.29448 -7.14785 2.57695
    endloop
  endfacet
  facet normal -0.707124 0.704243 -0.0633826
    outer loop
      vertex -1.41421 -7.10973 4.33633
      vertex -1.29468 -7.18705 2.1437
      vertex -1.41421 -7.49552 0.0498209
    endloop
  endfacet
  facet normal -6.83946e-07 -0.0896342 -0.995975
    outer loop
      vertex 1.41421 -7.49552 0.0498209
      vertex 0.470654 -7.48084 0.0485004
      vertex 1.29568 -7.37746 0.039196
    endloop
  endfacet
  facet normal 0 -0.0895906 -0.995979
    outer loop
      vertex 1.41421 -7.49552 0.0498209
      vertex -0.470654 -7.48084 0.0485004
      vertex 0.470654 -7.48084 0.0485004
    endloop
  endfacet
  facet normal 6.83946e-07 -0.0896342 -0.995975
    outer loop
      vertex -0.470654 -7.48084 0.0485004
      vertex -1.41421 -7.49552 0.0498209
      vertex -1.29568 -7.37746 0.039196
    endloop
  endfacet
  facet normal 0 -0.0895906 -0.995979
    outer loop
      vertex -1.41421 -7.49552 0.0498209
      vertex -0.470654 -7.48084 0.0485004
      vertex 1.41421 -7.49552 0.0498209
    endloop
  endfacet
  facet normal -0.707106 -0.704261 0.0633836
    outer loop
      vertex -1.41421 -7.10973 4.33633
      vertex 0 -6.663 25.0769
      vertex -1.1062 -5.56125 24.9778
    endloop
  endfacet
  facet normal -0.707108 -0.704259 0.063384
    outer loop
      vertex 0 -8.90404 0.176588
      vertex -1.41421 -7.10973 4.33633
      vertex -1.41421 -7.49552 0.0498209
    endloop
  endfacet
  facet normal -0.707108 -0.704259 0.0633836
    outer loop
      vertex -1.41421 -7.10973 4.33633
      vertex 0 -8.90404 0.176588
      vertex 0 -6.663 25.0769
    endloop
  endfacet
  facet normal -0.707128 0.704239 -0.0633817
    outer loop
      vertex -1.29568 -7.37746 0.039196
      vertex -1.41421 -7.49552 0.0498209
      vertex -1.29468 -7.18705 2.1437
    endloop
  endfacet
  facet normal 0.707128 0.704239 -0.0633817
    outer loop
      vertex 1.29568 -7.37746 0.039196
      vertex 1.29468 -7.18705 2.1437
      vertex 1.41421 -7.49552 0.0498209
    endloop
  endfacet
  facet normal -0.0341899 0.0827481 0.995984
    outer loop
      vertex 1.62189 -4.99792 24.9487
      vertex 1.02479 -5.15195 24.941
      vertex 1.1062 -5.56125 24.9778
    endloop
  endfacet
  facet normal -0.0343417 0.0827722 0.995977
    outer loop
      vertex 1.62376 -4.99743 24.9487
      vertex 2.54982 -6.15581 25.0769
      vertex 2.00711 -4.8456 24.9493
    endloop
  endfacet
  facet normal -0.0177635 0.0677914 0.997541
    outer loop
      vertex 1.1062 -5.56125 24.9778
      vertex 1.62376 -4.99743 24.9487
      vertex 1.62189 -4.99792 24.9487
    endloop
  endfacet
  facet normal -0.0342506 0.0828448 0.995974
    outer loop
      vertex 1.62376 -4.99743 24.9487
      vertex 1.1062 -5.56125 24.9778
      vertex 2.54982 -6.15581 25.0769
    endloop
  endfacet
  facet normal -0.922781 0.380075 -0.0633855
    outer loop
      vertex 1.45089 -6.86898 5.24593
      vertex 1.41421 -7.10973 4.33633
      vertex 1.28511 -6.46069 10.1076
    endloop
  endfacet
  facet normal -0.922787 0.380063 -0.063382
    outer loop
      vertex 1.55394 -7.12278 2.22373
      vertex 1.41421 -7.10973 4.33633
      vertex 1.45089 -6.86898 5.24593
    endloop
  endfacet
  facet normal -0.922802 0.380025 -0.0633828
    outer loop
      vertex 1.41421 -7.10973 4.33633
      vertex 1.55394 -7.12278 2.22373
      vertex 1.56185 -7.46615 0.0498209
    endloop
  endfacet
  facet normal 0.922789 -0.380057 0.0633836
    outer loop
      vertex 2.54982 -6.15581 25.0769
      vertex 4.02734 -6.02734 4.33632
      vertex 3.1502 -4.7146 24.9778
    endloop
  endfacet
  facet normal 0.922786 -0.380063 0.0633834
    outer loop
      vertex 4.02734 -6.02734 4.33632
      vertex 2.54982 -6.15581 25.0769
      vertex 4.17497 -6.38376 0.0498209
    endloop
  endfacet
  facet normal -0.034591 0.0826841 0.995975
    outer loop
      vertex 2.81756 -4.43578 24.9431
      vertex 3.1502 -4.7146 24.9778
      vertex 2.9162 -4.3644 24.9406
    endloop
  endfacet
  facet normal -0.017475 0.102925 0.994536
    outer loop
      vertex 2.81583 -4.43704 24.9432
      vertex 3.1502 -4.7146 24.9778
      vertex 2.81756 -4.43578 24.9431
    endloop
  endfacet
  facet normal -0.0409923 0.0748208 0.996354
    outer loop
      vertex 2.81395 -4.43807 24.9432
      vertex 3.1502 -4.7146 24.9778
      vertex 2.81583 -4.43704 24.9432
    endloop
  endfacet
  facet normal -0.0342753 0.0829397 0.995965
    outer loop
      vertex 2.23727 -4.75444 24.9497
      vertex 3.1502 -4.7146 24.9778
      vertex 2.81395 -4.43807 24.9432
    endloop
  endfacet
  facet normal -0.0342679 0.0827606 0.99598
    outer loop
      vertex 3.1502 -4.7146 24.9778
      vertex 2.23727 -4.75444 24.9497
      vertex 2.54982 -6.15581 25.0769
    endloop
  endfacet
  facet normal -0.0330269 0.0830391 0.995999
    outer loop
      vertex 2.23551 -4.75514 24.9497
      vertex 2.54982 -6.15581 25.0769
      vertex 2.23727 -4.75444 24.9497
    endloop
  endfacet
  facet normal -0.0345009 0.0827063 0.995977
    outer loop
      vertex 2.54982 -6.15581 25.0769
      vertex 2.23551 -4.75514 24.9497
      vertex 2.00711 -4.8456 24.9493
    endloop
  endfacet
  facet normal 0.383782 0.921246 -0.0633834
    outer loop
      vertex 4.02734 -6.02734 4.33632
      vertex 4.17497 -6.38376 0.0498209
      vertex 3.94966 -6.14783 2.11471
    endloop
  endfacet
  facet normal 0.383783 0.921245 -0.0633834
    outer loop
      vertex 3.64714 -5.45833 10.3045
      vertex 4.02734 -6.02734 4.33632
      vertex 3.94966 -6.14783 2.11471
    endloop
  endfacet
  facet normal 0.0343093 -0.0827943 -0.995976
    outer loop
      vertex 4.17497 -6.38376 0.0498209
      vertex 4.01678 -6.32943 0.0398552
      vertex 4.02631 -6.32253 0.0396099
    endloop
  endfacet
  facet normal 0.0343024 -0.082814 -0.995974
    outer loop
      vertex 4.17497 -6.38376 0.0498209
      vertex 3.1926 -6.78158 0.0490653
      vertex 4.01678 -6.32943 0.0398552
    endloop
  endfacet
  facet normal 0.0333018 -0.0803427 -0.996211
    outer loop
      vertex 4.17497 -6.38376 0.0498209
      vertex 3.19146 -6.78221 0.049078
      vertex 3.1926 -6.78158 0.0490653
    endloop
  endfacet
  facet normal 0.0342953 -0.0827966 -0.995976
    outer loop
      vertex 1.56185 -7.46615 0.0498209
      vertex 2.31747 -7.12837 0.0477598
      vertex 3.19146 -6.78221 0.049078
    endloop
  endfacet
  facet normal 0.0343008 -0.0828106 -0.995975
    outer loop
      vertex 2.3163 -7.12884 0.047758
      vertex 1.56185 -7.46615 0.0498209
      vertex 1.62845 -7.30627 0.0388213
    endloop
  endfacet
  facet normal 0.0391545 -0.0936597 -0.994834
    outer loop
      vertex 2.31747 -7.12837 0.0477598
      vertex 1.56185 -7.46615 0.0498209
      vertex 2.3163 -7.12884 0.047758
    endloop
  endfacet
  facet normal 0.0343077 -0.0828261 -0.995973
    outer loop
      vertex 1.56185 -7.46615 0.0498209
      vertex 3.19146 -6.78221 0.049078
      vertex 4.17497 -6.38376 0.0498209
    endloop
  endfacet
  facet normal 0.922791 -0.380051 0.0633836
    outer loop
      vertex 4.17497 -6.38376 0.0498209
      vertex 2.54982 -6.15581 25.0769
      vertex 3.40743 -8.22626 0.176588
    endloop
  endfacet
  facet normal 0.0343029 -0.0828144 -0.995974
    outer loop
      vertex 3.40743 -8.22626 0.176588
      vertex 1.56185 -7.46615 0.0498209
      vertex 4.17497 -6.38376 0.0498209
    endloop
  endfacet
  facet normal -0.383771 -0.92125 0.0633837
    outer loop
      vertex 1.41421 -7.10973 4.33633
      vertex 2.54982 -6.15581 25.0769
      vertex 1.1062 -5.56125 24.9778
    endloop
  endfacet
  facet normal -0.383773 -0.92125 0.0633837
    outer loop
      vertex 1.41421 -7.10973 4.33633
      vertex 3.40743 -8.22626 0.176588
      vertex 2.54982 -6.15581 25.0769
    endloop
  endfacet
  facet normal -0.383774 -0.921249 0.0633829
    outer loop
      vertex 3.40743 -8.22626 0.176588
      vertex 1.41421 -7.10973 4.33633
      vertex 1.56185 -7.46615 0.0498209
    endloop
  endfacet
  facet normal -0.922795 0.380041 -0.0633853
    outer loop
      vertex 1.56185 -7.46615 0.0498209
      vertex 1.55394 -7.12278 2.22373
      vertex 1.62845 -7.30627 0.0388213
    endloop
  endfacet
  facet normal 0.383794 0.921241 -0.0633815
    outer loop
      vertex 4.02631 -6.32253 0.0396099
      vertex 3.94966 -6.14783 2.11471
      vertex 4.17497 -6.38376 0.0498209
    endloop
  endfacet
  facet normal 0.002056 0.997987 -0.0633787
    outer loop
      vertex 6.02734 -4.02734 4.33632
      vertex 5.53073 -3.72065 9.14948
      vertex 5.44589 -3.63883 10.4351
    endloop
  endfacet
  facet normal 0.00200266 0.997987 -0.0633842
    outer loop
      vertex 6.02734 -4.02734 4.33632
      vertex 5.98934 -4.16294 2.20009
      vertex 5.53073 -3.72065 9.14948
    endloop
  endfacet
  facet normal 0.00199818 0.997987 -0.0633841
    outer loop
      vertex 5.98934 -4.16294 2.20009
      vertex 6.02734 -4.02734 4.33632
      vertex 6.30013 -4.30013 0.0498209
    endloop
  endfacet
  facet normal -0.0634267 0.063296 0.995977
    outer loop
      vertex 4.25139 -3.08881 24.9444
      vertex 4.7146 -3.1502 24.9778
      vertex 4.36226 -2.91477 24.9404
    endloop
  endfacet
  facet normal -0.0634185 0.0633567 0.995974
    outer loop
      vertex 3.83157 -3.5955 24.9499
      vertex 4.7146 -3.1502 24.9778
      vertex 4.25139 -3.08881 24.9444
    endloop
  endfacet
  facet normal -0.0634133 0.0633464 0.995975
    outer loop
      vertex 4.7146 -3.1502 24.9778
      vertex 3.83157 -3.5955 24.9499
      vertex 4.71146 -4.71146 25.0769
    endloop
  endfacet
  facet normal -0.0703749 0.0578424 0.995842
    outer loop
      vertex 3.83037 -3.59696 24.9499
      vertex 4.71146 -4.71146 25.0769
      vertex 3.83157 -3.5955 24.9499
    endloop
  endfacet
  facet normal -0.0610087 0.0652651 0.996001
    outer loop
      vertex 3.82899 -3.59825 24.9499
      vertex 4.71146 -4.71146 25.0769
      vertex 3.83037 -3.59696 24.9499
    endloop
  endfacet
  facet normal -0.0633272 0.0634243 0.995975
    outer loop
      vertex 3.34945 -4.04879 24.9481
      vertex 4.71146 -4.71146 25.0769
      vertex 3.82899 -3.59825 24.9499
    endloop
  endfacet
  facet normal -0.0633465 0.0633849 0.995977
    outer loop
      vertex 3.34945 -4.04879 24.9481
      vertex 3.1502 -4.7146 24.9778
      vertex 4.71146 -4.71146 25.0769
    endloop
  endfacet
  facet normal -0.0634342 0.0634108 0.995969
    outer loop
      vertex 3.1502 -4.7146 24.9778
      vertex 3.34945 -4.04879 24.9481
      vertex 2.9162 -4.3644 24.9406
    endloop
  endfacet
  facet normal 0.997987 0.00201608 0.0633835
    outer loop
      vertex 4.71146 -4.71146 25.0769
      vertex 6.02734 -4.02734 4.33632
      vertex 4.7146 -3.1502 24.9778
    endloop
  endfacet
  facet normal 0.997987 0.00201053 0.0633833
    outer loop
      vertex 6.02734 -4.02734 4.33632
      vertex 4.71146 -4.71146 25.0769
      vertex 6.2961 -6.2961 0.176588
    endloop
  endfacet
  facet normal 0.997987 0.00201057 0.0633833
    outer loop
      vertex 6.02734 -4.02734 4.33632
      vertex 6.2961 -6.2961 0.176588
      vertex 6.30013 -4.30013 0.0498209
    endloop
  endfacet
  facet normal 0.0633838 -0.0633838 -0.995974
    outer loop
      vertex 6.2961 -6.2961 0.176588
      vertex 4.30013 -6.30013 0.0498209
      vertex 6.30013 -4.30013 0.0498209
    endloop
  endfacet
  facet normal -0.997987 -0.00200978 -0.0633847
    outer loop
      vertex 4.15819 -5.97858 2.27455
      vertex 4.02734 -6.02734 4.33632
      vertex 3.64714 -5.45833 10.3045
    endloop
  endfacet
  facet normal -0.997987 -0.00199462 -0.0633843
    outer loop
      vertex 4.02734 -6.02734 4.33632
      vertex 4.15819 -5.97858 2.27455
      vertex 4.30013 -6.30013 0.0498209
    endloop
  endfacet
  facet normal 0.063383 -0.0633789 -0.995975
    outer loop
      vertex 6.30013 -4.30013 0.0498209
      vertex 6.06519 -4.40527 0.0415601
      vertex 6.13195 -4.30047 0.0391397
    endloop
  endfacet
  facet normal 0.0636532 -0.063987 -0.995919
    outer loop
      vertex 6.30013 -4.30013 0.0498209
      vertex 6.0646 -4.40619 0.0415815
      vertex 6.06519 -4.40527 0.0415601
    endloop
  endfacet
  facet normal 0.0636283 -0.0639313 -0.995924
    outer loop
      vertex 6.30013 -4.30013 0.0498209
      vertex 6.0639 -4.40703 0.0415907
      vertex 6.0646 -4.40619 0.0415815
    endloop
  endfacet
  facet normal 0.0633811 -0.0633812 -0.995975
    outer loop
      vertex 6.30013 -4.30013 0.0498209
      vertex 5.46402 -5.13105 0.0494907
      vertex 6.0639 -4.40703 0.0415907
    endloop
  endfacet
  facet normal 0.0633831 -0.063383 -0.995974
    outer loop
      vertex 4.77699 -5.77633 0.0468337
      vertex 4.30013 -6.30013 0.0498209
      vertex 4.30049 -6.12344 0.0385994
    endloop
  endfacet
  facet normal 0.0637289 -0.0636976 -0.995932
    outer loop
      vertex 4.77799 -5.7756 0.046851
      vertex 4.30013 -6.30013 0.0498209
      vertex 4.77699 -5.77633 0.0468337
    endloop
  endfacet
  facet normal 0.065096 -0.0649421 -0.995764
    outer loop
      vertex 4.77889 -5.77475 0.0468544
      vertex 4.30013 -6.30013 0.0498209
      vertex 4.77799 -5.7756 0.046851
    endloop
  endfacet
  facet normal 0.0633759 -0.0633758 -0.995975
    outer loop
      vertex 5.46402 -5.13105 0.0494907
      vertex 4.30013 -6.30013 0.0498209
      vertex 4.77889 -5.77475 0.0468544
    endloop
  endfacet
  facet normal 0.0633664 -0.0633664 -0.995977
    outer loop
      vertex 4.30013 -6.30013 0.0498209
      vertex 5.46402 -5.13105 0.0494907
      vertex 6.30013 -4.30013 0.0498209
    endloop
  endfacet
  facet normal -0.00201608 -0.997987 0.0633835
    outer loop
      vertex 4.02734 -6.02734 4.33632
      vertex 4.71146 -4.71146 25.0769
      vertex 3.1502 -4.7146 24.9778
    endloop
  endfacet
  facet normal -0.00201053 -0.997987 0.0633833
    outer loop
      vertex 4.02734 -6.02734 4.33632
      vertex 6.2961 -6.2961 0.176588
      vertex 4.71146 -4.71146 25.0769
    endloop
  endfacet
  facet normal -0.00201057 -0.997987 0.0633833
    outer loop
      vertex 6.2961 -6.2961 0.176588
      vertex 4.02734 -6.02734 4.33632
      vertex 4.30013 -6.30013 0.0498209
    endloop
  endfacet
  facet normal -0.997987 -0.00199217 -0.0633847
    outer loop
      vertex 4.30013 -6.30013 0.0498209
      vertex 4.15819 -5.97858 2.27455
      vertex 4.30049 -6.12344 0.0385994
    endloop
  endfacet
  facet normal 0.00200789 0.997987 -0.0633827
    outer loop
      vertex 6.13195 -4.30047 0.0391397
      vertex 5.98934 -4.16294 2.20009
      vertex 6.30013 -4.30013 0.0498209
    endloop
  endfacet
  facet normal -0.0827561 0.0343124 0.995979
    outer loop
      vertex 4.60561 -2.52969 24.9474
      vertex 6.15581 -2.54982 25.0769
      vertex 4.85035 -2.00908 24.9498
    endloop
  endfacet
  facet normal -0.082757 0.0342591 0.995981
    outer loop
      vertex 6.15581 -2.54982 25.0769
      vertex 4.60561 -2.52969 24.9474
      vertex 4.7146 -3.1502 24.9778
    endloop
  endfacet
  facet normal -0.159278 0.0203798 0.987023
    outer loop
      vertex 4.60476 -2.53149 24.9473
      vertex 4.7146 -3.1502 24.9778
      vertex 4.60561 -2.52969 24.9474
    endloop
  endfacet
  facet normal -0.0608157 0.0383718 0.997411
    outer loop
      vertex 4.6037 -2.53317 24.9473
      vertex 4.7146 -3.1502 24.9778
      vertex 4.60476 -2.53149 24.9473
    endloop
  endfacet
  facet normal -0.082764 0.0343561 0.995977
    outer loop
      vertex 4.7146 -3.1502 24.9778
      vertex 4.6037 -2.53317 24.9473
      vertex 4.36226 -2.91477 24.9404
    endloop
  endfacet
  facet normal 0.380057 -0.922789 0.0633836
    outer loop
      vertex 6.02734 -4.02734 4.33632
      vertex 6.15581 -2.54982 25.0769
      vertex 4.7146 -3.1502 24.9778
    endloop
  endfacet
  facet normal 0.380063 -0.922786 0.0633834
    outer loop
      vertex 6.15581 -2.54982 25.0769
      vertex 6.02734 -4.02734 4.33632
      vertex 6.38376 -4.17497 0.0498209
    endloop
  endfacet
  facet normal 0.380051 -0.922791 0.0633836
    outer loop
      vertex 8.22626 -3.40743 0.176588
      vertex 6.15581 -2.54982 25.0769
      vertex 6.38376 -4.17497 0.0498209
    endloop
  endfacet
  facet normal -0.0827922 0.0341976 0.99598
    outer loop
      vertex 5.08981 -1.30684 24.9455
      vertex 5.56125 -1.1062 24.9778
      vertex 5.14438 -1.02328 24.9403
    endloop
  endfacet
  facet normal -0.0791604 0.0255749 0.996534
    outer loop
      vertex 5.08918 -1.30879 24.9455
      vertex 5.56125 -1.1062 24.9778
      vertex 5.08981 -1.30684 24.9455
    endloop
  endfacet
  facet normal -0.0828697 0.034308 0.99597
    outer loop
      vertex 4.8855 -1.93431 24.9501
      vertex 5.56125 -1.1062 24.9778
      vertex 5.08918 -1.30879 24.9455
    endloop
  endfacet
  facet normal -0.0828148 0.0342631 0.995976
    outer loop
      vertex 5.56125 -1.1062 24.9778
      vertex 4.8855 -1.93431 24.9501
      vertex 6.15581 -2.54982 25.0769
    endloop
  endfacet
  facet normal -0.0825496 0.0348111 0.995979
    outer loop
      vertex 6.15581 -2.54982 25.0769
      vertex 4.8855 -1.93431 24.9501
      vertex 4.85035 -2.00908 24.9498
    endloop
  endfacet
  facet normal -0.921248 -0.383777 -0.0633821
    outer loop
      vertex 6.38376 -4.17497 0.0498209
      vertex 6.12701 -3.92977 2.29696
      vertex 6.31603 -4.01052 0.038525
    endloop
  endfacet
  facet normal -0.921031 -0.384306 -0.0633286
    outer loop
      vertex 5.47734 -3.65226 10.0592
      vertex 6.02734 -4.02734 4.33632
      vertex 5.44589 -3.63883 10.4351
    endloop
  endfacet
  facet normal -0.921252 -0.383766 -0.0633852
    outer loop
      vertex 6.12701 -3.92977 2.29696
      vertex 6.02734 -4.02734 4.33632
      vertex 5.47734 -3.65226 10.0592
    endloop
  endfacet
  facet normal -0.921256 -0.383758 -0.063385
    outer loop
      vertex 6.38376 -4.17497 0.0498209
      vertex 6.02734 -4.02734 4.33632
      vertex 6.12701 -3.92977 2.29696
    endloop
  endfacet
  facet normal -0.380048 0.922793 -0.0633823
    outer loop
      vertex 7.10973 -1.41421 4.33633
      vertex 7.11718 -1.55381 2.2592
      vertex 6.41654 -1.27633 10.5002
    endloop
  endfacet
  facet normal -0.380025 0.922802 -0.0633828
    outer loop
      vertex 7.11718 -1.55381 2.2592
      vertex 7.10973 -1.41421 4.33633
      vertex 7.46615 -1.56185 0.0498209
    endloop
  endfacet
  facet normal 0.0828144 -0.0343029 -0.995974
    outer loop
      vertex 8.22626 -3.40743 0.176588
      vertex 6.38376 -4.17497 0.0498209
      vertex 7.46615 -1.56185 0.0498209
    endloop
  endfacet
  facet normal 0.92125 0.383771 0.0633837
    outer loop
      vertex 6.15581 -2.54982 25.0769
      vertex 7.10973 -1.41421 4.33633
      vertex 5.56125 -1.1062 24.9778
    endloop
  endfacet
  facet normal 0.92125 0.383773 0.0633837
    outer loop
      vertex 7.10973 -1.41421 4.33633
      vertex 6.15581 -2.54982 25.0769
      vertex 8.22626 -3.40743 0.176588
    endloop
  endfacet
  facet normal 0.921249 0.383774 0.0633829
    outer loop
      vertex 7.10973 -1.41421 4.33633
      vertex 8.22626 -3.40743 0.176588
      vertex 7.46615 -1.56185 0.0498209
    endloop
  endfacet
  facet normal -0.380045 0.922794 -0.0633859
    outer loop
      vertex 7.30596 -1.62858 0.0387995
      vertex 7.11718 -1.55381 2.2592
      vertex 7.46615 -1.56185 0.0498209
    endloop
  endfacet
  facet normal 0.0828145 -0.0343026 -0.995974
    outer loop
      vertex 7.46615 -1.56185 0.0498209
      vertex 7.26083 -1.86309 0.0431238
      vertex 7.30596 -1.62858 0.0387995
    endloop
  endfacet
  facet normal 0.0833932 -0.0346985 -0.995912
    outer loop
      vertex 7.46615 -1.56185 0.0498209
      vertex 7.26061 -1.86421 0.0431444
      vertex 7.26083 -1.86309 0.0431238
    endloop
  endfacet
  facet normal 0.0828109 -0.0343012 -0.995975
    outer loop
      vertex 7.46615 -1.56185 0.0498209
      vertex 6.96957 -2.75804 0.0497291
      vertex 7.26061 -1.86421 0.0431444
    endloop
  endfacet
  facet normal 0.0849858 -0.0352041 -0.99576
    outer loop
      vertex 7.46615 -1.56185 0.0498209
      vertex 6.96916 -2.75929 0.0497383
      vertex 6.96957 -2.75804 0.0497291
    endloop
  endfacet
  facet normal 0.0827649 -0.0342824 -0.995979
    outer loop
      vertex 6.38376 -4.17497 0.0498209
      vertex 6.96916 -2.75929 0.0497383
      vertex 7.46615 -1.56185 0.0498209
    endloop
  endfacet
  facet normal 0.0770156 -0.031905 -0.996519
    outer loop
      vertex 6.38376 -4.17497 0.0498209
      vertex 6.9686 -2.76047 0.0497328
      vertex 6.96916 -2.75929 0.0497383
    endloop
  endfacet
  facet normal 0.0828172 -0.0343037 -0.995974
    outer loop
      vertex 6.38376 -4.17497 0.0498209
      vertex 6.56869 -3.61117 0.0457796
      vertex 6.9686 -2.76047 0.0497328
    endloop
  endfacet
  facet normal 0.082817 -0.0343036 -0.995974
    outer loop
      vertex 6.56869 -3.61117 0.0457796
      vertex 6.38376 -4.17497 0.0498209
      vertex 6.31603 -4.01052 0.038525
    endloop
  endfacet
  facet normal -0.184963 0.0601006 0.980906
    outer loop
      vertex -1.50841 0.597222 27.4965
      vertex -2.07837 0.822884 27.3752
      vertex -1.57137 0.403459 27.4965
    endloop
  endfacet
  facet normal -0.325354 -0.105717 0.939664
    outer loop
      vertex -2.61555 -1.03557 27.2164
      vertex -3.24134 -0.832234 27.0226
      vertex -3.11147 -1.23192 27.0226
    endloop
  endfacet
  facet normal 0.0486487 0.0402465 0.998005
    outer loop
      vertex 0.717124 0.673424 27.5785
      vertex 0.240304 0.22566 27.6198
      vertex 0.266692 0.193763 27.6198
    endloop
  endfacet
  facet normal -0.181275 -0.706024 0.684594
    outer loop
      vertex -0.862068 -4.51912 26.2646
      vertex -1.42167 -4.37544 26.2646
      vertex -0.914669 -4.79486 25.9663
    endloop
  endfacet
  facet normal 0.943647 -0.306603 0.124601
    outer loop
      vertex 5.08506 -1.30562 25
      vertex 4.84284 -1.91741 25.329
      vertex 4.88133 -1.93265 25
    endloop
  endfacet
  facet normal 0.615443 -0.390572 0.684605
    outer loop
      vertex 4.27754 -2.3516 25.9663
      vertex 3.72197 -2.70417 26.2646
      vertex 3.94908 -2.86917 25.9663
    endloop
  endfacet
  facet normal 0.468699 0.220559 0.85538
    outer loop
      vertex 3.72197 2.04617 26.5429
      vertex 3.55833 1.40884 26.7969
      vertex 3.94908 1.56355 26.5429
    endloop
  endfacet
  facet normal 0.252523 -0.0820438 0.964106
    outer loop
      vertex 2.16511 -0.555906 27.3752
      vertex 2.07837 -0.822884 27.3752
      vertex 2.61555 -1.03557 27.2164
    endloop
  endfacet
  facet normal 0.693237 0.225249 0.684606
    outer loop
      vertex 4.53854 1.79694 25.9663
      vertex 4.45607 1.14412 26.2646
      vertex 4.72797 1.21394 25.9663
    endloop
  endfacet
  facet normal 0.424929 -0.0267275 0.904832
    outer loop
      vertex 3.82708 0 26.7969
      vertex 3.34648 0 27.0226
      vertex 3.79691 -0.47966 26.7969
    endloop
  endfacet
  facet normal -0.125936 0.318068 0.939666
    outer loop
      vertex -0.869292 2.67541 27.2164
      vertex -1.42486 3.02798 27.0226
      vertex -1.19775 2.54536 27.2164
    endloop
  endfacet
  facet normal 0.764505 -0.632462 0.124593
    outer loop
      vertex 4.21385 -3.06154 25.329
      vertex 3.82708 -3.59387 25
      vertex 4.24734 -3.08587 25
    endloop
  endfacet
  facet normal -0.837338 -0.0526845 0.544141
    outer loop
      vertex -4.84284 -0.611792 25.9663
      vertex -5.08506 0 25.6528
      vertex -5.04496 -0.637327 25.6528
    endloop
  endfacet
  facet normal -0.797931 0.259255 0.544145
    outer loop
      vertex -4.72797 1.87194 25.6528
      vertex -4.9253 1.2646 25.6528
      vertex -4.72797 1.21394 25.9663
    endloop
  endfacet
  facet normal -0.716 -0.136586 0.684608
    outer loop
      vertex -4.56433 -0.576609 26.2646
      vertex -4.84284 -0.611792 25.9663
      vertex -4.45607 -1.14412 26.2646
    endloop
  endfacet
  facet normal -0.508833 -0.0970681 0.855375
    outer loop
      vertex -3.79691 -0.47966 26.7969
      vertex -4.1139 -1.05627 26.5429
      vertex -3.70685 -0.951756 26.7969
    endloop
  endfacet
  facet normal -0.70838 0.449555 0.544149
    outer loop
      vertex -4.1139 2.98892 25.6528
      vertex -4.45607 2.44975 25.6528
      vertex -4.27754 2.3516 25.9663
    endloop
  endfacet
  facet normal -0.693237 0.225249 0.684606
    outer loop
      vertex -4.53854 1.79694 25.9663
      vertex -4.72797 1.21394 25.9663
      vertex -4.45607 1.14412 26.2646
    endloop
  endfacet
  facet normal 0.105157 0.832363 0.544164
    outer loop
      vertex 0.952845 4.99499 25.6528
      vertex 0.319293 5.07503 25.6528
      vertex 0.914669 4.79486 25.9663
    endloop
  endfacet
  facet normal -0.608607 -0.1161 0.784932
    outer loop
      vertex -4.1139 -1.05627 26.5429
      vertex -4.56433 -0.576609 26.2646
      vertex -4.45607 -1.14412 26.2646
    endloop
  endfacet
  facet normal -0.72007 -0.595698 0.35587
    outer loop
      vertex -4.1139 -2.98892 25.6528
      vertex -4.21385 -3.06154 25.329
      vertex -3.79691 -3.56553 25.329
    endloop
  endfacet
  facet normal 0.797931 -0.259255 0.544145
    outer loop
      vertex 4.72797 -1.21394 25.9663
      vertex 4.72797 -1.87194 25.6528
      vertex 4.9253 -1.2646 25.6528
    endloop
  endfacet
  facet normal 0.328058 0.271395 0.904833
    outer loop
      vertex 2.78982 2.61982 26.7969
      vertex 2.43948 2.29082 27.0226
      vertex 2.70736 1.96701 27.0226
    endloop
  endfacet
  facet normal 0.264994 0.0166705 0.964106
    outer loop
      vertex 2.79091 0.352573 27.2164
      vertex 2.23534 0 27.3752
      vertex 2.81309 0 27.2164
    endloop
  endfacet
  facet normal -0.249555 -0.453928 0.855378
    outer loop
      vertex -1.62949 -3.46285 26.7969
      vertex -2.05065 -3.23131 26.7969
      vertex -1.80843 -3.84311 26.5429
    endloop
  endfacet
  facet normal -0.477998 -0.869477 0.124613
    outer loop
      vertex -2.21771 -4.71288 25.329
      vertex -2.81309 -4.43272 25
      vertex -2.23534 -4.75034 25
    endloop
  endfacet
  facet normal -0.246752 -0.961032 0.124624
    outer loop
      vertex -1.60955 -4.95367 25.329
      vertex -1.62234 -4.99305 25
      vertex -0.975994 -5.11634 25.329
    endloop
  endfacet
  facet normal -0.0873559 0.0930236 0.991824
    outer loop
      vertex -0.627067 0.757994 27.5785
      vertex -1.18263 1.11057 27.4965
      vertex -0.717124 0.673424 27.5785
    endloop
  endfacet
  facet normal -0.260812 -0.0497517 0.964107
    outer loop
      vertex -2.21771 -0.280162 27.3752
      vertex -2.79091 -0.352573 27.2164
      vertex -2.16511 -0.555906 27.3752
    endloop
  endfacet
  facet normal -0.205116 -0.373096 0.904835
    outer loop
      vertex -1.42486 -3.02798 27.0226
      vertex -2.05065 -3.23131 26.7969
      vertex -1.62949 -3.46285 26.7969
    endloop
  endfacet
  facet normal 0.12535 0.0239117 0.991824
    outer loop
      vertex 1.57137 0.403459 27.4965
      vertex 0.952845 0.244649 27.5785
      vertex 0.975994 0.123297 27.5785
    endloop
  endfacet
  facet normal -0.181267 0.70602 0.684601
    outer loop
      vertex -0.914669 4.79486 25.9663
      vertex -1.50841 4.64242 25.9663
      vertex -1.42167 4.37544 26.2646
    endloop
  endfacet
  facet normal -0.35116 0.638752 0.684604
    outer loop
      vertex -2.07837 4.41676 25.9663
      vertex -2.61555 4.12144 25.9663
      vertex -1.95884 4.16276 26.2646
    endloop
  endfacet
  facet normal 0.0776532 0.614697 0.784931
    outer loop
      vertex 0.288875 4.59153 26.2646
      vertex 0.266692 4.23896 26.5429
      vertex 0.795872 4.17211 26.5429
    endloop
  endfacet
  facet normal -0.12535 -0.0239117 0.991824
    outer loop
      vertex -0.975994 -0.123297 27.5785
      vertex -1.57137 -0.403459 27.4965
      vertex -0.952845 -0.244649 27.5785
    endloop
  endfacet
  facet normal -0.0304167 -0.0553291 0.998005
    outer loop
      vertex -0.176635 -0.278333 27.6198
      vertex -0.41886 -0.890125 27.5785
      vertex -0.140358 -0.298276 27.6198
    endloop
  endfacet
  facet normal 0.0660287 0.257178 0.964106
    outer loop
      vertex 0.869292 2.67541 27.2164
      vertex 0.527121 2.76326 27.2164
      vertex 0.690758 2.12594 27.3752
    endloop
  endfacet
  facet normal -0.365258 0.922527 0.124622
    outer loop
      vertex -1.62234 4.99305 25
      vertex -2.21771 4.71288 25.329
      vertex -1.60955 4.95367 25.329
    endloop
  endfacet
  facet normal 0.164802 -0.299779 0.939666
    outer loop
      vertex 1.50733 -2.37517 27.2164
      vertex 1.19775 -2.54536 27.2164
      vertex 1.42486 -3.02798 27.0226
    endloop
  endfacet
  facet normal -0.0332806 -0.263424 0.964106
    outer loop
      vertex -0.140358 -2.23093 27.3752
      vertex -0.527121 -2.76326 27.2164
      vertex -0.176635 -2.80754 27.2164
    endloop
  endfacet
  facet normal 0.917984 -0.175119 0.355864
    outer loop
      vertex 5.04496 -0.637327 25.6528
      vertex 5.04496 -1.29533 25.329
      vertex 5.16753 -0.65281 25.329
    endloop
  endfacet
  facet normal 0.608607 -0.1161 0.784932
    outer loop
      vertex 4.56433 -0.576609 26.2646
      vertex 4.1139 -1.05627 26.5429
      vertex 4.45607 -1.14412 26.2646
    endloop
  endfacet
  facet normal -0.0157025 -0.0611549 0.998005
    outer loop
      vertex -0.101867 -0.313516 27.6198
      vertex -0.303995 -0.935603 27.5785
      vertex -0.184337 -0.966327 27.5785
    endloop
  endfacet
  facet normal 0.30447 -0.419084 0.855375
    outer loop
      vertex 2.43948 -2.94882 26.7969
      vertex 2.05065 -3.23131 26.7969
      vertex 2.70736 -3.27263 26.5429
    endloop
  endfacet
  facet normal -0.943647 -0.306603 0.124601
    outer loop
      vertex -4.84284 -1.91741 25.329
      vertex -5.08506 -1.30562 25
      vertex -4.88133 -1.93265 25
    endloop
  endfacet
  facet normal -0.124355 -0.984382 0.124614
    outer loop
      vertex -0.32705 -5.19832 25.329
      vertex -0.975994 -5.11634 25.329
      vertex -0.32965 -5.23964 25
    endloop
  endfacet
  facet normal 0.298489 -0.542941 0.784933
    outer loop
      vertex 2.46513 -3.88442 26.2646
      vertex 1.80843 -3.84311 26.5429
      vertex 1.95884 -4.16276 26.2646
    endloop
  endfacet
  facet normal -0.181267 -0.70602 0.684601
    outer loop
      vertex -1.42167 -4.37544 26.2646
      vertex -1.50841 -4.64242 25.9663
      vertex -0.914669 -4.79486 25.9663
    endloop
  endfacet
  facet normal -0.232411 -0.905183 0.355849
    outer loop
      vertex -0.952845 -4.99499 25.6528
      vertex -1.57137 -4.83618 25.6528
      vertex -0.975994 -5.11634 25.329
    endloop
  endfacet
  facet normal 0.288838 -0.183304 0.939666
    outer loop
      vertex 2.46513 -1.35522 27.2164
      vertex 2.27584 -1.65349 27.2164
      vertex 2.93254 -1.61218 27.0226
    endloop
  endfacet
  facet normal 0.20108 -0.276758 0.939666
    outer loop
      vertex 1.79313 -2.16752 27.2164
      vertex 1.50733 -2.37517 27.2164
      vertex 2.13312 -2.5785 27.0226
    endloop
  endfacet
  facet normal -0.0432216 -0.0460259 0.998005
    outer loop
      vertex -0.210127 -0.254 27.6198
      vertex -0.717124 -0.673424 27.5785
      vertex -0.627067 -0.757994 27.5785
    endloop
  endfacet
  facet normal -0.325354 0.105717 0.939664
    outer loop
      vertex -3.11147 1.23192 27.0226
      vertex -3.24134 0.832234 27.0226
      vertex -2.61555 1.03557 27.2164
    endloop
  endfacet
  facet normal 0.0620203 0.0118309 0.998005
    outer loop
      vertex 0.952845 0.244649 27.5785
      vertex 0.32705 0.041316 27.6198
      vertex 0.975994 0.123297 27.5785
    endloop
  endfacet
  facet normal 0.0571302 -0.0268813 0.998005
    outer loop
      vertex 0.3065 -0.121352 27.6198
      vertex 0.288875 -0.15881 27.6198
      vertex 0.914669 -0.362143 27.5785
    endloop
  endfacet
  facet normal 0.0533088 0.0338325 0.998005
    outer loop
      vertex 0.795872 0.578235 27.5785
      vertex 0.266692 0.193763 27.6198
      vertex 0.288875 0.15881 27.6198
    endloop
  endfacet
  facet normal 0.0983253 0.0813426 0.991824
    outer loop
      vertex 1.18263 1.11057 27.4965
      vertex 0.717124 0.673424 27.5785
      vertex 0.795872 0.578235 27.5785
    endloop
  endfacet
  facet normal 0.404182 0.735211 0.544152
    outer loop
      vertex 2.72471 4.29346 25.6528
      vertex 2.16511 4.6011 25.6528
      vertex 2.61555 4.12144 25.9663
    endloop
  endfacet
  facet normal 0.43737 0.277563 0.855375
    outer loop
      vertex 3.43617 2.49652 26.5429
      vertex 3.09618 2.2495 26.7969
      vertex 3.72197 2.04617 26.5429
    endloop
  endfacet
  facet normal 0.561636 0.464631 0.684604
    outer loop
      vertex 3.94908 2.86917 25.9663
      vertex 3.55833 3.3415 25.9663
      vertex 3.72197 2.70417 26.2646
    endloop
  endfacet
  facet normal 0.560611 -0.263811 0.784933
    outer loop
      vertex 3.94908 -1.56355 26.5429
      vertex 3.72197 -2.04617 26.5429
      vertex 4.27754 -1.6936 26.2646
    endloop
  endfacet
  facet normal -0.917984 -0.175119 0.355864
    outer loop
      vertex -5.04496 -0.637327 25.6528
      vertex -5.16753 -0.65281 25.329
      vertex -5.04496 -1.29533 25.329
    endloop
  endfacet
  facet normal -0.639741 0.681245 0.35586
    outer loop
      vertex -3.32009 4.0133 25.329
      vertex -3.79691 3.56553 25.329
      vertex -3.24134 3.91811 25.6528
    endloop
  endfacet
  facet normal -0.194103 -0.0122145 0.980905
    outer loop
      vertex -1.60955 -0.203333 27.4965
      vertex -2.23534 0 27.3752
      vertex -2.21771 -0.280162 27.3752
    endloop
  endfacet
  facet normal 0.128832 0.501732 0.855375
    outer loop
      vertex 0.795872 4.17211 26.5429
      vertex 0.717124 3.7593 26.7969
      vertex 1.18263 3.63977 26.7969
    endloop
  endfacet
  facet normal -0.424135 0.451653 0.784932
    outer loop
      vertex -2.70736 3.27263 26.5429
      vertex -3.3537 3.14933 26.2646
      vertex -3.09618 2.9075 26.5429
    endloop
  endfacet
  facet normal -0.43737 0.277563 0.855375
    outer loop
      vertex -3.43617 2.49652 26.5429
      vertex -3.72197 2.04617 26.5429
      vertex -3.09618 2.2495 26.7969
    endloop
  endfacet
  facet normal -0.298489 0.542941 0.784933
    outer loop
      vertex -1.95884 4.16276 26.2646
      vertex -2.46513 3.88442 26.2646
      vertex -1.80843 3.84311 26.5429
    endloop
  endfacet
  facet normal -0.309533 0.145659 0.939666
    outer loop
      vertex -2.46513 1.35522 27.2164
      vertex -2.93254 1.61218 27.0226
      vertex -2.61555 1.03557 27.2164
    endloop
  endfacet
  facet normal -0.917984 0.175119 0.355864
    outer loop
      vertex -5.04496 1.29533 25.329
      vertex -5.16753 0.65281 25.329
      vertex -5.04496 0.637327 25.6528
    endloop
  endfacet
  facet normal -0.344031 0.868916 0.355848
    outer loop
      vertex -1.57137 4.83618 25.6528
      vertex -2.21771 4.71288 25.329
      vertex -2.16511 4.6011 25.6528
    endloop
  endfacet
  facet normal 0.720075 -0.595697 0.355862
    outer loop
      vertex 4.1139 -2.98892 25.6528
      vertex 3.70685 -3.48096 25.6528
      vertex 3.79691 -3.56553 25.329
    endloop
  endfacet
  facet normal 0.424921 -0.0267359 0.904835
    outer loop
      vertex 3.34648 0 27.0226
      vertex 3.32009 -0.419424 27.0226
      vertex 3.79691 -0.47966 26.7969
    endloop
  endfacet
  facet normal 0.304474 -0.419069 0.855381
    outer loop
      vertex 2.70736 -3.27263 26.5429
      vertex 2.05065 -3.23131 26.7969
      vertex 2.27584 -3.58615 26.5429
    endloop
  endfacet
  facet normal 0.64645 -0.534789 0.544154
    outer loop
      vertex 4.1139 -2.98892 25.6528
      vertex 3.55833 -3.3415 25.9663
      vertex 3.70685 -3.48096 25.6528
    endloop
  endfacet
  facet normal 0.365263 -0.922526 0.124612
    outer loop
      vertex 2.21771 -4.71288 25.329
      vertex 1.62234 -4.99305 25
      vertex 2.23534 -4.75034 25
    endloop
  endfacet
  facet normal -0.105152 -0.83236 0.54417
    outer loop
      vertex -0.3065 -4.87169 25.9663
      vertex -0.914669 -4.79486 25.9663
      vertex -0.319293 -5.07503 25.6528
    endloop
  endfacet
  facet normal 0.246749 -0.961034 0.124618
    outer loop
      vertex 1.62234 -4.99305 25
      vertex 0.975994 -5.11634 25.329
      vertex 0.983751 -5.15701 25
    endloop
  endfacet
  facet normal 0.72007 -0.595698 0.35587
    outer loop
      vertex 4.1139 -2.98892 25.6528
      vertex 3.79691 -3.56553 25.329
      vertex 4.21385 -3.06154 25.329
    endloop
  endfacet
  facet normal 0.990248 0.0623044 0.124609
    outer loop
      vertex 5.2086 0.657999 25
      vertex 5.2086 0 25.329
      vertex 5.25 0 25
    endloop
  endfacet
  facet normal 0.516981 0.0325174 0.855379
    outer loop
      vertex 4.24734 0 26.5429
      vertex 3.79691 0.47966 26.7969
      vertex 3.82708 0 26.7969
    endloop
  endfacet
  facet normal 0.43737 -0.277561 0.855375
    outer loop
      vertex 3.3537 -1.84371 26.7969
      vertex 3.09618 -2.2495 26.7969
      vertex 3.72197 -2.04617 26.5429
    endloop
  endfacet
  facet normal 0.15673 -0.395865 0.904835
    outer loop
      vertex 1.42486 -3.02798 27.0226
      vertex 1.18263 -3.63977 26.7969
      vertex 1.62949 -3.46285 26.7969
    endloop
  endfacet
  facet normal -0.0432228 -0.0460245 0.998005
    outer loop
      vertex -0.240304 -0.22566 27.6198
      vertex -0.717124 -0.673424 27.5785
      vertex -0.210127 -0.254 27.6198
    endloop
  endfacet
  facet normal -0.845596 -0.397912 0.355857
    outer loop
      vertex -4.72797 -1.87194 25.6528
      vertex -4.84284 -1.91741 25.329
      vertex -4.45607 -2.44975 25.6528
    endloop
  endfacet
  facet normal -0.344031 -0.868916 0.355848
    outer loop
      vertex -2.16511 -4.6011 25.6528
      vertex -2.21771 -4.71288 25.329
      vertex -1.57137 -4.83618 25.6528
    endloop
  endfacet
  facet normal 0.246752 -0.961032 0.124624
    outer loop
      vertex 1.60955 -4.95367 25.329
      vertex 0.975994 -5.11634 25.329
      vertex 1.62234 -4.99305 25
    endloop
  endfacet
  facet normal -0.639741 -0.681244 0.355861
    outer loop
      vertex -3.70685 -3.48096 25.6528
      vertex -3.79691 -3.56553 25.329
      vertex -3.24134 -3.91811 25.6528
    endloop
  endfacet
  facet normal -0.0850721 -0.331345 0.939667
    outer loop
      vertex -0.527121 -2.76326 27.2164
      vertex -1.03412 -3.18269 27.0226
      vertex -0.627067 -3.2872 27.0226
    endloop
  endfacet
  facet normal 0.0750064 -0.103239 0.991824
    outer loop
      vertex 0.627067 -0.757994 27.5785
      vertex 0.527121 -0.830608 27.5785
      vertex 0.869292 -1.36979 27.4965
    endloop
  endfacet
  facet normal 0.204585 -0.169248 0.964106
    outer loop
      vertex 1.80843 -1.3139 27.3752
      vertex 1.62949 -1.5302 27.3752
      vertex 2.27584 -1.65349 27.2164
    endloop
  endfacet
  facet normal 0.359486 -0.228135 0.904834
    outer loop
      vertex 3.3537 -1.84371 26.7969
      vertex 2.93254 -1.61218 27.0226
      vertex 3.09618 -2.2495 26.7969
    endloop
  endfacet
  facet normal -0.888802 -0.288781 0.35586
    outer loop
      vertex -4.72797 -1.87194 25.6528
      vertex -5.04496 -1.29533 25.329
      vertex -4.84284 -1.91741 25.329
    endloop
  endfacet
  facet normal -0.65954 -0.310352 0.684609
    outer loop
      vertex -4.03154 -2.21636 26.2646
      vertex -4.53854 -1.79694 25.9663
      vertex -4.27754 -2.3516 25.9663
    endloop
  endfacet
  facet normal -0.399131 -0.330187 0.855378
    outer loop
      vertex -2.78982 -2.61982 26.7969
      vertex -3.43617 -2.49652 26.5429
      vertex -3.09618 -2.9075 26.5429
    endloop
  endfacet
  facet normal 0.428445 0.58971 0.6846
    outer loop
      vertex 3.11147 3.76113 25.9663
      vertex 2.46513 3.88442 26.2646
      vertex 2.93254 3.54483 26.2646
    endloop
  endfacet
  facet normal 0.260812 -0.0497517 0.964107
    outer loop
      vertex 2.21771 -0.280162 27.3752
      vertex 2.16511 -0.555906 27.3752
      vertex 2.79091 -0.352573 27.2164
    endloop
  endfacet
  facet normal 0.264994 -0.0166705 0.964106
    outer loop
      vertex 2.81309 0 27.2164
      vertex 2.23534 0 27.3752
      vertex 2.79091 -0.352573 27.2164
    endloop
  endfacet
  facet normal 0.325351 0.105706 0.939667
    outer loop
      vertex 3.24134 0.832234 27.0226
      vertex 2.61555 1.03557 27.2164
      vertex 2.72471 0.699587 27.2164
    endloop
  endfacet
  facet normal 0.184963 0.0601006 0.980906
    outer loop
      vertex 2.07837 0.822884 27.3752
      vertex 1.50841 0.597222 27.4965
      vertex 1.57137 0.403459 27.4965
    endloop
  endfacet
  facet normal 0.0332806 0.263424 0.964106
    outer loop
      vertex 0.176635 2.80754 27.2164
      vertex 0.140358 2.23093 27.3752
      vertex 0.527121 2.76326 27.2164
    endloop
  endfacet
  facet normal 0.0243734 0.192951 0.980906
    outer loop
      vertex 0.140358 2.23093 27.3752
      vertex 0.101867 1.61914 27.4965
      vertex 0.41886 2.19575 27.3752
    endloop
  endfacet
  facet normal 0.240244 0.113058 0.964106
    outer loop
      vertex 2.61555 1.03557 27.2164
      vertex 1.95884 1.07688 27.3752
      vertex 2.07837 0.822884 27.3752
    endloop
  endfacet
  facet normal -0.385244 0.181275 0.904835
    outer loop
      vertex -2.93254 1.61218 27.0226
      vertex -3.55833 1.40884 26.7969
      vertex -3.11147 1.23192 27.0226
    endloop
  endfacet
  facet normal -0.240244 0.113058 0.964106
    outer loop
      vertex -1.95884 1.07688 27.3752
      vertex -2.61555 1.03557 27.2164
      vertex -2.07837 0.822884 27.3752
    endloop
  endfacet
  facet normal 0.477395 0.394933 0.784934
    outer loop
      vertex 3.72197 2.70417 26.2646
      vertex 3.09618 2.9075 26.5429
      vertex 3.43617 2.49652 26.5429
    endloop
  endfacet
  facet normal 0.0936936 0.170428 0.980906
    outer loop
      vertex 0.951761 2.0226 27.3752
      vertex 0.690758 1.46794 27.4965
      vertex 0.869292 1.36979 27.4965
    endloop
  endfacet
  facet normal 0.720075 0.595697 0.355862
    outer loop
      vertex 3.79691 3.56553 25.329
      vertex 3.70685 3.48096 25.6528
      vertex 4.1139 2.98892 25.6528
    endloop
  endfacet
  facet normal 0.208645 0.812621 0.544163
    outer loop
      vertex 0.952845 4.99499 25.6528
      vertex 0.914669 4.79486 25.9663
      vertex 1.57137 4.83618 25.6528
    endloop
  endfacet
  facet normal 0.205116 0.373096 0.904835
    outer loop
      vertex 1.62949 3.46285 26.7969
      vertex 1.42486 3.02798 27.0226
      vertex 2.05065 3.23131 26.7969
    endloop
  endfacet
  facet normal 0.424135 0.451653 0.784932
    outer loop
      vertex 3.3537 3.14933 26.2646
      vertex 2.70736 3.27263 26.5429
      vertex 3.09618 2.9075 26.5429
    endloop
  endfacet
  facet normal 0.523129 0.331987 0.784934
    outer loop
      vertex 3.72197 2.70417 26.2646
      vertex 3.43617 2.49652 26.5429
      vertex 3.72197 2.04617 26.5429
    endloop
  endfacet
  facet normal 0.399131 0.330187 0.855378
    outer loop
      vertex 3.09618 2.9075 26.5429
      vertex 2.78982 2.61982 26.7969
      vertex 3.43617 2.49652 26.5429
    endloop
  endfacet
  facet normal 0.249547 0.453926 0.855381
    outer loop
      vertex 2.27584 3.58615 26.5429
      vertex 1.80843 3.84311 26.5429
      vertex 2.05065 3.23131 26.7969
    endloop
  endfacet
  facet normal 0.943647 -0.3066 0.124605
    outer loop
      vertex 5.04496 -1.29533 25.329
      vertex 4.84284 -1.91741 25.329
      vertex 5.08506 -1.30562 25
    endloop
  endfacet
  facet normal 0.365258 0.922527 0.124622
    outer loop
      vertex 1.62234 4.99305 25
      vertex 1.60955 4.95367 25.329
      vertex 2.21771 4.71288 25.329
    endloop
  endfacet
  facet normal -0.917986 -0.175117 0.35586
    outer loop
      vertex -5.04496 -0.637327 25.6528
      vertex -5.04496 -1.29533 25.329
      vertex -4.9253 -1.2646 25.6528
    endloop
  endfacet
  facet normal -0.974632 -0.185925 0.124598
    outer loop
      vertex -5.16753 -0.65281 25.329
      vertex -5.2086 -0.657999 25
      vertex -5.04496 -1.29533 25.329
    endloop
  endfacet
  facet normal -0.618362 -0.0389071 0.78493
    outer loop
      vertex -4.21385 -0.532332 26.5429
      vertex -4.60061 0 26.2646
      vertex -4.56433 -0.576609 26.2646
    endloop
  endfacet
  facet normal -0.58926 -0.191455 0.784932
    outer loop
      vertex -4.1139 -1.05627 26.5429
      vertex -4.45607 -1.14412 26.2646
      vertex -4.27754 -1.6936 26.2646
    endloop
  endfacet
  facet normal -0.583205 0.802714 0.124591
    outer loop
      vertex -2.81309 4.43272 25
      vertex -3.34648 4.04519 25
      vertex -2.79091 4.39777 25.329
    endloop
  endfacet
  facet normal -0.824132 -0.157217 0.544141
    outer loop
      vertex -4.84284 -0.611792 25.9663
      vertex -5.04496 -0.637327 25.6528
      vertex -4.72797 -1.21394 25.9663
    endloop
  endfacet
  facet normal -0.424929 0.0267275 0.904832
    outer loop
      vertex -3.79691 0.47966 26.7969
      vertex -3.82708 0 26.7969
      vertex -3.34648 0 27.0226
    endloop
  endfacet
  facet normal -0.716002 0.13659 0.684605
    outer loop
      vertex -4.72797 1.21394 25.9663
      vertex -4.84284 0.611792 25.9663
      vertex -4.45607 1.14412 26.2646
    endloop
  endfacet
  facet normal -0.523132 0.331986 0.784932
    outer loop
      vertex -3.72197 2.70417 26.2646
      vertex -4.03154 2.21636 26.2646
      vertex -3.72197 2.04617 26.5429
    endloop
  endfacet
  facet normal -0.252523 0.0820441 0.964106
    outer loop
      vertex -2.61555 1.03557 27.2164
      vertex -2.72471 0.699587 27.2164
      vertex -2.16511 0.555906 27.3752
    endloop
  endfacet
  facet normal -0.424921 0.0267359 0.904835
    outer loop
      vertex -3.32009 0.419424 27.0226
      vertex -3.79691 0.47966 26.7969
      vertex -3.34648 0 27.0226
    endloop
  endfacet
  facet normal -0.399131 0.330195 0.855375
    outer loop
      vertex -2.78982 2.61982 26.7969
      vertex -3.43617 2.49652 26.5429
      vertex -3.09618 2.2495 26.7969
    endloop
  endfacet
  facet normal -0.228082 0.576071 0.784933
    outer loop
      vertex -1.42167 4.37544 26.2646
      vertex -1.95884 4.16276 26.2646
      vertex -1.80843 3.84311 26.5429
    endloop
  endfacet
  facet normal -0.574326 0.611594 0.544153
    outer loop
      vertex -3.11147 3.76113 25.9663
      vertex -3.70685 3.48096 25.6528
      vertex -3.55833 3.3415 25.9663
    endloop
  endfacet
  facet normal -0.583204 0.802715 0.124588
    outer loop
      vertex -2.79091 4.39777 25.329
      vertex -3.34648 4.04519 25
      vertex -3.32009 4.0133 25.329
    endloop
  endfacet
  facet normal -0.344031 0.868915 0.355849
    outer loop
      vertex -1.60955 4.95367 25.329
      vertex -2.21771 4.71288 25.329
      vertex -1.57137 4.83618 25.6528
    endloop
  endfacet
  facet normal -0.268332 0.677732 0.6846
    outer loop
      vertex -1.50841 4.64242 25.9663
      vertex -1.95884 4.16276 26.2646
      vertex -1.42167 4.37544 26.2646
    endloop
  endfacet
  facet normal -0.249555 0.453928 0.855378
    outer loop
      vertex -1.80843 3.84311 26.5429
      vertex -2.05065 3.23131 26.7969
      vertex -1.62949 3.46285 26.7969
    endloop
  endfacet
  facet normal 0 -0.934548 0.355838
    outer loop
      vertex -0.32705 -5.19832 25.329
      vertex 0.319293 -5.07503 25.6528
      vertex -0.319293 -5.07503 25.6528
    endloop
  endfacet
  facet normal 0 -0.934548 0.355838
    outer loop
      vertex 0.319293 -5.07503 25.6528
      vertex -0.32705 -5.19832 25.329
      vertex 0.32705 -5.19832 25.329
    endloop
  endfacet
  facet normal 0.351161 -0.638749 0.684606
    outer loop
      vertex 2.46513 -3.88442 26.2646
      vertex 1.95884 -4.16276 26.2646
      vertex 2.61555 -4.12144 25.9663
    endloop
  endfacet
  facet normal 0.344031 -0.868916 0.355848
    outer loop
      vertex 2.16511 -4.6011 25.6528
      vertex 1.57137 -4.83618 25.6528
      vertex 2.21771 -4.71288 25.329
    endloop
  endfacet
  facet normal 0.708383 -0.449554 0.544146
    outer loop
      vertex 4.27754 -2.3516 25.9663
      vertex 3.94908 -2.86917 25.9663
      vertex 4.1139 -2.98892 25.6528
    endloop
  endfacet
  facet normal 0.154087 -0.600117 0.784931
    outer loop
      vertex 1.3125 -4.03946 26.5429
      vertex 0.795872 -4.17211 26.5429
      vertex 0.862068 -4.51912 26.2646
    endloop
  endfacet
  facet normal 0.727477 -0.0457682 0.684604
    outer loop
      vertex 4.88133 0 25.9663
      vertex 4.60061 0 26.2646
      vertex 4.84284 -0.611792 25.9663
    endloop
  endfacet
  facet normal 0.43737 -0.277563 0.855375
    outer loop
      vertex 3.72197 -2.04617 26.5429
      vertex 3.09618 -2.2495 26.7969
      vertex 3.43617 -2.49652 26.5429
    endloop
  endfacet
  facet normal -0.228079 -0.57607 0.784935
    outer loop
      vertex -1.3125 -4.03946 26.5429
      vertex -1.80843 -3.84311 26.5429
      vertex -1.42167 -4.37544 26.2646
    endloop
  endfacet
  facet normal -0.105889 -0.412382 0.904836
    outer loop
      vertex -0.627067 -3.2872 27.0226
      vertex -1.18263 -3.63977 26.7969
      vertex -0.717124 -3.7593 26.7969
    endloop
  endfacet
  facet normal 0.888802 -0.288781 0.35586
    outer loop
      vertex 5.04496 -1.29533 25.329
      vertex 4.72797 -1.87194 25.6528
      vertex 4.84284 -1.91741 25.329
    endloop
  endfacet
  facet normal 0.888802 0.288779 0.355862
    outer loop
      vertex 5.04496 1.29533 25.329
      vertex 4.72797 1.87194 25.6528
      vertex 4.9253 1.2646 25.6528
    endloop
  endfacet
  facet normal 0.523132 0.331986 0.784932
    outer loop
      vertex 3.72197 2.70417 26.2646
      vertex 3.72197 2.04617 26.5429
      vertex 4.03154 2.21636 26.2646
    endloop
  endfacet
  facet normal 0.0614765 0.111825 0.991824
    outer loop
      vertex 0.690758 1.46794 27.4965
      vertex 0.41886 0.890125 27.5785
      vertex 0.869292 1.36979 27.4965
    endloop
  endfacet
  facet normal 0.20108 -0.276759 0.939665
    outer loop
      vertex 2.13312 -2.5785 27.0226
      vertex 1.50733 -2.37517 27.2164
      vertex 1.79313 -2.82552 27.0226
    endloop
  endfacet
  facet normal -0.0243734 -0.192951 0.980906
    outer loop
      vertex -0.101867 -1.61914 27.4965
      vertex -0.41886 -2.19575 27.3752
      vertex -0.140358 -2.23093 27.3752
    endloop
  endfacet
  facet normal -0.133133 -0.141773 0.980906
    outer loop
      vertex -1.18263 -1.11057 27.4965
      vertex -1.62949 -1.5302 27.3752
      vertex -1.42486 -1.72236 27.3752
    endloop
  endfacet
  facet normal 0.15674 -0.395868 0.904832
    outer loop
      vertex 1.42486 -3.02798 27.0226
      vertex 1.03412 -3.18269 27.0226
      vertex 1.18263 -3.63977 26.7969
    endloop
  endfacet
  facet normal 0.105881 -0.412392 0.904832
    outer loop
      vertex 1.03412 -3.18269 27.0226
      vertex 0.627067 -3.2872 27.0226
      vertex 1.18263 -3.63977 26.7969
    endloop
  endfacet
  facet normal 0.154082 -0.600114 0.784935
    outer loop
      vertex 1.3125 -4.03946 26.5429
      vertex 0.862068 -4.51912 26.2646
      vertex 1.42167 -4.37544 26.2646
    endloop
  endfacet
  facet normal 0.498983 -0.531357 0.684598
    outer loop
      vertex 3.3537 -3.14933 26.2646
      vertex 2.93254 -3.54483 26.2646
      vertex 3.11147 -3.76113 25.9663
    endloop
  endfacet
  facet normal -0.583205 -0.802714 0.124591
    outer loop
      vertex -2.79091 -4.39777 25.329
      vertex -3.34648 -4.04519 25
      vertex -2.81309 -4.43272 25
    endloop
  endfacet
  facet normal -0.477989 -0.869485 0.124591
    outer loop
      vertex -2.79091 -4.39777 25.329
      vertex -2.81309 -4.43272 25
      vertex -2.21771 -4.71288 25.329
    endloop
  endfacet
  facet normal -0.344031 -0.868915 0.355849
    outer loop
      vertex -1.57137 -4.83618 25.6528
      vertex -2.21771 -4.71288 25.329
      vertex -1.60955 -4.95367 25.329
    endloop
  endfacet
  facet normal -0.365263 -0.922526 0.124612
    outer loop
      vertex -2.21771 -4.71288 25.329
      vertex -2.23534 -4.75034 25
      vertex -1.62234 -4.99305 25
    endloop
  endfacet
  facet normal -0.232412 -0.905183 0.355848
    outer loop
      vertex -1.57137 -4.83618 25.6528
      vertex -1.60955 -4.95367 25.329
      vertex -0.975994 -5.11634 25.329
    endloop
  endfacet
  facet normal 0.249547 -0.453926 0.855381
    outer loop
      vertex 2.05065 -3.23131 26.7969
      vertex 1.80843 -3.84311 26.5429
      vertex 2.27584 -3.58615 26.5429
    endloop
  endfacet
  facet normal -0.268332 -0.677732 0.6846
    outer loop
      vertex -1.42167 -4.37544 26.2646
      vertex -1.95884 -4.16276 26.2646
      vertex -1.50841 -4.64242 25.9663
    endloop
  endfacet
  facet normal -0.759135 -0.357217 0.54416
    outer loop
      vertex -4.53854 -1.79694 25.9663
      vertex -4.72797 -1.87194 25.6528
      vertex -4.27754 -2.3516 25.9663
    endloop
  endfacet
  facet normal -0.549307 -0.75606 0.355859
    outer loop
      vertex -3.24134 -3.91811 25.6528
      vertex -3.32009 -4.0133 25.329
      vertex -2.79091 -4.39777 25.329
    endloop
  endfacet
  facet normal -0.583204 -0.802715 0.124588
    outer loop
      vertex -3.32009 -4.0133 25.329
      vertex -3.34648 -4.04519 25
      vertex -2.79091 -4.39777 25.329
    endloop
  endfacet
  facet normal -0.708383 -0.449554 0.544146
    outer loop
      vertex -3.94908 -2.86917 25.9663
      vertex -4.27754 -2.3516 25.9663
      vertex -4.1139 -2.98892 25.6528
    endloop
  endfacet
  facet normal -0.89777 -0.422468 0.124618
    outer loop
      vertex -4.56433 -2.50926 25.329
      vertex -4.84284 -1.91741 25.329
      vertex -4.60061 -2.52921 25
    endloop
  endfacet
  facet normal 0.309542 -0.145654 0.939664
    outer loop
      vertex 3.11147 -1.23192 27.0226
      vertex 2.61555 -1.03557 27.2164
      vertex 2.93254 -1.61218 27.0226
    endloop
  endfacet
  facet normal 0.328056 -0.271395 0.904834
    outer loop
      vertex 3.09618 -2.2495 26.7969
      vertex 2.70736 -1.96701 27.0226
      vertex 2.78982 -2.61982 26.7969
    endloop
  endfacet
  facet normal 0.309533 -0.145659 0.939666
    outer loop
      vertex 2.61555 -1.03557 27.2164
      vertex 2.46513 -1.35522 27.2164
      vertex 2.93254 -1.61218 27.0226
    endloop
  endfacet
  facet normal 0.224181 -0.142271 0.964107
    outer loop
      vertex 2.46513 -1.35522 27.2164
      vertex 1.95884 -1.07688 27.3752
      vertex 2.27584 -1.65349 27.2164
    endloop
  endfacet
  facet normal -0.897776 -0.422461 0.124601
    outer loop
      vertex -4.84284 -1.91741 25.329
      vertex -4.88133 -1.93265 25
      vertex -4.60061 -2.52921 25
    endloop
  endfacet
  facet normal -0.888802 -0.288779 0.355862
    outer loop
      vertex -4.9253 -1.2646 25.6528
      vertex -5.04496 -1.29533 25.329
      vertex -4.72797 -1.87194 25.6528
    endloop
  endfacet
  facet normal -0.797918 -0.259262 0.54416
    outer loop
      vertex -4.72797 -1.21394 25.9663
      vertex -4.72797 -1.87194 25.6528
      vertex -4.53854 -1.79694 25.9663
    endloop
  endfacet
  facet normal 0.121365 0.0394337 0.991824
    outer loop
      vertex 1.57137 0.403459 27.4965
      vertex 0.914669 0.362143 27.5785
      vertex 0.952845 0.244649 27.5785
    endloop
  endfacet
  facet normal 0.0630139 0.00396544 0.998005
    outer loop
      vertex 0.975994 0.123297 27.5785
      vertex 0.32705 0.041316 27.6198
      vertex 0.32965 0 27.6198
    endloop
  endfacet
  facet normal 0.341418 -0.0214782 0.939666
    outer loop
      vertex 2.81309 0 27.2164
      vertex 2.79091 -0.352573 27.2164
      vertex 3.32009 -0.419424 27.0226
    endloop
  endfacet
  facet normal 0.492654 0.160078 0.855375
    outer loop
      vertex 4.1139 1.05627 26.5429
      vertex 3.55833 1.40884 26.7969
      vertex 3.70685 0.951756 26.7969
    endloop
  endfacet
  facet normal 0.0533099 0.0338312 0.998005
    outer loop
      vertex 0.795872 0.578235 27.5785
      vertex 0.288875 0.15881 27.6198
      vertex 0.862068 0.473926 27.5785
    endloop
  endfacet
  facet normal 0.336032 0.0641049 0.939667
    outer loop
      vertex 3.24134 0.832234 27.0226
      vertex 2.72471 0.699587 27.2164
      vertex 2.79091 0.352573 27.2164
    endloop
  endfacet
  facet normal 0.127358 0.00801106 0.991824
    outer loop
      vertex 1.60955 0.203333 27.4965
      vertex 0.983751 0 27.5785
      vertex 1.62234 0 27.4965
    endloop
  endfacet
  facet normal 0.194101 0.0122093 0.980906
    outer loop
      vertex 2.23534 0 27.3752
      vertex 1.60955 0.203333 27.4965
      vertex 1.62234 0 27.4965
    endloop
  endfacet
  facet normal 0.0983253 -0.0813426 0.991824
    outer loop
      vertex 0.795872 -0.578235 27.5785
      vertex 0.717124 -0.673424 27.5785
      vertex 1.18263 -1.11057 27.4965
    endloop
  endfacet
  facet normal 0.0232428 -0.0587049 0.998005
    outer loop
      vertex 0.41886 -0.890125 27.5785
      vertex 0.101867 -0.313516 27.6198
      vertex 0.303995 -0.935603 27.5785
    endloop
  endfacet
  facet normal -0.0159939 0.126604 0.991824
    outer loop
      vertex -0.101867 1.61914 27.4965
      vertex -0.184337 0.966327 27.5785
      vertex -0.0617695 0.981811 27.5785
    endloop
  endfacet
  facet normal 0.156063 0.214809 0.964106
    outer loop
      vertex 1.50733 2.37517 27.2164
      vertex 1.19775 1.88736 27.3752
      vertex 1.42486 1.72236 27.3752
    endloop
  endfacet
  facet normal -0.260813 0.0497555 0.964106
    outer loop
      vertex -2.72471 0.699587 27.2164
      vertex -2.79091 0.352573 27.2164
      vertex -2.16511 0.555906 27.3752
    endloop
  endfacet
  facet normal -0.240244 0.113053 0.964107
    outer loop
      vertex -2.46513 1.35522 27.2164
      vertex -2.61555 1.03557 27.2164
      vertex -1.95884 1.07688 27.3752
    endloop
  endfacet
  facet normal -0.149852 0.123969 0.980906
    outer loop
      vertex -1.62949 1.5302 27.3752
      vertex -1.80843 1.3139 27.3752
      vertex -1.18263 1.11057 27.4965
    endloop
  endfacet
  facet normal -0.404191 0.735213 0.544143
    outer loop
      vertex -2.16511 4.6011 25.6528
      vertex -2.61555 4.12144 25.9663
      vertex -2.07837 4.41676 25.9663
    endloop
  endfacet
  facet normal -0.107745 0.0683767 0.991824
    outer loop
      vertex -0.795872 0.578235 27.5785
      vertex -1.3125 0.953587 27.4965
      vertex -0.862068 0.473926 27.5785
    endloop
  endfacet
  facet normal -0.288838 0.183304 0.939666
    outer loop
      vertex -2.27584 1.65349 27.2164
      vertex -2.93254 1.61218 27.0226
      vertex -2.46513 1.35522 27.2164
    endloop
  endfacet
  facet normal 0 0.838975 0.54417
    outer loop
      vertex 0.319293 5.07503 25.6528
      vertex -0.3065 4.87169 25.9663
      vertex 0.3065 4.87169 25.9663
    endloop
  endfacet
  facet normal 0 0.838975 0.54417
    outer loop
      vertex -0.3065 4.87169 25.9663
      vertex 0.319293 5.07503 25.6528
      vertex -0.319293 5.07503 25.6528
    endloop
  endfacet
  facet normal 0.764508 0.632461 0.124587
    outer loop
      vertex 3.82708 3.59387 25
      vertex 3.79691 3.56553 25.329
      vertex 4.21385 3.06154 25.329
    endloop
  endfacet
  facet normal 0.0776531 0.614697 0.784931
    outer loop
      vertex 0.862068 4.51912 26.2646
      vertex 0.288875 4.59153 26.2646
      vertex 0.795872 4.17211 26.5429
    endloop
  endfacet
  facet normal 0.128824 0.501728 0.855379
    outer loop
      vertex 1.3125 4.03946 26.5429
      vertex 0.795872 4.17211 26.5429
      vertex 1.18263 3.63977 26.7969
    endloop
  endfacet
  facet normal 0.228082 0.576071 0.784933
    outer loop
      vertex 1.95884 4.16276 26.2646
      vertex 1.42167 4.37544 26.2646
      vertex 1.80843 3.84311 26.5429
    endloop
  endfacet
  facet normal -0.181275 0.706024 0.684594
    outer loop
      vertex -0.914669 4.79486 25.9663
      vertex -1.42167 4.37544 26.2646
      vertex -0.862068 4.51912 26.2646
    endloop
  endfacet
  facet normal 0.246749 0.961034 0.124618
    outer loop
      vertex 0.983751 5.15701 25
      vertex 0.975994 5.11634 25.329
      vertex 1.62234 4.99305 25
    endloop
  endfacet
  facet normal 0.263585 0.218057 0.939667
    outer loop
      vertex 2.43948 2.29082 27.0226
      vertex 2.27584 1.65349 27.2164
      vertex 2.70736 1.96701 27.0226
    endloop
  endfacet
  facet normal 0.351161 0.638749 0.684606
    outer loop
      vertex 2.61555 4.12144 25.9663
      vertex 1.95884 4.16276 26.2646
      vertex 2.46513 3.88442 26.2646
    endloop
  endfacet
  facet normal 0.288838 0.183304 0.939666
    outer loop
      vertex 2.93254 1.61218 27.0226
      vertex 2.27584 1.65349 27.2164
      vertex 2.46513 1.35522 27.2164
    endloop
  endfacet
  facet normal 0.15673 0.395865 0.904835
    outer loop
      vertex 1.62949 3.46285 26.7969
      vertex 1.18263 3.63977 26.7969
      vertex 1.42486 3.02798 27.0226
    endloop
  endfacet
  facet normal 0.0977456 0.246873 0.964105
    outer loop
      vertex 1.19775 2.54536 27.2164
      vertex 0.690758 2.12594 27.3752
      vertex 0.951761 2.0226 27.3752
    endloop
  endfacet
  facet normal 0.0977468 0.246872 0.964106
    outer loop
      vertex 0.869292 2.67541 27.2164
      vertex 0.690758 2.12594 27.3752
      vertex 1.19775 2.54536 27.2164
    endloop
  endfacet
  facet normal 0.837751 0.531642 0.12462
    outer loop
      vertex 4.60061 2.52921 25
      vertex 4.21385 3.06154 25.329
      vertex 4.56433 2.50926 25.329
    endloop
  endfacet
  facet normal 0.837338 0.0526845 0.544141
    outer loop
      vertex 5.04496 0.637327 25.6528
      vertex 4.84284 0.611792 25.9663
      vertex 5.08506 0 25.6528
    endloop
  endfacet
  facet normal 0.932697 0.0586844 0.355854
    outer loop
      vertex 5.2086 0 25.329
      vertex 5.04496 0.637327 25.6528
      vertex 5.08506 0 25.6528
    endloop
  endfacet
  facet normal 0.716002 0.13659 0.684605
    outer loop
      vertex 4.72797 1.21394 25.9663
      vertex 4.45607 1.14412 26.2646
      vertex 4.84284 0.611792 25.9663
    endloop
  endfacet
  facet normal 0.89777 0.422468 0.124618
    outer loop
      vertex 4.60061 2.52921 25
      vertex 4.56433 2.50926 25.329
      vertex 4.84284 1.91741 25.329
    endloop
  endfacet
  facet normal 0.508833 0.0970681 0.855375
    outer loop
      vertex 4.1139 1.05627 26.5429
      vertex 3.70685 0.951756 26.7969
      vertex 3.79691 0.47966 26.7969
    endloop
  endfacet
  facet normal 0.492649 0.160066 0.85538
    outer loop
      vertex 3.94908 1.56355 26.5429
      vertex 3.55833 1.40884 26.7969
      vertex 4.1139 1.05627 26.5429
    endloop
  endfacet
  facet normal 0.385244 0.181275 0.904835
    outer loop
      vertex 3.55833 1.40884 26.7969
      vertex 2.93254 1.61218 27.0226
      vertex 3.11147 1.23192 27.0226
    endloop
  endfacet
  facet normal 0.69325 0.225242 0.684595
    outer loop
      vertex 4.53854 1.79694 25.9663
      vertex 4.27754 1.6936 26.2646
      vertex 4.45607 1.14412 26.2646
    endloop
  endfacet
  facet normal 0.797931 0.259255 0.544145
    outer loop
      vertex 4.72797 1.87194 25.6528
      vertex 4.72797 1.21394 25.9663
      vertex 4.9253 1.2646 25.6528
    endloop
  endfacet
  facet normal 0.917984 0.175119 0.355864
    outer loop
      vertex 5.04496 1.29533 25.329
      vertex 5.04496 0.637327 25.6528
      vertex 5.16753 0.65281 25.329
    endloop
  endfacet
  facet normal -0.797931 -0.259255 0.544145
    outer loop
      vertex -4.72797 -1.21394 25.9663
      vertex -4.9253 -1.2646 25.6528
      vertex -4.72797 -1.87194 25.6528
    endloop
  endfacet
  facet normal -0.824129 -0.157213 0.544146
    outer loop
      vertex -4.72797 -1.21394 25.9663
      vertex -5.04496 -0.637327 25.6528
      vertex -4.9253 -1.2646 25.6528
    endloop
  endfacet
  facet normal -0.99025 -0.0622992 0.124598
    outer loop
      vertex -5.2086 0 25.329
      vertex -5.2086 -0.657999 25
      vertex -5.16753 -0.65281 25.329
    endloop
  endfacet
  facet normal -0.589259 0.191456 0.784932
    outer loop
      vertex -3.94908 1.56355 26.5429
      vertex -4.27754 1.6936 26.2646
      vertex -4.1139 1.05627 26.5429
    endloop
  endfacet
  facet normal -0.492654 0.160078 0.855375
    outer loop
      vertex -3.55833 1.40884 26.7969
      vertex -4.1139 1.05627 26.5429
      vertex -3.70685 0.951756 26.7969
    endloop
  endfacet
  facet normal -0.759138 -0.357227 0.544149
    outer loop
      vertex -4.27754 -2.3516 25.9663
      vertex -4.72797 -1.87194 25.6528
      vertex -4.45607 -2.44975 25.6528
    endloop
  endfacet
  facet normal -0.69325 -0.225242 0.684595
    outer loop
      vertex -4.45607 -1.14412 26.2646
      vertex -4.53854 -1.79694 25.9663
      vertex -4.27754 -1.6936 26.2646
    endloop
  endfacet
  facet normal -0.404923 0.131571 0.904835
    outer loop
      vertex -3.55833 1.40884 26.7969
      vertex -3.70685 0.951756 26.7969
      vertex -3.24134 0.832234 27.0226
    endloop
  endfacet
  facet normal -0.424929 -0.0267275 0.904832
    outer loop
      vertex -3.34648 0 27.0226
      vertex -3.82708 0 26.7969
      vertex -3.79691 -0.47966 26.7969
    endloop
  endfacet
  facet normal -0.560611 0.263811 0.784933
    outer loop
      vertex -3.72197 2.04617 26.5429
      vertex -4.27754 1.6936 26.2646
      vertex -3.94908 1.56355 26.5429
    endloop
  endfacet
  facet normal -0.404923 0.131571 0.904835
    outer loop
      vertex -3.11147 1.23192 27.0226
      vertex -3.55833 1.40884 26.7969
      vertex -3.24134 0.832234 27.0226
    endloop
  endfacet
  facet normal -0.608609 0.116102 0.78493
    outer loop
      vertex -4.1139 1.05627 26.5429
      vertex -4.56433 0.576609 26.2646
      vertex -4.21385 0.532332 26.5429
    endloop
  endfacet
  facet normal -0.508833 0.0970681 0.855375
    outer loop
      vertex -3.70685 0.951756 26.7969
      vertex -4.1139 1.05627 26.5429
      vertex -3.79691 0.47966 26.7969
    endloop
  endfacet
  facet normal -0.932694 -0.0586782 0.355864
    outer loop
      vertex -5.04496 -0.637327 25.6528
      vertex -5.2086 0 25.329
      vertex -5.16753 -0.65281 25.329
    endloop
  endfacet
  facet normal -0.932694 0.0586782 0.355864
    outer loop
      vertex -5.16753 0.65281 25.329
      vertex -5.2086 0 25.329
      vertex -5.04496 0.637327 25.6528
    endloop
  endfacet
  facet normal -0.615442 0.390567 0.684609
    outer loop
      vertex -3.72197 2.70417 26.2646
      vertex -4.27754 2.3516 25.9663
      vertex -4.03154 2.21636 26.2646
    endloop
  endfacet
  facet normal -0.69325 0.225242 0.684595
    outer loop
      vertex -4.27754 1.6936 26.2646
      vertex -4.53854 1.79694 25.9663
      vertex -4.45607 1.14412 26.2646
    endloop
  endfacet
  facet normal -0.328058 -0.271395 0.904833
    outer loop
      vertex -2.70736 -1.96701 27.0226
      vertex -2.78982 -2.61982 26.7969
      vertex -2.43948 -2.29082 27.0226
    endloop
  endfacet
  facet normal -0.43737 -0.277561 0.855375
    outer loop
      vertex -3.3537 -1.84371 26.7969
      vertex -3.72197 -2.04617 26.5429
      vertex -3.09618 -2.2495 26.7969
    endloop
  endfacet
  facet normal -0.341418 -0.0214782 0.939666
    outer loop
      vertex -2.81309 0 27.2164
      vertex -3.32009 -0.419424 27.0226
      vertex -2.79091 -0.352573 27.2164
    endloop
  endfacet
  facet normal -0.264994 0.0166705 0.964106
    outer loop
      vertex -2.79091 0.352573 27.2164
      vertex -2.81309 0 27.2164
      vertex -2.23534 0 27.3752
    endloop
  endfacet
  facet normal -0.354607 0.377608 0.855375
    outer loop
      vertex -2.70736 3.27263 26.5429
      vertex -2.78982 2.61982 26.7969
      vertex -2.43948 2.94882 26.7969
    endloop
  endfacet
  facet normal -0.56164 0.464631 0.684601
    outer loop
      vertex -3.55833 3.3415 25.9663
      vertex -3.72197 2.70417 26.2646
      vertex -3.3537 3.14933 26.2646
    endloop
  endfacet
  facet normal -0.26358 0.218059 0.939668
    outer loop
      vertex -2.05065 1.92569 27.2164
      vertex -2.43948 2.29082 27.0226
      vertex -2.27584 1.65349 27.2164
    endloop
  endfacet
  facet normal -0.354601 0.377608 0.855377
    outer loop
      vertex -2.70736 3.27263 26.5429
      vertex -3.09618 2.9075 26.5429
      vertex -2.78982 2.61982 26.7969
    endloop
  endfacet
  facet normal -0.364178 0.501253 0.784933
    outer loop
      vertex -2.46513 3.88442 26.2646
      vertex -2.93254 3.54483 26.2646
      vertex -2.70736 3.27263 26.5429
    endloop
  endfacet
  facet normal -0.549307 0.75606 0.355859
    outer loop
      vertex -2.79091 4.39777 25.329
      vertex -3.32009 4.0133 25.329
      vertex -3.24134 3.91811 25.6528
    endloop
  endfacet
  facet normal -0.117129 0.927179 0.355838
    outer loop
      vertex -0.32705 5.19832 25.329
      vertex -0.975994 5.11634 25.329
      vertex -0.319293 5.07503 25.6528
    endloop
  endfacet
  facet normal -0.615443 0.390572 0.684605
    outer loop
      vertex -3.94908 2.86917 25.9663
      vertex -4.27754 2.3516 25.9663
      vertex -3.72197 2.70417 26.2646
    endloop
  endfacet
  facet normal -0.561636 0.464631 0.684604
    outer loop
      vertex -3.55833 3.3415 25.9663
      vertex -3.94908 2.86917 25.9663
      vertex -3.72197 2.70417 26.2646
    endloop
  endfacet
  facet normal -0.990248 0.0623044 0.124609
    outer loop
      vertex -5.2086 0.657999 25
      vertex -5.25 0 25
      vertex -5.2086 0 25.329
    endloop
  endfacet
  facet normal -0.943647 -0.3066 0.124605
    outer loop
      vertex -5.04496 -1.29533 25.329
      vertex -5.08506 -1.30562 25
      vertex -4.84284 -1.91741 25.329
    endloop
  endfacet
  facet normal -0.974632 -0.18592 0.124607
    outer loop
      vertex -5.04496 -1.29533 25.329
      vertex -5.2086 -0.657999 25
      vertex -5.08506 -1.30562 25
    endloop
  endfacet
  facet normal 0.364178 -0.501253 0.784933
    outer loop
      vertex 2.70736 -3.27263 26.5429
      vertex 2.46513 -3.88442 26.2646
      vertex 2.93254 -3.54483 26.2646
    endloop
  endfacet
  facet normal 0.523132 -0.331986 0.784932
    outer loop
      vertex 3.72197 -2.04617 26.5429
      vertex 3.72197 -2.70417 26.2646
      vertex 4.03154 -2.21636 26.2646
    endloop
  endfacet
  facet normal 0.64645 -0.534796 0.544146
    outer loop
      vertex 3.94908 -2.86917 25.9663
      vertex 3.55833 -3.3415 25.9663
      vertex 4.1139 -2.98892 25.6528
    endloop
  endfacet
  facet normal 0.639741 -0.681244 0.355861
    outer loop
      vertex 3.70685 -3.48096 25.6528
      vertex 3.24134 -3.91811 25.6528
      vertex 3.79691 -3.56553 25.329
    endloop
  endfacet
  facet normal 0.424135 -0.451653 0.784932
    outer loop
      vertex 3.3537 -3.14933 26.2646
      vertex 2.70736 -3.27263 26.5429
      vertex 2.93254 -3.54483 26.2646
    endloop
  endfacet
  facet normal 0.574326 -0.611594 0.544153
    outer loop
      vertex 3.55833 -3.3415 25.9663
      vertex 3.11147 -3.76113 25.9663
      vertex 3.70685 -3.48096 25.6528
    endloop
  endfacet
  facet normal 0.89777 -0.422468 0.124618
    outer loop
      vertex 4.84284 -1.91741 25.329
      vertex 4.56433 -2.50926 25.329
      vertex 4.60061 -2.52921 25
    endloop
  endfacet
  facet normal 0.845596 -0.397912 0.355857
    outer loop
      vertex 4.72797 -1.87194 25.6528
      vertex 4.45607 -2.44975 25.6528
      vertex 4.84284 -1.91741 25.329
    endloop
  endfacet
  facet normal 0.759138 -0.357227 0.544149
    outer loop
      vertex 4.72797 -1.87194 25.6528
      vertex 4.27754 -2.3516 25.9663
      vertex 4.45607 -2.44975 25.6528
    endloop
  endfacet
  facet normal 0.65954 -0.310352 0.684609
    outer loop
      vertex 4.53854 -1.79694 25.9663
      vertex 4.03154 -2.21636 26.2646
      vertex 4.27754 -2.3516 25.9663
    endloop
  endfacet
  facet normal 0.0776531 -0.614697 0.784931
    outer loop
      vertex 0.795872 -4.17211 26.5429
      vertex 0.288875 -4.59153 26.2646
      vertex 0.862068 -4.51912 26.2646
    endloop
  endfacet
  facet normal -0.105157 -0.832363 0.544164
    outer loop
      vertex -0.914669 -4.79486 25.9663
      vertex -0.952845 -4.99499 25.6528
      vertex -0.319293 -5.07503 25.6528
    endloop
  endfacet
  facet normal 0.477989 -0.869485 0.124591
    outer loop
      vertex 2.79091 -4.39777 25.329
      vertex 2.21771 -4.71288 25.329
      vertex 2.81309 -4.43272 25
    endloop
  endfacet
  facet normal 0.639741 -0.681245 0.35586
    outer loop
      vertex 3.79691 -3.56553 25.329
      vertex 3.24134 -3.91811 25.6528
      vertex 3.32009 -4.0133 25.329
    endloop
  endfacet
  facet normal 0.727472 0.0457723 0.684609
    outer loop
      vertex 4.84284 0.611792 25.9663
      vertex 4.56433 0.576609 26.2646
      vertex 4.60061 0 26.2646
    endloop
  endfacet
  facet normal 0.618362 0.0389071 0.78493
    outer loop
      vertex 4.56433 0.576609 26.2646
      vertex 4.21385 0.532332 26.5429
      vertex 4.60061 0 26.2646
    endloop
  endfacet
  facet normal 0.618357 0.038902 0.784934
    outer loop
      vertex 4.60061 0 26.2646
      vertex 4.21385 0.532332 26.5429
      vertex 4.24734 0 26.5429
    endloop
  endfacet
  facet normal 0.837334 -0.0526797 0.544147
    outer loop
      vertex 4.88133 0 25.9663
      vertex 4.84284 -0.611792 25.9663
      vertex 5.08506 0 25.6528
    endloop
  endfacet
  facet normal -0.175971 -0.0828116 0.980906
    outer loop
      vertex -1.50841 -0.597222 27.4965
      vertex -2.07837 -0.822884 27.3752
      vertex -1.95884 -1.07688 27.3752
    endloop
  endfacet
  facet normal -0.12535 0.0239117 0.991824
    outer loop
      vertex -0.952845 0.244649 27.5785
      vertex -1.57137 0.403459 27.4965
      vertex -0.975994 0.123297 27.5785
    endloop
  endfacet
  facet normal 0.0304167 -0.0553291 0.998005
    outer loop
      vertex 0.176635 -0.278333 27.6198
      vertex 0.140358 -0.298276 27.6198
      vertex 0.41886 -0.890125 27.5785
    endloop
  endfacet
  facet normal 0.0159939 -0.126604 0.991824
    outer loop
      vertex 0.184337 -0.966327 27.5785
      vertex 0.0617695 -0.981811 27.5785
      vertex 0.101867 -1.61914 27.4965
    endloop
  endfacet
  facet normal -0.468699 -0.220559 0.85538
    outer loop
      vertex -3.55833 -1.40884 26.7969
      vertex -3.94908 -1.56355 26.5429
      vertex -3.72197 -2.04617 26.5429
    endloop
  endfacet
  facet normal -0.252523 -0.0820441 0.964106
    outer loop
      vertex -2.16511 -0.555906 27.3752
      vertex -2.72471 -0.699587 27.2164
      vertex -2.61555 -1.03557 27.2164
    endloop
  endfacet
  facet normal 0.121365 -0.0394354 0.991824
    outer loop
      vertex 1.57137 -0.403459 27.4965
      vertex 0.914669 -0.362143 27.5785
      vertex 1.50841 -0.597222 27.4965
    endloop
  endfacet
  facet normal -0.0614764 -0.111825 0.991824
    outer loop
      vertex -0.527121 -0.830608 27.5785
      vertex -0.869292 -1.36979 27.4965
      vertex -0.41886 -0.890125 27.5785
    endloop
  endfacet
  facet normal -0.191041 -0.0364468 0.980905
    outer loop
      vertex -1.60955 -0.203333 27.4965
      vertex -2.21771 -0.280162 27.3752
      vertex -1.57137 -0.403459 27.4965
    endloop
  endfacet
  facet normal -0.125349 -0.0239141 0.991824
    outer loop
      vertex -0.975994 -0.123297 27.5785
      vertex -1.60955 -0.203333 27.4965
      vertex -1.57137 -0.403459 27.4965
    endloop
  endfacet
  facet normal -0.204584 -0.169252 0.964105
    outer loop
      vertex -1.62949 -1.5302 27.3752
      vertex -2.27584 -1.65349 27.2164
      vertex -2.05065 -1.92569 27.2164
    endloop
  endfacet
  facet normal 0.0649221 -0.513919 0.855379
    outer loop
      vertex 0.795872 -4.17211 26.5429
      vertex 0.240304 -3.81953 26.7969
      vertex 0.266692 -4.23896 26.5429
    endloop
  endfacet
  facet normal -0.204585 -0.169248 0.964106
    outer loop
      vertex -1.80843 -1.3139 27.3752
      vertex -2.27584 -1.65349 27.2164
      vertex -1.62949 -1.5302 27.3752
    endloop
  endfacet
  facet normal -0.0873555 -0.0930243 0.991824
    outer loop
      vertex -0.627067 -0.757994 27.5785
      vertex -1.18263 -1.11057 27.4965
      vertex -1.03412 -1.25003 27.4965
    endloop
  endfacet
  facet normal 0.204584 -0.169252 0.964105
    outer loop
      vertex 2.27584 -1.65349 27.2164
      vertex 1.62949 -1.5302 27.3752
      vertex 2.05065 -1.92569 27.2164
    endloop
  endfacet
  facet normal 0.234174 -0.24938 0.939666
    outer loop
      vertex 2.43948 -2.29082 27.0226
      vertex 1.79313 -2.16752 27.2164
      vertex 2.13312 -2.5785 27.0226
    endloop
  endfacet
  facet normal -0.450214 -0.818944 0.355862
    outer loop
      vertex -2.72471 -4.29346 25.6528
      vertex -2.79091 -4.39777 25.329
      vertex -2.16511 -4.6011 25.6528
    endloop
  endfacet
  facet normal -0.208639 -0.812631 0.544151
    outer loop
      vertex -1.50841 -4.64242 25.9663
      vertex -1.57137 -4.83618 25.6528
      vertex -0.914669 -4.79486 25.9663
    endloop
  endfacet
  facet normal -0.365258 -0.922527 0.124622
    outer loop
      vertex -1.60955 -4.95367 25.329
      vertex -2.21771 -4.71288 25.329
      vertex -1.62234 -4.99305 25
    endloop
  endfacet
  facet normal -0.0913587 -0.723175 0.684596
    outer loop
      vertex -0.288875 -4.59153 26.2646
      vertex -0.914669 -4.79486 25.9663
      vertex -0.3065 -4.87169 25.9663
    endloop
  endfacet
  facet normal 0.232411 -0.905183 0.355849
    outer loop
      vertex 1.57137 -4.83618 25.6528
      vertex 0.952845 -4.99499 25.6528
      vertex 0.975994 -5.11634 25.329
    endloop
  endfacet
  facet normal 0 -0.728923 0.684596
    outer loop
      vertex -0.3065 -4.87169 25.9663
      vertex 0.288875 -4.59153 26.2646
      vertex -0.288875 -4.59153 26.2646
    endloop
  endfacet
  facet normal 0 -0.728923 0.684596
    outer loop
      vertex 0.288875 -4.59153 26.2646
      vertex -0.3065 -4.87169 25.9663
      vertex 0.3065 -4.87169 25.9663
    endloop
  endfacet
  facet normal -0.404191 -0.735213 0.544143
    outer loop
      vertex -2.07837 -4.41676 25.9663
      vertex -2.61555 -4.12144 25.9663
      vertex -2.16511 -4.6011 25.6528
    endloop
  endfacet
  facet normal -0.354607 -0.377608 0.855375
    outer loop
      vertex -2.43948 -2.94882 26.7969
      vertex -2.78982 -2.61982 26.7969
      vertex -2.70736 -3.27263 26.5429
    endloop
  endfacet
  facet normal -0.268329 -0.677731 0.684603
    outer loop
      vertex -1.95884 -4.16276 26.2646
      vertex -2.07837 -4.41676 25.9663
      vertex -1.50841 -4.64242 25.9663
    endloop
  endfacet
  facet normal -0.45021 -0.818953 0.355848
    outer loop
      vertex -2.16511 -4.6011 25.6528
      vertex -2.79091 -4.39777 25.329
      vertex -2.21771 -4.71288 25.329
    endloop
  endfacet
  facet normal -0.549304 -0.75606 0.355863
    outer loop
      vertex -2.72471 -4.29346 25.6528
      vertex -3.24134 -3.91811 25.6528
      vertex -2.79091 -4.39777 25.329
    endloop
  endfacet
  facet normal -0.424135 -0.451653 0.784932
    outer loop
      vertex -2.70736 -3.27263 26.5429
      vertex -3.3537 -3.14933 26.2646
      vertex -2.93254 -3.54483 26.2646
    endloop
  endfacet
  facet normal -0.493143 -0.678748 0.544161
    outer loop
      vertex -3.11147 -3.76113 25.9663
      vertex -3.24134 -3.91811 25.6528
      vertex -2.61555 -4.12144 25.9663
    endloop
  endfacet
  facet normal -0.720075 -0.595697 0.355862
    outer loop
      vertex -3.70685 -3.48096 25.6528
      vertex -4.1139 -2.98892 25.6528
      vertex -3.79691 -3.56553 25.329
    endloop
  endfacet
  facet normal -0.70838 -0.449555 0.544149
    outer loop
      vertex -4.27754 -2.3516 25.9663
      vertex -4.45607 -2.44975 25.6528
      vertex -4.1139 -2.98892 25.6528
    endloop
  endfacet
  facet normal 0.354607 -0.377608 0.855375
    outer loop
      vertex 2.78982 -2.61982 26.7969
      vertex 2.43948 -2.94882 26.7969
      vertex 2.70736 -3.27263 26.5429
    endloop
  endfacet
  facet normal 0.399131 -0.330195 0.855375
    outer loop
      vertex 3.09618 -2.2495 26.7969
      vertex 2.78982 -2.61982 26.7969
      vertex 3.43617 -2.49652 26.5429
    endloop
  endfacet
  facet normal 0.424921 0.0267359 0.904835
    outer loop
      vertex 3.79691 0.47966 26.7969
      vertex 3.32009 0.419424 27.0226
      vertex 3.34648 0 27.0226
    endloop
  endfacet
  facet normal 0.46871 -0.220554 0.855375
    outer loop
      vertex 3.55833 -1.40884 26.7969
      vertex 3.3537 -1.84371 26.7969
      vertex 3.72197 -2.04617 26.5429
    endloop
  endfacet
  facet normal -0.764508 -0.632461 0.124587
    outer loop
      vertex -3.79691 -3.56553 25.329
      vertex -4.21385 -3.06154 25.329
      vertex -3.82708 -3.59387 25
    endloop
  endfacet
  facet normal 0.0159939 0.126604 0.991824
    outer loop
      vertex 0.101867 1.61914 27.4965
      vertex 0.0617695 0.981811 27.5785
      vertex 0.184337 0.966327 27.5785
    endloop
  endfacet
  facet normal 0.325354 -0.105717 0.939664
    outer loop
      vertex 3.24134 -0.832234 27.0226
      vertex 2.61555 -1.03557 27.2164
      vertex 3.11147 -1.23192 27.0226
    endloop
  endfacet
  facet normal 0.341415 -0.0214817 0.939667
    outer loop
      vertex 3.34648 0 27.0226
      vertex 2.81309 0 27.2164
      vertex 3.32009 -0.419424 27.0226
    endloop
  endfacet
  facet normal 0.149851 0.12397 0.980906
    outer loop
      vertex 1.80843 1.3139 27.3752
      vertex 1.18263 1.11057 27.4965
      vertex 1.3125 0.953587 27.4965
    endloop
  endfacet
  facet normal 0.149852 0.123969 0.980906
    outer loop
      vertex 1.62949 1.5302 27.3752
      vertex 1.18263 1.11057 27.4965
      vertex 1.80843 1.3139 27.3752
    endloop
  endfacet
  facet normal 0.125349 0.0239141 0.991824
    outer loop
      vertex 1.57137 0.403459 27.4965
      vertex 0.975994 0.123297 27.5785
      vertex 1.60955 0.203333 27.4965
    endloop
  endfacet
  facet normal 0.191041 -0.0364468 0.980905
    outer loop
      vertex 1.60955 -0.203333 27.4965
      vertex 1.57137 -0.403459 27.4965
      vertex 2.21771 -0.280162 27.3752
    endloop
  endfacet
  facet normal 0.404923 0.131571 0.904835
    outer loop
      vertex 3.55833 1.40884 26.7969
      vertex 3.11147 1.23192 27.0226
      vertex 3.24134 0.832234 27.0226
    endloop
  endfacet
  facet normal 0.328056 0.271395 0.904834
    outer loop
      vertex 2.78982 2.61982 26.7969
      vertex 2.70736 1.96701 27.0226
      vertex 3.09618 2.2495 26.7969
    endloop
  endfacet
  facet normal 0.260813 -0.0497555 0.964106
    outer loop
      vertex 2.79091 -0.352573 27.2164
      vertex 2.16511 -0.555906 27.3752
      vertex 2.72471 -0.699587 27.2164
    endloop
  endfacet
  facet normal 0.252523 -0.0820441 0.964106
    outer loop
      vertex 2.72471 -0.699587 27.2164
      vertex 2.16511 -0.555906 27.3752
      vertex 2.61555 -1.03557 27.2164
    endloop
  endfacet
  facet normal 0.0317362 0.1236 0.991824
    outer loop
      vertex 0.50133 1.54294 27.4965
      vertex 0.184337 0.966327 27.5785
      vertex 0.303995 0.935603 27.5785
    endloop
  endfacet
  facet normal 0.0715954 0.180827 0.980906
    outer loop
      vertex 0.690758 2.12594 27.3752
      vertex 0.690758 1.46794 27.4965
      vertex 0.951761 2.0226 27.3752
    endloop
  endfacet
  facet normal -0.0630141 -0.00396442 0.998005
    outer loop
      vertex -0.32965 0 27.6198
      vertex -0.983751 0 27.5785
      vertex -0.975994 -0.123297 27.5785
    endloop
  endfacet
  facet normal -0.0432228 0.0460245 0.998005
    outer loop
      vertex -0.210127 0.254 27.6198
      vertex -0.717124 0.673424 27.5785
      vertex -0.240304 0.22566 27.6198
    endloop
  endfacet
  facet normal 0.127913 0.232678 0.964105
    outer loop
      vertex 1.19775 2.54536 27.2164
      vertex 0.951761 2.0226 27.3752
      vertex 1.50733 2.37517 27.2164
    endloop
  endfacet
  facet normal -0.234177 0.24937 0.939668
    outer loop
      vertex -1.79313 2.16752 27.2164
      vertex -2.43948 2.29082 27.0226
      vertex -2.05065 1.92569 27.2164
    endloop
  endfacet
  facet normal -0.0533099 0.0338312 0.998005
    outer loop
      vertex -0.795872 0.578235 27.5785
      vertex -0.862068 0.473926 27.5785
      vertex -0.288875 0.15881 27.6198
    endloop
  endfacet
  facet normal 0.0649169 0.513925 0.855375
    outer loop
      vertex 0.795872 4.17211 26.5429
      vertex 0.240304 3.81953 26.7969
      vertex 0.717124 3.7593 26.7969
    endloop
  endfacet
  facet normal -0.0649221 0.513919 0.855379
    outer loop
      vertex -0.266692 4.23896 26.5429
      vertex -0.795872 4.17211 26.5429
      vertex -0.240304 3.81953 26.7969
    endloop
  endfacet
  facet normal -0.224188 0.142267 0.964106
    outer loop
      vertex -1.80843 1.3139 27.3752
      vertex -2.27584 1.65349 27.2164
      vertex -1.95884 1.07688 27.3752
    endloop
  endfacet
  facet normal -0.114318 0.157338 0.980906
    outer loop
      vertex -0.869292 1.36979 27.4965
      vertex -1.42486 1.72236 27.3752
      vertex -1.03412 1.25003 27.4965
    endloop
  endfacet
  facet normal -0.41822 0.0797823 0.904835
    outer loop
      vertex -3.70685 0.951756 26.7969
      vertex -3.79691 0.47966 26.7969
      vertex -3.24134 0.832234 27.0226
    endloop
  endfacet
  facet normal -0.309542 0.145654 0.939664
    outer loop
      vertex -2.93254 1.61218 27.0226
      vertex -3.11147 1.23192 27.0226
      vertex -2.61555 1.03557 27.2164
    endloop
  endfacet
  facet normal -0.194103 0.0122145 0.980905
    outer loop
      vertex -2.21771 0.280162 27.3752
      vertex -2.23534 0 27.3752
      vertex -1.60955 0.203333 27.4965
    endloop
  endfacet
  facet normal -0.264991 0.0166753 0.964107
    outer loop
      vertex -2.21771 0.280162 27.3752
      vertex -2.79091 0.352573 27.2164
      vertex -2.23534 0 27.3752
    endloop
  endfacet
  facet normal 0.365263 0.922526 0.124612
    outer loop
      vertex 2.23534 4.75034 25
      vertex 1.62234 4.99305 25
      vertex 2.21771 4.71288 25.329
    endloop
  endfacet
  facet normal -0.105152 0.83236 0.54417
    outer loop
      vertex -0.319293 5.07503 25.6528
      vertex -0.914669 4.79486 25.9663
      vertex -0.3065 4.87169 25.9663
    endloop
  endfacet
  facet normal -0.124355 0.984382 0.124614
    outer loop
      vertex -0.32965 5.23964 25
      vertex -0.975994 5.11634 25.329
      vertex -0.32705 5.19832 25.329
    endloop
  endfacet
  facet normal -0.190686 0.48163 0.855378
    outer loop
      vertex -1.18263 3.63977 26.7969
      vertex -1.80843 3.84311 26.5429
      vertex -1.62949 3.46285 26.7969
    endloop
  endfacet
  facet normal -0.154082 0.600114 0.784935
    outer loop
      vertex -0.862068 4.51912 26.2646
      vertex -1.42167 4.37544 26.2646
      vertex -1.3125 4.03946 26.5429
    endloop
  endfacet
  facet normal 0.154087 0.600117 0.784931
    outer loop
      vertex 0.862068 4.51912 26.2646
      vertex 0.795872 4.17211 26.5429
      vertex 1.3125 4.03946 26.5429
    endloop
  endfacet
  facet normal 0.154082 0.600114 0.784935
    outer loop
      vertex 1.42167 4.37544 26.2646
      vertex 0.862068 4.51912 26.2646
      vertex 1.3125 4.03946 26.5429
    endloop
  endfacet
  facet normal 0 0.728923 0.684596
    outer loop
      vertex 0.3065 4.87169 25.9663
      vertex -0.288875 4.59153 26.2646
      vertex 0.288875 4.59153 26.2646
    endloop
  endfacet
  facet normal 0 0.728923 0.684596
    outer loop
      vertex -0.288875 4.59153 26.2646
      vertex 0.3065 4.87169 25.9663
      vertex -0.3065 4.87169 25.9663
    endloop
  endfacet
  facet normal 0.117135 0.927173 0.355849
    outer loop
      vertex 0.975994 5.11634 25.329
      vertex 0.319293 5.07503 25.6528
      vertex 0.952845 4.99499 25.6528
    endloop
  endfacet
  facet normal 0 0.934548 0.355838
    outer loop
      vertex 0.32705 5.19832 25.329
      vertex -0.319293 5.07503 25.6528
      vertex 0.319293 5.07503 25.6528
    endloop
  endfacet
  facet normal 0 0.934548 0.355838
    outer loop
      vertex -0.319293 5.07503 25.6528
      vertex 0.32705 5.19832 25.329
      vertex -0.32705 5.19832 25.329
    endloop
  endfacet
  facet normal 0.0913571 0.723177 0.684594
    outer loop
      vertex 0.914669 4.79486 25.9663
      vertex 0.288875 4.59153 26.2646
      vertex 0.862068 4.51912 26.2646
    endloop
  endfacet
  facet normal 0.181275 0.706024 0.684594
    outer loop
      vertex 0.914669 4.79486 25.9663
      vertex 0.862068 4.51912 26.2646
      vertex 1.42167 4.37544 26.2646
    endloop
  endfacet
  facet normal 0.308854 0.780069 0.544152
    outer loop
      vertex 1.57137 4.83618 25.6528
      vertex 1.50841 4.64242 25.9663
      vertex 2.16511 4.6011 25.6528
    endloop
  endfacet
  facet normal 0.404191 0.735213 0.544143
    outer loop
      vertex 2.16511 4.6011 25.6528
      vertex 2.07837 4.41676 25.9663
      vertex 2.61555 4.12144 25.9663
    endloop
  endfacet
  facet normal 0.298487 0.542948 0.784929
    outer loop
      vertex 2.46513 3.88442 26.2646
      vertex 1.80843 3.84311 26.5429
      vertex 2.27584 3.58615 26.5429
    endloop
  endfacet
  facet normal 0.298489 0.542941 0.784933
    outer loop
      vertex 1.95884 4.16276 26.2646
      vertex 1.80843 3.84311 26.5429
      vertex 2.46513 3.88442 26.2646
    endloop
  endfacet
  facet normal 0.228079 0.57607 0.784935
    outer loop
      vertex 1.42167 4.37544 26.2646
      vertex 1.3125 4.03946 26.5429
      vertex 1.80843 3.84311 26.5429
    endloop
  endfacet
  facet normal 0.190687 0.481628 0.855379
    outer loop
      vertex 1.3125 4.03946 26.5429
      vertex 1.18263 3.63977 26.7969
      vertex 1.80843 3.84311 26.5429
    endloop
  endfacet
  facet normal 0.20108 0.276758 0.939666
    outer loop
      vertex 2.13312 2.5785 27.0226
      vertex 1.50733 2.37517 27.2164
      vertex 1.79313 2.16752 27.2164
    endloop
  endfacet
  facet normal 0.114314 0.157344 0.980905
    outer loop
      vertex 1.19775 1.88736 27.3752
      vertex 0.869292 1.36979 27.4965
      vertex 1.42486 1.72236 27.3752
    endloop
  endfacet
  facet normal 0.249555 0.453928 0.855378
    outer loop
      vertex 1.80843 3.84311 26.5429
      vertex 1.62949 3.46285 26.7969
      vertex 2.05065 3.23131 26.7969
    endloop
  endfacet
  facet normal 0.190686 0.48163 0.855378
    outer loop
      vertex 1.80843 3.84311 26.5429
      vertex 1.18263 3.63977 26.7969
      vertex 1.62949 3.46285 26.7969
    endloop
  endfacet
  facet normal 0.291454 0.310359 0.904838
    outer loop
      vertex 2.43948 2.94882 26.7969
      vertex 2.13312 2.5785 27.0226
      vertex 2.78982 2.61982 26.7969
    endloop
  endfacet
  facet normal 0.205115 0.373099 0.904834
    outer loop
      vertex 2.05065 3.23131 26.7969
      vertex 1.42486 3.02798 27.0226
      vertex 1.79313 2.82552 27.0226
    endloop
  endfacet
  facet normal 0.250247 0.344449 0.904838
    outer loop
      vertex 2.43948 2.94882 26.7969
      vertex 2.05065 3.23131 26.7969
      vertex 2.13312 2.5785 27.0226
    endloop
  endfacet
  facet normal 0.30447 0.419084 0.855375
    outer loop
      vertex 2.70736 3.27263 26.5429
      vertex 2.05065 3.23131 26.7969
      vertex 2.43948 2.94882 26.7969
    endloop
  endfacet
  facet normal 0.708383 0.449554 0.544146
    outer loop
      vertex 4.1139 2.98892 25.6528
      vertex 3.94908 2.86917 25.9663
      vertex 4.27754 2.3516 25.9663
    endloop
  endfacet
  facet normal 0.70838 0.449555 0.544149
    outer loop
      vertex 4.45607 2.44975 25.6528
      vertex 4.1139 2.98892 25.6528
      vertex 4.27754 2.3516 25.9663
    endloop
  endfacet
  facet normal 0.943647 0.306603 0.124601
    outer loop
      vertex 4.88133 1.93265 25
      vertex 4.84284 1.91741 25.329
      vertex 5.08506 1.30562 25
    endloop
  endfacet
  facet normal 0.78906 0.500742 0.355869
    outer loop
      vertex 4.21385 3.06154 25.329
      vertex 4.1139 2.98892 25.6528
      vertex 4.56433 2.50926 25.329
    endloop
  endfacet
  facet normal 0.549304 0.75606 0.355863
    outer loop
      vertex 2.79091 4.39777 25.329
      vertex 2.72471 4.29346 25.6528
      vertex 3.24134 3.91811 25.6528
    endloop
  endfacet
  facet normal 0.58926 0.191455 0.784932
    outer loop
      vertex 4.27754 1.6936 26.2646
      vertex 4.1139 1.05627 26.5429
      vertex 4.45607 1.14412 26.2646
    endloop
  endfacet
  facet normal 0.65954 0.310352 0.684609
    outer loop
      vertex 4.27754 2.3516 25.9663
      vertex 4.03154 2.21636 26.2646
      vertex 4.53854 1.79694 25.9663
    endloop
  endfacet
  facet normal 0.888802 0.288781 0.35586
    outer loop
      vertex 4.84284 1.91741 25.329
      vertex 4.72797 1.87194 25.6528
      vertex 5.04496 1.29533 25.329
    endloop
  endfacet
  facet normal 0.845596 0.397912 0.355857
    outer loop
      vertex 4.84284 1.91741 25.329
      vertex 4.45607 2.44975 25.6528
      vertex 4.72797 1.87194 25.6528
    endloop
  endfacet
  facet normal 0.608607 0.1161 0.784932
    outer loop
      vertex 4.45607 1.14412 26.2646
      vertex 4.1139 1.05627 26.5429
      vertex 4.56433 0.576609 26.2646
    endloop
  endfacet
  facet normal 0.516986 0.0325246 0.855376
    outer loop
      vertex 4.21385 0.532332 26.5429
      vertex 3.79691 0.47966 26.7969
      vertex 4.24734 0 26.5429
    endloop
  endfacet
  facet normal 0.399131 0.330195 0.855375
    outer loop
      vertex 3.43617 2.49652 26.5429
      vertex 2.78982 2.61982 26.7969
      vertex 3.09618 2.2495 26.7969
    endloop
  endfacet
  facet normal 0.325354 0.105717 0.939664
    outer loop
      vertex 3.11147 1.23192 27.0226
      vertex 2.61555 1.03557 27.2164
      vertex 3.24134 0.832234 27.0226
    endloop
  endfacet
  facet normal -0.99025 0.0622992 0.124598
    outer loop
      vertex -5.2086 0.657999 25
      vertex -5.2086 0 25.329
      vertex -5.16753 0.65281 25.329
    endloop
  endfacet
  facet normal -0.990248 -0.0623044 0.124609
    outer loop
      vertex -5.2086 0 25.329
      vertex -5.25 0 25
      vertex -5.2086 -0.657999 25
    endloop
  endfacet
  facet normal -0.837334 -0.0526797 0.544147
    outer loop
      vertex -4.88133 0 25.9663
      vertex -5.08506 0 25.6528
      vertex -4.84284 -0.611792 25.9663
    endloop
  endfacet
  facet normal -0.824132 0.157217 0.544141
    outer loop
      vertex -4.72797 1.21394 25.9663
      vertex -5.04496 0.637327 25.6528
      vertex -4.84284 0.611792 25.9663
    endloop
  endfacet
  facet normal -0.727477 0.0457682 0.684604
    outer loop
      vertex -4.84284 0.611792 25.9663
      vertex -4.88133 0 25.9663
      vertex -4.60061 0 26.2646
    endloop
  endfacet
  facet normal -0.837338 0.0526845 0.544141
    outer loop
      vertex -5.04496 0.637327 25.6528
      vertex -5.08506 0 25.6528
      vertex -4.84284 0.611792 25.9663
    endloop
  endfacet
  facet normal -0.492649 -0.160066 0.85538
    outer loop
      vertex -3.55833 -1.40884 26.7969
      vertex -4.1139 -1.05627 26.5429
      vertex -3.94908 -1.56355 26.5429
    endloop
  endfacet
  facet normal -0.336032 -0.0641049 0.939667
    outer loop
      vertex -2.79091 -0.352573 27.2164
      vertex -3.24134 -0.832234 27.0226
      vertex -2.72471 -0.699587 27.2164
    endloop
  endfacet
  facet normal -0.561636 -0.464631 0.684604
    outer loop
      vertex -3.72197 -2.70417 26.2646
      vertex -3.94908 -2.86917 25.9663
      vertex -3.55833 -3.3415 25.9663
    endloop
  endfacet
  facet normal -0.615442 -0.390567 0.684609
    outer loop
      vertex -4.03154 -2.21636 26.2646
      vertex -4.27754 -2.3516 25.9663
      vertex -3.72197 -2.70417 26.2646
    endloop
  endfacet
  facet normal -0.716 0.136586 0.684608
    outer loop
      vertex -4.45607 1.14412 26.2646
      vertex -4.84284 0.611792 25.9663
      vertex -4.56433 0.576609 26.2646
    endloop
  endfacet
  facet normal -0.837334 0.0526797 0.544147
    outer loop
      vertex -4.84284 0.611792 25.9663
      vertex -5.08506 0 25.6528
      vertex -4.88133 0 25.9663
    endloop
  endfacet
  facet normal -0.46871 0.220554 0.855375
    outer loop
      vertex -3.3537 1.84371 26.7969
      vertex -3.72197 2.04617 26.5429
      vertex -3.55833 1.40884 26.7969
    endloop
  endfacet
  facet normal -0.385245 0.181279 0.904834
    outer loop
      vertex -3.3537 1.84371 26.7969
      vertex -3.55833 1.40884 26.7969
      vertex -2.93254 1.61218 27.0226
    endloop
  endfacet
  facet normal -0.492649 0.160066 0.85538
    outer loop
      vertex -3.94908 1.56355 26.5429
      vertex -4.1139 1.05627 26.5429
      vertex -3.55833 1.40884 26.7969
    endloop
  endfacet
  facet normal -0.468699 0.220559 0.85538
    outer loop
      vertex -3.72197 2.04617 26.5429
      vertex -3.94908 1.56355 26.5429
      vertex -3.55833 1.40884 26.7969
    endloop
  endfacet
  facet normal -0.618362 0.0389071 0.78493
    outer loop
      vertex -4.56433 0.576609 26.2646
      vertex -4.60061 0 26.2646
      vertex -4.21385 0.532332 26.5429
    endloop
  endfacet
  facet normal -0.516981 -0.0325174 0.855379
    outer loop
      vertex -3.82708 0 26.7969
      vertex -4.24734 0 26.5429
      vertex -3.79691 -0.47966 26.7969
    endloop
  endfacet
  facet normal -0.78906 0.500742 0.355869
    outer loop
      vertex -4.21385 3.06154 25.329
      vertex -4.56433 2.50926 25.329
      vertex -4.1139 2.98892 25.6528
    endloop
  endfacet
  facet normal -0.888802 0.288779 0.355862
    outer loop
      vertex -4.72797 1.87194 25.6528
      vertex -5.04496 1.29533 25.329
      vertex -4.9253 1.2646 25.6528
    endloop
  endfacet
  facet normal -0.263585 -0.218057 0.939667
    outer loop
      vertex -2.27584 -1.65349 27.2164
      vertex -2.70736 -1.96701 27.0226
      vertex -2.43948 -2.29082 27.0226
    endloop
  endfacet
  facet normal -0.523132 -0.331986 0.784932
    outer loop
      vertex -3.72197 -2.04617 26.5429
      vertex -4.03154 -2.21636 26.2646
      vertex -3.72197 -2.70417 26.2646
    endloop
  endfacet
  facet normal -0.41822 -0.079782 0.904835
    outer loop
      vertex -3.32009 -0.419424 27.0226
      vertex -3.79691 -0.47966 26.7969
      vertex -3.24134 -0.832234 27.0226
    endloop
  endfacet
  facet normal -0.336033 -0.0641036 0.939666
    outer loop
      vertex -2.79091 -0.352573 27.2164
      vertex -3.32009 -0.419424 27.0226
      vertex -3.24134 -0.832234 27.0226
    endloop
  endfacet
  facet normal -0.65954 0.310352 0.684609
    outer loop
      vertex -4.27754 2.3516 25.9663
      vertex -4.53854 1.79694 25.9663
      vertex -4.03154 2.21636 26.2646
    endloop
  endfacet
  facet normal -0.560611 0.263812 0.784932
    outer loop
      vertex -4.03154 2.21636 26.2646
      vertex -4.27754 1.6936 26.2646
      vertex -3.72197 2.04617 26.5429
    endloop
  endfacet
  facet normal -0.498978 0.531357 0.684602
    outer loop
      vertex -3.11147 3.76113 25.9663
      vertex -3.55833 3.3415 25.9663
      vertex -3.3537 3.14933 26.2646
    endloop
  endfacet
  facet normal -0.424135 0.451653 0.784932
    outer loop
      vertex -2.93254 3.54483 26.2646
      vertex -3.3537 3.14933 26.2646
      vertex -2.70736 3.27263 26.5429
    endloop
  endfacet
  facet normal -0.328058 0.271395 0.904833
    outer loop
      vertex -2.43948 2.29082 27.0226
      vertex -2.78982 2.61982 26.7969
      vertex -2.70736 1.96701 27.0226
    endloop
  endfacet
  facet normal -0.0977468 0.246872 0.964106
    outer loop
      vertex -0.869292 2.67541 27.2164
      vertex -1.19775 2.54536 27.2164
      vertex -0.690758 2.12594 27.3752
    endloop
  endfacet
  facet normal -0.43737 0.277561 0.855375
    outer loop
      vertex -3.09618 2.2495 26.7969
      vertex -3.72197 2.04617 26.5429
      vertex -3.3537 1.84371 26.7969
    endloop
  endfacet
  facet normal -0.359486 0.228135 0.904834
    outer loop
      vertex -3.09618 2.2495 26.7969
      vertex -3.3537 1.84371 26.7969
      vertex -2.93254 1.61218 27.0226
    endloop
  endfacet
  facet normal -0.351161 0.638749 0.684606
    outer loop
      vertex -1.95884 4.16276 26.2646
      vertex -2.61555 4.12144 25.9663
      vertex -2.46513 3.88442 26.2646
    endloop
  endfacet
  facet normal -0.428447 0.589701 0.684606
    outer loop
      vertex -2.61555 4.12144 25.9663
      vertex -3.11147 3.76113 25.9663
      vertex -2.46513 3.88442 26.2646
    endloop
  endfacet
  facet normal -0.72007 0.595698 0.35587
    outer loop
      vertex -3.79691 3.56553 25.329
      vertex -4.21385 3.06154 25.329
      vertex -4.1139 2.98892 25.6528
    endloop
  endfacet
  facet normal -0.845596 0.397917 0.35585
    outer loop
      vertex -4.56433 2.50926 25.329
      vertex -4.84284 1.91741 25.329
      vertex -4.45607 2.44975 25.6528
    endloop
  endfacet
  facet normal -0.888802 0.288781 0.35586
    outer loop
      vertex -4.84284 1.91741 25.329
      vertex -5.04496 1.29533 25.329
      vertex -4.72797 1.87194 25.6528
    endloop
  endfacet
  facet normal 0.477998 -0.869477 0.124613
    outer loop
      vertex 2.81309 -4.43272 25
      vertex 2.21771 -4.71288 25.329
      vertex 2.23534 -4.75034 25
    endloop
  endfacet
  facet normal -0.05336 -0.422402 0.904836
    outer loop
      vertex -0.627067 -3.2872 27.0226
      vertex -0.717124 -3.7593 26.7969
      vertex -0.210127 -3.33987 27.0226
    endloop
  endfacet
  facet normal 0.364185 -0.501254 0.784929
    outer loop
      vertex 2.70736 -3.27263 26.5429
      vertex 2.27584 -3.58615 26.5429
      vertex 2.46513 -3.88442 26.2646
    endloop
  endfacet
  facet normal 0.298487 -0.542948 0.784929
    outer loop
      vertex 2.27584 -3.58615 26.5429
      vertex 1.80843 -3.84311 26.5429
      vertex 2.46513 -3.88442 26.2646
    endloop
  endfacet
  facet normal 0.232412 -0.905183 0.355848
    outer loop
      vertex 1.57137 -4.83618 25.6528
      vertex 0.975994 -5.11634 25.329
      vertex 1.60955 -4.95367 25.329
    endloop
  endfacet
  facet normal 0.493143 -0.678748 0.544161
    outer loop
      vertex 3.11147 -3.76113 25.9663
      vertex 2.61555 -4.12144 25.9663
      vertex 3.24134 -3.91811 25.6528
    endloop
  endfacet
  facet normal 0.574327 -0.611586 0.544161
    outer loop
      vertex 3.70685 -3.48096 25.6528
      vertex 3.11147 -3.76113 25.9663
      vertex 3.24134 -3.91811 25.6528
    endloop
  endfacet
  facet normal 0.897776 -0.422461 0.124601
    outer loop
      vertex 4.84284 -1.91741 25.329
      vertex 4.60061 -2.52921 25
      vertex 4.88133 -1.93265 25
    endloop
  endfacet
  facet normal 0.837751 -0.531642 0.12462
    outer loop
      vertex 4.56433 -2.50926 25.329
      vertex 4.21385 -3.06154 25.329
      vertex 4.60061 -2.52921 25
    endloop
  endfacet
  facet normal 0.888802 -0.288779 0.355862
    outer loop
      vertex 4.9253 -1.2646 25.6528
      vertex 4.72797 -1.87194 25.6528
      vertex 5.04496 -1.29533 25.329
    endloop
  endfacet
  facet normal 0.70838 -0.449555 0.544149
    outer loop
      vertex 4.27754 -2.3516 25.9663
      vertex 4.1139 -2.98892 25.6528
      vertex 4.45607 -2.44975 25.6528
    endloop
  endfacet
  facet normal 0.845596 -0.397917 0.35585
    outer loop
      vertex 4.84284 -1.91741 25.329
      vertex 4.45607 -2.44975 25.6528
      vertex 4.56433 -2.50926 25.329
    endloop
  endfacet
  facet normal 0.477395 -0.394937 0.784932
    outer loop
      vertex 3.72197 -2.70417 26.2646
      vertex 3.09618 -2.9075 26.5429
      vertex 3.3537 -3.14933 26.2646
    endloop
  endfacet
  facet normal 0.693237 -0.225249 0.684606
    outer loop
      vertex 4.72797 -1.21394 25.9663
      vertex 4.45607 -1.14412 26.2646
      vertex 4.53854 -1.79694 25.9663
    endloop
  endfacet
  facet normal 0.344031 -0.868915 0.355849
    outer loop
      vertex 2.21771 -4.71288 25.329
      vertex 1.57137 -4.83618 25.6528
      vertex 1.60955 -4.95367 25.329
    endloop
  endfacet
  facet normal 0.45021 -0.818953 0.355848
    outer loop
      vertex 2.79091 -4.39777 25.329
      vertex 2.16511 -4.6011 25.6528
      vertex 2.21771 -4.71288 25.329
    endloop
  endfacet
  facet normal 0.404182 -0.735211 0.544152
    outer loop
      vertex 2.61555 -4.12144 25.9663
      vertex 2.16511 -4.6011 25.6528
      vertex 2.72471 -4.29346 25.6528
    endloop
  endfacet
  facet normal 0.450214 -0.818944 0.355862
    outer loop
      vertex 2.72471 -4.29346 25.6528
      vertex 2.16511 -4.6011 25.6528
      vertex 2.79091 -4.39777 25.329
    endloop
  endfacet
  facet normal 0.764508 -0.632461 0.124587
    outer loop
      vertex 4.21385 -3.06154 25.329
      vertex 3.79691 -3.56553 25.329
      vertex 3.82708 -3.59387 25
    endloop
  endfacet
  facet normal 0.990248 -0.0623044 0.124609
    outer loop
      vertex 5.2086 0 25.329
      vertex 5.2086 -0.657999 25
      vertex 5.25 0 25
    endloop
  endfacet
  facet normal 0.727477 0.0457682 0.684604
    outer loop
      vertex 4.84284 0.611792 25.9663
      vertex 4.60061 0 26.2646
      vertex 4.88133 0 25.9663
    endloop
  endfacet
  facet normal 0.716 0.136586 0.684608
    outer loop
      vertex 4.84284 0.611792 25.9663
      vertex 4.45607 1.14412 26.2646
      vertex 4.56433 0.576609 26.2646
    endloop
  endfacet
  facet normal 0.974632 0.185925 0.124598
    outer loop
      vertex 5.2086 0.657999 25
      vertex 5.04496 1.29533 25.329
      vertex 5.16753 0.65281 25.329
    endloop
  endfacet
  facet normal 0.824132 -0.157217 0.544141
    outer loop
      vertex 4.84284 -0.611792 25.9663
      vertex 4.72797 -1.21394 25.9663
      vertex 5.04496 -0.637327 25.6528
    endloop
  endfacet
  facet normal 0.0486489 0.0402463 0.998005
    outer loop
      vertex 0.717124 0.673424 27.5785
      vertex 0.266692 0.193763 27.6198
      vertex 0.795872 0.578235 27.5785
    endloop
  endfacet
  facet normal -0.288838 -0.183304 0.939666
    outer loop
      vertex -2.46513 -1.35522 27.2164
      vertex -2.93254 -1.61218 27.0226
      vertex -2.27584 -1.65349 27.2164
    endloop
  endfacet
  facet normal 0.181761 -0.193556 0.964105
    outer loop
      vertex 1.62949 -1.5302 27.3752
      vertex 1.42486 -1.72236 27.3752
      vertex 2.05065 -1.92569 27.2164
    endloop
  endfacet
  facet normal -0.0571296 -0.0268831 0.998005
    outer loop
      vertex -0.288875 -0.15881 27.6198
      vertex -0.914669 -0.362143 27.5785
      vertex -0.862068 -0.473926 27.5785
    endloop
  endfacet
  facet normal 0.0977456 -0.246873 0.964105
    outer loop
      vertex 0.951761 -2.0226 27.3752
      vertex 0.690758 -2.12594 27.3752
      vertex 1.19775 -2.54536 27.2164
    endloop
  endfacet
  facet normal 0.0159971 -0.126604 0.991824
    outer loop
      vertex 0.184337 -0.966327 27.5785
      vertex 0.101867 -1.61914 27.4965
      vertex 0.303995 -1.5936 27.4965
    endloop
  endfacet
  facet normal 0.042874 -0.339394 0.939667
    outer loop
      vertex 0.527121 -2.76326 27.2164
      vertex 0.210127 -3.33987 27.0226
      vertex 0.627067 -3.2872 27.0226
    endloop
  endfacet
  facet normal 0.164211 -0.104206 0.980906
    outer loop
      vertex 1.95884 -1.07688 27.3752
      vertex 1.3125 -0.953587 27.4965
      vertex 1.80843 -1.3139 27.3752
    endloop
  endfacet
  facet normal 0.175971 -0.0828116 0.980906
    outer loop
      vertex 2.07837 -0.822884 27.3752
      vertex 1.50841 -0.597222 27.4965
      vertex 1.95884 -1.07688 27.3752
    endloop
  endfacet
  facet normal 0.149852 -0.123969 0.980906
    outer loop
      vertex 1.80843 -1.3139 27.3752
      vertex 1.18263 -1.11057 27.4965
      vertex 1.62949 -1.5302 27.3752
    endloop
  endfacet
  facet normal -0.325351 -0.105706 0.939667
    outer loop
      vertex -2.72471 -0.699587 27.2164
      vertex -3.24134 -0.832234 27.0226
      vertex -2.61555 -1.03557 27.2164
    endloop
  endfacet
  facet normal -0.260813 -0.0497555 0.964106
    outer loop
      vertex -2.16511 -0.555906 27.3752
      vertex -2.79091 -0.352573 27.2164
      vertex -2.72471 -0.699587 27.2164
    endloop
  endfacet
  facet normal -0.0614765 -0.111825 0.991824
    outer loop
      vertex -0.41886 -0.890125 27.5785
      vertex -0.869292 -1.36979 27.4965
      vertex -0.690758 -1.46794 27.4965
    endloop
  endfacet
  facet normal -0.240244 -0.113058 0.964106
    outer loop
      vertex -2.07837 -0.822884 27.3752
      vertex -2.61555 -1.03557 27.2164
      vertex -1.95884 -1.07688 27.3752
    endloop
  endfacet
  facet normal -0.125349 0.0239141 0.991824
    outer loop
      vertex -1.57137 0.403459 27.4965
      vertex -1.60955 0.203333 27.4965
      vertex -0.975994 0.123297 27.5785
    endloop
  endfacet
  facet normal -0.121365 0.0394354 0.991824
    outer loop
      vertex -1.50841 0.597222 27.4965
      vertex -1.57137 0.403459 27.4965
      vertex -0.914669 0.362143 27.5785
    endloop
  endfacet
  facet normal -0.125936 -0.318068 0.939666
    outer loop
      vertex -0.869292 -2.67541 27.2164
      vertex -1.42486 -3.02798 27.0226
      vertex -1.03412 -3.18269 27.0226
    endloop
  endfacet
  facet normal 0.128824 -0.501728 0.855379
    outer loop
      vertex 1.18263 -3.63977 26.7969
      vertex 0.795872 -4.17211 26.5429
      vertex 1.3125 -4.03946 26.5429
    endloop
  endfacet
  facet normal 0.205115 -0.373099 0.904834
    outer loop
      vertex 1.79313 -2.82552 27.0226
      vertex 1.42486 -3.02798 27.0226
      vertex 2.05065 -3.23131 26.7969
    endloop
  endfacet
  facet normal 0.0850721 -0.331345 0.939667
    outer loop
      vertex 1.03412 -3.18269 27.0226
      vertex 0.527121 -2.76326 27.2164
      vertex 0.627067 -3.2872 27.0226
    endloop
  endfacet
  facet normal -0.0649221 -0.513919 0.855379
    outer loop
      vertex -0.240304 -3.81953 26.7969
      vertex -0.795872 -4.17211 26.5429
      vertex -0.266692 -4.23896 26.5429
    endloop
  endfacet
  facet normal -0.0977456 -0.246873 0.964105
    outer loop
      vertex -0.951761 -2.0226 27.3752
      vertex -1.19775 -2.54536 27.2164
      vertex -0.690758 -2.12594 27.3752
    endloop
  endfacet
  facet normal -0.0317314 -0.123603 0.991824
    outer loop
      vertex -0.184337 -0.966327 27.5785
      vertex -0.50133 -1.54294 27.4965
      vertex -0.303995 -1.5936 27.4965
    endloop
  endfacet
  facet normal 0.328058 -0.271395 0.904833
    outer loop
      vertex 2.70736 -1.96701 27.0226
      vertex 2.43948 -2.29082 27.0226
      vertex 2.78982 -2.61982 26.7969
    endloop
  endfacet
  facet normal 0.15607 -0.214808 0.964106
    outer loop
      vertex 1.79313 -2.16752 27.2164
      vertex 1.42486 -1.72236 27.3752
      vertex 1.50733 -2.37517 27.2164
    endloop
  endfacet
  facet normal -0.35116 -0.638752 0.684604
    outer loop
      vertex -1.95884 -4.16276 26.2646
      vertex -2.61555 -4.12144 25.9663
      vertex -2.07837 -4.41676 25.9663
    endloop
  endfacet
  facet normal -0.493141 -0.678758 0.544151
    outer loop
      vertex -2.61555 -4.12144 25.9663
      vertex -3.24134 -3.91811 25.6528
      vertex -2.72471 -4.29346 25.6528
    endloop
  endfacet
  facet normal 0.128832 -0.501732 0.855375
    outer loop
      vertex 1.18263 -3.63977 26.7969
      vertex 0.717124 -3.7593 26.7969
      vertex 0.795872 -4.17211 26.5429
    endloop
  endfacet
  facet normal 0.0776532 -0.614697 0.784931
    outer loop
      vertex 0.795872 -4.17211 26.5429
      vertex 0.266692 -4.23896 26.5429
      vertex 0.288875 -4.59153 26.2646
    endloop
  endfacet
  facet normal -0.190687 -0.481628 0.855379
    outer loop
      vertex -1.18263 -3.63977 26.7969
      vertex -1.80843 -3.84311 26.5429
      vertex -1.3125 -4.03946 26.5429
    endloop
  endfacet
  facet normal -0.0913571 -0.723177 0.684594
    outer loop
      vertex -0.862068 -4.51912 26.2646
      vertex -0.914669 -4.79486 25.9663
      vertex -0.288875 -4.59153 26.2646
    endloop
  endfacet
  facet normal -0.124353 -0.984381 0.124618
    outer loop
      vertex -0.975994 -5.11634 25.329
      vertex -0.983751 -5.15701 25
      vertex -0.32965 -5.23964 25
    endloop
  endfacet
  facet normal -0.0850708 -0.331346 0.939666
    outer loop
      vertex -0.869292 -2.67541 27.2164
      vertex -1.03412 -3.18269 27.0226
      vertex -0.527121 -2.76326 27.2164
    endloop
  endfacet
  facet normal -0.385244 -0.181275 0.904835
    outer loop
      vertex -3.11147 -1.23192 27.0226
      vertex -3.55833 -1.40884 26.7969
      vertex -2.93254 -1.61218 27.0226
    endloop
  endfacet
  facet normal -0.364178 -0.501253 0.784933
    outer loop
      vertex -2.70736 -3.27263 26.5429
      vertex -2.93254 -3.54483 26.2646
      vertex -2.46513 -3.88442 26.2646
    endloop
  endfacet
  facet normal -0.190686 -0.48163 0.855378
    outer loop
      vertex -1.62949 -3.46285 26.7969
      vertex -1.80843 -3.84311 26.5429
      vertex -1.18263 -3.63977 26.7969
    endloop
  endfacet
  facet normal -0.404182 -0.735211 0.544152
    outer loop
      vertex -2.61555 -4.12144 25.9663
      vertex -2.72471 -4.29346 25.6528
      vertex -2.16511 -4.6011 25.6528
    endloop
  endfacet
  facet normal -0.298489 -0.542941 0.784933
    outer loop
      vertex -1.80843 -3.84311 26.5429
      vertex -2.46513 -3.88442 26.2646
      vertex -1.95884 -4.16276 26.2646
    endloop
  endfacet
  facet normal -0.574327 -0.611586 0.544161
    outer loop
      vertex -3.11147 -3.76113 25.9663
      vertex -3.70685 -3.48096 25.6528
      vertex -3.24134 -3.91811 25.6528
    endloop
  endfacet
  facet normal -0.64645 -0.534796 0.544146
    outer loop
      vertex -3.94908 -2.86917 25.9663
      vertex -4.1139 -2.98892 25.6528
      vertex -3.55833 -3.3415 25.9663
    endloop
  endfacet
  facet normal -0.78906 -0.500756 0.355848
    outer loop
      vertex -4.45607 -2.44975 25.6528
      vertex -4.56433 -2.50926 25.329
      vertex -4.1139 -2.98892 25.6528
    endloop
  endfacet
  facet normal -0.845596 -0.397917 0.35585
    outer loop
      vertex -4.45607 -2.44975 25.6528
      vertex -4.84284 -1.91741 25.329
      vertex -4.56433 -2.50926 25.329
    endloop
  endfacet
  facet normal 0.424135 -0.451653 0.784932
    outer loop
      vertex 3.09618 -2.9075 26.5429
      vertex 2.70736 -3.27263 26.5429
      vertex 3.3537 -3.14933 26.2646
    endloop
  endfacet
  facet normal 0.399131 -0.330187 0.855378
    outer loop
      vertex 3.43617 -2.49652 26.5429
      vertex 2.78982 -2.61982 26.7969
      vertex 3.09618 -2.9075 26.5429
    endloop
  endfacet
  facet normal 0.498978 -0.531357 0.684602
    outer loop
      vertex 3.3537 -3.14933 26.2646
      vertex 3.11147 -3.76113 25.9663
      vertex 3.55833 -3.3415 25.9663
    endloop
  endfacet
  facet normal 0.615442 -0.390567 0.684609
    outer loop
      vertex 4.03154 -2.21636 26.2646
      vertex 3.72197 -2.70417 26.2646
      vertex 4.27754 -2.3516 25.9663
    endloop
  endfacet
  facet normal 0.263585 -0.218057 0.939667
    outer loop
      vertex 2.70736 -1.96701 27.0226
      vertex 2.27584 -1.65349 27.2164
      vertex 2.43948 -2.29082 27.0226
    endloop
  endfacet
  facet normal 0.354601 -0.377608 0.855377
    outer loop
      vertex 2.78982 -2.61982 26.7969
      vertex 2.70736 -3.27263 26.5429
      vertex 3.09618 -2.9075 26.5429
    endloop
  endfacet
  facet normal 0.508832 -0.0970684 0.855376
    outer loop
      vertex 4.21385 -0.532332 26.5429
      vertex 3.79691 -0.47966 26.7969
      vertex 4.1139 -1.05627 26.5429
    endloop
  endfacet
  facet normal 0.336033 -0.0641036 0.939666
    outer loop
      vertex 3.32009 -0.419424 27.0226
      vertex 2.79091 -0.352573 27.2164
      vertex 3.24134 -0.832234 27.0226
    endloop
  endfacet
  facet normal 0.608609 -0.116102 0.78493
    outer loop
      vertex 4.21385 -0.532332 26.5429
      vertex 4.1139 -1.05627 26.5429
      vertex 4.56433 -0.576609 26.2646
    endloop
  endfacet
  facet normal 0.58926 -0.191455 0.784932
    outer loop
      vertex 4.45607 -1.14412 26.2646
      vertex 4.1139 -1.05627 26.5429
      vertex 4.27754 -1.6936 26.2646
    endloop
  endfacet
  facet normal 0.204585 0.169248 0.964106
    outer loop
      vertex 2.27584 1.65349 27.2164
      vertex 1.62949 1.5302 27.3752
      vertex 1.80843 1.3139 27.3752
    endloop
  endfacet
  facet normal -0.0469763 -0.118648 0.991824
    outer loop
      vertex -0.41886 -0.890125 27.5785
      vertex -0.690758 -1.46794 27.4965
      vertex -0.50133 -1.54294 27.4965
    endloop
  endfacet
  facet normal 0.164211 0.104206 0.980906
    outer loop
      vertex 1.80843 1.3139 27.3752
      vertex 1.3125 0.953587 27.4965
      vertex 1.95884 1.07688 27.3752
    endloop
  endfacet
  facet normal 0.224188 0.142267 0.964106
    outer loop
      vertex 2.27584 1.65349 27.2164
      vertex 1.80843 1.3139 27.3752
      vertex 1.95884 1.07688 27.3752
    endloop
  endfacet
  facet normal 0.115467 0.0543303 0.991824
    outer loop
      vertex 1.42167 0.781568 27.4965
      vertex 0.862068 0.473926 27.5785
      vertex 1.50841 0.597222 27.4965
    endloop
  endfacet
  facet normal -0.0571302 -0.0268813 0.998005
    outer loop
      vertex -0.3065 -0.121352 27.6198
      vertex -0.914669 -0.362143 27.5785
      vertex -0.288875 -0.15881 27.6198
    endloop
  endfacet
  facet normal 0.336033 0.0641036 0.939666
    outer loop
      vertex 3.24134 0.832234 27.0226
      vertex 2.79091 0.352573 27.2164
      vertex 3.32009 0.419424 27.0226
    endloop
  endfacet
  facet normal 0.41822 0.079782 0.904835
    outer loop
      vertex 3.79691 0.47966 26.7969
      vertex 3.24134 0.832234 27.0226
      vertex 3.32009 0.419424 27.0226
    endloop
  endfacet
  facet normal 0.341415 0.0214817 0.939667
    outer loop
      vertex 3.32009 0.419424 27.0226
      vertex 2.81309 0 27.2164
      vertex 3.34648 0 27.0226
    endloop
  endfacet
  facet normal 0.341418 0.0214782 0.939666
    outer loop
      vertex 3.32009 0.419424 27.0226
      vertex 2.79091 0.352573 27.2164
      vertex 2.81309 0 27.2164
    endloop
  endfacet
  facet normal 0.252523 0.0820438 0.964106
    outer loop
      vertex 2.61555 1.03557 27.2164
      vertex 2.07837 0.822884 27.3752
      vertex 2.16511 0.555906 27.3752
    endloop
  endfacet
  facet normal 0.184967 0.0600951 0.980906
    outer loop
      vertex 2.07837 0.822884 27.3752
      vertex 1.57137 0.403459 27.4965
      vertex 2.16511 0.555906 27.3752
    endloop
  endfacet
  facet normal 0.194101 -0.0122093 0.980906
    outer loop
      vertex 1.62234 0 27.4965
      vertex 1.60955 -0.203333 27.4965
      vertex 2.23534 0 27.3752
    endloop
  endfacet
  facet normal 0.264991 0.0166753 0.964107
    outer loop
      vertex 2.79091 0.352573 27.2164
      vertex 2.21771 0.280162 27.3752
      vertex 2.23534 0 27.3752
    endloop
  endfacet
  facet normal 0.309533 0.145659 0.939666
    outer loop
      vertex 2.93254 1.61218 27.0226
      vertex 2.46513 1.35522 27.2164
      vertex 2.61555 1.03557 27.2164
    endloop
  endfacet
  facet normal 0.309542 0.145654 0.939664
    outer loop
      vertex 2.93254 1.61218 27.0226
      vertex 2.61555 1.03557 27.2164
      vertex 3.11147 1.23192 27.0226
    endloop
  endfacet
  facet normal 0.184967 -0.0600951 0.980906
    outer loop
      vertex 2.16511 -0.555906 27.3752
      vertex 1.57137 -0.403459 27.4965
      vertex 2.07837 -0.822884 27.3752
    endloop
  endfacet
  facet normal 0.19104 -0.0364422 0.980905
    outer loop
      vertex 2.21771 -0.280162 27.3752
      vertex 1.57137 -0.403459 27.4965
      vertex 2.16511 -0.555906 27.3752
    endloop
  endfacet
  facet normal -0.0159971 0.126604 0.991824
    outer loop
      vertex -0.101867 1.61914 27.4965
      vertex -0.303995 1.5936 27.4965
      vertex -0.184337 0.966327 27.5785
    endloop
  endfacet
  facet normal -0.127913 0.232678 0.964105
    outer loop
      vertex -1.19775 2.54536 27.2164
      vertex -1.50733 2.37517 27.2164
      vertex -0.951761 2.0226 27.3752
    endloop
  endfacet
  facet normal -0.0232428 0.0587049 0.998005
    outer loop
      vertex -0.303995 0.935603 27.5785
      vertex -0.41886 0.890125 27.5785
      vertex -0.101867 0.313516 27.6198
    endloop
  endfacet
  facet normal -0.0157025 0.0611549 0.998005
    outer loop
      vertex -0.184337 0.966327 27.5785
      vertex -0.303995 0.935603 27.5785
      vertex -0.101867 0.313516 27.6198
    endloop
  endfacet
  facet normal 0.0660308 0.257179 0.964105
    outer loop
      vertex 0.527121 2.76326 27.2164
      vertex 0.41886 2.19575 27.3752
      vertex 0.690758 2.12594 27.3752
    endloop
  endfacet
  facet normal -0.05336 0.422402 0.904836
    outer loop
      vertex -0.210127 3.33987 27.0226
      vertex -0.717124 3.7593 26.7969
      vertex -0.627067 3.2872 27.0226
    endloop
  endfacet
  facet normal -0.0243734 0.192951 0.980906
    outer loop
      vertex -0.140358 2.23093 27.3752
      vertex -0.41886 2.19575 27.3752
      vertex -0.101867 1.61914 27.4965
    endloop
  endfacet
  facet normal -0.0600483 -0.0195112 0.998005
    outer loop
      vertex -0.319293 -0.0819798 27.6198
      vertex -0.952845 -0.244649 27.5785
      vertex -0.3065 -0.121352 27.6198
    endloop
  endfacet
  facet normal -0.164211 0.104206 0.980906
    outer loop
      vertex -1.80843 1.3139 27.3752
      vertex -1.95884 1.07688 27.3752
      vertex -1.3125 0.953587 27.4965
    endloop
  endfacet
  facet normal -0.115467 0.0543303 0.991824
    outer loop
      vertex -1.42167 0.781568 27.4965
      vertex -1.50841 0.597222 27.4965
      vertex -0.862068 0.473926 27.5785
    endloop
  endfacet
  facet normal 0.105889 0.412382 0.904836
    outer loop
      vertex 0.717124 3.7593 26.7969
      vertex 0.627067 3.2872 27.0226
      vertex 1.18263 3.63977 26.7969
    endloop
  endfacet
  facet normal 0.0332757 0.263427 0.964105
    outer loop
      vertex 0.527121 2.76326 27.2164
      vertex 0.140358 2.23093 27.3752
      vertex 0.41886 2.19575 27.3752
    endloop
  endfacet
  facet normal 0.105881 0.412392 0.904832
    outer loop
      vertex 1.18263 3.63977 26.7969
      vertex 0.627067 3.2872 27.0226
      vertex 1.03412 3.18269 27.0226
    endloop
  endfacet
  facet normal 0.0533566 0.422406 0.904835
    outer loop
      vertex 0.240304 3.81953 26.7969
      vertex 0.210127 3.33987 27.0226
      vertex 0.717124 3.7593 26.7969
    endloop
  endfacet
  facet normal -0.204584 0.169252 0.964105
    outer loop
      vertex -2.05065 1.92569 27.2164
      vertex -2.27584 1.65349 27.2164
      vertex -1.62949 1.5302 27.3752
    endloop
  endfacet
  facet normal -0.224181 0.142271 0.964107
    outer loop
      vertex -2.27584 1.65349 27.2164
      vertex -2.46513 1.35522 27.2164
      vertex -1.95884 1.07688 27.3752
    endloop
  endfacet
  facet normal -0.336033 0.0641036 0.939666
    outer loop
      vertex -3.24134 0.832234 27.0226
      vertex -3.32009 0.419424 27.0226
      vertex -2.79091 0.352573 27.2164
    endloop
  endfacet
  facet normal -0.41822 0.079782 0.904835
    outer loop
      vertex -3.24134 0.832234 27.0226
      vertex -3.79691 0.47966 26.7969
      vertex -3.32009 0.419424 27.0226
    endloop
  endfacet
  facet normal 0.583204 0.802715 0.124588
    outer loop
      vertex 3.34648 4.04519 25
      vertex 2.79091 4.39777 25.329
      vertex 3.32009 4.0133 25.329
    endloop
  endfacet
  facet normal -0.246749 0.961034 0.124618
    outer loop
      vertex -0.983751 5.15701 25
      vertex -1.62234 4.99305 25
      vertex -0.975994 5.11634 25.329
    endloop
  endfacet
  facet normal -0.124353 0.984381 0.124618
    outer loop
      vertex -0.32965 5.23964 25
      vertex -0.983751 5.15701 25
      vertex -0.975994 5.11634 25.329
    endloop
  endfacet
  facet normal -0.308854 0.780069 0.544152
    outer loop
      vertex -1.57137 4.83618 25.6528
      vertex -2.16511 4.6011 25.6528
      vertex -1.50841 4.64242 25.9663
    endloop
  endfacet
  facet normal -0.208639 0.812631 0.544151
    outer loop
      vertex -0.914669 4.79486 25.9663
      vertex -1.57137 4.83618 25.6528
      vertex -1.50841 4.64242 25.9663
    endloop
  endfacet
  facet normal -0.125936 0.318068 0.939666
    outer loop
      vertex -1.03412 3.18269 27.0226
      vertex -1.42486 3.02798 27.0226
      vertex -0.869292 2.67541 27.2164
    endloop
  endfacet
  facet normal 0 0.619583 0.784931
    outer loop
      vertex 0.288875 4.59153 26.2646
      vertex -0.266692 4.23896 26.5429
      vertex 0.266692 4.23896 26.5429
    endloop
  endfacet
  facet normal 0 0.619583 0.784931
    outer loop
      vertex -0.266692 4.23896 26.5429
      vertex 0.288875 4.59153 26.2646
      vertex -0.288875 4.59153 26.2646
    endloop
  endfacet
  facet normal -0.0913587 0.723175 0.684596
    outer loop
      vertex -0.3065 4.87169 25.9663
      vertex -0.914669 4.79486 25.9663
      vertex -0.288875 4.59153 26.2646
    endloop
  endfacet
  facet normal -0.105157 0.832363 0.544164
    outer loop
      vertex -0.319293 5.07503 25.6528
      vertex -0.952845 4.99499 25.6528
      vertex -0.914669 4.79486 25.9663
    endloop
  endfacet
  facet normal -0.117135 0.927173 0.355849
    outer loop
      vertex -0.319293 5.07503 25.6528
      vertex -0.975994 5.11634 25.329
      vertex -0.952845 4.99499 25.6528
    endloop
  endfacet
  facet normal 0.0913587 0.723175 0.684596
    outer loop
      vertex 0.3065 4.87169 25.9663
      vertex 0.288875 4.59153 26.2646
      vertex 0.914669 4.79486 25.9663
    endloop
  endfacet
  facet normal 0.105152 0.83236 0.54417
    outer loop
      vertex 0.319293 5.07503 25.6528
      vertex 0.3065 4.87169 25.9663
      vertex 0.914669 4.79486 25.9663
    endloop
  endfacet
  facet normal 0.679219 0.723284 0.124589
    outer loop
      vertex 3.82708 3.59387 25
      vertex 3.34648 4.04519 25
      vertex 3.79691 3.56553 25.329
    endloop
  endfacet
  facet normal 0.428447 0.589701 0.684606
    outer loop
      vertex 2.61555 4.12144 25.9663
      vertex 2.46513 3.88442 26.2646
      vertex 3.11147 3.76113 25.9663
    endloop
  endfacet
  facet normal 0.450214 0.818944 0.355862
    outer loop
      vertex 2.79091 4.39777 25.329
      vertex 2.16511 4.6011 25.6528
      vertex 2.72471 4.29346 25.6528
    endloop
  endfacet
  facet normal 0.477395 0.394937 0.784932
    outer loop
      vertex 3.3537 3.14933 26.2646
      vertex 3.09618 2.9075 26.5429
      vertex 3.72197 2.70417 26.2646
    endloop
  endfacet
  facet normal 0.56164 0.464631 0.684601
    outer loop
      vertex 3.55833 3.3415 25.9663
      vertex 3.3537 3.14933 26.2646
      vertex 3.72197 2.70417 26.2646
    endloop
  endfacet
  facet normal 0.304474 0.419069 0.855381
    outer loop
      vertex 2.27584 3.58615 26.5429
      vertex 2.05065 3.23131 26.7969
      vertex 2.70736 3.27263 26.5429
    endloop
  endfacet
  facet normal 0.424135 0.451653 0.784932
    outer loop
      vertex 2.93254 3.54483 26.2646
      vertex 2.70736 3.27263 26.5429
      vertex 3.3537 3.14933 26.2646
    endloop
  endfacet
  facet normal 0.164802 0.299779 0.939666
    outer loop
      vertex 1.42486 3.02798 27.0226
      vertex 1.19775 2.54536 27.2164
      vertex 1.50733 2.37517 27.2164
    endloop
  endfacet
  facet normal 0.125936 0.318068 0.939666
    outer loop
      vertex 1.42486 3.02798 27.0226
      vertex 0.869292 2.67541 27.2164
      vertex 1.19775 2.54536 27.2164
    endloop
  endfacet
  facet normal 0.0983249 0.0813429 0.991824
    outer loop
      vertex 1.18263 1.11057 27.4965
      vertex 0.795872 0.578235 27.5785
      vertex 1.3125 0.953587 27.4965
    endloop
  endfacet
  facet normal 0.15607 0.214808 0.964106
    outer loop
      vertex 1.50733 2.37517 27.2164
      vertex 1.42486 1.72236 27.3752
      vertex 1.79313 2.16752 27.2164
    endloop
  endfacet
  facet normal 0.164806 0.299779 0.939666
    outer loop
      vertex 1.79313 2.82552 27.0226
      vertex 1.42486 3.02798 27.0226
      vertex 1.50733 2.37517 27.2164
    endloop
  endfacet
  facet normal 0.26358 0.218059 0.939668
    outer loop
      vertex 2.43948 2.29082 27.0226
      vertex 2.05065 1.92569 27.2164
      vertex 2.27584 1.65349 27.2164
    endloop
  endfacet
  facet normal 0.943647 0.3066 0.124605
    outer loop
      vertex 5.08506 1.30562 25
      vertex 4.84284 1.91741 25.329
      vertex 5.04496 1.29533 25.329
    endloop
  endfacet
  facet normal 0.974632 0.18592 0.124607
    outer loop
      vertex 5.08506 1.30562 25
      vertex 5.04496 1.29533 25.329
      vertex 5.2086 0.657999 25
    endloop
  endfacet
  facet normal 0.759138 0.357227 0.544149
    outer loop
      vertex 4.45607 2.44975 25.6528
      vertex 4.27754 2.3516 25.9663
      vertex 4.72797 1.87194 25.6528
    endloop
  endfacet
  facet normal 0.72007 0.595698 0.35587
    outer loop
      vertex 4.21385 3.06154 25.329
      vertex 3.79691 3.56553 25.329
      vertex 4.1139 2.98892 25.6528
    endloop
  endfacet
  facet normal 0.78906 0.500756 0.355848
    outer loop
      vertex 4.56433 2.50926 25.329
      vertex 4.1139 2.98892 25.6528
      vertex 4.45607 2.44975 25.6528
    endloop
  endfacet
  facet normal 0.845596 0.397917 0.35585
    outer loop
      vertex 4.56433 2.50926 25.329
      vertex 4.45607 2.44975 25.6528
      vertex 4.84284 1.91741 25.329
    endloop
  endfacet
  facet normal 0.64645 0.534789 0.544154
    outer loop
      vertex 3.70685 3.48096 25.6528
      vertex 3.55833 3.3415 25.9663
      vertex 4.1139 2.98892 25.6528
    endloop
  endfacet
  facet normal 0.64645 0.534796 0.544146
    outer loop
      vertex 4.1139 2.98892 25.6528
      vertex 3.55833 3.3415 25.9663
      vertex 3.94908 2.86917 25.9663
    endloop
  endfacet
  facet normal 0.837747 0.531655 0.124594
    outer loop
      vertex 4.24734 3.08587 25
      vertex 4.21385 3.06154 25.329
      vertex 4.60061 2.52921 25
    endloop
  endfacet
  facet normal 0.917986 0.175117 0.35586
    outer loop
      vertex 5.04496 1.29533 25.329
      vertex 4.9253 1.2646 25.6528
      vertex 5.04496 0.637327 25.6528
    endloop
  endfacet
  facet normal 0.824129 0.157213 0.544146
    outer loop
      vertex 4.9253 1.2646 25.6528
      vertex 4.72797 1.21394 25.9663
      vertex 5.04496 0.637327 25.6528
    endloop
  endfacet
  facet normal 0.759135 0.357217 0.54416
    outer loop
      vertex 4.72797 1.87194 25.6528
      vertex 4.27754 2.3516 25.9663
      vertex 4.53854 1.79694 25.9663
    endloop
  endfacet
  facet normal 0.797918 0.259262 0.54416
    outer loop
      vertex 4.72797 1.87194 25.6528
      vertex 4.53854 1.79694 25.9663
      vertex 4.72797 1.21394 25.9663
    endloop
  endfacet
  facet normal 0.659546 0.310368 0.684596
    outer loop
      vertex 4.53854 1.79694 25.9663
      vertex 4.03154 2.21636 26.2646
      vertex 4.27754 1.6936 26.2646
    endloop
  endfacet
  facet normal 0.560611 0.263812 0.784932
    outer loop
      vertex 4.03154 2.21636 26.2646
      vertex 3.72197 2.04617 26.5429
      vertex 4.27754 1.6936 26.2646
    endloop
  endfacet
  facet normal 0.404923 0.131571 0.904835
    outer loop
      vertex 3.55833 1.40884 26.7969
      vertex 3.24134 0.832234 27.0226
      vertex 3.70685 0.951756 26.7969
    endloop
  endfacet
  facet normal 0.41822 0.0797823 0.904835
    outer loop
      vertex 3.70685 0.951756 26.7969
      vertex 3.24134 0.832234 27.0226
      vertex 3.79691 0.47966 26.7969
    endloop
  endfacet
  facet normal 0.385245 0.181279 0.904834
    outer loop
      vertex 3.3537 1.84371 26.7969
      vertex 2.93254 1.61218 27.0226
      vertex 3.55833 1.40884 26.7969
    endloop
  endfacet
  facet normal 0.46871 0.220554 0.855375
    outer loop
      vertex 3.72197 2.04617 26.5429
      vertex 3.3537 1.84371 26.7969
      vertex 3.55833 1.40884 26.7969
    endloop
  endfacet
  facet normal -0.932697 0.0586844 0.355854
    outer loop
      vertex -5.04496 0.637327 25.6528
      vertex -5.2086 0 25.329
      vertex -5.08506 0 25.6528
    endloop
  endfacet
  facet normal -0.932697 -0.0586844 0.355854
    outer loop
      vertex -5.08506 0 25.6528
      vertex -5.2086 0 25.329
      vertex -5.04496 -0.637327 25.6528
    endloop
  endfacet
  facet normal -0.727472 0.0457723 0.684609
    outer loop
      vertex -4.56433 0.576609 26.2646
      vertex -4.84284 0.611792 25.9663
      vertex -4.60061 0 26.2646
    endloop
  endfacet
  facet normal -0.608607 0.1161 0.784932
    outer loop
      vertex -4.45607 1.14412 26.2646
      vertex -4.56433 0.576609 26.2646
      vertex -4.1139 1.05627 26.5429
    endloop
  endfacet
  facet normal -0.716002 -0.13659 0.684605
    outer loop
      vertex -4.45607 -1.14412 26.2646
      vertex -4.84284 -0.611792 25.9663
      vertex -4.72797 -1.21394 25.9663
    endloop
  endfacet
  facet normal -0.693237 -0.225249 0.684606
    outer loop
      vertex -4.45607 -1.14412 26.2646
      vertex -4.72797 -1.21394 25.9663
      vertex -4.53854 -1.79694 25.9663
    endloop
  endfacet
  facet normal -0.589259 -0.191456 0.784932
    outer loop
      vertex -4.1139 -1.05627 26.5429
      vertex -4.27754 -1.6936 26.2646
      vertex -3.94908 -1.56355 26.5429
    endloop
  endfacet
  facet normal -0.560611 -0.263811 0.784933
    outer loop
      vertex -3.94908 -1.56355 26.5429
      vertex -4.27754 -1.6936 26.2646
      vertex -3.72197 -2.04617 26.5429
    endloop
  endfacet
  facet normal -0.560611 -0.263812 0.784932
    outer loop
      vertex -3.72197 -2.04617 26.5429
      vertex -4.27754 -1.6936 26.2646
      vertex -4.03154 -2.21636 26.2646
    endloop
  endfacet
  facet normal -0.659546 -0.310368 0.684596
    outer loop
      vertex -4.27754 -1.6936 26.2646
      vertex -4.53854 -1.79694 25.9663
      vertex -4.03154 -2.21636 26.2646
    endloop
  endfacet
  facet normal -0.516981 0.0325174 0.855379
    outer loop
      vertex -3.79691 0.47966 26.7969
      vertex -4.24734 0 26.5429
      vertex -3.82708 0 26.7969
    endloop
  endfacet
  facet normal -0.618357 0.038902 0.784934
    outer loop
      vertex -4.21385 0.532332 26.5429
      vertex -4.60061 0 26.2646
      vertex -4.24734 0 26.5429
    endloop
  endfacet
  facet normal -0.58926 0.191455 0.784932
    outer loop
      vertex -4.27754 1.6936 26.2646
      vertex -4.45607 1.14412 26.2646
      vertex -4.1139 1.05627 26.5429
    endloop
  endfacet
  facet normal -0.659546 0.310368 0.684596
    outer loop
      vertex -4.03154 2.21636 26.2646
      vertex -4.53854 1.79694 25.9663
      vertex -4.27754 1.6936 26.2646
    endloop
  endfacet
  facet normal -0.759135 0.357217 0.54416
    outer loop
      vertex -4.27754 2.3516 25.9663
      vertex -4.72797 1.87194 25.6528
      vertex -4.53854 1.79694 25.9663
    endloop
  endfacet
  facet normal -0.797918 0.259262 0.54416
    outer loop
      vertex -4.72797 1.87194 25.6528
      vertex -4.72797 1.21394 25.9663
      vertex -4.53854 1.79694 25.9663
    endloop
  endfacet
  facet normal -0.708383 0.449554 0.544146
    outer loop
      vertex -4.1139 2.98892 25.6528
      vertex -4.27754 2.3516 25.9663
      vertex -3.94908 2.86917 25.9663
    endloop
  endfacet
  facet normal -0.64645 0.534796 0.544146
    outer loop
      vertex -3.55833 3.3415 25.9663
      vertex -4.1139 2.98892 25.6528
      vertex -3.94908 2.86917 25.9663
    endloop
  endfacet
  facet normal -0.359486 -0.228135 0.904834
    outer loop
      vertex -2.93254 -1.61218 27.0226
      vertex -3.3537 -1.84371 26.7969
      vertex -3.09618 -2.2495 26.7969
    endloop
  endfacet
  facet normal -0.291454 -0.310359 0.904838
    outer loop
      vertex -2.13312 -2.5785 27.0226
      vertex -2.78982 -2.61982 26.7969
      vertex -2.43948 -2.94882 26.7969
    endloop
  endfacet
  facet normal -0.424135 -0.451653 0.784932
    outer loop
      vertex -3.09618 -2.9075 26.5429
      vertex -3.3537 -3.14933 26.2646
      vertex -2.70736 -3.27263 26.5429
    endloop
  endfacet
  facet normal -0.298487 -0.542948 0.784929
    outer loop
      vertex -2.27584 -3.58615 26.5429
      vertex -2.46513 -3.88442 26.2646
      vertex -1.80843 -3.84311 26.5429
    endloop
  endfacet
  facet normal -0.341415 -0.0214817 0.939667
    outer loop
      vertex -2.81309 0 27.2164
      vertex -3.34648 0 27.0226
      vertex -3.32009 -0.419424 27.0226
    endloop
  endfacet
  facet normal -0.424921 -0.0267359 0.904835
    outer loop
      vertex -3.34648 0 27.0226
      vertex -3.79691 -0.47966 26.7969
      vertex -3.32009 -0.419424 27.0226
    endloop
  endfacet
  facet normal -0.477395 0.394937 0.784932
    outer loop
      vertex -3.3537 3.14933 26.2646
      vertex -3.72197 2.70417 26.2646
      vertex -3.09618 2.9075 26.5429
    endloop
  endfacet
  facet normal -0.399131 0.330187 0.855378
    outer loop
      vertex -3.09618 2.9075 26.5429
      vertex -3.43617 2.49652 26.5429
      vertex -2.78982 2.61982 26.7969
    endloop
  endfacet
  facet normal -0.428445 0.58971 0.6846
    outer loop
      vertex -2.46513 3.88442 26.2646
      vertex -3.11147 3.76113 25.9663
      vertex -2.93254 3.54483 26.2646
    endloop
  endfacet
  facet normal -0.498983 0.531357 0.684598
    outer loop
      vertex -3.11147 3.76113 25.9663
      vertex -3.3537 3.14933 26.2646
      vertex -2.93254 3.54483 26.2646
    endloop
  endfacet
  facet normal -0.304474 0.419069 0.855381
    outer loop
      vertex -2.27584 3.58615 26.5429
      vertex -2.70736 3.27263 26.5429
      vertex -2.05065 3.23131 26.7969
    endloop
  endfacet
  facet normal -0.249547 0.453926 0.855381
    outer loop
      vertex -1.80843 3.84311 26.5429
      vertex -2.27584 3.58615 26.5429
      vertex -2.05065 3.23131 26.7969
    endloop
  endfacet
  facet normal -0.205115 0.373099 0.904834
    outer loop
      vertex -1.42486 3.02798 27.0226
      vertex -2.05065 3.23131 26.7969
      vertex -1.79313 2.82552 27.0226
    endloop
  endfacet
  facet normal -0.30447 0.419084 0.855375
    outer loop
      vertex -2.05065 3.23131 26.7969
      vertex -2.70736 3.27263 26.5429
      vertex -2.43948 2.94882 26.7969
    endloop
  endfacet
  facet normal 0 0.425763 0.904835
    outer loop
      vertex 0.240304 3.81953 26.7969
      vertex -0.210127 3.33987 27.0226
      vertex 0.210127 3.33987 27.0226
    endloop
  endfacet
  facet normal 0 0.425763 0.904835
    outer loop
      vertex -0.210127 3.33987 27.0226
      vertex 0.240304 3.81953 26.7969
      vertex -0.240304 3.81953 26.7969
    endloop
  endfacet
  facet normal -0.268329 0.677731 0.684603
    outer loop
      vertex -1.50841 4.64242 25.9663
      vertex -2.07837 4.41676 25.9663
      vertex -1.95884 4.16276 26.2646
    endloop
  endfacet
  facet normal -0.30885 0.780077 0.544143
    outer loop
      vertex -1.50841 4.64242 25.9663
      vertex -2.16511 4.6011 25.6528
      vertex -2.07837 4.41676 25.9663
    endloop
  endfacet
  facet normal -0.764508 0.632461 0.124587
    outer loop
      vertex -3.82708 3.59387 25
      vertex -4.21385 3.06154 25.329
      vertex -3.79691 3.56553 25.329
    endloop
  endfacet
  facet normal -0.574327 0.611586 0.544161
    outer loop
      vertex -3.24134 3.91811 25.6528
      vertex -3.70685 3.48096 25.6528
      vertex -3.11147 3.76113 25.9663
    endloop
  endfacet
  facet normal -0.477989 0.869485 0.124591
    outer loop
      vertex -2.21771 4.71288 25.329
      vertex -2.81309 4.43272 25
      vertex -2.79091 4.39777 25.329
    endloop
  endfacet
  facet normal -0.45021 0.818953 0.355848
    outer loop
      vertex -2.21771 4.71288 25.329
      vertex -2.79091 4.39777 25.329
      vertex -2.16511 4.6011 25.6528
    endloop
  endfacet
  facet normal -0.974632 0.18592 0.124607
    outer loop
      vertex -5.08506 1.30562 25
      vertex -5.2086 0.657999 25
      vertex -5.04496 1.29533 25.329
    endloop
  endfacet
  facet normal -0.974632 0.185925 0.124598
    outer loop
      vertex -5.04496 1.29533 25.329
      vertex -5.2086 0.657999 25
      vertex -5.16753 0.65281 25.329
    endloop
  endfacet
  facet normal 0.365258 -0.922527 0.124622
    outer loop
      vertex 2.21771 -4.71288 25.329
      vertex 1.60955 -4.95367 25.329
      vertex 1.62234 -4.99305 25
    endloop
  endfacet
  facet normal 0 -0.838975 0.54417
    outer loop
      vertex -0.319293 -5.07503 25.6528
      vertex 0.3065 -4.87169 25.9663
      vertex -0.3065 -4.87169 25.9663
    endloop
  endfacet
  facet normal 0 -0.838975 0.54417
    outer loop
      vertex 0.3065 -4.87169 25.9663
      vertex -0.319293 -5.07503 25.6528
      vertex 0.319293 -5.07503 25.6528
    endloop
  endfacet
  facet normal 0.428445 -0.58971 0.6846
    outer loop
      vertex 2.93254 -3.54483 26.2646
      vertex 2.46513 -3.88442 26.2646
      vertex 3.11147 -3.76113 25.9663
    endloop
  endfacet
  facet normal 0.428447 -0.589701 0.684606
    outer loop
      vertex 3.11147 -3.76113 25.9663
      vertex 2.46513 -3.88442 26.2646
      vertex 2.61555 -4.12144 25.9663
    endloop
  endfacet
  facet normal 0.837747 -0.531655 0.124594
    outer loop
      vertex 4.60061 -2.52921 25
      vertex 4.21385 -3.06154 25.329
      vertex 4.24734 -3.08587 25
    endloop
  endfacet
  facet normal 0.78906 -0.500756 0.355848
    outer loop
      vertex 4.45607 -2.44975 25.6528
      vertex 4.1139 -2.98892 25.6528
      vertex 4.56433 -2.50926 25.329
    endloop
  endfacet
  facet normal 0.78906 -0.500742 0.355869
    outer loop
      vertex 4.56433 -2.50926 25.329
      vertex 4.1139 -2.98892 25.6528
      vertex 4.21385 -3.06154 25.329
    endloop
  endfacet
  facet normal 0.932694 -0.0586782 0.355864
    outer loop
      vertex 5.2086 0 25.329
      vertex 5.04496 -0.637327 25.6528
      vertex 5.16753 -0.65281 25.329
    endloop
  endfacet
  facet normal 0.974632 -0.18592 0.124607
    outer loop
      vertex 5.2086 -0.657999 25
      vertex 5.04496 -1.29533 25.329
      vertex 5.08506 -1.30562 25
    endloop
  endfacet
  facet normal 0.492654 -0.160078 0.855375
    outer loop
      vertex 3.70685 -0.951756 26.7969
      vertex 3.55833 -1.40884 26.7969
      vertex 4.1139 -1.05627 26.5429
    endloop
  endfacet
  facet normal 0.69325 -0.225242 0.684595
    outer loop
      vertex 4.45607 -1.14412 26.2646
      vertex 4.27754 -1.6936 26.2646
      vertex 4.53854 -1.79694 25.9663
    endloop
  endfacet
  facet normal 0.759135 -0.357217 0.54416
    outer loop
      vertex 4.53854 -1.79694 25.9663
      vertex 4.27754 -2.3516 25.9663
      vertex 4.72797 -1.87194 25.6528
    endloop
  endfacet
  facet normal 0.797918 -0.259262 0.54416
    outer loop
      vertex 4.72797 -1.21394 25.9663
      vertex 4.53854 -1.79694 25.9663
      vertex 4.72797 -1.87194 25.6528
    endloop
  endfacet
  facet normal 0.308854 -0.780069 0.544152
    outer loop
      vertex 2.16511 -4.6011 25.6528
      vertex 1.50841 -4.64242 25.9663
      vertex 1.57137 -4.83618 25.6528
    endloop
  endfacet
  facet normal 0.208639 -0.812631 0.544151
    outer loop
      vertex 1.50841 -4.64242 25.9663
      vertex 0.914669 -4.79486 25.9663
      vertex 1.57137 -4.83618 25.6528
    endloop
  endfacet
  facet normal 0.549304 -0.75606 0.355863
    outer loop
      vertex 3.24134 -3.91811 25.6528
      vertex 2.72471 -4.29346 25.6528
      vertex 2.79091 -4.39777 25.329
    endloop
  endfacet
  facet normal 0.493141 -0.678758 0.544151
    outer loop
      vertex 3.24134 -3.91811 25.6528
      vertex 2.61555 -4.12144 25.9663
      vertex 2.72471 -4.29346 25.6528
    endloop
  endfacet
  facet normal 0.549307 -0.75606 0.355859
    outer loop
      vertex 3.24134 -3.91811 25.6528
      vertex 2.79091 -4.39777 25.329
      vertex 3.32009 -4.0133 25.329
    endloop
  endfacet
  facet normal 0.679219 -0.723284 0.124589
    outer loop
      vertex 3.79691 -3.56553 25.329
      vertex 3.34648 -4.04519 25
      vertex 3.82708 -3.59387 25
    endloop
  endfacet
  facet normal 0.608609 0.116102 0.78493
    outer loop
      vertex 4.56433 0.576609 26.2646
      vertex 4.1139 1.05627 26.5429
      vertex 4.21385 0.532332 26.5429
    endloop
  endfacet
  facet normal 0.508832 0.0970684 0.855376
    outer loop
      vertex 4.1139 1.05627 26.5429
      vertex 3.79691 0.47966 26.7969
      vertex 4.21385 0.532332 26.5429
    endloop
  endfacet
  facet normal 0.917986 -0.175117 0.35586
    outer loop
      vertex 5.04496 -0.637327 25.6528
      vertex 4.9253 -1.2646 25.6528
      vertex 5.04496 -1.29533 25.329
    endloop
  endfacet
  facet normal 0.824129 -0.157213 0.544146
    outer loop
      vertex 5.04496 -0.637327 25.6528
      vertex 4.72797 -1.21394 25.9663
      vertex 4.9253 -1.2646 25.6528
    endloop
  endfacet
  facet normal 0.618362 -0.0389071 0.78493
    outer loop
      vertex 4.60061 0 26.2646
      vertex 4.21385 -0.532332 26.5429
      vertex 4.56433 -0.576609 26.2646
    endloop
  endfacet
  facet normal 0.716002 -0.13659 0.684605
    outer loop
      vertex 4.84284 -0.611792 25.9663
      vertex 4.45607 -1.14412 26.2646
      vertex 4.72797 -1.21394 25.9663
    endloop
  endfacet
  facet normal 0.0371116 -0.0510805 0.998005
    outer loop
      vertex 0.210127 -0.254 27.6198
      vertex 0.176635 -0.278333 27.6198
      vertex 0.527121 -0.830608 27.5785
    endloop
  endfacet
  facet normal -0.149851 -0.12397 0.980906
    outer loop
      vertex -1.3125 -0.953587 27.4965
      vertex -1.80843 -1.3139 27.3752
      vertex -1.18263 -1.11057 27.4965
    endloop
  endfacet
  facet normal -0.046976 -0.118648 0.991824
    outer loop
      vertex -0.41886 -0.890125 27.5785
      vertex -0.50133 -1.54294 27.4965
      vertex -0.303995 -0.935603 27.5785
    endloop
  endfacet
  facet normal 0 -0.0631386 0.998005
    outer loop
      vertex -0.0206985 -0.329 27.6198
      vertex 0.0617695 -0.981811 27.5785
      vertex 0.0206985 -0.329 27.6198
    endloop
  endfacet
  facet normal 0 -0.0631386 0.998005
    outer loop
      vertex 0.0617695 -0.981811 27.5785
      vertex -0.0206985 -0.329 27.6198
      vertex -0.0617695 -0.981811 27.5785
    endloop
  endfacet
  facet normal -0.00791343 -0.0626408 0.998005
    outer loop
      vertex -0.0206985 -0.329 27.6198
      vertex -0.184337 -0.966327 27.5785
      vertex -0.0617695 -0.981811 27.5785
    endloop
  endfacet
  facet normal 0.04836 0.188376 0.980906
    outer loop
      vertex 0.690758 2.12594 27.3752
      vertex 0.303995 1.5936 27.4965
      vertex 0.50133 1.54294 27.4965
    endloop
  endfacet
  facet normal 0.0317314 -0.123603 0.991824
    outer loop
      vertex 0.50133 -1.54294 27.4965
      vertex 0.184337 -0.966327 27.5785
      vertex 0.303995 -1.5936 27.4965
    endloop
  endfacet
  facet normal 0.125349 -0.0239141 0.991824
    outer loop
      vertex 1.60955 -0.203333 27.4965
      vertex 0.975994 -0.123297 27.5785
      vertex 1.57137 -0.403459 27.4965
    endloop
  endfacet
  facet normal 0.127358 -0.00801106 0.991824
    outer loop
      vertex 1.62234 0 27.4965
      vertex 0.983751 0 27.5785
      vertex 1.60955 -0.203333 27.4965
    endloop
  endfacet
  facet normal -0.0715944 -0.180827 0.980906
    outer loop
      vertex -0.690758 -1.46794 27.4965
      vertex -0.690758 -2.12594 27.3752
      vertex -0.50133 -1.54294 27.4965
    endloop
  endfacet
  facet normal -0.0715954 -0.180827 0.980906
    outer loop
      vertex -0.690758 -1.46794 27.4965
      vertex -0.951761 -2.0226 27.3752
      vertex -0.690758 -2.12594 27.3752
    endloop
  endfacet
  facet normal 0.127358 0.00801248 0.991824
    outer loop
      vertex 1.60955 0.203333 27.4965
      vertex 0.975994 0.123297 27.5785
      vertex 0.983751 0 27.5785
    endloop
  endfacet
  facet normal 0.0630141 0.00396442 0.998005
    outer loop
      vertex 0.975994 0.123297 27.5785
      vertex 0.32965 0 27.6198
      vertex 0.983751 0 27.5785
    endloop
  endfacet
  facet normal 0.224188 -0.142267 0.964106
    outer loop
      vertex 1.95884 -1.07688 27.3752
      vertex 1.80843 -1.3139 27.3752
      vertex 2.27584 -1.65349 27.2164
    endloop
  endfacet
  facet normal 0.107745 -0.0683767 0.991824
    outer loop
      vertex 0.862068 -0.473926 27.5785
      vertex 0.795872 -0.578235 27.5785
      vertex 1.3125 -0.953587 27.4965
    endloop
  endfacet
  facet normal -0.107745 -0.0683767 0.991824
    outer loop
      vertex -0.862068 -0.473926 27.5785
      vertex -1.3125 -0.953587 27.4965
      vertex -0.795872 -0.578235 27.5785
    endloop
  endfacet
  facet normal -0.19104 -0.0364422 0.980905
    outer loop
      vertex -1.57137 -0.403459 27.4965
      vertex -2.21771 -0.280162 27.3752
      vertex -2.16511 -0.555906 27.3752
    endloop
  endfacet
  facet normal -0.181762 -0.193554 0.964106
    outer loop
      vertex -1.42486 -1.72236 27.3752
      vertex -2.05065 -1.92569 27.2164
      vertex -1.79313 -2.16752 27.2164
    endloop
  endfacet
  facet normal -0.240244 -0.113053 0.964107
    outer loop
      vertex -1.95884 -1.07688 27.3752
      vertex -2.61555 -1.03557 27.2164
      vertex -2.46513 -1.35522 27.2164
    endloop
  endfacet
  facet normal -0.127358 0.00801106 0.991824
    outer loop
      vertex -1.60955 0.203333 27.4965
      vertex -1.62234 0 27.4965
      vertex -0.983751 0 27.5785
    endloop
  endfacet
  facet normal -0.194101 0.0122093 0.980906
    outer loop
      vertex -1.60955 0.203333 27.4965
      vertex -2.23534 0 27.3752
      vertex -1.62234 0 27.4965
    endloop
  endfacet
  facet normal -0.191041 0.0364468 0.980905
    outer loop
      vertex -1.57137 0.403459 27.4965
      vertex -2.21771 0.280162 27.3752
      vertex -1.60955 0.203333 27.4965
    endloop
  endfacet
  facet normal -0.194101 -0.0122093 0.980906
    outer loop
      vertex -1.62234 0 27.4965
      vertex -2.23534 0 27.3752
      vertex -1.60955 -0.203333 27.4965
    endloop
  endfacet
  facet normal 0.205116 -0.373096 0.904835
    outer loop
      vertex 2.05065 -3.23131 26.7969
      vertex 1.42486 -3.02798 27.0226
      vertex 1.62949 -3.46285 26.7969
    endloop
  endfacet
  facet normal 0.190687 -0.481628 0.855379
    outer loop
      vertex 1.80843 -3.84311 26.5429
      vertex 1.18263 -3.63977 26.7969
      vertex 1.3125 -4.03946 26.5429
    endloop
  endfacet
  facet normal 0.127918 -0.232671 0.964106
    outer loop
      vertex 1.19775 -1.88736 27.3752
      vertex 0.951761 -2.0226 27.3752
      vertex 1.50733 -2.37517 27.2164
    endloop
  endfacet
  facet normal 0.181762 -0.193554 0.964106
    outer loop
      vertex 2.05065 -1.92569 27.2164
      vertex 1.42486 -1.72236 27.3752
      vertex 1.79313 -2.16752 27.2164
    endloop
  endfacet
  facet normal -0.128832 -0.501732 0.855375
    outer loop
      vertex -0.717124 -3.7593 26.7969
      vertex -1.18263 -3.63977 26.7969
      vertex -0.795872 -4.17211 26.5429
    endloop
  endfacet
  facet normal -0.0649169 -0.513925 0.855375
    outer loop
      vertex -0.717124 -3.7593 26.7969
      vertex -0.795872 -4.17211 26.5429
      vertex -0.240304 -3.81953 26.7969
    endloop
  endfacet
  facet normal -0.125936 -0.318068 0.939666
    outer loop
      vertex -1.19775 -2.54536 27.2164
      vertex -1.42486 -3.02798 27.0226
      vertex -0.869292 -2.67541 27.2164
    endloop
  endfacet
  facet normal -0.04836 -0.188376 0.980906
    outer loop
      vertex -0.50133 -1.54294 27.4965
      vertex -0.690758 -2.12594 27.3752
      vertex -0.303995 -1.5936 27.4965
    endloop
  endfacet
  facet normal -0.234174 -0.24938 0.939666
    outer loop
      vertex -1.79313 -2.16752 27.2164
      vertex -2.43948 -2.29082 27.0226
      vertex -2.13312 -2.5785 27.0226
    endloop
  endfacet
  facet normal -0.184963 -0.0601006 0.980906
    outer loop
      vertex -1.57137 -0.403459 27.4965
      vertex -2.07837 -0.822884 27.3752
      vertex -1.50841 -0.597222 27.4965
    endloop
  endfacet
  facet normal 0.234177 -0.24937 0.939668
    outer loop
      vertex 2.05065 -1.92569 27.2164
      vertex 1.79313 -2.16752 27.2164
      vertex 2.43948 -2.29082 27.0226
    endloop
  endfacet
  facet normal 0.26358 -0.218059 0.939668
    outer loop
      vertex 2.27584 -1.65349 27.2164
      vertex 2.05065 -1.92569 27.2164
      vertex 2.43948 -2.29082 27.0226
    endloop
  endfacet
  facet normal 0.0614765 -0.111825 0.991824
    outer loop
      vertex 0.869292 -1.36979 27.4965
      vertex 0.41886 -0.890125 27.5785
      vertex 0.690758 -1.46794 27.4965
    endloop
  endfacet
  facet normal 0.0483648 -0.188372 0.980906
    outer loop
      vertex 0.690758 -2.12594 27.3752
      vertex 0.303995 -1.5936 27.4965
      vertex 0.41886 -2.19575 27.3752
    endloop
  endfacet
  facet normal 0.25026 -0.344449 0.904834
    outer loop
      vertex 2.13312 -2.5785 27.0226
      vertex 1.79313 -2.82552 27.0226
      vertex 2.05065 -3.23131 26.7969
    endloop
  endfacet
  facet normal 0.250247 -0.344449 0.904838
    outer loop
      vertex 2.13312 -2.5785 27.0226
      vertex 2.05065 -3.23131 26.7969
      vertex 2.43948 -2.94882 26.7969
    endloop
  endfacet
  facet normal -0.30885 -0.780077 0.544143
    outer loop
      vertex -2.07837 -4.41676 25.9663
      vertex -2.16511 -4.6011 25.6528
      vertex -1.50841 -4.64242 25.9663
    endloop
  endfacet
  facet normal -0.308854 -0.780069 0.544152
    outer loop
      vertex -1.50841 -4.64242 25.9663
      vertex -2.16511 -4.6011 25.6528
      vertex -1.57137 -4.83618 25.6528
    endloop
  endfacet
  facet normal -0.354601 -0.377608 0.855377
    outer loop
      vertex -2.78982 -2.61982 26.7969
      vertex -3.09618 -2.9075 26.5429
      vertex -2.70736 -3.27263 26.5429
    endloop
  endfacet
  facet normal -0.351161 -0.638749 0.684606
    outer loop
      vertex -2.46513 -3.88442 26.2646
      vertex -2.61555 -4.12144 25.9663
      vertex -1.95884 -4.16276 26.2646
    endloop
  endfacet
  facet normal 0 -0.518003 0.855379
    outer loop
      vertex -0.240304 -3.81953 26.7969
      vertex 0.266692 -4.23896 26.5429
      vertex 0.240304 -3.81953 26.7969
    endloop
  endfacet
  facet normal 0 -0.518003 0.855379
    outer loop
      vertex 0.266692 -4.23896 26.5429
      vertex -0.240304 -3.81953 26.7969
      vertex -0.266692 -4.23896 26.5429
    endloop
  endfacet
  facet normal 0 -0.619583 0.784931
    outer loop
      vertex -0.266692 -4.23896 26.5429
      vertex 0.288875 -4.59153 26.2646
      vertex 0.266692 -4.23896 26.5429
    endloop
  endfacet
  facet normal 0 -0.619583 0.784931
    outer loop
      vertex 0.288875 -4.59153 26.2646
      vertex -0.266692 -4.23896 26.5429
      vertex -0.288875 -4.59153 26.2646
    endloop
  endfacet
  facet normal 0.124353 -0.984381 0.124618
    outer loop
      vertex 0.975994 -5.11634 25.329
      vertex 0.32965 -5.23964 25
      vertex 0.983751 -5.15701 25
    endloop
  endfacet
  facet normal -0.246749 -0.961034 0.124618
    outer loop
      vertex -0.975994 -5.11634 25.329
      vertex -1.62234 -4.99305 25
      vertex -0.983751 -5.15701 25
    endloop
  endfacet
  facet normal 0.124355 -0.984382 0.124614
    outer loop
      vertex 0.975994 -5.11634 25.329
      vertex 0.32705 -5.19832 25.329
      vertex 0.32965 -5.23964 25
    endloop
  endfacet
  facet normal -0.117129 -0.927179 0.355838
    outer loop
      vertex -0.319293 -5.07503 25.6528
      vertex -0.975994 -5.11634 25.329
      vertex -0.32705 -5.19832 25.329
    endloop
  endfacet
  facet normal 0.117135 -0.927173 0.355849
    outer loop
      vertex 0.952845 -4.99499 25.6528
      vertex 0.319293 -5.07503 25.6528
      vertex 0.975994 -5.11634 25.329
    endloop
  endfacet
  facet normal -0.15674 -0.395868 0.904832
    outer loop
      vertex -1.03412 -3.18269 27.0226
      vertex -1.42486 -3.02798 27.0226
      vertex -1.18263 -3.63977 26.7969
    endloop
  endfacet
  facet normal -0.105881 -0.412392 0.904832
    outer loop
      vertex -1.03412 -3.18269 27.0226
      vertex -1.18263 -3.63977 26.7969
      vertex -0.627067 -3.2872 27.0226
    endloop
  endfacet
  facet normal -0.154082 -0.600114 0.784935
    outer loop
      vertex -1.3125 -4.03946 26.5429
      vertex -1.42167 -4.37544 26.2646
      vertex -0.862068 -4.51912 26.2646
    endloop
  endfacet
  facet normal -0.228082 -0.576071 0.784933
    outer loop
      vertex -1.80843 -3.84311 26.5429
      vertex -1.95884 -4.16276 26.2646
      vertex -1.42167 -4.37544 26.2646
    endloop
  endfacet
  facet normal -0.15673 -0.395865 0.904835
    outer loop
      vertex -1.42486 -3.02798 27.0226
      vertex -1.62949 -3.46285 26.7969
      vertex -1.18263 -3.63977 26.7969
    endloop
  endfacet
  facet normal -0.20108 -0.276759 0.939665
    outer loop
      vertex -1.50733 -2.37517 27.2164
      vertex -2.13312 -2.5785 27.0226
      vertex -1.79313 -2.82552 27.0226
    endloop
  endfacet
  facet normal -0.428447 -0.589701 0.684606
    outer loop
      vertex -2.46513 -3.88442 26.2646
      vertex -3.11147 -3.76113 25.9663
      vertex -2.61555 -4.12144 25.9663
    endloop
  endfacet
  facet normal -0.428445 -0.58971 0.6846
    outer loop
      vertex -2.93254 -3.54483 26.2646
      vertex -3.11147 -3.76113 25.9663
      vertex -2.46513 -3.88442 26.2646
    endloop
  endfacet
  facet normal -0.78906 -0.500742 0.355869
    outer loop
      vertex -4.1139 -2.98892 25.6528
      vertex -4.56433 -2.50926 25.329
      vertex -4.21385 -3.06154 25.329
    endloop
  endfacet
  facet normal -0.574326 -0.611594 0.544153
    outer loop
      vertex -3.55833 -3.3415 25.9663
      vertex -3.70685 -3.48096 25.6528
      vertex -3.11147 -3.76113 25.9663
    endloop
  endfacet
  facet normal 0.56164 -0.464631 0.684601
    outer loop
      vertex 3.72197 -2.70417 26.2646
      vertex 3.3537 -3.14933 26.2646
      vertex 3.55833 -3.3415 25.9663
    endloop
  endfacet
  facet normal 0.561636 -0.464631 0.684604
    outer loop
      vertex 3.72197 -2.70417 26.2646
      vertex 3.55833 -3.3415 25.9663
      vertex 3.94908 -2.86917 25.9663
    endloop
  endfacet
  facet normal 0.291451 -0.310376 0.904833
    outer loop
      vertex 2.43948 -2.29082 27.0226
      vertex 2.13312 -2.5785 27.0226
      vertex 2.78982 -2.61982 26.7969
    endloop
  endfacet
  facet normal 0.291454 -0.310359 0.904838
    outer loop
      vertex 2.78982 -2.61982 26.7969
      vertex 2.13312 -2.5785 27.0226
      vertex 2.43948 -2.94882 26.7969
    endloop
  endfacet
  facet normal 0.359486 -0.228135 0.904834
    outer loop
      vertex 2.93254 -1.61218 27.0226
      vertex 2.70736 -1.96701 27.0226
      vertex 3.09618 -2.2495 26.7969
    endloop
  endfacet
  facet normal 0.288837 -0.1833 0.939667
    outer loop
      vertex 2.93254 -1.61218 27.0226
      vertex 2.27584 -1.65349 27.2164
      vertex 2.70736 -1.96701 27.0226
    endloop
  endfacet
  facet normal 0.385245 -0.181279 0.904834
    outer loop
      vertex 3.55833 -1.40884 26.7969
      vertex 2.93254 -1.61218 27.0226
      vertex 3.3537 -1.84371 26.7969
    endloop
  endfacet
  facet normal 0.424929 0.0267275 0.904832
    outer loop
      vertex 3.79691 0.47966 26.7969
      vertex 3.34648 0 27.0226
      vertex 3.82708 0 26.7969
    endloop
  endfacet
  facet normal 0.336032 -0.0641049 0.939667
    outer loop
      vertex 2.79091 -0.352573 27.2164
      vertex 2.72471 -0.699587 27.2164
      vertex 3.24134 -0.832234 27.0226
    endloop
  endfacet
  facet normal 0.325351 -0.105706 0.939667
    outer loop
      vertex 2.72471 -0.699587 27.2164
      vertex 2.61555 -1.03557 27.2164
      vertex 3.24134 -0.832234 27.0226
    endloop
  endfacet
  facet normal 0.0600483 0.0195112 0.998005
    outer loop
      vertex 0.952845 0.244649 27.5785
      vertex 0.3065 0.121352 27.6198
      vertex 0.319293 0.0819798 27.6198
    endloop
  endfacet
  facet normal 0.0620203 0.0118309 0.998005
    outer loop
      vertex 0.952845 0.244649 27.5785
      vertex 0.319293 0.0819798 27.6198
      vertex 0.32705 0.041316 27.6198
    endloop
  endfacet
  facet normal -0.0630139 -0.00396544 0.998005
    outer loop
      vertex -0.32965 0 27.6198
      vertex -0.975994 -0.123297 27.5785
      vertex -0.32705 -0.041316 27.6198
    endloop
  endfacet
  facet normal 0.0983249 -0.0813429 0.991824
    outer loop
      vertex 1.3125 -0.953587 27.4965
      vertex 0.795872 -0.578235 27.5785
      vertex 1.18263 -1.11057 27.4965
    endloop
  endfacet
  facet normal 0.0571296 0.0268831 0.998005
    outer loop
      vertex 0.862068 0.473926 27.5785
      vertex 0.288875 0.15881 27.6198
      vertex 0.914669 0.362143 27.5785
    endloop
  endfacet
  facet normal 0.121365 0.0394354 0.991824
    outer loop
      vertex 1.50841 0.597222 27.4965
      vertex 0.914669 0.362143 27.5785
      vertex 1.57137 0.403459 27.4965
    endloop
  endfacet
  facet normal 0.17598 0.0828034 0.980905
    outer loop
      vertex 1.95884 1.07688 27.3752
      vertex 1.42167 0.781568 27.4965
      vertex 1.50841 0.597222 27.4965
    endloop
  endfacet
  facet normal 0.175971 0.0828116 0.980906
    outer loop
      vertex 1.95884 1.07688 27.3752
      vertex 1.50841 0.597222 27.4965
      vertex 2.07837 0.822884 27.3752
    endloop
  endfacet
  facet normal -0.0600484 -0.0195108 0.998005
    outer loop
      vertex -0.3065 -0.121352 27.6198
      vertex -0.952845 -0.244649 27.5785
      vertex -0.914669 -0.362143 27.5785
    endloop
  endfacet
  facet normal 0.0715944 0.180827 0.980906
    outer loop
      vertex 0.690758 2.12594 27.3752
      vertex 0.50133 1.54294 27.4965
      vertex 0.690758 1.46794 27.4965
    endloop
  endfacet
  facet normal -0.00791415 -0.0626406 0.998005
    outer loop
      vertex -0.0617695 -0.323811 27.6198
      vertex -0.184337 -0.966327 27.5785
      vertex -0.0206985 -0.329 27.6198
    endloop
  endfacet
  facet normal 0 0.12761 0.991824
    outer loop
      vertex 0.101867 1.61914 27.4965
      vertex -0.0617695 0.981811 27.5785
      vertex 0.0617695 0.981811 27.5785
    endloop
  endfacet
  facet normal 0 0.12761 0.991824
    outer loop
      vertex -0.0617695 0.981811 27.5785
      vertex 0.101867 1.61914 27.4965
      vertex -0.101867 1.61914 27.4965
    endloop
  endfacet
  facet normal 0.260812 0.0497517 0.964107
    outer loop
      vertex 2.79091 0.352573 27.2164
      vertex 2.16511 0.555906 27.3752
      vertex 2.21771 0.280162 27.3752
    endloop
  endfacet
  facet normal 0.19104 0.0364422 0.980905
    outer loop
      vertex 2.16511 0.555906 27.3752
      vertex 1.57137 0.403459 27.4965
      vertex 2.21771 0.280162 27.3752
    endloop
  endfacet
  facet normal 0.252523 0.0820441 0.964106
    outer loop
      vertex 2.61555 1.03557 27.2164
      vertex 2.16511 0.555906 27.3752
      vertex 2.72471 0.699587 27.2164
    endloop
  endfacet
  facet normal 0.260813 0.0497555 0.964106
    outer loop
      vertex 2.72471 0.699587 27.2164
      vertex 2.16511 0.555906 27.3752
      vertex 2.79091 0.352573 27.2164
    endloop
  endfacet
  facet normal 0.194103 0.0122145 0.980905
    outer loop
      vertex 2.21771 0.280162 27.3752
      vertex 1.60955 0.203333 27.4965
      vertex 2.23534 0 27.3752
    endloop
  endfacet
  facet normal 0.191041 0.0364468 0.980905
    outer loop
      vertex 2.21771 0.280162 27.3752
      vertex 1.57137 0.403459 27.4965
      vertex 1.60955 0.203333 27.4965
    endloop
  endfacet
  facet normal 0.359486 0.228135 0.904834
    outer loop
      vertex 3.09618 2.2495 26.7969
      vertex 2.70736 1.96701 27.0226
      vertex 2.93254 1.61218 27.0226
    endloop
  endfacet
  facet normal 0.288837 0.1833 0.939667
    outer loop
      vertex 2.70736 1.96701 27.0226
      vertex 2.27584 1.65349 27.2164
      vertex 2.93254 1.61218 27.0226
    endloop
  endfacet
  facet normal 0.264991 -0.0166753 0.964107
    outer loop
      vertex 2.23534 0 27.3752
      vertex 2.21771 -0.280162 27.3752
      vertex 2.79091 -0.352573 27.2164
    endloop
  endfacet
  facet normal 0.194103 -0.0122145 0.980905
    outer loop
      vertex 2.23534 0 27.3752
      vertex 1.60955 -0.203333 27.4965
      vertex 2.21771 -0.280162 27.3752
    endloop
  endfacet
  facet normal 0.0600484 -0.0195108 0.998005
    outer loop
      vertex 0.952845 -0.244649 27.5785
      vertex 0.3065 -0.121352 27.6198
      vertex 0.914669 -0.362143 27.5785
    endloop
  endfacet
  facet normal 0.184963 -0.0601006 0.980906
    outer loop
      vertex 1.57137 -0.403459 27.4965
      vertex 1.50841 -0.597222 27.4965
      vertex 2.07837 -0.822884 27.3752
    endloop
  endfacet
  facet normal -0.0660287 0.257178 0.964106
    outer loop
      vertex -0.527121 2.76326 27.2164
      vertex -0.869292 2.67541 27.2164
      vertex -0.690758 2.12594 27.3752
    endloop
  endfacet
  facet normal 0 0.342095 0.939666
    outer loop
      vertex 0.210127 3.33987 27.0226
      vertex -0.176635 2.80754 27.2164
      vertex 0.176635 2.80754 27.2164
    endloop
  endfacet
  facet normal 0 0.342095 0.939666
    outer loop
      vertex -0.176635 2.80754 27.2164
      vertex 0.210127 3.33987 27.0226
      vertex -0.210127 3.33987 27.0226
    endloop
  endfacet
  facet normal -0.00791343 0.0626408 0.998005
    outer loop
      vertex -0.0617695 0.981811 27.5785
      vertex -0.184337 0.966327 27.5785
      vertex -0.0206985 0.329 27.6198
    endloop
  endfacet
  facet normal -0.0317314 0.123603 0.991824
    outer loop
      vertex -0.303995 1.5936 27.4965
      vertex -0.50133 1.54294 27.4965
      vertex -0.184337 0.966327 27.5785
    endloop
  endfacet
  facet normal -0.0620203 0.0118309 0.998005
    outer loop
      vertex -0.952845 0.244649 27.5785
      vertex -0.975994 0.123297 27.5785
      vertex -0.32705 0.041316 27.6198
    endloop
  endfacet
  facet normal -0.0630139 0.00396544 0.998005
    outer loop
      vertex -0.32705 0.041316 27.6198
      vertex -0.975994 0.123297 27.5785
      vertex -0.32965 0 27.6198
    endloop
  endfacet
  facet normal -0.0486489 -0.0402463 0.998005
    outer loop
      vertex -0.266692 -0.193763 27.6198
      vertex -0.795872 -0.578235 27.5785
      vertex -0.717124 -0.673424 27.5785
    endloop
  endfacet
  facet normal 0.0469763 0.118648 0.991824
    outer loop
      vertex 0.50133 1.54294 27.4965
      vertex 0.41886 0.890125 27.5785
      vertex 0.690758 1.46794 27.4965
    endloop
  endfacet
  facet normal -0.0304173 -0.0553289 0.998005
    outer loop
      vertex -0.176635 -0.278333 27.6198
      vertex -0.527121 -0.830608 27.5785
      vertex -0.41886 -0.890125 27.5785
    endloop
  endfacet
  facet normal -0.175971 0.0828116 0.980906
    outer loop
      vertex -1.95884 1.07688 27.3752
      vertex -2.07837 0.822884 27.3752
      vertex -1.50841 0.597222 27.4965
    endloop
  endfacet
  facet normal -0.107744 0.0683783 0.991824
    outer loop
      vertex -1.3125 0.953587 27.4965
      vertex -1.42167 0.781568 27.4965
      vertex -0.862068 0.473926 27.5785
    endloop
  endfacet
  facet normal -0.0620203 -0.0118309 0.998005
    outer loop
      vertex -0.32705 -0.041316 27.6198
      vertex -0.952845 -0.244649 27.5785
      vertex -0.319293 -0.0819798 27.6198
    endloop
  endfacet
  facet normal -0.128832 0.501732 0.855375
    outer loop
      vertex -0.795872 4.17211 26.5429
      vertex -1.18263 3.63977 26.7969
      vertex -0.717124 3.7593 26.7969
    endloop
  endfacet
  facet normal 0.042879 0.339397 0.939665
    outer loop
      vertex 0.210127 3.33987 27.0226
      vertex 0.176635 2.80754 27.2164
      vertex 0.527121 2.76326 27.2164
    endloop
  endfacet
  facet normal -0.0776532 0.614697 0.784931
    outer loop
      vertex -0.288875 4.59153 26.2646
      vertex -0.795872 4.17211 26.5429
      vertex -0.266692 4.23896 26.5429
    endloop
  endfacet
  facet normal 0.0649221 0.513919 0.855379
    outer loop
      vertex 0.266692 4.23896 26.5429
      vertex 0.240304 3.81953 26.7969
      vertex 0.795872 4.17211 26.5429
    endloop
  endfacet
  facet normal -0.328056 0.271395 0.904834
    outer loop
      vertex -2.78982 2.61982 26.7969
      vertex -3.09618 2.2495 26.7969
      vertex -2.70736 1.96701 27.0226
    endloop
  endfacet
  facet normal -0.359486 0.228135 0.904834
    outer loop
      vertex -2.70736 1.96701 27.0226
      vertex -3.09618 2.2495 26.7969
      vertex -2.93254 1.61218 27.0226
    endloop
  endfacet
  facet normal -0.20108 0.276759 0.939665
    outer loop
      vertex -1.79313 2.82552 27.0226
      vertex -2.13312 2.5785 27.0226
      vertex -1.50733 2.37517 27.2164
    endloop
  endfacet
  facet normal -0.133133 0.141773 0.980906
    outer loop
      vertex -1.42486 1.72236 27.3752
      vertex -1.62949 1.5302 27.3752
      vertex -1.18263 1.11057 27.4965
    endloop
  endfacet
  facet normal -0.20108 0.276758 0.939666
    outer loop
      vertex -1.50733 2.37517 27.2164
      vertex -2.13312 2.5785 27.0226
      vertex -1.79313 2.16752 27.2164
    endloop
  endfacet
  facet normal -0.15607 0.214808 0.964106
    outer loop
      vertex -1.50733 2.37517 27.2164
      vertex -1.79313 2.16752 27.2164
      vertex -1.42486 1.72236 27.3752
    endloop
  endfacet
  facet normal -0.325351 0.105706 0.939667
    outer loop
      vertex -2.61555 1.03557 27.2164
      vertex -3.24134 0.832234 27.0226
      vertex -2.72471 0.699587 27.2164
    endloop
  endfacet
  facet normal -0.336032 0.0641049 0.939667
    outer loop
      vertex -2.72471 0.699587 27.2164
      vertex -3.24134 0.832234 27.0226
      vertex -2.79091 0.352573 27.2164
    endloop
  endfacet
  facet normal -0.341415 0.0214817 0.939667
    outer loop
      vertex -3.32009 0.419424 27.0226
      vertex -3.34648 0 27.0226
      vertex -2.81309 0 27.2164
    endloop
  endfacet
  facet normal -0.341418 0.0214782 0.939666
    outer loop
      vertex -2.79091 0.352573 27.2164
      vertex -3.32009 0.419424 27.0226
      vertex -2.81309 0 27.2164
    endloop
  endfacet
  facet normal 0.639741 0.681244 0.355861
    outer loop
      vertex 3.79691 3.56553 25.329
      vertex 3.24134 3.91811 25.6528
      vertex 3.70685 3.48096 25.6528
    endloop
  endfacet
  facet normal 0.498983 0.531357 0.684598
    outer loop
      vertex 3.11147 3.76113 25.9663
      vertex 2.93254 3.54483 26.2646
      vertex 3.3537 3.14933 26.2646
    endloop
  endfacet
  facet normal -0.154087 0.600117 0.784931
    outer loop
      vertex -0.862068 4.51912 26.2646
      vertex -1.3125 4.03946 26.5429
      vertex -0.795872 4.17211 26.5429
    endloop
  endfacet
  facet normal -0.228079 0.57607 0.784935
    outer loop
      vertex -1.42167 4.37544 26.2646
      vertex -1.80843 3.84311 26.5429
      vertex -1.3125 4.03946 26.5429
    endloop
  endfacet
  facet normal -0.0776531 0.614697 0.784931
    outer loop
      vertex -0.288875 4.59153 26.2646
      vertex -0.862068 4.51912 26.2646
      vertex -0.795872 4.17211 26.5429
    endloop
  endfacet
  facet normal -0.0913571 0.723177 0.684594
    outer loop
      vertex -0.288875 4.59153 26.2646
      vertex -0.914669 4.79486 25.9663
      vertex -0.862068 4.51912 26.2646
    endloop
  endfacet
  facet normal -0.232411 0.905183 0.355849
    outer loop
      vertex -0.975994 5.11634 25.329
      vertex -1.57137 4.83618 25.6528
      vertex -0.952845 4.99499 25.6528
    endloop
  endfacet
  facet normal -0.208645 0.812621 0.544163
    outer loop
      vertex -0.952845 4.99499 25.6528
      vertex -1.57137 4.83618 25.6528
      vertex -0.914669 4.79486 25.9663
    endloop
  endfacet
  facet normal 0.124353 0.984381 0.124618
    outer loop
      vertex 0.983751 5.15701 25
      vertex 0.32965 5.23964 25
      vertex 0.975994 5.11634 25.329
    endloop
  endfacet
  facet normal 0 0.992205 0.124614
    outer loop
      vertex 0.32965 5.23964 25
      vertex -0.32705 5.19832 25.329
      vertex 0.32705 5.19832 25.329
    endloop
  endfacet
  facet normal 0 0.992205 0.124614
    outer loop
      vertex -0.32705 5.19832 25.329
      vertex 0.32965 5.23964 25
      vertex -0.32965 5.23964 25
    endloop
  endfacet
  facet normal 0.268332 0.677732 0.6846
    outer loop
      vertex 1.50841 4.64242 25.9663
      vertex 1.42167 4.37544 26.2646
      vertex 1.95884 4.16276 26.2646
    endloop
  endfacet
  facet normal 0.35116 0.638752 0.684604
    outer loop
      vertex 2.07837 4.41676 25.9663
      vertex 1.95884 4.16276 26.2646
      vertex 2.61555 4.12144 25.9663
    endloop
  endfacet
  facet normal 0.498978 0.531357 0.684602
    outer loop
      vertex 3.55833 3.3415 25.9663
      vertex 3.11147 3.76113 25.9663
      vertex 3.3537 3.14933 26.2646
    endloop
  endfacet
  facet normal 0.574326 0.611594 0.544153
    outer loop
      vertex 3.70685 3.48096 25.6528
      vertex 3.11147 3.76113 25.9663
      vertex 3.55833 3.3415 25.9663
    endloop
  endfacet
  facet normal 0.246752 0.961032 0.124624
    outer loop
      vertex 1.62234 4.99305 25
      vertex 0.975994 5.11634 25.329
      vertex 1.60955 4.95367 25.329
    endloop
  endfacet
  facet normal 0.30885 0.780077 0.544143
    outer loop
      vertex 2.16511 4.6011 25.6528
      vertex 1.50841 4.64242 25.9663
      vertex 2.07837 4.41676 25.9663
    endloop
  endfacet
  facet normal 0.615442 0.390567 0.684609
    outer loop
      vertex 4.27754 2.3516 25.9663
      vertex 3.72197 2.70417 26.2646
      vertex 4.03154 2.21636 26.2646
    endloop
  endfacet
  facet normal 0.615443 0.390572 0.684605
    outer loop
      vertex 3.94908 2.86917 25.9663
      vertex 3.72197 2.70417 26.2646
      vertex 4.27754 2.3516 25.9663
    endloop
  endfacet
  facet normal 0.354607 0.377608 0.855375
    outer loop
      vertex 2.70736 3.27263 26.5429
      vertex 2.43948 2.94882 26.7969
      vertex 2.78982 2.61982 26.7969
    endloop
  endfacet
  facet normal 0.354601 0.377608 0.855377
    outer loop
      vertex 3.09618 2.9075 26.5429
      vertex 2.70736 3.27263 26.5429
      vertex 2.78982 2.61982 26.7969
    endloop
  endfacet
  facet normal 0.127918 0.232671 0.964106
    outer loop
      vertex 1.50733 2.37517 27.2164
      vertex 0.951761 2.0226 27.3752
      vertex 1.19775 1.88736 27.3752
    endloop
  endfacet
  facet normal 0.0936977 0.170427 0.980905
    outer loop
      vertex 0.951761 2.0226 27.3752
      vertex 0.869292 1.36979 27.4965
      vertex 1.19775 1.88736 27.3752
    endloop
  endfacet
  facet normal 0.133133 0.141773 0.980906
    outer loop
      vertex 1.42486 1.72236 27.3752
      vertex 1.18263 1.11057 27.4965
      vertex 1.62949 1.5302 27.3752
    endloop
  endfacet
  facet normal 0.0873555 0.0930243 0.991824
    outer loop
      vertex 1.03412 1.25003 27.4965
      vertex 0.627067 0.757994 27.5785
      vertex 1.18263 1.11057 27.4965
    endloop
  endfacet
  facet normal 0.291451 0.310376 0.904833
    outer loop
      vertex 2.78982 2.61982 26.7969
      vertex 2.13312 2.5785 27.0226
      vertex 2.43948 2.29082 27.0226
    endloop
  endfacet
  facet normal 0.234174 0.24938 0.939666
    outer loop
      vertex 2.13312 2.5785 27.0226
      vertex 1.79313 2.16752 27.2164
      vertex 2.43948 2.29082 27.0226
    endloop
  endfacet
  facet normal 0.20108 0.276759 0.939665
    outer loop
      vertex 1.79313 2.82552 27.0226
      vertex 1.50733 2.37517 27.2164
      vertex 2.13312 2.5785 27.0226
    endloop
  endfacet
  facet normal 0.25026 0.344449 0.904834
    outer loop
      vertex 2.05065 3.23131 26.7969
      vertex 1.79313 2.82552 27.0226
      vertex 2.13312 2.5785 27.0226
    endloop
  endfacet
  facet normal 0.181762 0.193554 0.964106
    outer loop
      vertex 1.79313 2.16752 27.2164
      vertex 1.42486 1.72236 27.3752
      vertex 2.05065 1.92569 27.2164
    endloop
  endfacet
  facet normal 0.234177 0.24937 0.939668
    outer loop
      vertex 2.43948 2.29082 27.0226
      vertex 1.79313 2.16752 27.2164
      vertex 2.05065 1.92569 27.2164
    endloop
  endfacet
  facet normal 0.897776 0.422461 0.124601
    outer loop
      vertex 4.88133 1.93265 25
      vertex 4.60061 2.52921 25
      vertex 4.84284 1.91741 25.329
    endloop
  endfacet
  facet normal 0.764505 0.632462 0.124593
    outer loop
      vertex 4.24734 3.08587 25
      vertex 3.82708 3.59387 25
      vertex 4.21385 3.06154 25.329
    endloop
  endfacet
  facet normal 0.837334 0.0526797 0.544147
    outer loop
      vertex 5.08506 0 25.6528
      vertex 4.84284 0.611792 25.9663
      vertex 4.88133 0 25.9663
    endloop
  endfacet
  facet normal 0.824132 0.157217 0.544141
    outer loop
      vertex 5.04496 0.637327 25.6528
      vertex 4.72797 1.21394 25.9663
      vertex 4.84284 0.611792 25.9663
    endloop
  endfacet
  facet normal 0.837338 -0.0526845 0.544141
    outer loop
      vertex 5.08506 0 25.6528
      vertex 4.84284 -0.611792 25.9663
      vertex 5.04496 -0.637327 25.6528
    endloop
  endfacet
  facet normal 0.932697 -0.0586844 0.355854
    outer loop
      vertex 5.08506 0 25.6528
      vertex 5.04496 -0.637327 25.6528
      vertex 5.2086 0 25.329
    endloop
  endfacet
  facet normal 0.932694 0.0586782 0.355864
    outer loop
      vertex 5.16753 0.65281 25.329
      vertex 5.04496 0.637327 25.6528
      vertex 5.2086 0 25.329
    endloop
  endfacet
  facet normal 0.99025 0.0622992 0.124598
    outer loop
      vertex 5.2086 0.657999 25
      vertex 5.16753 0.65281 25.329
      vertex 5.2086 0 25.329
    endloop
  endfacet
  facet normal 0.589259 0.191456 0.784932
    outer loop
      vertex 4.27754 1.6936 26.2646
      vertex 3.94908 1.56355 26.5429
      vertex 4.1139 1.05627 26.5429
    endloop
  endfacet
  facet normal 0.560611 0.263811 0.784933
    outer loop
      vertex 4.27754 1.6936 26.2646
      vertex 3.72197 2.04617 26.5429
      vertex 3.94908 1.56355 26.5429
    endloop
  endfacet
  facet normal 0.359486 0.228135 0.904834
    outer loop
      vertex 3.09618 2.2495 26.7969
      vertex 2.93254 1.61218 27.0226
      vertex 3.3537 1.84371 26.7969
    endloop
  endfacet
  facet normal 0.43737 0.277561 0.855375
    outer loop
      vertex 3.72197 2.04617 26.5429
      vertex 3.09618 2.2495 26.7969
      vertex 3.3537 1.84371 26.7969
    endloop
  endfacet
  facet normal -0.404923 -0.131571 0.904835
    outer loop
      vertex -3.24134 -0.832234 27.0226
      vertex -3.55833 -1.40884 26.7969
      vertex -3.11147 -1.23192 27.0226
    endloop
  endfacet
  facet normal -0.492654 -0.160078 0.855375
    outer loop
      vertex -3.70685 -0.951756 26.7969
      vertex -4.1139 -1.05627 26.5429
      vertex -3.55833 -1.40884 26.7969
    endloop
  endfacet
  facet normal -0.516986 -0.0325246 0.855376
    outer loop
      vertex -3.79691 -0.47966 26.7969
      vertex -4.24734 0 26.5429
      vertex -4.21385 -0.532332 26.5429
    endloop
  endfacet
  facet normal -0.618357 -0.038902 0.784934
    outer loop
      vertex -4.24734 0 26.5429
      vertex -4.60061 0 26.2646
      vertex -4.21385 -0.532332 26.5429
    endloop
  endfacet
  facet normal -0.943647 0.306603 0.124601
    outer loop
      vertex -4.88133 1.93265 25
      vertex -5.08506 1.30562 25
      vertex -4.84284 1.91741 25.329
    endloop
  endfacet
  facet normal -0.224188 -0.142267 0.964106
    outer loop
      vertex -1.95884 -1.07688 27.3752
      vertex -2.27584 -1.65349 27.2164
      vertex -1.80843 -1.3139 27.3752
    endloop
  endfacet
  facet normal -0.291451 -0.310376 0.904833
    outer loop
      vertex -2.43948 -2.29082 27.0226
      vertex -2.78982 -2.61982 26.7969
      vertex -2.13312 -2.5785 27.0226
    endloop
  endfacet
  facet normal -0.309533 -0.145659 0.939666
    outer loop
      vertex -2.61555 -1.03557 27.2164
      vertex -2.93254 -1.61218 27.0226
      vertex -2.46513 -1.35522 27.2164
    endloop
  endfacet
  facet normal -0.309542 -0.145654 0.939664
    outer loop
      vertex -2.61555 -1.03557 27.2164
      vertex -3.11147 -1.23192 27.0226
      vertex -2.93254 -1.61218 27.0226
    endloop
  endfacet
  facet normal -0.615443 -0.390572 0.684605
    outer loop
      vertex -3.72197 -2.70417 26.2646
      vertex -4.27754 -2.3516 25.9663
      vertex -3.94908 -2.86917 25.9663
    endloop
  endfacet
  facet normal -0.56164 -0.464631 0.684601
    outer loop
      vertex -3.3537 -3.14933 26.2646
      vertex -3.72197 -2.70417 26.2646
      vertex -3.55833 -3.3415 25.9663
    endloop
  endfacet
  facet normal -0.399131 -0.330195 0.855375
    outer loop
      vertex -3.09618 -2.2495 26.7969
      vertex -3.43617 -2.49652 26.5429
      vertex -2.78982 -2.61982 26.7969
    endloop
  endfacet
  facet normal -0.43737 -0.277563 0.855375
    outer loop
      vertex -3.09618 -2.2495 26.7969
      vertex -3.72197 -2.04617 26.5429
      vertex -3.43617 -2.49652 26.5429
    endloop
  endfacet
  facet normal -0.477395 0.394933 0.784934
    outer loop
      vertex -3.09618 2.9075 26.5429
      vertex -3.72197 2.70417 26.2646
      vertex -3.43617 2.49652 26.5429
    endloop
  endfacet
  facet normal -0.523129 0.331987 0.784934
    outer loop
      vertex -3.72197 2.70417 26.2646
      vertex -3.72197 2.04617 26.5429
      vertex -3.43617 2.49652 26.5429
    endloop
  endfacet
  facet normal -0.493143 0.678748 0.544161
    outer loop
      vertex -2.61555 4.12144 25.9663
      vertex -3.24134 3.91811 25.6528
      vertex -3.11147 3.76113 25.9663
    endloop
  endfacet
  facet normal -0.639741 0.681244 0.355861
    outer loop
      vertex -3.24134 3.91811 25.6528
      vertex -3.79691 3.56553 25.329
      vertex -3.70685 3.48096 25.6528
    endloop
  endfacet
  facet normal -0.364185 0.501254 0.784929
    outer loop
      vertex -2.46513 3.88442 26.2646
      vertex -2.70736 3.27263 26.5429
      vertex -2.27584 3.58615 26.5429
    endloop
  endfacet
  facet normal -0.298487 0.542948 0.784929
    outer loop
      vertex -1.80843 3.84311 26.5429
      vertex -2.46513 3.88442 26.2646
      vertex -2.27584 3.58615 26.5429
    endloop
  endfacet
  facet normal -0.15673 0.395865 0.904835
    outer loop
      vertex -1.18263 3.63977 26.7969
      vertex -1.62949 3.46285 26.7969
      vertex -1.42486 3.02798 27.0226
    endloop
  endfacet
  facet normal -0.105881 0.412392 0.904832
    outer loop
      vertex -0.627067 3.2872 27.0226
      vertex -1.18263 3.63977 26.7969
      vertex -1.03412 3.18269 27.0226
    endloop
  endfacet
  facet normal -0.15674 0.395868 0.904832
    outer loop
      vertex -1.18263 3.63977 26.7969
      vertex -1.42486 3.02798 27.0226
      vertex -1.03412 3.18269 27.0226
    endloop
  endfacet
  facet normal -0.105889 0.412382 0.904836
    outer loop
      vertex -0.717124 3.7593 26.7969
      vertex -1.18263 3.63977 26.7969
      vertex -0.627067 3.2872 27.0226
    endloop
  endfacet
  facet normal -0.493141 0.678758 0.544151
    outer loop
      vertex -2.72471 4.29346 25.6528
      vertex -3.24134 3.91811 25.6528
      vertex -2.61555 4.12144 25.9663
    endloop
  endfacet
  facet normal -0.404182 0.735211 0.544152
    outer loop
      vertex -2.16511 4.6011 25.6528
      vertex -2.72471 4.29346 25.6528
      vertex -2.61555 4.12144 25.9663
    endloop
  endfacet
  facet normal -0.679218 0.723284 0.12459
    outer loop
      vertex -3.34648 4.04519 25
      vertex -3.79691 3.56553 25.329
      vertex -3.32009 4.0133 25.329
    endloop
  endfacet
  facet normal -0.679219 0.723284 0.124589
    outer loop
      vertex -3.34648 4.04519 25
      vertex -3.82708 3.59387 25
      vertex -3.79691 3.56553 25.329
    endloop
  endfacet
  facet normal -0.232412 0.905183 0.355848
    outer loop
      vertex -0.975994 5.11634 25.329
      vertex -1.60955 4.95367 25.329
      vertex -1.57137 4.83618 25.6528
    endloop
  endfacet
  facet normal -0.246752 0.961032 0.124624
    outer loop
      vertex -0.975994 5.11634 25.329
      vertex -1.62234 4.99305 25
      vertex -1.60955 4.95367 25.329
    endloop
  endfacet
  facet normal -0.917986 0.175117 0.35586
    outer loop
      vertex -5.04496 1.29533 25.329
      vertex -5.04496 0.637327 25.6528
      vertex -4.9253 1.2646 25.6528
    endloop
  endfacet
  facet normal -0.824129 0.157213 0.544146
    outer loop
      vertex -4.9253 1.2646 25.6528
      vertex -5.04496 0.637327 25.6528
      vertex -4.72797 1.21394 25.9663
    endloop
  endfacet
  facet normal 0.679218 -0.723284 0.12459
    outer loop
      vertex 3.79691 -3.56553 25.329
      vertex 3.32009 -4.0133 25.329
      vertex 3.34648 -4.04519 25
    endloop
  endfacet
  facet normal 0.974632 -0.185925 0.124598
    outer loop
      vertex 5.16753 -0.65281 25.329
      vertex 5.04496 -1.29533 25.329
      vertex 5.2086 -0.657999 25
    endloop
  endfacet
  facet normal 0.99025 -0.0622992 0.124598
    outer loop
      vertex 5.2086 0 25.329
      vertex 5.16753 -0.65281 25.329
      vertex 5.2086 -0.657999 25
    endloop
  endfacet
  facet normal 0.618357 -0.038902 0.784934
    outer loop
      vertex 4.24734 0 26.5429
      vertex 4.21385 -0.532332 26.5429
      vertex 4.60061 0 26.2646
    endloop
  endfacet
  facet normal 0.41822 -0.079782 0.904835
    outer loop
      vertex 3.32009 -0.419424 27.0226
      vertex 3.24134 -0.832234 27.0226
      vertex 3.79691 -0.47966 26.7969
    endloop
  endfacet
  facet normal 0.30885 -0.780077 0.544143
    outer loop
      vertex 2.07837 -4.41676 25.9663
      vertex 1.50841 -4.64242 25.9663
      vertex 2.16511 -4.6011 25.6528
    endloop
  endfacet
  facet normal 0.404191 -0.735213 0.544143
    outer loop
      vertex 2.61555 -4.12144 25.9663
      vertex 2.07837 -4.41676 25.9663
      vertex 2.16511 -4.6011 25.6528
    endloop
  endfacet
  facet normal 0.208645 -0.812621 0.544163
    outer loop
      vertex 1.57137 -4.83618 25.6528
      vertex 0.914669 -4.79486 25.9663
      vertex 0.952845 -4.99499 25.6528
    endloop
  endfacet
  facet normal 0.268332 -0.677732 0.6846
    outer loop
      vertex 1.95884 -4.16276 26.2646
      vertex 1.42167 -4.37544 26.2646
      vertex 1.50841 -4.64242 25.9663
    endloop
  endfacet
  facet normal 0.583204 -0.802715 0.124588
    outer loop
      vertex 3.32009 -4.0133 25.329
      vertex 2.79091 -4.39777 25.329
      vertex 3.34648 -4.04519 25
    endloop
  endfacet
  facet normal 0.583205 -0.802714 0.124591
    outer loop
      vertex 3.34648 -4.04519 25
      vertex 2.79091 -4.39777 25.329
      vertex 2.81309 -4.43272 25
    endloop
  endfacet
  facet normal 0.716 -0.136586 0.684608
    outer loop
      vertex 4.56433 -0.576609 26.2646
      vertex 4.45607 -1.14412 26.2646
      vertex 4.84284 -0.611792 25.9663
    endloop
  endfacet
  facet normal 0.727472 -0.0457723 0.684609
    outer loop
      vertex 4.60061 0 26.2646
      vertex 4.56433 -0.576609 26.2646
      vertex 4.84284 -0.611792 25.9663
    endloop
  endfacet
  facet normal -0.121365 -0.0394337 0.991824
    outer loop
      vertex -0.952845 -0.244649 27.5785
      vertex -1.57137 -0.403459 27.4965
      vertex -0.914669 -0.362143 27.5785
    endloop
  endfacet
  facet normal -0.0159971 -0.126604 0.991824
    outer loop
      vertex -0.184337 -0.966327 27.5785
      vertex -0.303995 -1.5936 27.4965
      vertex -0.101867 -1.61914 27.4965
    endloop
  endfacet
  facet normal -0.0232433 -0.0587046 0.998005
    outer loop
      vertex -0.140358 -0.298276 27.6198
      vertex -0.41886 -0.890125 27.5785
      vertex -0.101867 -0.313516 27.6198
    endloop
  endfacet
  facet normal -0.0157015 -0.0611551 0.998005
    outer loop
      vertex -0.101867 -0.313516 27.6198
      vertex -0.184337 -0.966327 27.5785
      vertex -0.0617695 -0.323811 27.6198
    endloop
  endfacet
  facet normal 0.00791415 0.0626406 0.998005
    outer loop
      vertex 0.184337 0.966327 27.5785
      vertex 0.0206985 0.329 27.6198
      vertex 0.0617695 0.323811 27.6198
    endloop
  endfacet
  facet normal 0.0600484 0.0195108 0.998005
    outer loop
      vertex 0.914669 0.362143 27.5785
      vertex 0.3065 0.121352 27.6198
      vertex 0.952845 0.244649 27.5785
    endloop
  endfacet
  facet normal -0.0600483 0.0195112 0.998005
    outer loop
      vertex -0.3065 0.121352 27.6198
      vertex -0.952845 0.244649 27.5785
      vertex -0.319293 0.0819798 27.6198
    endloop
  endfacet
  facet normal 0.0571302 0.0268813 0.998005
    outer loop
      vertex 0.914669 0.362143 27.5785
      vertex 0.288875 0.15881 27.6198
      vertex 0.3065 0.121352 27.6198
    endloop
  endfacet
  facet normal 0.00791343 -0.0626408 0.998005
    outer loop
      vertex 0.184337 -0.966327 27.5785
      vertex 0.0206985 -0.329 27.6198
      vertex 0.0617695 -0.981811 27.5785
    endloop
  endfacet
  facet normal 0.149851 -0.12397 0.980906
    outer loop
      vertex 1.3125 -0.953587 27.4965
      vertex 1.18263 -1.11057 27.4965
      vertex 1.80843 -1.3139 27.3752
    endloop
  endfacet
  facet normal 0.00791415 -0.0626406 0.998005
    outer loop
      vertex 0.0617695 -0.323811 27.6198
      vertex 0.0206985 -0.329 27.6198
      vertex 0.184337 -0.966327 27.5785
    endloop
  endfacet
  facet normal -0.0533088 -0.0338325 0.998005
    outer loop
      vertex -0.288875 -0.15881 27.6198
      vertex -0.795872 -0.578235 27.5785
      vertex -0.266692 -0.193763 27.6198
    endloop
  endfacet
  facet normal -0.0159939 -0.126604 0.991824
    outer loop
      vertex -0.0617695 -0.981811 27.5785
      vertex -0.184337 -0.966327 27.5785
      vertex -0.101867 -1.61914 27.4965
    endloop
  endfacet
  facet normal 0.0243734 -0.192951 0.980906
    outer loop
      vertex 0.41886 -2.19575 27.3752
      vertex 0.101867 -1.61914 27.4965
      vertex 0.140358 -2.23093 27.3752
    endloop
  endfacet
  facet normal 0.127358 -0.00801248 0.991824
    outer loop
      vertex 0.983751 0 27.5785
      vertex 0.975994 -0.123297 27.5785
      vertex 1.60955 -0.203333 27.4965
    endloop
  endfacet
  facet normal 0.0630141 -0.00396442 0.998005
    outer loop
      vertex 0.983751 0 27.5785
      vertex 0.32965 0 27.6198
      vertex 0.975994 -0.123297 27.5785
    endloop
  endfacet
  facet normal 0.240244 -0.113053 0.964107
    outer loop
      vertex 2.61555 -1.03557 27.2164
      vertex 1.95884 -1.07688 27.3752
      vertex 2.46513 -1.35522 27.2164
    endloop
  endfacet
  facet normal 0.240244 -0.113058 0.964106
    outer loop
      vertex 2.07837 -0.822884 27.3752
      vertex 1.95884 -1.07688 27.3752
      vertex 2.61555 -1.03557 27.2164
    endloop
  endfacet
  facet normal -0.184967 -0.0600951 0.980906
    outer loop
      vertex -1.57137 -0.403459 27.4965
      vertex -2.16511 -0.555906 27.3752
      vertex -2.07837 -0.822884 27.3752
    endloop
  endfacet
  facet normal -0.252523 -0.0820438 0.964106
    outer loop
      vertex -2.16511 -0.555906 27.3752
      vertex -2.61555 -1.03557 27.2164
      vertex -2.07837 -0.822884 27.3752
    endloop
  endfacet
  facet normal -0.0983249 -0.0813429 0.991824
    outer loop
      vertex -0.795872 -0.578235 27.5785
      vertex -1.3125 -0.953587 27.4965
      vertex -1.18263 -1.11057 27.4965
    endloop
  endfacet
  facet normal -0.149852 -0.123969 0.980906
    outer loop
      vertex -1.18263 -1.11057 27.4965
      vertex -1.80843 -1.3139 27.3752
      vertex -1.62949 -1.5302 27.3752
    endloop
  endfacet
  facet normal -0.328056 -0.271395 0.904834
    outer loop
      vertex -2.70736 -1.96701 27.0226
      vertex -3.09618 -2.2495 26.7969
      vertex -2.78982 -2.61982 26.7969
    endloop
  endfacet
  facet normal -0.224181 -0.142271 0.964107
    outer loop
      vertex -1.95884 -1.07688 27.3752
      vertex -2.46513 -1.35522 27.2164
      vertex -2.27584 -1.65349 27.2164
    endloop
  endfacet
  facet normal -0.264994 -0.0166705 0.964106
    outer loop
      vertex -2.23534 0 27.3752
      vertex -2.81309 0 27.2164
      vertex -2.79091 -0.352573 27.2164
    endloop
  endfacet
  facet normal -0.264991 -0.0166753 0.964107
    outer loop
      vertex -2.23534 0 27.3752
      vertex -2.79091 -0.352573 27.2164
      vertex -2.21771 -0.280162 27.3752
    endloop
  endfacet
  facet normal 0.228082 -0.576071 0.784933
    outer loop
      vertex 1.80843 -3.84311 26.5429
      vertex 1.42167 -4.37544 26.2646
      vertex 1.95884 -4.16276 26.2646
    endloop
  endfacet
  facet normal 0.228079 -0.57607 0.784935
    outer loop
      vertex 1.80843 -3.84311 26.5429
      vertex 1.3125 -4.03946 26.5429
      vertex 1.42167 -4.37544 26.2646
    endloop
  endfacet
  facet normal 0.190686 -0.48163 0.855378
    outer loop
      vertex 1.62949 -3.46285 26.7969
      vertex 1.18263 -3.63977 26.7969
      vertex 1.80843 -3.84311 26.5429
    endloop
  endfacet
  facet normal 0.249555 -0.453928 0.855378
    outer loop
      vertex 2.05065 -3.23131 26.7969
      vertex 1.62949 -3.46285 26.7969
      vertex 1.80843 -3.84311 26.5429
    endloop
  endfacet
  facet normal 0.0936977 -0.170427 0.980905
    outer loop
      vertex 1.19775 -1.88736 27.3752
      vertex 0.869292 -1.36979 27.4965
      vertex 0.951761 -2.0226 27.3752
    endloop
  endfacet
  facet normal 0 -0.265517 0.964106
    outer loop
      vertex -0.140358 -2.23093 27.3752
      vertex 0.176635 -2.80754 27.2164
      vertex 0.140358 -2.23093 27.3752
    endloop
  endfacet
  facet normal 0 -0.265517 0.964106
    outer loop
      vertex 0.176635 -2.80754 27.2164
      vertex -0.140358 -2.23093 27.3752
      vertex -0.176635 -2.80754 27.2164
    endloop
  endfacet
  facet normal -0.0776531 -0.614697 0.784931
    outer loop
      vertex -0.795872 -4.17211 26.5429
      vertex -0.862068 -4.51912 26.2646
      vertex -0.288875 -4.59153 26.2646
    endloop
  endfacet
  facet normal -0.0776532 -0.614697 0.784931
    outer loop
      vertex -0.266692 -4.23896 26.5429
      vertex -0.795872 -4.17211 26.5429
      vertex -0.288875 -4.59153 26.2646
    endloop
  endfacet
  facet normal -0.0660308 -0.257179 0.964105
    outer loop
      vertex -0.41886 -2.19575 27.3752
      vertex -0.690758 -2.12594 27.3752
      vertex -0.527121 -2.76326 27.2164
    endloop
  endfacet
  facet normal -0.0332757 -0.263427 0.964105
    outer loop
      vertex -0.41886 -2.19575 27.3752
      vertex -0.527121 -2.76326 27.2164
      vertex -0.140358 -2.23093 27.3752
    endloop
  endfacet
  facet normal -0.0660287 -0.257178 0.964106
    outer loop
      vertex -0.690758 -2.12594 27.3752
      vertex -0.869292 -2.67541 27.2164
      vertex -0.527121 -2.76326 27.2164
    endloop
  endfacet
  facet normal -0.0977468 -0.246872 0.964106
    outer loop
      vertex -0.690758 -2.12594 27.3752
      vertex -1.19775 -2.54536 27.2164
      vertex -0.869292 -2.67541 27.2164
    endloop
  endfacet
  facet normal -0.26358 -0.218059 0.939668
    outer loop
      vertex -2.27584 -1.65349 27.2164
      vertex -2.43948 -2.29082 27.0226
      vertex -2.05065 -1.92569 27.2164
    endloop
  endfacet
  facet normal -0.127918 -0.232671 0.964106
    outer loop
      vertex -1.19775 -1.88736 27.3752
      vertex -1.50733 -2.37517 27.2164
      vertex -0.951761 -2.0226 27.3752
    endloop
  endfacet
  facet normal -0.15607 -0.214808 0.964106
    outer loop
      vertex -1.42486 -1.72236 27.3752
      vertex -1.79313 -2.16752 27.2164
      vertex -1.50733 -2.37517 27.2164
    endloop
  endfacet
  facet normal -0.114314 -0.157344 0.980905
    outer loop
      vertex -0.869292 -1.36979 27.4965
      vertex -1.42486 -1.72236 27.3752
      vertex -1.19775 -1.88736 27.3752
    endloop
  endfacet
  facet normal 0.127913 -0.232678 0.964105
    outer loop
      vertex 1.50733 -2.37517 27.2164
      vertex 0.951761 -2.0226 27.3752
      vertex 1.19775 -2.54536 27.2164
    endloop
  endfacet
  facet normal 0.164806 -0.299779 0.939666
    outer loop
      vertex 1.50733 -2.37517 27.2164
      vertex 1.42486 -3.02798 27.0226
      vertex 1.79313 -2.82552 27.0226
    endloop
  endfacet
  facet normal 0.0977468 -0.246872 0.964106
    outer loop
      vertex 1.19775 -2.54536 27.2164
      vertex 0.690758 -2.12594 27.3752
      vertex 0.869292 -2.67541 27.2164
    endloop
  endfacet
  facet normal 0.0469763 -0.118648 0.991824
    outer loop
      vertex 0.690758 -1.46794 27.4965
      vertex 0.41886 -0.890125 27.5785
      vertex 0.50133 -1.54294 27.4965
    endloop
  endfacet
  facet normal -0.30447 -0.419084 0.855375
    outer loop
      vertex -2.43948 -2.94882 26.7969
      vertex -2.70736 -3.27263 26.5429
      vertex -2.05065 -3.23131 26.7969
    endloop
  endfacet
  facet normal -0.304474 -0.419069 0.855381
    outer loop
      vertex -2.05065 -3.23131 26.7969
      vertex -2.70736 -3.27263 26.5429
      vertex -2.27584 -3.58615 26.5429
    endloop
  endfacet
  facet normal 0.181275 -0.706024 0.684594
    outer loop
      vertex 1.42167 -4.37544 26.2646
      vertex 0.862068 -4.51912 26.2646
      vertex 0.914669 -4.79486 25.9663
    endloop
  endfacet
  facet normal 0.181267 -0.70602 0.684601
    outer loop
      vertex 1.42167 -4.37544 26.2646
      vertex 0.914669 -4.79486 25.9663
      vertex 1.50841 -4.64242 25.9663
    endloop
  endfacet
  facet normal -0.117135 -0.927173 0.355849
    outer loop
      vertex -0.952845 -4.99499 25.6528
      vertex -0.975994 -5.11634 25.329
      vertex -0.319293 -5.07503 25.6528
    endloop
  endfacet
  facet normal -0.208645 -0.812621 0.544163
    outer loop
      vertex -0.914669 -4.79486 25.9663
      vertex -1.57137 -4.83618 25.6528
      vertex -0.952845 -4.99499 25.6528
    endloop
  endfacet
  facet normal -0.477395 -0.394937 0.784932
    outer loop
      vertex -3.09618 -2.9075 26.5429
      vertex -3.72197 -2.70417 26.2646
      vertex -3.3537 -3.14933 26.2646
    endloop
  endfacet
  facet normal -0.64645 -0.534789 0.544154
    outer loop
      vertex -3.55833 -3.3415 25.9663
      vertex -4.1139 -2.98892 25.6528
      vertex -3.70685 -3.48096 25.6528
    endloop
  endfacet
  facet normal -0.837751 -0.531642 0.12462
    outer loop
      vertex -4.56433 -2.50926 25.329
      vertex -4.60061 -2.52921 25
      vertex -4.21385 -3.06154 25.329
    endloop
  endfacet
  facet normal -0.679219 -0.723284 0.124589
    outer loop
      vertex -3.79691 -3.56553 25.329
      vertex -3.82708 -3.59387 25
      vertex -3.34648 -4.04519 25
    endloop
  endfacet
  facet normal -0.837747 -0.531655 0.124594
    outer loop
      vertex -4.21385 -3.06154 25.329
      vertex -4.60061 -2.52921 25
      vertex -4.24734 -3.08587 25
    endloop
  endfacet
  facet normal -0.764505 -0.632462 0.124593
    outer loop
      vertex -4.21385 -3.06154 25.329
      vertex -4.24734 -3.08587 25
      vertex -3.82708 -3.59387 25
    endloop
  endfacet
  facet normal 0.659546 -0.310368 0.684596
    outer loop
      vertex 4.27754 -1.6936 26.2646
      vertex 4.03154 -2.21636 26.2646
      vertex 4.53854 -1.79694 25.9663
    endloop
  endfacet
  facet normal 0.560611 -0.263812 0.784932
    outer loop
      vertex 4.27754 -1.6936 26.2646
      vertex 3.72197 -2.04617 26.5429
      vertex 4.03154 -2.21636 26.2646
    endloop
  endfacet
  facet normal 0.477395 -0.394933 0.784934
    outer loop
      vertex 3.43617 -2.49652 26.5429
      vertex 3.09618 -2.9075 26.5429
      vertex 3.72197 -2.70417 26.2646
    endloop
  endfacet
  facet normal 0.523129 -0.331987 0.784934
    outer loop
      vertex 3.72197 -2.04617 26.5429
      vertex 3.43617 -2.49652 26.5429
      vertex 3.72197 -2.70417 26.2646
    endloop
  endfacet
  facet normal -0.0571302 0.0268813 0.998005
    outer loop
      vertex -0.288875 0.15881 27.6198
      vertex -0.914669 0.362143 27.5785
      vertex -0.3065 0.121352 27.6198
    endloop
  endfacet
  facet normal 0 0.0631386 0.998005
    outer loop
      vertex 0.0617695 0.981811 27.5785
      vertex -0.0206985 0.329 27.6198
      vertex 0.0206985 0.329 27.6198
    endloop
  endfacet
  facet normal 0 0.0631386 0.998005
    outer loop
      vertex -0.0206985 0.329 27.6198
      vertex 0.0617695 0.981811 27.5785
      vertex -0.0617695 0.981811 27.5785
    endloop
  endfacet
  facet normal 0.0873559 0.0930236 0.991824
    outer loop
      vertex 1.18263 1.11057 27.4965
      vertex 0.627067 0.757994 27.5785
      vertex 0.717124 0.673424 27.5785
    endloop
  endfacet
  facet normal 0.0750099 0.103238 0.991824
    outer loop
      vertex 0.869292 1.36979 27.4965
      vertex 0.627067 0.757994 27.5785
      vertex 1.03412 1.25003 27.4965
    endloop
  endfacet
  facet normal 0.115466 0.054334 0.991824
    outer loop
      vertex 1.50841 0.597222 27.4965
      vertex 0.862068 0.473926 27.5785
      vertex 0.914669 0.362143 27.5785
    endloop
  endfacet
  facet normal 0.164209 0.104214 0.980905
    outer loop
      vertex 1.95884 1.07688 27.3752
      vertex 1.3125 0.953587 27.4965
      vertex 1.42167 0.781568 27.4965
    endloop
  endfacet
  facet normal -0.0620203 0.0118309 0.998005
    outer loop
      vertex -0.319293 0.0819798 27.6198
      vertex -0.952845 0.244649 27.5785
      vertex -0.32705 0.041316 27.6198
    endloop
  endfacet
  facet normal 0.046976 0.118648 0.991824
    outer loop
      vertex 0.50133 1.54294 27.4965
      vertex 0.303995 0.935603 27.5785
      vertex 0.41886 0.890125 27.5785
    endloop
  endfacet
  facet normal 0.0483648 0.188372 0.980906
    outer loop
      vertex 0.41886 2.19575 27.3752
      vertex 0.303995 1.5936 27.4965
      vertex 0.690758 2.12594 27.3752
    endloop
  endfacet
  facet normal 0.02438 0.192948 0.980906
    outer loop
      vertex 0.41886 2.19575 27.3752
      vertex 0.101867 1.61914 27.4965
      vertex 0.303995 1.5936 27.4965
    endloop
  endfacet
  facet normal -0.0232428 -0.0587049 0.998005
    outer loop
      vertex -0.101867 -0.313516 27.6198
      vertex -0.41886 -0.890125 27.5785
      vertex -0.303995 -0.935603 27.5785
    endloop
  endfacet
  facet normal -0.042879 0.339397 0.939665
    outer loop
      vertex -0.210127 3.33987 27.0226
      vertex -0.527121 2.76326 27.2164
      vertex -0.176635 2.80754 27.2164
    endloop
  endfacet
  facet normal -0.0332806 0.263424 0.964106
    outer loop
      vertex -0.176635 2.80754 27.2164
      vertex -0.527121 2.76326 27.2164
      vertex -0.140358 2.23093 27.3752
    endloop
  endfacet
  facet normal -0.0850721 0.331345 0.939667
    outer loop
      vertex -0.627067 3.2872 27.0226
      vertex -1.03412 3.18269 27.0226
      vertex -0.527121 2.76326 27.2164
    endloop
  endfacet
  facet normal -0.042874 0.339394 0.939667
    outer loop
      vertex -0.210127 3.33987 27.0226
      vertex -0.627067 3.2872 27.0226
      vertex -0.527121 2.76326 27.2164
    endloop
  endfacet
  facet normal -0.0850708 0.331346 0.939666
    outer loop
      vertex -0.527121 2.76326 27.2164
      vertex -1.03412 3.18269 27.0226
      vertex -0.869292 2.67541 27.2164
    endloop
  endfacet
  facet normal -0.205116 0.373096 0.904835
    outer loop
      vertex -1.62949 3.46285 26.7969
      vertex -2.05065 3.23131 26.7969
      vertex -1.42486 3.02798 27.0226
    endloop
  endfacet
  facet normal 0 0.194485 0.980906
    outer loop
      vertex 0.140358 2.23093 27.3752
      vertex -0.101867 1.61914 27.4965
      vertex 0.101867 1.61914 27.4965
    endloop
  endfacet
  facet normal 0 0.194485 0.980906
    outer loop
      vertex -0.101867 1.61914 27.4965
      vertex 0.140358 2.23093 27.3752
      vertex -0.140358 2.23093 27.3752
    endloop
  endfacet
  facet normal -0.127358 0.00801248 0.991824
    outer loop
      vertex -0.975994 0.123297 27.5785
      vertex -1.60955 0.203333 27.4965
      vertex -0.983751 0 27.5785
    endloop
  endfacet
  facet normal -0.0630141 0.00396442 0.998005
    outer loop
      vertex -0.975994 0.123297 27.5785
      vertex -0.983751 0 27.5785
      vertex -0.32965 0 27.6198
    endloop
  endfacet
  facet normal -0.0486487 0.0402465 0.998005
    outer loop
      vertex -0.240304 0.22566 27.6198
      vertex -0.717124 0.673424 27.5785
      vertex -0.266692 0.193763 27.6198
    endloop
  endfacet
  facet normal -0.0533099 -0.0338312 0.998005
    outer loop
      vertex -0.288875 -0.15881 27.6198
      vertex -0.862068 -0.473926 27.5785
      vertex -0.795872 -0.578235 27.5785
    endloop
  endfacet
  facet normal -0.115466 0.054334 0.991824
    outer loop
      vertex -0.862068 0.473926 27.5785
      vertex -1.50841 0.597222 27.4965
      vertex -0.914669 0.362143 27.5785
    endloop
  endfacet
  facet normal -0.0571296 0.0268831 0.998005
    outer loop
      vertex -0.862068 0.473926 27.5785
      vertex -0.914669 0.362143 27.5785
      vertex -0.288875 0.15881 27.6198
    endloop
  endfacet
  facet normal -0.0750099 0.103238 0.991824
    outer loop
      vertex -0.869292 1.36979 27.4965
      vertex -1.03412 1.25003 27.4965
      vertex -0.627067 0.757994 27.5785
    endloop
  endfacet
  facet normal -0.046976 0.118648 0.991824
    outer loop
      vertex -0.303995 0.935603 27.5785
      vertex -0.50133 1.54294 27.4965
      vertex -0.41886 0.890125 27.5785
    endloop
  endfacet
  facet normal -0.252523 0.0820438 0.964106
    outer loop
      vertex -2.07837 0.822884 27.3752
      vertex -2.61555 1.03557 27.2164
      vertex -2.16511 0.555906 27.3752
    endloop
  endfacet
  facet normal -0.184967 0.0600951 0.980906
    outer loop
      vertex -2.07837 0.822884 27.3752
      vertex -2.16511 0.555906 27.3752
      vertex -1.57137 0.403459 27.4965
    endloop
  endfacet
  facet normal -0.0983249 0.0813429 0.991824
    outer loop
      vertex -1.18263 1.11057 27.4965
      vertex -1.3125 0.953587 27.4965
      vertex -0.795872 0.578235 27.5785
    endloop
  endfacet
  facet normal -0.149851 0.12397 0.980906
    outer loop
      vertex -1.18263 1.11057 27.4965
      vertex -1.80843 1.3139 27.3752
      vertex -1.3125 0.953587 27.4965
    endloop
  endfacet
  facet normal -0.0983253 0.0813426 0.991824
    outer loop
      vertex -0.717124 0.673424 27.5785
      vertex -1.18263 1.11057 27.4965
      vertex -0.795872 0.578235 27.5785
    endloop
  endfacet
  facet normal -0.0304167 0.0553291 0.998005
    outer loop
      vertex -0.140358 0.298276 27.6198
      vertex -0.41886 0.890125 27.5785
      vertex -0.176635 0.278333 27.6198
    endloop
  endfacet
  facet normal -0.0936977 0.170427 0.980905
    outer loop
      vertex -0.951761 2.0226 27.3752
      vertex -1.19775 1.88736 27.3752
      vertex -0.869292 1.36979 27.4965
    endloop
  endfacet
  facet normal -0.0936936 0.170428 0.980906
    outer loop
      vertex -0.690758 1.46794 27.4965
      vertex -0.951761 2.0226 27.3752
      vertex -0.869292 1.36979 27.4965
    endloop
  endfacet
  facet normal 0.042874 0.339394 0.939667
    outer loop
      vertex 0.627067 3.2872 27.0226
      vertex 0.210127 3.33987 27.0226
      vertex 0.527121 2.76326 27.2164
    endloop
  endfacet
  facet normal 0.05336 0.422402 0.904836
    outer loop
      vertex 0.717124 3.7593 26.7969
      vertex 0.210127 3.33987 27.0226
      vertex 0.627067 3.2872 27.0226
    endloop
  endfacet
  facet normal 0 0.518003 0.855379
    outer loop
      vertex 0.266692 4.23896 26.5429
      vertex -0.240304 3.81953 26.7969
      vertex 0.240304 3.81953 26.7969
    endloop
  endfacet
  facet normal 0 0.518003 0.855379
    outer loop
      vertex -0.240304 3.81953 26.7969
      vertex 0.266692 4.23896 26.5429
      vertex -0.266692 4.23896 26.5429
    endloop
  endfacet
  facet normal -0.25026 0.344449 0.904834
    outer loop
      vertex -2.05065 3.23131 26.7969
      vertex -2.13312 2.5785 27.0226
      vertex -1.79313 2.82552 27.0226
    endloop
  endfacet
  facet normal -0.288837 0.1833 0.939667
    outer loop
      vertex -2.70736 1.96701 27.0226
      vertex -2.93254 1.61218 27.0226
      vertex -2.27584 1.65349 27.2164
    endloop
  endfacet
  facet normal -0.263585 0.218057 0.939667
    outer loop
      vertex -2.43948 2.29082 27.0226
      vertex -2.70736 1.96701 27.0226
      vertex -2.27584 1.65349 27.2164
    endloop
  endfacet
  facet normal -0.204585 0.169248 0.964106
    outer loop
      vertex -1.62949 1.5302 27.3752
      vertex -2.27584 1.65349 27.2164
      vertex -1.80843 1.3139 27.3752
    endloop
  endfacet
  facet normal -0.156063 0.214809 0.964106
    outer loop
      vertex -1.19775 1.88736 27.3752
      vertex -1.50733 2.37517 27.2164
      vertex -1.42486 1.72236 27.3752
    endloop
  endfacet
  facet normal -0.114314 0.157344 0.980905
    outer loop
      vertex -1.19775 1.88736 27.3752
      vertex -1.42486 1.72236 27.3752
      vertex -0.869292 1.36979 27.4965
    endloop
  endfacet
  facet normal -0.164806 0.299779 0.939666
    outer loop
      vertex -1.42486 3.02798 27.0226
      vertex -1.79313 2.82552 27.0226
      vertex -1.50733 2.37517 27.2164
    endloop
  endfacet
  facet normal -0.164802 0.299779 0.939666
    outer loop
      vertex -1.42486 3.02798 27.0226
      vertex -1.50733 2.37517 27.2164
      vertex -1.19775 2.54536 27.2164
    endloop
  endfacet
  facet normal -0.250247 0.344449 0.904838
    outer loop
      vertex -2.05065 3.23131 26.7969
      vertex -2.43948 2.94882 26.7969
      vertex -2.13312 2.5785 27.0226
    endloop
  endfacet
  facet normal -0.291454 0.310359 0.904838
    outer loop
      vertex -2.43948 2.94882 26.7969
      vertex -2.78982 2.61982 26.7969
      vertex -2.13312 2.5785 27.0226
    endloop
  endfacet
  facet normal 0.549307 0.75606 0.355859
    outer loop
      vertex 3.32009 4.0133 25.329
      vertex 2.79091 4.39777 25.329
      vertex 3.24134 3.91811 25.6528
    endloop
  endfacet
  facet normal 0.493141 0.678758 0.544151
    outer loop
      vertex 2.72471 4.29346 25.6528
      vertex 2.61555 4.12144 25.9663
      vertex 3.24134 3.91811 25.6528
    endloop
  endfacet
  facet normal 0.639741 0.681245 0.35586
    outer loop
      vertex 3.32009 4.0133 25.329
      vertex 3.24134 3.91811 25.6528
      vertex 3.79691 3.56553 25.329
    endloop
  endfacet
  facet normal 0.124355 0.984382 0.124614
    outer loop
      vertex 0.32965 5.23964 25
      vertex 0.32705 5.19832 25.329
      vertex 0.975994 5.11634 25.329
    endloop
  endfacet
  facet normal 0.117129 0.927179 0.355838
    outer loop
      vertex 0.32705 5.19832 25.329
      vertex 0.319293 5.07503 25.6528
      vertex 0.975994 5.11634 25.329
    endloop
  endfacet
  facet normal 0.364185 0.501254 0.784929
    outer loop
      vertex 2.46513 3.88442 26.2646
      vertex 2.27584 3.58615 26.5429
      vertex 2.70736 3.27263 26.5429
    endloop
  endfacet
  facet normal 0.364178 0.501253 0.784933
    outer loop
      vertex 2.93254 3.54483 26.2646
      vertex 2.46513 3.88442 26.2646
      vertex 2.70736 3.27263 26.5429
    endloop
  endfacet
  facet normal 0.477998 0.869477 0.124613
    outer loop
      vertex 2.23534 4.75034 25
      vertex 2.21771 4.71288 25.329
      vertex 2.81309 4.43272 25
    endloop
  endfacet
  facet normal 0.268329 0.677731 0.684603
    outer loop
      vertex 2.07837 4.41676 25.9663
      vertex 1.50841 4.64242 25.9663
      vertex 1.95884 4.16276 26.2646
    endloop
  endfacet
  facet normal 0.232412 0.905183 0.355848
    outer loop
      vertex 1.60955 4.95367 25.329
      vertex 0.975994 5.11634 25.329
      vertex 1.57137 4.83618 25.6528
    endloop
  endfacet
  facet normal 0.232411 0.905183 0.355849
    outer loop
      vertex 0.975994 5.11634 25.329
      vertex 0.952845 4.99499 25.6528
      vertex 1.57137 4.83618 25.6528
    endloop
  endfacet
  facet normal 0.181761 0.193556 0.964105
    outer loop
      vertex 2.05065 1.92569 27.2164
      vertex 1.42486 1.72236 27.3752
      vertex 1.62949 1.5302 27.3752
    endloop
  endfacet
  facet normal 0.204584 0.169252 0.964105
    outer loop
      vertex 2.05065 1.92569 27.2164
      vertex 1.62949 1.5302 27.3752
      vertex 2.27584 1.65349 27.2164
    endloop
  endfacet
  facet normal -0.943647 0.3066 0.124605
    outer loop
      vertex -4.84284 1.91741 25.329
      vertex -5.08506 1.30562 25
      vertex -5.04496 1.29533 25.329
    endloop
  endfacet
  facet normal -0.404923 -0.131571 0.904835
    outer loop
      vertex -3.24134 -0.832234 27.0226
      vertex -3.70685 -0.951756 26.7969
      vertex -3.55833 -1.40884 26.7969
    endloop
  endfacet
  facet normal -0.41822 -0.0797823 0.904835
    outer loop
      vertex -3.24134 -0.832234 27.0226
      vertex -3.79691 -0.47966 26.7969
      vertex -3.70685 -0.951756 26.7969
    endloop
  endfacet
  facet normal -0.385245 -0.181279 0.904834
    outer loop
      vertex -2.93254 -1.61218 27.0226
      vertex -3.55833 -1.40884 26.7969
      vertex -3.3537 -1.84371 26.7969
    endloop
  endfacet
  facet normal -0.46871 -0.220554 0.855375
    outer loop
      vertex -3.55833 -1.40884 26.7969
      vertex -3.72197 -2.04617 26.5429
      vertex -3.3537 -1.84371 26.7969
    endloop
  endfacet
  facet normal -0.516986 0.0325246 0.855376
    outer loop
      vertex -4.21385 0.532332 26.5429
      vertex -4.24734 0 26.5429
      vertex -3.79691 0.47966 26.7969
    endloop
  endfacet
  facet normal -0.508832 0.0970684 0.855376
    outer loop
      vertex -4.1139 1.05627 26.5429
      vertex -4.21385 0.532332 26.5429
      vertex -3.79691 0.47966 26.7969
    endloop
  endfacet
  facet normal -0.727477 -0.0457682 0.684604
    outer loop
      vertex -4.60061 0 26.2646
      vertex -4.88133 0 25.9663
      vertex -4.84284 -0.611792 25.9663
    endloop
  endfacet
  facet normal -0.727472 -0.0457723 0.684609
    outer loop
      vertex -4.60061 0 26.2646
      vertex -4.84284 -0.611792 25.9663
      vertex -4.56433 -0.576609 26.2646
    endloop
  endfacet
  facet normal -0.608609 -0.116102 0.78493
    outer loop
      vertex -4.21385 -0.532332 26.5429
      vertex -4.56433 -0.576609 26.2646
      vertex -4.1139 -1.05627 26.5429
    endloop
  endfacet
  facet normal -0.508832 -0.0970684 0.855376
    outer loop
      vertex -3.79691 -0.47966 26.7969
      vertex -4.21385 -0.532332 26.5429
      vertex -4.1139 -1.05627 26.5429
    endloop
  endfacet
  facet normal -0.127913 -0.232678 0.964105
    outer loop
      vertex -0.951761 -2.0226 27.3752
      vertex -1.50733 -2.37517 27.2164
      vertex -1.19775 -2.54536 27.2164
    endloop
  endfacet
  facet normal -0.205115 -0.373099 0.904834
    outer loop
      vertex -1.79313 -2.82552 27.0226
      vertex -2.05065 -3.23131 26.7969
      vertex -1.42486 -3.02798 27.0226
    endloop
  endfacet
  facet normal -0.234177 -0.24937 0.939668
    outer loop
      vertex -2.05065 -1.92569 27.2164
      vertex -2.43948 -2.29082 27.0226
      vertex -1.79313 -2.16752 27.2164
    endloop
  endfacet
  facet normal -0.181761 -0.193556 0.964105
    outer loop
      vertex -1.62949 -1.5302 27.3752
      vertex -2.05065 -1.92569 27.2164
      vertex -1.42486 -1.72236 27.3752
    endloop
  endfacet
  facet normal -0.477395 -0.394933 0.784934
    outer loop
      vertex -3.43617 -2.49652 26.5429
      vertex -3.72197 -2.70417 26.2646
      vertex -3.09618 -2.9075 26.5429
    endloop
  endfacet
  facet normal -0.523129 -0.331987 0.784934
    outer loop
      vertex -3.72197 -2.04617 26.5429
      vertex -3.72197 -2.70417 26.2646
      vertex -3.43617 -2.49652 26.5429
    endloop
  endfacet
  facet normal -0.0649169 0.513925 0.855375
    outer loop
      vertex -0.240304 3.81953 26.7969
      vertex -0.795872 4.17211 26.5429
      vertex -0.717124 3.7593 26.7969
    endloop
  endfacet
  facet normal -0.0533566 0.422406 0.904835
    outer loop
      vertex -0.240304 3.81953 26.7969
      vertex -0.717124 3.7593 26.7969
      vertex -0.210127 3.33987 27.0226
    endloop
  endfacet
  facet normal -0.128824 0.501728 0.855379
    outer loop
      vertex -0.795872 4.17211 26.5429
      vertex -1.3125 4.03946 26.5429
      vertex -1.18263 3.63977 26.7969
    endloop
  endfacet
  facet normal -0.190687 0.481628 0.855379
    outer loop
      vertex -1.3125 4.03946 26.5429
      vertex -1.80843 3.84311 26.5429
      vertex -1.18263 3.63977 26.7969
    endloop
  endfacet
  facet normal -0.720075 0.595697 0.355862
    outer loop
      vertex -3.79691 3.56553 25.329
      vertex -4.1139 2.98892 25.6528
      vertex -3.70685 3.48096 25.6528
    endloop
  endfacet
  facet normal -0.64645 0.534789 0.544154
    outer loop
      vertex -3.70685 3.48096 25.6528
      vertex -4.1139 2.98892 25.6528
      vertex -3.55833 3.3415 25.9663
    endloop
  endfacet
  facet normal -0.549304 0.75606 0.355863
    outer loop
      vertex -2.79091 4.39777 25.329
      vertex -3.24134 3.91811 25.6528
      vertex -2.72471 4.29346 25.6528
    endloop
  endfacet
  facet normal -0.450214 0.818944 0.355862
    outer loop
      vertex -2.16511 4.6011 25.6528
      vertex -2.79091 4.39777 25.329
      vertex -2.72471 4.29346 25.6528
    endloop
  endfacet
  facet normal -0.477998 0.869477 0.124613
    outer loop
      vertex -2.23534 4.75034 25
      vertex -2.81309 4.43272 25
      vertex -2.21771 4.71288 25.329
    endloop
  endfacet
  facet normal -0.365263 0.922526 0.124612
    outer loop
      vertex -1.62234 4.99305 25
      vertex -2.23534 4.75034 25
      vertex -2.21771 4.71288 25.329
    endloop
  endfacet
  facet normal 0.516986 -0.0325246 0.855376
    outer loop
      vertex 4.24734 0 26.5429
      vertex 3.79691 -0.47966 26.7969
      vertex 4.21385 -0.532332 26.5429
    endloop
  endfacet
  facet normal 0.516981 -0.0325174 0.855379
    outer loop
      vertex 3.82708 0 26.7969
      vertex 3.79691 -0.47966 26.7969
      vertex 4.24734 0 26.5429
    endloop
  endfacet
  facet normal 0.268329 -0.677731 0.684603
    outer loop
      vertex 1.95884 -4.16276 26.2646
      vertex 1.50841 -4.64242 25.9663
      vertex 2.07837 -4.41676 25.9663
    endloop
  endfacet
  facet normal 0.35116 -0.638752 0.684604
    outer loop
      vertex 2.61555 -4.12144 25.9663
      vertex 1.95884 -4.16276 26.2646
      vertex 2.07837 -4.41676 25.9663
    endloop
  endfacet
  facet normal 0.0913571 -0.723177 0.684594
    outer loop
      vertex 0.862068 -4.51912 26.2646
      vertex 0.288875 -4.59153 26.2646
      vertex 0.914669 -4.79486 25.9663
    endloop
  endfacet
  facet normal 0.0913587 -0.723175 0.684596
    outer loop
      vertex 0.914669 -4.79486 25.9663
      vertex 0.288875 -4.59153 26.2646
      vertex 0.3065 -4.87169 25.9663
    endloop
  endfacet
  facet normal -0.0304173 0.0553289 0.998005
    outer loop
      vertex -0.41886 0.890125 27.5785
      vertex -0.527121 0.830608 27.5785
      vertex -0.176635 0.278333 27.6198
    endloop
  endfacet
  facet normal -0.0620203 -0.0118309 0.998005
    outer loop
      vertex -0.32705 -0.041316 27.6198
      vertex -0.975994 -0.123297 27.5785
      vertex -0.952845 -0.244649 27.5785
    endloop
  endfacet
  facet normal 0 -0.12761 0.991824
    outer loop
      vertex -0.0617695 -0.981811 27.5785
      vertex 0.101867 -1.61914 27.4965
      vertex 0.0617695 -0.981811 27.5785
    endloop
  endfacet
  facet normal 0 -0.12761 0.991824
    outer loop
      vertex 0.101867 -1.61914 27.4965
      vertex -0.0617695 -0.981811 27.5785
      vertex -0.101867 -1.61914 27.4965
    endloop
  endfacet
  facet normal -0.0317362 -0.1236 0.991824
    outer loop
      vertex -0.303995 -0.935603 27.5785
      vertex -0.50133 -1.54294 27.4965
      vertex -0.184337 -0.966327 27.5785
    endloop
  endfacet
  facet normal 0.0371116 0.0510805 0.998005
    outer loop
      vertex 0.527121 0.830608 27.5785
      vertex 0.176635 0.278333 27.6198
      vertex 0.210127 0.254 27.6198
    endloop
  endfacet
  facet normal 0.0432228 -0.0460245 0.998005
    outer loop
      vertex 0.240304 -0.22566 27.6198
      vertex 0.210127 -0.254 27.6198
      vertex 0.717124 -0.673424 27.5785
    endloop
  endfacet
  facet normal 0.0432216 -0.0460259 0.998005
    outer loop
      vertex 0.717124 -0.673424 27.5785
      vertex 0.210127 -0.254 27.6198
      vertex 0.627067 -0.757994 27.5785
    endloop
  endfacet
  facet normal -0.0750064 -0.103239 0.991824
    outer loop
      vertex -0.627067 -0.757994 27.5785
      vertex -0.869292 -1.36979 27.4965
      vertex -0.527121 -0.830608 27.5785
    endloop
  endfacet
  facet normal -0.133133 -0.141773 0.980906
    outer loop
      vertex -1.18263 -1.11057 27.4965
      vertex -1.42486 -1.72236 27.3752
      vertex -1.03412 -1.25003 27.4965
    endloop
  endfacet
  facet normal 0.0232433 -0.0587046 0.998005
    outer loop
      vertex 0.140358 -0.298276 27.6198
      vertex 0.101867 -0.313516 27.6198
      vertex 0.41886 -0.890125 27.5785
    endloop
  endfacet
  facet normal 0.0157025 -0.0611549 0.998005
    outer loop
      vertex 0.303995 -0.935603 27.5785
      vertex 0.101867 -0.313516 27.6198
      vertex 0.184337 -0.966327 27.5785
    endloop
  endfacet
  facet normal 0.0571296 -0.0268831 0.998005
    outer loop
      vertex 0.914669 -0.362143 27.5785
      vertex 0.288875 -0.15881 27.6198
      vertex 0.862068 -0.473926 27.5785
    endloop
  endfacet
  facet normal 0.12535 -0.0239117 0.991824
    outer loop
      vertex 0.975994 -0.123297 27.5785
      vertex 0.952845 -0.244649 27.5785
      vertex 1.57137 -0.403459 27.4965
    endloop
  endfacet
  facet normal 0.0157015 -0.0611551 0.998005
    outer loop
      vertex 0.101867 -0.313516 27.6198
      vertex 0.0617695 -0.323811 27.6198
      vertex 0.184337 -0.966327 27.5785
    endloop
  endfacet
  facet normal 0.0371116 -0.0510805 0.998005
    outer loop
      vertex 0.627067 -0.757994 27.5785
      vertex 0.210127 -0.254 27.6198
      vertex 0.527121 -0.830608 27.5785
    endloop
  endfacet
  facet normal 0.121365 -0.0394337 0.991824
    outer loop
      vertex 0.952845 -0.244649 27.5785
      vertex 0.914669 -0.362143 27.5785
      vertex 1.57137 -0.403459 27.4965
    endloop
  endfacet
  facet normal 0.0630139 -0.00396544 0.998005
    outer loop
      vertex 0.32965 0 27.6198
      vertex 0.32705 -0.041316 27.6198
      vertex 0.975994 -0.123297 27.5785
    endloop
  endfacet
  facet normal 0.115466 -0.054334 0.991824
    outer loop
      vertex 0.914669 -0.362143 27.5785
      vertex 0.862068 -0.473926 27.5785
      vertex 1.50841 -0.597222 27.4965
    endloop
  endfacet
  facet normal 0.0533099 -0.0338312 0.998005
    outer loop
      vertex 0.862068 -0.473926 27.5785
      vertex 0.288875 -0.15881 27.6198
      vertex 0.795872 -0.578235 27.5785
    endloop
  endfacet
  facet normal -0.0936977 -0.170427 0.980905
    outer loop
      vertex -0.869292 -1.36979 27.4965
      vertex -1.19775 -1.88736 27.3752
      vertex -0.951761 -2.0226 27.3752
    endloop
  endfacet
  facet normal -0.0936936 -0.170428 0.980906
    outer loop
      vertex -0.869292 -1.36979 27.4965
      vertex -0.951761 -2.0226 27.3752
      vertex -0.690758 -1.46794 27.4965
    endloop
  endfacet
  facet normal -0.164211 -0.104206 0.980906
    outer loop
      vertex -1.3125 -0.953587 27.4965
      vertex -1.95884 -1.07688 27.3752
      vertex -1.80843 -1.3139 27.3752
    endloop
  endfacet
  facet normal -0.0486487 -0.0402465 0.998005
    outer loop
      vertex -0.266692 -0.193763 27.6198
      vertex -0.717124 -0.673424 27.5785
      vertex -0.240304 -0.22566 27.6198
    endloop
  endfacet
  facet normal -0.115467 -0.0543303 0.991824
    outer loop
      vertex -0.862068 -0.473926 27.5785
      vertex -1.50841 -0.597222 27.4965
      vertex -1.42167 -0.781568 27.4965
    endloop
  endfacet
  facet normal -0.17598 -0.0828034 0.980905
    outer loop
      vertex -1.50841 -0.597222 27.4965
      vertex -1.95884 -1.07688 27.3752
      vertex -1.42167 -0.781568 27.4965
    endloop
  endfacet
  facet normal -0.19104 0.0364422 0.980905
    outer loop
      vertex -2.16511 0.555906 27.3752
      vertex -2.21771 0.280162 27.3752
      vertex -1.57137 0.403459 27.4965
    endloop
  endfacet
  facet normal -0.260812 0.0497517 0.964107
    outer loop
      vertex -2.16511 0.555906 27.3752
      vertex -2.79091 0.352573 27.2164
      vertex -2.21771 0.280162 27.3752
    endloop
  endfacet
  facet normal 0.0660308 -0.257179 0.964105
    outer loop
      vertex 0.690758 -2.12594 27.3752
      vertex 0.41886 -2.19575 27.3752
      vertex 0.527121 -2.76326 27.2164
    endloop
  endfacet
  facet normal 0 -0.342095 0.939666
    outer loop
      vertex -0.176635 -2.80754 27.2164
      vertex 0.210127 -3.33987 27.0226
      vertex 0.176635 -2.80754 27.2164
    endloop
  endfacet
  facet normal 0 -0.342095 0.939666
    outer loop
      vertex 0.210127 -3.33987 27.0226
      vertex -0.176635 -2.80754 27.2164
      vertex -0.210127 -3.33987 27.0226
    endloop
  endfacet
  facet normal 0.05336 -0.422402 0.904836
    outer loop
      vertex 0.627067 -3.2872 27.0226
      vertex 0.210127 -3.33987 27.0226
      vertex 0.717124 -3.7593 26.7969
    endloop
  endfacet
  facet normal 0.02438 -0.192948 0.980906
    outer loop
      vertex 0.303995 -1.5936 27.4965
      vertex 0.101867 -1.61914 27.4965
      vertex 0.41886 -2.19575 27.3752
    endloop
  endfacet
  facet normal 0.0332806 -0.263424 0.964106
    outer loop
      vertex 0.527121 -2.76326 27.2164
      vertex 0.140358 -2.23093 27.3752
      vertex 0.176635 -2.80754 27.2164
    endloop
  endfacet
  facet normal -0.154087 -0.600117 0.784931
    outer loop
      vertex -0.795872 -4.17211 26.5429
      vertex -1.3125 -4.03946 26.5429
      vertex -0.862068 -4.51912 26.2646
    endloop
  endfacet
  facet normal -0.128824 -0.501728 0.855379
    outer loop
      vertex -1.18263 -3.63977 26.7969
      vertex -1.3125 -4.03946 26.5429
      vertex -0.795872 -4.17211 26.5429
    endloop
  endfacet
  facet normal -0.288837 -0.1833 0.939667
    outer loop
      vertex -2.27584 -1.65349 27.2164
      vertex -2.93254 -1.61218 27.0226
      vertex -2.70736 -1.96701 27.0226
    endloop
  endfacet
  facet normal -0.359486 -0.228135 0.904834
    outer loop
      vertex -2.93254 -1.61218 27.0226
      vertex -3.09618 -2.2495 26.7969
      vertex -2.70736 -1.96701 27.0226
    endloop
  endfacet
  facet normal 0.114318 -0.157338 0.980906
    outer loop
      vertex 1.03412 -1.25003 27.4965
      vertex 0.869292 -1.36979 27.4965
      vertex 1.42486 -1.72236 27.3752
    endloop
  endfacet
  facet normal 0.133133 -0.141773 0.980906
    outer loop
      vertex 1.62949 -1.5302 27.3752
      vertex 1.18263 -1.11057 27.4965
      vertex 1.42486 -1.72236 27.3752
    endloop
  endfacet
  facet normal 0.0850708 -0.331346 0.939666
    outer loop
      vertex 0.869292 -2.67541 27.2164
      vertex 0.527121 -2.76326 27.2164
      vertex 1.03412 -3.18269 27.0226
    endloop
  endfacet
  facet normal 0.125936 -0.318068 0.939666
    outer loop
      vertex 1.42486 -3.02798 27.0226
      vertex 0.869292 -2.67541 27.2164
      vertex 1.03412 -3.18269 27.0226
    endloop
  endfacet
  facet normal 0.0715954 -0.180827 0.980906
    outer loop
      vertex 0.690758 -1.46794 27.4965
      vertex 0.690758 -2.12594 27.3752
      vertex 0.951761 -2.0226 27.3752
    endloop
  endfacet
  facet normal 0.0936936 -0.170428 0.980906
    outer loop
      vertex 0.869292 -1.36979 27.4965
      vertex 0.690758 -1.46794 27.4965
      vertex 0.951761 -2.0226 27.3752
    endloop
  endfacet
  facet normal 0.0317362 -0.1236 0.991824
    outer loop
      vertex 0.303995 -0.935603 27.5785
      vertex 0.184337 -0.966327 27.5785
      vertex 0.50133 -1.54294 27.4965
    endloop
  endfacet
  facet normal 0.046976 -0.118648 0.991824
    outer loop
      vertex 0.41886 -0.890125 27.5785
      vertex 0.303995 -0.935603 27.5785
      vertex 0.50133 -1.54294 27.4965
    endloop
  endfacet
  facet normal -0.364185 -0.501254 0.784929
    outer loop
      vertex -2.27584 -3.58615 26.5429
      vertex -2.70736 -3.27263 26.5429
      vertex -2.46513 -3.88442 26.2646
    endloop
  endfacet
  facet normal -0.249547 -0.453926 0.855381
    outer loop
      vertex -2.05065 -3.23131 26.7969
      vertex -2.27584 -3.58615 26.5429
      vertex -1.80843 -3.84311 26.5429
    endloop
  endfacet
  facet normal -0.25026 -0.344449 0.904834
    outer loop
      vertex -1.79313 -2.82552 27.0226
      vertex -2.13312 -2.5785 27.0226
      vertex -2.05065 -3.23131 26.7969
    endloop
  endfacet
  facet normal -0.250247 -0.344449 0.904838
    outer loop
      vertex -2.13312 -2.5785 27.0226
      vertex -2.43948 -2.94882 26.7969
      vertex -2.05065 -3.23131 26.7969
    endloop
  endfacet
  facet normal 0.105157 -0.832363 0.544164
    outer loop
      vertex 0.914669 -4.79486 25.9663
      vertex 0.319293 -5.07503 25.6528
      vertex 0.952845 -4.99499 25.6528
    endloop
  endfacet
  facet normal 0.105152 -0.83236 0.54417
    outer loop
      vertex 0.914669 -4.79486 25.9663
      vertex 0.3065 -4.87169 25.9663
      vertex 0.319293 -5.07503 25.6528
    endloop
  endfacet
  facet normal -0.679218 -0.723284 0.12459
    outer loop
      vertex -3.32009 -4.0133 25.329
      vertex -3.79691 -3.56553 25.329
      vertex -3.34648 -4.04519 25
    endloop
  endfacet
  facet normal -0.639741 -0.681245 0.35586
    outer loop
      vertex -3.24134 -3.91811 25.6528
      vertex -3.79691 -3.56553 25.329
      vertex -3.32009 -4.0133 25.329
    endloop
  endfacet
  facet normal 0.0600483 -0.0195112 0.998005
    outer loop
      vertex 0.319293 -0.0819798 27.6198
      vertex 0.3065 -0.121352 27.6198
      vertex 0.952845 -0.244649 27.5785
    endloop
  endfacet
  facet normal 0.0432216 0.0460259 0.998005
    outer loop
      vertex 0.627067 0.757994 27.5785
      vertex 0.210127 0.254 27.6198
      vertex 0.717124 0.673424 27.5785
    endloop
  endfacet
  facet normal 0.133133 0.141773 0.980906
    outer loop
      vertex 1.42486 1.72236 27.3752
      vertex 1.03412 1.25003 27.4965
      vertex 1.18263 1.11057 27.4965
    endloop
  endfacet
  facet normal 0.114318 0.157338 0.980906
    outer loop
      vertex 1.42486 1.72236 27.3752
      vertex 0.869292 1.36979 27.4965
      vertex 1.03412 1.25003 27.4965
    endloop
  endfacet
  facet normal 0.240244 0.113053 0.964107
    outer loop
      vertex 2.46513 1.35522 27.2164
      vertex 1.95884 1.07688 27.3752
      vertex 2.61555 1.03557 27.2164
    endloop
  endfacet
  facet normal 0.224181 0.142271 0.964107
    outer loop
      vertex 2.27584 1.65349 27.2164
      vertex 1.95884 1.07688 27.3752
      vertex 2.46513 1.35522 27.2164
    endloop
  endfacet
  facet normal 0.107744 0.0683783 0.991824
    outer loop
      vertex 1.3125 0.953587 27.4965
      vertex 0.862068 0.473926 27.5785
      vertex 1.42167 0.781568 27.4965
    endloop
  endfacet
  facet normal 0.107745 0.0683767 0.991824
    outer loop
      vertex 1.3125 0.953587 27.4965
      vertex 0.795872 0.578235 27.5785
      vertex 0.862068 0.473926 27.5785
    endloop
  endfacet
  facet normal 0.0317314 0.123603 0.991824
    outer loop
      vertex 0.303995 1.5936 27.4965
      vertex 0.184337 0.966327 27.5785
      vertex 0.50133 1.54294 27.4965
    endloop
  endfacet
  facet normal 0.0159971 0.126604 0.991824
    outer loop
      vertex 0.303995 1.5936 27.4965
      vertex 0.101867 1.61914 27.4965
      vertex 0.184337 0.966327 27.5785
    endloop
  endfacet
  facet normal -0.04836 0.188376 0.980906
    outer loop
      vertex -0.303995 1.5936 27.4965
      vertex -0.690758 2.12594 27.3752
      vertex -0.50133 1.54294 27.4965
    endloop
  endfacet
  facet normal -0.0317362 0.1236 0.991824
    outer loop
      vertex -0.184337 0.966327 27.5785
      vertex -0.50133 1.54294 27.4965
      vertex -0.303995 0.935603 27.5785
    endloop
  endfacet
  facet normal 0.0533088 -0.0338325 0.998005
    outer loop
      vertex 0.288875 -0.15881 27.6198
      vertex 0.266692 -0.193763 27.6198
      vertex 0.795872 -0.578235 27.5785
    endloop
  endfacet
  facet normal 0 0.265517 0.964106
    outer loop
      vertex 0.176635 2.80754 27.2164
      vertex -0.140358 2.23093 27.3752
      vertex 0.140358 2.23093 27.3752
    endloop
  endfacet
  facet normal 0 0.265517 0.964106
    outer loop
      vertex -0.140358 2.23093 27.3752
      vertex 0.176635 2.80754 27.2164
      vertex -0.176635 2.80754 27.2164
    endloop
  endfacet
  facet normal -0.0332757 0.263427 0.964105
    outer loop
      vertex -0.140358 2.23093 27.3752
      vertex -0.527121 2.76326 27.2164
      vertex -0.41886 2.19575 27.3752
    endloop
  endfacet
  facet normal -0.0660308 0.257179 0.964105
    outer loop
      vertex -0.527121 2.76326 27.2164
      vertex -0.690758 2.12594 27.3752
      vertex -0.41886 2.19575 27.3752
    endloop
  endfacet
  facet normal -0.127358 -0.00801106 0.991824
    outer loop
      vertex -0.983751 0 27.5785
      vertex -1.62234 0 27.4965
      vertex -1.60955 -0.203333 27.4965
    endloop
  endfacet
  facet normal -0.127358 -0.00801248 0.991824
    outer loop
      vertex -0.983751 0 27.5785
      vertex -1.60955 -0.203333 27.4965
      vertex -0.975994 -0.123297 27.5785
    endloop
  endfacet
  facet normal -0.0600484 0.0195108 0.998005
    outer loop
      vertex -0.914669 0.362143 27.5785
      vertex -0.952845 0.244649 27.5785
      vertex -0.3065 0.121352 27.6198
    endloop
  endfacet
  facet normal -0.121365 0.0394337 0.991824
    outer loop
      vertex -0.914669 0.362143 27.5785
      vertex -1.57137 0.403459 27.4965
      vertex -0.952845 0.244649 27.5785
    endloop
  endfacet
  facet normal -0.164209 0.104214 0.980905
    outer loop
      vertex -1.3125 0.953587 27.4965
      vertex -1.95884 1.07688 27.3752
      vertex -1.42167 0.781568 27.4965
    endloop
  endfacet
  facet normal -0.17598 0.0828034 0.980905
    outer loop
      vertex -1.42167 0.781568 27.4965
      vertex -1.95884 1.07688 27.3752
      vertex -1.50841 0.597222 27.4965
    endloop
  endfacet
  facet normal -0.0614765 0.111825 0.991824
    outer loop
      vertex -0.690758 1.46794 27.4965
      vertex -0.869292 1.36979 27.4965
      vertex -0.41886 0.890125 27.5785
    endloop
  endfacet
  facet normal -0.127918 0.232671 0.964106
    outer loop
      vertex -0.951761 2.0226 27.3752
      vertex -1.50733 2.37517 27.2164
      vertex -1.19775 1.88736 27.3752
    endloop
  endfacet
  facet normal -0.133133 0.141773 0.980906
    outer loop
      vertex -1.03412 1.25003 27.4965
      vertex -1.42486 1.72236 27.3752
      vertex -1.18263 1.11057 27.4965
    endloop
  endfacet
  facet normal -0.0873555 0.0930243 0.991824
    outer loop
      vertex -1.03412 1.25003 27.4965
      vertex -1.18263 1.11057 27.4965
      vertex -0.627067 0.757994 27.5785
    endloop
  endfacet
  facet normal -0.0614764 0.111825 0.991824
    outer loop
      vertex -0.41886 0.890125 27.5785
      vertex -0.869292 1.36979 27.4965
      vertex -0.527121 0.830608 27.5785
    endloop
  endfacet
  facet normal -0.0750064 0.103239 0.991824
    outer loop
      vertex -0.527121 0.830608 27.5785
      vertex -0.869292 1.36979 27.4965
      vertex -0.627067 0.757994 27.5785
    endloop
  endfacet
  facet normal -0.0469763 0.118648 0.991824
    outer loop
      vertex -0.50133 1.54294 27.4965
      vertex -0.690758 1.46794 27.4965
      vertex -0.41886 0.890125 27.5785
    endloop
  endfacet
  facet normal -0.0715944 0.180827 0.980906
    outer loop
      vertex -0.690758 2.12594 27.3752
      vertex -0.690758 1.46794 27.4965
      vertex -0.50133 1.54294 27.4965
    endloop
  endfacet
  facet normal 0.0850721 0.331345 0.939667
    outer loop
      vertex 0.627067 3.2872 27.0226
      vertex 0.527121 2.76326 27.2164
      vertex 1.03412 3.18269 27.0226
    endloop
  endfacet
  facet normal 0.0850708 0.331346 0.939666
    outer loop
      vertex 1.03412 3.18269 27.0226
      vertex 0.527121 2.76326 27.2164
      vertex 0.869292 2.67541 27.2164
    endloop
  endfacet
  facet normal -0.181761 0.193556 0.964105
    outer loop
      vertex -1.42486 1.72236 27.3752
      vertex -2.05065 1.92569 27.2164
      vertex -1.62949 1.5302 27.3752
    endloop
  endfacet
  facet normal -0.181762 0.193554 0.964106
    outer loop
      vertex -1.79313 2.16752 27.2164
      vertex -2.05065 1.92569 27.2164
      vertex -1.42486 1.72236 27.3752
    endloop
  endfacet
  facet normal -0.234174 0.24938 0.939666
    outer loop
      vertex -2.13312 2.5785 27.0226
      vertex -2.43948 2.29082 27.0226
      vertex -1.79313 2.16752 27.2164
    endloop
  endfacet
  facet normal -0.291451 0.310376 0.904833
    outer loop
      vertex -2.13312 2.5785 27.0226
      vertex -2.78982 2.61982 26.7969
      vertex -2.43948 2.29082 27.0226
    endloop
  endfacet
  facet normal 0.344031 0.868915 0.355849
    outer loop
      vertex 1.60955 4.95367 25.329
      vertex 1.57137 4.83618 25.6528
      vertex 2.21771 4.71288 25.329
    endloop
  endfacet
  facet normal 0.344031 0.868916 0.355848
    outer loop
      vertex 2.21771 4.71288 25.329
      vertex 1.57137 4.83618 25.6528
      vertex 2.16511 4.6011 25.6528
    endloop
  endfacet
  facet normal 0.583205 0.802714 0.124591
    outer loop
      vertex 2.81309 4.43272 25
      vertex 2.79091 4.39777 25.329
      vertex 3.34648 4.04519 25
    endloop
  endfacet
  facet normal 0.679218 0.723284 0.12459
    outer loop
      vertex 3.34648 4.04519 25
      vertex 3.32009 4.0133 25.329
      vertex 3.79691 3.56553 25.329
    endloop
  endfacet
  facet normal 0.493143 0.678748 0.544161
    outer loop
      vertex 3.24134 3.91811 25.6528
      vertex 2.61555 4.12144 25.9663
      vertex 3.11147 3.76113 25.9663
    endloop
  endfacet
  facet normal 0.574327 0.611586 0.544161
    outer loop
      vertex 3.24134 3.91811 25.6528
      vertex 3.11147 3.76113 25.9663
      vertex 3.70685 3.48096 25.6528
    endloop
  endfacet
  facet normal 0.208639 0.812631 0.544151
    outer loop
      vertex 1.57137 4.83618 25.6528
      vertex 0.914669 4.79486 25.9663
      vertex 1.50841 4.64242 25.9663
    endloop
  endfacet
  facet normal 0.181267 0.70602 0.684601
    outer loop
      vertex 1.50841 4.64242 25.9663
      vertex 0.914669 4.79486 25.9663
      vertex 1.42167 4.37544 26.2646
    endloop
  endfacet
  facet normal -0.837751 0.531642 0.12462
    outer loop
      vertex -4.21385 3.06154 25.329
      vertex -4.60061 2.52921 25
      vertex -4.56433 2.50926 25.329
    endloop
  endfacet
  facet normal -0.897776 0.422461 0.124601
    outer loop
      vertex -4.60061 2.52921 25
      vertex -4.88133 1.93265 25
      vertex -4.84284 1.91741 25.329
    endloop
  endfacet
  facet normal -0.837747 0.531655 0.124594
    outer loop
      vertex -4.24734 3.08587 25
      vertex -4.60061 2.52921 25
      vertex -4.21385 3.06154 25.329
    endloop
  endfacet
  facet normal -0.764505 0.632462 0.124593
    outer loop
      vertex -3.82708 3.59387 25
      vertex -4.24734 3.08587 25
      vertex -4.21385 3.06154 25.329
    endloop
  endfacet
  facet normal -0.20108 -0.276758 0.939666
    outer loop
      vertex -1.79313 -2.16752 27.2164
      vertex -2.13312 -2.5785 27.0226
      vertex -1.50733 -2.37517 27.2164
    endloop
  endfacet
  facet normal -0.156063 -0.214809 0.964106
    outer loop
      vertex -1.42486 -1.72236 27.3752
      vertex -1.50733 -2.37517 27.2164
      vertex -1.19775 -1.88736 27.3752
    endloop
  endfacet
  facet normal -0.498978 -0.531357 0.684602
    outer loop
      vertex -3.3537 -3.14933 26.2646
      vertex -3.55833 -3.3415 25.9663
      vertex -3.11147 -3.76113 25.9663
    endloop
  endfacet
  facet normal -0.498983 -0.531357 0.684598
    outer loop
      vertex -2.93254 -3.54483 26.2646
      vertex -3.3537 -3.14933 26.2646
      vertex -3.11147 -3.76113 25.9663
    endloop
  endfacet
  facet normal 0.404923 -0.131571 0.904835
    outer loop
      vertex 3.24134 -0.832234 27.0226
      vertex 3.11147 -1.23192 27.0226
      vertex 3.55833 -1.40884 26.7969
    endloop
  endfacet
  facet normal 0.385244 -0.181275 0.904835
    outer loop
      vertex 3.11147 -1.23192 27.0226
      vertex 2.93254 -1.61218 27.0226
      vertex 3.55833 -1.40884 26.7969
    endloop
  endfacet
  facet normal -0.0157015 0.0611551 0.998005
    outer loop
      vertex -0.0617695 0.323811 27.6198
      vertex -0.184337 0.966327 27.5785
      vertex -0.101867 0.313516 27.6198
    endloop
  endfacet
  facet normal 0.0157025 0.0611549 0.998005
    outer loop
      vertex 0.184337 0.966327 27.5785
      vertex 0.101867 0.313516 27.6198
      vertex 0.303995 0.935603 27.5785
    endloop
  endfacet
  facet normal -0.0483648 -0.188372 0.980906
    outer loop
      vertex -0.303995 -1.5936 27.4965
      vertex -0.690758 -2.12594 27.3752
      vertex -0.41886 -2.19575 27.3752
    endloop
  endfacet
  facet normal -0.02438 -0.192948 0.980906
    outer loop
      vertex -0.303995 -1.5936 27.4965
      vertex -0.41886 -2.19575 27.3752
      vertex -0.101867 -1.61914 27.4965
    endloop
  endfacet
  facet normal -0.0371116 -0.0510805 0.998005
    outer loop
      vertex -0.210127 -0.254 27.6198
      vertex -0.527121 -0.830608 27.5785
      vertex -0.176635 -0.278333 27.6198
    endloop
  endfacet
  facet normal -0.0371116 -0.0510805 0.998005
    outer loop
      vertex -0.210127 -0.254 27.6198
      vertex -0.627067 -0.757994 27.5785
      vertex -0.527121 -0.830608 27.5785
    endloop
  endfacet
  facet normal -0.0232433 0.0587046 0.998005
    outer loop
      vertex -0.101867 0.313516 27.6198
      vertex -0.41886 0.890125 27.5785
      vertex -0.140358 0.298276 27.6198
    endloop
  endfacet
  facet normal 0.0232428 0.0587049 0.998005
    outer loop
      vertex 0.303995 0.935603 27.5785
      vertex 0.101867 0.313516 27.6198
      vertex 0.41886 0.890125 27.5785
    endloop
  endfacet
  facet normal 0.164209 -0.104214 0.980905
    outer loop
      vertex 1.42167 -0.781568 27.4965
      vertex 1.3125 -0.953587 27.4965
      vertex 1.95884 -1.07688 27.3752
    endloop
  endfacet
  facet normal 0.17598 -0.0828034 0.980905
    outer loop
      vertex 1.50841 -0.597222 27.4965
      vertex 1.42167 -0.781568 27.4965
      vertex 1.95884 -1.07688 27.3752
    endloop
  endfacet
  facet normal 0.0232433 0.0587046 0.998005
    outer loop
      vertex 0.41886 0.890125 27.5785
      vertex 0.101867 0.313516 27.6198
      vertex 0.140358 0.298276 27.6198
    endloop
  endfacet
  facet normal 0.0486489 -0.0402463 0.998005
    outer loop
      vertex 0.795872 -0.578235 27.5785
      vertex 0.266692 -0.193763 27.6198
      vertex 0.717124 -0.673424 27.5785
    endloop
  endfacet
  facet normal 0.0486487 -0.0402465 0.998005
    outer loop
      vertex 0.266692 -0.193763 27.6198
      vertex 0.240304 -0.22566 27.6198
      vertex 0.717124 -0.673424 27.5785
    endloop
  endfacet
  facet normal 0.0614764 0.111825 0.991824
    outer loop
      vertex 0.869292 1.36979 27.4965
      vertex 0.41886 0.890125 27.5785
      vertex 0.527121 0.830608 27.5785
    endloop
  endfacet
  facet normal 0.0304167 0.0553291 0.998005
    outer loop
      vertex 0.41886 0.890125 27.5785
      vertex 0.140358 0.298276 27.6198
      vertex 0.176635 0.278333 27.6198
    endloop
  endfacet
  facet normal -0.00791415 0.0626406 0.998005
    outer loop
      vertex -0.0206985 0.329 27.6198
      vertex -0.184337 0.966327 27.5785
      vertex -0.0617695 0.323811 27.6198
    endloop
  endfacet
  facet normal 0.0620203 -0.0118309 0.998005
    outer loop
      vertex 0.975994 -0.123297 27.5785
      vertex 0.32705 -0.041316 27.6198
      vertex 0.952845 -0.244649 27.5785
    endloop
  endfacet
  facet normal 0.107744 -0.0683783 0.991824
    outer loop
      vertex 1.42167 -0.781568 27.4965
      vertex 0.862068 -0.473926 27.5785
      vertex 1.3125 -0.953587 27.4965
    endloop
  endfacet
  facet normal 0.115467 -0.0543303 0.991824
    outer loop
      vertex 1.50841 -0.597222 27.4965
      vertex 0.862068 -0.473926 27.5785
      vertex 1.42167 -0.781568 27.4965
    endloop
  endfacet
  facet normal -0.114318 -0.157338 0.980906
    outer loop
      vertex -1.03412 -1.25003 27.4965
      vertex -1.42486 -1.72236 27.3752
      vertex -0.869292 -1.36979 27.4965
    endloop
  endfacet
  facet normal -0.0750099 -0.103238 0.991824
    outer loop
      vertex -0.627067 -0.757994 27.5785
      vertex -1.03412 -1.25003 27.4965
      vertex -0.869292 -1.36979 27.4965
    endloop
  endfacet
  facet normal -0.0983253 -0.0813426 0.991824
    outer loop
      vertex -0.795872 -0.578235 27.5785
      vertex -1.18263 -1.11057 27.4965
      vertex -0.717124 -0.673424 27.5785
    endloop
  endfacet
  facet normal -0.0873559 -0.0930236 0.991824
    outer loop
      vertex -0.717124 -0.673424 27.5785
      vertex -1.18263 -1.11057 27.4965
      vertex -0.627067 -0.757994 27.5785
    endloop
  endfacet
  facet normal -0.115466 -0.054334 0.991824
    outer loop
      vertex -0.914669 -0.362143 27.5785
      vertex -1.50841 -0.597222 27.4965
      vertex -0.862068 -0.473926 27.5785
    endloop
  endfacet
  facet normal -0.121365 -0.0394354 0.991824
    outer loop
      vertex -0.914669 -0.362143 27.5785
      vertex -1.57137 -0.403459 27.4965
      vertex -1.50841 -0.597222 27.4965
    endloop
  endfacet
  facet normal -0.107744 -0.0683783 0.991824
    outer loop
      vertex -0.862068 -0.473926 27.5785
      vertex -1.42167 -0.781568 27.4965
      vertex -1.3125 -0.953587 27.4965
    endloop
  endfacet
  facet normal -0.164209 -0.104214 0.980905
    outer loop
      vertex -1.42167 -0.781568 27.4965
      vertex -1.95884 -1.07688 27.3752
      vertex -1.3125 -0.953587 27.4965
    endloop
  endfacet
  facet normal 0.0649169 -0.513925 0.855375
    outer loop
      vertex 0.717124 -3.7593 26.7969
      vertex 0.240304 -3.81953 26.7969
      vertex 0.795872 -4.17211 26.5429
    endloop
  endfacet
  facet normal 0.0332757 -0.263427 0.964105
    outer loop
      vertex 0.41886 -2.19575 27.3752
      vertex 0.140358 -2.23093 27.3752
      vertex 0.527121 -2.76326 27.2164
    endloop
  endfacet
  facet normal 0.0533566 -0.422406 0.904835
    outer loop
      vertex 0.717124 -3.7593 26.7969
      vertex 0.210127 -3.33987 27.0226
      vertex 0.240304 -3.81953 26.7969
    endloop
  endfacet
  facet normal -0.0533566 -0.422406 0.904835
    outer loop
      vertex -0.210127 -3.33987 27.0226
      vertex -0.717124 -3.7593 26.7969
      vertex -0.240304 -3.81953 26.7969
    endloop
  endfacet
  facet normal 0 -0.194485 0.980906
    outer loop
      vertex -0.101867 -1.61914 27.4965
      vertex 0.140358 -2.23093 27.3752
      vertex 0.101867 -1.61914 27.4965
    endloop
  endfacet
  facet normal 0 -0.194485 0.980906
    outer loop
      vertex 0.140358 -2.23093 27.3752
      vertex -0.101867 -1.61914 27.4965
      vertex -0.140358 -2.23093 27.3752
    endloop
  endfacet
  facet normal 0.156063 -0.214809 0.964106
    outer loop
      vertex 1.42486 -1.72236 27.3752
      vertex 1.19775 -1.88736 27.3752
      vertex 1.50733 -2.37517 27.2164
    endloop
  endfacet
  facet normal 0.114314 -0.157344 0.980905
    outer loop
      vertex 1.42486 -1.72236 27.3752
      vertex 0.869292 -1.36979 27.4965
      vertex 1.19775 -1.88736 27.3752
    endloop
  endfacet
  facet normal 0.0873559 -0.0930236 0.991824
    outer loop
      vertex 0.717124 -0.673424 27.5785
      vertex 0.627067 -0.757994 27.5785
      vertex 1.18263 -1.11057 27.4965
    endloop
  endfacet
  facet normal 0.133133 -0.141773 0.980906
    outer loop
      vertex 1.18263 -1.11057 27.4965
      vertex 1.03412 -1.25003 27.4965
      vertex 1.42486 -1.72236 27.3752
    endloop
  endfacet
  facet normal 0.0660287 -0.257178 0.964106
    outer loop
      vertex 0.690758 -2.12594 27.3752
      vertex 0.527121 -2.76326 27.2164
      vertex 0.869292 -2.67541 27.2164
    endloop
  endfacet
  facet normal 0.125936 -0.318068 0.939666
    outer loop
      vertex 1.19775 -2.54536 27.2164
      vertex 0.869292 -2.67541 27.2164
      vertex 1.42486 -3.02798 27.0226
    endloop
  endfacet
  facet normal 0.0715944 -0.180827 0.980906
    outer loop
      vertex 0.690758 -1.46794 27.4965
      vertex 0.50133 -1.54294 27.4965
      vertex 0.690758 -2.12594 27.3752
    endloop
  endfacet
  facet normal 0.04836 -0.188376 0.980906
    outer loop
      vertex 0.50133 -1.54294 27.4965
      vertex 0.303995 -1.5936 27.4965
      vertex 0.690758 -2.12594 27.3752
    endloop
  endfacet
  facet normal 0.117129 -0.927179 0.355838
    outer loop
      vertex 0.975994 -5.11634 25.329
      vertex 0.319293 -5.07503 25.6528
      vertex 0.32705 -5.19832 25.329
    endloop
  endfacet
  facet normal 0 -0.992205 0.124614
    outer loop
      vertex -0.32965 -5.23964 25
      vertex 0.32705 -5.19832 25.329
      vertex -0.32705 -5.19832 25.329
    endloop
  endfacet
  facet normal 0 -0.992205 0.124614
    outer loop
      vertex 0.32705 -5.19832 25.329
      vertex -0.32965 -5.23964 25
      vertex 0.32965 -5.23964 25
    endloop
  endfacet
  facet normal 0.0432228 0.0460245 0.998005
    outer loop
      vertex 0.717124 0.673424 27.5785
      vertex 0.210127 0.254 27.6198
      vertex 0.240304 0.22566 27.6198
    endloop
  endfacet
  facet normal 0.0304173 -0.0553289 0.998005
    outer loop
      vertex 0.527121 -0.830608 27.5785
      vertex 0.176635 -0.278333 27.6198
      vertex 0.41886 -0.890125 27.5785
    endloop
  endfacet
  facet normal -0.02438 0.192948 0.980906
    outer loop
      vertex -0.101867 1.61914 27.4965
      vertex -0.41886 2.19575 27.3752
      vertex -0.303995 1.5936 27.4965
    endloop
  endfacet
  facet normal -0.0483648 0.188372 0.980906
    outer loop
      vertex -0.41886 2.19575 27.3752
      vertex -0.690758 2.12594 27.3752
      vertex -0.303995 1.5936 27.4965
    endloop
  endfacet
  facet normal -0.0486489 0.0402463 0.998005
    outer loop
      vertex -0.717124 0.673424 27.5785
      vertex -0.795872 0.578235 27.5785
      vertex -0.266692 0.193763 27.6198
    endloop
  endfacet
  facet normal -0.0533088 0.0338325 0.998005
    outer loop
      vertex -0.266692 0.193763 27.6198
      vertex -0.795872 0.578235 27.5785
      vertex -0.288875 0.15881 27.6198
    endloop
  endfacet
  facet normal 0.00791343 0.0626408 0.998005
    outer loop
      vertex 0.0617695 0.981811 27.5785
      vertex 0.0206985 0.329 27.6198
      vertex 0.184337 0.966327 27.5785
    endloop
  endfacet
  facet normal 0 0 1
    outer loop
      vertex 0.32705 0.041316 27.6198
      vertex 0.32705 -0.041316 27.6198
      vertex 0.32965 0 27.6198
    endloop
  endfacet
  facet normal 0 0 1
    outer loop
      vertex 0.319293 0.0819798 27.6198
      vertex 0.32705 -0.041316 27.6198
      vertex 0.32705 0.041316 27.6198
    endloop
  endfacet
  facet normal 0 0 1
    outer loop
      vertex 0.319293 0.0819798 27.6198
      vertex 0.319293 -0.0819798 27.6198
      vertex 0.32705 -0.041316 27.6198
    endloop
  endfacet
  facet normal 0 0 1
    outer loop
      vertex 0.3065 0.121352 27.6198
      vertex 0.319293 -0.0819798 27.6198
      vertex 0.319293 0.0819798 27.6198
    endloop
  endfacet
  facet normal 0 0 1
    outer loop
      vertex 0.3065 0.121352 27.6198
      vertex 0.3065 -0.121352 27.6198
      vertex 0.319293 -0.0819798 27.6198
    endloop
  endfacet
  facet normal 0 0 1
    outer loop
      vertex 0.288875 0.15881 27.6198
      vertex 0.3065 -0.121352 27.6198
      vertex 0.3065 0.121352 27.6198
    endloop
  endfacet
  facet normal 0 0 1
    outer loop
      vertex 0.288875 0.15881 27.6198
      vertex 0.288875 -0.15881 27.6198
      vertex 0.3065 -0.121352 27.6198
    endloop
  endfacet
  facet normal 0 0 1
    outer loop
      vertex 0.266692 0.193763 27.6198
      vertex 0.288875 -0.15881 27.6198
      vertex 0.288875 0.15881 27.6198
    endloop
  endfacet
  facet normal 0 0 1
    outer loop
      vertex 0.266692 0.193763 27.6198
      vertex 0.266692 -0.193763 27.6198
      vertex 0.288875 -0.15881 27.6198
    endloop
  endfacet
  facet normal 0 0 1
    outer loop
      vertex 0.240304 0.22566 27.6198
      vertex 0.266692 -0.193763 27.6198
      vertex 0.266692 0.193763 27.6198
    endloop
  endfacet
  facet normal 0 0 1
    outer loop
      vertex 0.240304 0.22566 27.6198
      vertex 0.240304 -0.22566 27.6198
      vertex 0.266692 -0.193763 27.6198
    endloop
  endfacet
  facet normal 0 0 1
    outer loop
      vertex 0.210127 0.254 27.6198
      vertex 0.240304 -0.22566 27.6198
      vertex 0.240304 0.22566 27.6198
    endloop
  endfacet
  facet normal 0 0 1
    outer loop
      vertex 0.210127 0.254 27.6198
      vertex 0.210127 -0.254 27.6198
      vertex 0.240304 -0.22566 27.6198
    endloop
  endfacet
  facet normal 0 0 1
    outer loop
      vertex 0.176635 0.278333 27.6198
      vertex 0.210127 -0.254 27.6198
      vertex 0.210127 0.254 27.6198
    endloop
  endfacet
  facet normal 0 0 1
    outer loop
      vertex 0.176635 0.278333 27.6198
      vertex 0.176635 -0.278333 27.6198
      vertex 0.210127 -0.254 27.6198
    endloop
  endfacet
  facet normal 0 0 1
    outer loop
      vertex 0.140358 0.298276 27.6198
      vertex 0.176635 -0.278333 27.6198
      vertex 0.176635 0.278333 27.6198
    endloop
  endfacet
  facet normal 0 0 1
    outer loop
      vertex 0.140358 0.298276 27.6198
      vertex 0.140358 -0.298276 27.6198
      vertex 0.176635 -0.278333 27.6198
    endloop
  endfacet
  facet normal 0 0 1
    outer loop
      vertex 0.101867 0.313516 27.6198
      vertex 0.140358 -0.298276 27.6198
      vertex 0.140358 0.298276 27.6198
    endloop
  endfacet
  facet normal 0 0 1
    outer loop
      vertex 0.101867 0.313516 27.6198
      vertex 0.101867 -0.313516 27.6198
      vertex 0.140358 -0.298276 27.6198
    endloop
  endfacet
  facet normal 0 0 1
    outer loop
      vertex 0.0617695 0.323811 27.6198
      vertex 0.101867 -0.313516 27.6198
      vertex 0.101867 0.313516 27.6198
    endloop
  endfacet
  facet normal 0 0 1
    outer loop
      vertex 0.0617695 0.323811 27.6198
      vertex 0.0617695 -0.323811 27.6198
      vertex 0.101867 -0.313516 27.6198
    endloop
  endfacet
  facet normal 0 0 1
    outer loop
      vertex 0.0206985 0.329 27.6198
      vertex 0.0617695 -0.323811 27.6198
      vertex 0.0617695 0.323811 27.6198
    endloop
  endfacet
  facet normal 0 0 1
    outer loop
      vertex 0.0206985 0.329 27.6198
      vertex 0.0206985 -0.329 27.6198
      vertex 0.0617695 -0.323811 27.6198
    endloop
  endfacet
  facet normal -0 0 1
    outer loop
      vertex -0.0206985 0.329 27.6198
      vertex 0.0206985 -0.329 27.6198
      vertex 0.0206985 0.329 27.6198
    endloop
  endfacet
  facet normal 0 0 1
    outer loop
      vertex -0.0206985 0.329 27.6198
      vertex -0.0206985 -0.329 27.6198
      vertex 0.0206985 -0.329 27.6198
    endloop
  endfacet
  facet normal -0 0 1
    outer loop
      vertex -0.0617695 0.323811 27.6198
      vertex -0.0206985 -0.329 27.6198
      vertex -0.0206985 0.329 27.6198
    endloop
  endfacet
  facet normal 0 0 1
    outer loop
      vertex -0.0617695 0.323811 27.6198
      vertex -0.0617695 -0.323811 27.6198
      vertex -0.0206985 -0.329 27.6198
    endloop
  endfacet
  facet normal -0 0 1
    outer loop
      vertex -0.101867 0.313516 27.6198
      vertex -0.0617695 -0.323811 27.6198
      vertex -0.0617695 0.323811 27.6198
    endloop
  endfacet
  facet normal 0 0 1
    outer loop
      vertex -0.101867 0.313516 27.6198
      vertex -0.101867 -0.313516 27.6198
      vertex -0.0617695 -0.323811 27.6198
    endloop
  endfacet
  facet normal -0 0 1
    outer loop
      vertex -0.140358 0.298276 27.6198
      vertex -0.101867 -0.313516 27.6198
      vertex -0.101867 0.313516 27.6198
    endloop
  endfacet
  facet normal 0 0 1
    outer loop
      vertex -0.140358 0.298276 27.6198
      vertex -0.140358 -0.298276 27.6198
      vertex -0.101867 -0.313516 27.6198
    endloop
  endfacet
  facet normal -0 0 1
    outer loop
      vertex -0.176635 0.278333 27.6198
      vertex -0.140358 -0.298276 27.6198
      vertex -0.140358 0.298276 27.6198
    endloop
  endfacet
  facet normal 0 0 1
    outer loop
      vertex -0.176635 0.278333 27.6198
      vertex -0.176635 -0.278333 27.6198
      vertex -0.140358 -0.298276 27.6198
    endloop
  endfacet
  facet normal -0 0 1
    outer loop
      vertex -0.210127 0.254 27.6198
      vertex -0.176635 -0.278333 27.6198
      vertex -0.176635 0.278333 27.6198
    endloop
  endfacet
  facet normal 0 0 1
    outer loop
      vertex -0.210127 0.254 27.6198
      vertex -0.210127 -0.254 27.6198
      vertex -0.176635 -0.278333 27.6198
    endloop
  endfacet
  facet normal -0 0 1
    outer loop
      vertex -0.240304 0.22566 27.6198
      vertex -0.210127 -0.254 27.6198
      vertex -0.210127 0.254 27.6198
    endloop
  endfacet
  facet normal 0 0 1
    outer loop
      vertex -0.240304 0.22566 27.6198
      vertex -0.240304 -0.22566 27.6198
      vertex -0.210127 -0.254 27.6198
    endloop
  endfacet
  facet normal -0 0 1
    outer loop
      vertex -0.266692 0.193763 27.6198
      vertex -0.240304 -0.22566 27.6198
      vertex -0.240304 0.22566 27.6198
    endloop
  endfacet
  facet normal 0 0 1
    outer loop
      vertex -0.266692 0.193763 27.6198
      vertex -0.266692 -0.193763 27.6198
      vertex -0.240304 -0.22566 27.6198
    endloop
  endfacet
  facet normal -0 0 1
    outer loop
      vertex -0.288875 0.15881 27.6198
      vertex -0.266692 -0.193763 27.6198
      vertex -0.266692 0.193763 27.6198
    endloop
  endfacet
  facet normal 0 0 1
    outer loop
      vertex -0.288875 0.15881 27.6198
      vertex -0.288875 -0.15881 27.6198
      vertex -0.266692 -0.193763 27.6198
    endloop
  endfacet
  facet normal -0 0 1
    outer loop
      vertex -0.3065 0.121352 27.6198
      vertex -0.288875 -0.15881 27.6198
      vertex -0.288875 0.15881 27.6198
    endloop
  endfacet
  facet normal 0 0 1
    outer loop
      vertex -0.3065 0.121352 27.6198
      vertex -0.3065 -0.121352 27.6198
      vertex -0.288875 -0.15881 27.6198
    endloop
  endfacet
  facet normal -0 0 1
    outer loop
      vertex -0.319293 0.0819798 27.6198
      vertex -0.3065 -0.121352 27.6198
      vertex -0.3065 0.121352 27.6198
    endloop
  endfacet
  facet normal 0 0 1
    outer loop
      vertex -0.319293 0.0819798 27.6198
      vertex -0.319293 -0.0819798 27.6198
      vertex -0.3065 -0.121352 27.6198
    endloop
  endfacet
  facet normal -0 0 1
    outer loop
      vertex -0.32705 0.041316 27.6198
      vertex -0.319293 -0.0819798 27.6198
      vertex -0.319293 0.0819798 27.6198
    endloop
  endfacet
  facet normal 0 0 1
    outer loop
      vertex -0.32705 0.041316 27.6198
      vertex -0.32705 -0.041316 27.6198
      vertex -0.319293 -0.0819798 27.6198
    endloop
  endfacet
  facet normal 0 -0 1
    outer loop
      vertex -0.32705 -0.041316 27.6198
      vertex -0.32705 0.041316 27.6198
      vertex -0.32965 0 27.6198
    endloop
  endfacet
  facet normal -0.0715954 0.180827 0.980906
    outer loop
      vertex -0.690758 2.12594 27.3752
      vertex -0.951761 2.0226 27.3752
      vertex -0.690758 1.46794 27.4965
    endloop
  endfacet
  facet normal -0.0977456 0.246873 0.964105
    outer loop
      vertex -0.690758 2.12594 27.3752
      vertex -1.19775 2.54536 27.2164
      vertex -0.951761 2.0226 27.3752
    endloop
  endfacet
  facet normal 0.125936 0.318068 0.939666
    outer loop
      vertex 1.03412 3.18269 27.0226
      vertex 0.869292 2.67541 27.2164
      vertex 1.42486 3.02798 27.0226
    endloop
  endfacet
  facet normal 0.15674 0.395868 0.904832
    outer loop
      vertex 1.18263 3.63977 26.7969
      vertex 1.03412 3.18269 27.0226
      vertex 1.42486 3.02798 27.0226
    endloop
  endfacet
  facet normal 0.477989 0.869485 0.124591
    outer loop
      vertex 2.81309 4.43272 25
      vertex 2.21771 4.71288 25.329
      vertex 2.79091 4.39777 25.329
    endloop
  endfacet
  facet normal 0.45021 0.818953 0.355848
    outer loop
      vertex 2.21771 4.71288 25.329
      vertex 2.16511 4.6011 25.6528
      vertex 2.79091 4.39777 25.329
    endloop
  endfacet
  facet normal -0.89777 0.422468 0.124618
    outer loop
      vertex -4.60061 2.52921 25
      vertex -4.84284 1.91741 25.329
      vertex -4.56433 2.50926 25.329
    endloop
  endfacet
  facet normal -0.78906 0.500756 0.355848
    outer loop
      vertex -4.1139 2.98892 25.6528
      vertex -4.56433 2.50926 25.329
      vertex -4.45607 2.44975 25.6528
    endloop
  endfacet
  facet normal -0.164806 -0.299779 0.939666
    outer loop
      vertex -1.50733 -2.37517 27.2164
      vertex -1.79313 -2.82552 27.0226
      vertex -1.42486 -3.02798 27.0226
    endloop
  endfacet
  facet normal -0.164802 -0.299779 0.939666
    outer loop
      vertex -1.19775 -2.54536 27.2164
      vertex -1.50733 -2.37517 27.2164
      vertex -1.42486 -3.02798 27.0226
    endloop
  endfacet
  facet normal 0.404923 -0.131571 0.904835
    outer loop
      vertex 3.70685 -0.951756 26.7969
      vertex 3.24134 -0.832234 27.0226
      vertex 3.55833 -1.40884 26.7969
    endloop
  endfacet
  facet normal 0.468699 -0.220559 0.85538
    outer loop
      vertex 3.94908 -1.56355 26.5429
      vertex 3.55833 -1.40884 26.7969
      vertex 3.72197 -2.04617 26.5429
    endloop
  endfacet
  facet normal -0.0432216 0.0460259 0.998005
    outer loop
      vertex -0.627067 0.757994 27.5785
      vertex -0.717124 0.673424 27.5785
      vertex -0.210127 0.254 27.6198
    endloop
  endfacet
  facet normal 0.0614764 -0.111825 0.991824
    outer loop
      vertex 0.527121 -0.830608 27.5785
      vertex 0.41886 -0.890125 27.5785
      vertex 0.869292 -1.36979 27.4965
    endloop
  endfacet
  facet normal 0.0620203 -0.0118309 0.998005
    outer loop
      vertex 0.32705 -0.041316 27.6198
      vertex 0.319293 -0.0819798 27.6198
      vertex 0.952845 -0.244649 27.5785
    endloop
  endfacet
  facet normal -0.042879 -0.339397 0.939665
    outer loop
      vertex -0.176635 -2.80754 27.2164
      vertex -0.527121 -2.76326 27.2164
      vertex -0.210127 -3.33987 27.0226
    endloop
  endfacet
  facet normal -0.042874 -0.339394 0.939667
    outer loop
      vertex -0.527121 -2.76326 27.2164
      vertex -0.627067 -3.2872 27.0226
      vertex -0.210127 -3.33987 27.0226
    endloop
  endfacet
  facet normal 0.105889 -0.412382 0.904836
    outer loop
      vertex 1.18263 -3.63977 26.7969
      vertex 0.627067 -3.2872 27.0226
      vertex 0.717124 -3.7593 26.7969
    endloop
  endfacet
  facet normal 0.042879 -0.339397 0.939665
    outer loop
      vertex 0.527121 -2.76326 27.2164
      vertex 0.176635 -2.80754 27.2164
      vertex 0.210127 -3.33987 27.0226
    endloop
  endfacet
  facet normal 0.0873555 -0.0930243 0.991824
    outer loop
      vertex 1.18263 -1.11057 27.4965
      vertex 0.627067 -0.757994 27.5785
      vertex 1.03412 -1.25003 27.4965
    endloop
  endfacet
  facet normal 0.0750099 -0.103238 0.991824
    outer loop
      vertex 1.03412 -1.25003 27.4965
      vertex 0.627067 -0.757994 27.5785
      vertex 0.869292 -1.36979 27.4965
    endloop
  endfacet
  facet normal 0.0157015 0.0611551 0.998005
    outer loop
      vertex 0.184337 0.966327 27.5785
      vertex 0.0617695 0.323811 27.6198
      vertex 0.101867 0.313516 27.6198
    endloop
  endfacet
  facet normal -0.845596 0.397912 0.355857
    outer loop
      vertex -4.45607 2.44975 25.6528
      vertex -4.84284 1.91741 25.329
      vertex -4.72797 1.87194 25.6528
    endloop
  endfacet
  facet normal -0.759138 0.357227 0.544149
    outer loop
      vertex -4.45607 2.44975 25.6528
      vertex -4.72797 1.87194 25.6528
      vertex -4.27754 2.3516 25.9663
    endloop
  endfacet
  facet normal 0.492649 -0.160066 0.85538
    outer loop
      vertex 4.1139 -1.05627 26.5429
      vertex 3.55833 -1.40884 26.7969
      vertex 3.94908 -1.56355 26.5429
    endloop
  endfacet
  facet normal 0.589259 -0.191456 0.784932
    outer loop
      vertex 4.1139 -1.05627 26.5429
      vertex 3.94908 -1.56355 26.5429
      vertex 4.27754 -1.6936 26.2646
    endloop
  endfacet
  facet normal 0 -0.425763 0.904835
    outer loop
      vertex -0.210127 -3.33987 27.0226
      vertex 0.240304 -3.81953 26.7969
      vertex 0.210127 -3.33987 27.0226
    endloop
  endfacet
  facet normal 0 -0.425763 0.904835
    outer loop
      vertex 0.240304 -3.81953 26.7969
      vertex -0.210127 -3.33987 27.0226
      vertex -0.240304 -3.81953 26.7969
    endloop
  endfacet
  facet normal 0.0371116 0.0510805 0.998005
    outer loop
      vertex 0.527121 0.830608 27.5785
      vertex 0.210127 0.254 27.6198
      vertex 0.627067 0.757994 27.5785
    endloop
  endfacet
  facet normal 0.0750064 0.103239 0.991824
    outer loop
      vertex 0.869292 1.36979 27.4965
      vertex 0.527121 0.830608 27.5785
      vertex 0.627067 0.757994 27.5785
    endloop
  endfacet
  facet normal -0.0371116 0.0510805 0.998005
    outer loop
      vertex -0.176635 0.278333 27.6198
      vertex -0.527121 0.830608 27.5785
      vertex -0.210127 0.254 27.6198
    endloop
  endfacet
  facet normal -0.0371116 0.0510805 0.998005
    outer loop
      vertex -0.527121 0.830608 27.5785
      vertex -0.627067 0.757994 27.5785
      vertex -0.210127 0.254 27.6198
    endloop
  endfacet
  facet normal 0.0304173 0.0553289 0.998005
    outer loop
      vertex 0.41886 0.890125 27.5785
      vertex 0.176635 0.278333 27.6198
      vertex 0.527121 0.830608 27.5785
    endloop
  endfacet
  facet normal 0.508833 -0.0970681 0.855375
    outer loop
      vertex 3.79691 -0.47966 26.7969
      vertex 3.70685 -0.951756 26.7969
      vertex 4.1139 -1.05627 26.5429
    endloop
  endfacet
  facet normal 0.41822 -0.0797823 0.904835
    outer loop
      vertex 3.79691 -0.47966 26.7969
      vertex 3.24134 -0.832234 27.0226
      vertex 3.70685 -0.951756 26.7969
    endloop
  endfacet
  facet normal 0.767425 0.63488 0.0893671
    outer loop
      vertex 5.46402 5.13105 0.0494907
      vertex 6.06763 4.40839 0
      vertex 5.46726 5.1341 0
    endloop
  endfacet
  facet normal 0.767417 0.634859 0.0895843
    outer loop
      vertex 6.06763 4.40839 0
      vertex 5.46402 5.13105 0.0494907
      vertex 6.0639 4.40703 0.0415907
    endloop
  endfacet
  facet normal 0.769438 0.632415 0.0895332
    outer loop
      vertex 3.83037 3.59696 24.9499
      vertex 3.82708 3.59387 25
      vertex 3.83157 3.5955 24.9499
    endloop
  endfacet
  facet normal 0.247686 0.964715 0.089314
    outer loop
      vertex 2.3163 7.12884 0.047758
      vertex 2.31763 7.13292 0
      vertex 1.62845 7.30627 0.0388213
    endloop
  endfacet
  facet normal 0.247722 0.964692 0.0894602
    outer loop
      vertex 1.55394 7.12278 2.22373
      vertex 1.40536 7.36715 0
      vertex 1.45089 6.86898 5.24593
    endloop
  endfacet
  facet normal 0.247693 0.964699 0.0894629
    outer loop
      vertex 1.62845 7.30627 0.0388213
      vertex 1.40536 7.36715 0
      vertex 1.55394 7.12278 2.22373
    endloop
  endfacet
  facet normal 0.247691 0.964699 0.0894714
    outer loop
      vertex 1.40536 7.36715 0
      vertex 1.62845 7.30627 0.0388213
      vertex 2.31763 7.13292 0
    endloop
  endfacet
  facet normal 0.252463 0.963482 0.0892504
    outer loop
      vertex 1.62376 4.99743 24.9487
      vertex 1.62189 4.99792 24.9487
      vertex 1.62234 4.99305 25
    endloop
  endfacet
  facet normal 0.479817 -0.872786 0.0895521
    outer loop
      vertex 2.23727 -4.75444 24.9497
      vertex 2.81309 -4.43272 25
      vertex 2.23534 -4.75034 25
    endloop
  endfacet
  facet normal 0.479826 -0.87279 0.0894731
    outer loop
      vertex 2.81309 -4.43272 25
      vertex 2.23727 -4.75444 24.9497
      vertex 2.81395 -4.43807 24.9432
    endloop
  endfacet
  facet normal 0.482515 -0.871322 0.0893211
    outer loop
      vertex 3.1926 -6.78158 0.0490653
      vertex 3.19146 -6.78221 0.049078
      vertex 3.19334 -6.7862 0
    endloop
  endfacet
  facet normal 0.994014 0.0625414 0.0895804
    outer loop
      vertex 5.25 0 25
      vertex 5.21351 0.656591 24.9465
      vertex 5.2086 0.657999 25
    endloop
  endfacet
  facet normal 0.994029 0.0625294 0.0894227
    outer loop
      vertex 5.21351 0.656591 24.9465
      vertex 5.25 0 25
      vertex 5.25448 0 24.9502
    endloop
  endfacet
  facet normal 0.995981 0 0.0895607
    outer loop
      vertex 7.5 0 0
      vertex 7.49552 4.69902e-06 0.0498209
      vertex 7.49552 0 0.0498209
    endloop
  endfacet
  facet normal 0.993612 0.0689512 0.0893411
    outer loop
      vertex 7.49552 4.69902e-06 0.0498209
      vertex 7.5 0 0
      vertex 7.49543 0.00131109 0.0498136
    endloop
  endfacet
  facet normal 0.99402 0.0625374 0.0895219
    outer loop
      vertex 7.49543 0.00131109 0.0498136
      vertex 7.44086 0.939999 0
      vertex 7.43688 0.939496 0.0445439
    endloop
  endfacet
  facet normal 0.994017 0.0625386 0.0895471
    outer loop
      vertex 7.44086 0.939999 0
      vertex 7.49543 0.00131109 0.0498136
      vertex 7.5 0 0
    endloop
  endfacet
  facet normal 0.993912 0.064219 0.0895269
    outer loop
      vertex 5.21338 0.658603 24.9465
      vertex 5.2086 0.657999 25
      vertex 5.21351 0.656591 24.9465
    endloop
  endfacet
  facet normal -0.840951 -0.533675 0.089396
    outer loop
      vertex -6.5723 -3.61315 0
      vertex -6.31603 -4.01052 0.038525
      vertex -6.56869 -3.61117 0.0457796
    endloop
  endfacet
  facet normal -0.840933 -0.533692 0.0894626
    outer loop
      vertex -6.31603 -4.01052 0.038525
      vertex -6.13195 -4.30047 0.0391397
      vertex -5.98934 -4.16294 2.20009
    endloop
  endfacet
  facet normal -0.840952 -0.53368 0.0893593
    outer loop
      vertex -6.06763 -4.40839 0
      vertex -6.31603 -4.01052 0.038525
      vertex -6.5723 -3.61315 0
    endloop
  endfacet
  facet normal -0.840923 -0.533685 0.0896057
    outer loop
      vertex -6.31603 -4.01052 0.038525
      vertex -6.06763 -4.40839 0
      vertex -6.13195 -4.30047 0.0391397
    endloop
  endfacet
  facet normal -0.840964 -0.533648 0.0894352
    outer loop
      vertex -6.13195 -4.30047 0.0391397
      vertex -6.06763 -4.40839 0
      vertex -6.06519 -4.40527 0.0415601
    endloop
  endfacet
  facet normal -0.841063 -0.533488 0.0894666
    outer loop
      vertex -6.12701 -3.92977 2.29696
      vertex -5.53073 -3.72065 9.14948
      vertex -5.47734 -3.65226 10.0592
    endloop
  endfacet
  facet normal -0.84094 -0.533682 0.0894643
    outer loop
      vertex -5.98934 -4.16294 2.20009
      vertex -6.12701 -3.92977 2.29696
      vertex -6.31603 -4.01052 0.038525
    endloop
  endfacet
  facet normal -0.84094 -0.533681 0.0894619
    outer loop
      vertex -6.12701 -3.92977 2.29696
      vertex -5.98934 -4.16294 2.20009
      vertex -5.53073 -3.72065 9.14948
    endloop
  endfacet
  facet normal -0.842347 -0.531481 0.0893267
    outer loop
      vertex -4.60061 -2.52921 25
      vertex -4.60476 -2.53149 24.9473
      vertex -4.6037 -2.53317 24.9473
    endloop
  endfacet
  facet normal -0.947248 0.307783 0.0893976
    outer loop
      vertex -5.08918 1.30879 24.9455
      vertex -4.88133 1.93265 25
      vertex -4.8855 1.93431 24.9501
    endloop
  endfacet
  facet normal -0.947241 0.307771 0.0895095
    outer loop
      vertex -4.88133 1.93265 25
      vertex -5.08918 1.30879 24.9455
      vertex -5.08506 1.30562 25
    endloop
  endfacet
  facet normal -0.946584 0.309822 0.0893858
    outer loop
      vertex -6.96916 2.75929 0.0497383
      vertex -6.97332 2.76093 0
      vertex -6.96957 2.75804 0.0497291
    endloop
  endfacet
  facet normal 0.681792 -0.726041 0.0895791
    outer loop
      vertex 4.78068 -5.77885 0
      vertex 5.46402 -5.13105 0.0494907
      vertex 4.77889 -5.77475 0.0468544
    endloop
  endfacet
  facet normal 0.681812 -0.726046 0.0893807
    outer loop
      vertex 5.46402 -5.13105 0.0494907
      vertex 4.78068 -5.77885 0
      vertex 5.46726 -5.1341 0
    endloop
  endfacet
  facet normal 0.680141 -0.727593 0.0895394
    outer loop
      vertex 3.83037 -3.59696 24.9499
      vertex 3.82708 -3.59387 25
      vertex 3.82899 -3.59825 24.9499
    endloop
  endfacet
  facet normal 0.901194 0.424066 0.0895347
    outer loop
      vertex 4.60061 2.52921 25
      vertex 4.85035 2.00908 24.9498
      vertex 4.60561 2.52969 24.9474
    endloop
  endfacet
  facet normal 0.901196 0.424071 0.0894958
    outer loop
      vertex 4.88133 1.93265 25
      vertex 4.85035 2.00908 24.9498
      vertex 4.60061 2.52921 25
    endloop
  endfacet
  facet normal 0.901223 0.424031 0.0894186
    outer loop
      vertex 4.85035 2.00908 24.9498
      vertex 4.88133 1.93265 25
      vertex 4.8855 1.93431 24.9501
    endloop
  endfacet
  facet normal 0.899652 0.42737 0.0893364
    outer loop
      vertex 6.97332 2.76093 0
      vertex 6.9686 2.76047 0.0497328
      vertex 6.96916 2.75929 0.0497383
    endloop
  endfacet
  facet normal 0.247712 0.964694 0.0894632
    outer loop
      vertex 1.45089 6.86898 5.24593
      vertex 1.29253 6.77566 6.69069
      vertex 1.28511 6.46069 10.1076
    endloop
  endfacet
  facet normal 0.24769 0.9647 0.0894612
    outer loop
      vertex 1.29253 6.77566 6.69069
      vertex 1.45089 6.86898 5.24593
      vertex 1.40536 7.36715 0
    endloop
  endfacet
  facet normal 0.247705 0.964701 0.089408
    outer loop
      vertex 1.02479 5.15195 24.941
      vertex 1.62234 4.99305 25
      vertex 1.62189 4.99792 24.9487
    endloop
  endfacet
  facet normal 0.247688 0.964692 0.0895514
    outer loop
      vertex 1.62234 4.99305 25
      vertex 1.02479 5.15195 24.941
      vertex 0.983751 5.15701 25
    endloop
  endfacet
  facet normal 0.247655 0.964703 0.0895271
    outer loop
      vertex 0.983751 5.15701 25
      vertex 1.02479 5.15195 24.941
      vertex 0.984732 5.16215 24.9419
    endloop
  endfacet
  facet normal -0.247686 -0.964715 0.089314
    outer loop
      vertex -2.3163 -7.12884 0.047758
      vertex -2.31763 -7.13292 0
      vertex -1.62845 -7.30627 0.0388213
    endloop
  endfacet
  facet normal -0.247722 -0.964692 0.0894602
    outer loop
      vertex -1.55394 -7.12278 2.22373
      vertex -1.40536 -7.36715 0
      vertex -1.45089 -6.86898 5.24593
    endloop
  endfacet
  facet normal -0.247693 -0.964699 0.0894629
    outer loop
      vertex -1.62845 -7.30627 0.0388213
      vertex -1.40536 -7.36715 0
      vertex -1.55394 -7.12278 2.22373
    endloop
  endfacet
  facet normal -0.247691 -0.964699 0.0894714
    outer loop
      vertex -1.40536 -7.36715 0
      vertex -1.62845 -7.30627 0.0388213
      vertex -2.31763 -7.13292 0
    endloop
  endfacet
  facet normal -0.252463 -0.963482 0.0892504
    outer loop
      vertex -1.62234 -4.99305 25
      vertex -1.62376 -4.99743 24.9487
      vertex -1.62189 -4.99792 24.9487
    endloop
  endfacet
  facet normal 0.366658 -0.926049 0.0894098
    outer loop
      vertex 2.00711 -4.8456 24.9493
      vertex 2.23534 -4.75034 25
      vertex 1.62234 -4.99305 25
    endloop
  endfacet
  facet normal 0.366613 -0.926048 0.0896094
    outer loop
      vertex 2.23534 -4.75034 25
      vertex 2.00711 -4.8456 24.9493
      vertex 2.23551 -4.75514 24.9497
    endloop
  endfacet
  facet normal 0.366642 -0.926074 0.0892171
    outer loop
      vertex 2.00711 -4.8456 24.9493
      vertex 1.62234 -4.99305 25
      vertex 1.62376 -4.99743 24.9487
    endloop
  endfacet
  facet normal 0.37115 -0.924269 0.089297
    outer loop
      vertex 2.31747 -7.12837 0.0477598
      vertex 2.3163 -7.12884 0.047758
      vertex 2.31763 -7.13292 0
    endloop
  endfacet
  facet normal 0.585436 0.805775 0.0893937
    outer loop
      vertex 2.9162 4.3644 24.9406
      vertex 3.34648 4.04519 25
      vertex 3.34945 4.04879 24.9481
    endloop
  endfacet
  facet normal 0.585429 0.805775 0.0894451
    outer loop
      vertex 3.34648 4.04519 25
      vertex 2.9162 4.3644 24.9406
      vertex 2.81309 4.43272 25
    endloop
  endfacet
  facet normal 0.585387 0.805818 0.0893231
    outer loop
      vertex 2.81309 4.43272 25
      vertex 2.9162 4.3644 24.9406
      vertex 2.81756 4.43578 24.9431
    endloop
  endfacet
  facet normal 0.586234 0.805181 0.0895138
    outer loop
      vertex 4.78068 5.77885 0
      vertex 4.77699 5.77633 0.0468337
      vertex 4.77799 5.7756 0.046851
    endloop
  endfacet
  facet normal -0.366654 -0.926058 0.089333
    outer loop
      vertex -2.31763 -7.13292 0
      vertex -3.19146 -6.78221 0.049078
      vertex -3.19334 -6.7862 0
    endloop
  endfacet
  facet normal -0.366645 -0.926051 0.0894517
    outer loop
      vertex -3.19146 -6.78221 0.049078
      vertex -2.31763 -7.13292 0
      vertex -2.31747 -7.12837 0.0477598
    endloop
  endfacet
  facet normal -0.368084 -0.925469 0.0895592
    outer loop
      vertex -2.23534 -4.75034 25
      vertex -2.23727 -4.75444 24.9497
      vertex -2.23551 -4.75514 24.9497
    endloop
  endfacet
  facet normal 0.479821 -0.872798 0.0894195
    outer loop
      vertex 3.19334 -6.7862 0
      vertex 4.01678 -6.32943 0.0398552
      vertex 3.1926 -6.78158 0.0490653
    endloop
  endfacet
  facet normal 0.479817 -0.872795 0.0894693
    outer loop
      vertex 4.01678 -6.32943 0.0398552
      vertex 3.19334 -6.7862 0
      vertex 4.0187 -6.33246 0
    endloop
  endfacet
  facet normal 0.478556 -0.873482 0.0895191
    outer loop
      vertex 2.81583 -4.43704 24.9432
      vertex 2.81309 -4.43272 25
      vertex 2.81395 -4.43807 24.9432
    endloop
  endfacet
  facet normal -0.585423 0.80577 0.0895288
    outer loop
      vertex -4.02631 6.32253 0.0396099
      vertex -4.0187 6.33246 0
      vertex -4.30049 6.12344 0.0385994
    endloop
  endfacet
  facet normal -0.58561 0.805641 0.0894604
    outer loop
      vertex -4.0187 6.33246 0
      vertex -4.02631 6.32253 0.0396099
      vertex -4.01678 6.32943 0.0398552
    endloop
  endfacet
  facet normal -0.585422 0.805778 0.0894633
    outer loop
      vertex -3.94966 6.14783 2.11471
      vertex -4.15819 5.97858 2.27455
      vertex -3.64714 5.45833 10.3045
    endloop
  endfacet
  facet normal -0.585426 0.805775 0.0894616
    outer loop
      vertex -4.30049 6.12344 0.0385994
      vertex -3.94966 6.14783 2.11471
      vertex -4.02631 6.32253 0.0396099
    endloop
  endfacet
  facet normal -0.585423 0.805777 0.0894611
    outer loop
      vertex -3.94966 6.14783 2.11471
      vertex -4.30049 6.12344 0.0385994
      vertex -4.15819 5.97858 2.27455
    endloop
  endfacet
  facet normal -0.585425 0.80577 0.0895108
    outer loop
      vertex -4.78068 5.77885 0
      vertex -4.30049 6.12344 0.0385994
      vertex -4.0187 6.33246 0
    endloop
  endfacet
  facet normal -0.585425 0.805773 0.0894819
    outer loop
      vertex -4.30049 6.12344 0.0385994
      vertex -4.78068 5.77885 0
      vertex -4.77699 5.77633 0.0468337
    endloop
  endfacet
  facet normal -0.58974 0.802619 0.089493
    outer loop
      vertex -2.81583 4.43704 24.9432
      vertex -2.81756 4.43578 24.9431
      vertex -2.81309 4.43272 25
    endloop
  endfacet
  facet normal -0.839337 -0.536188 0.0895303
    outer loop
      vertex -6.06519 -4.40527 0.0415601
      vertex -6.06763 -4.40839 0
      vertex -6.0646 -4.40619 0.0415815
    endloop
  endfacet
  facet normal -0.840943 -0.533685 0.08941
    outer loop
      vertex -4.36226 -2.91477 24.9404
      vertex -4.60061 -2.52921 25
      vertex -4.6037 -2.53317 24.9473
    endloop
  endfacet
  facet normal -0.840945 -0.533684 0.0893966
    outer loop
      vertex -4.36226 -2.91477 24.9404
      vertex -4.24734 -3.08587 25
      vertex -4.60061 -2.52921 25
    endloop
  endfacet
  facet normal -0.840952 -0.533661 0.0894752
    outer loop
      vertex -4.24734 -3.08587 25
      vertex -4.36226 -2.91477 24.9404
      vertex -4.25139 -3.08881 24.9444
    endloop
  endfacet
  facet normal -0.841502 -0.532799 0.0894406
    outer loop
      vertex -5.47734 -3.65226 10.0592
      vertex -5.53073 -3.72065 9.14948
      vertex -5.44589 -3.63883 10.4351
    endloop
  endfacet
  facet normal 0.366613 0.926048 0.0896094
    outer loop
      vertex 2.00711 4.8456 24.9493
      vertex 2.23534 4.75034 25
      vertex 2.23551 4.75514 24.9497
    endloop
  endfacet
  facet normal 0.366658 0.926049 0.0894098
    outer loop
      vertex 2.23534 4.75034 25
      vertex 2.00711 4.8456 24.9493
      vertex 1.62234 4.99305 25
    endloop
  endfacet
  facet normal 0.366642 0.926074 0.0892171
    outer loop
      vertex 1.62234 4.99305 25
      vertex 2.00711 4.8456 24.9493
      vertex 1.62376 4.99743 24.9487
    endloop
  endfacet
  facet normal 0.37115 0.924269 0.089297
    outer loop
      vertex 2.31763 7.13292 0
      vertex 2.3163 7.12884 0.047758
      vertex 2.31747 7.12837 0.0477598
    endloop
  endfacet
  facet normal -0.947241 -0.307771 0.0895095
    outer loop
      vertex -5.08918 -1.30879 24.9455
      vertex -4.88133 -1.93265 25
      vertex -5.08506 -1.30562 25
    endloop
  endfacet
  facet normal -0.947248 -0.307783 0.0893976
    outer loop
      vertex -4.88133 -1.93265 25
      vertex -5.08918 -1.30879 24.9455
      vertex -4.8855 -1.93431 24.9501
    endloop
  endfacet
  facet normal -0.946584 -0.309822 0.0893858
    outer loop
      vertex -6.96957 -2.75804 0.0497291
      vertex -6.97332 -2.76093 0
      vertex -6.96916 -2.75929 0.0497383
    endloop
  endfacet
  facet normal -0.901202 -0.424067 0.089453
    outer loop
      vertex -6.97332 -2.76093 0
      vertex -6.56869 -3.61117 0.0457796
      vertex -6.9686 -2.76047 0.0497328
    endloop
  endfacet
  facet normal -0.901205 -0.42407 0.0894069
    outer loop
      vertex -6.56869 -3.61117 0.0457796
      vertex -6.97332 -2.76093 0
      vertex -6.5723 -3.61315 0
    endloop
  endfacet
  facet normal -0.898706 -0.429353 0.0893464
    outer loop
      vertex -4.60061 -2.52921 25
      vertex -4.60561 -2.52969 24.9474
      vertex -4.60476 -2.53149 24.9473
    endloop
  endfacet
  facet normal -0.681792 0.726041 0.0895791
    outer loop
      vertex -4.78068 5.77885 0
      vertex -5.46402 5.13105 0.0494907
      vertex -4.77889 5.77475 0.0468544
    endloop
  endfacet
  facet normal -0.681812 0.726046 0.0893807
    outer loop
      vertex -5.46402 5.13105 0.0494907
      vertex -4.78068 5.77885 0
      vertex -5.46726 5.1341 0
    endloop
  endfacet
  facet normal -0.680141 0.727593 0.0895394
    outer loop
      vertex -3.82899 3.59825 24.9499
      vertex -3.83037 3.59696 24.9499
      vertex -3.82708 3.59387 25
    endloop
  endfacet
  facet normal 0.124856 0.988133 0.089463
    outer loop
      vertex 1.29468 7.18705 2.1437
      vertex 1.40536 7.36715 0
      vertex 1.29568 7.37746 0.039196
    endloop
  endfacet
  facet normal 0.124854 0.988134 0.0894629
    outer loop
      vertex 1.40536 7.36715 0
      vertex 1.29468 7.18705 2.1437
      vertex 1.29448 7.14785 2.57695
    endloop
  endfacet
  facet normal 0.124835 0.988141 0.0894019
    outer loop
      vertex 0.470928 7.4852 0
      vertex 1.29568 7.37746 0.039196
      vertex 1.40536 7.36715 0
    endloop
  endfacet
  facet normal 0.124828 0.98813 0.0895343
    outer loop
      vertex 1.29568 7.37746 0.039196
      vertex 0.470928 7.4852 0
      vertex 0.470654 7.48084 0.0485004
    endloop
  endfacet
  facet normal 0.129656 0.987507 0.0895511
    outer loop
      vertex 0.329937 5.2442 24.9493
      vertex 0.32965 5.23964 25
      vertex 0.331834 5.24396 24.9492
    endloop
  endfacet
  facet normal -0.993912 -0.064219 0.0895269
    outer loop
      vertex -5.2086 -0.657999 25
      vertex -5.21351 -0.656591 24.9465
      vertex -5.21338 -0.658603 24.9465
    endloop
  endfacet
  facet normal -0.994017 -0.0625374 0.0895472
    outer loop
      vertex -7.5 0 0
      vertex -7.43688 -0.939496 0.0445439
      vertex -7.49543 -0.00131109 0.0498136
    endloop
  endfacet
  facet normal -0.994019 -0.0625387 0.0895219
    outer loop
      vertex -7.43688 -0.939496 0.0445439
      vertex -7.5 0 0
      vertex -7.44086 -0.939999 0
    endloop
  endfacet
  facet normal -0.901223 -0.424031 0.0894186
    outer loop
      vertex -4.85035 -2.00908 24.9498
      vertex -4.88133 -1.93265 25
      vertex -4.8855 -1.93431 24.9501
    endloop
  endfacet
  facet normal -0.901196 -0.424071 0.0894958
    outer loop
      vertex -4.85035 -2.00908 24.9498
      vertex -4.60061 -2.52921 25
      vertex -4.88133 -1.93265 25
    endloop
  endfacet
  facet normal -0.901194 -0.424066 0.0895347
    outer loop
      vertex -4.60061 -2.52921 25
      vertex -4.85035 -2.00908 24.9498
      vertex -4.60561 -2.52969 24.9474
    endloop
  endfacet
  facet normal -0.899652 -0.42737 0.0893364
    outer loop
      vertex -6.96916 -2.75929 0.0497383
      vertex -6.97332 -2.76093 0
      vertex -6.9686 -2.76047 0.0497328
    endloop
  endfacet
  facet normal 0.124828 -0.988143 0.0893977
    outer loop
      vertex 0.331834 -5.24396 24.9492
      vertex 0.983751 -5.15701 25
      vertex 0.32965 -5.23964 25
    endloop
  endfacet
  facet normal 0.124817 -0.988133 0.0895258
    outer loop
      vertex 0.983751 -5.15701 25
      vertex 0.331834 -5.24396 24.9492
      vertex 0.984732 -5.16215 24.9419
    endloop
  endfacet
  facet normal 0.124796 -0.988141 0.0894611
    outer loop
      vertex 1.40536 -7.36715 0
      vertex 1.29253 -6.77566 6.69069
      vertex 1.29448 -7.14785 2.57695
    endloop
  endfacet
  facet normal 0.681813 -0.726046 0.0893786
    outer loop
      vertex 3.34945 -4.04879 24.9481
      vertex 3.82708 -3.59387 25
      vertex 3.34648 -4.04519 25
    endloop
  endfacet
  facet normal 0.681802 -0.726045 0.0894675
    outer loop
      vertex 3.82708 -3.59387 25
      vertex 3.34945 -4.04879 24.9481
      vertex 3.82899 -3.59825 24.9499
    endloop
  endfacet
  facet normal 0.68369 -0.724265 0.0894962
    outer loop
      vertex 4.77889 -5.77475 0.0468544
      vertex 4.77799 -5.7756 0.046851
      vertex 4.78068 -5.77885 0
    endloop
  endfacet
  facet normal 0.681812 0.726046 0.0893807
    outer loop
      vertex 4.78068 5.77885 0
      vertex 5.46402 5.13105 0.0494907
      vertex 5.46726 5.1341 0
    endloop
  endfacet
  facet normal 0.681792 0.726041 0.0895791
    outer loop
      vertex 5.46402 5.13105 0.0494907
      vertex 4.78068 5.77885 0
      vertex 4.77889 5.77475 0.0468544
    endloop
  endfacet
  facet normal 0.680141 0.727593 0.0895394
    outer loop
      vertex 3.82899 3.59825 24.9499
      vertex 3.82708 3.59387 25
      vertex 3.83037 3.59696 24.9499
    endloop
  endfacet
  facet normal 0.978348 0.186639 0.0894469
    outer loop
      vertex 5.08506 1.30562 25
      vertex 5.14438 1.02328 24.9403
      vertex 5.08981 1.30684 24.9455
    endloop
  endfacet
  facet normal 0.978346 0.186629 0.0894916
    outer loop
      vertex 5.2086 0.657999 25
      vertex 5.14438 1.02328 24.9403
      vertex 5.08506 1.30562 25
    endloop
  endfacet
  facet normal 0.978345 0.18663 0.0894986
    outer loop
      vertex 5.14438 1.02328 24.9403
      vertex 5.2086 0.657999 25
      vertex 5.21301 0.660585 24.9464
    endloop
  endfacet
  facet normal 0.977626 0.190389 0.0894357
    outer loop
      vertex 7.26437 1.86517 0
      vertex 7.26061 1.86421 0.0431444
      vertex 7.26083 1.86309 0.0431238
    endloop
  endfacet
  facet normal 0.947248 0.307783 0.0893976
    outer loop
      vertex 4.88133 1.93265 25
      vertex 5.08918 1.30879 24.9455
      vertex 4.8855 1.93431 24.9501
    endloop
  endfacet
  facet normal 0.947241 0.307771 0.0895095
    outer loop
      vertex 5.08918 1.30879 24.9455
      vertex 4.88133 1.93265 25
      vertex 5.08506 1.30562 25
    endloop
  endfacet
  facet normal 0.946584 0.309822 0.0893858
    outer loop
      vertex 6.97332 2.76093 0
      vertex 6.96916 2.75929 0.0497383
      vertex 6.96957 2.75804 0.0497291
    endloop
  endfacet
  facet normal 0.901205 0.42407 0.0894069
    outer loop
      vertex 6.56869 3.61117 0.0457796
      vertex 6.97332 2.76093 0
      vertex 6.5723 3.61315 0
    endloop
  endfacet
  facet normal 0.901202 0.424067 0.089453
    outer loop
      vertex 6.97332 2.76093 0
      vertex 6.56869 3.61117 0.0457796
      vertex 6.9686 2.76047 0.0497328
    endloop
  endfacet
  facet normal 0.898706 0.429353 0.0893464
    outer loop
      vertex 4.60476 2.53149 24.9473
      vertex 4.60061 2.52921 25
      vertex 4.60561 2.52969 24.9474
    endloop
  endfacet
  facet normal -0.681812 -0.726046 0.0893807
    outer loop
      vertex -4.78068 -5.77885 0
      vertex -5.46402 -5.13105 0.0494907
      vertex -5.46726 -5.1341 0
    endloop
  endfacet
  facet normal -0.681792 -0.726041 0.0895791
    outer loop
      vertex -5.46402 -5.13105 0.0494907
      vertex -4.78068 -5.77885 0
      vertex -4.77889 -5.77475 0.0468544
    endloop
  endfacet
  facet normal -0.680141 -0.727593 0.0895394
    outer loop
      vertex -3.82708 -3.59387 25
      vertex -3.83037 -3.59696 24.9499
      vertex -3.82899 -3.59825 24.9499
    endloop
  endfacet
  facet normal -0.478556 -0.873482 0.0895191
    outer loop
      vertex -2.81309 -4.43272 25
      vertex -2.81583 -4.43704 24.9432
      vertex -2.81395 -4.43807 24.9432
    endloop
  endfacet
  facet normal -0.479817 -0.872795 0.0894693
    outer loop
      vertex -3.19334 -6.7862 0
      vertex -4.01678 -6.32943 0.0398552
      vertex -4.0187 -6.33246 0
    endloop
  endfacet
  facet normal -0.479821 -0.872798 0.0894195
    outer loop
      vertex -4.01678 -6.32943 0.0398552
      vertex -3.19334 -6.7862 0
      vertex -3.1926 -6.78158 0.0490653
    endloop
  endfacet
  facet normal 0.947241 -0.307771 0.0895095
    outer loop
      vertex 4.88133 -1.93265 25
      vertex 5.08918 -1.30879 24.9455
      vertex 5.08506 -1.30562 25
    endloop
  endfacet
  facet normal 0.947248 -0.307783 0.0893976
    outer loop
      vertex 5.08918 -1.30879 24.9455
      vertex 4.88133 -1.93265 25
      vertex 4.8855 -1.93431 24.9501
    endloop
  endfacet
  facet normal 0.946584 -0.309822 0.0893858
    outer loop
      vertex 6.96957 -2.75804 0.0497291
      vertex 6.96916 -2.75929 0.0497383
      vertex 6.97332 -2.76093 0
    endloop
  endfacet
  facet normal 0.124796 0.988141 0.0894611
    outer loop
      vertex 1.29448 7.14785 2.57695
      vertex 1.29253 6.77566 6.69069
      vertex 1.40536 7.36715 0
    endloop
  endfacet
  facet normal 0.124828 0.988143 0.0893977
    outer loop
      vertex 0.983751 5.15701 25
      vertex 0.331834 5.24396 24.9492
      vertex 0.32965 5.23964 25
    endloop
  endfacet
  facet normal 0.124817 0.988133 0.0895258
    outer loop
      vertex 0.331834 5.24396 24.9492
      vertex 0.983751 5.15701 25
      vertex 0.984732 5.16215 24.9419
    endloop
  endfacet
  facet normal -0.99402 0.0625374 0.0895219
    outer loop
      vertex -7.44086 0.939999 0
      vertex -7.49543 0.00131109 0.0498136
      vertex -7.43688 0.939496 0.0445439
    endloop
  endfacet
  facet normal -0.994017 0.0625386 0.0895471
    outer loop
      vertex -7.49543 0.00131109 0.0498136
      vertex -7.44086 0.939999 0
      vertex -7.5 0 0
    endloop
  endfacet
  facet normal -0.993912 0.064219 0.0895269
    outer loop
      vertex -5.21338 0.658603 24.9465
      vertex -5.21351 0.656591 24.9465
      vertex -5.2086 0.657999 25
    endloop
  endfacet
  facet normal -0.586234 0.805181 0.0895138
    outer loop
      vertex -4.77699 5.77633 0.0468337
      vertex -4.78068 5.77885 0
      vertex -4.77799 5.7756 0.046851
    endloop
  endfacet
  facet normal -0.585429 0.805775 0.0894451
    outer loop
      vertex -2.9162 4.3644 24.9406
      vertex -3.34648 4.04519 25
      vertex -2.81309 4.43272 25
    endloop
  endfacet
  facet normal -0.585387 0.805818 0.0893231
    outer loop
      vertex -2.9162 4.3644 24.9406
      vertex -2.81309 4.43272 25
      vertex -2.81756 4.43578 24.9431
    endloop
  endfacet
  facet normal -0.585436 0.805775 0.0893937
    outer loop
      vertex -3.34648 4.04519 25
      vertex -2.9162 4.3644 24.9406
      vertex -3.34945 4.04879 24.9481
    endloop
  endfacet
  facet normal 0.247688 -0.964692 0.0895514
    outer loop
      vertex 1.02479 -5.15195 24.941
      vertex 1.62234 -4.99305 25
      vertex 0.983751 -5.15701 25
    endloop
  endfacet
  facet normal 0.247655 -0.964703 0.0895271
    outer loop
      vertex 1.02479 -5.15195 24.941
      vertex 0.983751 -5.15701 25
      vertex 0.984732 -5.16215 24.9419
    endloop
  endfacet
  facet normal 0.247705 -0.964701 0.089408
    outer loop
      vertex 1.62234 -4.99305 25
      vertex 1.02479 -5.15195 24.941
      vertex 1.62189 -4.99792 24.9487
    endloop
  endfacet
  facet normal 0.247712 -0.964694 0.0894632
    outer loop
      vertex 1.29253 -6.77566 6.69069
      vertex 1.45089 -6.86898 5.24593
      vertex 1.28511 -6.46069 10.1076
    endloop
  endfacet
  facet normal 0.24769 -0.9647 0.0894612
    outer loop
      vertex 1.45089 -6.86898 5.24593
      vertex 1.29253 -6.77566 6.69069
      vertex 1.40536 -7.36715 0
    endloop
  endfacet
  facet normal 0.585429 -0.805775 0.0894451
    outer loop
      vertex 2.9162 -4.3644 24.9406
      vertex 3.34648 -4.04519 25
      vertex 2.81309 -4.43272 25
    endloop
  endfacet
  facet normal 0.585387 -0.805818 0.0893231
    outer loop
      vertex 2.9162 -4.3644 24.9406
      vertex 2.81309 -4.43272 25
      vertex 2.81756 -4.43578 24.9431
    endloop
  endfacet
  facet normal 0.585436 -0.805775 0.0893937
    outer loop
      vertex 3.34648 -4.04519 25
      vertex 2.9162 -4.3644 24.9406
      vertex 3.34945 -4.04879 24.9481
    endloop
  endfacet
  facet normal 0.586234 -0.805181 0.0895138
    outer loop
      vertex 4.77799 -5.7756 0.046851
      vertex 4.77699 -5.77633 0.0468337
      vertex 4.78068 -5.77885 0
    endloop
  endfacet
  facet normal 0.841063 -0.533488 0.0894666
    outer loop
      vertex 5.53073 -3.72065 9.14948
      vertex 6.12701 -3.92977 2.29696
      vertex 5.47734 -3.65226 10.0592
    endloop
  endfacet
  facet normal 0.84094 -0.533681 0.0894619
    outer loop
      vertex 5.98934 -4.16294 2.20009
      vertex 6.12701 -3.92977 2.29696
      vertex 5.53073 -3.72065 9.14948
    endloop
  endfacet
  facet normal 0.84094 -0.533682 0.0894643
    outer loop
      vertex 6.12701 -3.92977 2.29696
      vertex 5.98934 -4.16294 2.20009
      vertex 6.31603 -4.01052 0.038525
    endloop
  endfacet
  facet normal 0.840951 -0.533675 0.089396
    outer loop
      vertex 6.31603 -4.01052 0.038525
      vertex 6.5723 -3.61315 0
      vertex 6.56869 -3.61117 0.0457796
    endloop
  endfacet
  facet normal 0.840933 -0.533692 0.0894626
    outer loop
      vertex 6.13195 -4.30047 0.0391397
      vertex 6.31603 -4.01052 0.038525
      vertex 5.98934 -4.16294 2.20009
    endloop
  endfacet
  facet normal 0.840923 -0.533685 0.0896057
    outer loop
      vertex 6.06763 -4.40839 0
      vertex 6.31603 -4.01052 0.038525
      vertex 6.13195 -4.30047 0.0391397
    endloop
  endfacet
  facet normal 0.840964 -0.533648 0.0894352
    outer loop
      vertex 6.06763 -4.40839 0
      vertex 6.13195 -4.30047 0.0391397
      vertex 6.06519 -4.40527 0.0415601
    endloop
  endfacet
  facet normal 0.840952 -0.53368 0.0893593
    outer loop
      vertex 6.31603 -4.01052 0.038525
      vertex 6.06763 -4.40839 0
      vertex 6.5723 -3.61315 0
    endloop
  endfacet
  facet normal 0.842347 -0.531481 0.0893267
    outer loop
      vertex 4.60476 -2.53149 24.9473
      vertex 4.60061 -2.52921 25
      vertex 4.6037 -2.53317 24.9473
    endloop
  endfacet
  facet normal -0.124828 0.98813 0.0895343
    outer loop
      vertex -0.470654 7.48084 0.0485004
      vertex -0.470928 7.4852 0
      vertex -1.29568 7.37746 0.039196
    endloop
  endfacet
  facet normal -0.124854 0.988134 0.0894629
    outer loop
      vertex -1.29468 7.18705 2.1437
      vertex -1.40536 7.36715 0
      vertex -1.29448 7.14785 2.57695
    endloop
  endfacet
  facet normal -0.124856 0.988133 0.089463
    outer loop
      vertex -1.29568 7.37746 0.039196
      vertex -1.40536 7.36715 0
      vertex -1.29468 7.18705 2.1437
    endloop
  endfacet
  facet normal -0.124835 0.988141 0.0894019
    outer loop
      vertex -1.40536 7.36715 0
      vertex -1.29568 7.37746 0.039196
      vertex -0.470928 7.4852 0
    endloop
  endfacet
  facet normal -0.129656 0.987507 0.0895511
    outer loop
      vertex -0.329937 5.2442 24.9493
      vertex -0.331834 5.24396 24.9492
      vertex -0.32965 5.23964 25
    endloop
  endfacet
  facet normal -0.978345 -0.18663 0.0894986
    outer loop
      vertex -5.14438 -1.02328 24.9403
      vertex -5.2086 -0.657999 25
      vertex -5.21301 -0.660585 24.9464
    endloop
  endfacet
  facet normal -0.978346 -0.186629 0.0894916
    outer loop
      vertex -5.14438 -1.02328 24.9403
      vertex -5.08506 -1.30562 25
      vertex -5.2086 -0.657999 25
    endloop
  endfacet
  facet normal -0.978348 -0.186639 0.0894469
    outer loop
      vertex -5.08506 -1.30562 25
      vertex -5.14438 -1.02328 24.9403
      vertex -5.08981 -1.30684 24.9455
    endloop
  endfacet
  facet normal -0.977626 -0.190389 0.0894357
    outer loop
      vertex -7.26083 -1.86309 0.0431238
      vertex -7.26437 -1.86517 0
      vertex -7.26061 -1.86421 0.0431444
    endloop
  endfacet
  facet normal -0.978348 0.186639 0.0894469
    outer loop
      vertex -5.14438 1.02328 24.9403
      vertex -5.08506 1.30562 25
      vertex -5.08981 1.30684 24.9455
    endloop
  endfacet
  facet normal -0.978345 0.18663 0.0894986
    outer loop
      vertex -5.2086 0.657999 25
      vertex -5.14438 1.02328 24.9403
      vertex -5.21301 0.660585 24.9464
    endloop
  endfacet
  facet normal -0.978346 0.186629 0.0894916
    outer loop
      vertex -5.14438 1.02328 24.9403
      vertex -5.2086 0.657999 25
      vertex -5.08506 1.30562 25
    endloop
  endfacet
  facet normal -0.977626 0.190389 0.0894357
    outer loop
      vertex -7.26061 1.86421 0.0431444
      vertex -7.26437 1.86517 0
      vertex -7.26083 1.86309 0.0431238
    endloop
  endfacet
  facet normal 0.479817 0.872786 0.0895521
    outer loop
      vertex 2.81309 4.43272 25
      vertex 2.23727 4.75444 24.9497
      vertex 2.23534 4.75034 25
    endloop
  endfacet
  facet normal 0.479826 0.87279 0.0894731
    outer loop
      vertex 2.23727 4.75444 24.9497
      vertex 2.81309 4.43272 25
      vertex 2.81395 4.43807 24.9432
    endloop
  endfacet
  facet normal 0.482515 0.871322 0.0893211
    outer loop
      vertex 3.19334 6.7862 0
      vertex 3.19146 6.78221 0.049078
      vertex 3.1926 6.78158 0.0490653
    endloop
  endfacet
  facet normal 0 0.99598 0.0895792
    outer loop
      vertex 0.329937 5.2442 24.9493
      vertex -0.32965 5.23964 25
      vertex 0.32965 5.23964 25
    endloop
  endfacet
  facet normal 0 0.99598 0.0895792
    outer loop
      vertex -0.32965 5.23964 25
      vertex 0.329937 5.2442 24.9493
      vertex -0.329937 5.2442 24.9493
    endloop
  endfacet
  facet normal 0 0.995984 0.0895351
    outer loop
      vertex 0.470928 7.4852 0
      vertex -0.470654 7.48084 0.0485004
      vertex 0.470654 7.48084 0.0485004
    endloop
  endfacet
  facet normal 0 0.995984 0.0895351
    outer loop
      vertex -0.470654 7.48084 0.0485004
      vertex 0.470928 7.4852 0
      vertex -0.470928 7.4852 0
    endloop
  endfacet
  facet normal 0.368084 0.925469 0.0895592
    outer loop
      vertex 2.23551 4.75514 24.9497
      vertex 2.23534 4.75034 25
      vertex 2.23727 4.75444 24.9497
    endloop
  endfacet
  facet normal 0.366654 0.926058 0.089333
    outer loop
      vertex 2.31763 7.13292 0
      vertex 3.19146 6.78221 0.049078
      vertex 3.19334 6.7862 0
    endloop
  endfacet
  facet normal 0.366645 0.926051 0.0894517
    outer loop
      vertex 3.19146 6.78221 0.049078
      vertex 2.31763 7.13292 0
      vertex 2.31747 7.12837 0.0477598
    endloop
  endfacet
  facet normal -0.840964 0.533648 0.0894352
    outer loop
      vertex -6.06763 4.40839 0
      vertex -6.13195 4.30047 0.0391397
      vertex -6.06519 4.40527 0.0415601
    endloop
  endfacet
  facet normal -0.840933 0.533692 0.0894626
    outer loop
      vertex -6.13195 4.30047 0.0391397
      vertex -6.31603 4.01052 0.038525
      vertex -5.98934 4.16294 2.20009
    endloop
  endfacet
  facet normal -0.840923 0.533685 0.0896057
    outer loop
      vertex -6.06763 4.40839 0
      vertex -6.31603 4.01052 0.038525
      vertex -6.13195 4.30047 0.0391397
    endloop
  endfacet
  facet normal -0.840952 0.53368 0.0893593
    outer loop
      vertex -6.5723 3.61315 0
      vertex -6.31603 4.01052 0.038525
      vertex -6.06763 4.40839 0
    endloop
  endfacet
  facet normal -0.840951 0.533675 0.089396
    outer loop
      vertex -6.31603 4.01052 0.038525
      vertex -6.5723 3.61315 0
      vertex -6.56869 3.61117 0.0457796
    endloop
  endfacet
  facet normal -0.84094 0.533682 0.0894643
    outer loop
      vertex -6.12701 3.92977 2.29696
      vertex -5.98934 4.16294 2.20009
      vertex -6.31603 4.01052 0.038525
    endloop
  endfacet
  facet normal -0.84094 0.533681 0.0894619
    outer loop
      vertex -6.12701 3.92977 2.29696
      vertex -5.53073 3.72065 9.14948
      vertex -5.98934 4.16294 2.20009
    endloop
  endfacet
  facet normal -0.841063 0.533488 0.0894666
    outer loop
      vertex -5.53073 3.72065 9.14948
      vertex -6.12701 3.92977 2.29696
      vertex -5.47734 3.65226 10.0592
    endloop
  endfacet
  facet normal -0.842347 0.531481 0.0893267
    outer loop
      vertex -4.6037 2.53317 24.9473
      vertex -4.60476 2.53149 24.9473
      vertex -4.60061 2.52921 25
    endloop
  endfacet
  facet normal 0.681802 0.726045 0.0894675
    outer loop
      vertex 3.34945 4.04879 24.9481
      vertex 3.82708 3.59387 25
      vertex 3.82899 3.59825 24.9499
    endloop
  endfacet
  facet normal 0.681813 0.726046 0.0893786
    outer loop
      vertex 3.82708 3.59387 25
      vertex 3.34945 4.04879 24.9481
      vertex 3.34648 4.04519 25
    endloop
  endfacet
  facet normal 0.68369 0.724265 0.0894962
    outer loop
      vertex 4.78068 5.77885 0
      vertex 4.77799 5.7756 0.046851
      vertex 4.77889 5.77475 0.0468544
    endloop
  endfacet
  facet normal 0.901202 -0.424067 0.089453
    outer loop
      vertex 6.56869 -3.61117 0.0457796
      vertex 6.97332 -2.76093 0
      vertex 6.9686 -2.76047 0.0497328
    endloop
  endfacet
  facet normal 0.901205 -0.42407 0.0894069
    outer loop
      vertex 6.97332 -2.76093 0
      vertex 6.56869 -3.61117 0.0457796
      vertex 6.5723 -3.61315 0
    endloop
  endfacet
  facet normal 0.898706 -0.429353 0.0893464
    outer loop
      vertex 4.60561 -2.52969 24.9474
      vertex 4.60061 -2.52921 25
      vertex 4.60476 -2.53149 24.9473
    endloop
  endfacet
  facet normal -0.247712 -0.964694 0.0894632
    outer loop
      vertex -1.45089 -6.86898 5.24593
      vertex -1.29253 -6.77566 6.69069
      vertex -1.28511 -6.46069 10.1076
    endloop
  endfacet
  facet normal -0.24769 -0.9647 0.0894612
    outer loop
      vertex -1.29253 -6.77566 6.69069
      vertex -1.45089 -6.86898 5.24593
      vertex -1.40536 -7.36715 0
    endloop
  endfacet
  facet normal -0.247705 -0.964701 0.089408
    outer loop
      vertex -1.02479 -5.15195 24.941
      vertex -1.62234 -4.99305 25
      vertex -1.62189 -4.99792 24.9487
    endloop
  endfacet
  facet normal -0.247688 -0.964692 0.0895514
    outer loop
      vertex -1.62234 -4.99305 25
      vertex -1.02479 -5.15195 24.941
      vertex -0.983751 -5.15701 25
    endloop
  endfacet
  facet normal -0.247655 -0.964703 0.0895271
    outer loop
      vertex -0.983751 -5.15701 25
      vertex -1.02479 -5.15195 24.941
      vertex -0.984732 -5.16215 24.9419
    endloop
  endfacet
  facet normal 0.767417 -0.634859 0.0895843
    outer loop
      vertex 5.46402 -5.13105 0.0494907
      vertex 6.06763 -4.40839 0
      vertex 6.0639 -4.40703 0.0415907
    endloop
  endfacet
  facet normal 0.767425 -0.63488 0.0893671
    outer loop
      vertex 6.06763 -4.40839 0
      vertex 5.46402 -5.13105 0.0494907
      vertex 5.46726 -5.1341 0
    endloop
  endfacet
  facet normal 0.769438 -0.632415 0.0895332
    outer loop
      vertex 3.83157 -3.5955 24.9499
      vertex 3.82708 -3.59387 25
      vertex 3.83037 -3.59696 24.9499
    endloop
  endfacet
  facet normal -0.58974 -0.802619 0.089493
    outer loop
      vertex -2.81309 -4.43272 25
      vertex -2.81756 -4.43578 24.9431
      vertex -2.81583 -4.43704 24.9432
    endloop
  endfacet
  facet normal -0.585425 -0.805773 0.0894819
    outer loop
      vertex -4.77699 -5.77633 0.0468337
      vertex -4.78068 -5.77885 0
      vertex -4.30049 -6.12344 0.0385994
    endloop
  endfacet
  facet normal -0.585422 -0.805778 0.0894633
    outer loop
      vertex -4.15819 -5.97858 2.27455
      vertex -3.94966 -6.14783 2.11471
      vertex -3.64714 -5.45833 10.3045
    endloop
  endfacet
  facet normal -0.585423 -0.805777 0.0894611
    outer loop
      vertex -4.30049 -6.12344 0.0385994
      vertex -3.94966 -6.14783 2.11471
      vertex -4.15819 -5.97858 2.27455
    endloop
  endfacet
  facet normal -0.585426 -0.805775 0.0894616
    outer loop
      vertex -3.94966 -6.14783 2.11471
      vertex -4.30049 -6.12344 0.0385994
      vertex -4.02631 -6.32253 0.0396099
    endloop
  endfacet
  facet normal -0.585425 -0.80577 0.0895108
    outer loop
      vertex -4.0187 -6.33246 0
      vertex -4.30049 -6.12344 0.0385994
      vertex -4.78068 -5.77885 0
    endloop
  endfacet
  facet normal -0.585423 -0.80577 0.0895288
    outer loop
      vertex -4.30049 -6.12344 0.0385994
      vertex -4.0187 -6.33246 0
      vertex -4.02631 -6.32253 0.0396099
    endloop
  endfacet
  facet normal -0.58561 -0.805641 0.0894604
    outer loop
      vertex -4.02631 -6.32253 0.0396099
      vertex -4.0187 -6.33246 0
      vertex -4.01678 -6.32943 0.0398552
    endloop
  endfacet
  facet normal 0.947755 0.306198 0.0894569
    outer loop
      vertex 5.08918 1.30879 24.9455
      vertex 5.08506 1.30562 25
      vertex 5.08981 1.30684 24.9455
    endloop
  endfacet
  facet normal 0.947255 0.307782 0.0893179
    outer loop
      vertex 6.96957 2.75804 0.0497291
      vertex 7.26437 1.86517 0
      vertex 6.97332 2.76093 0
    endloop
  endfacet
  facet normal 0.94725 0.307775 0.0894003
    outer loop
      vertex 7.26437 1.86517 0
      vertex 6.96957 2.75804 0.0497291
      vertex 7.26061 1.86421 0.0431444
    endloop
  endfacet
  facet normal 0.978345 0.186649 0.0894596
    outer loop
      vertex 7.11718 1.55381 2.2592
      vertex 7.16526 1.28624 2.29165
      vertex 7.37076 1.28896 0.0385932
    endloop
  endfacet
  facet normal 0.978345 0.18665 0.0894623
    outer loop
      vertex 7.16526 1.28624 2.29165
      vertex 7.11718 1.55381 2.2592
      vertex 6.41654 1.27633 10.5002
    endloop
  endfacet
  facet normal 0.978361 0.186633 0.0893148
    outer loop
      vertex 7.30596 1.62858 0.0387995
      vertex 7.26437 1.86517 0
      vertex 7.26083 1.86309 0.0431238
    endloop
  endfacet
  facet normal 0.978351 0.186616 0.0894642
    outer loop
      vertex 7.37076 1.28896 0.0385932
      vertex 7.30596 1.62858 0.0387995
      vertex 7.11718 1.55381 2.2592
    endloop
  endfacet
  facet normal 0.978371 0.186621 0.08923
    outer loop
      vertex 7.37076 1.28896 0.0385932
      vertex 7.26437 1.86517 0
      vertex 7.30596 1.62858 0.0387995
    endloop
  endfacet
  facet normal 0.978344 0.186634 0.0895
    outer loop
      vertex 7.37076 1.28896 0.0385932
      vertex 7.44086 0.939999 0
      vertex 7.26437 1.86517 0
    endloop
  endfacet
  facet normal 0.978343 0.186631 0.0895225
    outer loop
      vertex 7.44086 0.939999 0
      vertex 7.37076 1.28896 0.0385932
      vertex 7.43688 0.939496 0.0445439
    endloop
  endfacet
  facet normal 0.978247 0.187136 0.089515
    outer loop
      vertex 5.21301 0.660585 24.9464
      vertex 5.2086 0.657999 25
      vertex 5.21338 0.658603 24.9465
    endloop
  endfacet
  facet normal -0.993612 0.0689512 0.0893411
    outer loop
      vertex -7.5 0 0
      vertex -7.49552 4.69902e-06 0.0498209
      vertex -7.49543 0.00131109 0.0498136
    endloop
  endfacet
  facet normal -0.995981 0 0.0895607
    outer loop
      vertex -7.49552 4.69902e-06 0.0498209
      vertex -7.5 0 0
      vertex -7.49552 0 0.0498209
    endloop
  endfacet
  facet normal -0.994029 0.0625294 0.0894227
    outer loop
      vertex -5.25 0 25
      vertex -5.21351 0.656591 24.9465
      vertex -5.25448 0 24.9502
    endloop
  endfacet
  facet normal -0.994014 0.0625414 0.0895804
    outer loop
      vertex -5.21351 0.656591 24.9465
      vertex -5.25 0 25
      vertex -5.2086 0.657999 25
    endloop
  endfacet
  facet normal -0.124796 -0.988141 0.0894611
    outer loop
      vertex -1.29253 -6.77566 6.69069
      vertex -1.40536 -7.36715 0
      vertex -1.29448 -7.14785 2.57695
    endloop
  endfacet
  facet normal -0.124828 -0.988143 0.0893977
    outer loop
      vertex -0.983751 -5.15701 25
      vertex -0.331834 -5.24396 24.9492
      vertex -0.32965 -5.23964 25
    endloop
  endfacet
  facet normal -0.124817 -0.988133 0.0895258
    outer loop
      vertex -0.331834 -5.24396 24.9492
      vertex -0.983751 -5.15701 25
      vertex -0.984732 -5.16215 24.9419
    endloop
  endfacet
  facet normal 0.978345 -0.18665 0.0894623
    outer loop
      vertex 7.11718 -1.55381 2.2592
      vertex 7.16526 -1.28624 2.29165
      vertex 6.41654 -1.27633 10.5002
    endloop
  endfacet
  facet normal 0.978345 -0.186649 0.0894596
    outer loop
      vertex 7.16526 -1.28624 2.29165
      vertex 7.11718 -1.55381 2.2592
      vertex 7.37076 -1.28896 0.0385932
    endloop
  endfacet
  facet normal 0.978343 -0.186631 0.0895225
    outer loop
      vertex 7.37076 -1.28896 0.0385932
      vertex 7.44086 -0.939999 0
      vertex 7.43688 -0.939496 0.0445439
    endloop
  endfacet
  facet normal 0.978351 -0.186616 0.0894642
    outer loop
      vertex 7.30596 -1.62858 0.0387995
      vertex 7.37076 -1.28896 0.0385932
      vertex 7.11718 -1.55381 2.2592
    endloop
  endfacet
  facet normal 0.978371 -0.186621 0.08923
    outer loop
      vertex 7.26437 -1.86517 0
      vertex 7.37076 -1.28896 0.0385932
      vertex 7.30596 -1.62858 0.0387995
    endloop
  endfacet
  facet normal 0.978361 -0.186633 0.0893148
    outer loop
      vertex 7.26437 -1.86517 0
      vertex 7.30596 -1.62858 0.0387995
      vertex 7.26083 -1.86309 0.0431238
    endloop
  endfacet
  facet normal 0.978344 -0.186634 0.0895
    outer loop
      vertex 7.37076 -1.28896 0.0385932
      vertex 7.26437 -1.86517 0
      vertex 7.44086 -0.939999 0
    endloop
  endfacet
  facet normal 0.978247 -0.187136 0.089515
    outer loop
      vertex 5.21338 -0.658603 24.9465
      vertex 5.2086 -0.657999 25
      vertex 5.21301 -0.660585 24.9464
    endloop
  endfacet
  facet normal -0.978247 -0.187136 0.089515
    outer loop
      vertex -5.2086 -0.657999 25
      vertex -5.21338 -0.658603 24.9465
      vertex -5.21301 -0.660585 24.9464
    endloop
  endfacet
  facet normal -0.978343 -0.186631 0.0895225
    outer loop
      vertex -7.44086 -0.939999 0
      vertex -7.37076 -1.28896 0.0385932
      vertex -7.43688 -0.939496 0.0445439
    endloop
  endfacet
  facet normal -0.978351 -0.186616 0.0894642
    outer loop
      vertex -7.37076 -1.28896 0.0385932
      vertex -7.30596 -1.62858 0.0387995
      vertex -7.11718 -1.55381 2.2592
    endloop
  endfacet
  facet normal -0.978344 -0.186634 0.0895
    outer loop
      vertex -7.26437 -1.86517 0
      vertex -7.37076 -1.28896 0.0385932
      vertex -7.44086 -0.939999 0
    endloop
  endfacet
  facet normal -0.978371 -0.186621 0.08923
    outer loop
      vertex -7.37076 -1.28896 0.0385932
      vertex -7.26437 -1.86517 0
      vertex -7.30596 -1.62858 0.0387995
    endloop
  endfacet
  facet normal -0.978361 -0.186633 0.0893148
    outer loop
      vertex -7.30596 -1.62858 0.0387995
      vertex -7.26437 -1.86517 0
      vertex -7.26083 -1.86309 0.0431238
    endloop
  endfacet
  facet normal -0.978345 -0.186649 0.0894596
    outer loop
      vertex -7.11718 -1.55381 2.2592
      vertex -7.16526 -1.28624 2.29165
      vertex -7.37076 -1.28896 0.0385932
    endloop
  endfacet
  facet normal -0.978345 -0.18665 0.0894623
    outer loop
      vertex -7.16526 -1.28624 2.29165
      vertex -7.11718 -1.55381 2.2592
      vertex -6.41654 -1.27633 10.5002
    endloop
  endfacet
  facet normal -0.947755 -0.306198 0.0894569
    outer loop
      vertex -5.08506 -1.30562 25
      vertex -5.08981 -1.30684 24.9455
      vertex -5.08918 -1.30879 24.9455
    endloop
  endfacet
  facet normal -0.94725 -0.307775 0.0894003
    outer loop
      vertex -7.26437 -1.86517 0
      vertex -6.96957 -2.75804 0.0497291
      vertex -7.26061 -1.86421 0.0431444
    endloop
  endfacet
  facet normal -0.947255 -0.307782 0.0893179
    outer loop
      vertex -6.96957 -2.75804 0.0497291
      vertex -7.26437 -1.86517 0
      vertex -6.97332 -2.76093 0
    endloop
  endfacet
  facet normal -0.37115 -0.924269 0.089297
    outer loop
      vertex -2.31747 -7.12837 0.0477598
      vertex -2.31763 -7.13292 0
      vertex -2.3163 -7.12884 0.047758
    endloop
  endfacet
  facet normal -0.366613 -0.926048 0.0896094
    outer loop
      vertex -2.00711 -4.8456 24.9493
      vertex -2.23534 -4.75034 25
      vertex -2.23551 -4.75514 24.9497
    endloop
  endfacet
  facet normal -0.366658 -0.926049 0.0894098
    outer loop
      vertex -2.23534 -4.75034 25
      vertex -2.00711 -4.8456 24.9493
      vertex -1.62234 -4.99305 25
    endloop
  endfacet
  facet normal -0.366642 -0.926074 0.0892171
    outer loop
      vertex -1.62234 -4.99305 25
      vertex -2.00711 -4.8456 24.9493
      vertex -1.62376 -4.99743 24.9487
    endloop
  endfacet
  facet normal -0.124856 -0.988133 0.089463
    outer loop
      vertex -1.29468 -7.18705 2.1437
      vertex -1.40536 -7.36715 0
      vertex -1.29568 -7.37746 0.039196
    endloop
  endfacet
  facet normal -0.124854 -0.988134 0.0894629
    outer loop
      vertex -1.40536 -7.36715 0
      vertex -1.29468 -7.18705 2.1437
      vertex -1.29448 -7.14785 2.57695
    endloop
  endfacet
  facet normal -0.124835 -0.988141 0.0894019
    outer loop
      vertex -0.470928 -7.4852 0
      vertex -1.29568 -7.37746 0.039196
      vertex -1.40536 -7.36715 0
    endloop
  endfacet
  facet normal -0.124828 -0.98813 0.0895343
    outer loop
      vertex -1.29568 -7.37746 0.039196
      vertex -0.470928 -7.4852 0
      vertex -0.470654 -7.48084 0.0485004
    endloop
  endfacet
  facet normal -0.129656 -0.987507 0.0895511
    outer loop
      vertex -0.32965 -5.23964 25
      vertex -0.331834 -5.24396 24.9492
      vertex -0.329937 -5.2442 24.9493
    endloop
  endfacet
  facet normal -0.767417 -0.634859 0.0895843
    outer loop
      vertex -6.06763 -4.40839 0
      vertex -5.46402 -5.13105 0.0494907
      vertex -6.0639 -4.40703 0.0415907
    endloop
  endfacet
  facet normal -0.767425 -0.63488 0.0893671
    outer loop
      vertex -5.46402 -5.13105 0.0494907
      vertex -6.06763 -4.40839 0
      vertex -5.46726 -5.1341 0
    endloop
  endfacet
  facet normal -0.769438 -0.632415 0.0895332
    outer loop
      vertex -3.82708 -3.59387 25
      vertex -3.83157 -3.5955 24.9499
      vertex -3.83037 -3.59696 24.9499
    endloop
  endfacet
  facet normal -0.978361 0.186633 0.0893148
    outer loop
      vertex -7.26437 1.86517 0
      vertex -7.30596 1.62858 0.0387995
      vertex -7.26083 1.86309 0.0431238
    endloop
  endfacet
  facet normal -0.978351 0.186616 0.0894642
    outer loop
      vertex -7.30596 1.62858 0.0387995
      vertex -7.37076 1.28896 0.0385932
      vertex -7.11718 1.55381 2.2592
    endloop
  endfacet
  facet normal -0.978371 0.186621 0.08923
    outer loop
      vertex -7.26437 1.86517 0
      vertex -7.37076 1.28896 0.0385932
      vertex -7.30596 1.62858 0.0387995
    endloop
  endfacet
  facet normal -0.978344 0.186634 0.0895
    outer loop
      vertex -7.44086 0.939999 0
      vertex -7.37076 1.28896 0.0385932
      vertex -7.26437 1.86517 0
    endloop
  endfacet
  facet normal -0.978343 0.186631 0.0895225
    outer loop
      vertex -7.37076 1.28896 0.0385932
      vertex -7.44086 0.939999 0
      vertex -7.43688 0.939496 0.0445439
    endloop
  endfacet
  facet normal -0.978345 0.186649 0.0894596
    outer loop
      vertex -7.16526 1.28624 2.29165
      vertex -7.11718 1.55381 2.2592
      vertex -7.37076 1.28896 0.0385932
    endloop
  endfacet
  facet normal -0.978345 0.18665 0.0894623
    outer loop
      vertex -7.11718 1.55381 2.2592
      vertex -7.16526 1.28624 2.29165
      vertex -6.41654 1.27633 10.5002
    endloop
  endfacet
  facet normal -0.978247 0.187136 0.089515
    outer loop
      vertex -5.21301 0.660585 24.9464
      vertex -5.21338 0.658603 24.9465
      vertex -5.2086 0.657999 25
    endloop
  endfacet
  facet normal -0.901194 0.424066 0.0895347
    outer loop
      vertex -4.85035 2.00908 24.9498
      vertex -4.60061 2.52921 25
      vertex -4.60561 2.52969 24.9474
    endloop
  endfacet
  facet normal -0.901223 0.424031 0.0894186
    outer loop
      vertex -4.88133 1.93265 25
      vertex -4.85035 2.00908 24.9498
      vertex -4.8855 1.93431 24.9501
    endloop
  endfacet
  facet normal -0.901196 0.424071 0.0894958
    outer loop
      vertex -4.85035 2.00908 24.9498
      vertex -4.88133 1.93265 25
      vertex -4.60061 2.52921 25
    endloop
  endfacet
  facet normal -0.899652 0.42737 0.0893364
    outer loop
      vertex -6.9686 2.76047 0.0497328
      vertex -6.97332 2.76093 0
      vertex -6.96916 2.75929 0.0497383
    endloop
  endfacet
  facet normal 0.247693 -0.964699 0.0894629
    outer loop
      vertex 1.55394 -7.12278 2.22373
      vertex 1.40536 -7.36715 0
      vertex 1.62845 -7.30627 0.0388213
    endloop
  endfacet
  facet normal 0.247722 -0.964692 0.0894602
    outer loop
      vertex 1.40536 -7.36715 0
      vertex 1.55394 -7.12278 2.22373
      vertex 1.45089 -6.86898 5.24593
    endloop
  endfacet
  facet normal 0.247691 -0.964699 0.0894714
    outer loop
      vertex 2.31763 -7.13292 0
      vertex 1.62845 -7.30627 0.0388213
      vertex 1.40536 -7.36715 0
    endloop
  endfacet
  facet normal 0.247686 -0.964715 0.089314
    outer loop
      vertex 1.62845 -7.30627 0.0388213
      vertex 2.31763 -7.13292 0
      vertex 2.3163 -7.12884 0.047758
    endloop
  endfacet
  facet normal 0.252463 -0.963482 0.0892504
    outer loop
      vertex 1.62234 -4.99305 25
      vertex 1.62189 -4.99792 24.9487
      vertex 1.62376 -4.99743 24.9487
    endloop
  endfacet
  facet normal 0 -0.99598 0.0895792
    outer loop
      vertex -0.329937 -5.2442 24.9493
      vertex 0.32965 -5.23964 25
      vertex -0.32965 -5.23964 25
    endloop
  endfacet
  facet normal 0 -0.99598 0.0895792
    outer loop
      vertex 0.32965 -5.23964 25
      vertex -0.329937 -5.2442 24.9493
      vertex 0.329937 -5.2442 24.9493
    endloop
  endfacet
  facet normal 0 -0.995984 0.0895351
    outer loop
      vertex -0.470928 -7.4852 0
      vertex 0.470654 -7.48084 0.0485004
      vertex -0.470654 -7.48084 0.0485004
    endloop
  endfacet
  facet normal 0 -0.995984 0.0895351
    outer loop
      vertex 0.470654 -7.48084 0.0485004
      vertex -0.470928 -7.4852 0
      vertex 0.470928 -7.4852 0
    endloop
  endfacet
  facet normal 0.767419 0.634878 0.0894324
    outer loop
      vertex 3.82708 3.59387 25
      vertex 4.25139 3.08881 24.9444
      vertex 3.83157 3.5955 24.9499
    endloop
  endfacet
  facet normal 0.767419 0.634873 0.0894707
    outer loop
      vertex 4.25139 3.08881 24.9444
      vertex 3.82708 3.59387 25
      vertex 4.24734 3.08587 25
    endloop
  endfacet
  facet normal 0.76562 0.637037 0.0894944
    outer loop
      vertex 6.06763 4.40839 0
      vertex 6.0639 4.40703 0.0415907
      vertex 6.0646 4.40619 0.0415815
    endloop
  endfacet
  facet normal 0.901223 -0.424031 0.0894186
    outer loop
      vertex 4.88133 -1.93265 25
      vertex 4.85035 -2.00908 24.9498
      vertex 4.8855 -1.93431 24.9501
    endloop
  endfacet
  facet normal 0.901196 -0.424071 0.0894958
    outer loop
      vertex 4.60061 -2.52921 25
      vertex 4.85035 -2.00908 24.9498
      vertex 4.88133 -1.93265 25
    endloop
  endfacet
  facet normal 0.901194 -0.424066 0.0895347
    outer loop
      vertex 4.85035 -2.00908 24.9498
      vertex 4.60061 -2.52921 25
      vertex 4.60561 -2.52969 24.9474
    endloop
  endfacet
  facet normal 0.899652 -0.42737 0.0893364
    outer loop
      vertex 6.96916 -2.75929 0.0497383
      vertex 6.9686 -2.76047 0.0497328
      vertex 6.97332 -2.76093 0
    endloop
  endfacet
  facet normal 0.368084 -0.925469 0.0895592
    outer loop
      vertex 2.23727 -4.75444 24.9497
      vertex 2.23534 -4.75034 25
      vertex 2.23551 -4.75514 24.9497
    endloop
  endfacet
  facet normal 0.366645 -0.926051 0.0894517
    outer loop
      vertex 2.31763 -7.13292 0
      vertex 3.19146 -6.78221 0.049078
      vertex 2.31747 -7.12837 0.0477598
    endloop
  endfacet
  facet normal 0.366654 -0.926058 0.089333
    outer loop
      vertex 3.19146 -6.78221 0.049078
      vertex 2.31763 -7.13292 0
      vertex 3.19334 -6.7862 0
    endloop
  endfacet
  facet normal -0.478556 0.873482 0.0895191
    outer loop
      vertex -2.81395 4.43807 24.9432
      vertex -2.81583 4.43704 24.9432
      vertex -2.81309 4.43272 25
    endloop
  endfacet
  facet normal -0.479821 0.872798 0.0894195
    outer loop
      vertex -3.19334 6.7862 0
      vertex -4.01678 6.32943 0.0398552
      vertex -3.1926 6.78158 0.0490653
    endloop
  endfacet
  facet normal -0.479817 0.872795 0.0894693
    outer loop
      vertex -4.01678 6.32943 0.0398552
      vertex -3.19334 6.7862 0
      vertex -4.0187 6.33246 0
    endloop
  endfacet
  facet normal 0.129656 -0.987507 0.0895511
    outer loop
      vertex 0.331834 -5.24396 24.9492
      vertex 0.32965 -5.23964 25
      vertex 0.329937 -5.2442 24.9493
    endloop
  endfacet
  facet normal 0.124854 -0.988134 0.0894629
    outer loop
      vertex 1.29468 -7.18705 2.1437
      vertex 1.40536 -7.36715 0
      vertex 1.29448 -7.14785 2.57695
    endloop
  endfacet
  facet normal 0.124856 -0.988133 0.089463
    outer loop
      vertex 1.29568 -7.37746 0.039196
      vertex 1.40536 -7.36715 0
      vertex 1.29468 -7.18705 2.1437
    endloop
  endfacet
  facet normal 0.124835 -0.988141 0.0894019
    outer loop
      vertex 1.40536 -7.36715 0
      vertex 1.29568 -7.37746 0.039196
      vertex 0.470928 -7.4852 0
    endloop
  endfacet
  facet normal 0.124828 -0.98813 0.0895343
    outer loop
      vertex 0.470654 -7.48084 0.0485004
      vertex 0.470928 -7.4852 0
      vertex 1.29568 -7.37746 0.039196
    endloop
  endfacet
  facet normal 0.84094 0.533682 0.0894643
    outer loop
      vertex 5.98934 4.16294 2.20009
      vertex 6.12701 3.92977 2.29696
      vertex 6.31603 4.01052 0.038525
    endloop
  endfacet
  facet normal 0.84094 0.533681 0.0894619
    outer loop
      vertex 5.53073 3.72065 9.14948
      vertex 6.12701 3.92977 2.29696
      vertex 5.98934 4.16294 2.20009
    endloop
  endfacet
  facet normal 0.841063 0.533488 0.0894666
    outer loop
      vertex 6.12701 3.92977 2.29696
      vertex 5.53073 3.72065 9.14948
      vertex 5.47734 3.65226 10.0592
    endloop
  endfacet
  facet normal 0.840964 0.533648 0.0894352
    outer loop
      vertex 6.13195 4.30047 0.0391397
      vertex 6.06763 4.40839 0
      vertex 6.06519 4.40527 0.0415601
    endloop
  endfacet
  facet normal 0.840933 0.533692 0.0894626
    outer loop
      vertex 6.31603 4.01052 0.038525
      vertex 6.13195 4.30047 0.0391397
      vertex 5.98934 4.16294 2.20009
    endloop
  endfacet
  facet normal 0.840923 0.533685 0.0896057
    outer loop
      vertex 6.31603 4.01052 0.038525
      vertex 6.06763 4.40839 0
      vertex 6.13195 4.30047 0.0391397
    endloop
  endfacet
  facet normal 0.840952 0.53368 0.0893593
    outer loop
      vertex 6.31603 4.01052 0.038525
      vertex 6.5723 3.61315 0
      vertex 6.06763 4.40839 0
    endloop
  endfacet
  facet normal 0.840951 0.533675 0.089396
    outer loop
      vertex 6.5723 3.61315 0
      vertex 6.31603 4.01052 0.038525
      vertex 6.56869 3.61117 0.0457796
    endloop
  endfacet
  facet normal 0.842347 0.531481 0.0893267
    outer loop
      vertex 4.6037 2.53317 24.9473
      vertex 4.60061 2.52921 25
      vertex 4.60476 2.53149 24.9473
    endloop
  endfacet
  facet normal 0.994017 -0.0625374 0.0895472
    outer loop
      vertex 7.43688 -0.939496 0.0445439
      vertex 7.5 0 0
      vertex 7.49543 -0.00131109 0.0498136
    endloop
  endfacet
  facet normal 0.994019 -0.0625387 0.0895219
    outer loop
      vertex 7.5 0 0
      vertex 7.43688 -0.939496 0.0445439
      vertex 7.44086 -0.939999 0
    endloop
  endfacet
  facet normal 0.993912 -0.064219 0.0895269
    outer loop
      vertex 5.21351 -0.656591 24.9465
      vertex 5.2086 -0.657999 25
      vertex 5.21338 -0.658603 24.9465
    endloop
  endfacet
  facet normal 0.994029 -0.0625294 0.0894227
    outer loop
      vertex 5.25 0 25
      vertex 5.21351 -0.656591 24.9465
      vertex 5.25448 0 24.9502
    endloop
  endfacet
  facet normal 0.994014 -0.0625414 0.0895804
    outer loop
      vertex 5.21351 -0.656591 24.9465
      vertex 5.25 0 25
      vertex 5.2086 -0.657999 25
    endloop
  endfacet
  facet normal 0.995981 -0 0.0895607
    outer loop
      vertex 7.49552 -4.69902e-06 0.0498209
      vertex 7.5 0 0
      vertex 7.49552 0 0.0498209
    endloop
  endfacet
  facet normal 0.993612 -0.0689512 0.0893411
    outer loop
      vertex 7.5 0 0
      vertex 7.49552 -4.69902e-06 0.0498209
      vertex 7.49543 -0.00131109 0.0498136
    endloop
  endfacet
  facet normal -0.681802 -0.726045 0.0894675
    outer loop
      vertex -3.34945 -4.04879 24.9481
      vertex -3.82708 -3.59387 25
      vertex -3.82899 -3.59825 24.9499
    endloop
  endfacet
  facet normal -0.681813 -0.726046 0.0893786
    outer loop
      vertex -3.82708 -3.59387 25
      vertex -3.34945 -4.04879 24.9481
      vertex -3.34648 -4.04519 25
    endloop
  endfacet
  facet normal -0.68369 -0.724265 0.0894962
    outer loop
      vertex -4.77889 -5.77475 0.0468544
      vertex -4.78068 -5.77885 0
      vertex -4.77799 -5.7756 0.046851
    endloop
  endfacet
  facet normal -0.994029 -0.0625294 0.0894227
    outer loop
      vertex -5.21351 -0.656591 24.9465
      vertex -5.25 0 25
      vertex -5.25448 0 24.9502
    endloop
  endfacet
  facet normal -0.994014 -0.0625414 0.0895804
    outer loop
      vertex -5.25 0 25
      vertex -5.21351 -0.656591 24.9465
      vertex -5.2086 -0.657999 25
    endloop
  endfacet
  facet normal -0.995981 0 0.0895607
    outer loop
      vertex -7.5 0 0
      vertex -7.49552 -4.69902e-06 0.0498209
      vertex -7.49552 0 0.0498209
    endloop
  endfacet
  facet normal -0.993612 -0.0689512 0.0893411
    outer loop
      vertex -7.49552 -4.69902e-06 0.0498209
      vertex -7.5 0 0
      vertex -7.49543 -0.00131109 0.0498136
    endloop
  endfacet
  facet normal 0.94725 -0.307775 0.0894003
    outer loop
      vertex 6.96957 -2.75804 0.0497291
      vertex 7.26437 -1.86517 0
      vertex 7.26061 -1.86421 0.0431444
    endloop
  endfacet
  facet normal 0.947255 -0.307782 0.0893179
    outer loop
      vertex 7.26437 -1.86517 0
      vertex 6.96957 -2.75804 0.0497291
      vertex 6.97332 -2.76093 0
    endloop
  endfacet
  facet normal 0.947755 -0.306198 0.0894569
    outer loop
      vertex 5.08981 -1.30684 24.9455
      vertex 5.08506 -1.30562 25
      vertex 5.08918 -1.30879 24.9455
    endloop
  endfacet
  facet normal 0.585423 -0.80577 0.0895288
    outer loop
      vertex 4.02631 -6.32253 0.0396099
      vertex 4.0187 -6.33246 0
      vertex 4.30049 -6.12344 0.0385994
    endloop
  endfacet
  facet normal 0.58561 -0.805641 0.0894604
    outer loop
      vertex 4.0187 -6.33246 0
      vertex 4.02631 -6.32253 0.0396099
      vertex 4.01678 -6.32943 0.0398552
    endloop
  endfacet
  facet normal 0.585422 -0.805778 0.0894633
    outer loop
      vertex 3.94966 -6.14783 2.11471
      vertex 4.15819 -5.97858 2.27455
      vertex 3.64714 -5.45833 10.3045
    endloop
  endfacet
  facet normal 0.585426 -0.805775 0.0894616
    outer loop
      vertex 4.30049 -6.12344 0.0385994
      vertex 3.94966 -6.14783 2.11471
      vertex 4.02631 -6.32253 0.0396099
    endloop
  endfacet
  facet normal 0.585423 -0.805777 0.0894611
    outer loop
      vertex 3.94966 -6.14783 2.11471
      vertex 4.30049 -6.12344 0.0385994
      vertex 4.15819 -5.97858 2.27455
    endloop
  endfacet
  facet normal 0.585425 -0.80577 0.0895108
    outer loop
      vertex 4.78068 -5.77885 0
      vertex 4.30049 -6.12344 0.0385994
      vertex 4.0187 -6.33246 0
    endloop
  endfacet
  facet normal 0.585425 -0.805773 0.0894819
    outer loop
      vertex 4.30049 -6.12344 0.0385994
      vertex 4.78068 -5.77885 0
      vertex 4.77699 -5.77633 0.0468337
    endloop
  endfacet
  facet normal 0.58974 -0.802619 0.089493
    outer loop
      vertex 2.81756 -4.43578 24.9431
      vertex 2.81309 -4.43272 25
      vertex 2.81583 -4.43704 24.9432
    endloop
  endfacet
  facet normal -0.68369 0.724265 0.0894962
    outer loop
      vertex -4.77799 5.7756 0.046851
      vertex -4.78068 5.77885 0
      vertex -4.77889 5.77475 0.0468544
    endloop
  endfacet
  facet normal -0.681813 0.726046 0.0893786
    outer loop
      vertex -3.34945 4.04879 24.9481
      vertex -3.82708 3.59387 25
      vertex -3.34648 4.04519 25
    endloop
  endfacet
  facet normal -0.681802 0.726045 0.0894675
    outer loop
      vertex -3.82708 3.59387 25
      vertex -3.34945 4.04879 24.9481
      vertex -3.82899 3.59825 24.9499
    endloop
  endfacet
  facet normal -0.767425 0.63488 0.0893671
    outer loop
      vertex -6.06763 4.40839 0
      vertex -5.46402 5.13105 0.0494907
      vertex -5.46726 5.1341 0
    endloop
  endfacet
  facet normal -0.767417 0.634859 0.0895843
    outer loop
      vertex -5.46402 5.13105 0.0494907
      vertex -6.06763 4.40839 0
      vertex -6.0639 4.40703 0.0415907
    endloop
  endfacet
  facet normal -0.769438 0.632415 0.0895332
    outer loop
      vertex -3.83037 3.59696 24.9499
      vertex -3.83157 3.5955 24.9499
      vertex -3.82708 3.59387 25
    endloop
  endfacet
  facet normal -0.76562 0.637037 0.0894944
    outer loop
      vertex -6.0639 4.40703 0.0415907
      vertex -6.06763 4.40839 0
      vertex -6.0646 4.40619 0.0415815
    endloop
  endfacet
  facet normal -0.767419 0.634878 0.0894324
    outer loop
      vertex -4.25139 3.08881 24.9444
      vertex -3.82708 3.59387 25
      vertex -3.83157 3.5955 24.9499
    endloop
  endfacet
  facet normal -0.767419 0.634873 0.0894707
    outer loop
      vertex -3.82708 3.59387 25
      vertex -4.25139 3.08881 24.9444
      vertex -4.24734 3.08587 25
    endloop
  endfacet
  facet normal -0.247688 0.964692 0.0895514
    outer loop
      vertex -1.02479 5.15195 24.941
      vertex -1.62234 4.99305 25
      vertex -0.983751 5.15701 25
    endloop
  endfacet
  facet normal -0.247655 0.964703 0.0895271
    outer loop
      vertex -1.02479 5.15195 24.941
      vertex -0.983751 5.15701 25
      vertex -0.984732 5.16215 24.9419
    endloop
  endfacet
  facet normal -0.247705 0.964701 0.089408
    outer loop
      vertex -1.62234 4.99305 25
      vertex -1.02479 5.15195 24.941
      vertex -1.62189 4.99792 24.9487
    endloop
  endfacet
  facet normal -0.247712 0.964694 0.0894632
    outer loop
      vertex -1.29253 6.77566 6.69069
      vertex -1.45089 6.86898 5.24593
      vertex -1.28511 6.46069 10.1076
    endloop
  endfacet
  facet normal -0.24769 0.9647 0.0894612
    outer loop
      vertex -1.45089 6.86898 5.24593
      vertex -1.29253 6.77566 6.69069
      vertex -1.40536 7.36715 0
    endloop
  endfacet
  facet normal -0.124828 0.988143 0.0893977
    outer loop
      vertex -0.331834 5.24396 24.9492
      vertex -0.983751 5.15701 25
      vertex -0.32965 5.23964 25
    endloop
  endfacet
  facet normal -0.124817 0.988133 0.0895258
    outer loop
      vertex -0.983751 5.15701 25
      vertex -0.331834 5.24396 24.9492
      vertex -0.984732 5.16215 24.9419
    endloop
  endfacet
  facet normal -0.124796 0.988141 0.0894611
    outer loop
      vertex -1.29448 7.14785 2.57695
      vertex -1.40536 7.36715 0
      vertex -1.29253 6.77566 6.69069
    endloop
  endfacet
  facet normal -0.947755 0.306198 0.0894569
    outer loop
      vertex -5.08918 1.30879 24.9455
      vertex -5.08981 1.30684 24.9455
      vertex -5.08506 1.30562 25
    endloop
  endfacet
  facet normal -0.947255 0.307782 0.0893179
    outer loop
      vertex -7.26437 1.86517 0
      vertex -6.96957 2.75804 0.0497291
      vertex -6.97332 2.76093 0
    endloop
  endfacet
  facet normal -0.94725 0.307775 0.0894003
    outer loop
      vertex -6.96957 2.75804 0.0497291
      vertex -7.26437 1.86517 0
      vertex -7.26061 1.86421 0.0431444
    endloop
  endfacet
  facet normal 0.840952 0.533661 0.0894752
    outer loop
      vertex 4.24734 3.08587 25
      vertex 4.36226 2.91477 24.9404
      vertex 4.25139 3.08881 24.9444
    endloop
  endfacet
  facet normal 0.840945 0.533684 0.0893966
    outer loop
      vertex 4.60061 2.52921 25
      vertex 4.36226 2.91477 24.9404
      vertex 4.24734 3.08587 25
    endloop
  endfacet
  facet normal 0.840943 0.533685 0.08941
    outer loop
      vertex 4.36226 2.91477 24.9404
      vertex 4.60061 2.52921 25
      vertex 4.6037 2.53317 24.9473
    endloop
  endfacet
  facet normal 0.839337 0.536188 0.0895303
    outer loop
      vertex 6.06763 4.40839 0
      vertex 6.0646 4.40619 0.0415815
      vertex 6.06519 4.40527 0.0415601
    endloop
  endfacet
  facet normal 0.841502 0.532799 0.0894406
    outer loop
      vertex 5.53073 3.72065 9.14948
      vertex 5.44589 3.63883 10.4351
      vertex 5.47734 3.65226 10.0592
    endloop
  endfacet
  facet normal -0.252463 0.963482 0.0892504
    outer loop
      vertex -1.62189 4.99792 24.9487
      vertex -1.62376 4.99743 24.9487
      vertex -1.62234 4.99305 25
    endloop
  endfacet
  facet normal -0.247693 0.964699 0.0894629
    outer loop
      vertex -1.55394 7.12278 2.22373
      vertex -1.40536 7.36715 0
      vertex -1.62845 7.30627 0.0388213
    endloop
  endfacet
  facet normal -0.247722 0.964692 0.0894602
    outer loop
      vertex -1.40536 7.36715 0
      vertex -1.55394 7.12278 2.22373
      vertex -1.45089 6.86898 5.24593
    endloop
  endfacet
  facet normal -0.247691 0.964699 0.0894714
    outer loop
      vertex -2.31763 7.13292 0
      vertex -1.62845 7.30627 0.0388213
      vertex -1.40536 7.36715 0
    endloop
  endfacet
  facet normal -0.247686 0.964715 0.089314
    outer loop
      vertex -1.62845 7.30627 0.0388213
      vertex -2.31763 7.13292 0
      vertex -2.3163 7.12884 0.047758
    endloop
  endfacet
  facet normal -0.479817 -0.872786 0.0895521
    outer loop
      vertex -2.81309 -4.43272 25
      vertex -2.23727 -4.75444 24.9497
      vertex -2.23534 -4.75034 25
    endloop
  endfacet
  facet normal -0.479826 -0.87279 0.0894731
    outer loop
      vertex -2.23727 -4.75444 24.9497
      vertex -2.81309 -4.43272 25
      vertex -2.81395 -4.43807 24.9432
    endloop
  endfacet
  facet normal -0.482515 -0.871322 0.0893211
    outer loop
      vertex -3.1926 -6.78158 0.0490653
      vertex -3.19334 -6.7862 0
      vertex -3.19146 -6.78221 0.049078
    endloop
  endfacet
  facet normal 0.478556 0.873482 0.0895191
    outer loop
      vertex 2.81395 4.43807 24.9432
      vertex 2.81309 4.43272 25
      vertex 2.81583 4.43704 24.9432
    endloop
  endfacet
  facet normal 0.479817 0.872795 0.0894693
    outer loop
      vertex 3.19334 6.7862 0
      vertex 4.01678 6.32943 0.0398552
      vertex 4.0187 6.33246 0
    endloop
  endfacet
  facet normal 0.479821 0.872798 0.0894195
    outer loop
      vertex 4.01678 6.32943 0.0398552
      vertex 3.19334 6.7862 0
      vertex 3.1926 6.78158 0.0490653
    endloop
  endfacet
  facet normal -0.366658 0.926049 0.0894098
    outer loop
      vertex -2.00711 4.8456 24.9493
      vertex -2.23534 4.75034 25
      vertex -1.62234 4.99305 25
    endloop
  endfacet
  facet normal -0.366613 0.926048 0.0896094
    outer loop
      vertex -2.23534 4.75034 25
      vertex -2.00711 4.8456 24.9493
      vertex -2.23551 4.75514 24.9497
    endloop
  endfacet
  facet normal -0.366642 0.926074 0.0892171
    outer loop
      vertex -2.00711 4.8456 24.9493
      vertex -1.62234 4.99305 25
      vertex -1.62376 4.99743 24.9487
    endloop
  endfacet
  facet normal -0.37115 0.924269 0.089297
    outer loop
      vertex -2.3163 7.12884 0.047758
      vertex -2.31763 7.13292 0
      vertex -2.31747 7.12837 0.0477598
    endloop
  endfacet
  facet normal 0.978345 -0.18663 0.0894986
    outer loop
      vertex 5.2086 -0.657999 25
      vertex 5.14438 -1.02328 24.9403
      vertex 5.21301 -0.660585 24.9464
    endloop
  endfacet
  facet normal 0.978346 -0.186629 0.0894916
    outer loop
      vertex 5.08506 -1.30562 25
      vertex 5.14438 -1.02328 24.9403
      vertex 5.2086 -0.657999 25
    endloop
  endfacet
  facet normal 0.978348 -0.186639 0.0894469
    outer loop
      vertex 5.14438 -1.02328 24.9403
      vertex 5.08506 -1.30562 25
      vertex 5.08981 -1.30684 24.9455
    endloop
  endfacet
  facet normal 0.977626 -0.190389 0.0894357
    outer loop
      vertex 7.26083 -1.86309 0.0431238
      vertex 7.26061 -1.86421 0.0431444
      vertex 7.26437 -1.86517 0
    endloop
  endfacet
  facet normal 0.585425 0.805773 0.0894819
    outer loop
      vertex 4.77699 5.77633 0.0468337
      vertex 4.78068 5.77885 0
      vertex 4.30049 6.12344 0.0385994
    endloop
  endfacet
  facet normal 0.585422 0.805778 0.0894633
    outer loop
      vertex 4.15819 5.97858 2.27455
      vertex 3.94966 6.14783 2.11471
      vertex 3.64714 5.45833 10.3045
    endloop
  endfacet
  facet normal 0.585423 0.805777 0.0894611
    outer loop
      vertex 4.30049 6.12344 0.0385994
      vertex 3.94966 6.14783 2.11471
      vertex 4.15819 5.97858 2.27455
    endloop
  endfacet
  facet normal 0.585426 0.805775 0.0894616
    outer loop
      vertex 3.94966 6.14783 2.11471
      vertex 4.30049 6.12344 0.0385994
      vertex 4.02631 6.32253 0.0396099
    endloop
  endfacet
  facet normal 0.585425 0.80577 0.0895108
    outer loop
      vertex 4.0187 6.33246 0
      vertex 4.30049 6.12344 0.0385994
      vertex 4.78068 5.77885 0
    endloop
  endfacet
  facet normal 0.585423 0.80577 0.0895288
    outer loop
      vertex 4.30049 6.12344 0.0385994
      vertex 4.0187 6.33246 0
      vertex 4.02631 6.32253 0.0396099
    endloop
  endfacet
  facet normal 0.58561 0.805641 0.0894604
    outer loop
      vertex 4.02631 6.32253 0.0396099
      vertex 4.0187 6.33246 0
      vertex 4.01678 6.32943 0.0398552
    endloop
  endfacet
  facet normal 0.58974 0.802619 0.089493
    outer loop
      vertex 2.81583 4.43704 24.9432
      vertex 2.81309 4.43272 25
      vertex 2.81756 4.43578 24.9431
    endloop
  endfacet
  facet normal 0.767419 -0.634873 0.0894707
    outer loop
      vertex 3.82708 -3.59387 25
      vertex 4.25139 -3.08881 24.9444
      vertex 4.24734 -3.08587 25
    endloop
  endfacet
  facet normal 0.767419 -0.634878 0.0894324
    outer loop
      vertex 4.25139 -3.08881 24.9444
      vertex 3.82708 -3.59387 25
      vertex 3.83157 -3.5955 24.9499
    endloop
  endfacet
  facet normal 0.76562 -0.637037 0.0894944
    outer loop
      vertex 6.0646 -4.40619 0.0415815
      vertex 6.0639 -4.40703 0.0415907
      vertex 6.06763 -4.40839 0
    endloop
  endfacet
  facet normal 0.839337 -0.536188 0.0895303
    outer loop
      vertex 6.06519 -4.40527 0.0415601
      vertex 6.0646 -4.40619 0.0415815
      vertex 6.06763 -4.40839 0
    endloop
  endfacet
  facet normal 0.840943 -0.533685 0.08941
    outer loop
      vertex 4.60061 -2.52921 25
      vertex 4.36226 -2.91477 24.9404
      vertex 4.6037 -2.53317 24.9473
    endloop
  endfacet
  facet normal 0.840945 -0.533684 0.0893966
    outer loop
      vertex 4.24734 -3.08587 25
      vertex 4.36226 -2.91477 24.9404
      vertex 4.60061 -2.52921 25
    endloop
  endfacet
  facet normal 0.840952 -0.533661 0.0894752
    outer loop
      vertex 4.36226 -2.91477 24.9404
      vertex 4.24734 -3.08587 25
      vertex 4.25139 -3.08881 24.9444
    endloop
  endfacet
  facet normal 0.841502 -0.532799 0.0894406
    outer loop
      vertex 5.47734 -3.65226 10.0592
      vertex 5.44589 -3.63883 10.4351
      vertex 5.53073 -3.72065 9.14948
    endloop
  endfacet
  facet normal -0.368084 0.925469 0.0895592
    outer loop
      vertex -2.23551 4.75514 24.9497
      vertex -2.23727 4.75444 24.9497
      vertex -2.23534 4.75034 25
    endloop
  endfacet
  facet normal -0.366645 0.926051 0.0894517
    outer loop
      vertex -2.31763 7.13292 0
      vertex -3.19146 6.78221 0.049078
      vertex -2.31747 7.12837 0.0477598
    endloop
  endfacet
  facet normal -0.366654 0.926058 0.089333
    outer loop
      vertex -3.19146 6.78221 0.049078
      vertex -2.31763 7.13292 0
      vertex -3.19334 6.7862 0
    endloop
  endfacet
  facet normal -0.479817 0.872786 0.0895521
    outer loop
      vertex -2.23727 4.75444 24.9497
      vertex -2.81309 4.43272 25
      vertex -2.23534 4.75034 25
    endloop
  endfacet
  facet normal -0.479826 0.87279 0.0894731
    outer loop
      vertex -2.81309 4.43272 25
      vertex -2.23727 4.75444 24.9497
      vertex -2.81395 4.43807 24.9432
    endloop
  endfacet
  facet normal -0.482515 0.871322 0.0893211
    outer loop
      vertex -3.19146 6.78221 0.049078
      vertex -3.19334 6.7862 0
      vertex -3.1926 6.78158 0.0490653
    endloop
  endfacet
  facet normal -0.585436 -0.805775 0.0893937
    outer loop
      vertex -2.9162 -4.3644 24.9406
      vertex -3.34648 -4.04519 25
      vertex -3.34945 -4.04879 24.9481
    endloop
  endfacet
  facet normal -0.585429 -0.805775 0.0894451
    outer loop
      vertex -3.34648 -4.04519 25
      vertex -2.9162 -4.3644 24.9406
      vertex -2.81309 -4.43272 25
    endloop
  endfacet
  facet normal -0.585387 -0.805818 0.0893231
    outer loop
      vertex -2.81309 -4.43272 25
      vertex -2.9162 -4.3644 24.9406
      vertex -2.81756 -4.43578 24.9431
    endloop
  endfacet
  facet normal -0.586234 -0.805181 0.0895138
    outer loop
      vertex -4.77799 -5.7756 0.046851
      vertex -4.78068 -5.77885 0
      vertex -4.77699 -5.77633 0.0468337
    endloop
  endfacet
  facet normal 0 0 -1
    outer loop
      vertex 3.075 0 0
      vertex 7.5 0 0
      vertex 7.44086 -0.939999 0
    endloop
  endfacet
  facet normal 0 0 -1
    outer loop
      vertex 2.9245 -0.950227 0
      vertex 7.44086 -0.939999 0
      vertex 7.26437 -1.86517 0
    endloop
  endfacet
  facet normal 0 0 -1
    outer loop
      vertex 7.5 0 0
      vertex 3.075 0 0
      vertex 7.44086 0.939999 0
    endloop
  endfacet
  facet normal 0 0 -1
    outer loop
      vertex 2.9245 -0.950227 0
      vertex 7.26437 -1.86517 0
      vertex 6.97332 -2.76093 0
    endloop
  endfacet
  facet normal 0 0 -1
    outer loop
      vertex 2.9245 0.950227 0
      vertex 7.44086 0.939999 0
      vertex 3.075 0 0
    endloop
  endfacet
  facet normal 0 0 -1
    outer loop
      vertex 2.9245 -0.950227 0
      vertex 6.97332 -2.76093 0
      vertex 6.5723 -3.61315 0
    endloop
  endfacet
  facet normal 0 0 -1
    outer loop
      vertex 7.44086 0.939999 0
      vertex 2.9245 0.950227 0
      vertex 7.26437 1.86517 0
    endloop
  endfacet
  facet normal 0 0 -1
    outer loop
      vertex 2.48773 -1.80744 0
      vertex 6.5723 -3.61315 0
      vertex 6.06763 -4.40839 0
    endloop
  endfacet
  facet normal -0 0 -1
    outer loop
      vertex 7.26437 1.86517 0
      vertex 2.9245 0.950227 0
      vertex 6.97332 2.76093 0
    endloop
  endfacet
  facet normal 0 0 -1
    outer loop
      vertex 2.48773 -1.80744 0
      vertex 6.06763 -4.40839 0
      vertex 5.46726 -5.1341 0
    endloop
  endfacet
  facet normal -0 0 -1
    outer loop
      vertex 6.97332 2.76093 0
      vertex 2.9245 0.950227 0
      vertex 6.5723 3.61315 0
    endloop
  endfacet
  facet normal 0 0 -1
    outer loop
      vertex 1.80744 -2.48773 0
      vertex 5.46726 -5.1341 0
      vertex 4.78068 -5.77885 0
    endloop
  endfacet
  facet normal 0 0 -1
    outer loop
      vertex 2.48773 1.80744 0
      vertex 6.5723 3.61315 0
      vertex 2.9245 0.950227 0
    endloop
  endfacet
  facet normal 0 0 -1
    outer loop
      vertex 1.80744 -2.48773 0
      vertex 4.78068 -5.77885 0
      vertex 4.0187 -6.33246 0
    endloop
  endfacet
  facet normal -0 0 -1
    outer loop
      vertex 6.5723 3.61315 0
      vertex 2.48773 1.80744 0
      vertex 6.06763 4.40839 0
    endloop
  endfacet
  facet normal 0 0 -1
    outer loop
      vertex 1.80744 -2.48773 0
      vertex 4.0187 -6.33246 0
      vertex 3.19334 -6.7862 0
    endloop
  endfacet
  facet normal -0 0 -1
    outer loop
      vertex 6.06763 4.40839 0
      vertex 2.48773 1.80744 0
      vertex 5.46726 5.1341 0
    endloop
  endfacet
  facet normal 0 0 -1
    outer loop
      vertex 1.80744 2.48773 0
      vertex 5.46726 5.1341 0
      vertex 2.48773 1.80744 0
    endloop
  endfacet
  facet normal -0 0 -1
    outer loop
      vertex 7.44086 -0.939999 0
      vertex 2.9245 -0.950227 0
      vertex 3.075 0 0
    endloop
  endfacet
  facet normal 0 0 -1
    outer loop
      vertex 6.5723 -3.61315 0
      vertex 2.48773 -1.80744 0
      vertex 2.9245 -0.950227 0
    endloop
  endfacet
  facet normal 0 0 -1
    outer loop
      vertex 0.950227 -2.9245 0
      vertex 3.19334 -6.7862 0
      vertex 2.31763 -7.13292 0
    endloop
  endfacet
  facet normal 0 0 -1
    outer loop
      vertex 5.46726 -5.1341 0
      vertex 1.80744 -2.48773 0
      vertex 2.48773 -1.80744 0
    endloop
  endfacet
  facet normal 0 0 -1
    outer loop
      vertex 0.950227 -2.9245 0
      vertex 2.31763 -7.13292 0
      vertex 1.40536 -7.36715 0
    endloop
  endfacet
  facet normal 0 0 -1
    outer loop
      vertex 3.19334 -6.7862 0
      vertex 0.950227 -2.9245 0
      vertex 1.80744 -2.48773 0
    endloop
  endfacet
  facet normal 0 0 -1
    outer loop
      vertex 0 -3.075 0
      vertex 1.40536 -7.36715 0
      vertex 0.470928 -7.4852 0
    endloop
  endfacet
  facet normal 0 0 -1
    outer loop
      vertex 1.40536 -7.36715 0
      vertex 0 -3.075 0
      vertex 0.950227 -2.9245 0
    endloop
  endfacet
  facet normal 0 0 -1
    outer loop
      vertex -0.470928 -7.4852 0
      vertex 0 -3.075 0
      vertex 0.470928 -7.4852 0
    endloop
  endfacet
  facet normal 0 0 -1
    outer loop
      vertex -1.40536 -7.36715 0
      vertex 0 -3.075 0
      vertex -0.470928 -7.4852 0
    endloop
  endfacet
  facet normal -0 0 -1
    outer loop
      vertex 0 -3.075 0
      vertex -1.40536 -7.36715 0
      vertex -0.950227 -2.9245 0
    endloop
  endfacet
  facet normal 0 0 -1
    outer loop
      vertex -2.31763 -7.13292 0
      vertex -0.950227 -2.9245 0
      vertex -1.40536 -7.36715 0
    endloop
  endfacet
  facet normal 0 0 -1
    outer loop
      vertex -3.19334 -6.7862 0
      vertex -0.950227 -2.9245 0
      vertex -2.31763 -7.13292 0
    endloop
  endfacet
  facet normal -0 0 -1
    outer loop
      vertex -0.950227 -2.9245 0
      vertex -3.19334 -6.7862 0
      vertex -1.80744 -2.48773 0
    endloop
  endfacet
  facet normal 0 0 -1
    outer loop
      vertex -4.0187 -6.33246 0
      vertex -1.80744 -2.48773 0
      vertex -3.19334 -6.7862 0
    endloop
  endfacet
  facet normal 0 0 -1
    outer loop
      vertex -4.78068 -5.77885 0
      vertex -1.80744 -2.48773 0
      vertex -4.0187 -6.33246 0
    endloop
  endfacet
  facet normal 0 0 -1
    outer loop
      vertex -5.46726 -5.1341 0
      vertex -1.80744 -2.48773 0
      vertex -4.78068 -5.77885 0
    endloop
  endfacet
  facet normal -0 0 -1
    outer loop
      vertex 5.46726 5.1341 0
      vertex 1.80744 2.48773 0
      vertex 4.78068 5.77885 0
    endloop
  endfacet
  facet normal -0 0 -1
    outer loop
      vertex 4.78068 5.77885 0
      vertex 1.80744 2.48773 0
      vertex 4.0187 6.33246 0
    endloop
  endfacet
  facet normal -0 0 -1
    outer loop
      vertex 4.0187 6.33246 0
      vertex 1.80744 2.48773 0
      vertex 3.19334 6.7862 0
    endloop
  endfacet
  facet normal 0 0 -1
    outer loop
      vertex 0.950227 2.9245 0
      vertex 3.19334 6.7862 0
      vertex 1.80744 2.48773 0
    endloop
  endfacet
  facet normal -0 0 -1
    outer loop
      vertex 3.19334 6.7862 0
      vertex 0.950227 2.9245 0
      vertex 2.31763 7.13292 0
    endloop
  endfacet
  facet normal -0 0 -1
    outer loop
      vertex 2.31763 7.13292 0
      vertex 0.950227 2.9245 0
      vertex 1.40536 7.36715 0
    endloop
  endfacet
  facet normal 0 0 -1
    outer loop
      vertex 0 3.075 0
      vertex 1.40536 7.36715 0
      vertex 0.950227 2.9245 0
    endloop
  endfacet
  facet normal -0 0 -1
    outer loop
      vertex 1.40536 7.36715 0
      vertex 0 3.075 0
      vertex 0.470928 7.4852 0
    endloop
  endfacet
  facet normal 0 0 -1
    outer loop
      vertex 0 3.075 0
      vertex -0.470928 7.4852 0
      vertex 0.470928 7.4852 0
    endloop
  endfacet
  facet normal 0 0 -1
    outer loop
      vertex -1.40536 7.36715 0
      vertex 0 3.075 0
      vertex -0.950227 2.9245 0
    endloop
  endfacet
  facet normal 0 0 -1
    outer loop
      vertex 0 3.075 0
      vertex -1.40536 7.36715 0
      vertex -0.470928 7.4852 0
    endloop
  endfacet
  facet normal 0 0 -1
    outer loop
      vertex -3.19334 6.7862 0
      vertex -0.950227 2.9245 0
      vertex -1.80744 2.48773 0
    endloop
  endfacet
  facet normal 0 0 -1
    outer loop
      vertex -0.950227 2.9245 0
      vertex -2.31763 7.13292 0
      vertex -1.40536 7.36715 0
    endloop
  endfacet
  facet normal 0 0 -1
    outer loop
      vertex -5.46726 5.1341 0
      vertex -1.80744 2.48773 0
      vertex -2.48773 1.80744 0
    endloop
  endfacet
  facet normal 0 0 -1
    outer loop
      vertex -6.5723 3.61315 0
      vertex -2.48773 1.80744 0
      vertex -2.9245 0.950227 0
    endloop
  endfacet
  facet normal 0 0 -1
    outer loop
      vertex -7.44086 0.939999 0
      vertex -2.9245 0.950227 0
      vertex -3.075 0 0
    endloop
  endfacet
  facet normal 0 0 -1
    outer loop
      vertex -0.950227 2.9245 0
      vertex -3.19334 6.7862 0
      vertex -2.31763 7.13292 0
    endloop
  endfacet
  facet normal -0 0 -1
    outer loop
      vertex -1.80744 -2.48773 0
      vertex -5.46726 -5.1341 0
      vertex -2.48773 -1.80744 0
    endloop
  endfacet
  facet normal 0 0 -1
    outer loop
      vertex -6.06763 -4.40839 0
      vertex -2.48773 -1.80744 0
      vertex -5.46726 -5.1341 0
    endloop
  endfacet
  facet normal 0 0 -1
    outer loop
      vertex -1.80744 2.48773 0
      vertex -4.0187 6.33246 0
      vertex -3.19334 6.7862 0
    endloop
  endfacet
  facet normal 0 0 -1
    outer loop
      vertex -6.5723 -3.61315 0
      vertex -2.48773 -1.80744 0
      vertex -6.06763 -4.40839 0
    endloop
  endfacet
  facet normal 0 0 -1
    outer loop
      vertex -1.80744 2.48773 0
      vertex -4.78068 5.77885 0
      vertex -4.0187 6.33246 0
    endloop
  endfacet
  facet normal -0 0 -1
    outer loop
      vertex -2.48773 -1.80744 0
      vertex -6.5723 -3.61315 0
      vertex -2.9245 -0.950227 0
    endloop
  endfacet
  facet normal 0 0 -1
    outer loop
      vertex -1.80744 2.48773 0
      vertex -5.46726 5.1341 0
      vertex -4.78068 5.77885 0
    endloop
  endfacet
  facet normal 0 0 -1
    outer loop
      vertex -6.97332 -2.76093 0
      vertex -2.9245 -0.950227 0
      vertex -6.5723 -3.61315 0
    endloop
  endfacet
  facet normal 0 0 -1
    outer loop
      vertex -2.48773 1.80744 0
      vertex -6.06763 4.40839 0
      vertex -5.46726 5.1341 0
    endloop
  endfacet
  facet normal 0 0 -1
    outer loop
      vertex -7.26437 -1.86517 0
      vertex -2.9245 -0.950227 0
      vertex -6.97332 -2.76093 0
    endloop
  endfacet
  facet normal 0 0 -1
    outer loop
      vertex -2.48773 1.80744 0
      vertex -6.5723 3.61315 0
      vertex -6.06763 4.40839 0
    endloop
  endfacet
  facet normal 0 0 -1
    outer loop
      vertex -7.44086 -0.939999 0
      vertex -2.9245 -0.950227 0
      vertex -7.26437 -1.86517 0
    endloop
  endfacet
  facet normal 0 0 -1
    outer loop
      vertex -2.9245 0.950227 0
      vertex -6.97332 2.76093 0
      vertex -6.5723 3.61315 0
    endloop
  endfacet
  facet normal 0 0 -1
    outer loop
      vertex -2.9245 -0.950227 0
      vertex -7.44086 -0.939999 0
      vertex -3.075 0 0
    endloop
  endfacet
  facet normal 0 0 -1
    outer loop
      vertex -2.9245 0.950227 0
      vertex -7.26437 1.86517 0
      vertex -6.97332 2.76093 0
    endloop
  endfacet
  facet normal 0 0 -1
    outer loop
      vertex -7.5 0 0
      vertex -3.075 0 0
      vertex -7.44086 -0.939999 0
    endloop
  endfacet
  facet normal -0 0 -1
    outer loop
      vertex -2.9245 0.950227 0
      vertex -7.44086 0.939999 0
      vertex -7.26437 1.86517 0
    endloop
  endfacet
  facet normal 0 0 -1
    outer loop
      vertex -3.075 0 0
      vertex -7.5 0 0
      vertex -7.44086 0.939999 0
    endloop
  endfacet
  facet normal -0.76562 -0.637037 0.0894944
    outer loop
      vertex -6.0646 -4.40619 0.0415815
      vertex -6.06763 -4.40839 0
      vertex -6.0639 -4.40703 0.0415907
    endloop
  endfacet
  facet normal -0.767419 -0.634873 0.0894707
    outer loop
      vertex -4.25139 -3.08881 24.9444
      vertex -3.82708 -3.59387 25
      vertex -4.24734 -3.08587 25
    endloop
  endfacet
  facet normal -0.767419 -0.634878 0.0894324
    outer loop
      vertex -3.82708 -3.59387 25
      vertex -4.25139 -3.08881 24.9444
      vertex -3.83157 -3.5955 24.9499
    endloop
  endfacet
  facet normal -0.901205 0.42407 0.0894069
    outer loop
      vertex -6.97332 2.76093 0
      vertex -6.56869 3.61117 0.0457796
      vertex -6.5723 3.61315 0
    endloop
  endfacet
  facet normal -0.901202 0.424067 0.089453
    outer loop
      vertex -6.56869 3.61117 0.0457796
      vertex -6.97332 2.76093 0
      vertex -6.9686 2.76047 0.0497328
    endloop
  endfacet
  facet normal -0.898706 0.429353 0.0893464
    outer loop
      vertex -4.60476 2.53149 24.9473
      vertex -4.60561 2.52969 24.9474
      vertex -4.60061 2.52921 25
    endloop
  endfacet
  facet normal -0.839337 0.536188 0.0895303
    outer loop
      vertex -6.0646 4.40619 0.0415815
      vertex -6.06763 4.40839 0
      vertex -6.06519 4.40527 0.0415601
    endloop
  endfacet
  facet normal -0.840952 0.533661 0.0894752
    outer loop
      vertex -4.36226 2.91477 24.9404
      vertex -4.24734 3.08587 25
      vertex -4.25139 3.08881 24.9444
    endloop
  endfacet
  facet normal -0.840943 0.533685 0.08941
    outer loop
      vertex -4.60061 2.52921 25
      vertex -4.36226 2.91477 24.9404
      vertex -4.6037 2.53317 24.9473
    endloop
  endfacet
  facet normal -0.840945 0.533684 0.0893966
    outer loop
      vertex -4.36226 2.91477 24.9404
      vertex -4.60061 2.52921 25
      vertex -4.24734 3.08587 25
    endloop
  endfacet
  facet normal -0.841502 0.532799 0.0894406
    outer loop
      vertex -5.44589 3.63883 10.4351
      vertex -5.53073 3.72065 9.14948
      vertex -5.47734 3.65226 10.0592
    endloop
  endfacet
  facet normal -0.891007 -0.453989 0
    outer loop
      vertex 2.9245 0.950227 0
      vertex 2.48773 1.80744 7.999
      vertex 2.48773 1.80744 0
    endloop
  endfacet
  facet normal -0.891007 -0.453989 0
    outer loop
      vertex 2.48773 1.80744 7.999
      vertex 2.9245 0.950227 0
      vertex 2.9245 0.950227 7.999
    endloop
  endfacet
  facet normal -0.987689 -0.156433 0
    outer loop
      vertex 3.075 0 0
      vertex 2.9245 0.950227 7.999
      vertex 2.9245 0.950227 0
    endloop
  endfacet
  facet normal -0.987689 -0.156433 0
    outer loop
      vertex 2.9245 0.950227 7.999
      vertex 3.075 0 0
      vertex 3.075 0 7.999
    endloop
  endfacet
  facet normal -0.707107 -0.707107 0
    outer loop
      vertex 2.48773 1.80744 0
      vertex 1.80744 2.48773 7.999
      vertex 1.80744 2.48773 0
    endloop
  endfacet
  facet normal -0.707107 -0.707107 0
    outer loop
      vertex 1.80744 2.48773 7.999
      vertex 2.48773 1.80744 0
      vertex 2.48773 1.80744 7.999
    endloop
  endfacet
  facet normal -0.156433 -0.987689 0
    outer loop
      vertex 0 3.075 0
      vertex 0.950227 2.9245 7.999
      vertex 0 3.075 7.999
    endloop
  endfacet
  facet normal -0.156433 -0.987689 -0
    outer loop
      vertex 0.950227 2.9245 7.999
      vertex 0 3.075 0
      vertex 0.950227 2.9245 0
    endloop
  endfacet
  facet normal 0.987689 -0.156433 0
    outer loop
      vertex -3.075 0 7.999
      vertex -2.9245 0.950227 0
      vertex -2.9245 0.950227 7.999
    endloop
  endfacet
  facet normal 0.987689 -0.156433 0
    outer loop
      vertex -2.9245 0.950227 0
      vertex -3.075 0 7.999
      vertex -3.075 0 0
    endloop
  endfacet
  facet normal -0.891007 0.453989 0
    outer loop
      vertex 2.48773 -1.80744 0
      vertex 2.9245 -0.950227 7.999
      vertex 2.9245 -0.950227 0
    endloop
  endfacet
  facet normal -0.891007 0.453989 0
    outer loop
      vertex 2.9245 -0.950227 7.999
      vertex 2.48773 -1.80744 0
      vertex 2.48773 -1.80744 7.999
    endloop
  endfacet
  facet normal -0.453989 -0.891007 0
    outer loop
      vertex 0.950227 2.9245 0
      vertex 1.80744 2.48773 7.999
      vertex 0.950227 2.9245 7.999
    endloop
  endfacet
  facet normal -0.453989 -0.891007 -0
    outer loop
      vertex 1.80744 2.48773 7.999
      vertex 0.950227 2.9245 0
      vertex 1.80744 2.48773 0
    endloop
  endfacet
  facet normal 0.453989 -0.891007 0
    outer loop
      vertex -1.80744 2.48773 0
      vertex -0.950227 2.9245 7.999
      vertex -1.80744 2.48773 7.999
    endloop
  endfacet
  facet normal 0.453989 -0.891007 0
    outer loop
      vertex -0.950227 2.9245 7.999
      vertex -1.80744 2.48773 0
      vertex -0.950227 2.9245 0
    endloop
  endfacet
  facet normal 0.156433 0.987689 -0
    outer loop
      vertex 0 -3.075 0
      vertex -0.950227 -2.9245 7.999
      vertex 0 -3.075 7.999
    endloop
  endfacet
  facet normal 0.156433 0.987689 0
    outer loop
      vertex -0.950227 -2.9245 7.999
      vertex 0 -3.075 0
      vertex -0.950227 -2.9245 0
    endloop
  endfacet
  facet normal -0.707107 0.707107 0
    outer loop
      vertex 1.80744 -2.48773 0
      vertex 2.48773 -1.80744 7.999
      vertex 2.48773 -1.80744 0
    endloop
  endfacet
  facet normal -0.707107 0.707107 0
    outer loop
      vertex 2.48773 -1.80744 7.999
      vertex 1.80744 -2.48773 0
      vertex 1.80744 -2.48773 7.999
    endloop
  endfacet
  facet normal 0.891007 0.453989 0
    outer loop
      vertex -2.48773 -1.80744 7.999
      vertex -2.9245 -0.950227 0
      vertex -2.9245 -0.950227 7.999
    endloop
  endfacet
  facet normal 0.891007 0.453989 0
    outer loop
      vertex -2.9245 -0.950227 0
      vertex -2.48773 -1.80744 7.999
      vertex -2.48773 -1.80744 0
    endloop
  endfacet
  facet normal 0.156433 -0.987689 0
    outer loop
      vertex -0.950227 2.9245 0
      vertex 0 3.075 7.999
      vertex -0.950227 2.9245 7.999
    endloop
  endfacet
  facet normal 0.156433 -0.987689 0
    outer loop
      vertex 0 3.075 7.999
      vertex -0.950227 2.9245 0
      vertex 0 3.075 0
    endloop
  endfacet
  facet normal -0.453989 0.891007 0
    outer loop
      vertex 1.80744 -2.48773 0
      vertex 0.950227 -2.9245 7.999
      vertex 1.80744 -2.48773 7.999
    endloop
  endfacet
  facet normal -0.453989 0.891007 0
    outer loop
      vertex 0.950227 -2.9245 7.999
      vertex 1.80744 -2.48773 0
      vertex 0.950227 -2.9245 0
    endloop
  endfacet
  facet normal -0.156433 0.987689 0
    outer loop
      vertex 0.950227 -2.9245 0
      vertex 0 -3.075 7.999
      vertex 0.950227 -2.9245 7.999
    endloop
  endfacet
  facet normal -0.156433 0.987689 0
    outer loop
      vertex 0 -3.075 7.999
      vertex 0.950227 -2.9245 0
      vertex 0 -3.075 0
    endloop
  endfacet
  facet normal 0.987689 0.156433 0
    outer loop
      vertex -2.9245 -0.950227 7.999
      vertex -3.075 0 0
      vertex -3.075 0 7.999
    endloop
  endfacet
  facet normal 0.987689 0.156433 0
    outer loop
      vertex -3.075 0 0
      vertex -2.9245 -0.950227 7.999
      vertex -2.9245 -0.950227 0
    endloop
  endfacet
  facet normal 0.891007 -0.453989 0
    outer loop
      vertex -2.9245 0.950227 7.999
      vertex -2.48773 1.80744 0
      vertex -2.48773 1.80744 7.999
    endloop
  endfacet
  facet normal 0.891007 -0.453989 0
    outer loop
      vertex -2.48773 1.80744 0
      vertex -2.9245 0.950227 7.999
      vertex -2.9245 0.950227 0
    endloop
  endfacet
  facet normal 0.707107 -0.707107 0
    outer loop
      vertex -2.48773 1.80744 7.999
      vertex -1.80744 2.48773 0
      vertex -1.80744 2.48773 7.999
    endloop
  endfacet
  facet normal 0.707107 -0.707107 0
    outer loop
      vertex -1.80744 2.48773 0
      vertex -2.48773 1.80744 7.999
      vertex -2.48773 1.80744 0
    endloop
  endfacet
  facet normal 0 0 -1
    outer loop
      vertex 2.9245 -0.950227 7.999
      vertex 2.9245 0.950227 7.999
      vertex 3.075 0 7.999
    endloop
  endfacet
  facet normal 0 0 -1
    outer loop
      vertex 2.48773 -1.80744 7.999
      vertex 2.9245 0.950227 7.999
      vertex 2.9245 -0.950227 7.999
    endloop
  endfacet
  facet normal 0 0 -1
    outer loop
      vertex 2.48773 -1.80744 7.999
      vertex 2.48773 1.80744 7.999
      vertex 2.9245 0.950227 7.999
    endloop
  endfacet
  facet normal 0 0 -1
    outer loop
      vertex 1.80744 -2.48773 7.999
      vertex 2.48773 1.80744 7.999
      vertex 2.48773 -1.80744 7.999
    endloop
  endfacet
  facet normal 0 0 -1
    outer loop
      vertex 1.80744 -2.48773 7.999
      vertex 1.80744 2.48773 7.999
      vertex 2.48773 1.80744 7.999
    endloop
  endfacet
  facet normal 0 0 -1
    outer loop
      vertex 0.950227 -2.9245 7.999
      vertex 1.80744 2.48773 7.999
      vertex 1.80744 -2.48773 7.999
    endloop
  endfacet
  facet normal 0 0 -1
    outer loop
      vertex 0.950227 -2.9245 7.999
      vertex 0.950227 2.9245 7.999
      vertex 1.80744 2.48773 7.999
    endloop
  endfacet
  facet normal 0 0 -1
    outer loop
      vertex 0 -3.075 7.999
      vertex 0.950227 2.9245 7.999
      vertex 0.950227 -2.9245 7.999
    endloop
  endfacet
  facet normal 0 0 -1
    outer loop
      vertex 0 -3.075 7.999
      vertex 0 3.075 7.999
      vertex 0.950227 2.9245 7.999
    endloop
  endfacet
  facet normal 0 0 -1
    outer loop
      vertex -0.950227 -2.9245 7.999
      vertex 0 3.075 7.999
      vertex 0 -3.075 7.999
    endloop
  endfacet
  facet normal 0 0 -1
    outer loop
      vertex -0.950227 -2.9245 7.999
      vertex -0.950227 2.9245 7.999
      vertex 0 3.075 7.999
    endloop
  endfacet
  facet normal 0 0 -1
    outer loop
      vertex -1.80744 -2.48773 7.999
      vertex -0.950227 2.9245 7.999
      vertex -0.950227 -2.9245 7.999
    endloop
  endfacet
  facet normal 0 0 -1
    outer loop
      vertex -1.80744 -2.48773 7.999
      vertex -1.80744 2.48773 7.999
      vertex -0.950227 2.9245 7.999
    endloop
  endfacet
  facet normal 0 0 -1
    outer loop
      vertex -2.48773 -1.80744 7.999
      vertex -1.80744 2.48773 7.999
      vertex -1.80744 -2.48773 7.999
    endloop
  endfacet
  facet normal 0 0 -1
    outer loop
      vertex -2.48773 -1.80744 7.999
      vertex -2.48773 1.80744 7.999
      vertex -1.80744 2.48773 7.999
    endloop
  endfacet
  facet normal 0 0 -1
    outer loop
      vertex -2.9245 -0.950227 7.999
      vertex -2.48773 1.80744 7.999
      vertex -2.48773 -1.80744 7.999
    endloop
  endfacet
  facet normal 0 0 -1
    outer loop
      vertex -2.9245 -0.950227 7.999
      vertex -2.9245 0.950227 7.999
      vertex -2.48773 1.80744 7.999
    endloop
  endfacet
  facet normal 0 -0 -1
    outer loop
      vertex -2.9245 0.950227 7.999
      vertex -2.9245 -0.950227 7.999
      vertex -3.075 0 7.999
    endloop
  endfacet
  facet normal -0.987689 0.156433 0
    outer loop
      vertex 2.9245 -0.950227 0
      vertex 3.075 0 7.999
      vertex 3.075 0 0
    endloop
  endfacet
  facet normal -0.987689 0.156433 0
    outer loop
      vertex 3.075 0 7.999
      vertex 2.9245 -0.950227 0
      vertex 2.9245 -0.950227 7.999
    endloop
  endfacet
  facet normal 0.707107 0.707107 0
    outer loop
      vertex -1.80744 -2.48773 7.999
      vertex -2.48773 -1.80744 0
      vertex -2.48773 -1.80744 7.999
    endloop
  endfacet
  facet normal 0.707107 0.707107 0
    outer loop
      vertex -2.48773 -1.80744 0
      vertex -1.80744 -2.48773 7.999
      vertex -1.80744 -2.48773 0
    endloop
  endfacet
  facet normal 0.453989 0.891007 -0
    outer loop
      vertex -0.950227 -2.9245 0
      vertex -1.80744 -2.48773 7.999
      vertex -0.950227 -2.9245 7.999
    endloop
  endfacet
  facet normal 0.453989 0.891007 0
    outer loop
      vertex -1.80744 -2.48773 7.999
      vertex -0.950227 -2.9245 0
      vertex -1.80744 -2.48773 0
    endloop
  endfacet
endsolid OpenSCAD_Model
