solid OpenSCAD_Model
  facet normal -0.09955 -6.98497e-05 0.995033
    outer loop
      vertex 4.50725 0.00231739 29.926
      vertex 5.91459 0 30.0668
      vertex 4.93736 0.982103 29.9691
    endloop
  endfacet
  facet normal -0.099422 -0.0369023 0.994361
    outer loop
      vertex 4.50725 -0.00231739 29.926
      vertex 5.91459 0 30.0668
      vertex 4.50739 0 29.9261
    endloop
  endfacet
  facet normal -0.0994618 -0.000247542 0.995041
    outer loop
      vertex 4.4722 0.56497 29.9225
      vertex 4.93736 0.982103 29.9691
      vertex 4.50739 0.896577 29.9261
    endloop
  endfacet
  facet normal -0.099422 0.0369023 0.994361
    outer loop
      vertex 5.91459 0 30.0668
      vertex 4.50725 0.00231739 29.926
      vertex 4.50739 0 29.9261
    endloop
  endfacet
  facet normal -0.0996648 -1.89755e-05 0.995021
    outer loop
      vertex 4.93736 0.982103 29.9691
      vertex 4.4722 0.56497 29.9225
      vertex 4.50725 0.00231739 29.926
    endloop
  endfacet
  facet normal -0.100234 -0.00016475 0.994964
    outer loop
      vertex 4.4722 0.56497 29.9225
      vertex 4.50739 0.896577 29.9261
      vertex 4.41312 0.877825 29.9166
    endloop
  endfacet
  facet normal -0.09955 6.98497e-05 0.995033
    outer loop
      vertex 5.91459 0 30.0668
      vertex 4.50725 -0.00231739 29.926
      vertex 4.93736 -0.982103 29.9691
    endloop
  endfacet
  facet normal -0.0996648 1.89755e-05 0.995021
    outer loop
      vertex 4.4722 -0.56497 29.9225
      vertex 4.93736 -0.982103 29.9691
      vertex 4.50725 -0.00231739 29.926
    endloop
  endfacet
  facet normal -0.0994618 0.000247542 0.995041
    outer loop
      vertex 4.93736 -0.982103 29.9691
      vertex 4.4722 -0.56497 29.9225
      vertex 4.50739 -0.896577 29.9261
    endloop
  endfacet
  facet normal -0.100234 0.00016475 0.994964
    outer loop
      vertex 4.50739 -0.896577 29.9261
      vertex 4.4722 -0.56497 29.9225
      vertex 4.41312 -0.877825 29.9166
    endloop
  endfacet
  facet normal -0.703579 0.707125 -0.0703581
    outer loop
      vertex 7.10973 1.41421 3.90269
      vertex 7.09245 1.28538 2.7807
      vertex 6.41713 1.27645 9.44413
    endloop
  endfacet
  facet normal -0.703576 0.707129 -0.0703586
    outer loop
      vertex 7.09245 1.28538 2.7807
      vertex 7.10973 1.41421 3.90269
      vertex 7.49261 1.41421 0.0739441
    endloop
  endfacet
  facet normal 0.703598 0.707107 0.0703595
    outer loop
      vertex 5.91459 0 30.0668
      vertex 5.50117 1.09425 23.2039
      vertex 4.93736 0.982102 29.9691
    endloop
  endfacet
  facet normal 0.703597 0.707107 0.0703596
    outer loop
      vertex 8.8998 0 0.214664
      vertex 5.50117 1.09425 23.2039
      vertex 5.91459 0 30.0668
    endloop
  endfacet
  facet normal 0.703597 0.707108 0.0703595
    outer loop
      vertex 5.50117 1.09425 23.2039
      vertex 8.8998 0 0.214664
      vertex 7.10973 1.41421 3.9027
    endloop
  endfacet
  facet normal 0.619913 0.78467 0
    outer loop
      vertex 7.10973 1.41421 3.9027
      vertex 8.8998 0 0.214664
      vertex 7.10973 1.41421 3.90269
    endloop
  endfacet
  facet normal 0.703598 0.707106 0.0703608
    outer loop
      vertex 7.10973 1.41421 3.90269
      vertex 8.8998 0 0.214664
      vertex 7.49261 1.41421 0.0739441
    endloop
  endfacet
  facet normal 0.0994805 0 -0.99504
    outer loop
      vertex 5.91459 0 30.0668
      vertex 4.93736 0.982102 29.9691
      vertex 4.93736 0.982103 29.9691
    endloop
  endfacet
  facet normal 0.0995043 0 -0.995037
    outer loop
      vertex 7.49261 -6.06324e-06 0.0739441
      vertex 8.8998 0 0.214664
      vertex 7.49261 -1.41421 0.0739441
    endloop
  endfacet
  facet normal 0.0995043 0 -0.995037
    outer loop
      vertex 8.8998 0 0.214664
      vertex 7.49261 -6.06324e-06 0.0739441
      vertex 7.49261 0 0.0739441
    endloop
  endfacet
  facet normal 0.0995043 0 -0.995037
    outer loop
      vertex 7.49261 6.06324e-06 0.0739441
      vertex 8.8998 0 0.214664
      vertex 7.49261 0 0.0739441
    endloop
  endfacet
  facet normal 0.0995043 0 -0.995037
    outer loop
      vertex 8.8998 0 0.214664
      vertex 7.49261 6.06324e-06 0.0739441
      vertex 7.49261 1.41421 0.0739441
    endloop
  endfacet
  facet normal -0.703579 -0.707125 -0.0703581
    outer loop
      vertex 7.09245 -1.28538 2.7807
      vertex 7.10973 -1.41421 3.90269
      vertex 6.41713 -1.27645 9.44413
    endloop
  endfacet
  facet normal -0.703576 -0.707129 -0.0703586
    outer loop
      vertex 7.10973 -1.41421 3.90269
      vertex 7.09245 -1.28538 2.7807
      vertex 7.49261 -1.41421 0.0739441
    endloop
  endfacet
  facet normal 0.0994885 0 -0.995039
    outer loop
      vertex 7.43418 0.937865 0.068102
      vertex 7.49261 1.41421 0.0739441
      vertex 7.49261 6.06324e-06 0.0739441
    endloop
  endfacet
  facet normal 0.0994937 -6.34579e-07 -0.995038
    outer loop
      vertex 7.4341 0.939145 0.068094
      vertex 7.49261 1.41421 0.0739441
      vertex 7.43418 0.937865 0.068102
    endloop
  endfacet
  facet normal 0.101543 -0.000255602 -0.994831
    outer loop
      vertex 7.43387 0.940405 0.0680702
      vertex 7.49261 1.41421 0.0739441
      vertex 7.4341 0.939145 0.068094
    endloop
  endfacet
  facet normal 0.0994958 7.78115e-07 -0.995038
    outer loop
      vertex 7.49261 1.41421 0.0739441
      vertex 7.43387 0.940405 0.0680702
      vertex 7.36803 1.28902 0.061487
    endloop
  endfacet
  facet normal 0.0994885 0 -0.995039
    outer loop
      vertex 7.49261 -1.41421 0.0739441
      vertex 7.43418 -0.937865 0.068102
      vertex 7.49261 -6.06324e-06 0.0739441
    endloop
  endfacet
  facet normal 0.0994937 6.34579e-07 -0.995038
    outer loop
      vertex 7.49261 -1.41421 0.0739441
      vertex 7.4341 -0.939145 0.068094
      vertex 7.43418 -0.937865 0.068102
    endloop
  endfacet
  facet normal 0.101543 0.000255602 -0.994831
    outer loop
      vertex 7.49261 -1.41421 0.0739441
      vertex 7.43387 -0.940405 0.0680702
      vertex 7.4341 -0.939145 0.068094
    endloop
  endfacet
  facet normal 0.0994958 -7.78115e-07 -0.995038
    outer loop
      vertex 7.43387 -0.940405 0.0680702
      vertex 7.49261 -1.41421 0.0739441
      vertex 7.36803 -1.28902 0.061487
    endloop
  endfacet
  facet normal 0.0994805 0 -0.99504
    outer loop
      vertex 4.93736 -0.982102 29.9691
      vertex 5.91459 0 30.0668
      vertex 4.93736 -0.982103 29.9691
    endloop
  endfacet
  facet normal 0.703598 -0.707107 0.0703595
    outer loop
      vertex 5.50117 -1.09425 23.2039
      vertex 5.91459 0 30.0668
      vertex 4.93736 -0.982102 29.9691
    endloop
  endfacet
  facet normal 0.703597 -0.707108 0.0703595
    outer loop
      vertex 8.8998 0 0.214664
      vertex 5.50117 -1.09425 23.2039
      vertex 7.10973 -1.41421 3.9027
    endloop
  endfacet
  facet normal 0.619913 -0.78467 0
    outer loop
      vertex 8.8998 0 0.214664
      vertex 7.10973 -1.41421 3.9027
      vertex 7.10973 -1.41421 3.90269
    endloop
  endfacet
  facet normal 0.703597 -0.707107 0.0703596
    outer loop
      vertex 5.50117 -1.09425 23.2039
      vertex 8.8998 0 0.214664
      vertex 5.91459 0 30.0668
    endloop
  endfacet
  facet normal 0.703598 -0.707106 0.0703608
    outer loop
      vertex 8.8998 0 0.214664
      vertex 7.10973 -1.41421 3.90269
      vertex 7.49261 -1.41421 0.0739441
    endloop
  endfacet
  facet normal -0.703566 -0.707139 -0.0703566
    outer loop
      vertex 7.49261 -1.41421 0.0739441
      vertex 7.09245 -1.28538 2.7807
      vertex 7.36803 -1.28902 0.061487
    endloop
  endfacet
  facet normal -0.703566 0.707139 -0.0703566
    outer loop
      vertex 7.36803 1.28902 0.061487
      vertex 7.09245 1.28538 2.7807
      vertex 7.49261 1.41421 0.0739441
    endloop
  endfacet
  facet normal -0.18228 0 0.983247
    outer loop
      vertex 5.46437 2.26342 30.0668
      vertex 4.93736 0.982103 29.9691
      vertex 4.93736 0.982102 29.9691
    endloop
  endfacet
  facet normal -0.0919077 -0.0380695 0.99504
    outer loop
      vertex 4.18569 2.79679 29.9691
      vertex 4.93736 0.982103 29.9691
      vertex 5.46437 2.26342 30.0668
    endloop
  endfacet
  facet normal -0.0919358 -0.0380812 0.995036
    outer loop
      vertex 4.93736 0.982103 29.9691
      vertex 4.18569 2.79679 29.9691
      vertex 4.50739 0.896577 29.9261
    endloop
  endfacet
  facet normal -0.0919358 -0.0380812 0.995036
    outer loop
      vertex 4.50739 0.896577 29.9261
      vertex 4.18569 2.79679 29.9691
      vertex 3.82118 2.55323 29.9261
    endloop
  endfacet
  facet normal -0.920633 0.384038 -0.0703588
    outer loop
      vertex 6.06034 3.90141 2.78353
      vertex 6.02734 4.02734 3.90269
      vertex 6.38107 4.17386 0.0739441
    endloop
  endfacet
  facet normal -0.920632 0.384041 -0.0703591
    outer loop
      vertex 6.02734 4.02734 3.90269
      vertex 6.06034 3.90141 2.78353
      vertex 5.44638 3.63916 9.38561
    endloop
  endfacet
  facet normal 0.379438 0.922538 0.0703596
    outer loop
      vertex 5.46437 2.26342 30.0668
      vertex 6.02734 4.02734 3.90269
      vertex 4.18569 2.79679 29.9691
    endloop
  endfacet
  facet normal 0.379438 0.922538 0.0703596
    outer loop
      vertex 6.38107 4.17386 0.0739441
      vertex 6.02734 4.02734 3.90269
      vertex 5.46437 2.26342 30.0668
    endloop
  endfacet
  facet normal -0.0926046 -0.0385165 0.994958
    outer loop
      vertex 4.50739 0.896577 29.9261
      vertex 4.36668 1.11864 29.9216
      vertex 4.41312 0.877825 29.9166
    endloop
  endfacet
  facet normal -0.0457172 -0.00872611 0.998916
    outer loop
      vertex 4.50739 0.896577 29.9261
      vertex 4.36622 1.12105 29.9216
      vertex 4.36668 1.11864 29.9216
    endloop
  endfacet
  facet normal -0.0666949 -0.0219466 0.997532
    outer loop
      vertex 4.50739 0.896577 29.9261
      vertex 4.36545 1.12339 29.9216
      vertex 4.36622 1.12105 29.9216
    endloop
  endfacet
  facet normal -0.0930196 -0.0384725 0.994921
    outer loop
      vertex 4.50739 0.896577 29.9261
      vertex 4.19087 1.65928 29.926
      vertex 4.36545 1.12339 29.9216
    endloop
  endfacet
  facet normal -0.00219734 -0.00102056 0.999997
    outer loop
      vertex 3.82118 2.55323 29.9261
      vertex 4.18989 1.66139 29.926
      vertex 4.19087 1.65928 29.926
    endloop
  endfacet
  facet normal -0.164759 -0.0682456 0.98397
    outer loop
      vertex 3.82118 2.55323 29.9261
      vertex 4.19087 1.65928 29.926
      vertex 4.50739 0.896577 29.9261
    endloop
  endfacet
  facet normal -0.0916054 -0.0379837 0.995071
    outer loop
      vertex 4.18989 1.66139 29.926
      vertex 3.82118 2.55323 29.9261
      vertex 3.9501 2.17158 29.9234
    endloop
  endfacet
  facet normal -0.0927475 -0.0383686 0.99495
    outer loop
      vertex 3.9501 2.17158 29.9234
      vertex 3.82118 2.55323 29.9261
      vertex 3.74218 2.50044 29.9167
    endloop
  endfacet
  facet normal 0.379441 0.922537 0.0703596
    outer loop
      vertex 6.38107 4.17386 0.0739441
      vertex 5.46437 2.26342 30.0668
      vertex 8.22234 3.40581 0.214664
    endloop
  endfacet
  facet normal 0.920638 -0.384026 0.0703596
    outer loop
      vertex 5.46437 2.26342 30.0668
      vertex 5.50117 1.09425 23.2039
      vertex 8.22234 3.40581 0.214664
    endloop
  endfacet
  facet normal 0.920638 -0.384026 0.0703596
    outer loop
      vertex 5.50117 1.09425 23.2039
      vertex 5.46437 2.26342 30.0668
      vertex 4.93736 0.982102 29.9691
    endloop
  endfacet
  facet normal -0.920628 0.384049 -0.0703572
    outer loop
      vertex 6.31348 4.00954 0.0614121
      vertex 6.06034 3.90141 2.78353
      vertex 6.38107 4.17386 0.0739441
    endloop
  endfacet
  facet normal -0.379454 -0.922531 -0.0703603
    outer loop
      vertex 7.30344 1.62748 0.061715
      vertex 7.10973 1.41421 3.90269
      vertex 6.41713 1.27645 9.44413
    endloop
  endfacet
  facet normal -0.379445 -0.922535 -0.0703601
    outer loop
      vertex 7.10973 1.41421 3.90269
      vertex 7.30344 1.62748 0.061715
      vertex 7.46346 1.56073 0.0739441
    endloop
  endfacet
  facet normal 0.382684 -0.923879 0
    outer loop
      vertex 7.10973 1.41421 3.9027
      vertex 7.10973 1.41421 3.90269
      vertex 7.46346 1.56073 0.0739441
    endloop
  endfacet
  facet normal 0.0919252 0.0380743 -0.995038
    outer loop
      vertex 7.25793 1.86352 0.0665425
      vertex 7.46346 1.56073 0.0739441
      vertex 7.30344 1.62748 0.061715
    endloop
  endfacet
  facet normal 0.0919329 0.0380796 -0.995037
    outer loop
      vertex 6.96689 2.75689 0.0738417
      vertex 7.46346 1.56073 0.0739441
      vertex 7.25793 1.86352 0.0665425
    endloop
  endfacet
  facet normal 0.0889461 0.0368396 -0.995355
    outer loop
      vertex 6.96646 2.75822 0.0738525
      vertex 7.46346 1.56073 0.0739441
      vertex 6.96689 2.75689 0.0738417
    endloop
  endfacet
  facet normal 0.0925104 0.0383189 -0.994974
    outer loop
      vertex 6.96646 2.75822 0.0738525
      vertex 6.38107 4.17386 0.0739441
      vertex 7.46346 1.56073 0.0739441
    endloop
  endfacet
  facet normal 0.091921 0.0380752 -0.995038
    outer loop
      vertex 6.56677 3.60862 0.06947
      vertex 6.38107 4.17386 0.0739441
      vertex 6.96646 2.75822 0.0738525
    endloop
  endfacet
  facet normal 0.0913554 0.0378899 -0.995097
    outer loop
      vertex 6.56621 3.60981 0.0694639
      vertex 6.38107 4.17386 0.0739441
      vertex 6.56677 3.60862 0.06947
    endloop
  endfacet
  facet normal 0.0911237 0.037814 -0.995121
    outer loop
      vertex 6.56551 3.61091 0.0694416
      vertex 6.38107 4.17386 0.0739441
      vertex 6.56621 3.60981 0.0694639
    endloop
  endfacet
  facet normal 0.0919248 0.0380758 -0.995038
    outer loop
      vertex 6.38107 4.17386 0.0739441
      vertex 6.56551 3.61091 0.0694416
      vertex 6.31348 4.00954 0.0614121
    endloop
  endfacet
  facet normal 0.0919299 0.0380785 -0.995037
    outer loop
      vertex 7.46346 1.56073 0.0739441
      vertex 6.38107 4.17386 0.0739441
      vertex 8.22234 3.40581 0.214664
    endloop
  endfacet
  facet normal 0.920638 -0.384024 0.0703597
    outer loop
      vertex 8.22234 3.40581 0.214664
      vertex 7.10973 1.41421 3.9027
      vertex 7.46346 1.56073 0.0739441
    endloop
  endfacet
  facet normal 0.920638 -0.384024 0.0703599
    outer loop
      vertex 7.10973 1.41421 3.9027
      vertex 8.22234 3.40581 0.214664
      vertex 5.50117 1.09425 23.2039
    endloop
  endfacet
  facet normal -0.0704459 -0.0703427 0.995032
    outer loop
      vertex 3.28576 3.08554 29.9258
      vertex 4.18569 2.79679 29.9691
      vertex 4.18225 4.18225 30.0668
    endloop
  endfacet
  facet normal -0.0704511 -0.0702355 0.99504
    outer loop
      vertex 4.18569 2.79679 29.9691
      vertex 3.64541 2.65162 29.9206
      vertex 3.82118 2.55323 29.9261
    endloop
  endfacet
  facet normal -0.0709753 -0.0709509 0.994951
    outer loop
      vertex 3.82118 2.55323 29.9261
      vertex 3.64834 2.6476 29.9205
      vertex 3.74218 2.50044 29.9167
    endloop
  endfacet
  facet normal -0.0887846 -0.103826 0.990625
    outer loop
      vertex 3.82118 2.55323 29.9261
      vertex 3.647 2.6497 29.9206
      vertex 3.64834 2.6476 29.9205
    endloop
  endfacet
  facet normal -0.0581636 -0.0481668 0.997144
    outer loop
      vertex 3.82118 2.55323 29.9261
      vertex 3.64541 2.65162 29.9206
      vertex 3.647 2.6497 29.9206
    endloop
  endfacet
  facet normal -0.070433 -0.0703019 0.995036
    outer loop
      vertex 4.18569 2.79679 29.9691
      vertex 3.28576 3.08554 29.9258
      vertex 3.64541 2.65162 29.9206
    endloop
  endfacet
  facet normal -0.0680365 -0.0723156 0.995059
    outer loop
      vertex 4.18225 4.18225 30.0668
      vertex 3.28407 3.08713 29.9258
      vertex 3.28576 3.08554 29.9258
    endloop
  endfacet
  facet normal -0.0702037 -0.0705352 0.995036
    outer loop
      vertex 3.28407 3.08713 29.9258
      vertex 4.18225 4.18225 30.0668
      vertex 3.18254 3.18254 29.9254
    endloop
  endfacet
  facet normal 0.00248779 -0.997519 -0.0703585
    outer loop
      vertex 6.29807 4.29807 0.0739441
      vertex 6.02734 4.02734 3.90269
      vertex 5.93823 4.11351 2.67785
    endloop
  endfacet
  facet normal 0.00248944 -0.997519 -0.0703586
    outer loop
      vertex 5.44638 3.63916 9.38561
      vertex 5.93823 4.11351 2.67785
      vertex 6.02734 4.02734 3.90269
    endloop
  endfacet
  facet normal -0.0703357 -0.0704032 0.995036
    outer loop
      vertex 4.18225 4.18225 30.0668
      vertex 2.87325 3.47316 29.9241
      vertex 3.18254 3.18254 29.9254
    endloop
  endfacet
  facet normal -0.0703428 -0.0703901 0.995036
    outer loop
      vertex 4.18225 4.18225 30.0668
      vertex 2.79679 4.18569 29.9691
      vertex 2.87325 3.47316 29.9241
    endloop
  endfacet
  facet normal -0.0703287 -0.0703886 0.995037
    outer loop
      vertex 2.55323 3.82118 29.9261
      vertex 2.87325 3.47316 29.9241
      vertex 2.79679 4.18569 29.9691
    endloop
  endfacet
  facet normal -0.0703028 -0.0703649 0.995041
    outer loop
      vertex 2.87325 3.47316 29.9241
      vertex 2.55323 3.82118 29.9261
      vertex 2.50167 3.74401 29.917
    endloop
  endfacet
  facet normal -0.997519 0.00250805 -0.070357
    outer loop
      vertex 4.10816 5.92781 2.75328
      vertex 4.02734 6.02734 3.90269
      vertex 4.29807 6.29807 0.0739441
    endloop
  endfacet
  facet normal -0.997519 0.00250478 -0.0703568
    outer loop
      vertex 4.02734 6.02734 3.90269
      vertex 4.10816 5.92781 2.75328
      vertex 3.64747 5.45882 9.26825
    endloop
  endfacet
  facet normal 0.0703602 0.0703608 -0.995037
    outer loop
      vertex 6.06238 4.40458 0.0648097
      vertex 6.29807 4.29807 0.0739441
      vertex 6.13003 4.29849 0.0620915
    endloop
  endfacet
  facet normal 0.0703597 0.0703597 -0.995037
    outer loop
      vertex 5.46278 5.128 0.0735651
      vertex 6.29807 4.29807 0.0739441
      vertex 6.06238 4.40458 0.0648097
    endloop
  endfacet
  facet normal 0.0676814 0.0676639 -0.99541
    outer loop
      vertex 5.4619 5.12907 0.073578
      vertex 6.29807 4.29807 0.0739441
      vertex 5.46278 5.128 0.0735651
    endloop
  endfacet
  facet normal 0.0704599 0.0704599 -0.995023
    outer loop
      vertex 5.4619 5.12907 0.073578
      vertex 4.29807 6.29807 0.0739441
      vertex 6.29807 4.29807 0.0739441
    endloop
  endfacet
  facet normal 0.0703601 0.0703606 -0.995037
    outer loop
      vertex 4.77715 5.77249 0.0706558
      vertex 4.29807 6.29807 0.0739441
      vertex 5.4619 5.12907 0.073578
    endloop
  endfacet
  facet normal 0.0753422 0.0748975 -0.994341
    outer loop
      vertex 4.77618 5.77341 0.0706516
      vertex 4.29807 6.29807 0.0739441
      vertex 4.77715 5.77249 0.0706558
    endloop
  endfacet
  facet normal 0.0687259 0.0688739 -0.995255
    outer loop
      vertex 4.7751 5.77419 0.070631
      vertex 4.29807 6.29807 0.0739441
      vertex 4.77618 5.77341 0.0706516
    endloop
  endfacet
  facet normal 0.0703603 0.0703608 -0.995037
    outer loop
      vertex 4.29807 6.29807 0.0739441
      vertex 4.7751 5.77419 0.070631
      vertex 4.29851 6.12158 0.0614953
    endloop
  endfacet
  facet normal -0.00248486 0.997519 0.0703596
    outer loop
      vertex 4.18225 4.18225 30.0668
      vertex 4.02734 6.02734 3.90269
      vertex 2.79679 4.18569 29.9691
    endloop
  endfacet
  facet normal -0.00248151 0.997519 0.0703596
    outer loop
      vertex 6.29311 6.29311 0.214664
      vertex 4.02734 6.02734 3.90269
      vertex 4.18225 4.18225 30.0668
    endloop
  endfacet
  facet normal -0.00248275 0.997519 0.0703588
    outer loop
      vertex 4.02734 6.02734 3.90269
      vertex 6.29311 6.29311 0.214664
      vertex 4.29807 6.29807 0.0739441
    endloop
  endfacet
  facet normal 0.0703598 0.0703598 -0.995037
    outer loop
      vertex 6.29807 4.29807 0.0739441
      vertex 4.29807 6.29807 0.0739441
      vertex 6.29311 6.29311 0.214664
    endloop
  endfacet
  facet normal 0.997519 -0.00248151 0.0703596
    outer loop
      vertex 6.02734 4.02734 3.90269
      vertex 6.29311 6.29311 0.214664
      vertex 4.18225 4.18225 30.0668
    endloop
  endfacet
  facet normal 0.997519 -0.00248275 0.0703588
    outer loop
      vertex 6.29311 6.29311 0.214664
      vertex 6.02734 4.02734 3.90269
      vertex 6.29807 4.29807 0.0739441
    endloop
  endfacet
  facet normal 0.997519 -0.00248486 0.0703596
    outer loop
      vertex 6.02734 4.02734 3.90269
      vertex 4.18225 4.18225 30.0668
      vertex 4.18569 2.79679 29.9691
    endloop
  endfacet
  facet normal 0.00246967 -0.997519 -0.070361
    outer loop
      vertex 6.29807 4.29807 0.0739441
      vertex 5.93823 4.11351 2.67785
      vertex 6.13003 4.29849 0.0620915
    endloop
  endfacet
  facet normal -0.997518 0.0024761 -0.0703614
    outer loop
      vertex 4.29851 6.12158 0.0614953
      vertex 4.10816 5.92781 2.75328
      vertex 4.29807 6.29807 0.0739441
    endloop
  endfacet
  facet normal 0 -0.18228 0.983247
    outer loop
      vertex 2.26342 5.46437 30.0668
      vertex 0.982102 4.93736 29.9691
      vertex 0.982103 4.93736 29.9691
    endloop
  endfacet
  facet normal -0.0380695 -0.0919077 0.99504
    outer loop
      vertex 0.982103 4.93736 29.9691
      vertex 2.79679 4.18569 29.9691
      vertex 2.26342 5.46437 30.0668
    endloop
  endfacet
  facet normal -0.0380812 -0.0919358 0.995036
    outer loop
      vertex 2.79679 4.18569 29.9691
      vertex 0.982103 4.93736 29.9691
      vertex 2.55323 3.82118 29.9261
    endloop
  endfacet
  facet normal -0.0380812 -0.0919358 0.995036
    outer loop
      vertex 2.55323 3.82118 29.9261
      vertex 0.982103 4.93736 29.9691
      vertex 0.896577 4.50739 29.9261
    endloop
  endfacet
  facet normal -0.0388496 -0.0913819 0.995058
    outer loop
      vertex 2.55323 3.82118 29.9261
      vertex 2.41759 3.8048 29.9193
      vertex 2.50167 3.74401 29.917
    endloop
  endfacet
  facet normal -0.0356905 -0.1165 0.992549
    outer loop
      vertex 2.55323 3.82118 29.9261
      vertex 2.41554 3.80628 29.9194
      vertex 2.41759 3.8048 29.9193
    endloop
  endfacet
  facet normal -0.0405105 -0.0737158 0.996456
    outer loop
      vertex 2.55323 3.82118 29.9261
      vertex 2.41332 3.8075 29.9194
      vertex 2.41554 3.80628 29.9194
    endloop
  endfacet
  facet normal -0.0385453 -0.093059 0.994914
    outer loop
      vertex 2.55323 3.82118 29.9261
      vertex 1.91918 4.07846 29.9256
      vertex 2.41332 3.8075 29.9194
    endloop
  endfacet
  facet normal -0.038495 -0.0929349 0.994928
    outer loop
      vertex 0.896577 4.50739 29.9261
      vertex 1.91918 4.07846 29.9256
      vertex 2.55323 3.82118 29.9261
    endloop
  endfacet
  facet normal -0.0389474 -0.0940133 0.994809
    outer loop
      vertex 0.896577 4.50739 29.9261
      vertex 1.3951 4.28605 29.9247
      vertex 1.91918 4.07846 29.9256
    endloop
  endfacet
  facet normal -0.0228364 -0.0577472 0.99807
    outer loop
      vertex 0.896577 4.50739 29.9261
      vertex 1.3929 4.28692 29.9247
      vertex 1.3951 4.28605 29.9247
    endloop
  endfacet
  facet normal -0.104099 -0.240476 0.965057
    outer loop
      vertex 0.896577 4.50739 29.9261
      vertex 1.39061 4.28751 29.9246
      vertex 1.3929 4.28692 29.9247
    endloop
  endfacet
  facet normal -0.0380053 -0.0921793 0.995017
    outer loop
      vertex 1.39061 4.28751 29.9246
      vertex 0.896577 4.50739 29.9261
      vertex 0.879113 4.4196 29.9173
    endloop
  endfacet
  facet normal 0.0380785 0.0919299 -0.995037
    outer loop
      vertex 4.17386 6.38107 0.0739441
      vertex 1.56073 7.46346 0.0739441
      vertex 3.40581 8.22234 0.214664
    endloop
  endfacet
  facet normal -0.922537 -0.379441 -0.07036
    outer loop
      vertex 1.4024 6.74984 5.99837
      vertex 1.41421 7.10973 3.90269
      vertex 1.62733 7.3038 0.061742
    endloop
  endfacet
  facet normal -0.92254 -0.379433 -0.0703588
    outer loop
      vertex 1.41421 7.10973 3.90269
      vertex 1.4024 6.74984 5.99837
      vertex 1.28522 6.46124 9.0912
    endloop
  endfacet
  facet normal -0.922535 -0.379446 -0.0703601
    outer loop
      vertex 1.41421 7.10973 3.90269
      vertex 1.56073 7.46346 0.0739441
      vertex 1.62733 7.3038 0.061742
    endloop
  endfacet
  facet normal -0.923879 0.382684 0
    outer loop
      vertex 1.56073 7.46346 0.0739441
      vertex 1.41421 7.10973 3.90269
      vertex 1.41421 7.10973 3.9027
    endloop
  endfacet
  facet normal 0.922537 0.379441 0.0703596
    outer loop
      vertex 3.40581 8.22234 0.214664
      vertex 2.26342 5.46437 30.0668
      vertex 4.17386 6.38107 0.0739441
    endloop
  endfacet
  facet normal 0.922538 0.379438 0.0703596
    outer loop
      vertex 2.26342 5.46437 30.0668
      vertex 4.02734 6.02734 3.90269
      vertex 4.17386 6.38107 0.0739441
    endloop
  endfacet
  facet normal 0.922538 0.379438 0.0703596
    outer loop
      vertex 2.26342 5.46437 30.0668
      vertex 2.79679 4.18569 29.9691
      vertex 4.02734 6.02734 3.90269
    endloop
  endfacet
  facet normal 0.0380681 0.0919567 -0.995035
    outer loop
      vertex 4.01533 6.32715 0.062896
      vertex 4.17386 6.38107 0.0739441
      vertex 4.02528 6.31996 0.0626122
    endloop
  endfacet
  facet normal 0.0380777 0.091929 -0.995037
    outer loop
      vertex 3.19144 6.77892 0.0731056
      vertex 4.17386 6.38107 0.0739441
      vertex 4.01533 6.32715 0.062896
    endloop
  endfacet
  facet normal 0.0365347 0.0881179 -0.99544
    outer loop
      vertex 3.19023 6.77959 0.0731205
      vertex 4.17386 6.38107 0.0739441
      vertex 3.19144 6.77892 0.0731056
    endloop
  endfacet
  facet normal 0.0380917 0.0919617 -0.995034
    outer loop
      vertex 3.19023 6.77959 0.0731205
      vertex 1.56073 7.46346 0.0739441
      vertex 4.17386 6.38107 0.0739441
    endloop
  endfacet
  facet normal 0.0303952 0.0736249 -0.996823
    outer loop
      vertex 3.18895 6.78009 0.0731184
      vertex 1.56073 7.46346 0.0739441
      vertex 3.19023 6.77959 0.0731205
    endloop
  endfacet
  facet normal 0.0380857 0.0919466 -0.995035
    outer loop
      vertex 2.31541 7.12611 0.0716571
      vertex 1.56073 7.46346 0.0739441
      vertex 3.18895 6.78009 0.0731184
    endloop
  endfacet
  facet normal 0.0380784 0.0919301 -0.995037
    outer loop
      vertex 1.56073 7.46346 0.0739441
      vertex 2.31541 7.12611 0.0716571
      vertex 1.62733 7.3038 0.061742
    endloop
  endfacet
  facet normal -0.384024 0.920638 0.0703599
    outer loop
      vertex 3.40581 8.22234 0.214664
      vertex 1.41421 7.10973 3.9027
      vertex 1.09425 5.50117 23.2039
    endloop
  endfacet
  facet normal -0.384024 0.920638 0.0703597
    outer loop
      vertex 1.41421 7.10973 3.9027
      vertex 3.40581 8.22234 0.214664
      vertex 1.56073 7.46346 0.0739441
    endloop
  endfacet
  facet normal -0.384026 0.920638 0.0703596
    outer loop
      vertex 2.26342 5.46437 30.0668
      vertex 1.09425 5.50117 23.2039
      vertex 0.982102 4.93736 29.9691
    endloop
  endfacet
  facet normal -0.384026 0.920638 0.0703596
    outer loop
      vertex 1.09425 5.50117 23.2039
      vertex 2.26342 5.46437 30.0668
      vertex 3.40581 8.22234 0.214664
    endloop
  endfacet
  facet normal 0.38402 -0.92064 -0.0703618
    outer loop
      vertex 4.17386 6.38107 0.0739441
      vertex 3.92202 6.0846 2.57858
      vertex 4.02528 6.31996 0.0626122
    endloop
  endfacet
  facet normal 0.384039 -0.920632 -0.0703585
    outer loop
      vertex 3.92202 6.0846 2.57858
      vertex 4.02734 6.02734 3.90269
      vertex 3.64747 5.45882 9.26825
    endloop
  endfacet
  facet normal 0.384041 -0.920631 -0.0703586
    outer loop
      vertex 4.02734 6.02734 3.90269
      vertex 3.92202 6.0846 2.57858
      vertex 4.17386 6.38107 0.0739441
    endloop
  endfacet
  facet normal -0.00206968 -0.0993315 0.995052
    outer loop
      vertex 0.896577 4.50739 29.9261
      vertex 0.844749 4.42833 29.9181
      vertex 0.879113 4.4196 29.9173
    endloop
  endfacet
  facet normal -0.00014848 -0.0994813 0.995039
    outer loop
      vertex 0.285358 4.4983 29.9251
      vertex 0.896577 4.50739 29.9261
      vertex 0.982103 4.93736 29.9691
    endloop
  endfacet
  facet normal -0.00013182 -0.100589 0.994928
    outer loop
      vertex 0.896577 4.50739 29.9261
      vertex 0.285358 4.4983 29.9251
      vertex 0.844749 4.42833 29.9181
    endloop
  endfacet
  facet normal 0.0251506 -0.139119 0.989956
    outer loop
      vertex 0.982103 4.93736 29.9691
      vertex 0.283026 4.49859 29.9252
      vertex 0.285358 4.4983 29.9251
    endloop
  endfacet
  facet normal -2.90881e-05 -0.0995095 0.995037
    outer loop
      vertex 0 5.91459 30.0668
      vertex 0.283026 4.49859 29.9252
      vertex 0.982103 4.93736 29.9691
    endloop
  endfacet
  facet normal 0 -0.0995037 0.995037
    outer loop
      vertex 0 5.91459 30.0668
      vertex -0.283026 4.49859 29.9252
      vertex 0.283026 4.49859 29.9252
    endloop
  endfacet
  facet normal 2.90881e-05 -0.0995095 0.995037
    outer loop
      vertex -0.982103 4.93736 29.9691
      vertex -0.283026 4.49859 29.9252
      vertex 0 5.91459 30.0668
    endloop
  endfacet
  facet normal -0.0251506 -0.139119 0.989956
    outer loop
      vertex -0.283026 4.49859 29.9252
      vertex -0.982103 4.93736 29.9691
      vertex -0.285358 4.4983 29.9251
    endloop
  endfacet
  facet normal 0.00014848 -0.0994813 0.995039
    outer loop
      vertex -0.896577 4.50739 29.9261
      vertex -0.285358 4.4983 29.9251
      vertex -0.982103 4.93736 29.9691
    endloop
  endfacet
  facet normal 0.00206968 -0.0993315 0.995052
    outer loop
      vertex -0.844749 4.42833 29.9181
      vertex -0.896577 4.50739 29.9261
      vertex -0.879113 4.4196 29.9173
    endloop
  endfacet
  facet normal 0.00013182 -0.100589 0.994928
    outer loop
      vertex -0.285358 4.4983 29.9251
      vertex -0.896577 4.50739 29.9261
      vertex -0.844749 4.42833 29.9181
    endloop
  endfacet
  facet normal -0.70712 -0.703585 -0.0703594
    outer loop
      vertex -1.29443 7.12058 2.59039
      vertex -1.41421 7.10973 3.90269
      vertex -1.41421 7.49261 0.0739441
    endloop
  endfacet
  facet normal -0.707084 -0.70362 -0.0703565
    outer loop
      vertex -1.29423 7.08251 2.96911
      vertex -1.41421 7.10973 3.90269
      vertex -1.29443 7.12058 2.59039
    endloop
  endfacet
  facet normal -0.707106 -0.703599 -0.0703599
    outer loop
      vertex -1.29263 6.77621 6.01603
      vertex -1.41421 7.10973 3.90269
      vertex -1.29423 7.08251 2.96911
    endloop
  endfacet
  facet normal -0.707093 -0.703611 -0.0703626
    outer loop
      vertex -1.41421 7.10973 3.90269
      vertex -1.29263 6.77621 6.01603
      vertex -1.28522 6.46124 9.0912
    endloop
  endfacet
  facet normal -0.707106 0.703598 0.0703608
    outer loop
      vertex -1.41421 7.10973 3.90269
      vertex 0 8.8998 0.214664
      vertex -1.41421 7.49261 0.0739441
    endloop
  endfacet
  facet normal -0.78467 0.619913 0
    outer loop
      vertex -1.41421 7.10973 3.9027
      vertex 0 8.8998 0.214664
      vertex -1.41421 7.10973 3.90269
    endloop
  endfacet
  facet normal -0.707108 0.703597 0.0703595
    outer loop
      vertex -1.09425 5.50117 23.2039
      vertex 0 8.8998 0.214664
      vertex -1.41421 7.10973 3.9027
    endloop
  endfacet
  facet normal -0.707107 0.703597 0.0703596
    outer loop
      vertex 0 8.8998 0.214664
      vertex -1.09425 5.50117 23.2039
      vertex 0 5.91459 30.0668
    endloop
  endfacet
  facet normal -0.707107 0.703598 0.0703595
    outer loop
      vertex -0.982102 4.93736 29.9691
      vertex 0 5.91459 30.0668
      vertex -1.09425 5.50117 23.2039
    endloop
  endfacet
  facet normal 0 0.0994805 -0.99504
    outer loop
      vertex 0 5.91459 30.0668
      vertex -0.982102 4.93736 29.9691
      vertex -0.982103 4.93736 29.9691
    endloop
  endfacet
  facet normal 0 0.0995043 -0.995037
    outer loop
      vertex 1.41421 7.49261 0.0739441
      vertex -1.41421 7.49261 0.0739441
      vertex 0 8.8998 0.214664
    endloop
  endfacet
  facet normal 0.70712 -0.703585 -0.0703594
    outer loop
      vertex 1.41421 7.10973 3.90269
      vertex 1.29443 7.12058 2.59039
      vertex 1.41421 7.49261 0.0739441
    endloop
  endfacet
  facet normal 0.707084 -0.70362 -0.0703565
    outer loop
      vertex 1.41421 7.10973 3.90269
      vertex 1.29423 7.08251 2.96911
      vertex 1.29443 7.12058 2.59039
    endloop
  endfacet
  facet normal 0.707106 -0.703599 -0.0703599
    outer loop
      vertex 1.41421 7.10973 3.90269
      vertex 1.29263 6.77621 6.01603
      vertex 1.29423 7.08251 2.96911
    endloop
  endfacet
  facet normal 0.707093 -0.703611 -0.0703626
    outer loop
      vertex 1.29263 6.77621 6.01603
      vertex 1.41421 7.10973 3.90269
      vertex 1.28522 6.46124 9.0912
    endloop
  endfacet
  facet normal -8.04973e-08 0.0995021 -0.995037
    outer loop
      vertex 0.470473 7.47797 0.0724802
      vertex 1.41421 7.49261 0.0739441
      vertex 1.29577 7.37475 0.0621583
    endloop
  endfacet
  facet normal 0 0.099497 -0.995038
    outer loop
      vertex -0.470473 7.47797 0.0724802
      vertex 1.41421 7.49261 0.0739441
      vertex 0.470473 7.47797 0.0724802
    endloop
  endfacet
  facet normal 0 0.099497 -0.995038
    outer loop
      vertex -0.470473 7.47797 0.0724802
      vertex -1.41421 7.49261 0.0739441
      vertex 1.41421 7.49261 0.0739441
    endloop
  endfacet
  facet normal 8.04973e-08 0.0995021 -0.995037
    outer loop
      vertex -1.41421 7.49261 0.0739441
      vertex -0.470473 7.47797 0.0724802
      vertex -1.29577 7.37475 0.0621583
    endloop
  endfacet
  facet normal 0.707106 0.703598 0.0703608
    outer loop
      vertex 0 8.8998 0.214664
      vertex 1.41421 7.10973 3.90269
      vertex 1.41421 7.49261 0.0739441
    endloop
  endfacet
  facet normal 0.78467 0.619913 0
    outer loop
      vertex 0 8.8998 0.214664
      vertex 1.41421 7.10973 3.9027
      vertex 1.41421 7.10973 3.90269
    endloop
  endfacet
  facet normal 0.707107 0.703597 0.0703596
    outer loop
      vertex 1.09425 5.50117 23.2039
      vertex 0 8.8998 0.214664
      vertex 0 5.91459 30.0668
    endloop
  endfacet
  facet normal 0.707108 0.703597 0.0703595
    outer loop
      vertex 0 8.8998 0.214664
      vertex 1.09425 5.50117 23.2039
      vertex 1.41421 7.10973 3.9027
    endloop
  endfacet
  facet normal 0.707107 0.703598 0.0703595
    outer loop
      vertex 0 5.91459 30.0668
      vertex 0.982102 4.93736 29.9691
      vertex 1.09425 5.50117 23.2039
    endloop
  endfacet
  facet normal 0 0.0994805 -0.99504
    outer loop
      vertex 0.982102 4.93736 29.9691
      vertex 0 5.91459 30.0668
      vertex 0.982103 4.93736 29.9691
    endloop
  endfacet
  facet normal 0.70713 -0.703574 -0.0703574
    outer loop
      vertex 1.41421 7.49261 0.0739441
      vertex 1.29443 7.12058 2.59039
      vertex 1.29577 7.37475 0.0621583
    endloop
  endfacet
  facet normal -0.70713 -0.703574 -0.0703574
    outer loop
      vertex -1.29443 7.12058 2.59039
      vertex -1.41421 7.49261 0.0739441
      vertex -1.29577 7.37475 0.0621583
    endloop
  endfacet
  facet normal 0 -0.18228 0.983247
    outer loop
      vertex -0.982102 4.93736 29.9691
      vertex -2.26342 5.46437 30.0668
      vertex -0.982103 4.93736 29.9691
    endloop
  endfacet
  facet normal 0.0380695 -0.0919077 0.99504
    outer loop
      vertex -2.79679 4.18569 29.9691
      vertex -0.982103 4.93736 29.9691
      vertex -2.26342 5.46437 30.0668
    endloop
  endfacet
  facet normal 0.0380812 -0.0919358 0.995036
    outer loop
      vertex -0.982103 4.93736 29.9691
      vertex -2.79679 4.18569 29.9691
      vertex -0.896577 4.50739 29.9261
    endloop
  endfacet
  facet normal 0.0380812 -0.0919358 0.995036
    outer loop
      vertex -0.896577 4.50739 29.9261
      vertex -2.79679 4.18569 29.9691
      vertex -2.55323 3.82118 29.9261
    endloop
  endfacet
  facet normal -0.384039 -0.920632 -0.0703585
    outer loop
      vertex -4.02734 6.02734 3.90269
      vertex -3.92202 6.0846 2.57858
      vertex -3.64747 5.45882 9.26825
    endloop
  endfacet
  facet normal -0.384041 -0.920631 -0.0703586
    outer loop
      vertex -3.92202 6.0846 2.57858
      vertex -4.02734 6.02734 3.90269
      vertex -4.17386 6.38107 0.0739441
    endloop
  endfacet
  facet normal -0.922538 0.379438 0.0703596
    outer loop
      vertex -4.02734 6.02734 3.90269
      vertex -2.26342 5.46437 30.0668
      vertex -4.17386 6.38107 0.0739441
    endloop
  endfacet
  facet normal -0.922538 0.379438 0.0703596
    outer loop
      vertex -2.79679 4.18569 29.9691
      vertex -2.26342 5.46437 30.0668
      vertex -4.02734 6.02734 3.90269
    endloop
  endfacet
  facet normal 0.0380053 -0.0921793 0.995017
    outer loop
      vertex -0.896577 4.50739 29.9261
      vertex -1.39061 4.28751 29.9246
      vertex -0.879113 4.4196 29.9173
    endloop
  endfacet
  facet normal 0.104099 -0.240476 0.965057
    outer loop
      vertex -0.896577 4.50739 29.9261
      vertex -1.3929 4.28692 29.9247
      vertex -1.39061 4.28751 29.9246
    endloop
  endfacet
  facet normal 0.0228364 -0.0577472 0.99807
    outer loop
      vertex -0.896577 4.50739 29.9261
      vertex -1.3951 4.28605 29.9247
      vertex -1.3929 4.28692 29.9247
    endloop
  endfacet
  facet normal 0.0389474 -0.0940133 0.994809
    outer loop
      vertex -0.896577 4.50739 29.9261
      vertex -1.91918 4.07846 29.9256
      vertex -1.3951 4.28605 29.9247
    endloop
  endfacet
  facet normal 0.0388496 -0.0913819 0.995058
    outer loop
      vertex -2.41759 3.8048 29.9193
      vertex -2.55323 3.82118 29.9261
      vertex -2.50167 3.74401 29.917
    endloop
  endfacet
  facet normal 0.0356905 -0.1165 0.992549
    outer loop
      vertex -2.41554 3.80628 29.9194
      vertex -2.55323 3.82118 29.9261
      vertex -2.41759 3.8048 29.9193
    endloop
  endfacet
  facet normal 0.0405105 -0.0737158 0.996456
    outer loop
      vertex -2.41332 3.8075 29.9194
      vertex -2.55323 3.82118 29.9261
      vertex -2.41554 3.80628 29.9194
    endloop
  endfacet
  facet normal 0.0385453 -0.093059 0.994914
    outer loop
      vertex -1.91918 4.07846 29.9256
      vertex -2.55323 3.82118 29.9261
      vertex -2.41332 3.8075 29.9194
    endloop
  endfacet
  facet normal 0.038495 -0.0929349 0.994928
    outer loop
      vertex -2.55323 3.82118 29.9261
      vertex -1.91918 4.07846 29.9256
      vertex -0.896577 4.50739 29.9261
    endloop
  endfacet
  facet normal -0.922537 0.379441 0.0703596
    outer loop
      vertex -3.40581 8.22234 0.214664
      vertex -4.17386 6.38107 0.0739441
      vertex -2.26342 5.46437 30.0668
    endloop
  endfacet
  facet normal 0.384026 0.920638 0.0703596
    outer loop
      vertex -1.09425 5.50117 23.2039
      vertex -2.26342 5.46437 30.0668
      vertex -0.982102 4.93736 29.9691
    endloop
  endfacet
  facet normal 0.384026 0.920638 0.0703596
    outer loop
      vertex -2.26342 5.46437 30.0668
      vertex -1.09425 5.50117 23.2039
      vertex -3.40581 8.22234 0.214664
    endloop
  endfacet
  facet normal -0.38402 -0.92064 -0.0703618
    outer loop
      vertex -3.92202 6.0846 2.57858
      vertex -4.17386 6.38107 0.0739441
      vertex -4.02528 6.31996 0.0626122
    endloop
  endfacet
  facet normal 0.922535 -0.379446 -0.0703601
    outer loop
      vertex -1.56073 7.46346 0.0739441
      vertex -1.41421 7.10973 3.90269
      vertex -1.62733 7.3038 0.061742
    endloop
  endfacet
  facet normal 0.923879 0.382684 -0
    outer loop
      vertex -1.41421 7.10973 3.90269
      vertex -1.56073 7.46346 0.0739441
      vertex -1.41421 7.10973 3.9027
    endloop
  endfacet
  facet normal 0.922537 -0.379441 -0.07036
    outer loop
      vertex -1.41421 7.10973 3.90269
      vertex -1.4024 6.74984 5.99837
      vertex -1.62733 7.3038 0.061742
    endloop
  endfacet
  facet normal 0.92254 -0.379433 -0.0703588
    outer loop
      vertex -1.4024 6.74984 5.99837
      vertex -1.41421 7.10973 3.90269
      vertex -1.28522 6.46124 9.0912
    endloop
  endfacet
  facet normal -0.0380784 0.0919301 -0.995037
    outer loop
      vertex -2.31541 7.12611 0.0716571
      vertex -1.56073 7.46346 0.0739441
      vertex -1.62733 7.3038 0.061742
    endloop
  endfacet
  facet normal -0.0380857 0.0919466 -0.995035
    outer loop
      vertex -3.18895 6.78009 0.0731184
      vertex -1.56073 7.46346 0.0739441
      vertex -2.31541 7.12611 0.0716571
    endloop
  endfacet
  facet normal -0.0303952 0.0736249 -0.996823
    outer loop
      vertex -3.19023 6.77959 0.0731205
      vertex -1.56073 7.46346 0.0739441
      vertex -3.18895 6.78009 0.0731184
    endloop
  endfacet
  facet normal -0.0380777 0.091929 -0.995037
    outer loop
      vertex -4.17386 6.38107 0.0739441
      vertex -3.19144 6.77892 0.0731056
      vertex -4.01533 6.32715 0.062896
    endloop
  endfacet
  facet normal -0.0380917 0.0919617 -0.995034
    outer loop
      vertex -3.19023 6.77959 0.0731205
      vertex -4.17386 6.38107 0.0739441
      vertex -1.56073 7.46346 0.0739441
    endloop
  endfacet
  facet normal -0.0365347 0.0881179 -0.99544
    outer loop
      vertex -3.19144 6.77892 0.0731056
      vertex -4.17386 6.38107 0.0739441
      vertex -3.19023 6.77959 0.0731205
    endloop
  endfacet
  facet normal -0.0380681 0.0919567 -0.995035
    outer loop
      vertex -4.17386 6.38107 0.0739441
      vertex -4.01533 6.32715 0.062896
      vertex -4.02528 6.31996 0.0626122
    endloop
  endfacet
  facet normal -0.0380785 0.0919299 -0.995037
    outer loop
      vertex -1.56073 7.46346 0.0739441
      vertex -4.17386 6.38107 0.0739441
      vertex -3.40581 8.22234 0.214664
    endloop
  endfacet
  facet normal 0.384024 0.920638 0.0703599
    outer loop
      vertex -1.41421 7.10973 3.9027
      vertex -3.40581 8.22234 0.214664
      vertex -1.09425 5.50117 23.2039
    endloop
  endfacet
  facet normal 0.384024 0.920638 0.0703597
    outer loop
      vertex -3.40581 8.22234 0.214664
      vertex -1.41421 7.10973 3.9027
      vertex -1.56073 7.46346 0.0739441
    endloop
  endfacet
  facet normal 0.0703428 -0.0703901 0.995036
    outer loop
      vertex -4.18225 4.18225 30.0668
      vertex -2.87325 3.47316 29.9241
      vertex -2.79679 4.18569 29.9691
    endloop
  endfacet
  facet normal 0.0703357 -0.0704032 0.995036
    outer loop
      vertex -2.87325 3.47316 29.9241
      vertex -4.18225 4.18225 30.0668
      vertex -3.18254 3.18254 29.9254
    endloop
  endfacet
  facet normal 0.0703287 -0.0703886 0.995037
    outer loop
      vertex -2.87325 3.47316 29.9241
      vertex -2.55323 3.82118 29.9261
      vertex -2.79679 4.18569 29.9691
    endloop
  endfacet
  facet normal 0.0703028 -0.0703649 0.995041
    outer loop
      vertex -2.55323 3.82118 29.9261
      vertex -2.87325 3.47316 29.9241
      vertex -2.50167 3.74401 29.917
    endloop
  endfacet
  facet normal 0.997519 0.00250805 -0.070357
    outer loop
      vertex -4.02734 6.02734 3.90269
      vertex -4.10816 5.92781 2.75328
      vertex -4.29807 6.29807 0.0739441
    endloop
  endfacet
  facet normal 0.997519 0.00250478 -0.0703568
    outer loop
      vertex -4.10816 5.92781 2.75328
      vertex -4.02734 6.02734 3.90269
      vertex -3.64747 5.45882 9.26825
    endloop
  endfacet
  facet normal -0.997519 -0.00248275 0.0703588
    outer loop
      vertex -6.02734 4.02734 3.90269
      vertex -6.29311 6.29311 0.214664
      vertex -6.29807 4.29807 0.0739441
    endloop
  endfacet
  facet normal -0.997519 -0.00248151 0.0703596
    outer loop
      vertex -6.29311 6.29311 0.214664
      vertex -6.02734 4.02734 3.90269
      vertex -4.18225 4.18225 30.0668
    endloop
  endfacet
  facet normal -0.997519 -0.00248486 0.0703596
    outer loop
      vertex -4.18225 4.18225 30.0668
      vertex -6.02734 4.02734 3.90269
      vertex -4.18569 2.79679 29.9691
    endloop
  endfacet
  facet normal 0.0702037 -0.0705352 0.995036
    outer loop
      vertex -4.18225 4.18225 30.0668
      vertex -3.28407 3.08713 29.9258
      vertex -3.18254 3.18254 29.9254
    endloop
  endfacet
  facet normal 0.070433 -0.0703019 0.995036
    outer loop
      vertex -4.18569 2.79679 29.9691
      vertex -3.64541 2.65162 29.9206
      vertex -3.28576 3.08554 29.9258
    endloop
  endfacet
  facet normal 0.0887846 -0.103826 0.990625
    outer loop
      vertex -3.82118 2.55323 29.9261
      vertex -3.64834 2.6476 29.9205
      vertex -3.647 2.6497 29.9206
    endloop
  endfacet
  facet normal 0.0709753 -0.0709509 0.994951
    outer loop
      vertex -3.64834 2.6476 29.9205
      vertex -3.82118 2.55323 29.9261
      vertex -3.74218 2.50044 29.9167
    endloop
  endfacet
  facet normal 0.0704511 -0.0702355 0.99504
    outer loop
      vertex -3.82118 2.55323 29.9261
      vertex -3.64541 2.65162 29.9206
      vertex -4.18569 2.79679 29.9691
    endloop
  endfacet
  facet normal 0.0680365 -0.0723156 0.995059
    outer loop
      vertex -3.28407 3.08713 29.9258
      vertex -4.18225 4.18225 30.0668
      vertex -3.28576 3.08554 29.9258
    endloop
  endfacet
  facet normal 0.0704459 -0.0703427 0.995032
    outer loop
      vertex -4.18569 2.79679 29.9691
      vertex -3.28576 3.08554 29.9258
      vertex -4.18225 4.18225 30.0668
    endloop
  endfacet
  facet normal 0.0581636 -0.0481668 0.997144
    outer loop
      vertex -3.64541 2.65162 29.9206
      vertex -3.82118 2.55323 29.9261
      vertex -3.647 2.6497 29.9206
    endloop
  endfacet
  facet normal -0.00248779 -0.997519 -0.0703585
    outer loop
      vertex -6.02734 4.02734 3.90269
      vertex -6.29807 4.29807 0.0739441
      vertex -5.93823 4.11351 2.67785
    endloop
  endfacet
  facet normal -0.00248944 -0.997519 -0.0703586
    outer loop
      vertex -5.44638 3.63916 9.38561
      vertex -6.02734 4.02734 3.90269
      vertex -5.93823 4.11351 2.67785
    endloop
  endfacet
  facet normal -0.0703603 0.0703608 -0.995037
    outer loop
      vertex -4.7751 5.77419 0.070631
      vertex -4.29807 6.29807 0.0739441
      vertex -4.29851 6.12158 0.0614953
    endloop
  endfacet
  facet normal -0.0687259 0.0688739 -0.995255
    outer loop
      vertex -4.77618 5.77341 0.0706516
      vertex -4.29807 6.29807 0.0739441
      vertex -4.7751 5.77419 0.070631
    endloop
  endfacet
  facet normal -0.0753422 0.0748975 -0.994341
    outer loop
      vertex -4.77715 5.77249 0.0706558
      vertex -4.29807 6.29807 0.0739441
      vertex -4.77618 5.77341 0.0706516
    endloop
  endfacet
  facet normal -0.0703601 0.0703606 -0.995037
    outer loop
      vertex -5.4619 5.12907 0.073578
      vertex -4.29807 6.29807 0.0739441
      vertex -4.77715 5.77249 0.0706558
    endloop
  endfacet
  facet normal -0.0703597 0.0703597 -0.995037
    outer loop
      vertex -6.29807 4.29807 0.0739441
      vertex -5.46278 5.128 0.0735651
      vertex -6.06238 4.40458 0.0648097
    endloop
  endfacet
  facet normal -0.0704599 0.0704599 -0.995023
    outer loop
      vertex -5.4619 5.12907 0.073578
      vertex -6.29807 4.29807 0.0739441
      vertex -4.29807 6.29807 0.0739441
    endloop
  endfacet
  facet normal -0.0676814 0.0676639 -0.99541
    outer loop
      vertex -5.46278 5.128 0.0735651
      vertex -6.29807 4.29807 0.0739441
      vertex -5.4619 5.12907 0.073578
    endloop
  endfacet
  facet normal -0.0703602 0.0703608 -0.995037
    outer loop
      vertex -6.29807 4.29807 0.0739441
      vertex -6.06238 4.40458 0.0648097
      vertex -6.13003 4.29849 0.0620915
    endloop
  endfacet
  facet normal -0.0703598 0.0703598 -0.995037
    outer loop
      vertex -4.29807 6.29807 0.0739441
      vertex -6.29807 4.29807 0.0739441
      vertex -6.29311 6.29311 0.214664
    endloop
  endfacet
  facet normal 0.00248486 0.997519 0.0703596
    outer loop
      vertex -4.02734 6.02734 3.90269
      vertex -4.18225 4.18225 30.0668
      vertex -2.79679 4.18569 29.9691
    endloop
  endfacet
  facet normal 0.00248151 0.997519 0.0703596
    outer loop
      vertex -4.02734 6.02734 3.90269
      vertex -6.29311 6.29311 0.214664
      vertex -4.18225 4.18225 30.0668
    endloop
  endfacet
  facet normal 0.00248275 0.997519 0.0703588
    outer loop
      vertex -6.29311 6.29311 0.214664
      vertex -4.02734 6.02734 3.90269
      vertex -4.29807 6.29807 0.0739441
    endloop
  endfacet
  facet normal 0.997518 0.0024761 -0.0703614
    outer loop
      vertex -4.10816 5.92781 2.75328
      vertex -4.29851 6.12158 0.0614953
      vertex -4.29807 6.29807 0.0739441
    endloop
  endfacet
  facet normal -0.00246967 -0.997519 -0.070361
    outer loop
      vertex -5.93823 4.11351 2.67785
      vertex -6.29807 4.29807 0.0739441
      vertex -6.13003 4.29849 0.0620915
    endloop
  endfacet
  facet normal 0.0919358 -0.0380812 0.995036
    outer loop
      vertex -4.18569 2.79679 29.9691
      vertex -4.50739 0.896577 29.9261
      vertex -3.82118 2.55323 29.9261
    endloop
  endfacet
  facet normal 0.0919358 -0.0380812 0.995036
    outer loop
      vertex -4.18569 2.79679 29.9691
      vertex -4.93736 0.982103 29.9691
      vertex -4.50739 0.896577 29.9261
    endloop
  endfacet
  facet normal 0.0919077 -0.0380695 0.99504
    outer loop
      vertex -5.46437 2.26342 30.0668
      vertex -4.93736 0.982103 29.9691
      vertex -4.18569 2.79679 29.9691
    endloop
  endfacet
  facet normal 0.18228 0 0.983247
    outer loop
      vertex -4.93736 0.982103 29.9691
      vertex -5.46437 2.26342 30.0668
      vertex -4.93736 0.982102 29.9691
    endloop
  endfacet
  facet normal 0.0927475 -0.0383686 0.99495
    outer loop
      vertex -3.82118 2.55323 29.9261
      vertex -3.9501 2.17158 29.9234
      vertex -3.74218 2.50044 29.9167
    endloop
  endfacet
  facet normal 0.0916054 -0.0379837 0.995071
    outer loop
      vertex -3.82118 2.55323 29.9261
      vertex -4.18989 1.66139 29.926
      vertex -3.9501 2.17158 29.9234
    endloop
  endfacet
  facet normal 0.00219734 -0.00102056 0.999997
    outer loop
      vertex -3.82118 2.55323 29.9261
      vertex -4.19087 1.65928 29.926
      vertex -4.18989 1.66139 29.926
    endloop
  endfacet
  facet normal 0.0930196 -0.0384725 0.994921
    outer loop
      vertex -4.50739 0.896577 29.9261
      vertex -4.36545 1.12339 29.9216
      vertex -4.19087 1.65928 29.926
    endloop
  endfacet
  facet normal 0.0926046 -0.0385165 0.994958
    outer loop
      vertex -4.36668 1.11864 29.9216
      vertex -4.50739 0.896577 29.9261
      vertex -4.41312 0.877825 29.9166
    endloop
  endfacet
  facet normal 0.0457172 -0.00872611 0.998916
    outer loop
      vertex -4.36622 1.12105 29.9216
      vertex -4.50739 0.896577 29.9261
      vertex -4.36668 1.11864 29.9216
    endloop
  endfacet
  facet normal 0.0666949 -0.0219466 0.997532
    outer loop
      vertex -4.36545 1.12339 29.9216
      vertex -4.50739 0.896577 29.9261
      vertex -4.36622 1.12105 29.9216
    endloop
  endfacet
  facet normal 0.164759 -0.0682456 0.98397
    outer loop
      vertex -4.50739 0.896577 29.9261
      vertex -4.19087 1.65928 29.926
      vertex -3.82118 2.55323 29.9261
    endloop
  endfacet
  facet normal -0.0919299 0.0380785 -0.995037
    outer loop
      vertex -7.46346 1.56073 0.0739441
      vertex -8.22234 3.40581 0.214664
      vertex -6.38107 4.17386 0.0739441
    endloop
  endfacet
  facet normal -0.382684 -0.923879 -0
    outer loop
      vertex -7.10973 1.41421 3.9027
      vertex -7.46346 1.56073 0.0739441
      vertex -7.10973 1.41421 3.90269
    endloop
  endfacet
  facet normal 0.379445 -0.922535 -0.0703601
    outer loop
      vertex -7.30344 1.62748 0.061715
      vertex -7.10973 1.41421 3.90269
      vertex -7.46346 1.56073 0.0739441
    endloop
  endfacet
  facet normal 0.379454 -0.922531 -0.0703603
    outer loop
      vertex -7.10973 1.41421 3.90269
      vertex -7.30344 1.62748 0.061715
      vertex -6.41713 1.27645 9.44413
    endloop
  endfacet
  facet normal -0.379441 0.922537 0.0703596
    outer loop
      vertex -6.38107 4.17386 0.0739441
      vertex -8.22234 3.40581 0.214664
      vertex -5.46437 2.26342 30.0668
    endloop
  endfacet
  facet normal -0.379438 0.922538 0.0703596
    outer loop
      vertex -6.02734 4.02734 3.90269
      vertex -5.46437 2.26342 30.0668
      vertex -4.18569 2.79679 29.9691
    endloop
  endfacet
  facet normal -0.379438 0.922538 0.0703596
    outer loop
      vertex -6.02734 4.02734 3.90269
      vertex -6.38107 4.17386 0.0739441
      vertex -5.46437 2.26342 30.0668
    endloop
  endfacet
  facet normal -0.0919248 0.0380758 -0.995038
    outer loop
      vertex -6.56551 3.61091 0.0694416
      vertex -6.38107 4.17386 0.0739441
      vertex -6.31348 4.00954 0.0614121
    endloop
  endfacet
  facet normal -0.0911237 0.037814 -0.995121
    outer loop
      vertex -6.56621 3.60981 0.0694639
      vertex -6.38107 4.17386 0.0739441
      vertex -6.56551 3.61091 0.0694416
    endloop
  endfacet
  facet normal -0.0913554 0.0378899 -0.995097
    outer loop
      vertex -6.56677 3.60862 0.06947
      vertex -6.38107 4.17386 0.0739441
      vertex -6.56621 3.60981 0.0694639
    endloop
  endfacet
  facet normal -0.091921 0.0380752 -0.995038
    outer loop
      vertex -6.96646 2.75822 0.0738525
      vertex -6.38107 4.17386 0.0739441
      vertex -6.56677 3.60862 0.06947
    endloop
  endfacet
  facet normal -0.0919329 0.0380796 -0.995037
    outer loop
      vertex -7.46346 1.56073 0.0739441
      vertex -6.96689 2.75689 0.0738417
      vertex -7.25793 1.86352 0.0665425
    endloop
  endfacet
  facet normal -0.0925104 0.0383189 -0.994974
    outer loop
      vertex -6.96646 2.75822 0.0738525
      vertex -7.46346 1.56073 0.0739441
      vertex -6.38107 4.17386 0.0739441
    endloop
  endfacet
  facet normal -0.0889461 0.0368396 -0.995355
    outer loop
      vertex -6.96689 2.75689 0.0738417
      vertex -7.46346 1.56073 0.0739441
      vertex -6.96646 2.75822 0.0738525
    endloop
  endfacet
  facet normal -0.0919252 0.0380743 -0.995038
    outer loop
      vertex -7.46346 1.56073 0.0739441
      vertex -7.25793 1.86352 0.0665425
      vertex -7.30344 1.62748 0.061715
    endloop
  endfacet
  facet normal -0.920638 -0.384024 0.0703597
    outer loop
      vertex -7.10973 1.41421 3.9027
      vertex -8.22234 3.40581 0.214664
      vertex -7.46346 1.56073 0.0739441
    endloop
  endfacet
  facet normal -0.920638 -0.384024 0.0703599
    outer loop
      vertex -8.22234 3.40581 0.214664
      vertex -7.10973 1.41421 3.9027
      vertex -5.50117 1.09425 23.2039
    endloop
  endfacet
  facet normal -0.920638 -0.384026 0.0703596
    outer loop
      vertex -5.50117 1.09425 23.2039
      vertex -5.46437 2.26342 30.0668
      vertex -8.22234 3.40581 0.214664
    endloop
  endfacet
  facet normal -0.920638 -0.384026 0.0703596
    outer loop
      vertex -5.46437 2.26342 30.0668
      vertex -5.50117 1.09425 23.2039
      vertex -4.93736 0.982102 29.9691
    endloop
  endfacet
  facet normal 0.920628 0.384049 -0.0703572
    outer loop
      vertex -6.31348 4.00954 0.0614121
      vertex -6.38107 4.17386 0.0739441
      vertex -6.06034 3.90141 2.78353
    endloop
  endfacet
  facet normal 0.920633 0.384038 -0.0703588
    outer loop
      vertex -6.02734 4.02734 3.90269
      vertex -6.06034 3.90141 2.78353
      vertex -6.38107 4.17386 0.0739441
    endloop
  endfacet
  facet normal 0.920632 0.384041 -0.0703591
    outer loop
      vertex -6.06034 3.90141 2.78353
      vertex -6.02734 4.02734 3.90269
      vertex -5.44638 3.63916 9.38561
    endloop
  endfacet
  facet normal 0.703579 -0.707125 -0.0703581
    outer loop
      vertex -7.10973 -1.41421 3.90269
      vertex -7.09245 -1.28538 2.7807
      vertex -6.41713 -1.27645 9.44413
    endloop
  endfacet
  facet normal 0.703576 -0.707129 -0.0703586
    outer loop
      vertex -7.09245 -1.28538 2.7807
      vertex -7.10973 -1.41421 3.90269
      vertex -7.49261 -1.41421 0.0739441
    endloop
  endfacet
  facet normal -0.703598 -0.707107 0.0703595
    outer loop
      vertex -5.91459 0 30.0668
      vertex -5.50117 -1.09425 23.2039
      vertex -4.93736 -0.982102 29.9691
    endloop
  endfacet
  facet normal -0.703597 -0.707107 0.0703596
    outer loop
      vertex -8.8998 0 0.214664
      vertex -5.50117 -1.09425 23.2039
      vertex -5.91459 0 30.0668
    endloop
  endfacet
  facet normal -0.703597 -0.707108 0.0703595
    outer loop
      vertex -5.50117 -1.09425 23.2039
      vertex -8.8998 0 0.214664
      vertex -7.10973 -1.41421 3.9027
    endloop
  endfacet
  facet normal -0.619913 -0.78467 -0
    outer loop
      vertex -7.10973 -1.41421 3.9027
      vertex -8.8998 0 0.214664
      vertex -7.10973 -1.41421 3.90269
    endloop
  endfacet
  facet normal -0.703598 -0.707106 0.0703608
    outer loop
      vertex -7.10973 -1.41421 3.90269
      vertex -8.8998 0 0.214664
      vertex -7.49261 -1.41421 0.0739441
    endloop
  endfacet
  facet normal -0.0994805 0 -0.99504
    outer loop
      vertex -5.91459 0 30.0668
      vertex -4.93736 -0.982102 29.9691
      vertex -4.93736 -0.982103 29.9691
    endloop
  endfacet
  facet normal 0.100234 -0.00016475 0.994964
    outer loop
      vertex -4.50739 0.896577 29.9261
      vertex -4.4722 0.56497 29.9225
      vertex -4.41312 0.877825 29.9166
    endloop
  endfacet
  facet normal 0.0994618 -0.000247542 0.995041
    outer loop
      vertex -4.93736 0.982103 29.9691
      vertex -4.4722 0.56497 29.9225
      vertex -4.50739 0.896577 29.9261
    endloop
  endfacet
  facet normal 0.0996648 -1.89755e-05 0.995021
    outer loop
      vertex -4.4722 0.56497 29.9225
      vertex -4.93736 0.982103 29.9691
      vertex -4.50725 0.00231739 29.926
    endloop
  endfacet
  facet normal 0.09955 -6.98497e-05 0.995033
    outer loop
      vertex -5.91459 0 30.0668
      vertex -4.50725 0.00231739 29.926
      vertex -4.93736 0.982103 29.9691
    endloop
  endfacet
  facet normal 0.100234 0.00016475 0.994964
    outer loop
      vertex -4.4722 -0.56497 29.9225
      vertex -4.50739 -0.896577 29.9261
      vertex -4.41312 -0.877825 29.9166
    endloop
  endfacet
  facet normal 0.0996648 1.89755e-05 0.995021
    outer loop
      vertex -4.93736 -0.982103 29.9691
      vertex -4.4722 -0.56497 29.9225
      vertex -4.50725 -0.00231739 29.926
    endloop
  endfacet
  facet normal 0.099422 -0.0369023 0.994361
    outer loop
      vertex -5.91459 0 30.0668
      vertex -4.50725 -0.00231739 29.926
      vertex -4.50739 0 29.9261
    endloop
  endfacet
  facet normal 0.099422 0.0369023 0.994361
    outer loop
      vertex -4.50725 0.00231739 29.926
      vertex -5.91459 0 30.0668
      vertex -4.50739 0 29.9261
    endloop
  endfacet
  facet normal 0.0994618 0.000247542 0.995041
    outer loop
      vertex -4.4722 -0.56497 29.9225
      vertex -4.93736 -0.982103 29.9691
      vertex -4.50739 -0.896577 29.9261
    endloop
  endfacet
  facet normal 0.09955 6.98497e-05 0.995033
    outer loop
      vertex -4.50725 -0.00231739 29.926
      vertex -5.91459 0 30.0668
      vertex -4.93736 -0.982103 29.9691
    endloop
  endfacet
  facet normal -0.0995043 0 -0.995037
    outer loop
      vertex -8.8998 0 0.214664
      vertex -7.49261 -6.06324e-06 0.0739441
      vertex -7.49261 -1.41421 0.0739441
    endloop
  endfacet
  facet normal -0.0995043 0 -0.995037
    outer loop
      vertex -7.49261 -6.06324e-06 0.0739441
      vertex -8.8998 0 0.214664
      vertex -7.49261 0 0.0739441
    endloop
  endfacet
  facet normal -0.0995043 0 -0.995037
    outer loop
      vertex -8.8998 0 0.214664
      vertex -7.49261 6.06324e-06 0.0739441
      vertex -7.49261 0 0.0739441
    endloop
  endfacet
  facet normal -0.0995043 0 -0.995037
    outer loop
      vertex -7.49261 6.06324e-06 0.0739441
      vertex -8.8998 0 0.214664
      vertex -7.49261 1.41421 0.0739441
    endloop
  endfacet
  facet normal 0.703579 0.707125 -0.0703581
    outer loop
      vertex -7.09245 1.28538 2.7807
      vertex -7.10973 1.41421 3.90269
      vertex -6.41713 1.27645 9.44413
    endloop
  endfacet
  facet normal 0.703576 0.707129 -0.0703586
    outer loop
      vertex -7.10973 1.41421 3.90269
      vertex -7.09245 1.28538 2.7807
      vertex -7.49261 1.41421 0.0739441
    endloop
  endfacet
  facet normal -0.0994958 -7.78115e-07 -0.995038
    outer loop
      vertex -7.49261 -1.41421 0.0739441
      vertex -7.43387 -0.940405 0.0680702
      vertex -7.36803 -1.28902 0.061487
    endloop
  endfacet
  facet normal -0.101543 0.000255602 -0.994831
    outer loop
      vertex -7.43387 -0.940405 0.0680702
      vertex -7.49261 -1.41421 0.0739441
      vertex -7.4341 -0.939145 0.068094
    endloop
  endfacet
  facet normal -0.0994937 6.34579e-07 -0.995038
    outer loop
      vertex -7.49261 -1.41421 0.0739441
      vertex -7.43418 -0.937865 0.068102
      vertex -7.4341 -0.939145 0.068094
    endloop
  endfacet
  facet normal -0.0994885 0 -0.995039
    outer loop
      vertex -7.43418 -0.937865 0.068102
      vertex -7.49261 -1.41421 0.0739441
      vertex -7.49261 -6.06324e-06 0.0739441
    endloop
  endfacet
  facet normal -0.101543 -0.000255602 -0.994831
    outer loop
      vertex -7.49261 1.41421 0.0739441
      vertex -7.43387 0.940405 0.0680702
      vertex -7.4341 0.939145 0.068094
    endloop
  endfacet
  facet normal -0.0994958 7.78115e-07 -0.995038
    outer loop
      vertex -7.43387 0.940405 0.0680702
      vertex -7.49261 1.41421 0.0739441
      vertex -7.36803 1.28902 0.061487
    endloop
  endfacet
  facet normal -0.0994937 -6.34579e-07 -0.995038
    outer loop
      vertex -7.43418 0.937865 0.068102
      vertex -7.49261 1.41421 0.0739441
      vertex -7.4341 0.939145 0.068094
    endloop
  endfacet
  facet normal -0.0994885 -0 -0.995039
    outer loop
      vertex -7.49261 1.41421 0.0739441
      vertex -7.43418 0.937865 0.068102
      vertex -7.49261 6.06324e-06 0.0739441
    endloop
  endfacet
  facet normal -0.0994805 0 -0.99504
    outer loop
      vertex -4.93736 0.982102 29.9691
      vertex -5.91459 0 30.0668
      vertex -4.93736 0.982103 29.9691
    endloop
  endfacet
  facet normal -0.703598 0.707107 0.0703595
    outer loop
      vertex -5.50117 1.09425 23.2039
      vertex -5.91459 0 30.0668
      vertex -4.93736 0.982102 29.9691
    endloop
  endfacet
  facet normal -0.703597 0.707108 0.0703595
    outer loop
      vertex -8.8998 0 0.214664
      vertex -5.50117 1.09425 23.2039
      vertex -7.10973 1.41421 3.9027
    endloop
  endfacet
  facet normal -0.619913 0.78467 0
    outer loop
      vertex -8.8998 0 0.214664
      vertex -7.10973 1.41421 3.9027
      vertex -7.10973 1.41421 3.90269
    endloop
  endfacet
  facet normal -0.703597 0.707107 0.0703596
    outer loop
      vertex -5.50117 1.09425 23.2039
      vertex -8.8998 0 0.214664
      vertex -5.91459 0 30.0668
    endloop
  endfacet
  facet normal -0.703598 0.707106 0.0703608
    outer loop
      vertex -8.8998 0 0.214664
      vertex -7.10973 1.41421 3.90269
      vertex -7.49261 1.41421 0.0739441
    endloop
  endfacet
  facet normal 0.703566 0.707139 -0.0703566
    outer loop
      vertex -7.36803 1.28902 0.061487
      vertex -7.49261 1.41421 0.0739441
      vertex -7.09245 1.28538 2.7807
    endloop
  endfacet
  facet normal 0.703566 -0.707139 -0.0703566
    outer loop
      vertex -7.09245 -1.28538 2.7807
      vertex -7.49261 -1.41421 0.0739441
      vertex -7.36803 -1.28902 0.061487
    endloop
  endfacet
  facet normal 0.0919358 0.0380812 0.995036
    outer loop
      vertex -4.50739 -0.896577 29.9261
      vertex -4.18569 -2.79679 29.9691
      vertex -3.82118 -2.55323 29.9261
    endloop
  endfacet
  facet normal 0.0919358 0.0380812 0.995036
    outer loop
      vertex -4.93736 -0.982103 29.9691
      vertex -4.18569 -2.79679 29.9691
      vertex -4.50739 -0.896577 29.9261
    endloop
  endfacet
  facet normal 0.18228 0 0.983247
    outer loop
      vertex -5.46437 -2.26342 30.0668
      vertex -4.93736 -0.982103 29.9691
      vertex -4.93736 -0.982102 29.9691
    endloop
  endfacet
  facet normal 0.0919077 0.0380695 0.99504
    outer loop
      vertex -4.93736 -0.982103 29.9691
      vertex -5.46437 -2.26342 30.0668
      vertex -4.18569 -2.79679 29.9691
    endloop
  endfacet
  facet normal 0.920632 -0.384041 -0.0703591
    outer loop
      vertex -6.02734 -4.02734 3.90269
      vertex -6.06034 -3.90141 2.78353
      vertex -5.44638 -3.63916 9.38561
    endloop
  endfacet
  facet normal 0.920633 -0.384038 -0.0703588
    outer loop
      vertex -6.06034 -3.90141 2.78353
      vertex -6.02734 -4.02734 3.90269
      vertex -6.38107 -4.17386 0.0739441
    endloop
  endfacet
  facet normal -0.379438 -0.922538 0.0703596
    outer loop
      vertex -5.46437 -2.26342 30.0668
      vertex -6.02734 -4.02734 3.90269
      vertex -4.18569 -2.79679 29.9691
    endloop
  endfacet
  facet normal -0.379438 -0.922538 0.0703596
    outer loop
      vertex -6.38107 -4.17386 0.0739441
      vertex -6.02734 -4.02734 3.90269
      vertex -5.46437 -2.26342 30.0668
    endloop
  endfacet
  facet normal 0.0927475 0.0383686 0.99495
    outer loop
      vertex -3.9501 -2.17158 29.9234
      vertex -3.82118 -2.55323 29.9261
      vertex -3.74218 -2.50044 29.9167
    endloop
  endfacet
  facet normal 0.0916054 0.0379837 0.995071
    outer loop
      vertex -4.18989 -1.66139 29.926
      vertex -3.82118 -2.55323 29.9261
      vertex -3.9501 -2.17158 29.9234
    endloop
  endfacet
  facet normal 0.00219734 0.00102056 0.999997
    outer loop
      vertex -4.19087 -1.65928 29.926
      vertex -3.82118 -2.55323 29.9261
      vertex -4.18989 -1.66139 29.926
    endloop
  endfacet
  facet normal 0.0666949 0.0219466 0.997532
    outer loop
      vertex -4.50739 -0.896577 29.9261
      vertex -4.36545 -1.12339 29.9216
      vertex -4.36622 -1.12105 29.9216
    endloop
  endfacet
  facet normal 0.164759 0.0682456 0.98397
    outer loop
      vertex -4.19087 -1.65928 29.926
      vertex -4.50739 -0.896577 29.9261
      vertex -3.82118 -2.55323 29.9261
    endloop
  endfacet
  facet normal 0.0930196 0.0384725 0.994921
    outer loop
      vertex -4.36545 -1.12339 29.9216
      vertex -4.50739 -0.896577 29.9261
      vertex -4.19087 -1.65928 29.926
    endloop
  endfacet
  facet normal 0.0457172 0.00872611 0.998916
    outer loop
      vertex -4.36668 -1.11864 29.9216
      vertex -4.50739 -0.896577 29.9261
      vertex -4.36622 -1.12105 29.9216
    endloop
  endfacet
  facet normal 0.0926046 0.0385165 0.994958
    outer loop
      vertex -4.50739 -0.896577 29.9261
      vertex -4.36668 -1.11864 29.9216
      vertex -4.41312 -0.877825 29.9166
    endloop
  endfacet
  facet normal -0.379441 -0.922537 0.0703596
    outer loop
      vertex -5.46437 -2.26342 30.0668
      vertex -8.22234 -3.40581 0.214664
      vertex -6.38107 -4.17386 0.0739441
    endloop
  endfacet
  facet normal -0.920638 0.384026 0.0703596
    outer loop
      vertex -5.50117 -1.09425 23.2039
      vertex -5.46437 -2.26342 30.0668
      vertex -4.93736 -0.982102 29.9691
    endloop
  endfacet
  facet normal -0.920638 0.384026 0.0703596
    outer loop
      vertex -5.46437 -2.26342 30.0668
      vertex -5.50117 -1.09425 23.2039
      vertex -8.22234 -3.40581 0.214664
    endloop
  endfacet
  facet normal 0.920628 -0.384049 -0.0703572
    outer loop
      vertex -6.06034 -3.90141 2.78353
      vertex -6.38107 -4.17386 0.0739441
      vertex -6.31348 -4.00954 0.0614121
    endloop
  endfacet
  facet normal 0.379454 0.922531 -0.0703603
    outer loop
      vertex -7.30344 -1.62748 0.061715
      vertex -7.10973 -1.41421 3.90269
      vertex -6.41713 -1.27645 9.44413
    endloop
  endfacet
  facet normal 0.379445 0.922535 -0.0703601
    outer loop
      vertex -7.10973 -1.41421 3.90269
      vertex -7.30344 -1.62748 0.061715
      vertex -7.46346 -1.56073 0.0739441
    endloop
  endfacet
  facet normal -0.382684 0.923879 0
    outer loop
      vertex -7.10973 -1.41421 3.9027
      vertex -7.10973 -1.41421 3.90269
      vertex -7.46346 -1.56073 0.0739441
    endloop
  endfacet
  facet normal -0.0919248 -0.0380758 -0.995038
    outer loop
      vertex -6.38107 -4.17386 0.0739441
      vertex -6.56551 -3.61091 0.0694416
      vertex -6.31348 -4.00954 0.0614121
    endloop
  endfacet
  facet normal -0.0911237 -0.037814 -0.995121
    outer loop
      vertex -6.38107 -4.17386 0.0739441
      vertex -6.56621 -3.60981 0.0694639
      vertex -6.56551 -3.61091 0.0694416
    endloop
  endfacet
  facet normal -0.0913554 -0.0378899 -0.995097
    outer loop
      vertex -6.38107 -4.17386 0.0739441
      vertex -6.56677 -3.60862 0.06947
      vertex -6.56621 -3.60981 0.0694639
    endloop
  endfacet
  facet normal -0.091921 -0.0380752 -0.995038
    outer loop
      vertex -6.38107 -4.17386 0.0739441
      vertex -6.96646 -2.75822 0.0738525
      vertex -6.56677 -3.60862 0.06947
    endloop
  endfacet
  facet normal -0.0889461 -0.0368396 -0.995355
    outer loop
      vertex -7.46346 -1.56073 0.0739441
      vertex -6.96689 -2.75689 0.0738417
      vertex -6.96646 -2.75822 0.0738525
    endloop
  endfacet
  facet normal -0.0919252 -0.0380743 -0.995038
    outer loop
      vertex -7.25793 -1.86352 0.0665425
      vertex -7.46346 -1.56073 0.0739441
      vertex -7.30344 -1.62748 0.061715
    endloop
  endfacet
  facet normal -0.0919329 -0.0380796 -0.995037
    outer loop
      vertex -6.96689 -2.75689 0.0738417
      vertex -7.46346 -1.56073 0.0739441
      vertex -7.25793 -1.86352 0.0665425
    endloop
  endfacet
  facet normal -0.0925104 -0.0383189 -0.994974
    outer loop
      vertex -7.46346 -1.56073 0.0739441
      vertex -6.96646 -2.75822 0.0738525
      vertex -6.38107 -4.17386 0.0739441
    endloop
  endfacet
  facet normal -0.0919299 -0.0380785 -0.995037
    outer loop
      vertex -6.38107 -4.17386 0.0739441
      vertex -8.22234 -3.40581 0.214664
      vertex -7.46346 -1.56073 0.0739441
    endloop
  endfacet
  facet normal -0.920638 0.384024 0.0703597
    outer loop
      vertex -8.22234 -3.40581 0.214664
      vertex -7.10973 -1.41421 3.9027
      vertex -7.46346 -1.56073 0.0739441
    endloop
  endfacet
  facet normal -0.920638 0.384024 0.0703599
    outer loop
      vertex -7.10973 -1.41421 3.9027
      vertex -8.22234 -3.40581 0.214664
      vertex -5.50117 -1.09425 23.2039
    endloop
  endfacet
  facet normal 0.0680365 0.0723156 0.995059
    outer loop
      vertex -4.18225 -4.18225 30.0668
      vertex -3.28407 -3.08713 29.9258
      vertex -3.28576 -3.08554 29.9258
    endloop
  endfacet
  facet normal 0.0581636 0.0481668 0.997144
    outer loop
      vertex -3.82118 -2.55323 29.9261
      vertex -3.64541 -2.65162 29.9206
      vertex -3.647 -2.6497 29.9206
    endloop
  endfacet
  facet normal 0.0709753 0.0709509 0.994951
    outer loop
      vertex -3.82118 -2.55323 29.9261
      vertex -3.64834 -2.6476 29.9205
      vertex -3.74218 -2.50044 29.9167
    endloop
  endfacet
  facet normal 0.0887846 0.103826 0.990625
    outer loop
      vertex -3.64834 -2.6476 29.9205
      vertex -3.82118 -2.55323 29.9261
      vertex -3.647 -2.6497 29.9206
    endloop
  endfacet
  facet normal 0.0704511 0.0702355 0.99504
    outer loop
      vertex -3.64541 -2.65162 29.9206
      vertex -3.82118 -2.55323 29.9261
      vertex -4.18569 -2.79679 29.9691
    endloop
  endfacet
  facet normal 0.0702037 0.0705352 0.995036
    outer loop
      vertex -3.28407 -3.08713 29.9258
      vertex -4.18225 -4.18225 30.0668
      vertex -3.18254 -3.18254 29.9254
    endloop
  endfacet
  facet normal 0.070433 0.0703019 0.995036
    outer loop
      vertex -3.64541 -2.65162 29.9206
      vertex -4.18569 -2.79679 29.9691
      vertex -3.28576 -3.08554 29.9258
    endloop
  endfacet
  facet normal 0.0704459 0.0703427 0.995032
    outer loop
      vertex -3.28576 -3.08554 29.9258
      vertex -4.18569 -2.79679 29.9691
      vertex -4.18225 -4.18225 30.0668
    endloop
  endfacet
  facet normal -0.00248944 0.997519 -0.0703586
    outer loop
      vertex -5.44638 -3.63916 9.38561
      vertex -5.93823 -4.11351 2.67785
      vertex -6.02734 -4.02734 3.90269
    endloop
  endfacet
  facet normal -0.00248779 0.997519 -0.0703585
    outer loop
      vertex -6.29807 -4.29807 0.0739441
      vertex -6.02734 -4.02734 3.90269
      vertex -5.93823 -4.11351 2.67785
    endloop
  endfacet
  facet normal 0.00248486 -0.997519 0.0703596
    outer loop
      vertex -4.18225 -4.18225 30.0668
      vertex -4.02734 -6.02734 3.90269
      vertex -2.79679 -4.18569 29.9691
    endloop
  endfacet
  facet normal 0.00248151 -0.997519 0.0703596
    outer loop
      vertex -6.29311 -6.29311 0.214664
      vertex -4.02734 -6.02734 3.90269
      vertex -4.18225 -4.18225 30.0668
    endloop
  endfacet
  facet normal 0.00248275 -0.997519 0.0703588
    outer loop
      vertex -4.02734 -6.02734 3.90269
      vertex -6.29311 -6.29311 0.214664
      vertex -4.29807 -6.29807 0.0739441
    endloop
  endfacet
  facet normal 0.0703028 0.0703649 0.995041
    outer loop
      vertex -2.87325 -3.47316 29.9241
      vertex -2.55323 -3.82118 29.9261
      vertex -2.50167 -3.74401 29.917
    endloop
  endfacet
  facet normal 0.0703287 0.0703886 0.995037
    outer loop
      vertex -2.55323 -3.82118 29.9261
      vertex -2.87325 -3.47316 29.9241
      vertex -2.79679 -4.18569 29.9691
    endloop
  endfacet
  facet normal 0.0703357 0.0704032 0.995036
    outer loop
      vertex -4.18225 -4.18225 30.0668
      vertex -2.87325 -3.47316 29.9241
      vertex -3.18254 -3.18254 29.9254
    endloop
  endfacet
  facet normal 0.0703428 0.0703901 0.995036
    outer loop
      vertex -2.87325 -3.47316 29.9241
      vertex -4.18225 -4.18225 30.0668
      vertex -2.79679 -4.18569 29.9691
    endloop
  endfacet
  facet normal 0.997519 -0.00250478 -0.0703568
    outer loop
      vertex -4.02734 -6.02734 3.90269
      vertex -4.10816 -5.92781 2.75328
      vertex -3.64747 -5.45882 9.26825
    endloop
  endfacet
  facet normal 0.997519 -0.00250805 -0.070357
    outer loop
      vertex -4.10816 -5.92781 2.75328
      vertex -4.02734 -6.02734 3.90269
      vertex -4.29807 -6.29807 0.0739441
    endloop
  endfacet
  facet normal -0.0703603 -0.0703608 -0.995037
    outer loop
      vertex -4.29807 -6.29807 0.0739441
      vertex -4.7751 -5.77419 0.070631
      vertex -4.29851 -6.12158 0.0614953
    endloop
  endfacet
  facet normal -0.0687259 -0.0688739 -0.995255
    outer loop
      vertex -4.29807 -6.29807 0.0739441
      vertex -4.77618 -5.77341 0.0706516
      vertex -4.7751 -5.77419 0.070631
    endloop
  endfacet
  facet normal -0.0753422 -0.0748975 -0.994341
    outer loop
      vertex -4.29807 -6.29807 0.0739441
      vertex -4.77715 -5.77249 0.0706558
      vertex -4.77618 -5.77341 0.0706516
    endloop
  endfacet
  facet normal -0.0703601 -0.0703606 -0.995037
    outer loop
      vertex -4.29807 -6.29807 0.0739441
      vertex -5.4619 -5.12907 0.073578
      vertex -4.77715 -5.77249 0.0706558
    endloop
  endfacet
  facet normal -0.0676814 -0.0676639 -0.99541
    outer loop
      vertex -6.29807 -4.29807 0.0739441
      vertex -5.46278 -5.128 0.0735651
      vertex -5.4619 -5.12907 0.073578
    endloop
  endfacet
  facet normal -0.0703602 -0.0703608 -0.995037
    outer loop
      vertex -6.06238 -4.40458 0.0648097
      vertex -6.29807 -4.29807 0.0739441
      vertex -6.13003 -4.29849 0.0620915
    endloop
  endfacet
  facet normal -0.0703597 -0.0703597 -0.995037
    outer loop
      vertex -5.46278 -5.128 0.0735651
      vertex -6.29807 -4.29807 0.0739441
      vertex -6.06238 -4.40458 0.0648097
    endloop
  endfacet
  facet normal -0.0704599 -0.0704599 -0.995023
    outer loop
      vertex -6.29807 -4.29807 0.0739441
      vertex -5.4619 -5.12907 0.073578
      vertex -4.29807 -6.29807 0.0739441
    endloop
  endfacet
  facet normal -0.0703598 -0.0703598 -0.995037
    outer loop
      vertex -6.29311 -6.29311 0.214664
      vertex -6.29807 -4.29807 0.0739441
      vertex -4.29807 -6.29807 0.0739441
    endloop
  endfacet
  facet normal -0.997519 0.00248486 0.0703596
    outer loop
      vertex -6.02734 -4.02734 3.90269
      vertex -4.18225 -4.18225 30.0668
      vertex -4.18569 -2.79679 29.9691
    endloop
  endfacet
  facet normal -0.997519 0.00248275 0.0703588
    outer loop
      vertex -6.29311 -6.29311 0.214664
      vertex -6.02734 -4.02734 3.90269
      vertex -6.29807 -4.29807 0.0739441
    endloop
  endfacet
  facet normal -0.997519 0.00248151 0.0703596
    outer loop
      vertex -6.02734 -4.02734 3.90269
      vertex -6.29311 -6.29311 0.214664
      vertex -4.18225 -4.18225 30.0668
    endloop
  endfacet
  facet normal -0.00246967 0.997519 -0.070361
    outer loop
      vertex -6.13003 -4.29849 0.0620915
      vertex -6.29807 -4.29807 0.0739441
      vertex -5.93823 -4.11351 2.67785
    endloop
  endfacet
  facet normal 0.997518 -0.0024761 -0.0703614
    outer loop
      vertex -4.29807 -6.29807 0.0739441
      vertex -4.29851 -6.12158 0.0614953
      vertex -4.10816 -5.92781 2.75328
    endloop
  endfacet
  facet normal 0.0380812 0.0919358 0.995036
    outer loop
      vertex -2.79679 -4.18569 29.9691
      vertex -0.982103 -4.93736 29.9691
      vertex -0.896577 -4.50739 29.9261
    endloop
  endfacet
  facet normal 0.0380812 0.0919358 0.995036
    outer loop
      vertex -2.79679 -4.18569 29.9691
      vertex -0.896577 -4.50739 29.9261
      vertex -2.55323 -3.82118 29.9261
    endloop
  endfacet
  facet normal 0.0380695 0.0919077 0.99504
    outer loop
      vertex -0.982103 -4.93736 29.9691
      vertex -2.79679 -4.18569 29.9691
      vertex -2.26342 -5.46437 30.0668
    endloop
  endfacet
  facet normal 0 0.18228 0.983247
    outer loop
      vertex -0.982102 -4.93736 29.9691
      vertex -0.982103 -4.93736 29.9691
      vertex -2.26342 -5.46437 30.0668
    endloop
  endfacet
  facet normal 0.0380053 0.0921793 0.995017
    outer loop
      vertex -1.39061 -4.28751 29.9246
      vertex -0.896577 -4.50739 29.9261
      vertex -0.879113 -4.4196 29.9173
    endloop
  endfacet
  facet normal 0.104099 0.240476 0.965057
    outer loop
      vertex -1.3929 -4.28692 29.9247
      vertex -0.896577 -4.50739 29.9261
      vertex -1.39061 -4.28751 29.9246
    endloop
  endfacet
  facet normal 0.0228364 0.0577472 0.99807
    outer loop
      vertex -1.3951 -4.28605 29.9247
      vertex -0.896577 -4.50739 29.9261
      vertex -1.3929 -4.28692 29.9247
    endloop
  endfacet
  facet normal 0.0389474 0.0940133 0.994809
    outer loop
      vertex -1.91918 -4.07846 29.9256
      vertex -0.896577 -4.50739 29.9261
      vertex -1.3951 -4.28605 29.9247
    endloop
  endfacet
  facet normal 0.038495 0.0929349 0.994928
    outer loop
      vertex -1.91918 -4.07846 29.9256
      vertex -2.55323 -3.82118 29.9261
      vertex -0.896577 -4.50739 29.9261
    endloop
  endfacet
  facet normal 0.0385453 0.093059 0.994914
    outer loop
      vertex -2.41332 -3.8075 29.9194
      vertex -2.55323 -3.82118 29.9261
      vertex -1.91918 -4.07846 29.9256
    endloop
  endfacet
  facet normal 0.0405105 0.0737158 0.996456
    outer loop
      vertex -2.41554 -3.80628 29.9194
      vertex -2.55323 -3.82118 29.9261
      vertex -2.41332 -3.8075 29.9194
    endloop
  endfacet
  facet normal 0.0356905 0.1165 0.992549
    outer loop
      vertex -2.41759 -3.8048 29.9193
      vertex -2.55323 -3.82118 29.9261
      vertex -2.41554 -3.80628 29.9194
    endloop
  endfacet
  facet normal 0.0388496 0.0913819 0.995058
    outer loop
      vertex -2.55323 -3.82118 29.9261
      vertex -2.41759 -3.8048 29.9193
      vertex -2.50167 -3.74401 29.917
    endloop
  endfacet
  facet normal -0.0380785 -0.0919299 -0.995037
    outer loop
      vertex -3.40581 -8.22234 0.214664
      vertex -4.17386 -6.38107 0.0739441
      vertex -1.56073 -7.46346 0.0739441
    endloop
  endfacet
  facet normal 0.922535 0.379446 -0.0703601
    outer loop
      vertex -1.41421 -7.10973 3.90269
      vertex -1.56073 -7.46346 0.0739441
      vertex -1.62733 -7.3038 0.061742
    endloop
  endfacet
  facet normal 0.923879 -0.382684 0
    outer loop
      vertex -1.56073 -7.46346 0.0739441
      vertex -1.41421 -7.10973 3.90269
      vertex -1.41421 -7.10973 3.9027
    endloop
  endfacet
  facet normal 0.92254 0.379433 -0.0703588
    outer loop
      vertex -1.41421 -7.10973 3.90269
      vertex -1.4024 -6.74984 5.99837
      vertex -1.28522 -6.46124 9.0912
    endloop
  endfacet
  facet normal 0.922537 0.379441 -0.07036
    outer loop
      vertex -1.4024 -6.74984 5.99837
      vertex -1.41421 -7.10973 3.90269
      vertex -1.62733 -7.3038 0.061742
    endloop
  endfacet
  facet normal -0.922537 -0.379441 0.0703596
    outer loop
      vertex -2.26342 -5.46437 30.0668
      vertex -4.17386 -6.38107 0.0739441
      vertex -3.40581 -8.22234 0.214664
    endloop
  endfacet
  facet normal -0.922538 -0.379438 0.0703596
    outer loop
      vertex -4.02734 -6.02734 3.90269
      vertex -2.26342 -5.46437 30.0668
      vertex -2.79679 -4.18569 29.9691
    endloop
  endfacet
  facet normal -0.922538 -0.379438 0.0703596
    outer loop
      vertex -2.26342 -5.46437 30.0668
      vertex -4.02734 -6.02734 3.90269
      vertex -4.17386 -6.38107 0.0739441
    endloop
  endfacet
  facet normal -0.0380784 -0.0919301 -0.995037
    outer loop
      vertex -1.56073 -7.46346 0.0739441
      vertex -2.31541 -7.12611 0.0716571
      vertex -1.62733 -7.3038 0.061742
    endloop
  endfacet
  facet normal -0.0380857 -0.0919466 -0.995035
    outer loop
      vertex -1.56073 -7.46346 0.0739441
      vertex -3.18895 -6.78009 0.0731184
      vertex -2.31541 -7.12611 0.0716571
    endloop
  endfacet
  facet normal -0.0303952 -0.0736249 -0.996823
    outer loop
      vertex -1.56073 -7.46346 0.0739441
      vertex -3.19023 -6.77959 0.0731205
      vertex -3.18895 -6.78009 0.0731184
    endloop
  endfacet
  facet normal -0.0365347 -0.0881179 -0.99544
    outer loop
      vertex -4.17386 -6.38107 0.0739441
      vertex -3.19144 -6.77892 0.0731056
      vertex -3.19023 -6.77959 0.0731205
    endloop
  endfacet
  facet normal -0.0380681 -0.0919567 -0.995035
    outer loop
      vertex -4.01533 -6.32715 0.062896
      vertex -4.17386 -6.38107 0.0739441
      vertex -4.02528 -6.31996 0.0626122
    endloop
  endfacet
  facet normal -0.0380777 -0.091929 -0.995037
    outer loop
      vertex -3.19144 -6.77892 0.0731056
      vertex -4.17386 -6.38107 0.0739441
      vertex -4.01533 -6.32715 0.062896
    endloop
  endfacet
  facet normal -0.0380917 -0.0919617 -0.995034
    outer loop
      vertex -4.17386 -6.38107 0.0739441
      vertex -3.19023 -6.77959 0.0731205
      vertex -1.56073 -7.46346 0.0739441
    endloop
  endfacet
  facet normal 0.384024 -0.920638 0.0703599
    outer loop
      vertex -3.40581 -8.22234 0.214664
      vertex -1.41421 -7.10973 3.9027
      vertex -1.09425 -5.50117 23.2039
    endloop
  endfacet
  facet normal 0.384024 -0.920638 0.0703597
    outer loop
      vertex -1.41421 -7.10973 3.9027
      vertex -3.40581 -8.22234 0.214664
      vertex -1.56073 -7.46346 0.0739441
    endloop
  endfacet
  facet normal 0.384026 -0.920638 0.0703596
    outer loop
      vertex -2.26342 -5.46437 30.0668
      vertex -1.09425 -5.50117 23.2039
      vertex -0.982102 -4.93736 29.9691
    endloop
  endfacet
  facet normal 0.384026 -0.920638 0.0703596
    outer loop
      vertex -1.09425 -5.50117 23.2039
      vertex -2.26342 -5.46437 30.0668
      vertex -3.40581 -8.22234 0.214664
    endloop
  endfacet
  facet normal -0.38402 0.92064 -0.0703618
    outer loop
      vertex -4.02528 -6.31996 0.0626122
      vertex -4.17386 -6.38107 0.0739441
      vertex -3.92202 -6.0846 2.57858
    endloop
  endfacet
  facet normal -0.384039 0.920632 -0.0703585
    outer loop
      vertex -3.92202 -6.0846 2.57858
      vertex -4.02734 -6.02734 3.90269
      vertex -3.64747 -5.45882 9.26825
    endloop
  endfacet
  facet normal -0.384041 0.920631 -0.0703586
    outer loop
      vertex -4.02734 -6.02734 3.90269
      vertex -3.92202 -6.0846 2.57858
      vertex -4.17386 -6.38107 0.0739441
    endloop
  endfacet
  facet normal 0.707093 0.703611 -0.0703626
    outer loop
      vertex 1.41421 -7.10973 3.90269
      vertex 1.29263 -6.77621 6.01603
      vertex 1.28522 -6.46124 9.0912
    endloop
  endfacet
  facet normal 0.707106 0.703599 -0.0703599
    outer loop
      vertex 1.41421 -7.10973 3.90269
      vertex 1.29423 -7.08251 2.96911
      vertex 1.29263 -6.77621 6.01603
    endloop
  endfacet
  facet normal 0.707084 0.70362 -0.0703565
    outer loop
      vertex 1.41421 -7.10973 3.90269
      vertex 1.29443 -7.12058 2.59039
      vertex 1.29423 -7.08251 2.96911
    endloop
  endfacet
  facet normal 0.70712 0.703585 -0.0703594
    outer loop
      vertex 1.29443 -7.12058 2.59039
      vertex 1.41421 -7.10973 3.90269
      vertex 1.41421 -7.49261 0.0739441
    endloop
  endfacet
  facet normal 0 -0.0994805 -0.99504
    outer loop
      vertex 0 -5.91459 30.0668
      vertex 0.982102 -4.93736 29.9691
      vertex 0.982103 -4.93736 29.9691
    endloop
  endfacet
  facet normal 0.707107 -0.703598 0.0703595
    outer loop
      vertex 0 -5.91459 30.0668
      vertex 1.09425 -5.50117 23.2039
      vertex 0.982102 -4.93736 29.9691
    endloop
  endfacet
  facet normal 0.707107 -0.703597 0.0703596
    outer loop
      vertex 0 -8.8998 0.214664
      vertex 1.09425 -5.50117 23.2039
      vertex 0 -5.91459 30.0668
    endloop
  endfacet
  facet normal 0.707108 -0.703597 0.0703595
    outer loop
      vertex 1.09425 -5.50117 23.2039
      vertex 0 -8.8998 0.214664
      vertex 1.41421 -7.10973 3.9027
    endloop
  endfacet
  facet normal 0.78467 -0.619913 0
    outer loop
      vertex 1.41421 -7.10973 3.9027
      vertex 0 -8.8998 0.214664
      vertex 1.41421 -7.10973 3.90269
    endloop
  endfacet
  facet normal 0.707106 -0.703598 0.0703608
    outer loop
      vertex 1.41421 -7.10973 3.90269
      vertex 0 -8.8998 0.214664
      vertex 1.41421 -7.49261 0.0739441
    endloop
  endfacet
  facet normal -0.00206968 0.0993315 0.995052
    outer loop
      vertex 0.844749 -4.42833 29.9181
      vertex 0.896577 -4.50739 29.9261
      vertex 0.879113 -4.4196 29.9173
    endloop
  endfacet
  facet normal -0.00013182 0.100589 0.994928
    outer loop
      vertex 0.285358 -4.4983 29.9251
      vertex 0.896577 -4.50739 29.9261
      vertex 0.844749 -4.42833 29.9181
    endloop
  endfacet
  facet normal -0.00014848 0.0994813 0.995039
    outer loop
      vertex 0.896577 -4.50739 29.9261
      vertex 0.285358 -4.4983 29.9251
      vertex 0.982103 -4.93736 29.9691
    endloop
  endfacet
  facet normal 0.0251506 0.139119 0.989956
    outer loop
      vertex 0.283026 -4.49859 29.9252
      vertex 0.982103 -4.93736 29.9691
      vertex 0.285358 -4.4983 29.9251
    endloop
  endfacet
  facet normal -2.90881e-05 0.0995095 0.995037
    outer loop
      vertex 0.283026 -4.49859 29.9252
      vertex 0 -5.91459 30.0668
      vertex 0.982103 -4.93736 29.9691
    endloop
  endfacet
  facet normal -0 0.0995037 0.995037
    outer loop
      vertex -0.283026 -4.49859 29.9252
      vertex 0 -5.91459 30.0668
      vertex 0.283026 -4.49859 29.9252
    endloop
  endfacet
  facet normal -0.0251506 0.139119 0.989956
    outer loop
      vertex -0.982103 -4.93736 29.9691
      vertex -0.283026 -4.49859 29.9252
      vertex -0.285358 -4.4983 29.9251
    endloop
  endfacet
  facet normal 0.00013182 0.100589 0.994928
    outer loop
      vertex -0.896577 -4.50739 29.9261
      vertex -0.285358 -4.4983 29.9251
      vertex -0.844749 -4.42833 29.9181
    endloop
  endfacet
  facet normal 0.00206968 0.0993315 0.995052
    outer loop
      vertex -0.896577 -4.50739 29.9261
      vertex -0.844749 -4.42833 29.9181
      vertex -0.879113 -4.4196 29.9173
    endloop
  endfacet
  facet normal 0.00014848 0.0994813 0.995039
    outer loop
      vertex -0.285358 -4.4983 29.9251
      vertex -0.896577 -4.50739 29.9261
      vertex -0.982103 -4.93736 29.9691
    endloop
  endfacet
  facet normal 2.90881e-05 0.0995095 0.995037
    outer loop
      vertex -0.283026 -4.49859 29.9252
      vertex -0.982103 -4.93736 29.9691
      vertex 0 -5.91459 30.0668
    endloop
  endfacet
  facet normal 0 -0.0995043 -0.995037
    outer loop
      vertex 0 -8.8998 0.214664
      vertex -1.41421 -7.49261 0.0739441
      vertex 1.41421 -7.49261 0.0739441
    endloop
  endfacet
  facet normal -0.707093 0.703611 -0.0703626
    outer loop
      vertex -1.29263 -6.77621 6.01603
      vertex -1.41421 -7.10973 3.90269
      vertex -1.28522 -6.46124 9.0912
    endloop
  endfacet
  facet normal -0.707106 0.703599 -0.0703599
    outer loop
      vertex -1.29423 -7.08251 2.96911
      vertex -1.41421 -7.10973 3.90269
      vertex -1.29263 -6.77621 6.01603
    endloop
  endfacet
  facet normal -0.707084 0.70362 -0.0703565
    outer loop
      vertex -1.29443 -7.12058 2.59039
      vertex -1.41421 -7.10973 3.90269
      vertex -1.29423 -7.08251 2.96911
    endloop
  endfacet
  facet normal -0.70712 0.703585 -0.0703594
    outer loop
      vertex -1.41421 -7.10973 3.90269
      vertex -1.29443 -7.12058 2.59039
      vertex -1.41421 -7.49261 0.0739441
    endloop
  endfacet
  facet normal -8.04973e-08 -0.0995021 -0.995037
    outer loop
      vertex 1.41421 -7.49261 0.0739441
      vertex 0.470473 -7.47797 0.0724802
      vertex 1.29577 -7.37475 0.0621583
    endloop
  endfacet
  facet normal 0 -0.099497 -0.995038
    outer loop
      vertex 1.41421 -7.49261 0.0739441
      vertex -0.470473 -7.47797 0.0724802
      vertex 0.470473 -7.47797 0.0724802
    endloop
  endfacet
  facet normal 8.04973e-08 -0.0995021 -0.995037
    outer loop
      vertex -0.470473 -7.47797 0.0724802
      vertex -1.41421 -7.49261 0.0739441
      vertex -1.29577 -7.37475 0.0621583
    endloop
  endfacet
  facet normal 0 -0.099497 -0.995038
    outer loop
      vertex -1.41421 -7.49261 0.0739441
      vertex -0.470473 -7.47797 0.0724802
      vertex 1.41421 -7.49261 0.0739441
    endloop
  endfacet
  facet normal -0 -0.0994805 -0.99504
    outer loop
      vertex -0.982102 -4.93736 29.9691
      vertex 0 -5.91459 30.0668
      vertex -0.982103 -4.93736 29.9691
    endloop
  endfacet
  facet normal -0.707107 -0.703598 0.0703595
    outer loop
      vertex -1.09425 -5.50117 23.2039
      vertex 0 -5.91459 30.0668
      vertex -0.982102 -4.93736 29.9691
    endloop
  endfacet
  facet normal -0.707108 -0.703597 0.0703595
    outer loop
      vertex 0 -8.8998 0.214664
      vertex -1.09425 -5.50117 23.2039
      vertex -1.41421 -7.10973 3.9027
    endloop
  endfacet
  facet normal -0.78467 -0.619913 0
    outer loop
      vertex 0 -8.8998 0.214664
      vertex -1.41421 -7.10973 3.9027
      vertex -1.41421 -7.10973 3.90269
    endloop
  endfacet
  facet normal -0.707106 -0.703598 0.0703608
    outer loop
      vertex 0 -8.8998 0.214664
      vertex -1.41421 -7.10973 3.90269
      vertex -1.41421 -7.49261 0.0739441
    endloop
  endfacet
  facet normal -0.707107 -0.703597 0.0703596
    outer loop
      vertex -1.09425 -5.50117 23.2039
      vertex 0 -8.8998 0.214664
      vertex 0 -5.91459 30.0668
    endloop
  endfacet
  facet normal -0.70713 0.703574 -0.0703574
    outer loop
      vertex -1.29577 -7.37475 0.0621583
      vertex -1.41421 -7.49261 0.0739441
      vertex -1.29443 -7.12058 2.59039
    endloop
  endfacet
  facet normal 0.70713 0.703574 -0.0703574
    outer loop
      vertex 1.29577 -7.37475 0.0621583
      vertex 1.29443 -7.12058 2.59039
      vertex 1.41421 -7.49261 0.0739441
    endloop
  endfacet
  facet normal -0.0380812 0.0919358 0.995036
    outer loop
      vertex 0.982103 -4.93736 29.9691
      vertex 2.79679 -4.18569 29.9691
      vertex 2.55323 -3.82118 29.9261
    endloop
  endfacet
  facet normal -0.0380695 0.0919077 0.99504
    outer loop
      vertex 2.79679 -4.18569 29.9691
      vertex 0.982103 -4.93736 29.9691
      vertex 2.26342 -5.46437 30.0668
    endloop
  endfacet
  facet normal -0.0380812 0.0919358 0.995036
    outer loop
      vertex 0.982103 -4.93736 29.9691
      vertex 2.55323 -3.82118 29.9261
      vertex 0.896577 -4.50739 29.9261
    endloop
  endfacet
  facet normal 0 0.18228 0.983247
    outer loop
      vertex 2.26342 -5.46437 30.0668
      vertex 0.982103 -4.93736 29.9691
      vertex 0.982102 -4.93736 29.9691
    endloop
  endfacet
  facet normal 0.384039 0.920632 -0.0703585
    outer loop
      vertex 4.02734 -6.02734 3.90269
      vertex 3.92202 -6.0846 2.57858
      vertex 3.64747 -5.45882 9.26825
    endloop
  endfacet
  facet normal 0.384041 0.920631 -0.0703586
    outer loop
      vertex 3.92202 -6.0846 2.57858
      vertex 4.02734 -6.02734 3.90269
      vertex 4.17386 -6.38107 0.0739441
    endloop
  endfacet
  facet normal 0.922538 -0.379438 0.0703596
    outer loop
      vertex 2.26342 -5.46437 30.0668
      vertex 4.02734 -6.02734 3.90269
      vertex 2.79679 -4.18569 29.9691
    endloop
  endfacet
  facet normal 0.922538 -0.379438 0.0703596
    outer loop
      vertex 4.17386 -6.38107 0.0739441
      vertex 4.02734 -6.02734 3.90269
      vertex 2.26342 -5.46437 30.0668
    endloop
  endfacet
  facet normal -0.0388496 0.0913819 0.995058
    outer loop
      vertex 2.41759 -3.8048 29.9193
      vertex 2.55323 -3.82118 29.9261
      vertex 2.50167 -3.74401 29.917
    endloop
  endfacet
  facet normal -0.0356905 0.1165 0.992549
    outer loop
      vertex 2.41554 -3.80628 29.9194
      vertex 2.55323 -3.82118 29.9261
      vertex 2.41759 -3.8048 29.9193
    endloop
  endfacet
  facet normal -0.0405105 0.0737158 0.996456
    outer loop
      vertex 2.41332 -3.8075 29.9194
      vertex 2.55323 -3.82118 29.9261
      vertex 2.41554 -3.80628 29.9194
    endloop
  endfacet
  facet normal -0.0385453 0.093059 0.994914
    outer loop
      vertex 1.91918 -4.07846 29.9256
      vertex 2.55323 -3.82118 29.9261
      vertex 2.41332 -3.8075 29.9194
    endloop
  endfacet
  facet normal -0.038495 0.0929349 0.994928
    outer loop
      vertex 1.91918 -4.07846 29.9256
      vertex 0.896577 -4.50739 29.9261
      vertex 2.55323 -3.82118 29.9261
    endloop
  endfacet
  facet normal -0.0389474 0.0940133 0.994809
    outer loop
      vertex 1.3951 -4.28605 29.9247
      vertex 0.896577 -4.50739 29.9261
      vertex 1.91918 -4.07846 29.9256
    endloop
  endfacet
  facet normal -0.0228364 0.0577472 0.99807
    outer loop
      vertex 1.3929 -4.28692 29.9247
      vertex 0.896577 -4.50739 29.9261
      vertex 1.3951 -4.28605 29.9247
    endloop
  endfacet
  facet normal -0.104099 0.240476 0.965057
    outer loop
      vertex 1.39061 -4.28751 29.9246
      vertex 0.896577 -4.50739 29.9261
      vertex 1.3929 -4.28692 29.9247
    endloop
  endfacet
  facet normal -0.0380053 0.0921793 0.995017
    outer loop
      vertex 0.896577 -4.50739 29.9261
      vertex 1.39061 -4.28751 29.9246
      vertex 0.879113 -4.4196 29.9173
    endloop
  endfacet
  facet normal 0.922537 -0.379441 0.0703596
    outer loop
      vertex 4.17386 -6.38107 0.0739441
      vertex 2.26342 -5.46437 30.0668
      vertex 3.40581 -8.22234 0.214664
    endloop
  endfacet
  facet normal -0.384026 -0.920638 0.0703596
    outer loop
      vertex 1.09425 -5.50117 23.2039
      vertex 2.26342 -5.46437 30.0668
      vertex 0.982102 -4.93736 29.9691
    endloop
  endfacet
  facet normal -0.384026 -0.920638 0.0703596
    outer loop
      vertex 2.26342 -5.46437 30.0668
      vertex 1.09425 -5.50117 23.2039
      vertex 3.40581 -8.22234 0.214664
    endloop
  endfacet
  facet normal 0.38402 0.92064 -0.0703618
    outer loop
      vertex 4.02528 -6.31996 0.0626122
      vertex 3.92202 -6.0846 2.57858
      vertex 4.17386 -6.38107 0.0739441
    endloop
  endfacet
  facet normal -0.923879 -0.382684 0
    outer loop
      vertex 1.41421 -7.10973 3.90269
      vertex 1.56073 -7.46346 0.0739441
      vertex 1.41421 -7.10973 3.9027
    endloop
  endfacet
  facet normal -0.922535 0.379446 -0.0703601
    outer loop
      vertex 1.56073 -7.46346 0.0739441
      vertex 1.41421 -7.10973 3.90269
      vertex 1.62733 -7.3038 0.061742
    endloop
  endfacet
  facet normal -0.92254 0.379433 -0.0703588
    outer loop
      vertex 1.4024 -6.74984 5.99837
      vertex 1.41421 -7.10973 3.90269
      vertex 1.28522 -6.46124 9.0912
    endloop
  endfacet
  facet normal -0.922537 0.379441 -0.07036
    outer loop
      vertex 1.41421 -7.10973 3.90269
      vertex 1.4024 -6.74984 5.99837
      vertex 1.62733 -7.3038 0.061742
    endloop
  endfacet
  facet normal 0.0380681 -0.0919567 -0.995035
    outer loop
      vertex 4.17386 -6.38107 0.0739441
      vertex 4.01533 -6.32715 0.062896
      vertex 4.02528 -6.31996 0.0626122
    endloop
  endfacet
  facet normal 0.0380777 -0.091929 -0.995037
    outer loop
      vertex 4.17386 -6.38107 0.0739441
      vertex 3.19144 -6.77892 0.0731056
      vertex 4.01533 -6.32715 0.062896
    endloop
  endfacet
  facet normal 0.0365347 -0.0881179 -0.99544
    outer loop
      vertex 4.17386 -6.38107 0.0739441
      vertex 3.19023 -6.77959 0.0731205
      vertex 3.19144 -6.77892 0.0731056
    endloop
  endfacet
  facet normal 0.0380784 -0.0919301 -0.995037
    outer loop
      vertex 2.31541 -7.12611 0.0716571
      vertex 1.56073 -7.46346 0.0739441
      vertex 1.62733 -7.3038 0.061742
    endloop
  endfacet
  facet normal 0.0380857 -0.0919466 -0.995035
    outer loop
      vertex 3.18895 -6.78009 0.0731184
      vertex 1.56073 -7.46346 0.0739441
      vertex 2.31541 -7.12611 0.0716571
    endloop
  endfacet
  facet normal 0.0303952 -0.0736249 -0.996823
    outer loop
      vertex 3.19023 -6.77959 0.0731205
      vertex 1.56073 -7.46346 0.0739441
      vertex 3.18895 -6.78009 0.0731184
    endloop
  endfacet
  facet normal 0.0380917 -0.0919617 -0.995034
    outer loop
      vertex 1.56073 -7.46346 0.0739441
      vertex 3.19023 -6.77959 0.0731205
      vertex 4.17386 -6.38107 0.0739441
    endloop
  endfacet
  facet normal 0.0380785 -0.0919299 -0.995037
    outer loop
      vertex 3.40581 -8.22234 0.214664
      vertex 1.56073 -7.46346 0.0739441
      vertex 4.17386 -6.38107 0.0739441
    endloop
  endfacet
  facet normal -0.384024 -0.920638 0.0703599
    outer loop
      vertex 1.41421 -7.10973 3.9027
      vertex 3.40581 -8.22234 0.214664
      vertex 1.09425 -5.50117 23.2039
    endloop
  endfacet
  facet normal -0.384024 -0.920638 0.0703597
    outer loop
      vertex 3.40581 -8.22234 0.214664
      vertex 1.41421 -7.10973 3.9027
      vertex 1.56073 -7.46346 0.0739441
    endloop
  endfacet
  facet normal -0.0703287 0.0703886 0.995037
    outer loop
      vertex 2.87325 -3.47316 29.9241
      vertex 2.55323 -3.82118 29.9261
      vertex 2.79679 -4.18569 29.9691
    endloop
  endfacet
  facet normal -0.0703028 0.0703649 0.995041
    outer loop
      vertex 2.55323 -3.82118 29.9261
      vertex 2.87325 -3.47316 29.9241
      vertex 2.50167 -3.74401 29.917
    endloop
  endfacet
  facet normal -0.0703357 0.0704032 0.995036
    outer loop
      vertex 2.87325 -3.47316 29.9241
      vertex 4.18225 -4.18225 30.0668
      vertex 3.18254 -3.18254 29.9254
    endloop
  endfacet
  facet normal -0.0703428 0.0703901 0.995036
    outer loop
      vertex 2.79679 -4.18569 29.9691
      vertex 4.18225 -4.18225 30.0668
      vertex 2.87325 -3.47316 29.9241
    endloop
  endfacet
  facet normal -0.997519 -0.00250478 -0.0703568
    outer loop
      vertex 4.10816 -5.92781 2.75328
      vertex 4.02734 -6.02734 3.90269
      vertex 3.64747 -5.45882 9.26825
    endloop
  endfacet
  facet normal -0.997519 -0.00250805 -0.070357
    outer loop
      vertex 4.29807 -6.29807 0.0739441
      vertex 4.02734 -6.02734 3.90269
      vertex 4.10816 -5.92781 2.75328
    endloop
  endfacet
  facet normal -0.0704511 0.0702355 0.99504
    outer loop
      vertex 3.64541 -2.65162 29.9206
      vertex 4.18569 -2.79679 29.9691
      vertex 3.82118 -2.55323 29.9261
    endloop
  endfacet
  facet normal -0.0709753 0.0709509 0.994951
    outer loop
      vertex 3.64834 -2.6476 29.9205
      vertex 3.82118 -2.55323 29.9261
      vertex 3.74218 -2.50044 29.9167
    endloop
  endfacet
  facet normal -0.0887846 0.103826 0.990625
    outer loop
      vertex 3.647 -2.6497 29.9206
      vertex 3.82118 -2.55323 29.9261
      vertex 3.64834 -2.6476 29.9205
    endloop
  endfacet
  facet normal -0.0581636 0.0481668 0.997144
    outer loop
      vertex 3.64541 -2.65162 29.9206
      vertex 3.82118 -2.55323 29.9261
      vertex 3.647 -2.6497 29.9206
    endloop
  endfacet
  facet normal -0.070433 0.0703019 0.995036
    outer loop
      vertex 3.28576 -3.08554 29.9258
      vertex 4.18569 -2.79679 29.9691
      vertex 3.64541 -2.65162 29.9206
    endloop
  endfacet
  facet normal -0.0704459 0.0703427 0.995032
    outer loop
      vertex 4.18569 -2.79679 29.9691
      vertex 3.28576 -3.08554 29.9258
      vertex 4.18225 -4.18225 30.0668
    endloop
  endfacet
  facet normal -0.0680365 0.0723156 0.995059
    outer loop
      vertex 3.28407 -3.08713 29.9258
      vertex 4.18225 -4.18225 30.0668
      vertex 3.28576 -3.08554 29.9258
    endloop
  endfacet
  facet normal -0.0702037 0.0705352 0.995036
    outer loop
      vertex 4.18225 -4.18225 30.0668
      vertex 3.28407 -3.08713 29.9258
      vertex 3.18254 -3.18254 29.9254
    endloop
  endfacet
  facet normal 0.00248779 0.997519 -0.0703585
    outer loop
      vertex 6.02734 -4.02734 3.90269
      vertex 6.29807 -4.29807 0.0739441
      vertex 5.93823 -4.11351 2.67785
    endloop
  endfacet
  facet normal 0.00248944 0.997519 -0.0703586
    outer loop
      vertex 5.44638 -3.63916 9.38561
      vertex 6.02734 -4.02734 3.90269
      vertex 5.93823 -4.11351 2.67785
    endloop
  endfacet
  facet normal 0.0703602 -0.0703608 -0.995037
    outer loop
      vertex 6.29807 -4.29807 0.0739441
      vertex 6.06238 -4.40458 0.0648097
      vertex 6.13003 -4.29849 0.0620915
    endloop
  endfacet
  facet normal 0.0703597 -0.0703597 -0.995037
    outer loop
      vertex 6.29807 -4.29807 0.0739441
      vertex 5.46278 -5.128 0.0735651
      vertex 6.06238 -4.40458 0.0648097
    endloop
  endfacet
  facet normal 0.0676814 -0.0676639 -0.99541
    outer loop
      vertex 6.29807 -4.29807 0.0739441
      vertex 5.4619 -5.12907 0.073578
      vertex 5.46278 -5.128 0.0735651
    endloop
  endfacet
  facet normal 0.0703603 -0.0703608 -0.995037
    outer loop
      vertex 4.7751 -5.77419 0.070631
      vertex 4.29807 -6.29807 0.0739441
      vertex 4.29851 -6.12158 0.0614953
    endloop
  endfacet
  facet normal 0.0687259 -0.0688739 -0.995255
    outer loop
      vertex 4.77618 -5.77341 0.0706516
      vertex 4.29807 -6.29807 0.0739441
      vertex 4.7751 -5.77419 0.070631
    endloop
  endfacet
  facet normal 0.0753422 -0.0748975 -0.994341
    outer loop
      vertex 4.77715 -5.77249 0.0706558
      vertex 4.29807 -6.29807 0.0739441
      vertex 4.77618 -5.77341 0.0706516
    endloop
  endfacet
  facet normal 0.0703601 -0.0703606 -0.995037
    outer loop
      vertex 5.4619 -5.12907 0.073578
      vertex 4.29807 -6.29807 0.0739441
      vertex 4.77715 -5.77249 0.0706558
    endloop
  endfacet
  facet normal 0.0704599 -0.0704599 -0.995023
    outer loop
      vertex 4.29807 -6.29807 0.0739441
      vertex 5.4619 -5.12907 0.073578
      vertex 6.29807 -4.29807 0.0739441
    endloop
  endfacet
  facet normal 0.997519 0.00248486 0.0703596
    outer loop
      vertex 4.18225 -4.18225 30.0668
      vertex 6.02734 -4.02734 3.90269
      vertex 4.18569 -2.79679 29.9691
    endloop
  endfacet
  facet normal 0.997519 0.00248151 0.0703596
    outer loop
      vertex 6.29311 -6.29311 0.214664
      vertex 6.02734 -4.02734 3.90269
      vertex 4.18225 -4.18225 30.0668
    endloop
  endfacet
  facet normal 0.997519 0.00248275 0.0703588
    outer loop
      vertex 6.02734 -4.02734 3.90269
      vertex 6.29311 -6.29311 0.214664
      vertex 6.29807 -4.29807 0.0739441
    endloop
  endfacet
  facet normal 0.0703598 -0.0703598 -0.995037
    outer loop
      vertex 6.29311 -6.29311 0.214664
      vertex 4.29807 -6.29807 0.0739441
      vertex 6.29807 -4.29807 0.0739441
    endloop
  endfacet
  facet normal -0.00248486 -0.997519 0.0703596
    outer loop
      vertex 4.02734 -6.02734 3.90269
      vertex 4.18225 -4.18225 30.0668
      vertex 2.79679 -4.18569 29.9691
    endloop
  endfacet
  facet normal -0.00248151 -0.997519 0.0703596
    outer loop
      vertex 4.02734 -6.02734 3.90269
      vertex 6.29311 -6.29311 0.214664
      vertex 4.18225 -4.18225 30.0668
    endloop
  endfacet
  facet normal -0.00248275 -0.997519 0.0703588
    outer loop
      vertex 6.29311 -6.29311 0.214664
      vertex 4.02734 -6.02734 3.90269
      vertex 4.29807 -6.29807 0.0739441
    endloop
  endfacet
  facet normal -0.997518 -0.0024761 -0.0703614
    outer loop
      vertex 4.29807 -6.29807 0.0739441
      vertex 4.10816 -5.92781 2.75328
      vertex 4.29851 -6.12158 0.0614953
    endloop
  endfacet
  facet normal 0.00246967 0.997519 -0.070361
    outer loop
      vertex 6.13003 -4.29849 0.0620915
      vertex 5.93823 -4.11351 2.67785
      vertex 6.29807 -4.29807 0.0739441
    endloop
  endfacet
  facet normal -0.18228 0 0.983247
    outer loop
      vertex 4.93736 -0.982103 29.9691
      vertex 5.46437 -2.26342 30.0668
      vertex 4.93736 -0.982102 29.9691
    endloop
  endfacet
  facet normal -0.0919358 0.0380812 0.995036
    outer loop
      vertex 4.18569 -2.79679 29.9691
      vertex 4.93736 -0.982103 29.9691
      vertex 4.50739 -0.896577 29.9261
    endloop
  endfacet
  facet normal -0.0919077 0.0380695 0.99504
    outer loop
      vertex 4.93736 -0.982103 29.9691
      vertex 4.18569 -2.79679 29.9691
      vertex 5.46437 -2.26342 30.0668
    endloop
  endfacet
  facet normal -0.0919358 0.0380812 0.995036
    outer loop
      vertex 4.18569 -2.79679 29.9691
      vertex 4.50739 -0.896577 29.9261
      vertex 3.82118 -2.55323 29.9261
    endloop
  endfacet
  facet normal -0.0926046 0.0385165 0.994958
    outer loop
      vertex 4.36668 -1.11864 29.9216
      vertex 4.50739 -0.896577 29.9261
      vertex 4.41312 -0.877825 29.9166
    endloop
  endfacet
  facet normal -0.0457172 0.00872611 0.998916
    outer loop
      vertex 4.36622 -1.12105 29.9216
      vertex 4.50739 -0.896577 29.9261
      vertex 4.36668 -1.11864 29.9216
    endloop
  endfacet
  facet normal -0.0666949 0.0219466 0.997532
    outer loop
      vertex 4.36545 -1.12339 29.9216
      vertex 4.50739 -0.896577 29.9261
      vertex 4.36622 -1.12105 29.9216
    endloop
  endfacet
  facet normal -0.0930196 0.0384725 0.994921
    outer loop
      vertex 4.19087 -1.65928 29.926
      vertex 4.50739 -0.896577 29.9261
      vertex 4.36545 -1.12339 29.9216
    endloop
  endfacet
  facet normal -0.0916054 0.0379837 0.995071
    outer loop
      vertex 3.82118 -2.55323 29.9261
      vertex 4.18989 -1.66139 29.926
      vertex 3.9501 -2.17158 29.9234
    endloop
  endfacet
  facet normal -0.164759 0.0682456 0.98397
    outer loop
      vertex 4.19087 -1.65928 29.926
      vertex 3.82118 -2.55323 29.9261
      vertex 4.50739 -0.896577 29.9261
    endloop
  endfacet
  facet normal -0.00219734 0.00102056 0.999997
    outer loop
      vertex 4.18989 -1.66139 29.926
      vertex 3.82118 -2.55323 29.9261
      vertex 4.19087 -1.65928 29.926
    endloop
  endfacet
  facet normal -0.0927475 0.0383686 0.99495
    outer loop
      vertex 3.82118 -2.55323 29.9261
      vertex 3.9501 -2.17158 29.9234
      vertex 3.74218 -2.50044 29.9167
    endloop
  endfacet
  facet normal 0.0919299 -0.0380785 -0.995037
    outer loop
      vertex 8.22234 -3.40581 0.214664
      vertex 6.38107 -4.17386 0.0739441
      vertex 7.46346 -1.56073 0.0739441
    endloop
  endfacet
  facet normal 0.382684 0.923879 0
    outer loop
      vertex 7.10973 -1.41421 3.9027
      vertex 7.46346 -1.56073 0.0739441
      vertex 7.10973 -1.41421 3.90269
    endloop
  endfacet
  facet normal -0.379445 0.922535 -0.0703601
    outer loop
      vertex 7.30344 -1.62748 0.061715
      vertex 7.10973 -1.41421 3.90269
      vertex 7.46346 -1.56073 0.0739441
    endloop
  endfacet
  facet normal -0.379454 0.922531 -0.0703603
    outer loop
      vertex 7.10973 -1.41421 3.90269
      vertex 7.30344 -1.62748 0.061715
      vertex 6.41713 -1.27645 9.44413
    endloop
  endfacet
  facet normal 0.379441 -0.922537 0.0703596
    outer loop
      vertex 8.22234 -3.40581 0.214664
      vertex 5.46437 -2.26342 30.0668
      vertex 6.38107 -4.17386 0.0739441
    endloop
  endfacet
  facet normal 0.379438 -0.922538 0.0703596
    outer loop
      vertex 6.02734 -4.02734 3.90269
      vertex 5.46437 -2.26342 30.0668
      vertex 4.18569 -2.79679 29.9691
    endloop
  endfacet
  facet normal 0.379438 -0.922538 0.0703596
    outer loop
      vertex 6.02734 -4.02734 3.90269
      vertex 6.38107 -4.17386 0.0739441
      vertex 5.46437 -2.26342 30.0668
    endloop
  endfacet
  facet normal 0.0919252 -0.0380743 -0.995038
    outer loop
      vertex 7.46346 -1.56073 0.0739441
      vertex 7.25793 -1.86352 0.0665425
      vertex 7.30344 -1.62748 0.061715
    endloop
  endfacet
  facet normal 0.0919329 -0.0380796 -0.995037
    outer loop
      vertex 7.46346 -1.56073 0.0739441
      vertex 6.96689 -2.75689 0.0738417
      vertex 7.25793 -1.86352 0.0665425
    endloop
  endfacet
  facet normal 0.0889461 -0.0368396 -0.995355
    outer loop
      vertex 7.46346 -1.56073 0.0739441
      vertex 6.96646 -2.75822 0.0738525
      vertex 6.96689 -2.75689 0.0738417
    endloop
  endfacet
  facet normal 0.0925104 -0.0383189 -0.994974
    outer loop
      vertex 6.38107 -4.17386 0.0739441
      vertex 6.96646 -2.75822 0.0738525
      vertex 7.46346 -1.56073 0.0739441
    endloop
  endfacet
  facet normal 0.091921 -0.0380752 -0.995038
    outer loop
      vertex 6.38107 -4.17386 0.0739441
      vertex 6.56677 -3.60862 0.06947
      vertex 6.96646 -2.75822 0.0738525
    endloop
  endfacet
  facet normal 0.0913554 -0.0378899 -0.995097
    outer loop
      vertex 6.38107 -4.17386 0.0739441
      vertex 6.56621 -3.60981 0.0694639
      vertex 6.56677 -3.60862 0.06947
    endloop
  endfacet
  facet normal 0.0911237 -0.037814 -0.995121
    outer loop
      vertex 6.38107 -4.17386 0.0739441
      vertex 6.56551 -3.61091 0.0694416
      vertex 6.56621 -3.60981 0.0694639
    endloop
  endfacet
  facet normal 0.0919248 -0.0380758 -0.995038
    outer loop
      vertex 6.56551 -3.61091 0.0694416
      vertex 6.38107 -4.17386 0.0739441
      vertex 6.31348 -4.00954 0.0614121
    endloop
  endfacet
  facet normal 0.920638 0.384024 0.0703599
    outer loop
      vertex 8.22234 -3.40581 0.214664
      vertex 7.10973 -1.41421 3.9027
      vertex 5.50117 -1.09425 23.2039
    endloop
  endfacet
  facet normal 0.920638 0.384024 0.0703597
    outer loop
      vertex 7.10973 -1.41421 3.9027
      vertex 8.22234 -3.40581 0.214664
      vertex 7.46346 -1.56073 0.0739441
    endloop
  endfacet
  facet normal 0.920638 0.384026 0.0703596
    outer loop
      vertex 5.46437 -2.26342 30.0668
      vertex 5.50117 -1.09425 23.2039
      vertex 4.93736 -0.982102 29.9691
    endloop
  endfacet
  facet normal 0.920638 0.384026 0.0703596
    outer loop
      vertex 5.50117 -1.09425 23.2039
      vertex 5.46437 -2.26342 30.0668
      vertex 8.22234 -3.40581 0.214664
    endloop
  endfacet
  facet normal -0.920628 -0.384049 -0.0703572
    outer loop
      vertex 6.38107 -4.17386 0.0739441
      vertex 6.06034 -3.90141 2.78353
      vertex 6.31348 -4.00954 0.0614121
    endloop
  endfacet
  facet normal -0.920632 -0.384041 -0.0703591
    outer loop
      vertex 6.06034 -3.90141 2.78353
      vertex 6.02734 -4.02734 3.90269
      vertex 5.44638 -3.63916 9.38561
    endloop
  endfacet
  facet normal -0.920633 -0.384038 -0.0703588
    outer loop
      vertex 6.02734 -4.02734 3.90269
      vertex 6.06034 -3.90141 2.78353
      vertex 6.38107 -4.17386 0.0739441
    endloop
  endfacet
  facet normal 0.993099 0.0624897 0.0992455
    outer loop
      vertex 7.5 0 0
      vertex 7.43418 0.937865 0.068102
      vertex 7.49261 6.06324e-06 0.0739441
    endloop
  endfacet
  facet normal 0.995043 0 0.099445
    outer loop
      vertex 7.5 0 0
      vertex 7.49261 6.06324e-06 0.0739441
      vertex 7.49261 0 0.0739441
    endloop
  endfacet
  facet normal 0.993087 0.06248 0.0993679
    outer loop
      vertex 7.43418 0.937865 0.068102
      vertex 7.5 0 0
      vertex 7.44086 0.939999 0
    endloop
  endfacet
  facet normal 0.99298 0.0642736 0.099298
    outer loop
      vertex 4.50725 0.00231739 29.926
      vertex 4.5 0 30
      vertex 4.50739 0 29.9261
    endloop
  endfacet
  facet normal 0.124558 -0.98723 0.099305
    outer loop
      vertex 1.29443 -7.12058 2.59039
      vertex 1.40536 -7.36715 0
      vertex 1.29423 -7.08251 2.96911
    endloop
  endfacet
  facet normal 0.124791 -0.9872 0.0993121
    outer loop
      vertex 1.29577 -7.37475 0.0621583
      vertex 1.40536 -7.36715 0
      vertex 1.29443 -7.12058 2.59039
    endloop
  endfacet
  facet normal 0.124719 -0.987222 0.0991836
    outer loop
      vertex 1.40536 -7.36715 0
      vertex 1.29577 -7.37475 0.0621583
      vertex 0.470928 -7.4852 0
    endloop
  endfacet
  facet normal 0.124713 -0.987215 0.099259
    outer loop
      vertex 0.470473 -7.47797 0.0724802
      vertex 0.470928 -7.4852 0
      vertex 1.29577 -7.37475 0.0621583
    endloop
  endfacet
  facet normal 0.12699 -0.986915 0.0993558
    outer loop
      vertex 0.285358 -4.4983 29.9251
      vertex 0.282557 -4.49112 30
      vertex 0.283026 -4.49859 29.9252
    endloop
  endfacet
  facet normal 0.681175 0.725368 0.0992103
    outer loop
      vertex 4.78068 5.77885 0
      vertex 5.4619 5.12907 0.073578
      vertex 5.46726 5.1341 0
    endloop
  endfacet
  facet normal 0.68116 0.725366 0.0993241
    outer loop
      vertex 5.4619 5.12907 0.073578
      vertex 4.78068 5.77885 0
      vertex 4.77715 5.77249 0.0706558
    endloop
  endfacet
  facet normal 0.681848 0.724731 0.09924
    outer loop
      vertex 3.28407 3.08713 29.9258
      vertex 3.28036 3.08046 30
      vertex 3.28576 3.08554 29.9258
    endloop
  endfacet
  facet normal 0.124718 0.987211 0.0992992
    outer loop
      vertex 0.843215 4.42029 30
      vertex 0.285358 4.4983 29.9251
      vertex 0.282557 4.49112 30
    endloop
  endfacet
  facet normal 0.124725 0.987215 0.0992495
    outer loop
      vertex 0.285358 4.4983 29.9251
      vertex 0.843215 4.42029 30
      vertex 0.844749 4.42833 29.9181
    endloop
  endfacet
  facet normal 0.124677 0.987215 0.099308
    outer loop
      vertex 1.29423 7.08251 2.96911
      vertex 1.29263 6.77621 6.01603
      vertex 1.40536 7.36715 0
    endloop
  endfacet
  facet normal -0.584892 0.805016 0.0992477
    outer loop
      vertex -4.02528 6.31996 0.0626122
      vertex -4.0187 6.33246 0
      vertex -4.29851 6.12158 0.0614953
    endloop
  endfacet
  facet normal -0.584663 0.805176 0.0993036
    outer loop
      vertex -4.0187 6.33246 0
      vertex -4.02528 6.31996 0.0626122
      vertex -4.01533 6.32715 0.062896
    endloop
  endfacet
  facet normal -0.58488 0.805018 0.0993087
    outer loop
      vertex -3.92202 6.0846 2.57858
      vertex -4.10816 5.92781 2.75328
      vertex -3.64747 5.45882 9.26825
    endloop
  endfacet
  facet normal -0.584888 0.805011 0.0993109
    outer loop
      vertex -4.29851 6.12158 0.0614953
      vertex -3.92202 6.0846 2.57858
      vertex -4.02528 6.31996 0.0626122
    endloop
  endfacet
  facet normal -0.584879 0.805018 0.0993096
    outer loop
      vertex -3.92202 6.0846 2.57858
      vertex -4.29851 6.12158 0.0614953
      vertex -4.10816 5.92781 2.75328
    endloop
  endfacet
  facet normal -0.584879 0.805018 0.0993122
    outer loop
      vertex -4.78068 5.77885 0
      vertex -4.29851 6.12158 0.0614953
      vertex -4.0187 6.33246 0
    endloop
  endfacet
  facet normal -0.584879 0.805017 0.099319
    outer loop
      vertex -4.29851 6.12158 0.0614953
      vertex -4.78068 5.77885 0
      vertex -4.7751 5.77419 0.070631
    endloop
  endfacet
  facet normal -0.585631 0.804465 0.099359
    outer loop
      vertex -2.41554 3.80628 29.9194
      vertex -2.41759 3.8048 29.9193
      vertex -2.41122 3.79947 30
    endloop
  endfacet
  facet normal -0.36631 0.925182 0.0992741
    outer loop
      vertex -2.31763 7.13292 0
      vertex -3.18895 6.78009 0.0731184
      vertex -2.31541 7.12611 0.0716571
    endloop
  endfacet
  facet normal -0.366307 0.92518 0.0993038
    outer loop
      vertex -3.18895 6.78009 0.0731184
      vertex -2.31763 7.13292 0
      vertex -3.19334 6.7862 0
    endloop
  endfacet
  facet normal -0.365923 0.925323 0.0993826
    outer loop
      vertex -1.3929 4.28692 29.9247
      vertex -1.3951 4.28605 29.9247
      vertex -1.39058 4.27975 30
    endloop
  endfacet
  facet normal -0.977446 0.186428 0.0992201
    outer loop
      vertex -7.26437 1.86517 0
      vertex -7.30344 1.62748 0.061715
      vertex -7.25793 1.86352 0.0665425
    endloop
  endfacet
  facet normal -0.977426 0.18646 0.0993546
    outer loop
      vertex -7.26437 1.86517 0
      vertex -7.36803 1.28902 0.061487
      vertex -7.30344 1.62748 0.061715
    endloop
  endfacet
  facet normal -0.977428 0.186459 0.0993388
    outer loop
      vertex -7.44086 0.939999 0
      vertex -7.36803 1.28902 0.061487
      vertex -7.26437 1.86517 0
    endloop
  endfacet
  facet normal -0.977433 0.186474 0.0992585
    outer loop
      vertex -7.36803 1.28902 0.061487
      vertex -7.44086 0.939999 0
      vertex -7.43387 0.940405 0.0680702
    endloop
  endfacet
  facet normal -0.97743 0.186461 0.0993078
    outer loop
      vertex -7.09245 1.28538 2.7807
      vertex -7.30344 1.62748 0.061715
      vertex -7.36803 1.28902 0.061487
    endloop
  endfacet
  facet normal -0.977427 0.186476 0.0993094
    outer loop
      vertex -7.30344 1.62748 0.061715
      vertex -7.09245 1.28538 2.7807
      vertex -6.41713 1.27645 9.44413
    endloop
  endfacet
  facet normal -0.977404 0.186558 0.0993885
    outer loop
      vertex -4.36622 1.12105 29.9216
      vertex -4.36668 1.11864 29.9216
      vertex -4.35862 1.1191 30
    endloop
  endfacet
  facet normal 0.68116 -0.725366 0.0993241
    outer loop
      vertex 4.78068 -5.77885 0
      vertex 5.4619 -5.12907 0.073578
      vertex 4.77715 -5.77249 0.0706558
    endloop
  endfacet
  facet normal 0.681175 -0.725368 0.0992103
    outer loop
      vertex 5.4619 -5.12907 0.073578
      vertex 4.78068 -5.77885 0
      vertex 5.46726 -5.1341 0
    endloop
  endfacet
  facet normal 0.681848 -0.724731 0.09924
    outer loop
      vertex 3.28576 -3.08554 29.9258
      vertex 3.28036 -3.08046 30
      vertex 3.28407 -3.08713 29.9258
    endloop
  endfacet
  facet normal 0 0 -1
    outer loop
      vertex 3.075 0 0
      vertex 7.5 0 0
      vertex 7.44086 -0.939999 0
    endloop
  endfacet
  facet normal 0 0 -1
    outer loop
      vertex 2.9245 -0.950227 0
      vertex 7.44086 -0.939999 0
      vertex 7.26437 -1.86517 0
    endloop
  endfacet
  facet normal 0 0 -1
    outer loop
      vertex 7.5 0 0
      vertex 3.075 0 0
      vertex 7.44086 0.939999 0
    endloop
  endfacet
  facet normal 0 0 -1
    outer loop
      vertex 2.9245 -0.950227 0
      vertex 7.26437 -1.86517 0
      vertex 6.97332 -2.76093 0
    endloop
  endfacet
  facet normal 0 0 -1
    outer loop
      vertex 2.9245 0.950227 0
      vertex 7.44086 0.939999 0
      vertex 3.075 0 0
    endloop
  endfacet
  facet normal 0 0 -1
    outer loop
      vertex 2.9245 -0.950227 0
      vertex 6.97332 -2.76093 0
      vertex 6.5723 -3.61315 0
    endloop
  endfacet
  facet normal 0 0 -1
    outer loop
      vertex 7.44086 0.939999 0
      vertex 2.9245 0.950227 0
      vertex 7.26437 1.86517 0
    endloop
  endfacet
  facet normal 0 0 -1
    outer loop
      vertex 2.48773 -1.80744 0
      vertex 6.5723 -3.61315 0
      vertex 6.06763 -4.40839 0
    endloop
  endfacet
  facet normal -0 0 -1
    outer loop
      vertex 7.26437 1.86517 0
      vertex 2.9245 0.950227 0
      vertex 6.97332 2.76093 0
    endloop
  endfacet
  facet normal 0 0 -1
    outer loop
      vertex 2.48773 -1.80744 0
      vertex 6.06763 -4.40839 0
      vertex 5.46726 -5.1341 0
    endloop
  endfacet
  facet normal -0 0 -1
    outer loop
      vertex 6.97332 2.76093 0
      vertex 2.9245 0.950227 0
      vertex 6.5723 3.61315 0
    endloop
  endfacet
  facet normal 0 0 -1
    outer loop
      vertex 1.80744 -2.48773 0
      vertex 5.46726 -5.1341 0
      vertex 4.78068 -5.77885 0
    endloop
  endfacet
  facet normal 0 0 -1
    outer loop
      vertex 2.48773 1.80744 0
      vertex 6.5723 3.61315 0
      vertex 2.9245 0.950227 0
    endloop
  endfacet
  facet normal 0 0 -1
    outer loop
      vertex 1.80744 -2.48773 0
      vertex 4.78068 -5.77885 0
      vertex 4.0187 -6.33246 0
    endloop
  endfacet
  facet normal -0 0 -1
    outer loop
      vertex 6.5723 3.61315 0
      vertex 2.48773 1.80744 0
      vertex 6.06763 4.40839 0
    endloop
  endfacet
  facet normal 0 0 -1
    outer loop
      vertex 1.80744 -2.48773 0
      vertex 4.0187 -6.33246 0
      vertex 3.19334 -6.7862 0
    endloop
  endfacet
  facet normal -0 0 -1
    outer loop
      vertex 6.06763 4.40839 0
      vertex 2.48773 1.80744 0
      vertex 5.46726 5.1341 0
    endloop
  endfacet
  facet normal 0 0 -1
    outer loop
      vertex 1.80744 2.48773 0
      vertex 5.46726 5.1341 0
      vertex 2.48773 1.80744 0
    endloop
  endfacet
  facet normal -0 0 -1
    outer loop
      vertex 7.44086 -0.939999 0
      vertex 2.9245 -0.950227 0
      vertex 3.075 0 0
    endloop
  endfacet
  facet normal 0 0 -1
    outer loop
      vertex 6.5723 -3.61315 0
      vertex 2.48773 -1.80744 0
      vertex 2.9245 -0.950227 0
    endloop
  endfacet
  facet normal 0 0 -1
    outer loop
      vertex 0.950227 -2.9245 0
      vertex 3.19334 -6.7862 0
      vertex 2.31763 -7.13292 0
    endloop
  endfacet
  facet normal 0 0 -1
    outer loop
      vertex 5.46726 -5.1341 0
      vertex 1.80744 -2.48773 0
      vertex 2.48773 -1.80744 0
    endloop
  endfacet
  facet normal 0 0 -1
    outer loop
      vertex 0.950227 -2.9245 0
      vertex 2.31763 -7.13292 0
      vertex 1.40536 -7.36715 0
    endloop
  endfacet
  facet normal 0 0 -1
    outer loop
      vertex 3.19334 -6.7862 0
      vertex 0.950227 -2.9245 0
      vertex 1.80744 -2.48773 0
    endloop
  endfacet
  facet normal 0 0 -1
    outer loop
      vertex 0 -3.075 0
      vertex 1.40536 -7.36715 0
      vertex 0.470928 -7.4852 0
    endloop
  endfacet
  facet normal 0 0 -1
    outer loop
      vertex 1.40536 -7.36715 0
      vertex 0 -3.075 0
      vertex 0.950227 -2.9245 0
    endloop
  endfacet
  facet normal 0 0 -1
    outer loop
      vertex -0.470928 -7.4852 0
      vertex 0 -3.075 0
      vertex 0.470928 -7.4852 0
    endloop
  endfacet
  facet normal 0 0 -1
    outer loop
      vertex -1.40536 -7.36715 0
      vertex 0 -3.075 0
      vertex -0.470928 -7.4852 0
    endloop
  endfacet
  facet normal -0 0 -1
    outer loop
      vertex 0 -3.075 0
      vertex -1.40536 -7.36715 0
      vertex -0.950227 -2.9245 0
    endloop
  endfacet
  facet normal 0 0 -1
    outer loop
      vertex -2.31763 -7.13292 0
      vertex -0.950227 -2.9245 0
      vertex -1.40536 -7.36715 0
    endloop
  endfacet
  facet normal 0 0 -1
    outer loop
      vertex -3.19334 -6.7862 0
      vertex -0.950227 -2.9245 0
      vertex -2.31763 -7.13292 0
    endloop
  endfacet
  facet normal -0 0 -1
    outer loop
      vertex -0.950227 -2.9245 0
      vertex -3.19334 -6.7862 0
      vertex -1.80744 -2.48773 0
    endloop
  endfacet
  facet normal 0 0 -1
    outer loop
      vertex -4.0187 -6.33246 0
      vertex -1.80744 -2.48773 0
      vertex -3.19334 -6.7862 0
    endloop
  endfacet
  facet normal 0 0 -1
    outer loop
      vertex -4.78068 -5.77885 0
      vertex -1.80744 -2.48773 0
      vertex -4.0187 -6.33246 0
    endloop
  endfacet
  facet normal 0 0 -1
    outer loop
      vertex -5.46726 -5.1341 0
      vertex -1.80744 -2.48773 0
      vertex -4.78068 -5.77885 0
    endloop
  endfacet
  facet normal -0 0 -1
    outer loop
      vertex 5.46726 5.1341 0
      vertex 1.80744 2.48773 0
      vertex 4.78068 5.77885 0
    endloop
  endfacet
  facet normal -0 0 -1
    outer loop
      vertex 4.78068 5.77885 0
      vertex 1.80744 2.48773 0
      vertex 4.0187 6.33246 0
    endloop
  endfacet
  facet normal -0 0 -1
    outer loop
      vertex 4.0187 6.33246 0
      vertex 1.80744 2.48773 0
      vertex 3.19334 6.7862 0
    endloop
  endfacet
  facet normal 0 0 -1
    outer loop
      vertex 0.950227 2.9245 0
      vertex 3.19334 6.7862 0
      vertex 1.80744 2.48773 0
    endloop
  endfacet
  facet normal -0 0 -1
    outer loop
      vertex 3.19334 6.7862 0
      vertex 0.950227 2.9245 0
      vertex 2.31763 7.13292 0
    endloop
  endfacet
  facet normal -0 0 -1
    outer loop
      vertex 2.31763 7.13292 0
      vertex 0.950227 2.9245 0
      vertex 1.40536 7.36715 0
    endloop
  endfacet
  facet normal 0 0 -1
    outer loop
      vertex 0 3.075 0
      vertex 1.40536 7.36715 0
      vertex 0.950227 2.9245 0
    endloop
  endfacet
  facet normal -0 0 -1
    outer loop
      vertex 1.40536 7.36715 0
      vertex 0 3.075 0
      vertex 0.470928 7.4852 0
    endloop
  endfacet
  facet normal 0 0 -1
    outer loop
      vertex 0 3.075 0
      vertex -0.470928 7.4852 0
      vertex 0.470928 7.4852 0
    endloop
  endfacet
  facet normal 0 0 -1
    outer loop
      vertex -1.40536 7.36715 0
      vertex 0 3.075 0
      vertex -0.950227 2.9245 0
    endloop
  endfacet
  facet normal 0 0 -1
    outer loop
      vertex 0 3.075 0
      vertex -1.40536 7.36715 0
      vertex -0.470928 7.4852 0
    endloop
  endfacet
  facet normal 0 0 -1
    outer loop
      vertex -3.19334 6.7862 0
      vertex -0.950227 2.9245 0
      vertex -1.80744 2.48773 0
    endloop
  endfacet
  facet normal 0 0 -1
    outer loop
      vertex -0.950227 2.9245 0
      vertex -2.31763 7.13292 0
      vertex -1.40536 7.36715 0
    endloop
  endfacet
  facet normal 0 0 -1
    outer loop
      vertex -5.46726 5.1341 0
      vertex -1.80744 2.48773 0
      vertex -2.48773 1.80744 0
    endloop
  endfacet
  facet normal 0 0 -1
    outer loop
      vertex -6.5723 3.61315 0
      vertex -2.48773 1.80744 0
      vertex -2.9245 0.950227 0
    endloop
  endfacet
  facet normal 0 0 -1
    outer loop
      vertex -7.44086 0.939999 0
      vertex -2.9245 0.950227 0
      vertex -3.075 0 0
    endloop
  endfacet
  facet normal 0 0 -1
    outer loop
      vertex -0.950227 2.9245 0
      vertex -3.19334 6.7862 0
      vertex -2.31763 7.13292 0
    endloop
  endfacet
  facet normal -0 0 -1
    outer loop
      vertex -1.80744 -2.48773 0
      vertex -5.46726 -5.1341 0
      vertex -2.48773 -1.80744 0
    endloop
  endfacet
  facet normal 0 0 -1
    outer loop
      vertex -6.06763 -4.40839 0
      vertex -2.48773 -1.80744 0
      vertex -5.46726 -5.1341 0
    endloop
  endfacet
  facet normal 0 0 -1
    outer loop
      vertex -1.80744 2.48773 0
      vertex -4.0187 6.33246 0
      vertex -3.19334 6.7862 0
    endloop
  endfacet
  facet normal 0 0 -1
    outer loop
      vertex -6.5723 -3.61315 0
      vertex -2.48773 -1.80744 0
      vertex -6.06763 -4.40839 0
    endloop
  endfacet
  facet normal 0 0 -1
    outer loop
      vertex -1.80744 2.48773 0
      vertex -4.78068 5.77885 0
      vertex -4.0187 6.33246 0
    endloop
  endfacet
  facet normal -0 0 -1
    outer loop
      vertex -2.48773 -1.80744 0
      vertex -6.5723 -3.61315 0
      vertex -2.9245 -0.950227 0
    endloop
  endfacet
  facet normal 0 0 -1
    outer loop
      vertex -1.80744 2.48773 0
      vertex -5.46726 5.1341 0
      vertex -4.78068 5.77885 0
    endloop
  endfacet
  facet normal 0 0 -1
    outer loop
      vertex -6.97332 -2.76093 0
      vertex -2.9245 -0.950227 0
      vertex -6.5723 -3.61315 0
    endloop
  endfacet
  facet normal 0 0 -1
    outer loop
      vertex -2.48773 1.80744 0
      vertex -6.06763 4.40839 0
      vertex -5.46726 5.1341 0
    endloop
  endfacet
  facet normal 0 0 -1
    outer loop
      vertex -7.26437 -1.86517 0
      vertex -2.9245 -0.950227 0
      vertex -6.97332 -2.76093 0
    endloop
  endfacet
  facet normal 0 0 -1
    outer loop
      vertex -2.48773 1.80744 0
      vertex -6.5723 3.61315 0
      vertex -6.06763 4.40839 0
    endloop
  endfacet
  facet normal 0 0 -1
    outer loop
      vertex -7.44086 -0.939999 0
      vertex -2.9245 -0.950227 0
      vertex -7.26437 -1.86517 0
    endloop
  endfacet
  facet normal 0 0 -1
    outer loop
      vertex -2.9245 0.950227 0
      vertex -6.97332 2.76093 0
      vertex -6.5723 3.61315 0
    endloop
  endfacet
  facet normal 0 0 -1
    outer loop
      vertex -2.9245 -0.950227 0
      vertex -7.44086 -0.939999 0
      vertex -3.075 0 0
    endloop
  endfacet
  facet normal 0 0 -1
    outer loop
      vertex -2.9245 0.950227 0
      vertex -7.26437 1.86517 0
      vertex -6.97332 2.76093 0
    endloop
  endfacet
  facet normal 0 0 -1
    outer loop
      vertex -7.5 0 0
      vertex -3.075 0 0
      vertex -7.44086 -0.939999 0
    endloop
  endfacet
  facet normal -0 0 -1
    outer loop
      vertex -2.9245 0.950227 0
      vertex -7.44086 0.939999 0
      vertex -7.26437 1.86517 0
    endloop
  endfacet
  facet normal 0 0 -1
    outer loop
      vertex -3.075 0 0
      vertex -7.5 0 0
      vertex -7.44086 0.939999 0
    endloop
  endfacet
  facet normal -0.247444 0.963799 0.0993095
    outer loop
      vertex -1.4024 6.74984 5.99837
      vertex -1.40536 7.36715 0
      vertex -1.62733 7.3038 0.061742
    endloop
  endfacet
  facet normal -0.247461 0.963801 0.0992503
    outer loop
      vertex -2.31763 7.13292 0
      vertex -1.62733 7.3038 0.061742
      vertex -1.40536 7.36715 0
    endloop
  endfacet
  facet normal -0.247462 0.9638 0.0992622
    outer loop
      vertex -1.62733 7.3038 0.061742
      vertex -2.31763 7.13292 0
      vertex -2.31541 7.12611 0.0716571
    endloop
  endfacet
  facet normal -0.244188 0.964623 0.099374
    outer loop
      vertex -1.39061 4.28751 29.9246
      vertex -1.3929 4.28692 29.9247
      vertex -1.39058 4.27975 30
    endloop
  endfacet
  facet normal 0 0 1
    outer loop
      vertex 3 0 30
      vertex 4.5 0 30
      vertex 4.46452 0.563999 30
    endloop
  endfacet
  facet normal 0 0 1
    outer loop
      vertex 2.97634 0.375999 30
      vertex 4.46452 0.563999 30
      vertex 4.35862 1.1191 30
    endloop
  endfacet
  facet normal 0 0 1
    outer loop
      vertex 4.5 0 30
      vertex 3 0 30
      vertex 4.46452 -0.563999 30
    endloop
  endfacet
  facet normal 0 0 1
    outer loop
      vertex 2.90575 0.746069 30
      vertex 4.35862 1.1191 30
      vertex 4.18399 1.65656 30
    endloop
  endfacet
  facet normal -0 0 1
    outer loop
      vertex 2.97634 -0.375999 30
      vertex 4.46452 -0.563999 30
      vertex 3 0 30
    endloop
  endfacet
  facet normal 0 0 1
    outer loop
      vertex 2.78933 1.10437 30
      vertex 4.18399 1.65656 30
      vertex 3.94338 2.16789 30
    endloop
  endfacet
  facet normal 0 0 1
    outer loop
      vertex 4.46452 -0.563999 30
      vertex 2.97634 -0.375999 30
      vertex 4.35862 -1.1191 30
    endloop
  endfacet
  facet normal 0 0 1
    outer loop
      vertex 2.62892 1.44526 30
      vertex 3.94338 2.16789 30
      vertex 3.64058 2.64503 30
    endloop
  endfacet
  facet normal -0 0 1
    outer loop
      vertex 2.90575 -0.746069 30
      vertex 4.35862 -1.1191 30
      vertex 2.97634 -0.375999 30
    endloop
  endfacet
  facet normal 0 0 1
    outer loop
      vertex 2.42705 1.76336 30
      vertex 3.64058 2.64503 30
      vertex 3.28036 3.08046 30
    endloop
  endfacet
  facet normal 0 0 1
    outer loop
      vertex 4.35862 -1.1191 30
      vertex 2.90575 -0.746069 30
      vertex 4.18399 -1.65656 30
    endloop
  endfacet
  facet normal -0 0 1
    outer loop
      vertex 2.78933 -1.10437 30
      vertex 4.18399 -1.65656 30
      vertex 2.90575 -0.746069 30
    endloop
  endfacet
  facet normal 0 0 1
    outer loop
      vertex 4.46452 0.563999 30
      vertex 2.97634 0.375999 30
      vertex 3 0 30
    endloop
  endfacet
  facet normal 0 0 1
    outer loop
      vertex 4.35862 1.1191 30
      vertex 2.90575 0.746069 30
      vertex 2.97634 0.375999 30
    endloop
  endfacet
  facet normal 0 0 1
    outer loop
      vertex 2.18691 2.05364 30
      vertex 3.28036 3.08046 30
      vertex 2.86841 3.46731 30
    endloop
  endfacet
  facet normal 0 0 1
    outer loop
      vertex 4.18399 1.65656 30
      vertex 2.78933 1.10437 30
      vertex 2.90575 0.746069 30
    endloop
  endfacet
  facet normal 0 0 1
    outer loop
      vertex 3.94338 2.16789 30
      vertex 2.62892 1.44526 30
      vertex 2.78933 1.10437 30
    endloop
  endfacet
  facet normal 0 0 1
    outer loop
      vertex 3.64058 2.64503 30
      vertex 2.42705 1.76336 30
      vertex 2.62892 1.44526 30
    endloop
  endfacet
  facet normal 0 0 1
    outer loop
      vertex 1.91227 2.31154 30
      vertex 2.86841 3.46731 30
      vertex 2.41122 3.79947 30
    endloop
  endfacet
  facet normal 0 0 1
    outer loop
      vertex 3.28036 3.08046 30
      vertex 2.18691 2.05364 30
      vertex 2.42705 1.76336 30
    endloop
  endfacet
  facet normal 0 0 1
    outer loop
      vertex 1.60748 2.53298 30
      vertex 2.41122 3.79947 30
      vertex 1.91601 4.07172 30
    endloop
  endfacet
  facet normal 0 0 1
    outer loop
      vertex 2.86841 3.46731 30
      vertex 1.91227 2.31154 30
      vertex 2.18691 2.05364 30
    endloop
  endfacet
  facet normal 0 0 1
    outer loop
      vertex 2.41122 3.79947 30
      vertex 1.60748 2.53298 30
      vertex 1.91227 2.31154 30
    endloop
  endfacet
  facet normal 0 0 1
    outer loop
      vertex 1.27734 2.71448 30
      vertex 1.91601 4.07172 30
      vertex 1.39058 4.27975 30
    endloop
  endfacet
  facet normal 0 0 1
    outer loop
      vertex 1.91601 4.07172 30
      vertex 1.27734 2.71448 30
      vertex 1.60748 2.53298 30
    endloop
  endfacet
  facet normal 0 0 1
    outer loop
      vertex 1.39058 4.27975 30
      vertex 0.927051 2.85317 30
      vertex 1.27734 2.71448 30
    endloop
  endfacet
  facet normal 0 0 1
    outer loop
      vertex 0.843215 4.42029 30
      vertex 0.927051 2.85317 30
      vertex 1.39058 4.27975 30
    endloop
  endfacet
  facet normal 0 0 1
    outer loop
      vertex 0.843215 4.42029 30
      vertex 0.562143 2.94686 30
      vertex 0.927051 2.85317 30
    endloop
  endfacet
  facet normal 0 0 1
    outer loop
      vertex 0.282557 4.49112 30
      vertex 0.562143 2.94686 30
      vertex 0.843215 4.42029 30
    endloop
  endfacet
  facet normal 0 0 1
    outer loop
      vertex 0.282557 4.49112 30
      vertex 0.188371 2.99408 30
      vertex 0.562143 2.94686 30
    endloop
  endfacet
  facet normal 0 0 1
    outer loop
      vertex 0.282557 4.49112 30
      vertex -0.188371 2.99408 30
      vertex 0.188371 2.99408 30
    endloop
  endfacet
  facet normal -0 0 1
    outer loop
      vertex -0.282557 4.49112 30
      vertex -0.188371 2.99408 30
      vertex 0.282557 4.49112 30
    endloop
  endfacet
  facet normal 0 0 1
    outer loop
      vertex -0.282557 4.49112 30
      vertex -0.562143 2.94686 30
      vertex -0.188371 2.99408 30
    endloop
  endfacet
  facet normal -0 0 1
    outer loop
      vertex -0.843215 4.42029 30
      vertex -0.562143 2.94686 30
      vertex -0.282557 4.49112 30
    endloop
  endfacet
  facet normal 0 0 1
    outer loop
      vertex -0.843215 4.42029 30
      vertex -0.927051 2.85317 30
      vertex -0.562143 2.94686 30
    endloop
  endfacet
  facet normal -0 0 1
    outer loop
      vertex -1.39058 4.27975 30
      vertex -0.927051 2.85317 30
      vertex -0.843215 4.42029 30
    endloop
  endfacet
  facet normal 0 0 1
    outer loop
      vertex -0.927051 2.85317 30
      vertex -1.39058 4.27975 30
      vertex -1.27734 2.71448 30
    endloop
  endfacet
  facet normal -0 0 1
    outer loop
      vertex -1.91601 4.07172 30
      vertex -1.27734 2.71448 30
      vertex -1.39058 4.27975 30
    endloop
  endfacet
  facet normal 0 0 1
    outer loop
      vertex -1.27734 2.71448 30
      vertex -1.91601 4.07172 30
      vertex -1.60748 2.53298 30
    endloop
  endfacet
  facet normal -0 0 1
    outer loop
      vertex -2.41122 3.79947 30
      vertex -1.60748 2.53298 30
      vertex -1.91601 4.07172 30
    endloop
  endfacet
  facet normal 0 0 1
    outer loop
      vertex -1.60748 2.53298 30
      vertex -2.41122 3.79947 30
      vertex -1.91227 2.31154 30
    endloop
  endfacet
  facet normal -0 0 1
    outer loop
      vertex -2.86841 3.46731 30
      vertex -1.91227 2.31154 30
      vertex -2.41122 3.79947 30
    endloop
  endfacet
  facet normal 0 0 1
    outer loop
      vertex -1.91227 2.31154 30
      vertex -2.86841 3.46731 30
      vertex -2.18691 2.05364 30
    endloop
  endfacet
  facet normal -0 0 1
    outer loop
      vertex -3.28036 3.08046 30
      vertex -2.18691 2.05364 30
      vertex -2.86841 3.46731 30
    endloop
  endfacet
  facet normal 0 0 1
    outer loop
      vertex -2.18691 2.05364 30
      vertex -3.28036 3.08046 30
      vertex -2.42705 1.76336 30
    endloop
  endfacet
  facet normal -0 0 1
    outer loop
      vertex -3.64058 2.64503 30
      vertex -2.42705 1.76336 30
      vertex -3.28036 3.08046 30
    endloop
  endfacet
  facet normal 0 0 1
    outer loop
      vertex -2.42705 1.76336 30
      vertex -3.64058 2.64503 30
      vertex -2.62892 1.44526 30
    endloop
  endfacet
  facet normal -0 0 1
    outer loop
      vertex -3.94338 2.16789 30
      vertex -2.62892 1.44526 30
      vertex -3.64058 2.64503 30
    endloop
  endfacet
  facet normal 0 0 1
    outer loop
      vertex -2.62892 1.44526 30
      vertex -3.94338 2.16789 30
      vertex -2.78933 1.10437 30
    endloop
  endfacet
  facet normal -0 0 1
    outer loop
      vertex -4.18399 1.65656 30
      vertex -2.78933 1.10437 30
      vertex -3.94338 2.16789 30
    endloop
  endfacet
  facet normal 0 0 1
    outer loop
      vertex 4.18399 -1.65656 30
      vertex 2.78933 -1.10437 30
      vertex 3.94338 -2.16789 30
    endloop
  endfacet
  facet normal -0 0 1
    outer loop
      vertex 2.62892 -1.44526 30
      vertex 3.94338 -2.16789 30
      vertex 2.78933 -1.10437 30
    endloop
  endfacet
  facet normal 0 0 1
    outer loop
      vertex 3.94338 -2.16789 30
      vertex 2.62892 -1.44526 30
      vertex 3.64058 -2.64503 30
    endloop
  endfacet
  facet normal -0 0 1
    outer loop
      vertex 2.42705 -1.76336 30
      vertex 3.64058 -2.64503 30
      vertex 2.62892 -1.44526 30
    endloop
  endfacet
  facet normal 0 0 1
    outer loop
      vertex 3.64058 -2.64503 30
      vertex 2.42705 -1.76336 30
      vertex 3.28036 -3.08046 30
    endloop
  endfacet
  facet normal -0 0 1
    outer loop
      vertex 2.18691 -2.05364 30
      vertex 3.28036 -3.08046 30
      vertex 2.42705 -1.76336 30
    endloop
  endfacet
  facet normal 0 0 1
    outer loop
      vertex 3.28036 -3.08046 30
      vertex 2.18691 -2.05364 30
      vertex 2.86841 -3.46731 30
    endloop
  endfacet
  facet normal -0 0 1
    outer loop
      vertex 1.91227 -2.31154 30
      vertex 2.86841 -3.46731 30
      vertex 2.18691 -2.05364 30
    endloop
  endfacet
  facet normal 0 0 1
    outer loop
      vertex 2.86841 -3.46731 30
      vertex 1.91227 -2.31154 30
      vertex 2.41122 -3.79947 30
    endloop
  endfacet
  facet normal -0 0 1
    outer loop
      vertex 1.60748 -2.53298 30
      vertex 2.41122 -3.79947 30
      vertex 1.91227 -2.31154 30
    endloop
  endfacet
  facet normal 0 0 1
    outer loop
      vertex 2.41122 -3.79947 30
      vertex 1.60748 -2.53298 30
      vertex 1.91601 -4.07172 30
    endloop
  endfacet
  facet normal -0 0 1
    outer loop
      vertex 1.27734 -2.71448 30
      vertex 1.91601 -4.07172 30
      vertex 1.60748 -2.53298 30
    endloop
  endfacet
  facet normal 0 0 1
    outer loop
      vertex 1.91601 -4.07172 30
      vertex 1.27734 -2.71448 30
      vertex 1.39058 -4.27975 30
    endloop
  endfacet
  facet normal -0 0 1
    outer loop
      vertex 0.927051 -2.85317 30
      vertex 1.39058 -4.27975 30
      vertex 1.27734 -2.71448 30
    endloop
  endfacet
  facet normal 0 0 1
    outer loop
      vertex 0.927051 -2.85317 30
      vertex 0.843215 -4.42029 30
      vertex 1.39058 -4.27975 30
    endloop
  endfacet
  facet normal -0 0 1
    outer loop
      vertex 0.562143 -2.94686 30
      vertex 0.843215 -4.42029 30
      vertex 0.927051 -2.85317 30
    endloop
  endfacet
  facet normal 0 0 1
    outer loop
      vertex 0.562143 -2.94686 30
      vertex 0.282557 -4.49112 30
      vertex 0.843215 -4.42029 30
    endloop
  endfacet
  facet normal -0 0 1
    outer loop
      vertex 0.188371 -2.99408 30
      vertex 0.282557 -4.49112 30
      vertex 0.562143 -2.94686 30
    endloop
  endfacet
  facet normal -0 0 1
    outer loop
      vertex -0.188371 -2.99408 30
      vertex 0.282557 -4.49112 30
      vertex 0.188371 -2.99408 30
    endloop
  endfacet
  facet normal 0 0 1
    outer loop
      vertex -0.188371 -2.99408 30
      vertex -0.282557 -4.49112 30
      vertex 0.282557 -4.49112 30
    endloop
  endfacet
  facet normal 0 0 1
    outer loop
      vertex -0.562143 -2.94686 30
      vertex -0.282557 -4.49112 30
      vertex -0.188371 -2.99408 30
    endloop
  endfacet
  facet normal 0 0 1
    outer loop
      vertex -0.562143 -2.94686 30
      vertex -0.843215 -4.42029 30
      vertex -0.282557 -4.49112 30
    endloop
  endfacet
  facet normal 0 0 1
    outer loop
      vertex -0.927051 -2.85317 30
      vertex -0.843215 -4.42029 30
      vertex -0.562143 -2.94686 30
    endloop
  endfacet
  facet normal 0 0 1
    outer loop
      vertex -1.39058 -4.27975 30
      vertex -0.927051 -2.85317 30
      vertex -1.27734 -2.71448 30
    endloop
  endfacet
  facet normal 0 0 1
    outer loop
      vertex -0.927051 -2.85317 30
      vertex -1.39058 -4.27975 30
      vertex -0.843215 -4.42029 30
    endloop
  endfacet
  facet normal 0 0 1
    outer loop
      vertex -1.91601 -4.07172 30
      vertex -1.27734 -2.71448 30
      vertex -1.60748 -2.53298 30
    endloop
  endfacet
  facet normal 0 0 1
    outer loop
      vertex -2.41122 -3.79947 30
      vertex -1.60748 -2.53298 30
      vertex -1.91227 -2.31154 30
    endloop
  endfacet
  facet normal 0 0 1
    outer loop
      vertex -1.27734 -2.71448 30
      vertex -1.91601 -4.07172 30
      vertex -1.39058 -4.27975 30
    endloop
  endfacet
  facet normal 0 0 1
    outer loop
      vertex -2.86841 -3.46731 30
      vertex -1.91227 -2.31154 30
      vertex -2.18691 -2.05364 30
    endloop
  endfacet
  facet normal 0 0 1
    outer loop
      vertex -1.60748 -2.53298 30
      vertex -2.41122 -3.79947 30
      vertex -1.91601 -4.07172 30
    endloop
  endfacet
  facet normal 0 0 1
    outer loop
      vertex -3.28036 -3.08046 30
      vertex -2.18691 -2.05364 30
      vertex -2.42705 -1.76336 30
    endloop
  endfacet
  facet normal 0 0 1
    outer loop
      vertex -3.64058 -2.64503 30
      vertex -2.42705 -1.76336 30
      vertex -2.62892 -1.44526 30
    endloop
  endfacet
  facet normal 0 0 1
    outer loop
      vertex -3.94338 -2.16789 30
      vertex -2.62892 -1.44526 30
      vertex -2.78933 -1.10437 30
    endloop
  endfacet
  facet normal 0 0 1
    outer loop
      vertex -1.91227 -2.31154 30
      vertex -2.86841 -3.46731 30
      vertex -2.41122 -3.79947 30
    endloop
  endfacet
  facet normal 0 0 1
    outer loop
      vertex -4.18399 -1.65656 30
      vertex -2.78933 -1.10437 30
      vertex -2.90575 -0.746069 30
    endloop
  endfacet
  facet normal 0 0 1
    outer loop
      vertex -4.35862 -1.1191 30
      vertex -2.90575 -0.746069 30
      vertex -2.97634 -0.375999 30
    endloop
  endfacet
  facet normal 0 0 1
    outer loop
      vertex -4.46452 -0.563999 30
      vertex -2.97634 -0.375999 30
      vertex -3 0 30
    endloop
  endfacet
  facet normal 0 0 1
    outer loop
      vertex -2.78933 1.10437 30
      vertex -4.18399 1.65656 30
      vertex -2.90575 0.746069 30
    endloop
  endfacet
  facet normal 0 0 1
    outer loop
      vertex -2.18691 -2.05364 30
      vertex -3.28036 -3.08046 30
      vertex -2.86841 -3.46731 30
    endloop
  endfacet
  facet normal -0 0 1
    outer loop
      vertex -4.35862 1.1191 30
      vertex -2.90575 0.746069 30
      vertex -4.18399 1.65656 30
    endloop
  endfacet
  facet normal 0 0 1
    outer loop
      vertex -2.42705 -1.76336 30
      vertex -3.64058 -2.64503 30
      vertex -3.28036 -3.08046 30
    endloop
  endfacet
  facet normal 0 0 1
    outer loop
      vertex -2.90575 0.746069 30
      vertex -4.35862 1.1191 30
      vertex -2.97634 0.375999 30
    endloop
  endfacet
  facet normal 0 0 1
    outer loop
      vertex -2.62892 -1.44526 30
      vertex -3.94338 -2.16789 30
      vertex -3.64058 -2.64503 30
    endloop
  endfacet
  facet normal -0 0 1
    outer loop
      vertex -4.46452 0.563999 30
      vertex -2.97634 0.375999 30
      vertex -4.35862 1.1191 30
    endloop
  endfacet
  facet normal 0 0 1
    outer loop
      vertex -2.78933 -1.10437 30
      vertex -4.18399 -1.65656 30
      vertex -3.94338 -2.16789 30
    endloop
  endfacet
  facet normal 0 0 1
    outer loop
      vertex -2.97634 0.375999 30
      vertex -4.46452 0.563999 30
      vertex -3 0 30
    endloop
  endfacet
  facet normal 0 0 1
    outer loop
      vertex -2.90575 -0.746069 30
      vertex -4.35862 -1.1191 30
      vertex -4.18399 -1.65656 30
    endloop
  endfacet
  facet normal 0 0 1
    outer loop
      vertex -4.5 0 30
      vertex -3 0 30
      vertex -4.46452 0.563999 30
    endloop
  endfacet
  facet normal 0 0 1
    outer loop
      vertex -2.97634 -0.375999 30
      vertex -4.46452 -0.563999 30
      vertex -4.35862 -1.1191 30
    endloop
  endfacet
  facet normal 0 0 1
    outer loop
      vertex -3 0 30
      vertex -4.5 0 30
      vertex -4.46452 -0.563999 30
    endloop
  endfacet
  facet normal 0.97743 0.186461 0.0993078
    outer loop
      vertex 7.30344 1.62748 0.061715
      vertex 7.09245 1.28538 2.7807
      vertex 7.36803 1.28902 0.061487
    endloop
  endfacet
  facet normal 0.977427 0.186476 0.0993094
    outer loop
      vertex 7.09245 1.28538 2.7807
      vertex 7.30344 1.62748 0.061715
      vertex 6.41713 1.27645 9.44413
    endloop
  endfacet
  facet normal 0.977446 0.186428 0.0992201
    outer loop
      vertex 7.30344 1.62748 0.061715
      vertex 7.26437 1.86517 0
      vertex 7.25793 1.86352 0.0665425
    endloop
  endfacet
  facet normal 0.977426 0.18646 0.0993546
    outer loop
      vertex 7.36803 1.28902 0.061487
      vertex 7.26437 1.86517 0
      vertex 7.30344 1.62748 0.061715
    endloop
  endfacet
  facet normal 0.977433 0.186474 0.0992585
    outer loop
      vertex 7.44086 0.939999 0
      vertex 7.36803 1.28902 0.061487
      vertex 7.43387 0.940405 0.0680702
    endloop
  endfacet
  facet normal 0.977428 0.186459 0.0993388
    outer loop
      vertex 7.36803 1.28902 0.061487
      vertex 7.44086 0.939999 0
      vertex 7.26437 1.86517 0
    endloop
  endfacet
  facet normal 0.977404 0.186558 0.0993885
    outer loop
      vertex 4.36622 1.12105 29.9216
      vertex 4.35862 1.1191 30
      vertex 4.36668 1.11864 29.9216
    endloop
  endfacet
  facet normal 0.766701 0.634281 0.0992853
    outer loop
      vertex 5.46278 5.128 0.0735651
      vertex 6.06763 4.40839 0
      vertex 5.46726 5.1341 0
    endloop
  endfacet
  facet normal 0.766698 0.634267 0.0993944
    outer loop
      vertex 6.06763 4.40839 0
      vertex 5.46278 5.128 0.0735651
      vertex 6.06238 4.40458 0.0648097
    endloop
  endfacet
  facet normal 0.766384 0.634662 0.0992954
    outer loop
      vertex 3.64541 2.65162 29.9206
      vertex 3.64058 2.64503 30
      vertex 3.647 2.6497 29.9206
    endloop
  endfacet
  facet normal 0.366298 -0.925174 0.0993926
    outer loop
      vertex 1.3951 -4.28605 29.9247
      vertex 1.91601 -4.07172 30
      vertex 1.39058 -4.27975 30
    endloop
  endfacet
  facet normal 0.366294 -0.925173 0.0994196
    outer loop
      vertex 1.91601 -4.07172 30
      vertex 1.3951 -4.28605 29.9247
      vertex 1.91918 -4.07846 29.9256
    endloop
  endfacet
  facet normal 0.361915 -0.926919 0.0991855
    outer loop
      vertex 3.19023 -6.77959 0.0731205
      vertex 3.18895 -6.78009 0.0731184
      vertex 3.19334 -6.7862 0
    endloop
  endfacet
  facet normal -0.479369 0.871978 0.099292
    outer loop
      vertex -3.19334 6.7862 0
      vertex -4.01533 6.32715 0.062896
      vertex -3.19144 6.77892 0.0731056
    endloop
  endfacet
  facet normal -0.479368 0.871978 0.0993016
    outer loop
      vertex -4.01533 6.32715 0.062896
      vertex -3.19334 6.7862 0
      vertex -4.0187 6.33246 0
    endloop
  endfacet
  facet normal -0.479232 0.872045 0.0993661
    outer loop
      vertex -2.41332 3.8075 29.9194
      vertex -2.41554 3.80628 29.9194
      vertex -2.41122 3.79947 30
    endloop
  endfacet
  facet normal -0.681175 -0.725368 0.0992103
    outer loop
      vertex -4.78068 -5.77885 0
      vertex -5.4619 -5.12907 0.073578
      vertex -5.46726 -5.1341 0
    endloop
  endfacet
  facet normal -0.68116 -0.725366 0.0993241
    outer loop
      vertex -5.4619 -5.12907 0.073578
      vertex -4.78068 -5.77885 0
      vertex -4.77715 -5.77249 0.0706558
    endloop
  endfacet
  facet normal -0.681848 -0.724731 0.09924
    outer loop
      vertex -3.28036 -3.08046 30
      vertex -3.28576 -3.08554 29.9258
      vertex -3.28407 -3.08713 29.9258
    endloop
  endfacet
  facet normal 0.366307 0.92518 0.0993038
    outer loop
      vertex 2.31763 7.13292 0
      vertex 3.18895 6.78009 0.0731184
      vertex 3.19334 6.7862 0
    endloop
  endfacet
  facet normal 0.36631 0.925182 0.0992741
    outer loop
      vertex 3.18895 6.78009 0.0731184
      vertex 2.31763 7.13292 0
      vertex 2.31541 7.12611 0.0716571
    endloop
  endfacet
  facet normal 0.365923 0.925323 0.0993826
    outer loop
      vertex 1.3929 4.28692 29.9247
      vertex 1.39058 4.27975 30
      vertex 1.3951 4.28605 29.9247
    endloop
  endfacet
  facet normal -0.124791 -0.9872 0.0993121
    outer loop
      vertex -1.29443 -7.12058 2.59039
      vertex -1.40536 -7.36715 0
      vertex -1.29577 -7.37475 0.0621583
    endloop
  endfacet
  facet normal -0.124558 -0.98723 0.099305
    outer loop
      vertex -1.40536 -7.36715 0
      vertex -1.29443 -7.12058 2.59039
      vertex -1.29423 -7.08251 2.96911
    endloop
  endfacet
  facet normal -0.124719 -0.987222 0.0991836
    outer loop
      vertex -0.470928 -7.4852 0
      vertex -1.29577 -7.37475 0.0621583
      vertex -1.40536 -7.36715 0
    endloop
  endfacet
  facet normal -0.124713 -0.987215 0.099259
    outer loop
      vertex -1.29577 -7.37475 0.0621583
      vertex -0.470928 -7.4852 0
      vertex -0.470473 -7.47797 0.0724802
    endloop
  endfacet
  facet normal -0.12699 -0.986915 0.0993558
    outer loop
      vertex -0.282557 -4.49112 30
      vertex -0.285358 -4.4983 29.9251
      vertex -0.283026 -4.49859 29.9252
    endloop
  endfacet
  facet normal -0.68116 0.725366 0.0993241
    outer loop
      vertex -4.78068 5.77885 0
      vertex -5.4619 5.12907 0.073578
      vertex -4.77715 5.77249 0.0706558
    endloop
  endfacet
  facet normal -0.681175 0.725368 0.0992103
    outer loop
      vertex -5.4619 5.12907 0.073578
      vertex -4.78068 5.77885 0
      vertex -5.46726 5.1341 0
    endloop
  endfacet
  facet normal -0.681848 0.724731 0.09924
    outer loop
      vertex -3.28407 3.08713 29.9258
      vertex -3.28576 3.08554 29.9258
      vertex -3.28036 3.08046 30
    endloop
  endfacet
  facet normal -0.84014 0.533182 0.0994012
    outer loop
      vertex -6.06763 4.40839 0
      vertex -6.13003 4.29849 0.0620915
      vertex -6.06238 4.40458 0.0648097
    endloop
  endfacet
  facet normal -0.840159 0.533171 0.099309
    outer loop
      vertex -6.13003 4.29849 0.0620915
      vertex -6.31348 4.00954 0.0614121
      vertex -5.93823 4.11351 2.67785
    endloop
  endfacet
  facet normal -0.840154 0.533168 0.0993614
    outer loop
      vertex -6.06763 4.40839 0
      vertex -6.31348 4.00954 0.0614121
      vertex -6.13003 4.29849 0.0620915
    endloop
  endfacet
  facet normal -0.840149 0.53317 0.0993968
    outer loop
      vertex -6.5723 3.61315 0
      vertex -6.31348 4.00954 0.0614121
      vertex -6.06763 4.40839 0
    endloop
  endfacet
  facet normal -0.84015 0.533178 0.0993487
    outer loop
      vertex -6.31348 4.00954 0.0614121
      vertex -6.5723 3.61315 0
      vertex -6.56551 3.61091 0.0694416
    endloop
  endfacet
  facet normal -0.840156 0.533175 0.0993085
    outer loop
      vertex -6.06034 3.90141 2.78353
      vertex -5.93823 4.11351 2.67785
      vertex -6.31348 4.00954 0.0614121
    endloop
  endfacet
  facet normal -0.840156 0.533175 0.0993092
    outer loop
      vertex -5.93823 4.11351 2.67785
      vertex -6.06034 3.90141 2.78353
      vertex -5.44638 3.63916 9.38561
    endloop
  endfacet
  facet normal -0.840972 0.531892 0.0992818
    outer loop
      vertex -3.647 2.6497 29.9206
      vertex -3.64834 2.6476 29.9205
      vertex -3.64058 2.64503 30
    endloop
  endfacet
  facet normal -0.24746 0.963789 0.0993748
    outer loop
      vertex -0.879113 4.4196 29.9173
      vertex -1.39058 4.27975 30
      vertex -0.843215 4.42029 30
    endloop
  endfacet
  facet normal -0.247178 0.963874 0.0992517
    outer loop
      vertex -0.879113 4.4196 29.9173
      vertex -0.843215 4.42029 30
      vertex -0.844749 4.42833 29.9181
    endloop
  endfacet
  facet normal -0.247475 0.963793 0.0992899
    outer loop
      vertex -1.39058 4.27975 30
      vertex -0.879113 4.4196 29.9173
      vertex -1.39061 4.28751 29.9246
    endloop
  endfacet
  facet normal -0.247506 0.963783 0.0993105
    outer loop
      vertex -1.29263 6.77621 6.01603
      vertex -1.4024 6.74984 5.99837
      vertex -1.28522 6.46124 9.0912
    endloop
  endfacet
  facet normal -0.247506 0.963784 0.0993079
    outer loop
      vertex -1.4024 6.74984 5.99837
      vertex -1.29263 6.77621 6.01603
      vertex -1.40536 7.36715 0
    endloop
  endfacet
  facet normal -0.48296 0.870006 0.099189
    outer loop
      vertex -3.19023 6.77959 0.0731205
      vertex -3.19334 6.7862 0
      vertex -3.19144 6.77892 0.0731056
    endloop
  endfacet
  facet normal -0.479375 0.871961 0.0994171
    outer loop
      vertex -1.91918 4.07846 29.9256
      vertex -2.41122 3.79947 30
      vertex -1.91601 4.07172 30
    endloop
  endfacet
  facet normal -0.479384 0.871962 0.0993618
    outer loop
      vertex -2.41122 3.79947 30
      vertex -1.91918 4.07846 29.9256
      vertex -2.41332 3.8075 29.9194
    endloop
  endfacet
  facet normal 0.900357 0.423671 0.0992976
    outer loop
      vertex 6.56677 3.60862 0.06947
      vertex 6.97332 2.76093 0
      vertex 6.5723 3.61315 0
    endloop
  endfacet
  facet normal 0.900364 0.423684 0.0991799
    outer loop
      vertex 6.97332 2.76093 0
      vertex 6.56677 3.60862 0.06947
      vertex 6.96646 2.75822 0.0738525
    endloop
  endfacet
  facet normal 0.902467 0.419155 0.0993118
    outer loop
      vertex 4.18989 1.66139 29.926
      vertex 4.18399 1.65656 30
      vertex 4.19087 1.65928 29.926
    endloop
  endfacet
  facet normal 0.900345 -0.423664 0.0994369
    outer loop
      vertex 3.94338 -2.16789 30
      vertex 4.18989 -1.66139 29.926
      vertex 4.18399 -1.65656 30
    endloop
  endfacet
  facet normal 0.900346 -0.423671 0.0993952
    outer loop
      vertex 4.18989 -1.66139 29.926
      vertex 3.94338 -2.16789 30
      vertex 3.9501 -2.17158 29.9234
    endloop
  endfacet
  facet normal 0.90015 -0.424109 0.0993096
    outer loop
      vertex 6.56677 -3.60862 0.06947
      vertex 6.56621 -3.60981 0.0694639
      vertex 6.5723 -3.61315 0
    endloop
  endfacet
  facet normal -0.993087 0.06248 0.0993679
    outer loop
      vertex -7.5 0 0
      vertex -7.43418 0.937865 0.068102
      vertex -7.44086 0.939999 0
    endloop
  endfacet
  facet normal -0.993099 0.0624897 0.0992455
    outer loop
      vertex -7.43418 0.937865 0.068102
      vertex -7.5 0 0
      vertex -7.49261 6.06324e-06 0.0739441
    endloop
  endfacet
  facet normal -0.995043 0 0.099445
    outer loop
      vertex -7.49261 6.06324e-06 0.0739441
      vertex -7.5 0 0
      vertex -7.49261 0 0.0739441
    endloop
  endfacet
  facet normal -0.99298 0.0642736 0.099298
    outer loop
      vertex -4.50725 0.00231739 29.926
      vertex -4.50739 0 29.9261
      vertex -4.5 0 30
    endloop
  endfacet
  facet normal -0.900364 -0.423684 0.0991799
    outer loop
      vertex -6.97332 -2.76093 0
      vertex -6.56677 -3.60862 0.06947
      vertex -6.96646 -2.75822 0.0738525
    endloop
  endfacet
  facet normal -0.900357 -0.423671 0.0992976
    outer loop
      vertex -6.56677 -3.60862 0.06947
      vertex -6.97332 -2.76093 0
      vertex -6.5723 -3.61315 0
    endloop
  endfacet
  facet normal -0.902467 -0.419155 0.0993118
    outer loop
      vertex -4.18399 -1.65656 30
      vertex -4.19087 -1.65928 29.926
      vertex -4.18989 -1.66139 29.926
    endloop
  endfacet
  facet normal 0.584879 0.805017 0.099319
    outer loop
      vertex 4.7751 5.77419 0.070631
      vertex 4.78068 5.77885 0
      vertex 4.29851 6.12158 0.0614953
    endloop
  endfacet
  facet normal 0.58488 0.805018 0.0993087
    outer loop
      vertex 4.10816 5.92781 2.75328
      vertex 3.92202 6.0846 2.57858
      vertex 3.64747 5.45882 9.26825
    endloop
  endfacet
  facet normal 0.584879 0.805018 0.0993096
    outer loop
      vertex 4.29851 6.12158 0.0614953
      vertex 3.92202 6.0846 2.57858
      vertex 4.10816 5.92781 2.75328
    endloop
  endfacet
  facet normal 0.584888 0.805011 0.0993109
    outer loop
      vertex 3.92202 6.0846 2.57858
      vertex 4.29851 6.12158 0.0614953
      vertex 4.02528 6.31996 0.0626122
    endloop
  endfacet
  facet normal 0.584879 0.805018 0.0993122
    outer loop
      vertex 4.0187 6.33246 0
      vertex 4.29851 6.12158 0.0614953
      vertex 4.78068 5.77885 0
    endloop
  endfacet
  facet normal 0.584892 0.805016 0.0992477
    outer loop
      vertex 4.29851 6.12158 0.0614953
      vertex 4.0187 6.33246 0
      vertex 4.02528 6.31996 0.0626122
    endloop
  endfacet
  facet normal 0.584663 0.805176 0.0993036
    outer loop
      vertex 4.02528 6.31996 0.0626122
      vertex 4.0187 6.33246 0
      vertex 4.01533 6.32715 0.062896
    endloop
  endfacet
  facet normal 0.585631 0.804465 0.099359
    outer loop
      vertex 2.41554 3.80628 29.9194
      vertex 2.41122 3.79947 30
      vertex 2.41759 3.8048 29.9193
    endloop
  endfacet
  facet normal -0.900357 0.423671 0.0992976
    outer loop
      vertex -6.97332 2.76093 0
      vertex -6.56677 3.60862 0.06947
      vertex -6.5723 3.61315 0
    endloop
  endfacet
  facet normal -0.900364 0.423684 0.0991799
    outer loop
      vertex -6.56677 3.60862 0.06947
      vertex -6.97332 2.76093 0
      vertex -6.96646 2.75822 0.0738525
    endloop
  endfacet
  facet normal -0.902467 0.419155 0.0993118
    outer loop
      vertex -4.18989 1.66139 29.926
      vertex -4.19087 1.65928 29.926
      vertex -4.18399 1.65656 30
    endloop
  endfacet
  facet normal -0.90015 0.424109 0.0993096
    outer loop
      vertex -6.56621 3.60981 0.0694639
      vertex -6.5723 3.61315 0
      vertex -6.56677 3.60862 0.06947
    endloop
  endfacet
  facet normal -0.900346 0.423671 0.0993952
    outer loop
      vertex -4.18989 1.66139 29.926
      vertex -3.94338 2.16789 30
      vertex -3.9501 2.17158 29.9234
    endloop
  endfacet
  facet normal -0.900345 0.423664 0.0994369
    outer loop
      vertex -3.94338 2.16789 30
      vertex -4.18989 1.66139 29.926
      vertex -4.18399 1.65656 30
    endloop
  endfacet
  facet normal 0.769124 0.631355 0.0991903
    outer loop
      vertex 5.46726 5.1341 0
      vertex 5.4619 5.12907 0.073578
      vertex 5.46278 5.128 0.0735651
    endloop
  endfacet
  facet normal 0.766705 0.634286 0.0992234
    outer loop
      vertex 3.28036 3.08046 30
      vertex 3.64541 2.65162 29.9206
      vertex 3.28576 3.08554 29.9258
    endloop
  endfacet
  facet normal 0.766705 0.634276 0.0992829
    outer loop
      vertex 3.64541 2.65162 29.9206
      vertex 3.28036 3.08046 30
      vertex 3.64058 2.64503 30
    endloop
  endfacet
  facet normal 0.995043 -0 0.099445
    outer loop
      vertex 7.49261 -6.06324e-06 0.0739441
      vertex 7.5 0 0
      vertex 7.49261 0 0.0739441
    endloop
  endfacet
  facet normal 0.993099 -0.0624897 0.0992455
    outer loop
      vertex 7.43418 -0.937865 0.068102
      vertex 7.5 0 0
      vertex 7.49261 -6.06324e-06 0.0739441
    endloop
  endfacet
  facet normal 0.993087 -0.06248 0.0993679
    outer loop
      vertex 7.5 0 0
      vertex 7.43418 -0.937865 0.068102
      vertex 7.44086 -0.939999 0
    endloop
  endfacet
  facet normal 0.99298 -0.0642736 0.099298
    outer loop
      vertex 4.50739 0 29.9261
      vertex 4.5 0 30
      vertex 4.50725 -0.00231739 29.926
    endloop
  endfacet
  facet normal -0.946363 0.307492 0.0992309
    outer loop
      vertex -7.26437 1.86517 0
      vertex -6.96689 2.75689 0.0738417
      vertex -6.97332 2.76093 0
    endloop
  endfacet
  facet normal -0.946364 0.307494 0.099214
    outer loop
      vertex -6.96689 2.75689 0.0738417
      vertex -7.26437 1.86517 0
      vertex -7.25793 1.86352 0.0665425
    endloop
  endfacet
  facet normal -0.945193 0.311025 0.0993618
    outer loop
      vertex -4.36545 1.12339 29.9216
      vertex -4.36622 1.12105 29.9216
      vertex -4.35862 1.1191 30
    endloop
  endfacet
  facet normal 0.247462 0.9638 0.0992622
    outer loop
      vertex 2.31541 7.12611 0.0716571
      vertex 2.31763 7.13292 0
      vertex 1.62733 7.3038 0.061742
    endloop
  endfacet
  facet normal 0.247444 0.963799 0.0993095
    outer loop
      vertex 1.62733 7.3038 0.061742
      vertex 1.40536 7.36715 0
      vertex 1.4024 6.74984 5.99837
    endloop
  endfacet
  facet normal 0.247461 0.963801 0.0992503
    outer loop
      vertex 1.40536 7.36715 0
      vertex 1.62733 7.3038 0.061742
      vertex 2.31763 7.13292 0
    endloop
  endfacet
  facet normal 0.244188 0.964623 0.099374
    outer loop
      vertex 1.39061 4.28751 29.9246
      vertex 1.39058 4.27975 30
      vertex 1.3929 4.28692 29.9247
    endloop
  endfacet
  facet normal -0.993074 0.0626882 0.0993731
    outer loop
      vertex -7.4341 0.939145 0.068094
      vertex -7.44086 0.939999 0
      vertex -7.43418 0.937865 0.068102
    endloop
  endfacet
  facet normal -0.993104 0.0624817 0.0991963
    outer loop
      vertex -4.50725 0.00231739 29.926
      vertex -4.46452 0.563999 30
      vertex -4.4722 0.56497 29.9225
    endloop
  endfacet
  facet normal -0.993099 0.0624738 0.0992533
    outer loop
      vertex -4.46452 0.563999 30
      vertex -4.50725 0.00231739 29.926
      vertex -4.5 0 30
    endloop
  endfacet
  facet normal 0.840158 0.533184 0.0992441
    outer loop
      vertex 3.64058 2.64503 30
      vertex 3.74218 2.50044 29.9167
      vertex 3.64834 2.6476 29.9205
    endloop
  endfacet
  facet normal 0.84016 0.533178 0.0992567
    outer loop
      vertex 3.94338 2.16789 30
      vertex 3.74218 2.50044 29.9167
      vertex 3.64058 2.64503 30
    endloop
  endfacet
  facet normal 0.840134 0.533195 0.0993889
    outer loop
      vertex 3.74218 2.50044 29.9167
      vertex 3.94338 2.16789 30
      vertex 3.9501 2.17158 29.9234
    endloop
  endfacet
  facet normal 0.838581 0.535655 0.0992753
    outer loop
      vertex 6.5723 3.61315 0
      vertex 6.56551 3.61091 0.0694416
      vertex 6.56621 3.60981 0.0694639
    endloop
  endfacet
  facet normal 0.97743 -0.186461 0.0993078
    outer loop
      vertex 7.09245 -1.28538 2.7807
      vertex 7.30344 -1.62748 0.061715
      vertex 7.36803 -1.28902 0.061487
    endloop
  endfacet
  facet normal 0.977427 -0.186476 0.0993094
    outer loop
      vertex 7.30344 -1.62748 0.061715
      vertex 7.09245 -1.28538 2.7807
      vertex 6.41713 -1.27645 9.44413
    endloop
  endfacet
  facet normal 0.977433 -0.186474 0.0992585
    outer loop
      vertex 7.36803 -1.28902 0.061487
      vertex 7.44086 -0.939999 0
      vertex 7.43387 -0.940405 0.0680702
    endloop
  endfacet
  facet normal 0.977426 -0.18646 0.0993546
    outer loop
      vertex 7.26437 -1.86517 0
      vertex 7.36803 -1.28902 0.061487
      vertex 7.30344 -1.62748 0.061715
    endloop
  endfacet
  facet normal 0.977446 -0.186428 0.0992201
    outer loop
      vertex 7.26437 -1.86517 0
      vertex 7.30344 -1.62748 0.061715
      vertex 7.25793 -1.86352 0.0665425
    endloop
  endfacet
  facet normal 0.977428 -0.186459 0.0993388
    outer loop
      vertex 7.36803 -1.28902 0.061487
      vertex 7.26437 -1.86517 0
      vertex 7.44086 -0.939999 0
    endloop
  endfacet
  facet normal 0.977404 -0.186558 0.0993885
    outer loop
      vertex 4.36668 -1.11864 29.9216
      vertex 4.35862 -1.1191 30
      vertex 4.36622 -1.12105 29.9216
    endloop
  endfacet
  facet normal -0.584879 -0.805017 0.099319
    outer loop
      vertex -4.7751 -5.77419 0.070631
      vertex -4.78068 -5.77885 0
      vertex -4.29851 -6.12158 0.0614953
    endloop
  endfacet
  facet normal -0.58488 -0.805018 0.0993087
    outer loop
      vertex -4.10816 -5.92781 2.75328
      vertex -3.92202 -6.0846 2.57858
      vertex -3.64747 -5.45882 9.26825
    endloop
  endfacet
  facet normal -0.584879 -0.805018 0.0993096
    outer loop
      vertex -4.29851 -6.12158 0.0614953
      vertex -3.92202 -6.0846 2.57858
      vertex -4.10816 -5.92781 2.75328
    endloop
  endfacet
  facet normal -0.584888 -0.805011 0.0993109
    outer loop
      vertex -3.92202 -6.0846 2.57858
      vertex -4.29851 -6.12158 0.0614953
      vertex -4.02528 -6.31996 0.0626122
    endloop
  endfacet
  facet normal -0.584879 -0.805018 0.0993122
    outer loop
      vertex -4.0187 -6.33246 0
      vertex -4.29851 -6.12158 0.0614953
      vertex -4.78068 -5.77885 0
    endloop
  endfacet
  facet normal -0.584892 -0.805016 0.0992477
    outer loop
      vertex -4.29851 -6.12158 0.0614953
      vertex -4.0187 -6.33246 0
      vertex -4.02528 -6.31996 0.0626122
    endloop
  endfacet
  facet normal -0.584663 -0.805176 0.0993036
    outer loop
      vertex -4.02528 -6.31996 0.0626122
      vertex -4.0187 -6.33246 0
      vertex -4.01533 -6.32715 0.062896
    endloop
  endfacet
  facet normal -0.585631 -0.804465 0.099359
    outer loop
      vertex -2.41122 -3.79947 30
      vertex -2.41759 -3.8048 29.9193
      vertex -2.41554 -3.80628 29.9194
    endloop
  endfacet
  facet normal 0.840134 -0.533195 0.0993889
    outer loop
      vertex 3.94338 -2.16789 30
      vertex 3.74218 -2.50044 29.9167
      vertex 3.9501 -2.17158 29.9234
    endloop
  endfacet
  facet normal 0.84016 -0.533178 0.0992567
    outer loop
      vertex 3.64058 -2.64503 30
      vertex 3.74218 -2.50044 29.9167
      vertex 3.94338 -2.16789 30
    endloop
  endfacet
  facet normal 0.840158 -0.533184 0.0992441
    outer loop
      vertex 3.74218 -2.50044 29.9167
      vertex 3.64058 -2.64503 30
      vertex 3.64834 -2.6476 29.9205
    endloop
  endfacet
  facet normal 0.838581 -0.535655 0.0992753
    outer loop
      vertex 6.56621 -3.60981 0.0694639
      vertex 6.56551 -3.61091 0.0694416
      vertex 6.5723 -3.61315 0
    endloop
  endfacet
  facet normal 0.24746 -0.963789 0.0993748
    outer loop
      vertex 0.879113 -4.4196 29.9173
      vertex 1.39058 -4.27975 30
      vertex 0.843215 -4.42029 30
    endloop
  endfacet
  facet normal 0.247178 -0.963874 0.0992517
    outer loop
      vertex 0.879113 -4.4196 29.9173
      vertex 0.843215 -4.42029 30
      vertex 0.844749 -4.42833 29.9181
    endloop
  endfacet
  facet normal 0.247475 -0.963793 0.0992899
    outer loop
      vertex 1.39058 -4.27975 30
      vertex 0.879113 -4.4196 29.9173
      vertex 1.39061 -4.28751 29.9246
    endloop
  endfacet
  facet normal 0.247506 -0.963783 0.0993105
    outer loop
      vertex 1.29263 -6.77621 6.01603
      vertex 1.4024 -6.74984 5.99837
      vertex 1.28522 -6.46124 9.0912
    endloop
  endfacet
  facet normal 0.247506 -0.963784 0.0993079
    outer loop
      vertex 1.4024 -6.74984 5.99837
      vertex 1.29263 -6.77621 6.01603
      vertex 1.40536 -7.36715 0
    endloop
  endfacet
  facet normal -0.995043 0 0.099445
    outer loop
      vertex -7.5 0 0
      vertex -7.49261 -6.06324e-06 0.0739441
      vertex -7.49261 0 0.0739441
    endloop
  endfacet
  facet normal -0.993099 -0.0624897 0.0992455
    outer loop
      vertex -7.5 0 0
      vertex -7.43418 -0.937865 0.068102
      vertex -7.49261 -6.06324e-06 0.0739441
    endloop
  endfacet
  facet normal -0.993087 -0.06248 0.0993679
    outer loop
      vertex -7.43418 -0.937865 0.068102
      vertex -7.5 0 0
      vertex -7.44086 -0.939999 0
    endloop
  endfacet
  facet normal -0.99298 -0.0642736 0.099298
    outer loop
      vertex -4.5 0 30
      vertex -4.50739 0 29.9261
      vertex -4.50725 -0.00231739 29.926
    endloop
  endfacet
  facet normal 0 0.995062 0.0992588
    outer loop
      vertex 0.470928 7.4852 0
      vertex -0.470473 7.47797 0.0724802
      vertex 0.470473 7.47797 0.0724802
    endloop
  endfacet
  facet normal 0 0.995062 0.0992588
    outer loop
      vertex -0.470473 7.47797 0.0724802
      vertex 0.470928 7.4852 0
      vertex -0.470928 7.4852 0
    endloop
  endfacet
  facet normal 0 0.99505 0.099372
    outer loop
      vertex 0.283026 4.49859 29.9252
      vertex -0.282557 4.49112 30
      vertex 0.282557 4.49112 30
    endloop
  endfacet
  facet normal 0 0.99505 0.099372
    outer loop
      vertex -0.282557 4.49112 30
      vertex 0.283026 4.49859 29.9252
      vertex -0.283026 4.49859 29.9252
    endloop
  endfacet
  facet normal -0.947051 0.305384 0.0991755
    outer loop
      vertex -6.96646 2.75822 0.0738525
      vertex -6.97332 2.76093 0
      vertex -6.96689 2.75689 0.0738417
    endloop
  endfacet
  facet normal -0.946359 0.307486 0.0992879
    outer loop
      vertex -4.36545 1.12339 29.9216
      vertex -4.18399 1.65656 30
      vertex -4.19087 1.65928 29.926
    endloop
  endfacet
  facet normal -0.94636 0.307488 0.0992699
    outer loop
      vertex -4.18399 1.65656 30
      vertex -4.36545 1.12339 29.9216
      vertex -4.35862 1.1191 30
    endloop
  endfacet
  facet normal -0.479375 -0.871961 0.0994171
    outer loop
      vertex -2.41122 -3.79947 30
      vertex -1.91918 -4.07846 29.9256
      vertex -1.91601 -4.07172 30
    endloop
  endfacet
  facet normal -0.479384 -0.871962 0.0993618
    outer loop
      vertex -1.91918 -4.07846 29.9256
      vertex -2.41122 -3.79947 30
      vertex -2.41332 -3.8075 29.9194
    endloop
  endfacet
  facet normal -0.48296 -0.870006 0.099189
    outer loop
      vertex -3.19144 -6.77892 0.0731056
      vertex -3.19334 -6.7862 0
      vertex -3.19023 -6.77959 0.0731205
    endloop
  endfacet
  facet normal -0.766698 -0.634267 0.0993944
    outer loop
      vertex -6.06763 -4.40839 0
      vertex -5.46278 -5.128 0.0735651
      vertex -6.06238 -4.40458 0.0648097
    endloop
  endfacet
  facet normal -0.766701 -0.634281 0.0992853
    outer loop
      vertex -5.46278 -5.128 0.0735651
      vertex -6.06763 -4.40839 0
      vertex -5.46726 -5.1341 0
    endloop
  endfacet
  facet normal -0.766384 -0.634662 0.0992954
    outer loop
      vertex -3.64058 -2.64503 30
      vertex -3.647 -2.6497 29.9206
      vertex -3.64541 -2.65162 29.9206
    endloop
  endfacet
  facet normal 0.479369 -0.871978 0.099292
    outer loop
      vertex 3.19334 -6.7862 0
      vertex 4.01533 -6.32715 0.062896
      vertex 3.19144 -6.77892 0.0731056
    endloop
  endfacet
  facet normal 0.479368 -0.871978 0.0993016
    outer loop
      vertex 4.01533 -6.32715 0.062896
      vertex 3.19334 -6.7862 0
      vertex 4.0187 -6.33246 0
    endloop
  endfacet
  facet normal 0.479232 -0.872045 0.0993661
    outer loop
      vertex 2.41554 -3.80628 29.9194
      vertex 2.41122 -3.79947 30
      vertex 2.41332 -3.8075 29.9194
    endloop
  endfacet
  facet normal -0.947051 -0.305384 0.0991755
    outer loop
      vertex -6.96689 -2.75689 0.0738417
      vertex -6.97332 -2.76093 0
      vertex -6.96646 -2.75822 0.0738525
    endloop
  endfacet
  facet normal -0.94636 -0.307488 0.0992699
    outer loop
      vertex -4.36545 -1.12339 29.9216
      vertex -4.18399 -1.65656 30
      vertex -4.35862 -1.1191 30
    endloop
  endfacet
  facet normal -0.946359 -0.307486 0.0992879
    outer loop
      vertex -4.18399 -1.65656 30
      vertex -4.36545 -1.12339 29.9216
      vertex -4.19087 -1.65928 29.926
    endloop
  endfacet
  facet normal 0.900364 -0.423684 0.0991799
    outer loop
      vertex 6.56677 -3.60862 0.06947
      vertex 6.97332 -2.76093 0
      vertex 6.96646 -2.75822 0.0738525
    endloop
  endfacet
  facet normal 0.900357 -0.423671 0.0992976
    outer loop
      vertex 6.97332 -2.76093 0
      vertex 6.56677 -3.60862 0.06947
      vertex 6.5723 -3.61315 0
    endloop
  endfacet
  facet normal 0.902467 -0.419155 0.0993118
    outer loop
      vertex 4.19087 -1.65928 29.926
      vertex 4.18399 -1.65656 30
      vertex 4.18989 -1.66139 29.926
    endloop
  endfacet
  facet normal -0.977404 -0.186558 0.0993885
    outer loop
      vertex -4.35862 -1.1191 30
      vertex -4.36668 -1.11864 29.9216
      vertex -4.36622 -1.12105 29.9216
    endloop
  endfacet
  facet normal -0.977433 -0.186474 0.0992585
    outer loop
      vertex -7.44086 -0.939999 0
      vertex -7.36803 -1.28902 0.061487
      vertex -7.43387 -0.940405 0.0680702
    endloop
  endfacet
  facet normal -0.977428 -0.186459 0.0993388
    outer loop
      vertex -7.26437 -1.86517 0
      vertex -7.36803 -1.28902 0.061487
      vertex -7.44086 -0.939999 0
    endloop
  endfacet
  facet normal -0.977426 -0.18646 0.0993546
    outer loop
      vertex -7.36803 -1.28902 0.061487
      vertex -7.26437 -1.86517 0
      vertex -7.30344 -1.62748 0.061715
    endloop
  endfacet
  facet normal -0.977446 -0.186428 0.0992201
    outer loop
      vertex -7.30344 -1.62748 0.061715
      vertex -7.26437 -1.86517 0
      vertex -7.25793 -1.86352 0.0665425
    endloop
  endfacet
  facet normal -0.977427 -0.186476 0.0993094
    outer loop
      vertex -7.09245 -1.28538 2.7807
      vertex -7.30344 -1.62748 0.061715
      vertex -6.41713 -1.27645 9.44413
    endloop
  endfacet
  facet normal -0.97743 -0.186461 0.0993078
    outer loop
      vertex -7.30344 -1.62748 0.061715
      vertex -7.09245 -1.28538 2.7807
      vertex -7.36803 -1.28902 0.061487
    endloop
  endfacet
  facet normal -0.766701 0.634281 0.0992853
    outer loop
      vertex -6.06763 4.40839 0
      vertex -5.46278 5.128 0.0735651
      vertex -5.46726 5.1341 0
    endloop
  endfacet
  facet normal -0.766698 0.634267 0.0993944
    outer loop
      vertex -5.46278 5.128 0.0735651
      vertex -6.06763 4.40839 0
      vertex -6.06238 4.40458 0.0648097
    endloop
  endfacet
  facet normal -0.766384 0.634662 0.0992954
    outer loop
      vertex -3.64541 2.65162 29.9206
      vertex -3.647 2.6497 29.9206
      vertex -3.64058 2.64503 30
    endloop
  endfacet
  facet normal -0.581358 -0.807577 0.0992098
    outer loop
      vertex -4.77618 -5.77341 0.0706516
      vertex -4.78068 -5.77885 0
      vertex -4.7751 -5.77419 0.070631
    endloop
  endfacet
  facet normal -0.584885 -0.80501 0.0993432
    outer loop
      vertex -2.50167 -3.74401 29.917
      vertex -2.86841 -3.46731 30
      vertex -2.87325 -3.47316 29.9241
    endloop
  endfacet
  facet normal -0.584862 -0.805013 0.0994549
    outer loop
      vertex -2.86841 -3.46731 30
      vertex -2.50167 -3.74401 29.917
      vertex -2.41122 -3.79947 30
    endloop
  endfacet
  facet normal -0.584791 -0.805079 0.0993332
    outer loop
      vertex -2.41122 -3.79947 30
      vertex -2.50167 -3.74401 29.917
      vertex -2.41759 -3.8048 29.9193
    endloop
  endfacet
  facet normal 0.840972 0.531892 0.0992818
    outer loop
      vertex 3.647 2.6497 29.9206
      vertex 3.64058 2.64503 30
      vertex 3.64834 2.6476 29.9205
    endloop
  endfacet
  facet normal 0.840156 0.533175 0.0993085
    outer loop
      vertex 5.93823 4.11351 2.67785
      vertex 6.06034 3.90141 2.78353
      vertex 6.31348 4.00954 0.0614121
    endloop
  endfacet
  facet normal 0.840156 0.533175 0.0993092
    outer loop
      vertex 6.06034 3.90141 2.78353
      vertex 5.93823 4.11351 2.67785
      vertex 5.44638 3.63916 9.38561
    endloop
  endfacet
  facet normal 0.84014 0.533182 0.0994012
    outer loop
      vertex 6.13003 4.29849 0.0620915
      vertex 6.06763 4.40839 0
      vertex 6.06238 4.40458 0.0648097
    endloop
  endfacet
  facet normal 0.840159 0.533171 0.099309
    outer loop
      vertex 6.31348 4.00954 0.0614121
      vertex 6.13003 4.29849 0.0620915
      vertex 5.93823 4.11351 2.67785
    endloop
  endfacet
  facet normal 0.840154 0.533168 0.0993614
    outer loop
      vertex 6.31348 4.00954 0.0614121
      vertex 6.06763 4.40839 0
      vertex 6.13003 4.29849 0.0620915
    endloop
  endfacet
  facet normal 0.840149 0.53317 0.0993968
    outer loop
      vertex 6.31348 4.00954 0.0614121
      vertex 6.5723 3.61315 0
      vertex 6.06763 4.40839 0
    endloop
  endfacet
  facet normal 0.84015 0.533178 0.0993487
    outer loop
      vertex 6.5723 3.61315 0
      vertex 6.31348 4.00954 0.0614121
      vertex 6.56551 3.61091 0.0694416
    endloop
  endfacet
  facet normal -0.361915 0.926919 0.0991855
    outer loop
      vertex -3.18895 6.78009 0.0731184
      vertex -3.19334 6.7862 0
      vertex -3.19023 6.77959 0.0731205
    endloop
  endfacet
  facet normal -0.366298 0.925174 0.0993926
    outer loop
      vertex -1.3951 4.28605 29.9247
      vertex -1.91601 4.07172 30
      vertex -1.39058 4.27975 30
    endloop
  endfacet
  facet normal -0.366294 0.925173 0.0994196
    outer loop
      vertex -1.91601 4.07172 30
      vertex -1.3951 4.28605 29.9247
      vertex -1.91918 4.07846 29.9256
    endloop
  endfacet
  facet normal 0.366294 0.925173 0.0994196
    outer loop
      vertex 1.3951 4.28605 29.9247
      vertex 1.91601 4.07172 30
      vertex 1.91918 4.07846 29.9256
    endloop
  endfacet
  facet normal 0.366298 0.925174 0.0993926
    outer loop
      vertex 1.91601 4.07172 30
      vertex 1.3951 4.28605 29.9247
      vertex 1.39058 4.27975 30
    endloop
  endfacet
  facet normal 0.361915 0.926919 0.0991855
    outer loop
      vertex 3.19334 6.7862 0
      vertex 3.18895 6.78009 0.0731184
      vertex 3.19023 6.77959 0.0731205
    endloop
  endfacet
  facet normal 0.365923 -0.925323 0.0993826
    outer loop
      vertex 1.3951 -4.28605 29.9247
      vertex 1.39058 -4.27975 30
      vertex 1.3929 -4.28692 29.9247
    endloop
  endfacet
  facet normal 0.36631 -0.925182 0.0992741
    outer loop
      vertex 2.31763 -7.13292 0
      vertex 3.18895 -6.78009 0.0731184
      vertex 2.31541 -7.12611 0.0716571
    endloop
  endfacet
  facet normal 0.366307 -0.92518 0.0993038
    outer loop
      vertex 3.18895 -6.78009 0.0731184
      vertex 2.31763 -7.13292 0
      vertex 3.19334 -6.7862 0
    endloop
  endfacet
  facet normal 0.684538 0.722195 0.0992074
    outer loop
      vertex 4.78068 5.77885 0
      vertex 4.77618 5.77341 0.0706516
      vertex 4.77715 5.77249 0.0706558
    endloop
  endfacet
  facet normal 0.681213 0.725325 0.0992617
    outer loop
      vertex 3.18254 3.18254 29.9254
      vertex 3.28036 3.08046 30
      vertex 3.28407 3.08713 29.9258
    endloop
  endfacet
  facet normal 0.681162 0.725358 0.0993735
    outer loop
      vertex 3.28036 3.08046 30
      vertex 3.18254 3.18254 29.9254
      vertex 2.86841 3.46731 30
    endloop
  endfacet
  facet normal 0.68116 0.725363 0.0993437
    outer loop
      vertex 2.86841 3.46731 30
      vertex 3.18254 3.18254 29.9254
      vertex 2.87325 3.47316 29.9241
    endloop
  endfacet
  facet normal -0.479368 -0.871978 0.0993016
    outer loop
      vertex -3.19334 -6.7862 0
      vertex -4.01533 -6.32715 0.062896
      vertex -4.0187 -6.33246 0
    endloop
  endfacet
  facet normal -0.479369 -0.871978 0.099292
    outer loop
      vertex -4.01533 -6.32715 0.062896
      vertex -3.19334 -6.7862 0
      vertex -3.19144 -6.77892 0.0731056
    endloop
  endfacet
  facet normal -0.479232 -0.872045 0.0993661
    outer loop
      vertex -2.41122 -3.79947 30
      vertex -2.41554 -3.80628 29.9194
      vertex -2.41332 -3.8075 29.9194
    endloop
  endfacet
  facet normal 0.90015 0.424109 0.0993096
    outer loop
      vertex 6.5723 3.61315 0
      vertex 6.56621 3.60981 0.0694639
      vertex 6.56677 3.60862 0.06947
    endloop
  endfacet
  facet normal 0.900346 0.423671 0.0993952
    outer loop
      vertex 3.94338 2.16789 30
      vertex 4.18989 1.66139 29.926
      vertex 3.9501 2.17158 29.9234
    endloop
  endfacet
  facet normal 0.900345 0.423664 0.0994369
    outer loop
      vertex 4.18989 1.66139 29.926
      vertex 3.94338 2.16789 30
      vertex 4.18399 1.65656 30
    endloop
  endfacet
  facet normal 0.479375 0.871961 0.0994171
    outer loop
      vertex 2.41122 3.79947 30
      vertex 1.91918 4.07846 29.9256
      vertex 1.91601 4.07172 30
    endloop
  endfacet
  facet normal 0.479384 0.871962 0.0993618
    outer loop
      vertex 1.91918 4.07846 29.9256
      vertex 2.41122 3.79947 30
      vertex 2.41332 3.8075 29.9194
    endloop
  endfacet
  facet normal 0.48296 0.870006 0.099189
    outer loop
      vertex 3.19334 6.7862 0
      vertex 3.19023 6.77959 0.0731205
      vertex 3.19144 6.77892 0.0731056
    endloop
  endfacet
  facet normal 0.244188 -0.964623 0.099374
    outer loop
      vertex 1.3929 -4.28692 29.9247
      vertex 1.39058 -4.27975 30
      vertex 1.39061 -4.28751 29.9246
    endloop
  endfacet
  facet normal 0.247461 -0.963801 0.0992503
    outer loop
      vertex 2.31763 -7.13292 0
      vertex 1.62733 -7.3038 0.061742
      vertex 1.40536 -7.36715 0
    endloop
  endfacet
  facet normal 0.247462 -0.9638 0.0992622
    outer loop
      vertex 1.62733 -7.3038 0.061742
      vertex 2.31763 -7.13292 0
      vertex 2.31541 -7.12611 0.0716571
    endloop
  endfacet
  facet normal 0.247444 -0.963799 0.0993095
    outer loop
      vertex 1.4024 -6.74984 5.99837
      vertex 1.40536 -7.36715 0
      vertex 1.62733 -7.3038 0.061742
    endloop
  endfacet
  facet normal 0.946364 -0.307494 0.099214
    outer loop
      vertex 6.96689 -2.75689 0.0738417
      vertex 7.26437 -1.86517 0
      vertex 7.25793 -1.86352 0.0665425
    endloop
  endfacet
  facet normal 0.946363 -0.307492 0.0992309
    outer loop
      vertex 7.26437 -1.86517 0
      vertex 6.96689 -2.75689 0.0738417
      vertex 6.97332 -2.76093 0
    endloop
  endfacet
  facet normal 0.945193 -0.311025 0.0993618
    outer loop
      vertex 4.36622 -1.12105 29.9216
      vertex 4.35862 -1.1191 30
      vertex 4.36545 -1.12339 29.9216
    endloop
  endfacet
  facet normal 0.124718 -0.987211 0.0992992
    outer loop
      vertex 0.285358 -4.4983 29.9251
      vertex 0.843215 -4.42029 30
      vertex 0.282557 -4.49112 30
    endloop
  endfacet
  facet normal 0.124725 -0.987215 0.0992495
    outer loop
      vertex 0.843215 -4.42029 30
      vertex 0.285358 -4.4983 29.9251
      vertex 0.844749 -4.42833 29.9181
    endloop
  endfacet
  facet normal 0.124677 -0.987215 0.099308
    outer loop
      vertex 1.40536 -7.36715 0
      vertex 1.29263 -6.77621 6.01603
      vertex 1.29423 -7.08251 2.96911
    endloop
  endfacet
  facet normal 0.479368 0.871978 0.0993016
    outer loop
      vertex 3.19334 6.7862 0
      vertex 4.01533 6.32715 0.062896
      vertex 4.0187 6.33246 0
    endloop
  endfacet
  facet normal 0.479369 0.871978 0.099292
    outer loop
      vertex 4.01533 6.32715 0.062896
      vertex 3.19334 6.7862 0
      vertex 3.19144 6.77892 0.0731056
    endloop
  endfacet
  facet normal 0.479232 0.872045 0.0993661
    outer loop
      vertex 2.41332 3.8075 29.9194
      vertex 2.41122 3.79947 30
      vertex 2.41554 3.80628 29.9194
    endloop
  endfacet
  facet normal 0.48296 -0.870006 0.099189
    outer loop
      vertex 3.19144 -6.77892 0.0731056
      vertex 3.19023 -6.77959 0.0731205
      vertex 3.19334 -6.7862 0
    endloop
  endfacet
  facet normal 0.479375 -0.871961 0.0994171
    outer loop
      vertex 1.91918 -4.07846 29.9256
      vertex 2.41122 -3.79947 30
      vertex 1.91601 -4.07172 30
    endloop
  endfacet
  facet normal 0.479384 -0.871962 0.0993618
    outer loop
      vertex 2.41122 -3.79947 30
      vertex 1.91918 -4.07846 29.9256
      vertex 2.41332 -3.8075 29.9194
    endloop
  endfacet
  facet normal 0.124791 0.9872 0.0993121
    outer loop
      vertex 1.29443 7.12058 2.59039
      vertex 1.40536 7.36715 0
      vertex 1.29577 7.37475 0.0621583
    endloop
  endfacet
  facet normal 0.124558 0.98723 0.099305
    outer loop
      vertex 1.40536 7.36715 0
      vertex 1.29443 7.12058 2.59039
      vertex 1.29423 7.08251 2.96911
    endloop
  endfacet
  facet normal 0.124719 0.987222 0.0991836
    outer loop
      vertex 0.470928 7.4852 0
      vertex 1.29577 7.37475 0.0621583
      vertex 1.40536 7.36715 0
    endloop
  endfacet
  facet normal 0.124713 0.987215 0.099259
    outer loop
      vertex 1.29577 7.37475 0.0621583
      vertex 0.470928 7.4852 0
      vertex 0.470473 7.47797 0.0724802
    endloop
  endfacet
  facet normal 0.12699 0.986915 0.0993558
    outer loop
      vertex 0.283026 4.49859 29.9252
      vertex 0.282557 4.49112 30
      vertex 0.285358 4.4983 29.9251
    endloop
  endfacet
  facet normal 0 -0.995062 0.0992588
    outer loop
      vertex -0.470928 -7.4852 0
      vertex 0.470473 -7.47797 0.0724802
      vertex -0.470473 -7.47797 0.0724802
    endloop
  endfacet
  facet normal 0 -0.995062 0.0992588
    outer loop
      vertex 0.470473 -7.47797 0.0724802
      vertex -0.470928 -7.4852 0
      vertex 0.470928 -7.4852 0
    endloop
  endfacet
  facet normal 0 -0.99505 0.099372
    outer loop
      vertex -0.283026 -4.49859 29.9252
      vertex 0.282557 -4.49112 30
      vertex -0.282557 -4.49112 30
    endloop
  endfacet
  facet normal 0 -0.99505 0.099372
    outer loop
      vertex 0.282557 -4.49112 30
      vertex -0.283026 -4.49859 29.9252
      vertex 0.283026 -4.49859 29.9252
    endloop
  endfacet
  facet normal -0.124718 -0.987211 0.0992992
    outer loop
      vertex -0.843215 -4.42029 30
      vertex -0.285358 -4.4983 29.9251
      vertex -0.282557 -4.49112 30
    endloop
  endfacet
  facet normal -0.124725 -0.987215 0.0992495
    outer loop
      vertex -0.285358 -4.4983 29.9251
      vertex -0.843215 -4.42029 30
      vertex -0.844749 -4.42833 29.9181
    endloop
  endfacet
  facet normal -0.124677 -0.987215 0.099308
    outer loop
      vertex -1.29263 -6.77621 6.01603
      vertex -1.40536 -7.36715 0
      vertex -1.29423 -7.08251 2.96911
    endloop
  endfacet
  facet normal -0.978539 0.1805 0.0994077
    outer loop
      vertex -7.43387 0.940405 0.0680702
      vertex -7.44086 0.939999 0
      vertex -7.4341 0.939145 0.068094
    endloop
  endfacet
  facet normal -0.977428 0.186429 0.0993918
    outer loop
      vertex -4.41312 0.877825 29.9166
      vertex -4.35862 1.1191 30
      vertex -4.36668 1.11864 29.9216
    endloop
  endfacet
  facet normal -0.977443 0.186453 0.0991975
    outer loop
      vertex -4.46452 0.563999 30
      vertex -4.41312 0.877825 29.9166
      vertex -4.4722 0.56497 29.9225
    endloop
  endfacet
  facet normal -0.977432 0.186471 0.0992726
    outer loop
      vertex -4.41312 0.877825 29.9166
      vertex -4.46452 0.563999 30
      vertex -4.35862 1.1191 30
    endloop
  endfacet
  facet normal 0.946363 0.307492 0.0992309
    outer loop
      vertex 6.96689 2.75689 0.0738417
      vertex 7.26437 1.86517 0
      vertex 6.97332 2.76093 0
    endloop
  endfacet
  facet normal 0.946364 0.307494 0.099214
    outer loop
      vertex 7.26437 1.86517 0
      vertex 6.96689 2.75689 0.0738417
      vertex 7.25793 1.86352 0.0665425
    endloop
  endfacet
  facet normal 0.945193 0.311025 0.0993618
    outer loop
      vertex 4.36545 1.12339 29.9216
      vertex 4.35862 1.1191 30
      vertex 4.36622 1.12105 29.9216
    endloop
  endfacet
  facet normal 0.946359 0.307486 0.0992879
    outer loop
      vertex 4.18399 1.65656 30
      vertex 4.36545 1.12339 29.9216
      vertex 4.19087 1.65928 29.926
    endloop
  endfacet
  facet normal 0.94636 0.307488 0.0992699
    outer loop
      vertex 4.36545 1.12339 29.9216
      vertex 4.18399 1.65656 30
      vertex 4.35862 1.1191 30
    endloop
  endfacet
  facet normal 0.947051 0.305384 0.0991755
    outer loop
      vertex 6.97332 2.76093 0
      vertex 6.96646 2.75822 0.0738525
      vertex 6.96689 2.75689 0.0738417
    endloop
  endfacet
  facet normal 0.247475 0.963793 0.0992899
    outer loop
      vertex 0.879113 4.4196 29.9173
      vertex 1.39058 4.27975 30
      vertex 1.39061 4.28751 29.9246
    endloop
  endfacet
  facet normal 0.24746 0.963789 0.0993748
    outer loop
      vertex 1.39058 4.27975 30
      vertex 0.879113 4.4196 29.9173
      vertex 0.843215 4.42029 30
    endloop
  endfacet
  facet normal 0.247178 0.963874 0.0992517
    outer loop
      vertex 0.843215 4.42029 30
      vertex 0.879113 4.4196 29.9173
      vertex 0.844749 4.42833 29.9181
    endloop
  endfacet
  facet normal 0.247506 0.963783 0.0993105
    outer loop
      vertex 1.4024 6.74984 5.99837
      vertex 1.29263 6.77621 6.01603
      vertex 1.28522 6.46124 9.0912
    endloop
  endfacet
  facet normal 0.247506 0.963784 0.0993079
    outer loop
      vertex 1.29263 6.77621 6.01603
      vertex 1.4024 6.74984 5.99837
      vertex 1.40536 7.36715 0
    endloop
  endfacet
  facet normal -0.684538 -0.722195 0.0992074
    outer loop
      vertex -4.77715 -5.77249 0.0706558
      vertex -4.78068 -5.77885 0
      vertex -4.77618 -5.77341 0.0706516
    endloop
  endfacet
  facet normal -0.681213 -0.725325 0.0992617
    outer loop
      vertex -3.18254 -3.18254 29.9254
      vertex -3.28036 -3.08046 30
      vertex -3.28407 -3.08713 29.9258
    endloop
  endfacet
  facet normal -0.681162 -0.725358 0.0993735
    outer loop
      vertex -3.28036 -3.08046 30
      vertex -3.18254 -3.18254 29.9254
      vertex -2.86841 -3.46731 30
    endloop
  endfacet
  facet normal -0.68116 -0.725363 0.0993437
    outer loop
      vertex -2.86841 -3.46731 30
      vertex -3.18254 -3.18254 29.9254
      vertex -2.87325 -3.47316 29.9241
    endloop
  endfacet
  facet normal 0.993074 -0.0626882 0.0993731
    outer loop
      vertex 7.43418 -0.937865 0.068102
      vertex 7.4341 -0.939145 0.068094
      vertex 7.44086 -0.939999 0
    endloop
  endfacet
  facet normal 0.993099 -0.0624738 0.0992533
    outer loop
      vertex 4.46452 -0.563999 30
      vertex 4.50725 -0.00231739 29.926
      vertex 4.5 0 30
    endloop
  endfacet
  facet normal 0.993104 -0.0624817 0.0991963
    outer loop
      vertex 4.50725 -0.00231739 29.926
      vertex 4.46452 -0.563999 30
      vertex 4.4722 -0.56497 29.9225
    endloop
  endfacet
  facet normal -0.366294 -0.925173 0.0994196
    outer loop
      vertex -1.3951 -4.28605 29.9247
      vertex -1.91601 -4.07172 30
      vertex -1.91918 -4.07846 29.9256
    endloop
  endfacet
  facet normal -0.366298 -0.925174 0.0993926
    outer loop
      vertex -1.91601 -4.07172 30
      vertex -1.3951 -4.28605 29.9247
      vertex -1.39058 -4.27975 30
    endloop
  endfacet
  facet normal -0.361915 -0.926919 0.0991855
    outer loop
      vertex -3.19023 -6.77959 0.0731205
      vertex -3.19334 -6.7862 0
      vertex -3.18895 -6.78009 0.0731184
    endloop
  endfacet
  facet normal 0.766698 -0.634267 0.0993944
    outer loop
      vertex 5.46278 -5.128 0.0735651
      vertex 6.06763 -4.40839 0
      vertex 6.06238 -4.40458 0.0648097
    endloop
  endfacet
  facet normal 0.766701 -0.634281 0.0992853
    outer loop
      vertex 6.06763 -4.40839 0
      vertex 5.46278 -5.128 0.0735651
      vertex 5.46726 -5.1341 0
    endloop
  endfacet
  facet normal 0.766384 -0.634662 0.0992954
    outer loop
      vertex 3.647 -2.6497 29.9206
      vertex 3.64058 -2.64503 30
      vertex 3.64541 -2.65162 29.9206
    endloop
  endfacet
  facet normal 0.840972 -0.531892 0.0992818
    outer loop
      vertex 3.64834 -2.6476 29.9205
      vertex 3.64058 -2.64503 30
      vertex 3.647 -2.6497 29.9206
    endloop
  endfacet
  facet normal 0.840156 -0.533175 0.0993085
    outer loop
      vertex 6.06034 -3.90141 2.78353
      vertex 5.93823 -4.11351 2.67785
      vertex 6.31348 -4.00954 0.0614121
    endloop
  endfacet
  facet normal 0.840156 -0.533175 0.0993092
    outer loop
      vertex 5.93823 -4.11351 2.67785
      vertex 6.06034 -3.90141 2.78353
      vertex 5.44638 -3.63916 9.38561
    endloop
  endfacet
  facet normal 0.84015 -0.533178 0.0993487
    outer loop
      vertex 6.31348 -4.00954 0.0614121
      vertex 6.5723 -3.61315 0
      vertex 6.56551 -3.61091 0.0694416
    endloop
  endfacet
  facet normal 0.840159 -0.533171 0.099309
    outer loop
      vertex 6.13003 -4.29849 0.0620915
      vertex 6.31348 -4.00954 0.0614121
      vertex 5.93823 -4.11351 2.67785
    endloop
  endfacet
  facet normal 0.840154 -0.533168 0.0993614
    outer loop
      vertex 6.06763 -4.40839 0
      vertex 6.31348 -4.00954 0.0614121
      vertex 6.13003 -4.29849 0.0620915
    endloop
  endfacet
  facet normal 0.84014 -0.533182 0.0994012
    outer loop
      vertex 6.06763 -4.40839 0
      vertex 6.13003 -4.29849 0.0620915
      vertex 6.06238 -4.40458 0.0648097
    endloop
  endfacet
  facet normal 0.840149 -0.53317 0.0993968
    outer loop
      vertex 6.31348 -4.00954 0.0614121
      vertex 6.06763 -4.40839 0
      vertex 6.5723 -3.61315 0
    endloop
  endfacet
  facet normal -0.247462 -0.9638 0.0992622
    outer loop
      vertex -2.31541 -7.12611 0.0716571
      vertex -2.31763 -7.13292 0
      vertex -1.62733 -7.3038 0.061742
    endloop
  endfacet
  facet normal -0.247444 -0.963799 0.0993095
    outer loop
      vertex -1.62733 -7.3038 0.061742
      vertex -1.40536 -7.36715 0
      vertex -1.4024 -6.74984 5.99837
    endloop
  endfacet
  facet normal -0.247461 -0.963801 0.0992503
    outer loop
      vertex -1.40536 -7.36715 0
      vertex -1.62733 -7.3038 0.061742
      vertex -2.31763 -7.13292 0
    endloop
  endfacet
  facet normal -0.244188 -0.964623 0.099374
    outer loop
      vertex -1.39058 -4.27975 30
      vertex -1.3929 -4.28692 29.9247
      vertex -1.39061 -4.28751 29.9246
    endloop
  endfacet
  facet normal -0.838581 0.535655 0.0992753
    outer loop
      vertex -6.56551 3.61091 0.0694416
      vertex -6.5723 3.61315 0
      vertex -6.56621 3.60981 0.0694639
    endloop
  endfacet
  facet normal -0.840158 0.533184 0.0992441
    outer loop
      vertex -3.74218 2.50044 29.9167
      vertex -3.64058 2.64503 30
      vertex -3.64834 2.6476 29.9205
    endloop
  endfacet
  facet normal -0.840134 0.533195 0.0993889
    outer loop
      vertex -3.94338 2.16789 30
      vertex -3.74218 2.50044 29.9167
      vertex -3.9501 2.17158 29.9234
    endloop
  endfacet
  facet normal -0.84016 0.533178 0.0992567
    outer loop
      vertex -3.74218 2.50044 29.9167
      vertex -3.94338 2.16789 30
      vertex -3.64058 2.64503 30
    endloop
  endfacet
  facet normal 0.769124 -0.631355 0.0991903
    outer loop
      vertex 5.46278 -5.128 0.0735651
      vertex 5.4619 -5.12907 0.073578
      vertex 5.46726 -5.1341 0
    endloop
  endfacet
  facet normal 0.766705 -0.634276 0.0992829
    outer loop
      vertex 3.28036 -3.08046 30
      vertex 3.64541 -2.65162 29.9206
      vertex 3.64058 -2.64503 30
    endloop
  endfacet
  facet normal 0.766705 -0.634286 0.0992234
    outer loop
      vertex 3.64541 -2.65162 29.9206
      vertex 3.28036 -3.08046 30
      vertex 3.28576 -3.08554 29.9258
    endloop
  endfacet
  facet normal -0.581358 0.807577 0.0992098
    outer loop
      vertex -4.7751 5.77419 0.070631
      vertex -4.78068 5.77885 0
      vertex -4.77618 5.77341 0.0706516
    endloop
  endfacet
  facet normal -0.584862 0.805013 0.0994549
    outer loop
      vertex -2.50167 3.74401 29.917
      vertex -2.86841 3.46731 30
      vertex -2.41122 3.79947 30
    endloop
  endfacet
  facet normal -0.584791 0.805079 0.0993332
    outer loop
      vertex -2.50167 3.74401 29.917
      vertex -2.41122 3.79947 30
      vertex -2.41759 3.8048 29.9193
    endloop
  endfacet
  facet normal -0.584885 0.80501 0.0993432
    outer loop
      vertex -2.86841 3.46731 30
      vertex -2.50167 3.74401 29.917
      vertex -2.87325 3.47316 29.9241
    endloop
  endfacet
  facet normal -0.684538 0.722195 0.0992074
    outer loop
      vertex -4.77618 5.77341 0.0706516
      vertex -4.78068 5.77885 0
      vertex -4.77715 5.77249 0.0706558
    endloop
  endfacet
  facet normal -0.681162 0.725358 0.0993735
    outer loop
      vertex -3.18254 3.18254 29.9254
      vertex -3.28036 3.08046 30
      vertex -2.86841 3.46731 30
    endloop
  endfacet
  facet normal -0.681213 0.725325 0.0992617
    outer loop
      vertex -3.28036 3.08046 30
      vertex -3.18254 3.18254 29.9254
      vertex -3.28407 3.08713 29.9258
    endloop
  endfacet
  facet normal -0.68116 0.725363 0.0993437
    outer loop
      vertex -3.18254 3.18254 29.9254
      vertex -2.86841 3.46731 30
      vertex -2.87325 3.47316 29.9241
    endloop
  endfacet
  facet normal 0.584892 -0.805016 0.0992477
    outer loop
      vertex 4.02528 -6.31996 0.0626122
      vertex 4.0187 -6.33246 0
      vertex 4.29851 -6.12158 0.0614953
    endloop
  endfacet
  facet normal 0.584663 -0.805176 0.0993036
    outer loop
      vertex 4.0187 -6.33246 0
      vertex 4.02528 -6.31996 0.0626122
      vertex 4.01533 -6.32715 0.062896
    endloop
  endfacet
  facet normal 0.58488 -0.805018 0.0993087
    outer loop
      vertex 3.92202 -6.0846 2.57858
      vertex 4.10816 -5.92781 2.75328
      vertex 3.64747 -5.45882 9.26825
    endloop
  endfacet
  facet normal 0.584888 -0.805011 0.0993109
    outer loop
      vertex 4.29851 -6.12158 0.0614953
      vertex 3.92202 -6.0846 2.57858
      vertex 4.02528 -6.31996 0.0626122
    endloop
  endfacet
  facet normal 0.584879 -0.805018 0.0993096
    outer loop
      vertex 3.92202 -6.0846 2.57858
      vertex 4.29851 -6.12158 0.0614953
      vertex 4.10816 -5.92781 2.75328
    endloop
  endfacet
  facet normal 0.584879 -0.805018 0.0993122
    outer loop
      vertex 4.78068 -5.77885 0
      vertex 4.29851 -6.12158 0.0614953
      vertex 4.0187 -6.33246 0
    endloop
  endfacet
  facet normal 0.584879 -0.805017 0.099319
    outer loop
      vertex 4.29851 -6.12158 0.0614953
      vertex 4.78068 -5.77885 0
      vertex 4.7751 -5.77419 0.070631
    endloop
  endfacet
  facet normal 0.585631 -0.804465 0.099359
    outer loop
      vertex 2.41759 -3.8048 29.9193
      vertex 2.41122 -3.79947 30
      vertex 2.41554 -3.80628 29.9194
    endloop
  endfacet
  facet normal -0.366307 -0.92518 0.0993038
    outer loop
      vertex -2.31763 -7.13292 0
      vertex -3.18895 -6.78009 0.0731184
      vertex -3.19334 -6.7862 0
    endloop
  endfacet
  facet normal -0.36631 -0.925182 0.0992741
    outer loop
      vertex -3.18895 -6.78009 0.0731184
      vertex -2.31763 -7.13292 0
      vertex -2.31541 -7.12611 0.0716571
    endloop
  endfacet
  facet normal -0.365923 -0.925323 0.0993826
    outer loop
      vertex -1.39058 -4.27975 30
      vertex -1.3951 -4.28605 29.9247
      vertex -1.3929 -4.28692 29.9247
    endloop
  endfacet
  facet normal -0.769124 0.631355 0.0991903
    outer loop
      vertex -5.4619 5.12907 0.073578
      vertex -5.46726 5.1341 0
      vertex -5.46278 5.128 0.0735651
    endloop
  endfacet
  facet normal -0.766705 0.634286 0.0992234
    outer loop
      vertex -3.64541 2.65162 29.9206
      vertex -3.28036 3.08046 30
      vertex -3.28576 3.08554 29.9258
    endloop
  endfacet
  facet normal -0.766705 0.634276 0.0992829
    outer loop
      vertex -3.28036 3.08046 30
      vertex -3.64541 2.65162 29.9206
      vertex -3.64058 2.64503 30
    endloop
  endfacet
  facet normal -0.900345 -0.423664 0.0994369
    outer loop
      vertex -4.18989 -1.66139 29.926
      vertex -3.94338 -2.16789 30
      vertex -4.18399 -1.65656 30
    endloop
  endfacet
  facet normal -0.900346 -0.423671 0.0993952
    outer loop
      vertex -3.94338 -2.16789 30
      vertex -4.18989 -1.66139 29.926
      vertex -3.9501 -2.17158 29.9234
    endloop
  endfacet
  facet normal -0.90015 -0.424109 0.0993096
    outer loop
      vertex -6.56677 -3.60862 0.06947
      vertex -6.5723 -3.61315 0
      vertex -6.56621 -3.60981 0.0694639
    endloop
  endfacet
  facet normal -0.946364 -0.307494 0.099214
    outer loop
      vertex -7.26437 -1.86517 0
      vertex -6.96689 -2.75689 0.0738417
      vertex -7.25793 -1.86352 0.0665425
    endloop
  endfacet
  facet normal -0.946363 -0.307492 0.0992309
    outer loop
      vertex -6.96689 -2.75689 0.0738417
      vertex -7.26437 -1.86517 0
      vertex -6.97332 -2.76093 0
    endloop
  endfacet
  facet normal -0.945193 -0.311025 0.0993618
    outer loop
      vertex -4.35862 -1.1191 30
      vertex -4.36622 -1.12105 29.9216
      vertex -4.36545 -1.12339 29.9216
    endloop
  endfacet
  facet normal -0.769124 -0.631355 0.0991903
    outer loop
      vertex -5.46278 -5.128 0.0735651
      vertex -5.46726 -5.1341 0
      vertex -5.4619 -5.12907 0.073578
    endloop
  endfacet
  facet normal -0.766705 -0.634276 0.0992829
    outer loop
      vertex -3.64541 -2.65162 29.9206
      vertex -3.28036 -3.08046 30
      vertex -3.64058 -2.64503 30
    endloop
  endfacet
  facet normal -0.766705 -0.634286 0.0992234
    outer loop
      vertex -3.28036 -3.08046 30
      vertex -3.64541 -2.65162 29.9206
      vertex -3.28576 -3.08554 29.9258
    endloop
  endfacet
  facet normal -0.124718 0.987211 0.0992992
    outer loop
      vertex -0.285358 4.4983 29.9251
      vertex -0.843215 4.42029 30
      vertex -0.282557 4.49112 30
    endloop
  endfacet
  facet normal -0.124725 0.987215 0.0992495
    outer loop
      vertex -0.843215 4.42029 30
      vertex -0.285358 4.4983 29.9251
      vertex -0.844749 4.42833 29.9181
    endloop
  endfacet
  facet normal -0.124677 0.987215 0.099308
    outer loop
      vertex -1.29423 7.08251 2.96911
      vertex -1.40536 7.36715 0
      vertex -1.29263 6.77621 6.01603
    endloop
  endfacet
  facet normal -0.124713 0.987215 0.099259
    outer loop
      vertex -0.470473 7.47797 0.0724802
      vertex -0.470928 7.4852 0
      vertex -1.29577 7.37475 0.0621583
    endloop
  endfacet
  facet normal -0.124558 0.98723 0.099305
    outer loop
      vertex -1.29443 7.12058 2.59039
      vertex -1.40536 7.36715 0
      vertex -1.29423 7.08251 2.96911
    endloop
  endfacet
  facet normal -0.124791 0.9872 0.0993121
    outer loop
      vertex -1.29577 7.37475 0.0621583
      vertex -1.40536 7.36715 0
      vertex -1.29443 7.12058 2.59039
    endloop
  endfacet
  facet normal -0.124719 0.987222 0.0991836
    outer loop
      vertex -1.40536 7.36715 0
      vertex -1.29577 7.37475 0.0621583
      vertex -0.470928 7.4852 0
    endloop
  endfacet
  facet normal -0.12699 0.986915 0.0993558
    outer loop
      vertex -0.283026 4.49859 29.9252
      vertex -0.285358 4.4983 29.9251
      vertex -0.282557 4.49112 30
    endloop
  endfacet
  facet normal 0.581358 0.807577 0.0992098
    outer loop
      vertex 4.78068 5.77885 0
      vertex 4.7751 5.77419 0.070631
      vertex 4.77618 5.77341 0.0706516
    endloop
  endfacet
  facet normal 0.584885 0.80501 0.0993432
    outer loop
      vertex 2.50167 3.74401 29.917
      vertex 2.86841 3.46731 30
      vertex 2.87325 3.47316 29.9241
    endloop
  endfacet
  facet normal 0.584862 0.805013 0.0994549
    outer loop
      vertex 2.86841 3.46731 30
      vertex 2.50167 3.74401 29.917
      vertex 2.41122 3.79947 30
    endloop
  endfacet
  facet normal 0.584791 0.805079 0.0993332
    outer loop
      vertex 2.41122 3.79947 30
      vertex 2.50167 3.74401 29.917
      vertex 2.41759 3.8048 29.9193
    endloop
  endfacet
  facet normal 0.684538 -0.722195 0.0992074
    outer loop
      vertex 4.77715 -5.77249 0.0706558
      vertex 4.77618 -5.77341 0.0706516
      vertex 4.78068 -5.77885 0
    endloop
  endfacet
  facet normal 0.681162 -0.725358 0.0993735
    outer loop
      vertex 3.18254 -3.18254 29.9254
      vertex 3.28036 -3.08046 30
      vertex 2.86841 -3.46731 30
    endloop
  endfacet
  facet normal 0.681213 -0.725325 0.0992617
    outer loop
      vertex 3.28036 -3.08046 30
      vertex 3.18254 -3.18254 29.9254
      vertex 3.28407 -3.08713 29.9258
    endloop
  endfacet
  facet normal 0.68116 -0.725363 0.0993437
    outer loop
      vertex 3.18254 -3.18254 29.9254
      vertex 2.86841 -3.46731 30
      vertex 2.87325 -3.47316 29.9241
    endloop
  endfacet
  facet normal -0.993099 -0.0624738 0.0992533
    outer loop
      vertex -4.50725 -0.00231739 29.926
      vertex -4.46452 -0.563999 30
      vertex -4.5 0 30
    endloop
  endfacet
  facet normal -0.993104 -0.0624817 0.0991963
    outer loop
      vertex -4.46452 -0.563999 30
      vertex -4.50725 -0.00231739 29.926
      vertex -4.4722 -0.56497 29.9225
    endloop
  endfacet
  facet normal -0.993074 -0.0626882 0.0993731
    outer loop
      vertex -7.43418 -0.937865 0.068102
      vertex -7.44086 -0.939999 0
      vertex -7.4341 -0.939145 0.068094
    endloop
  endfacet
  facet normal 0.947051 -0.305384 0.0991755
    outer loop
      vertex 6.96689 -2.75689 0.0738417
      vertex 6.96646 -2.75822 0.0738525
      vertex 6.97332 -2.76093 0
    endloop
  endfacet
  facet normal 0.94636 -0.307488 0.0992699
    outer loop
      vertex 4.18399 -1.65656 30
      vertex 4.36545 -1.12339 29.9216
      vertex 4.35862 -1.1191 30
    endloop
  endfacet
  facet normal 0.946359 -0.307486 0.0992879
    outer loop
      vertex 4.36545 -1.12339 29.9216
      vertex 4.18399 -1.65656 30
      vertex 4.19087 -1.65928 29.926
    endloop
  endfacet
  facet normal -0.247475 -0.963793 0.0992899
    outer loop
      vertex -0.879113 -4.4196 29.9173
      vertex -1.39058 -4.27975 30
      vertex -1.39061 -4.28751 29.9246
    endloop
  endfacet
  facet normal -0.24746 -0.963789 0.0993748
    outer loop
      vertex -1.39058 -4.27975 30
      vertex -0.879113 -4.4196 29.9173
      vertex -0.843215 -4.42029 30
    endloop
  endfacet
  facet normal -0.247178 -0.963874 0.0992517
    outer loop
      vertex -0.843215 -4.42029 30
      vertex -0.879113 -4.4196 29.9173
      vertex -0.844749 -4.42833 29.9181
    endloop
  endfacet
  facet normal -0.247506 -0.963783 0.0993105
    outer loop
      vertex -1.4024 -6.74984 5.99837
      vertex -1.29263 -6.77621 6.01603
      vertex -1.28522 -6.46124 9.0912
    endloop
  endfacet
  facet normal -0.247506 -0.963784 0.0993079
    outer loop
      vertex -1.29263 -6.77621 6.01603
      vertex -1.4024 -6.74984 5.99837
      vertex -1.40536 -7.36715 0
    endloop
  endfacet
  facet normal 0.978539 0.1805 0.0994077
    outer loop
      vertex 7.44086 0.939999 0
      vertex 7.43387 0.940405 0.0680702
      vertex 7.4341 0.939145 0.068094
    endloop
  endfacet
  facet normal 0.977428 0.186429 0.0993918
    outer loop
      vertex 4.35862 1.1191 30
      vertex 4.41312 0.877825 29.9166
      vertex 4.36668 1.11864 29.9216
    endloop
  endfacet
  facet normal 0.977432 0.186471 0.0992726
    outer loop
      vertex 4.46452 0.563999 30
      vertex 4.41312 0.877825 29.9166
      vertex 4.35862 1.1191 30
    endloop
  endfacet
  facet normal 0.977443 0.186453 0.0991975
    outer loop
      vertex 4.41312 0.877825 29.9166
      vertex 4.46452 0.563999 30
      vertex 4.4722 0.56497 29.9225
    endloop
  endfacet
  facet normal 0.978539 -0.1805 0.0994077
    outer loop
      vertex 7.4341 -0.939145 0.068094
      vertex 7.43387 -0.940405 0.0680702
      vertex 7.44086 -0.939999 0
    endloop
  endfacet
  facet normal 0.977443 -0.186453 0.0991975
    outer loop
      vertex 4.46452 -0.563999 30
      vertex 4.41312 -0.877825 29.9166
      vertex 4.4722 -0.56497 29.9225
    endloop
  endfacet
  facet normal 0.977432 -0.186471 0.0992726
    outer loop
      vertex 4.35862 -1.1191 30
      vertex 4.41312 -0.877825 29.9166
      vertex 4.46452 -0.563999 30
    endloop
  endfacet
  facet normal 0.977428 -0.186429 0.0993918
    outer loop
      vertex 4.41312 -0.877825 29.9166
      vertex 4.35862 -1.1191 30
      vertex 4.36668 -1.11864 29.9216
    endloop
  endfacet
  facet normal 0.581358 -0.807577 0.0992098
    outer loop
      vertex 4.77618 -5.77341 0.0706516
      vertex 4.7751 -5.77419 0.070631
      vertex 4.78068 -5.77885 0
    endloop
  endfacet
  facet normal 0.584862 -0.805013 0.0994549
    outer loop
      vertex 2.50167 -3.74401 29.917
      vertex 2.86841 -3.46731 30
      vertex 2.41122 -3.79947 30
    endloop
  endfacet
  facet normal 0.584791 -0.805079 0.0993332
    outer loop
      vertex 2.50167 -3.74401 29.917
      vertex 2.41122 -3.79947 30
      vertex 2.41759 -3.8048 29.9193
    endloop
  endfacet
  facet normal 0.584885 -0.80501 0.0993432
    outer loop
      vertex 2.86841 -3.46731 30
      vertex 2.50167 -3.74401 29.917
      vertex 2.87325 -3.47316 29.9241
    endloop
  endfacet
  facet normal -0.840134 -0.533195 0.0993889
    outer loop
      vertex -3.74218 -2.50044 29.9167
      vertex -3.94338 -2.16789 30
      vertex -3.9501 -2.17158 29.9234
    endloop
  endfacet
  facet normal -0.84016 -0.533178 0.0992567
    outer loop
      vertex -3.74218 -2.50044 29.9167
      vertex -3.64058 -2.64503 30
      vertex -3.94338 -2.16789 30
    endloop
  endfacet
  facet normal -0.840158 -0.533184 0.0992441
    outer loop
      vertex -3.64058 -2.64503 30
      vertex -3.74218 -2.50044 29.9167
      vertex -3.64834 -2.6476 29.9205
    endloop
  endfacet
  facet normal -0.838581 -0.535655 0.0992753
    outer loop
      vertex -6.56621 -3.60981 0.0694639
      vertex -6.5723 -3.61315 0
      vertex -6.56551 -3.61091 0.0694416
    endloop
  endfacet
  facet normal -0.84015 -0.533178 0.0993487
    outer loop
      vertex -6.5723 -3.61315 0
      vertex -6.31348 -4.00954 0.0614121
      vertex -6.56551 -3.61091 0.0694416
    endloop
  endfacet
  facet normal -0.840159 -0.533171 0.099309
    outer loop
      vertex -6.31348 -4.00954 0.0614121
      vertex -6.13003 -4.29849 0.0620915
      vertex -5.93823 -4.11351 2.67785
    endloop
  endfacet
  facet normal -0.840149 -0.53317 0.0993968
    outer loop
      vertex -6.06763 -4.40839 0
      vertex -6.31348 -4.00954 0.0614121
      vertex -6.5723 -3.61315 0
    endloop
  endfacet
  facet normal -0.840154 -0.533168 0.0993614
    outer loop
      vertex -6.31348 -4.00954 0.0614121
      vertex -6.06763 -4.40839 0
      vertex -6.13003 -4.29849 0.0620915
    endloop
  endfacet
  facet normal -0.84014 -0.533182 0.0994012
    outer loop
      vertex -6.13003 -4.29849 0.0620915
      vertex -6.06763 -4.40839 0
      vertex -6.06238 -4.40458 0.0648097
    endloop
  endfacet
  facet normal -0.840156 -0.533175 0.0993092
    outer loop
      vertex -6.06034 -3.90141 2.78353
      vertex -5.93823 -4.11351 2.67785
      vertex -5.44638 -3.63916 9.38561
    endloop
  endfacet
  facet normal -0.840156 -0.533175 0.0993085
    outer loop
      vertex -5.93823 -4.11351 2.67785
      vertex -6.06034 -3.90141 2.78353
      vertex -6.31348 -4.00954 0.0614121
    endloop
  endfacet
  facet normal -0.840972 -0.531892 0.0992818
    outer loop
      vertex -3.64058 -2.64503 30
      vertex -3.64834 -2.6476 29.9205
      vertex -3.647 -2.6497 29.9206
    endloop
  endfacet
  facet normal -0.977443 -0.186453 0.0991975
    outer loop
      vertex -4.41312 -0.877825 29.9166
      vertex -4.46452 -0.563999 30
      vertex -4.4722 -0.56497 29.9225
    endloop
  endfacet
  facet normal -0.977428 -0.186429 0.0993918
    outer loop
      vertex -4.35862 -1.1191 30
      vertex -4.41312 -0.877825 29.9166
      vertex -4.36668 -1.11864 29.9216
    endloop
  endfacet
  facet normal -0.977432 -0.186471 0.0992726
    outer loop
      vertex -4.41312 -0.877825 29.9166
      vertex -4.35862 -1.1191 30
      vertex -4.46452 -0.563999 30
    endloop
  endfacet
  facet normal -0.978539 -0.1805 0.0994077
    outer loop
      vertex -7.4341 -0.939145 0.068094
      vertex -7.44086 -0.939999 0
      vertex -7.43387 -0.940405 0.0680702
    endloop
  endfacet
  facet normal 0.993074 0.0626882 0.0993731
    outer loop
      vertex 7.44086 0.939999 0
      vertex 7.4341 0.939145 0.068094
      vertex 7.43418 0.937865 0.068102
    endloop
  endfacet
  facet normal 0.993104 0.0624817 0.0991963
    outer loop
      vertex 4.46452 0.563999 30
      vertex 4.50725 0.00231739 29.926
      vertex 4.4722 0.56497 29.9225
    endloop
  endfacet
  facet normal 0.993099 0.0624738 0.0992533
    outer loop
      vertex 4.50725 0.00231739 29.926
      vertex 4.46452 0.563999 30
      vertex 4.5 0 30
    endloop
  endfacet
  facet normal -0.891007 -0.453989 0
    outer loop
      vertex 2.9245 0.950227 0
      vertex 2.48773 1.80744 7.999
      vertex 2.48773 1.80744 0
    endloop
  endfacet
  facet normal -0.891007 -0.453989 0
    outer loop
      vertex 2.48773 1.80744 7.999
      vertex 2.9245 0.950227 0
      vertex 2.9245 0.950227 7.999
    endloop
  endfacet
  facet normal -0.987689 -0.156433 0
    outer loop
      vertex 3.075 0 0
      vertex 2.9245 0.950227 7.999
      vertex 2.9245 0.950227 0
    endloop
  endfacet
  facet normal -0.987689 -0.156433 0
    outer loop
      vertex 2.9245 0.950227 7.999
      vertex 3.075 0 0
      vertex 3.075 0 7.999
    endloop
  endfacet
  facet normal -0.707107 -0.707107 0
    outer loop
      vertex 2.48773 1.80744 0
      vertex 1.80744 2.48773 7.999
      vertex 1.80744 2.48773 0
    endloop
  endfacet
  facet normal -0.707107 -0.707107 0
    outer loop
      vertex 1.80744 2.48773 7.999
      vertex 2.48773 1.80744 0
      vertex 2.48773 1.80744 7.999
    endloop
  endfacet
  facet normal -0.156433 -0.987689 0
    outer loop
      vertex 0 3.075 0
      vertex 0.950227 2.9245 7.999
      vertex 0 3.075 7.999
    endloop
  endfacet
  facet normal -0.156433 -0.987689 -0
    outer loop
      vertex 0.950227 2.9245 7.999
      vertex 0 3.075 0
      vertex 0.950227 2.9245 0
    endloop
  endfacet
  facet normal -0.453989 -0.891007 0
    outer loop
      vertex 0.950227 2.9245 0
      vertex 1.80744 2.48773 7.999
      vertex 0.950227 2.9245 7.999
    endloop
  endfacet
  facet normal -0.453989 -0.891007 -0
    outer loop
      vertex 1.80744 2.48773 7.999
      vertex 0.950227 2.9245 0
      vertex 1.80744 2.48773 0
    endloop
  endfacet
  facet normal 0.453989 -0.891007 0
    outer loop
      vertex -1.80744 2.48773 0
      vertex -0.950227 2.9245 7.999
      vertex -1.80744 2.48773 7.999
    endloop
  endfacet
  facet normal 0.453989 -0.891007 0
    outer loop
      vertex -0.950227 2.9245 7.999
      vertex -1.80744 2.48773 0
      vertex -0.950227 2.9245 0
    endloop
  endfacet
  facet normal 0.156433 0.987689 -0
    outer loop
      vertex 0 -3.075 0
      vertex -0.950227 -2.9245 7.999
      vertex 0 -3.075 7.999
    endloop
  endfacet
  facet normal 0.156433 0.987689 0
    outer loop
      vertex -0.950227 -2.9245 7.999
      vertex 0 -3.075 0
      vertex -0.950227 -2.9245 0
    endloop
  endfacet
  facet normal -0.707107 0.707107 0
    outer loop
      vertex 1.80744 -2.48773 0
      vertex 2.48773 -1.80744 7.999
      vertex 2.48773 -1.80744 0
    endloop
  endfacet
  facet normal -0.707107 0.707107 0
    outer loop
      vertex 2.48773 -1.80744 7.999
      vertex 1.80744 -2.48773 0
      vertex 1.80744 -2.48773 7.999
    endloop
  endfacet
  facet normal 0.891007 0.453989 0
    outer loop
      vertex -2.48773 -1.80744 7.999
      vertex -2.9245 -0.950227 0
      vertex -2.9245 -0.950227 7.999
    endloop
  endfacet
  facet normal 0.891007 0.453989 0
    outer loop
      vertex -2.9245 -0.950227 0
      vertex -2.48773 -1.80744 7.999
      vertex -2.48773 -1.80744 0
    endloop
  endfacet
  facet normal 0.156433 -0.987689 0
    outer loop
      vertex -0.950227 2.9245 0
      vertex 0 3.075 7.999
      vertex -0.950227 2.9245 7.999
    endloop
  endfacet
  facet normal 0.156433 -0.987689 0
    outer loop
      vertex 0 3.075 7.999
      vertex -0.950227 2.9245 0
      vertex 0 3.075 0
    endloop
  endfacet
  facet normal -0.453989 0.891007 0
    outer loop
      vertex 1.80744 -2.48773 0
      vertex 0.950227 -2.9245 7.999
      vertex 1.80744 -2.48773 7.999
    endloop
  endfacet
  facet normal -0.453989 0.891007 0
    outer loop
      vertex 0.950227 -2.9245 7.999
      vertex 1.80744 -2.48773 0
      vertex 0.950227 -2.9245 0
    endloop
  endfacet
  facet normal -0.156433 0.987689 0
    outer loop
      vertex 0.950227 -2.9245 0
      vertex 0 -3.075 7.999
      vertex 0.950227 -2.9245 7.999
    endloop
  endfacet
  facet normal -0.156433 0.987689 0
    outer loop
      vertex 0 -3.075 7.999
      vertex 0.950227 -2.9245 0
      vertex 0 -3.075 0
    endloop
  endfacet
  facet normal 0.987689 0.156433 0
    outer loop
      vertex -2.9245 -0.950227 7.999
      vertex -3.075 0 0
      vertex -3.075 0 7.999
    endloop
  endfacet
  facet normal 0.987689 0.156433 0
    outer loop
      vertex -3.075 0 0
      vertex -2.9245 -0.950227 7.999
      vertex -2.9245 -0.950227 0
    endloop
  endfacet
  facet normal 0.891007 -0.453989 0
    outer loop
      vertex -2.9245 0.950227 7.999
      vertex -2.48773 1.80744 0
      vertex -2.48773 1.80744 7.999
    endloop
  endfacet
  facet normal 0.891007 -0.453989 0
    outer loop
      vertex -2.48773 1.80744 0
      vertex -2.9245 0.950227 7.999
      vertex -2.9245 0.950227 0
    endloop
  endfacet
  facet normal 0.707107 -0.707107 0
    outer loop
      vertex -2.48773 1.80744 7.999
      vertex -1.80744 2.48773 0
      vertex -1.80744 2.48773 7.999
    endloop
  endfacet
  facet normal 0.707107 -0.707107 0
    outer loop
      vertex -1.80744 2.48773 0
      vertex -2.48773 1.80744 7.999
      vertex -2.48773 1.80744 0
    endloop
  endfacet
  facet normal 0 0 -1
    outer loop
      vertex 2.9245 -0.950227 7.999
      vertex 2.9245 0.950227 7.999
      vertex 3.075 0 7.999
    endloop
  endfacet
  facet normal 0 0 -1
    outer loop
      vertex 2.48773 -1.80744 7.999
      vertex 2.9245 0.950227 7.999
      vertex 2.9245 -0.950227 7.999
    endloop
  endfacet
  facet normal 0 0 -1
    outer loop
      vertex 2.48773 -1.80744 7.999
      vertex 2.48773 1.80744 7.999
      vertex 2.9245 0.950227 7.999
    endloop
  endfacet
  facet normal 0 0 -1
    outer loop
      vertex 1.80744 -2.48773 7.999
      vertex 2.48773 1.80744 7.999
      vertex 2.48773 -1.80744 7.999
    endloop
  endfacet
  facet normal 0 0 -1
    outer loop
      vertex 1.80744 -2.48773 7.999
      vertex 1.80744 2.48773 7.999
      vertex 2.48773 1.80744 7.999
    endloop
  endfacet
  facet normal 0 0 -1
    outer loop
      vertex 0.950227 -2.9245 7.999
      vertex 1.80744 2.48773 7.999
      vertex 1.80744 -2.48773 7.999
    endloop
  endfacet
  facet normal 0 0 -1
    outer loop
      vertex 0.950227 -2.9245 7.999
      vertex 0.950227 2.9245 7.999
      vertex 1.80744 2.48773 7.999
    endloop
  endfacet
  facet normal 0 0 -1
    outer loop
      vertex 0 -3.075 7.999
      vertex 0.950227 2.9245 7.999
      vertex 0.950227 -2.9245 7.999
    endloop
  endfacet
  facet normal 0 0 -1
    outer loop
      vertex 0 -3.075 7.999
      vertex 0 3.075 7.999
      vertex 0.950227 2.9245 7.999
    endloop
  endfacet
  facet normal 0 0 -1
    outer loop
      vertex -0.950227 -2.9245 7.999
      vertex 0 3.075 7.999
      vertex 0 -3.075 7.999
    endloop
  endfacet
  facet normal 0 0 -1
    outer loop
      vertex -0.950227 -2.9245 7.999
      vertex -0.950227 2.9245 7.999
      vertex 0 3.075 7.999
    endloop
  endfacet
  facet normal 0 0 -1
    outer loop
      vertex -1.80744 -2.48773 7.999
      vertex -0.950227 2.9245 7.999
      vertex -0.950227 -2.9245 7.999
    endloop
  endfacet
  facet normal 0 0 -1
    outer loop
      vertex -1.80744 -2.48773 7.999
      vertex -1.80744 2.48773 7.999
      vertex -0.950227 2.9245 7.999
    endloop
  endfacet
  facet normal 0 0 -1
    outer loop
      vertex -2.48773 -1.80744 7.999
      vertex -1.80744 2.48773 7.999
      vertex -1.80744 -2.48773 7.999
    endloop
  endfacet
  facet normal 0 0 -1
    outer loop
      vertex -2.48773 -1.80744 7.999
      vertex -2.48773 1.80744 7.999
      vertex -1.80744 2.48773 7.999
    endloop
  endfacet
  facet normal 0 0 -1
    outer loop
      vertex -2.9245 -0.950227 7.999
      vertex -2.48773 1.80744 7.999
      vertex -2.48773 -1.80744 7.999
    endloop
  endfacet
  facet normal 0 0 -1
    outer loop
      vertex -2.9245 -0.950227 7.999
      vertex -2.9245 0.950227 7.999
      vertex -2.48773 1.80744 7.999
    endloop
  endfacet
  facet normal 0 -0 -1
    outer loop
      vertex -2.9245 0.950227 7.999
      vertex -2.9245 -0.950227 7.999
      vertex -3.075 0 7.999
    endloop
  endfacet
  facet normal -0.891007 0.453989 0
    outer loop
      vertex 2.48773 -1.80744 0
      vertex 2.9245 -0.950227 7.999
      vertex 2.9245 -0.950227 0
    endloop
  endfacet
  facet normal -0.891007 0.453989 0
    outer loop
      vertex 2.9245 -0.950227 7.999
      vertex 2.48773 -1.80744 0
      vertex 2.48773 -1.80744 7.999
    endloop
  endfacet
  facet normal -0.987689 0.156433 0
    outer loop
      vertex 2.9245 -0.950227 0
      vertex 3.075 0 7.999
      vertex 3.075 0 0
    endloop
  endfacet
  facet normal -0.987689 0.156433 0
    outer loop
      vertex 3.075 0 7.999
      vertex 2.9245 -0.950227 0
      vertex 2.9245 -0.950227 7.999
    endloop
  endfacet
  facet normal 0.707107 0.707107 0
    outer loop
      vertex -1.80744 -2.48773 7.999
      vertex -2.48773 -1.80744 0
      vertex -2.48773 -1.80744 7.999
    endloop
  endfacet
  facet normal 0.707107 0.707107 0
    outer loop
      vertex -2.48773 -1.80744 0
      vertex -1.80744 -2.48773 7.999
      vertex -1.80744 -2.48773 0
    endloop
  endfacet
  facet normal 0.987689 -0.156433 0
    outer loop
      vertex -3.075 0 7.999
      vertex -2.9245 0.950227 0
      vertex -2.9245 0.950227 7.999
    endloop
  endfacet
  facet normal 0.987689 -0.156433 0
    outer loop
      vertex -2.9245 0.950227 0
      vertex -3.075 0 7.999
      vertex -3.075 0 0
    endloop
  endfacet
  facet normal 0.453989 0.891007 -0
    outer loop
      vertex -0.950227 -2.9245 0
      vertex -1.80744 -2.48773 7.999
      vertex -0.950227 -2.9245 7.999
    endloop
  endfacet
  facet normal 0.453989 0.891007 0
    outer loop
      vertex -1.80744 -2.48773 7.999
      vertex -0.950227 -2.9245 0
      vertex -1.80744 -2.48773 0
    endloop
  endfacet
  facet normal -0.98229 -0.187369 0
    outer loop
      vertex 2.97634 0.375999 28.5
      vertex 2.90575 0.746069 30
      vertex 2.90575 0.746069 28.5
    endloop
  endfacet
  facet normal -0.98229 -0.187369 0
    outer loop
      vertex 2.90575 0.746069 30
      vertex 2.97634 0.375999 28.5
      vertex 2.97634 0.375999 30
    endloop
  endfacet
  facet normal -0.998026 -0.0628015 0
    outer loop
      vertex 3 0 28.5
      vertex 2.97634 0.375999 30
      vertex 2.97634 0.375999 28.5
    endloop
  endfacet
  facet normal -0.998026 -0.0628015 0
    outer loop
      vertex 2.97634 0.375999 30
      vertex 3 0 28.5
      vertex 3 0 30
    endloop
  endfacet
  facet normal 0.770514 -0.637423 0
    outer loop
      vertex -2.42705 1.76336 30
      vertex -2.18691 2.05364 28.5
      vertex -2.18691 2.05364 30
    endloop
  endfacet
  facet normal 0.770514 -0.637423 0
    outer loop
      vertex -2.18691 2.05364 28.5
      vertex -2.42705 1.76336 30
      vertex -2.42705 1.76336 28.5
    endloop
  endfacet
  facet normal -0.684541 -0.728974 0
    outer loop
      vertex 1.91227 2.31154 28.5
      vertex 2.18691 2.05364 30
      vertex 1.91227 2.31154 30
    endloop
  endfacet
  facet normal -0.684541 -0.728974 -0
    outer loop
      vertex 2.18691 2.05364 30
      vertex 1.91227 2.31154 28.5
      vertex 2.18691 2.05364 28.5
    endloop
  endfacet
  facet normal 0.125337 0.992114 -0
    outer loop
      vertex -0.188371 -2.99408 28.5
      vertex -0.562143 -2.94686 30
      vertex -0.188371 -2.99408 30
    endloop
  endfacet
  facet normal 0.125337 0.992114 0
    outer loop
      vertex -0.562143 -2.94686 30
      vertex -0.188371 -2.99408 28.5
      vertex -0.562143 -2.94686 28.5
    endloop
  endfacet
  facet normal 0.58778 0.809021 -0
    outer loop
      vertex -1.60748 -2.53298 28.5
      vertex -1.91227 -2.31154 30
      vertex -1.60748 -2.53298 30
    endloop
  endfacet
  facet normal 0.58778 0.809021 0
    outer loop
      vertex -1.91227 -2.31154 30
      vertex -1.60748 -2.53298 28.5
      vertex -1.91227 -2.31154 28.5
    endloop
  endfacet
  facet normal -0.368126 0.929776 0
    outer loop
      vertex 1.27734 -2.71448 28.5
      vertex 0.927051 -2.85317 30
      vertex 1.27734 -2.71448 30
    endloop
  endfacet
  facet normal -0.368126 0.929776 0
    outer loop
      vertex 0.927051 -2.85317 30
      vertex 1.27734 -2.71448 28.5
      vertex 0.927051 -2.85317 28.5
    endloop
  endfacet
  facet normal -0.904828 0.425778 0
    outer loop
      vertex 2.62892 -1.44526 28.5
      vertex 2.78933 -1.10437 30
      vertex 2.78933 -1.10437 28.5
    endloop
  endfacet
  facet normal -0.904828 0.425778 0
    outer loop
      vertex 2.78933 -1.10437 30
      vertex 2.62892 -1.44526 28.5
      vertex 2.62892 -1.44526 30
    endloop
  endfacet
  facet normal -0.248684 -0.968585 0
    outer loop
      vertex 0.562143 2.94686 28.5
      vertex 0.927051 2.85317 30
      vertex 0.562143 2.94686 30
    endloop
  endfacet
  facet normal -0.248684 -0.968585 -0
    outer loop
      vertex 0.927051 2.85317 30
      vertex 0.562143 2.94686 28.5
      vertex 0.927051 2.85317 28.5
    endloop
  endfacet
  facet normal -0.58778 0.809021 0
    outer loop
      vertex 1.91227 -2.31154 28.5
      vertex 1.60748 -2.53298 30
      vertex 1.91227 -2.31154 30
    endloop
  endfacet
  facet normal -0.58778 0.809021 0
    outer loop
      vertex 1.60748 -2.53298 30
      vertex 1.91227 -2.31154 28.5
      vertex 1.60748 -2.53298 28.5
    endloop
  endfacet
  facet normal 0.98229 -0.187369 0
    outer loop
      vertex -2.97634 0.375999 30
      vertex -2.90575 0.746069 28.5
      vertex -2.90575 0.746069 30
    endloop
  endfacet
  facet normal 0.98229 -0.187369 0
    outer loop
      vertex -2.90575 0.746069 28.5
      vertex -2.97634 0.375999 30
      vertex -2.97634 0.375999 28.5
    endloop
  endfacet
  facet normal 0.684541 0.728974 -0
    outer loop
      vertex -1.91227 -2.31154 28.5
      vertex -2.18691 -2.05364 30
      vertex -1.91227 -2.31154 30
    endloop
  endfacet
  facet normal 0.684541 0.728974 0
    outer loop
      vertex -2.18691 -2.05364 30
      vertex -1.91227 -2.31154 28.5
      vertex -2.18691 -2.05364 28.5
    endloop
  endfacet
  facet normal -0.481762 -0.876302 0
    outer loop
      vertex 1.27734 2.71448 28.5
      vertex 1.60748 2.53298 30
      vertex 1.27734 2.71448 30
    endloop
  endfacet
  facet normal -0.481762 -0.876302 -0
    outer loop
      vertex 1.60748 2.53298 30
      vertex 1.27734 2.71448 28.5
      vertex 1.60748 2.53298 28.5
    endloop
  endfacet
  facet normal 0.481762 -0.876302 0
    outer loop
      vertex -1.60748 2.53298 28.5
      vertex -1.27734 2.71448 30
      vertex -1.60748 2.53298 30
    endloop
  endfacet
  facet normal 0.481762 -0.876302 0
    outer loop
      vertex -1.27734 2.71448 30
      vertex -1.60748 2.53298 28.5
      vertex -1.27734 2.71448 28.5
    endloop
  endfacet
  facet normal -0.904828 -0.425778 0
    outer loop
      vertex 2.78933 1.10437 28.5
      vertex 2.62892 1.44526 30
      vertex 2.62892 1.44526 28.5
    endloop
  endfacet
  facet normal -0.904828 -0.425778 0
    outer loop
      vertex 2.62892 1.44526 30
      vertex 2.78933 1.10437 28.5
      vertex 2.78933 1.10437 30
    endloop
  endfacet
  facet normal -0.998026 0.0628015 0
    outer loop
      vertex 2.97634 -0.375999 28.5
      vertex 3 0 30
      vertex 3 0 28.5
    endloop
  endfacet
  facet normal -0.998026 0.0628015 0
    outer loop
      vertex 3 0 30
      vertex 2.97634 -0.375999 28.5
      vertex 2.97634 -0.375999 30
    endloop
  endfacet
  facet normal 0.998026 -0.0628015 0
    outer loop
      vertex -3 0 30
      vertex -2.97634 0.375999 28.5
      vertex -2.97634 0.375999 30
    endloop
  endfacet
  facet normal 0.998026 -0.0628015 0
    outer loop
      vertex -2.97634 0.375999 28.5
      vertex -3 0 30
      vertex -3 0 28.5
    endloop
  endfacet
  facet normal -0.125337 0.992114 0
    outer loop
      vertex 0.562143 -2.94686 28.5
      vertex 0.188371 -2.99408 30
      vertex 0.562143 -2.94686 30
    endloop
  endfacet
  facet normal -0.125337 0.992114 0
    outer loop
      vertex 0.188371 -2.99408 30
      vertex 0.562143 -2.94686 28.5
      vertex 0.188371 -2.99408 28.5
    endloop
  endfacet
  facet normal 0.951056 -0.309019 0
    outer loop
      vertex -2.90575 0.746069 30
      vertex -2.78933 1.10437 28.5
      vertex -2.78933 1.10437 30
    endloop
  endfacet
  facet normal 0.951056 -0.309019 0
    outer loop
      vertex -2.78933 1.10437 28.5
      vertex -2.90575 0.746069 30
      vertex -2.90575 0.746069 28.5
    endloop
  endfacet
  facet normal -0.844331 -0.535822 0
    outer loop
      vertex 2.62892 1.44526 28.5
      vertex 2.42705 1.76336 30
      vertex 2.42705 1.76336 28.5
    endloop
  endfacet
  facet normal -0.844331 -0.535822 0
    outer loop
      vertex 2.42705 1.76336 30
      vertex 2.62892 1.44526 28.5
      vertex 2.62892 1.44526 30
    endloop
  endfacet
  facet normal -0.951056 0.309019 0
    outer loop
      vertex 2.78933 -1.10437 28.5
      vertex 2.90575 -0.746069 30
      vertex 2.90575 -0.746069 28.5
    endloop
  endfacet
  facet normal -0.951056 0.309019 0
    outer loop
      vertex 2.90575 -0.746069 30
      vertex 2.78933 -1.10437 28.5
      vertex 2.78933 -1.10437 30
    endloop
  endfacet
  facet normal 0.684541 -0.728974 0
    outer loop
      vertex -2.18691 2.05364 28.5
      vertex -1.91227 2.31154 30
      vertex -2.18691 2.05364 30
    endloop
  endfacet
  facet normal 0.684541 -0.728974 0
    outer loop
      vertex -1.91227 2.31154 30
      vertex -2.18691 2.05364 28.5
      vertex -1.91227 2.31154 28.5
    endloop
  endfacet
  facet normal 0.248684 0.968585 -0
    outer loop
      vertex -0.562143 -2.94686 28.5
      vertex -0.927051 -2.85317 30
      vertex -0.562143 -2.94686 30
    endloop
  endfacet
  facet normal 0.248684 0.968585 0
    outer loop
      vertex -0.927051 -2.85317 30
      vertex -0.562143 -2.94686 28.5
      vertex -0.927051 -2.85317 28.5
    endloop
  endfacet
  facet normal -0.248684 0.968585 0
    outer loop
      vertex 0.927051 -2.85317 28.5
      vertex 0.562143 -2.94686 30
      vertex 0.927051 -2.85317 30
    endloop
  endfacet
  facet normal -0.248684 0.968585 0
    outer loop
      vertex 0.562143 -2.94686 30
      vertex 0.927051 -2.85317 28.5
      vertex 0.562143 -2.94686 28.5
    endloop
  endfacet
  facet normal -0.125337 -0.992114 0
    outer loop
      vertex 0.188371 2.99408 28.5
      vertex 0.562143 2.94686 30
      vertex 0.188371 2.99408 30
    endloop
  endfacet
  facet normal -0.125337 -0.992114 -0
    outer loop
      vertex 0.562143 2.94686 30
      vertex 0.188371 2.99408 28.5
      vertex 0.562143 2.94686 28.5
    endloop
  endfacet
  facet normal -0.98229 0.187369 0
    outer loop
      vertex 2.90575 -0.746069 28.5
      vertex 2.97634 -0.375999 30
      vertex 2.97634 -0.375999 28.5
    endloop
  endfacet
  facet normal -0.98229 0.187369 0
    outer loop
      vertex 2.97634 -0.375999 30
      vertex 2.90575 -0.746069 28.5
      vertex 2.90575 -0.746069 30
    endloop
  endfacet
  facet normal 0.98229 0.187369 0
    outer loop
      vertex -2.90575 -0.746069 30
      vertex -2.97634 -0.375999 28.5
      vertex -2.97634 -0.375999 30
    endloop
  endfacet
  facet normal 0.98229 0.187369 0
    outer loop
      vertex -2.97634 -0.375999 28.5
      vertex -2.90575 -0.746069 30
      vertex -2.90575 -0.746069 28.5
    endloop
  endfacet
  facet normal 0 1 -0
    outer loop
      vertex 0.188371 -2.99408 28.5
      vertex -0.188371 -2.99408 30
      vertex 0.188371 -2.99408 30
    endloop
  endfacet
  facet normal 0 1 0
    outer loop
      vertex -0.188371 -2.99408 30
      vertex 0.188371 -2.99408 28.5
      vertex -0.188371 -2.99408 28.5
    endloop
  endfacet
  facet normal -0.58778 -0.809021 0
    outer loop
      vertex 1.60748 2.53298 28.5
      vertex 1.91227 2.31154 30
      vertex 1.60748 2.53298 30
    endloop
  endfacet
  facet normal -0.58778 -0.809021 -0
    outer loop
      vertex 1.91227 2.31154 30
      vertex 1.60748 2.53298 28.5
      vertex 1.91227 2.31154 28.5
    endloop
  endfacet
  facet normal -0.481762 0.876302 0
    outer loop
      vertex 1.60748 -2.53298 28.5
      vertex 1.27734 -2.71448 30
      vertex 1.60748 -2.53298 30
    endloop
  endfacet
  facet normal -0.481762 0.876302 0
    outer loop
      vertex 1.27734 -2.71448 30
      vertex 1.60748 -2.53298 28.5
      vertex 1.27734 -2.71448 28.5
    endloop
  endfacet
  facet normal 0.368126 -0.929776 0
    outer loop
      vertex -1.27734 2.71448 28.5
      vertex -0.927051 2.85317 30
      vertex -1.27734 2.71448 30
    endloop
  endfacet
  facet normal 0.368126 -0.929776 0
    outer loop
      vertex -0.927051 2.85317 30
      vertex -1.27734 2.71448 28.5
      vertex -0.927051 2.85317 28.5
    endloop
  endfacet
  facet normal 0.904828 -0.425778 0
    outer loop
      vertex -2.78933 1.10437 30
      vertex -2.62892 1.44526 28.5
      vertex -2.62892 1.44526 30
    endloop
  endfacet
  facet normal 0.904828 -0.425778 0
    outer loop
      vertex -2.62892 1.44526 28.5
      vertex -2.78933 1.10437 30
      vertex -2.78933 1.10437 28.5
    endloop
  endfacet
  facet normal -0.684541 0.728974 0
    outer loop
      vertex 2.18691 -2.05364 28.5
      vertex 1.91227 -2.31154 30
      vertex 2.18691 -2.05364 30
    endloop
  endfacet
  facet normal -0.684541 0.728974 0
    outer loop
      vertex 1.91227 -2.31154 30
      vertex 2.18691 -2.05364 28.5
      vertex 1.91227 -2.31154 28.5
    endloop
  endfacet
  facet normal 0.58778 -0.809021 0
    outer loop
      vertex -1.91227 2.31154 28.5
      vertex -1.60748 2.53298 30
      vertex -1.91227 2.31154 30
    endloop
  endfacet
  facet normal 0.58778 -0.809021 0
    outer loop
      vertex -1.60748 2.53298 30
      vertex -1.91227 2.31154 28.5
      vertex -1.60748 2.53298 28.5
    endloop
  endfacet
  facet normal -0.368126 -0.929776 0
    outer loop
      vertex 0.927051 2.85317 28.5
      vertex 1.27734 2.71448 30
      vertex 0.927051 2.85317 30
    endloop
  endfacet
  facet normal -0.368126 -0.929776 -0
    outer loop
      vertex 1.27734 2.71448 30
      vertex 0.927051 2.85317 28.5
      vertex 1.27734 2.71448 28.5
    endloop
  endfacet
  facet normal 0.904828 0.425778 0
    outer loop
      vertex -2.62892 -1.44526 30
      vertex -2.78933 -1.10437 28.5
      vertex -2.78933 -1.10437 30
    endloop
  endfacet
  facet normal 0.904828 0.425778 0
    outer loop
      vertex -2.78933 -1.10437 28.5
      vertex -2.62892 -1.44526 30
      vertex -2.62892 -1.44526 28.5
    endloop
  endfacet
  facet normal 0.770514 0.637423 0
    outer loop
      vertex -2.18691 -2.05364 30
      vertex -2.42705 -1.76336 28.5
      vertex -2.42705 -1.76336 30
    endloop
  endfacet
  facet normal 0.770514 0.637423 0
    outer loop
      vertex -2.42705 -1.76336 28.5
      vertex -2.18691 -2.05364 30
      vertex -2.18691 -2.05364 28.5
    endloop
  endfacet
  facet normal -0.844331 0.535822 0
    outer loop
      vertex 2.42705 -1.76336 28.5
      vertex 2.62892 -1.44526 30
      vertex 2.62892 -1.44526 28.5
    endloop
  endfacet
  facet normal -0.844331 0.535822 0
    outer loop
      vertex 2.62892 -1.44526 30
      vertex 2.42705 -1.76336 28.5
      vertex 2.42705 -1.76336 30
    endloop
  endfacet
  facet normal -0.770514 -0.637423 0
    outer loop
      vertex 2.42705 1.76336 28.5
      vertex 2.18691 2.05364 30
      vertex 2.18691 2.05364 28.5
    endloop
  endfacet
  facet normal -0.770514 -0.637423 0
    outer loop
      vertex 2.18691 2.05364 30
      vertex 2.42705 1.76336 28.5
      vertex 2.42705 1.76336 30
    endloop
  endfacet
  facet normal -0.951056 -0.309019 0
    outer loop
      vertex 2.90575 0.746069 28.5
      vertex 2.78933 1.10437 30
      vertex 2.78933 1.10437 28.5
    endloop
  endfacet
  facet normal -0.951056 -0.309019 0
    outer loop
      vertex 2.78933 1.10437 30
      vertex 2.90575 0.746069 28.5
      vertex 2.90575 0.746069 30
    endloop
  endfacet
  facet normal 0.248684 -0.968585 0
    outer loop
      vertex -0.927051 2.85317 28.5
      vertex -0.562143 2.94686 30
      vertex -0.927051 2.85317 30
    endloop
  endfacet
  facet normal 0.248684 -0.968585 0
    outer loop
      vertex -0.562143 2.94686 30
      vertex -0.927051 2.85317 28.5
      vertex -0.562143 2.94686 28.5
    endloop
  endfacet
  facet normal 0.844331 0.535822 0
    outer loop
      vertex -2.42705 -1.76336 30
      vertex -2.62892 -1.44526 28.5
      vertex -2.62892 -1.44526 30
    endloop
  endfacet
  facet normal 0.844331 0.535822 0
    outer loop
      vertex -2.62892 -1.44526 28.5
      vertex -2.42705 -1.76336 30
      vertex -2.42705 -1.76336 28.5
    endloop
  endfacet
  facet normal 0.368126 0.929776 -0
    outer loop
      vertex -0.927051 -2.85317 28.5
      vertex -1.27734 -2.71448 30
      vertex -0.927051 -2.85317 30
    endloop
  endfacet
  facet normal 0.368126 0.929776 0
    outer loop
      vertex -1.27734 -2.71448 30
      vertex -0.927051 -2.85317 28.5
      vertex -1.27734 -2.71448 28.5
    endloop
  endfacet
  facet normal 0 -1 0
    outer loop
      vertex -0.188371 2.99408 28.5
      vertex 0.188371 2.99408 30
      vertex -0.188371 2.99408 30
    endloop
  endfacet
  facet normal 0 -1 -0
    outer loop
      vertex 0.188371 2.99408 30
      vertex -0.188371 2.99408 28.5
      vertex 0.188371 2.99408 28.5
    endloop
  endfacet
  facet normal 0.998026 0.0628015 0
    outer loop
      vertex -2.97634 -0.375999 30
      vertex -3 0 28.5
      vertex -3 0 30
    endloop
  endfacet
  facet normal 0.998026 0.0628015 0
    outer loop
      vertex -3 0 28.5
      vertex -2.97634 -0.375999 30
      vertex -2.97634 -0.375999 28.5
    endloop
  endfacet
  facet normal 0.125337 -0.992114 0
    outer loop
      vertex -0.562143 2.94686 28.5
      vertex -0.188371 2.99408 30
      vertex -0.562143 2.94686 30
    endloop
  endfacet
  facet normal 0.125337 -0.992114 0
    outer loop
      vertex -0.188371 2.99408 30
      vertex -0.562143 2.94686 28.5
      vertex -0.188371 2.99408 28.5
    endloop
  endfacet
  facet normal 0 0 1
    outer loop
      vertex 2.97634 0.375999 28.5
      vertex 2.97634 -0.375999 28.5
      vertex 3 0 28.5
    endloop
  endfacet
  facet normal 0 0 1
    outer loop
      vertex 2.90575 0.746069 28.5
      vertex 2.97634 -0.375999 28.5
      vertex 2.97634 0.375999 28.5
    endloop
  endfacet
  facet normal 0 0 1
    outer loop
      vertex 2.90575 0.746069 28.5
      vertex 2.90575 -0.746069 28.5
      vertex 2.97634 -0.375999 28.5
    endloop
  endfacet
  facet normal 0 0 1
    outer loop
      vertex 2.78933 1.10437 28.5
      vertex 2.90575 -0.746069 28.5
      vertex 2.90575 0.746069 28.5
    endloop
  endfacet
  facet normal 0 0 1
    outer loop
      vertex 2.78933 1.10437 28.5
      vertex 2.78933 -1.10437 28.5
      vertex 2.90575 -0.746069 28.5
    endloop
  endfacet
  facet normal 0 0 1
    outer loop
      vertex 2.62892 1.44526 28.5
      vertex 2.78933 -1.10437 28.5
      vertex 2.78933 1.10437 28.5
    endloop
  endfacet
  facet normal 0 0 1
    outer loop
      vertex 2.62892 1.44526 28.5
      vertex 2.62892 -1.44526 28.5
      vertex 2.78933 -1.10437 28.5
    endloop
  endfacet
  facet normal 0 0 1
    outer loop
      vertex 2.42705 1.76336 28.5
      vertex 2.62892 -1.44526 28.5
      vertex 2.62892 1.44526 28.5
    endloop
  endfacet
  facet normal 0 0 1
    outer loop
      vertex 2.42705 1.76336 28.5
      vertex 2.42705 -1.76336 28.5
      vertex 2.62892 -1.44526 28.5
    endloop
  endfacet
  facet normal 0 0 1
    outer loop
      vertex 2.18691 2.05364 28.5
      vertex 2.42705 -1.76336 28.5
      vertex 2.42705 1.76336 28.5
    endloop
  endfacet
  facet normal 0 0 1
    outer loop
      vertex 2.18691 2.05364 28.5
      vertex 2.18691 -2.05364 28.5
      vertex 2.42705 -1.76336 28.5
    endloop
  endfacet
  facet normal 0 0 1
    outer loop
      vertex 1.91227 2.31154 28.5
      vertex 2.18691 -2.05364 28.5
      vertex 2.18691 2.05364 28.5
    endloop
  endfacet
  facet normal 0 0 1
    outer loop
      vertex 1.91227 2.31154 28.5
      vertex 1.91227 -2.31154 28.5
      vertex 2.18691 -2.05364 28.5
    endloop
  endfacet
  facet normal 0 0 1
    outer loop
      vertex 1.60748 2.53298 28.5
      vertex 1.91227 -2.31154 28.5
      vertex 1.91227 2.31154 28.5
    endloop
  endfacet
  facet normal 0 0 1
    outer loop
      vertex 1.60748 2.53298 28.5
      vertex 1.60748 -2.53298 28.5
      vertex 1.91227 -2.31154 28.5
    endloop
  endfacet
  facet normal 0 0 1
    outer loop
      vertex 1.27734 2.71448 28.5
      vertex 1.60748 -2.53298 28.5
      vertex 1.60748 2.53298 28.5
    endloop
  endfacet
  facet normal 0 0 1
    outer loop
      vertex 1.27734 2.71448 28.5
      vertex 1.27734 -2.71448 28.5
      vertex 1.60748 -2.53298 28.5
    endloop
  endfacet
  facet normal 0 0 1
    outer loop
      vertex 0.927051 2.85317 28.5
      vertex 1.27734 -2.71448 28.5
      vertex 1.27734 2.71448 28.5
    endloop
  endfacet
  facet normal 0 0 1
    outer loop
      vertex 0.927051 2.85317 28.5
      vertex 0.927051 -2.85317 28.5
      vertex 1.27734 -2.71448 28.5
    endloop
  endfacet
  facet normal 0 0 1
    outer loop
      vertex 0.562143 2.94686 28.5
      vertex 0.927051 -2.85317 28.5
      vertex 0.927051 2.85317 28.5
    endloop
  endfacet
  facet normal 0 0 1
    outer loop
      vertex 0.562143 2.94686 28.5
      vertex 0.562143 -2.94686 28.5
      vertex 0.927051 -2.85317 28.5
    endloop
  endfacet
  facet normal 0 0 1
    outer loop
      vertex 0.188371 2.99408 28.5
      vertex 0.562143 -2.94686 28.5
      vertex 0.562143 2.94686 28.5
    endloop
  endfacet
  facet normal 0 0 1
    outer loop
      vertex 0.188371 2.99408 28.5
      vertex 0.188371 -2.99408 28.5
      vertex 0.562143 -2.94686 28.5
    endloop
  endfacet
  facet normal -0 0 1
    outer loop
      vertex -0.188371 2.99408 28.5
      vertex 0.188371 -2.99408 28.5
      vertex 0.188371 2.99408 28.5
    endloop
  endfacet
  facet normal 0 0 1
    outer loop
      vertex -0.188371 2.99408 28.5
      vertex -0.188371 -2.99408 28.5
      vertex 0.188371 -2.99408 28.5
    endloop
  endfacet
  facet normal -0 0 1
    outer loop
      vertex -0.562143 2.94686 28.5
      vertex -0.188371 -2.99408 28.5
      vertex -0.188371 2.99408 28.5
    endloop
  endfacet
  facet normal 0 0 1
    outer loop
      vertex -0.562143 2.94686 28.5
      vertex -0.562143 -2.94686 28.5
      vertex -0.188371 -2.99408 28.5
    endloop
  endfacet
  facet normal -0 0 1
    outer loop
      vertex -0.927051 2.85317 28.5
      vertex -0.562143 -2.94686 28.5
      vertex -0.562143 2.94686 28.5
    endloop
  endfacet
  facet normal 0 0 1
    outer loop
      vertex -0.927051 2.85317 28.5
      vertex -0.927051 -2.85317 28.5
      vertex -0.562143 -2.94686 28.5
    endloop
  endfacet
  facet normal -0 0 1
    outer loop
      vertex -1.27734 2.71448 28.5
      vertex -0.927051 -2.85317 28.5
      vertex -0.927051 2.85317 28.5
    endloop
  endfacet
  facet normal 0 0 1
    outer loop
      vertex -1.27734 2.71448 28.5
      vertex -1.27734 -2.71448 28.5
      vertex -0.927051 -2.85317 28.5
    endloop
  endfacet
  facet normal -0 0 1
    outer loop
      vertex -1.60748 2.53298 28.5
      vertex -1.27734 -2.71448 28.5
      vertex -1.27734 2.71448 28.5
    endloop
  endfacet
  facet normal 0 0 1
    outer loop
      vertex -1.60748 2.53298 28.5
      vertex -1.60748 -2.53298 28.5
      vertex -1.27734 -2.71448 28.5
    endloop
  endfacet
  facet normal -0 0 1
    outer loop
      vertex -1.91227 2.31154 28.5
      vertex -1.60748 -2.53298 28.5
      vertex -1.60748 2.53298 28.5
    endloop
  endfacet
  facet normal 0 0 1
    outer loop
      vertex -1.91227 2.31154 28.5
      vertex -1.91227 -2.31154 28.5
      vertex -1.60748 -2.53298 28.5
    endloop
  endfacet
  facet normal -0 0 1
    outer loop
      vertex -2.18691 2.05364 28.5
      vertex -1.91227 -2.31154 28.5
      vertex -1.91227 2.31154 28.5
    endloop
  endfacet
  facet normal 0 0 1
    outer loop
      vertex -2.18691 2.05364 28.5
      vertex -2.18691 -2.05364 28.5
      vertex -1.91227 -2.31154 28.5
    endloop
  endfacet
  facet normal -0 0 1
    outer loop
      vertex -2.42705 1.76336 28.5
      vertex -2.18691 -2.05364 28.5
      vertex -2.18691 2.05364 28.5
    endloop
  endfacet
  facet normal 0 0 1
    outer loop
      vertex -2.42705 1.76336 28.5
      vertex -2.42705 -1.76336 28.5
      vertex -2.18691 -2.05364 28.5
    endloop
  endfacet
  facet normal -0 0 1
    outer loop
      vertex -2.62892 1.44526 28.5
      vertex -2.42705 -1.76336 28.5
      vertex -2.42705 1.76336 28.5
    endloop
  endfacet
  facet normal 0 0 1
    outer loop
      vertex -2.62892 1.44526 28.5
      vertex -2.62892 -1.44526 28.5
      vertex -2.42705 -1.76336 28.5
    endloop
  endfacet
  facet normal -0 0 1
    outer loop
      vertex -2.78933 1.10437 28.5
      vertex -2.62892 -1.44526 28.5
      vertex -2.62892 1.44526 28.5
    endloop
  endfacet
  facet normal 0 0 1
    outer loop
      vertex -2.78933 1.10437 28.5
      vertex -2.78933 -1.10437 28.5
      vertex -2.62892 -1.44526 28.5
    endloop
  endfacet
  facet normal -0 0 1
    outer loop
      vertex -2.90575 0.746069 28.5
      vertex -2.78933 -1.10437 28.5
      vertex -2.78933 1.10437 28.5
    endloop
  endfacet
  facet normal 0 0 1
    outer loop
      vertex -2.90575 0.746069 28.5
      vertex -2.90575 -0.746069 28.5
      vertex -2.78933 -1.10437 28.5
    endloop
  endfacet
  facet normal -0 0 1
    outer loop
      vertex -2.97634 0.375999 28.5
      vertex -2.90575 -0.746069 28.5
      vertex -2.90575 0.746069 28.5
    endloop
  endfacet
  facet normal 0 0 1
    outer loop
      vertex -2.97634 0.375999 28.5
      vertex -2.97634 -0.375999 28.5
      vertex -2.90575 -0.746069 28.5
    endloop
  endfacet
  facet normal 0 -0 1
    outer loop
      vertex -2.97634 -0.375999 28.5
      vertex -2.97634 0.375999 28.5
      vertex -3 0 28.5
    endloop
  endfacet
  facet normal 0.481762 0.876302 -0
    outer loop
      vertex -1.27734 -2.71448 28.5
      vertex -1.60748 -2.53298 30
      vertex -1.27734 -2.71448 30
    endloop
  endfacet
  facet normal 0.481762 0.876302 0
    outer loop
      vertex -1.60748 -2.53298 30
      vertex -1.27734 -2.71448 28.5
      vertex -1.60748 -2.53298 28.5
    endloop
  endfacet
  facet normal 0.844331 -0.535822 0
    outer loop
      vertex -2.62892 1.44526 30
      vertex -2.42705 1.76336 28.5
      vertex -2.42705 1.76336 30
    endloop
  endfacet
  facet normal 0.844331 -0.535822 0
    outer loop
      vertex -2.42705 1.76336 28.5
      vertex -2.62892 1.44526 30
      vertex -2.62892 1.44526 28.5
    endloop
  endfacet
  facet normal 0.951056 0.309019 0
    outer loop
      vertex -2.78933 -1.10437 30
      vertex -2.90575 -0.746069 28.5
      vertex -2.90575 -0.746069 30
    endloop
  endfacet
  facet normal 0.951056 0.309019 0
    outer loop
      vertex -2.90575 -0.746069 28.5
      vertex -2.78933 -1.10437 30
      vertex -2.78933 -1.10437 28.5
    endloop
  endfacet
  facet normal -0.770514 0.637423 0
    outer loop
      vertex 2.18691 -2.05364 28.5
      vertex 2.42705 -1.76336 30
      vertex 2.42705 -1.76336 28.5
    endloop
  endfacet
  facet normal -0.770514 0.637423 0
    outer loop
      vertex 2.42705 -1.76336 30
      vertex 2.18691 -2.05364 28.5
      vertex 2.18691 -2.05364 30
    endloop
  endfacet
endsolid OpenSCAD_Model
