solid OpenSCAD_Model
  facet normal -0.0747213 0.000135146 0.997204
    outer loop
      vertex 5.955 0.752291 19.969
      vertex 7.41232 0 20.0783
      vertex 6.18541 1.23035 19.9862
    endloop
  endfacet
  facet normal -0.0748106 0.00462797 0.997187
    outer loop
      vertex 6.00198 -0.00129319 19.9725
      vertex 7.41232 0 20.0783
      vertex 6.00206 0 19.9725
    endloop
  endfacet
  facet normal -0.0748106 -0.00462797 0.997187
    outer loop
      vertex 7.41232 0 20.0783
      vertex 6.00198 0.00129319 19.9725
      vertex 6.00206 0 19.9725
    endloop
  endfacet
  facet normal -0.0748072 -3.22895e-05 0.997198
    outer loop
      vertex 7.41232 0 20.0783
      vertex 5.955 0.752291 19.969
      vertex 6.00198 0.00129319 19.9725
    endloop
  endfacet
  facet normal -0.0748038 0.00017513 0.997198
    outer loop
      vertex 5.955 0.752291 19.969
      vertex 6.18541 1.23035 19.9862
      vertex 5.87599 1.16881 19.963
    endloop
  endfacet
  facet normal -0.0748072 3.22895e-05 0.997198
    outer loop
      vertex 5.955 -0.752291 19.969
      vertex 7.41232 0 20.0783
      vertex 6.00198 -0.00129319 19.9725
    endloop
  endfacet
  facet normal -0.0747213 -0.000135146 0.997204
    outer loop
      vertex 7.41232 0 20.0783
      vertex 5.955 -0.752291 19.969
      vertex 6.18541 -1.23035 19.9862
    endloop
  endfacet
  facet normal -0.0748038 -0.00017513 0.997198
    outer loop
      vertex 6.18541 -1.23035 19.9862
      vertex 5.955 -0.752291 19.969
      vertex 5.87599 -1.16881 19.963
    endloop
  endfacet
  facet normal -0.705103 0.707131 -0.0528833
    outer loop
      vertex 7.10973 1.41421 5.20358
      vertex 7.49794 1.41421 0.0275078
      vertex 7.23662 1.28705 1.81141
    endloop
  endfacet
  facet normal -0.704837 0.707398 -0.0528518
    outer loop
      vertex 7.10973 1.41421 5.20358
      vertex 6.44756 1.2766 12.1925
      vertex 6.41578 1.27618 12.6107
    endloop
  endfacet
  facet normal -0.705112 0.707121 -0.0528833
    outer loop
      vertex 6.44756 1.2766 12.1925
      vertex 7.10973 1.41421 5.20358
      vertex 7.23662 1.28705 1.81141
    endloop
  endfacet
  facet normal 0.705123 0.70711 0.052885
    outer loop
      vertex 7.41232 0 20.0783
      vertex 6.32346 1.25781 17.7784
      vertex 6.18541 1.23035 19.9862
    endloop
  endfacet
  facet normal 0.705124 0.707109 0.0528842
    outer loop
      vertex 7.41232 0 20.0783
      vertex 7.10973 1.41421 5.20358
      vertex 6.32346 1.25781 17.7784
    endloop
  endfacet
  facet normal 0.705125 0.707109 0.0528841
    outer loop
      vertex 8.90819 0 0.133277
      vertex 7.10973 1.41421 5.20358
      vertex 7.41232 0 20.0783
    endloop
  endfacet
  facet normal 0.705126 0.707107 0.0528851
    outer loop
      vertex 7.10973 1.41421 5.20358
      vertex 8.90819 0 0.133277
      vertex 7.49794 1.41421 0.0275078
    endloop
  endfacet
  facet normal 0.0747903 0 -0.997199
    outer loop
      vertex 7.49794 -1.06107e-05 0.0275078
      vertex 8.90819 0 0.133277
      vertex 7.49794 -1.41421 0.0275078
    endloop
  endfacet
  facet normal 0.0747903 0 -0.997199
    outer loop
      vertex 8.90819 0 0.133277
      vertex 7.49794 -1.06107e-05 0.0275078
      vertex 7.49794 0 0.0275078
    endloop
  endfacet
  facet normal 0.0747903 0 -0.997199
    outer loop
      vertex 7.49794 1.06107e-05 0.0275078
      vertex 8.90819 0 0.133277
      vertex 7.49794 0 0.0275078
    endloop
  endfacet
  facet normal 0.0747903 0 -0.997199
    outer loop
      vertex 8.90819 0 0.133277
      vertex 7.49794 1.06107e-05 0.0275078
      vertex 7.49794 1.41421 0.0275078
    endloop
  endfacet
  facet normal -0.705103 -0.707131 -0.0528833
    outer loop
      vertex 7.49794 -1.41421 0.0275078
      vertex 7.10973 -1.41421 5.20358
      vertex 7.23662 -1.28705 1.81141
    endloop
  endfacet
  facet normal -0.704837 -0.707398 -0.0528518
    outer loop
      vertex 6.44756 -1.2766 12.1925
      vertex 7.10973 -1.41421 5.20358
      vertex 6.41578 -1.27618 12.6107
    endloop
  endfacet
  facet normal -0.705112 -0.707121 -0.0528833
    outer loop
      vertex 7.10973 -1.41421 5.20358
      vertex 6.44756 -1.2766 12.1925
      vertex 7.23662 -1.28705 1.81141
    endloop
  endfacet
  facet normal 0.0747899 0 -0.997199
    outer loop
      vertex 7.4392 0.938913 0.0231023
      vertex 7.49794 1.41421 0.0275078
      vertex 7.49794 1.06107e-05 0.0275078
    endloop
  endfacet
  facet normal 0.072418 0.000294756 -0.997374
    outer loop
      vertex 7.43914 0.939781 0.0230982
      vertex 7.49794 1.41421 0.0275078
      vertex 7.4392 0.938913 0.0231023
    endloop
  endfacet
  facet normal 0.0755329 -9.34378e-05 -0.997143
    outer loop
      vertex 7.43898 0.940636 0.023086
      vertex 7.49794 1.41421 0.0275078
      vertex 7.43914 0.939781 0.0230982
    endloop
  endfacet
  facet normal 0.0747873 -8.40321e-08 -0.9972
    outer loop
      vertex 7.49794 1.41421 0.0275078
      vertex 7.43898 0.940636 0.023086
      vertex 7.37293 1.28886 0.0181324
    endloop
  endfacet
  facet normal 0.0747899 0 -0.997199
    outer loop
      vertex 7.49794 -1.41421 0.0275078
      vertex 7.4392 -0.938913 0.0231023
      vertex 7.49794 -1.06107e-05 0.0275078
    endloop
  endfacet
  facet normal 0.072418 -0.000294756 -0.997374
    outer loop
      vertex 7.49794 -1.41421 0.0275078
      vertex 7.43914 -0.939781 0.0230982
      vertex 7.4392 -0.938913 0.0231023
    endloop
  endfacet
  facet normal 0.0755329 9.34378e-05 -0.997143
    outer loop
      vertex 7.49794 -1.41421 0.0275078
      vertex 7.43898 -0.940636 0.023086
      vertex 7.43914 -0.939781 0.0230982
    endloop
  endfacet
  facet normal 0.0747873 8.40321e-08 -0.9972
    outer loop
      vertex 7.43898 -0.940636 0.023086
      vertex 7.49794 -1.41421 0.0275078
      vertex 7.37293 -1.28886 0.0181324
    endloop
  endfacet
  facet normal 0.705123 -0.70711 0.052885
    outer loop
      vertex 6.32346 -1.25781 17.7784
      vertex 7.41232 0 20.0783
      vertex 6.18541 -1.23035 19.9862
    endloop
  endfacet
  facet normal 0.705124 -0.707109 0.0528842
    outer loop
      vertex 7.10973 -1.41421 5.20358
      vertex 7.41232 0 20.0783
      vertex 6.32346 -1.25781 17.7784
    endloop
  endfacet
  facet normal 0.705125 -0.707109 0.0528841
    outer loop
      vertex 7.10973 -1.41421 5.20358
      vertex 8.90819 0 0.133277
      vertex 7.41232 0 20.0783
    endloop
  endfacet
  facet normal 0.705126 -0.707107 0.0528851
    outer loop
      vertex 8.90819 0 0.133277
      vertex 7.10973 -1.41421 5.20358
      vertex 7.49794 -1.41421 0.0275078
    endloop
  endfacet
  facet normal -0.705095 -0.707138 -0.0528817
    outer loop
      vertex 7.49794 -1.41421 0.0275078
      vertex 7.23662 -1.28705 1.81141
      vertex 7.37293 -1.28886 0.0181324
    endloop
  endfacet
  facet normal -0.705095 0.707138 -0.0528817
    outer loop
      vertex 7.37293 1.28886 0.0181324
      vertex 7.23662 1.28705 1.81141
      vertex 7.49794 1.41421 0.0275078
    endloop
  endfacet
  facet normal -0.0691085 -0.0286667 0.997197
    outer loop
      vertex 5.81336 1.49417 19.968
      vertex 6.18541 1.23035 19.9862
      vertex 6.84809 2.83657 20.0783
    endloop
  endfacet
  facet normal -0.0690578 -0.0287154 0.997199
    outer loop
      vertex 6.18541 1.23035 19.9862
      vertex 5.81411 1.49126 19.968
      vertex 5.87599 1.16881 19.963
    endloop
  endfacet
  facet normal -0.0567487 -0.0111197 0.998327
    outer loop
      vertex 6.18541 1.23035 19.9862
      vertex 5.81382 1.49274 19.968
      vertex 5.81411 1.49126 19.968
    endloop
  endfacet
  facet normal -0.0632339 -0.020341 0.997791
    outer loop
      vertex 6.18541 1.23035 19.9862
      vertex 5.81336 1.49417 19.968
      vertex 5.81382 1.49274 19.968
    endloop
  endfacet
  facet normal -0.0691488 -0.0286355 0.997195
    outer loop
      vertex 6.84809 2.83657 20.0783
      vertex 5.58058 2.20951 19.9724
      vertex 5.81336 1.49417 19.968
    endloop
  endfacet
  facet normal -0.0675961 -0.031776 0.997207
    outer loop
      vertex 6.84809 2.83657 20.0783
      vertex 5.58003 2.21068 19.9724
      vertex 5.58058 2.20951 19.9724
    endloop
  endfacet
  facet normal -0.0690149 -0.0288998 0.997197
    outer loop
      vertex 5.58003 2.21068 19.9724
      vertex 6.84809 2.83657 20.0783
      vertex 5.54042 2.29492 19.9721
    endloop
  endfacet
  facet normal -0.922058 0.383422 -0.0528847
    outer loop
      vertex 6.31806 4.01124 0.0180749
      vertex 6.02734 4.02734 5.20358
      vertex 6.38599 4.1759 0.0275078
    endloop
  endfacet
  facet normal -0.922049 0.383443 -0.0528842
    outer loop
      vertex 6.02734 4.02734 5.20358
      vertex 6.31806 4.01124 0.0180749
      vertex 5.44524 3.63839 12.5325
    endloop
  endfacet
  facet normal -0.069115 -0.0286583 0.997197
    outer loop
      vertex 6.84809 2.83657 20.0783
      vertex 5.25982 2.89161 19.9698
      vertex 5.54042 2.29492 19.9721
    endloop
  endfacet
  facet normal -0.0691109 -0.0285328 0.997201
    outer loop
      vertex 6.84809 2.83657 20.0783
      vertex 5.24373 3.50375 19.9862
      vertex 5.25982 2.89161 19.9698
    endloop
  endfacet
  facet normal -0.0688361 -0.0285261 0.99722
    outer loop
      vertex 5.0883 3.39989 19.9725
      vertex 5.25982 2.89161 19.9698
      vertex 5.24373 3.50375 19.9862
    endloop
  endfacet
  facet normal -0.0695096 -0.0287531 0.997167
    outer loop
      vertex 5.25982 2.89161 19.9698
      vertex 5.0883 3.39989 19.9725
      vertex 4.98265 3.3293 19.9631
    endloop
  endfacet
  facet normal -0.379664 -0.923618 -0.0527809
    outer loop
      vertex 6.431 1.28221 12.3957
      vertex 7.10973 1.41421 5.20358
      vertex 6.41578 1.27618 12.6107
    endloop
  endfacet
  facet normal -0.380872 -0.923114 -0.0528857
    outer loop
      vertex 7.1829 1.57998 1.78313
      vertex 7.10973 1.41421 5.20358
      vertex 6.431 1.28221 12.3957
    endloop
  endfacet
  facet normal -0.380869 -0.923115 -0.0528857
    outer loop
      vertex 7.10973 1.41421 5.20358
      vertex 7.1829 1.57998 1.78313
      vertex 7.46839 1.56277 0.0275078
    endloop
  endfacet
  facet normal 0.380849 0.923124 0.0528848
    outer loop
      vertex 6.84809 2.83657 20.0783
      vertex 6.02734 4.02734 5.20359
      vertex 5.24373 3.50375 19.9862
    endloop
  endfacet
  facet normal 0.380854 0.923122 0.0528844
    outer loop
      vertex 8.23009 3.40902 0.133277
      vertex 6.02734 4.02734 5.20359
      vertex 6.84809 2.83657 20.0783
    endloop
  endfacet
  facet normal 0.270258 0.962788 0
    outer loop
      vertex 6.02734 4.02734 5.20359
      vertex 8.23009 3.40902 0.133277
      vertex 6.02734 4.02734 5.20358
    endloop
  endfacet
  facet normal 0.380853 0.923122 0.0528841
    outer loop
      vertex 6.02734 4.02734 5.20358
      vertex 8.23009 3.40902 0.133277
      vertex 6.38599 4.1759 0.0275078
    endloop
  endfacet
  facet normal 0.92205 -0.383442 0.0528839
    outer loop
      vertex 6.84809 2.83657 20.0783
      vertex 6.32346 1.25781 17.7784
      vertex 8.23009 3.40902 0.133277
    endloop
  endfacet
  facet normal 0.922049 -0.383443 0.052885
    outer loop
      vertex 6.32346 1.25781 17.7784
      vertex 6.84809 2.83657 20.0783
      vertex 6.18541 1.23035 19.9862
    endloop
  endfacet
  facet normal 0.0690984 0.0286229 -0.997199
    outer loop
      vertex 7.26278 1.86476 0.0219287
      vertex 7.46839 1.56277 0.0275078
      vertex 7.30794 1.6295 0.0183052
    endloop
  endfacet
  facet normal 0.0690935 0.0286196 -0.9972
    outer loop
      vertex 6.97173 2.75919 0.0274327
      vertex 7.46839 1.56277 0.0275078
      vertex 7.26278 1.86476 0.0219287
    endloop
  endfacet
  facet normal 0.0675564 0.0279815 -0.997323
    outer loop
      vertex 6.97141 2.76018 0.0274388
      vertex 7.46839 1.56277 0.0275078
      vertex 6.97173 2.75919 0.0274327
    endloop
  endfacet
  facet normal 0.066736 0.0278481 -0.997382
    outer loop
      vertex 6.38599 4.1759 0.0275078
      vertex 6.5711 3.61146 0.0241339
      vertex 6.57071 3.61228 0.0241307
    endloop
  endfacet
  facet normal 0.0692396 0.0286801 -0.997188
    outer loop
      vertex 6.97141 2.76018 0.0274388
      vertex 6.38599 4.1759 0.0275078
      vertex 7.46839 1.56277 0.0275078
    endloop
  endfacet
  facet normal 0.0690982 0.0286217 -0.997199
    outer loop
      vertex 6.5711 3.61146 0.0241339
      vertex 6.38599 4.1759 0.0275078
      vertex 6.97141 2.76018 0.0274388
    endloop
  endfacet
  facet normal 0.0714498 0.0293907 -0.997011
    outer loop
      vertex 6.57023 3.61305 0.024119
      vertex 6.38599 4.1759 0.0275078
      vertex 6.57071 3.61228 0.0241307
    endloop
  endfacet
  facet normal 0.0690959 0.0286214 -0.997199
    outer loop
      vertex 6.38599 4.1759 0.0275078
      vertex 6.57023 3.61305 0.024119
      vertex 6.31806 4.01124 0.0180749
    endloop
  endfacet
  facet normal -0.380881 -0.92311 -0.0528879
    outer loop
      vertex 7.46839 1.56277 0.0275078
      vertex 7.1829 1.57998 1.78313
      vertex 7.30794 1.6295 0.0183052
    endloop
  endfacet
  facet normal 0.0690971 0.0286211 -0.997199
    outer loop
      vertex 7.46839 1.56277 0.0275078
      vertex 6.38599 4.1759 0.0275078
      vertex 8.23009 3.40902 0.133277
    endloop
  endfacet
  facet normal 0.922051 -0.38344 0.0528843
    outer loop
      vertex 7.10973 1.41421 5.20358
      vertex 8.23009 3.40902 0.133277
      vertex 6.32346 1.25781 17.7784
    endloop
  endfacet
  facet normal 0.922052 -0.383437 0.0528856
    outer loop
      vertex 8.23009 3.40902 0.133277
      vertex 7.10973 1.41421 5.20358
      vertex 7.46839 1.56277 0.0275078
    endloop
  endfacet
  facet normal -0.0525277 -0.0529315 0.997216
    outer loop
      vertex 5.2413 5.2413 20.0783
      vertex 5.0883 3.39989 19.9725
      vertex 5.24373 3.50375 19.9862
    endloop
  endfacet
  facet normal -0.0529315 -0.0525277 0.997216
    outer loop
      vertex 3.39989 5.0883 19.9725
      vertex 5.2413 5.2413 20.0783
      vertex 3.50375 5.24373 19.9862
    endloop
  endfacet
  facet normal -0.0528996 -0.0528996 0.997198
    outer loop
      vertex 5.2413 5.2413 20.0783
      vertex 3.39989 5.0883 19.9725
      vertex 5.0883 3.39989 19.9725
    endloop
  endfacet
  facet normal -0.0530234 -0.053427 0.997163
    outer loop
      vertex 5.0883 3.39989 19.9725
      vertex 4.85694 3.52685 19.967
      vertex 4.98265 3.3293 19.9631
    endloop
  endfacet
  facet normal -0.0364943 -0.0232237 0.999064
    outer loop
      vertex 5.0883 3.39989 19.9725
      vertex 4.8561 3.52817 19.967
      vertex 4.85694 3.52685 19.967
    endloop
  endfacet
  facet normal -0.0528284 -0.0528698 0.997203
    outer loop
      vertex 5.0883 3.39989 19.9725
      vertex 4.37616 4.1077 19.9723
      vertex 4.8561 3.52817 19.967
    endloop
  endfacet
  facet normal -0.00153287 -0.00125968 0.999998
    outer loop
      vertex 5.0883 3.39989 19.9725
      vertex 4.37533 4.10871 19.9723
      vertex 4.37616 4.1077 19.9723
    endloop
  endfacet
  facet normal -0.00284939 -0.00304149 0.999991
    outer loop
      vertex 3.39989 5.0883 19.9725
      vertex 4.37438 4.1096 19.9723
      vertex 4.37533 4.10871 19.9723
    endloop
  endfacet
  facet normal -0.0480812 -0.0480812 0.997686
    outer loop
      vertex 3.39989 5.0883 19.9725
      vertex 4.37533 4.10871 19.9723
      vertex 5.0883 3.39989 19.9725
    endloop
  endfacet
  facet normal -0.0535668 -0.0535401 0.997128
    outer loop
      vertex 4.37438 4.1096 19.9723
      vertex 3.39989 5.0883 19.9725
      vertex 3.82595 4.62478 19.9705
    endloop
  endfacet
  facet normal -0.00965866 -0.0131923 0.999866
    outer loop
      vertex 3.39989 5.0883 19.9725
      vertex 3.82483 4.6256 19.9705
      vertex 3.82595 4.62478 19.9705
    endloop
  endfacet
  facet normal -0.0527052 -0.0527145 0.997218
    outer loop
      vertex 3.82483 4.6256 19.9705
      vertex 3.39989 5.0883 19.9725
      vertex 3.33093 4.9851 19.9634
    endloop
  endfacet
  facet normal -0.00140663 0.9986 0.0528849
    outer loop
      vertex 5.2413 5.2413 20.0783
      vertex 4.02734 6.02734 5.20359
      vertex 3.50375 5.24373 19.9862
    endloop
  endfacet
  facet normal -0.00139678 0.9986 0.0528841
    outer loop
      vertex 4.02734 6.02734 5.20359
      vertex 5.2413 5.2413 20.0783
      vertex 4.30184 6.30184 0.0275078
    endloop
  endfacet
  facet normal -0.9986 0.00140247 -0.0528836
    outer loop
      vertex 3.95499 5.77153 6.56298
      vertex 4.02734 6.02734 5.20358
      vertex 4.20747 6.02856 1.80222
    endloop
  endfacet
  facet normal -0.9986 0.00139464 -0.052885
    outer loop
      vertex 4.02734 6.02734 5.20358
      vertex 3.95499 5.77153 6.56298
      vertex 3.64672 5.4577 12.3756
    endloop
  endfacet
  facet normal -0.9986 0.00140787 -0.0528836
    outer loop
      vertex 4.02734 6.02734 5.20358
      vertex 4.30184 6.30184 0.0275078
      vertex 4.20747 6.02856 1.80222
    endloop
  endfacet
  facet normal -0.707107 0.707107 0
    outer loop
      vertex 4.30184 6.30184 0.0275078
      vertex 4.02734 6.02734 5.20358
      vertex 4.02734 6.02734 5.20359
    endloop
  endfacet
  facet normal 0.9986 -0.00140068 0.0528842
    outer loop
      vertex 6.29904 6.29904 0.133277
      vertex 5.2413 5.2413 20.0783
      vertex 6.30184 4.30184 0.0275078
    endloop
  endfacet
  facet normal 0.9986 -0.00139678 0.0528841
    outer loop
      vertex 5.2413 5.2413 20.0783
      vertex 6.02734 4.02734 5.20359
      vertex 6.30184 4.30184 0.0275078
    endloop
  endfacet
  facet normal 0.9986 -0.00140663 0.0528849
    outer loop
      vertex 5.2413 5.2413 20.0783
      vertex 5.24373 3.50375 19.9862
      vertex 6.02734 4.02734 5.20359
    endloop
  endfacet
  facet normal 0.0528874 0.0528877 -0.997199
    outer loop
      vertex 6.06638 4.40748 0.0206227
      vertex 6.30184 4.30184 0.0275078
      vertex 6.13345 4.30208 0.0185898
    endloop
  endfacet
  facet normal 0.053001 0.0531421 -0.997179
    outer loop
      vertex 6.06588 4.40808 0.0206281
      vertex 6.30184 4.30184 0.0275078
      vertex 6.06638 4.40748 0.0206227
    endloop
  endfacet
  facet normal 0.0528862 0.052886 -0.997199
    outer loop
      vertex 5.46578 5.1327 0.0272318
      vertex 6.30184 4.30184 0.0275078
      vertex 6.06588 4.40808 0.0206281
    endloop
  endfacet
  facet normal 0.048698 0.0490732 -0.997607
    outer loop
      vertex 4.30184 6.30184 0.0275078
      vertex 4.78017 5.77676 0.0250282
      vertex 4.77948 5.7774 0.025026
    endloop
  endfacet
  facet normal 0.052928 0.052928 -0.997195
    outer loop
      vertex 5.46578 5.1327 0.0272318
      vertex 4.30184 6.30184 0.0275078
      vertex 6.30184 4.30184 0.0275078
    endloop
  endfacet
  facet normal 0.052889 0.0528892 -0.997199
    outer loop
      vertex 4.78017 5.77676 0.0250282
      vertex 4.30184 6.30184 0.0275078
      vertex 5.46578 5.1327 0.0272318
    endloop
  endfacet
  facet normal 0.052887 0.0528865 -0.997199
    outer loop
      vertex 4.30184 6.30184 0.0275078
      vertex 4.77948 5.7774 0.025026
      vertex 4.30209 6.12489 0.0181365
    endloop
  endfacet
  facet normal 0.00140127 -0.9986 -0.0528839
    outer loop
      vertex 6.30184 4.30184 0.0275078
      vertex 6.02734 4.02734 5.20358
      vertex 6.03913 4.21112 1.7336
    endloop
  endfacet
  facet normal 0.707107 -0.707107 0
    outer loop
      vertex 6.02734 4.02734 5.20358
      vertex 6.30184 4.30184 0.0275078
      vertex 6.02734 4.02734 5.20359
    endloop
  endfacet
  facet normal 0.00141506 -0.9986 -0.0528839
    outer loop
      vertex 5.44524 3.63839 12.5325
      vertex 6.03913 4.21112 1.7336
      vertex 6.02734 4.02734 5.20358
    endloop
  endfacet
  facet normal 0.0528846 0.0528846 -0.997199
    outer loop
      vertex 6.30184 4.30184 0.0275078
      vertex 4.30184 6.30184 0.0275078
      vertex 6.29904 6.29904 0.133277
    endloop
  endfacet
  facet normal -0.00140068 0.9986 0.0528842
    outer loop
      vertex 6.29904 6.29904 0.133277
      vertex 4.30184 6.30184 0.0275078
      vertex 5.2413 5.2413 20.0783
    endloop
  endfacet
  facet normal 0.00137768 -0.9986 -0.0528875
    outer loop
      vertex 6.30184 4.30184 0.0275078
      vertex 6.03913 4.21112 1.7336
      vertex 6.13345 4.30208 0.0185898
    endloop
  endfacet
  facet normal -0.9986 0.00139002 -0.0528863
    outer loop
      vertex 4.30209 6.12489 0.0181365
      vertex 4.20747 6.02856 1.80222
      vertex 4.30184 6.30184 0.0275078
    endloop
  endfacet
  facet normal -0.0288554 -0.0686518 0.997223
    outer loop
      vertex 3.39989 5.0883 19.9725
      vertex 3.21633 5.06813 19.9658
      vertex 3.33093 4.9851 19.9634
    endloop
  endfacet
  facet normal -0.0288596 -0.0686137 0.997226
    outer loop
      vertex 3.50375 5.24373 19.9862
      vertex 3.21633 5.06813 19.9658
      vertex 3.39989 5.0883 19.9725
    endloop
  endfacet
  facet normal -0.0285653 -0.0691243 0.997199
    outer loop
      vertex 2.55673 5.43023 19.972
      vertex 3.50375 5.24373 19.9862
      vertex 2.83657 6.84809 20.0783
    endloop
  endfacet
  facet normal -0.0285606 -0.0691003 0.997201
    outer loop
      vertex 3.50375 5.24373 19.9862
      vertex 2.55673 5.43023 19.972
      vertex 3.21633 5.06813 19.9658
    endloop
  endfacet
  facet normal -0.0366669 -0.0675137 0.997044
    outer loop
      vertex 2.83657 6.84809 20.0783
      vertex 2.55557 5.43086 19.972
      vertex 2.55673 5.43023 19.972
    endloop
  endfacet
  facet normal -0.0285196 -0.0691407 0.997199
    outer loop
      vertex 2.55557 5.43086 19.972
      vertex 2.83657 6.84809 20.0783
      vertex 2.29266 5.53498 19.9717
    endloop
  endfacet
  facet normal 0.0286211 0.0690971 -0.997199
    outer loop
      vertex 4.1759 6.38599 0.0275078
      vertex 1.56277 7.46839 0.0275078
      vertex 3.40902 8.23009 0.133277
    endloop
  endfacet
  facet normal -0.383443 0.922049 0.052885
    outer loop
      vertex 2.83657 6.84809 20.0783
      vertex 1.25781 6.32346 17.7784
      vertex 1.23035 6.18541 19.9862
    endloop
  endfacet
  facet normal -0.383442 0.92205 0.0528839
    outer loop
      vertex 1.25781 6.32346 17.7784
      vertex 2.83657 6.84809 20.0783
      vertex 3.40902 8.23009 0.133277
    endloop
  endfacet
  facet normal -0.0287201 -0.0690576 0.997199
    outer loop
      vertex 2.83657 6.84809 20.0783
      vertex 1.85604 5.7079 19.9711
      vertex 2.29266 5.53498 19.9717
    endloop
  endfacet
  facet normal -0.0275746 -0.0700394 0.997163
    outer loop
      vertex 2.83657 6.84809 20.0783
      vertex 1.85477 5.7084 19.9711
      vertex 1.85604 5.7079 19.9711
    endloop
  endfacet
  facet normal -0.0197657 -0.0767375 0.996855
    outer loop
      vertex 2.83657 6.84809 20.0783
      vertex 1.85345 5.70874 19.9711
      vertex 1.85477 5.7084 19.9711
    endloop
  endfacet
  facet normal -0.0286792 -0.0690786 0.997199
    outer loop
      vertex 1.23035 6.18541 19.9862
      vertex 1.85345 5.70874 19.9711
      vertex 2.83657 6.84809 20.0783
    endloop
  endfacet
  facet normal -0.0285604 -0.0689237 0.997213
    outer loop
      vertex 1.85345 5.70874 19.9711
      vertex 1.23035 6.18541 19.9862
      vertex 1.17053 5.88466 19.9637
    endloop
  endfacet
  facet normal -0.923113 -0.380876 -0.0528861
    outer loop
      vertex 1.57979 7.18608 1.76357
      vertex 1.41421 7.10973 5.20358
      vertex 1.56277 7.46839 0.0275078
    endloop
  endfacet
  facet normal -0.923125 -0.380846 -0.0528861
    outer loop
      vertex 1.50443 7.00048 4.41553
      vertex 1.41421 7.10973 5.20358
      vertex 1.57979 7.18608 1.76357
    endloop
  endfacet
  facet normal -0.92312 -0.380859 -0.0528837
    outer loop
      vertex 1.41421 7.10973 5.20358
      vertex 1.50443 7.00048 4.41553
      vertex 1.28497 6.45997 12.139
    endloop
  endfacet
  facet normal -0.38344 0.922051 0.0528843
    outer loop
      vertex 3.40902 8.23009 0.133277
      vertex 1.41421 7.10973 5.20358
      vertex 1.25781 6.32346 17.7784
    endloop
  endfacet
  facet normal -0.383437 0.922052 0.0528856
    outer loop
      vertex 1.41421 7.10973 5.20358
      vertex 3.40902 8.23009 0.133277
      vertex 1.56277 7.46839 0.0275078
    endloop
  endfacet
  facet normal -0.923117 -0.380864 -0.0528842
    outer loop
      vertex 1.57979 7.18608 1.76357
      vertex 1.56277 7.46839 0.0275078
      vertex 1.62938 7.30822 0.0183215
    endloop
  endfacet
  facet normal 0.383446 -0.922048 -0.0528844
    outer loop
      vertex 4.01456 6.29604 0.426089
      vertex 4.02734 6.02734 5.20358
      vertex 3.64672 5.4577 12.3756
    endloop
  endfacet
  facet normal 0.383416 -0.92206 -0.052885
    outer loop
      vertex 4.01456 6.29604 0.426089
      vertex 4.1759 6.38599 0.0275078
      vertex 4.02734 6.02734 5.20358
    endloop
  endfacet
  facet normal 0.383438 -0.922052 -0.0528744
    outer loop
      vertex 4.1759 6.38599 0.0275078
      vertex 4.01456 6.29604 0.426089
      vertex 4.0271 6.3246 0.0189831
    endloop
  endfacet
  facet normal 0.0286151 0.0691136 -0.997198
    outer loop
      vertex 4.01851 6.33082 0.0191677
      vertex 4.1759 6.38599 0.0275078
      vertex 4.0271 6.3246 0.0189831
    endloop
  endfacet
  facet normal 0.0285395 0.0693273 -0.997186
    outer loop
      vertex 4.01793 6.33124 0.0191803
      vertex 4.1759 6.38599 0.0275078
      vertex 4.01851 6.33082 0.0191677
    endloop
  endfacet
  facet normal 0.0287854 0.0686242 -0.997227
    outer loop
      vertex 4.0173 6.33159 0.0191862
      vertex 4.1759 6.38599 0.0275078
      vertex 4.01793 6.33124 0.0191803
    endloop
  endfacet
  facet normal 0.0286216 0.0690975 -0.997199
    outer loop
      vertex 3.19249 6.78438 0.026887
      vertex 4.1759 6.38599 0.0275078
      vertex 4.0173 6.33159 0.0191862
    endloop
  endfacet
  facet normal 0.0286156 0.0690838 -0.9972
    outer loop
      vertex 1.56277 7.46839 0.0275078
      vertex 3.19154 6.78475 0.0268858
      vertex 2.31703 7.13108 0.0257839
    endloop
  endfacet
  facet normal 0.0286378 0.0691373 -0.997196
    outer loop
      vertex 3.19249 6.78438 0.026887
      vertex 1.56277 7.46839 0.0275078
      vertex 4.1759 6.38599 0.0275078
    endloop
  endfacet
  facet normal 0.0224017 0.0542804 -0.998274
    outer loop
      vertex 3.19154 6.78475 0.0268858
      vertex 1.56277 7.46839 0.0275078
      vertex 3.19249 6.78438 0.026887
    endloop
  endfacet
  facet normal 0.0286207 0.0690953 -0.997199
    outer loop
      vertex 1.56277 7.46839 0.0275078
      vertex 2.31703 7.13108 0.0257839
      vertex 1.62938 7.30822 0.0183215
    endloop
  endfacet
  facet normal 0.923122 0.380854 0.0528844
    outer loop
      vertex 4.02734 6.02734 5.20359
      vertex 3.40902 8.23009 0.133277
      vertex 2.83657 6.84809 20.0783
    endloop
  endfacet
  facet normal 0.962788 0.270258 -0
    outer loop
      vertex 4.02734 6.02734 5.20358
      vertex 3.40902 8.23009 0.133277
      vertex 4.02734 6.02734 5.20359
    endloop
  endfacet
  facet normal 0.923124 0.380849 0.0528848
    outer loop
      vertex 4.02734 6.02734 5.20359
      vertex 2.83657 6.84809 20.0783
      vertex 3.50375 5.24373 19.9862
    endloop
  endfacet
  facet normal 0.923122 0.380853 0.0528841
    outer loop
      vertex 3.40902 8.23009 0.133277
      vertex 4.02734 6.02734 5.20358
      vertex 4.1759 6.38599 0.0275078
    endloop
  endfacet
  facet normal 0.000558816 -0.074715 0.997205
    outer loop
      vertex 1.23035 6.18541 19.9862
      vertex 1.12479 5.89633 19.9646
      vertex 1.17053 5.88466 19.9637
    endloop
  endfacet
  facet normal -0.00901181 -0.0712362 0.997419
    outer loop
      vertex 1.23035 6.18541 19.9862
      vertex 1.12313 5.89654 19.9646
      vertex 1.12479 5.89633 19.9646
    endloop
  endfacet
  facet normal -1.28618e-05 -0.0745612 0.997216
    outer loop
      vertex 1.23035 6.18541 19.9862
      vertex 0.376876 5.99029 19.9716
      vertex 1.12313 5.89654 19.9646
    endloop
  endfacet
  facet normal 4.4674e-05 -0.0748115 0.997198
    outer loop
      vertex 0 7.41232 20.0783
      vertex 0.376876 5.99029 19.9716
      vertex 1.23035 6.18541 19.9862
    endloop
  endfacet
  facet normal 0 -0.0748232 0.997197
    outer loop
      vertex 0 7.41232 20.0783
      vertex -0.376876 5.99029 19.9716
      vertex 0.376876 5.99029 19.9716
    endloop
  endfacet
  facet normal -4.4674e-05 -0.0748115 0.997198
    outer loop
      vertex -1.23035 6.18541 19.9862
      vertex -0.376876 5.99029 19.9716
      vertex 0 7.41232 20.0783
    endloop
  endfacet
  facet normal 1.28618e-05 -0.0745612 0.997216
    outer loop
      vertex -0.376876 5.99029 19.9716
      vertex -1.23035 6.18541 19.9862
      vertex -1.12313 5.89654 19.9646
    endloop
  endfacet
  facet normal 0.00901181 -0.0712362 0.997419
    outer loop
      vertex -1.12313 5.89654 19.9646
      vertex -1.23035 6.18541 19.9862
      vertex -1.12479 5.89633 19.9646
    endloop
  endfacet
  facet normal -0.000558816 -0.074715 0.997205
    outer loop
      vertex -1.12479 5.89633 19.9646
      vertex -1.23035 6.18541 19.9862
      vertex -1.17053 5.88466 19.9637
    endloop
  endfacet
  facet normal -0.707122 -0.705111 -0.0528835
    outer loop
      vertex -1.29239 6.77494 8.03854
      vertex -1.41421 7.10973 5.20358
      vertex -1.2949 7.25275 1.70132
    endloop
  endfacet
  facet normal -0.707136 -0.705098 -0.0528813
    outer loop
      vertex -1.41421 7.10973 5.20358
      vertex -1.29239 6.77494 8.03854
      vertex -1.28497 6.45997 12.139
    endloop
  endfacet
  facet normal -0.707129 -0.705104 -0.0528834
    outer loop
      vertex -1.41421 7.10973 5.20358
      vertex -1.41421 7.49794 0.0275078
      vertex -1.2949 7.25275 1.70132
    endloop
  endfacet
  facet normal -0.707107 0.705126 0.0528851
    outer loop
      vertex -1.41421 7.10973 5.20358
      vertex 0 8.90819 0.133277
      vertex -1.41421 7.49794 0.0275078
    endloop
  endfacet
  facet normal -0.707109 0.705125 0.0528841
    outer loop
      vertex 0 8.90819 0.133277
      vertex -1.41421 7.10973 5.20358
      vertex 0 7.41232 20.0783
    endloop
  endfacet
  facet normal -0.707109 0.705124 0.0528842
    outer loop
      vertex -1.25781 6.32346 17.7784
      vertex 0 7.41232 20.0783
      vertex -1.41421 7.10973 5.20358
    endloop
  endfacet
  facet normal -0.70711 0.705123 0.052885
    outer loop
      vertex 0 7.41232 20.0783
      vertex -1.25781 6.32346 17.7784
      vertex -1.23035 6.18541 19.9862
    endloop
  endfacet
  facet normal 0 0.0747903 -0.997199
    outer loop
      vertex 1.41421 7.49794 0.0275078
      vertex -1.41421 7.49794 0.0275078
      vertex 0 8.90819 0.133277
    endloop
  endfacet
  facet normal 0.707129 -0.705104 -0.0528834
    outer loop
      vertex 1.41421 7.49794 0.0275078
      vertex 1.41421 7.10973 5.20358
      vertex 1.2949 7.25275 1.70132
    endloop
  endfacet
  facet normal 0.707122 -0.705111 -0.0528835
    outer loop
      vertex 1.41421 7.10973 5.20358
      vertex 1.29239 6.77494 8.03854
      vertex 1.2949 7.25275 1.70132
    endloop
  endfacet
  facet normal 0.707136 -0.705098 -0.0528813
    outer loop
      vertex 1.29239 6.77494 8.03854
      vertex 1.41421 7.10973 5.20358
      vertex 1.28497 6.45997 12.139
    endloop
  endfacet
  facet normal -1.88052e-07 0.0747885 -0.997199
    outer loop
      vertex 0.47179 7.4831 0.026395
      vertex 1.41421 7.49794 0.0275078
      vertex 1.29556 7.37962 0.018634
    endloop
  endfacet
  facet normal -3.49407e-05 0.0769829 -0.997032
    outer loop
      vertex 0.470804 7.48322 0.0264043
      vertex 1.41421 7.49794 0.0275078
      vertex 0.47179 7.4831 0.026395
    endloop
  endfacet
  facet normal 0 0.0747563 -0.997202
    outer loop
      vertex -0.470804 7.48322 0.0264043
      vertex 1.41421 7.49794 0.0275078
      vertex 0.470804 7.48322 0.0264043
    endloop
  endfacet
  facet normal 1.88052e-07 0.0747885 -0.997199
    outer loop
      vertex -1.41421 7.49794 0.0275078
      vertex -0.47179 7.4831 0.026395
      vertex -1.29556 7.37962 0.018634
    endloop
  endfacet
  facet normal 0 0.0747563 -0.997202
    outer loop
      vertex -0.470804 7.48322 0.0264043
      vertex -1.41421 7.49794 0.0275078
      vertex 1.41421 7.49794 0.0275078
    endloop
  endfacet
  facet normal 3.49407e-05 0.0769829 -0.997032
    outer loop
      vertex -0.47179 7.4831 0.026395
      vertex -1.41421 7.49794 0.0275078
      vertex -0.470804 7.48322 0.0264043
    endloop
  endfacet
  facet normal 0.707109 0.705125 0.0528841
    outer loop
      vertex 1.41421 7.10973 5.20358
      vertex 0 8.90819 0.133277
      vertex 0 7.41232 20.0783
    endloop
  endfacet
  facet normal 0.707107 0.705126 0.0528851
    outer loop
      vertex 0 8.90819 0.133277
      vertex 1.41421 7.10973 5.20358
      vertex 1.41421 7.49794 0.0275078
    endloop
  endfacet
  facet normal 0.707109 0.705124 0.0528842
    outer loop
      vertex 0 7.41232 20.0783
      vertex 1.25781 6.32346 17.7784
      vertex 1.41421 7.10973 5.20358
    endloop
  endfacet
  facet normal 0.70711 0.705123 0.052885
    outer loop
      vertex 1.25781 6.32346 17.7784
      vertex 0 7.41232 20.0783
      vertex 1.23035 6.18541 19.9862
    endloop
  endfacet
  facet normal 0.707114 -0.705119 -0.0528868
    outer loop
      vertex 1.41421 7.49794 0.0275078
      vertex 1.2949 7.25275 1.70132
      vertex 1.29556 7.37962 0.018634
    endloop
  endfacet
  facet normal -0.707114 -0.705119 -0.0528868
    outer loop
      vertex -1.2949 7.25275 1.70132
      vertex -1.41421 7.49794 0.0275078
      vertex -1.29556 7.37962 0.018634
    endloop
  endfacet
  facet normal 0.0285604 -0.0689237 0.997213
    outer loop
      vertex -1.23035 6.18541 19.9862
      vertex -1.85345 5.70874 19.9711
      vertex -1.17053 5.88466 19.9637
    endloop
  endfacet
  facet normal 0.0286792 -0.0690786 0.997199
    outer loop
      vertex -2.83657 6.84809 20.0783
      vertex -1.85345 5.70874 19.9711
      vertex -1.23035 6.18541 19.9862
    endloop
  endfacet
  facet normal 0.0197657 -0.0767375 0.996855
    outer loop
      vertex -1.85345 5.70874 19.9711
      vertex -2.83657 6.84809 20.0783
      vertex -1.85477 5.7084 19.9711
    endloop
  endfacet
  facet normal 0.0275746 -0.0700394 0.997163
    outer loop
      vertex -1.85477 5.7084 19.9711
      vertex -2.83657 6.84809 20.0783
      vertex -1.85604 5.7079 19.9711
    endloop
  endfacet
  facet normal 0.0287201 -0.0690576 0.997199
    outer loop
      vertex -1.85604 5.7079 19.9711
      vertex -2.83657 6.84809 20.0783
      vertex -2.29266 5.53498 19.9717
    endloop
  endfacet
  facet normal -0.383446 -0.922048 -0.0528844
    outer loop
      vertex -4.02734 6.02734 5.20358
      vertex -4.01456 6.29604 0.426089
      vertex -3.64672 5.4577 12.3756
    endloop
  endfacet
  facet normal -0.383416 -0.92206 -0.052885
    outer loop
      vertex -4.1759 6.38599 0.0275078
      vertex -4.01456 6.29604 0.426089
      vertex -4.02734 6.02734 5.20358
    endloop
  endfacet
  facet normal -0.383438 -0.922052 -0.0528744
    outer loop
      vertex -4.01456 6.29604 0.426089
      vertex -4.1759 6.38599 0.0275078
      vertex -4.0271 6.3246 0.0189831
    endloop
  endfacet
  facet normal -0.923122 0.380853 0.0528841
    outer loop
      vertex -4.02734 6.02734 5.20358
      vertex -3.40902 8.23009 0.133277
      vertex -4.1759 6.38599 0.0275078
    endloop
  endfacet
  facet normal -0.962788 0.270258 0
    outer loop
      vertex -3.40902 8.23009 0.133277
      vertex -4.02734 6.02734 5.20358
      vertex -4.02734 6.02734 5.20359
    endloop
  endfacet
  facet normal -0.923122 0.380854 0.0528844
    outer loop
      vertex -3.40902 8.23009 0.133277
      vertex -4.02734 6.02734 5.20359
      vertex -2.83657 6.84809 20.0783
    endloop
  endfacet
  facet normal -0.923124 0.380849 0.0528848
    outer loop
      vertex -2.83657 6.84809 20.0783
      vertex -4.02734 6.02734 5.20359
      vertex -3.50375 5.24373 19.9862
    endloop
  endfacet
  facet normal 0.0285196 -0.0691407 0.997199
    outer loop
      vertex -2.83657 6.84809 20.0783
      vertex -2.55557 5.43086 19.972
      vertex -2.29266 5.53498 19.9717
    endloop
  endfacet
  facet normal 0.0366669 -0.0675137 0.997044
    outer loop
      vertex -2.83657 6.84809 20.0783
      vertex -2.55673 5.43023 19.972
      vertex -2.55557 5.43086 19.972
    endloop
  endfacet
  facet normal 0.0285653 -0.0691243 0.997199
    outer loop
      vertex -3.50375 5.24373 19.9862
      vertex -2.55673 5.43023 19.972
      vertex -2.83657 6.84809 20.0783
    endloop
  endfacet
  facet normal 0.0285606 -0.0691003 0.997201
    outer loop
      vertex -2.55673 5.43023 19.972
      vertex -3.50375 5.24373 19.9862
      vertex -3.21633 5.06813 19.9658
    endloop
  endfacet
  facet normal 0.0288554 -0.0686518 0.997223
    outer loop
      vertex -3.21633 5.06813 19.9658
      vertex -3.39989 5.0883 19.9725
      vertex -3.33093 4.9851 19.9634
    endloop
  endfacet
  facet normal 0.0288596 -0.0686137 0.997226
    outer loop
      vertex -3.21633 5.06813 19.9658
      vertex -3.50375 5.24373 19.9862
      vertex -3.39989 5.0883 19.9725
    endloop
  endfacet
  facet normal 0.923113 -0.380876 -0.0528861
    outer loop
      vertex -1.41421 7.10973 5.20358
      vertex -1.57979 7.18608 1.76357
      vertex -1.56277 7.46839 0.0275078
    endloop
  endfacet
  facet normal 0.923125 -0.380846 -0.0528861
    outer loop
      vertex -1.41421 7.10973 5.20358
      vertex -1.50443 7.00048 4.41553
      vertex -1.57979 7.18608 1.76357
    endloop
  endfacet
  facet normal 0.92312 -0.380859 -0.0528837
    outer loop
      vertex -1.50443 7.00048 4.41553
      vertex -1.41421 7.10973 5.20358
      vertex -1.28497 6.45997 12.139
    endloop
  endfacet
  facet normal 0.383443 0.922049 0.052885
    outer loop
      vertex -1.25781 6.32346 17.7784
      vertex -2.83657 6.84809 20.0783
      vertex -1.23035 6.18541 19.9862
    endloop
  endfacet
  facet normal 0.383442 0.92205 0.0528839
    outer loop
      vertex -2.83657 6.84809 20.0783
      vertex -1.25781 6.32346 17.7784
      vertex -3.40902 8.23009 0.133277
    endloop
  endfacet
  facet normal -0.0286207 0.0690953 -0.997199
    outer loop
      vertex -2.31703 7.13108 0.0257839
      vertex -1.56277 7.46839 0.0275078
      vertex -1.62938 7.30822 0.0183215
    endloop
  endfacet
  facet normal -0.0286156 0.0690838 -0.9972
    outer loop
      vertex -3.19154 6.78475 0.0268858
      vertex -1.56277 7.46839 0.0275078
      vertex -2.31703 7.13108 0.0257839
    endloop
  endfacet
  facet normal -0.0224017 0.0542804 -0.998274
    outer loop
      vertex -3.19249 6.78438 0.026887
      vertex -1.56277 7.46839 0.0275078
      vertex -3.19154 6.78475 0.0268858
    endloop
  endfacet
  facet normal -0.0287854 0.0686242 -0.997227
    outer loop
      vertex -4.1759 6.38599 0.0275078
      vertex -4.0173 6.33159 0.0191862
      vertex -4.01793 6.33124 0.0191803
    endloop
  endfacet
  facet normal -0.0286151 0.0691136 -0.997198
    outer loop
      vertex -4.1759 6.38599 0.0275078
      vertex -4.01851 6.33082 0.0191677
      vertex -4.0271 6.3246 0.0189831
    endloop
  endfacet
  facet normal -0.0286378 0.0691373 -0.997196
    outer loop
      vertex -3.19249 6.78438 0.026887
      vertex -4.1759 6.38599 0.0275078
      vertex -1.56277 7.46839 0.0275078
    endloop
  endfacet
  facet normal -0.0286216 0.0690975 -0.997199
    outer loop
      vertex -4.0173 6.33159 0.0191862
      vertex -4.1759 6.38599 0.0275078
      vertex -3.19249 6.78438 0.026887
    endloop
  endfacet
  facet normal -0.0285395 0.0693273 -0.997186
    outer loop
      vertex -4.01851 6.33082 0.0191677
      vertex -4.1759 6.38599 0.0275078
      vertex -4.01793 6.33124 0.0191803
    endloop
  endfacet
  facet normal 0.923117 -0.380864 -0.0528842
    outer loop
      vertex -1.57979 7.18608 1.76357
      vertex -1.62938 7.30822 0.0183215
      vertex -1.56277 7.46839 0.0275078
    endloop
  endfacet
  facet normal -0.0286211 0.0690971 -0.997199
    outer loop
      vertex -1.56277 7.46839 0.0275078
      vertex -4.1759 6.38599 0.0275078
      vertex -3.40902 8.23009 0.133277
    endloop
  endfacet
  facet normal 0.38344 0.922051 0.0528843
    outer loop
      vertex -1.41421 7.10973 5.20358
      vertex -3.40902 8.23009 0.133277
      vertex -1.25781 6.32346 17.7784
    endloop
  endfacet
  facet normal 0.383437 0.922052 0.0528856
    outer loop
      vertex -3.40902 8.23009 0.133277
      vertex -1.41421 7.10973 5.20358
      vertex -1.56277 7.46839 0.0275078
    endloop
  endfacet
  facet normal 0.0529315 -0.0525277 0.997216
    outer loop
      vertex -5.2413 5.2413 20.0783
      vertex -3.39989 5.0883 19.9725
      vertex -3.50375 5.24373 19.9862
    endloop
  endfacet
  facet normal 0.0528996 -0.0528996 0.997198
    outer loop
      vertex -3.39989 5.0883 19.9725
      vertex -5.2413 5.2413 20.0783
      vertex -5.0883 3.39989 19.9725
    endloop
  endfacet
  facet normal 0.0525277 -0.0529315 0.997216
    outer loop
      vertex -5.0883 3.39989 19.9725
      vertex -5.2413 5.2413 20.0783
      vertex -5.24373 3.50375 19.9862
    endloop
  endfacet
  facet normal 0.0527052 -0.0527145 0.997218
    outer loop
      vertex -3.39989 5.0883 19.9725
      vertex -3.82483 4.6256 19.9705
      vertex -3.33093 4.9851 19.9634
    endloop
  endfacet
  facet normal 0.00965866 -0.0131923 0.999866
    outer loop
      vertex -3.39989 5.0883 19.9725
      vertex -3.82595 4.62478 19.9705
      vertex -3.82483 4.6256 19.9705
    endloop
  endfacet
  facet normal 0.0535668 -0.0535401 0.997128
    outer loop
      vertex -3.39989 5.0883 19.9725
      vertex -4.37438 4.1096 19.9723
      vertex -3.82595 4.62478 19.9705
    endloop
  endfacet
  facet normal 0.00284939 -0.00304149 0.999991
    outer loop
      vertex -3.39989 5.0883 19.9725
      vertex -4.37533 4.10871 19.9723
      vertex -4.37438 4.1096 19.9723
    endloop
  endfacet
  facet normal 0.0530234 -0.053427 0.997163
    outer loop
      vertex -4.85694 3.52685 19.967
      vertex -5.0883 3.39989 19.9725
      vertex -4.98265 3.3293 19.9631
    endloop
  endfacet
  facet normal 0.0364943 -0.0232237 0.999064
    outer loop
      vertex -4.8561 3.52817 19.967
      vertex -5.0883 3.39989 19.9725
      vertex -4.85694 3.52685 19.967
    endloop
  endfacet
  facet normal 0.0528284 -0.0528698 0.997203
    outer loop
      vertex -4.37616 4.1077 19.9723
      vertex -5.0883 3.39989 19.9725
      vertex -4.8561 3.52817 19.967
    endloop
  endfacet
  facet normal 0.00153287 -0.00125968 0.999998
    outer loop
      vertex -4.37533 4.10871 19.9723
      vertex -5.0883 3.39989 19.9725
      vertex -4.37616 4.1077 19.9723
    endloop
  endfacet
  facet normal 0.0480812 -0.0480812 0.997686
    outer loop
      vertex -5.0883 3.39989 19.9725
      vertex -4.37533 4.10871 19.9723
      vertex -3.39989 5.0883 19.9725
    endloop
  endfacet
  facet normal -0.9986 -0.00139678 0.0528841
    outer loop
      vertex -6.02734 4.02734 5.20359
      vertex -5.2413 5.2413 20.0783
      vertex -6.30184 4.30184 0.0275078
    endloop
  endfacet
  facet normal -0.9986 -0.00140663 0.0528849
    outer loop
      vertex -5.24373 3.50375 19.9862
      vertex -5.2413 5.2413 20.0783
      vertex -6.02734 4.02734 5.20359
    endloop
  endfacet
  facet normal -0.707107 -0.707107 0
    outer loop
      vertex -6.30184 4.30184 0.0275078
      vertex -6.02734 4.02734 5.20358
      vertex -6.02734 4.02734 5.20359
    endloop
  endfacet
  facet normal -0.00140127 -0.9986 -0.0528839
    outer loop
      vertex -6.02734 4.02734 5.20358
      vertex -6.30184 4.30184 0.0275078
      vertex -6.03913 4.21112 1.7336
    endloop
  endfacet
  facet normal -0.00141506 -0.9986 -0.0528839
    outer loop
      vertex -5.44524 3.63839 12.5325
      vertex -6.02734 4.02734 5.20358
      vertex -6.03913 4.21112 1.7336
    endloop
  endfacet
  facet normal 0.00140068 0.9986 0.0528842
    outer loop
      vertex -4.30184 6.30184 0.0275078
      vertex -6.29904 6.29904 0.133277
      vertex -5.2413 5.2413 20.0783
    endloop
  endfacet
  facet normal 0.00140663 0.9986 0.0528849
    outer loop
      vertex -4.02734 6.02734 5.20359
      vertex -5.2413 5.2413 20.0783
      vertex -3.50375 5.24373 19.9862
    endloop
  endfacet
  facet normal 0.00139678 0.9986 0.0528841
    outer loop
      vertex -5.2413 5.2413 20.0783
      vertex -4.02734 6.02734 5.20359
      vertex -4.30184 6.30184 0.0275078
    endloop
  endfacet
  facet normal -0.052887 0.0528865 -0.997199
    outer loop
      vertex -4.77948 5.7774 0.025026
      vertex -4.30184 6.30184 0.0275078
      vertex -4.30209 6.12489 0.0181365
    endloop
  endfacet
  facet normal -0.048698 0.0490732 -0.997607
    outer loop
      vertex -4.78017 5.77676 0.0250282
      vertex -4.30184 6.30184 0.0275078
      vertex -4.77948 5.7774 0.025026
    endloop
  endfacet
  facet normal -0.052889 0.0528892 -0.997199
    outer loop
      vertex -5.46578 5.1327 0.0272318
      vertex -4.30184 6.30184 0.0275078
      vertex -4.78017 5.77676 0.0250282
    endloop
  endfacet
  facet normal -0.052928 0.052928 -0.997195
    outer loop
      vertex -5.46578 5.1327 0.0272318
      vertex -6.30184 4.30184 0.0275078
      vertex -4.30184 6.30184 0.0275078
    endloop
  endfacet
  facet normal -0.0528862 0.052886 -0.997199
    outer loop
      vertex -6.06588 4.40808 0.0206281
      vertex -6.30184 4.30184 0.0275078
      vertex -5.46578 5.1327 0.0272318
    endloop
  endfacet
  facet normal -0.053001 0.0531421 -0.997179
    outer loop
      vertex -6.06638 4.40748 0.0206227
      vertex -6.30184 4.30184 0.0275078
      vertex -6.06588 4.40808 0.0206281
    endloop
  endfacet
  facet normal -0.0528874 0.0528877 -0.997199
    outer loop
      vertex -6.30184 4.30184 0.0275078
      vertex -6.06638 4.40748 0.0206227
      vertex -6.13345 4.30208 0.0185898
    endloop
  endfacet
  facet normal 0.707107 0.707107 -0
    outer loop
      vertex -4.02734 6.02734 5.20358
      vertex -4.30184 6.30184 0.0275078
      vertex -4.02734 6.02734 5.20359
    endloop
  endfacet
  facet normal 0.9986 0.00140787 -0.0528836
    outer loop
      vertex -4.30184 6.30184 0.0275078
      vertex -4.02734 6.02734 5.20358
      vertex -4.20747 6.02856 1.80222
    endloop
  endfacet
  facet normal 0.9986 0.00140247 -0.0528836
    outer loop
      vertex -4.02734 6.02734 5.20358
      vertex -3.95499 5.77153 6.56298
      vertex -4.20747 6.02856 1.80222
    endloop
  endfacet
  facet normal 0.9986 0.00139464 -0.052885
    outer loop
      vertex -3.95499 5.77153 6.56298
      vertex -4.02734 6.02734 5.20358
      vertex -3.64672 5.4577 12.3756
    endloop
  endfacet
  facet normal -0.0528846 0.0528846 -0.997199
    outer loop
      vertex -4.30184 6.30184 0.0275078
      vertex -6.30184 4.30184 0.0275078
      vertex -6.29904 6.29904 0.133277
    endloop
  endfacet
  facet normal -0.9986 -0.00140068 0.0528842
    outer loop
      vertex -6.29904 6.29904 0.133277
      vertex -6.30184 4.30184 0.0275078
      vertex -5.2413 5.2413 20.0783
    endloop
  endfacet
  facet normal 0.9986 0.00139002 -0.0528863
    outer loop
      vertex -4.20747 6.02856 1.80222
      vertex -4.30209 6.12489 0.0181365
      vertex -4.30184 6.30184 0.0275078
    endloop
  endfacet
  facet normal -0.00137768 -0.9986 -0.0528875
    outer loop
      vertex -6.03913 4.21112 1.7336
      vertex -6.30184 4.30184 0.0275078
      vertex -6.13345 4.30208 0.0185898
    endloop
  endfacet
  facet normal 0.0691109 -0.0285328 0.997201
    outer loop
      vertex -5.24373 3.50375 19.9862
      vertex -6.84809 2.83657 20.0783
      vertex -5.25982 2.89161 19.9698
    endloop
  endfacet
  facet normal 0.069115 -0.0286583 0.997197
    outer loop
      vertex -5.25982 2.89161 19.9698
      vertex -6.84809 2.83657 20.0783
      vertex -5.54042 2.29492 19.9721
    endloop
  endfacet
  facet normal 0.0695096 -0.0287531 0.997167
    outer loop
      vertex -5.0883 3.39989 19.9725
      vertex -5.25982 2.89161 19.9698
      vertex -4.98265 3.3293 19.9631
    endloop
  endfacet
  facet normal 0.0688361 -0.0285261 0.99722
    outer loop
      vertex -5.25982 2.89161 19.9698
      vertex -5.0883 3.39989 19.9725
      vertex -5.24373 3.50375 19.9862
    endloop
  endfacet
  facet normal -0.0690971 0.0286211 -0.997199
    outer loop
      vertex -7.46839 1.56277 0.0275078
      vertex -8.23009 3.40902 0.133277
      vertex -6.38599 4.1759 0.0275078
    endloop
  endfacet
  facet normal -0.92205 -0.383442 0.0528839
    outer loop
      vertex -6.32346 1.25781 17.7784
      vertex -6.84809 2.83657 20.0783
      vertex -8.23009 3.40902 0.133277
    endloop
  endfacet
  facet normal -0.922049 -0.383443 0.052885
    outer loop
      vertex -6.84809 2.83657 20.0783
      vertex -6.32346 1.25781 17.7784
      vertex -6.18541 1.23035 19.9862
    endloop
  endfacet
  facet normal 0.0690149 -0.0288998 0.997197
    outer loop
      vertex -6.84809 2.83657 20.0783
      vertex -5.58003 2.21068 19.9724
      vertex -5.54042 2.29492 19.9721
    endloop
  endfacet
  facet normal 0.0691488 -0.0286355 0.997195
    outer loop
      vertex -6.84809 2.83657 20.0783
      vertex -5.81336 1.49417 19.968
      vertex -5.58058 2.20951 19.9724
    endloop
  endfacet
  facet normal 0.0690578 -0.0287154 0.997199
    outer loop
      vertex -5.81411 1.49126 19.968
      vertex -6.18541 1.23035 19.9862
      vertex -5.87599 1.16881 19.963
    endloop
  endfacet
  facet normal 0.0567487 -0.0111197 0.998327
    outer loop
      vertex -5.81382 1.49274 19.968
      vertex -6.18541 1.23035 19.9862
      vertex -5.81411 1.49126 19.968
    endloop
  endfacet
  facet normal 0.0691085 -0.0286667 0.997197
    outer loop
      vertex -6.18541 1.23035 19.9862
      vertex -5.81336 1.49417 19.968
      vertex -6.84809 2.83657 20.0783
    endloop
  endfacet
  facet normal 0.0675961 -0.031776 0.997207
    outer loop
      vertex -5.58003 2.21068 19.9724
      vertex -6.84809 2.83657 20.0783
      vertex -5.58058 2.20951 19.9724
    endloop
  endfacet
  facet normal 0.0632339 -0.020341 0.997791
    outer loop
      vertex -5.81336 1.49417 19.968
      vertex -6.18541 1.23035 19.9862
      vertex -5.81382 1.49274 19.968
    endloop
  endfacet
  facet normal 0.379664 -0.923618 -0.0527809
    outer loop
      vertex -7.10973 1.41421 5.20358
      vertex -6.431 1.28221 12.3957
      vertex -6.41578 1.27618 12.6107
    endloop
  endfacet
  facet normal 0.380872 -0.923114 -0.0528857
    outer loop
      vertex -7.10973 1.41421 5.20358
      vertex -7.1829 1.57998 1.78313
      vertex -6.431 1.28221 12.3957
    endloop
  endfacet
  facet normal 0.380869 -0.923115 -0.0528857
    outer loop
      vertex -7.1829 1.57998 1.78313
      vertex -7.10973 1.41421 5.20358
      vertex -7.46839 1.56277 0.0275078
    endloop
  endfacet
  facet normal -0.922052 -0.383437 0.0528856
    outer loop
      vertex -7.10973 1.41421 5.20358
      vertex -8.23009 3.40902 0.133277
      vertex -7.46839 1.56277 0.0275078
    endloop
  endfacet
  facet normal -0.922051 -0.38344 0.0528843
    outer loop
      vertex -8.23009 3.40902 0.133277
      vertex -7.10973 1.41421 5.20358
      vertex -6.32346 1.25781 17.7784
    endloop
  endfacet
  facet normal 0.380881 -0.92311 -0.0528879
    outer loop
      vertex -7.1829 1.57998 1.78313
      vertex -7.46839 1.56277 0.0275078
      vertex -7.30794 1.6295 0.0183052
    endloop
  endfacet
  facet normal 0.922058 0.383422 -0.0528847
    outer loop
      vertex -6.02734 4.02734 5.20358
      vertex -6.31806 4.01124 0.0180749
      vertex -6.38599 4.1759 0.0275078
    endloop
  endfacet
  facet normal 0.922049 0.383443 -0.0528842
    outer loop
      vertex -6.31806 4.01124 0.0180749
      vertex -6.02734 4.02734 5.20358
      vertex -5.44524 3.63839 12.5325
    endloop
  endfacet
  facet normal -0.0690959 0.0286214 -0.997199
    outer loop
      vertex -6.57023 3.61305 0.024119
      vertex -6.38599 4.1759 0.0275078
      vertex -6.31806 4.01124 0.0180749
    endloop
  endfacet
  facet normal -0.0714498 0.0293907 -0.997011
    outer loop
      vertex -6.57071 3.61228 0.0241307
      vertex -6.38599 4.1759 0.0275078
      vertex -6.57023 3.61305 0.024119
    endloop
  endfacet
  facet normal -0.066736 0.0278481 -0.997382
    outer loop
      vertex -6.5711 3.61146 0.0241339
      vertex -6.38599 4.1759 0.0275078
      vertex -6.57071 3.61228 0.0241307
    endloop
  endfacet
  facet normal -0.0690982 0.0286217 -0.997199
    outer loop
      vertex -6.97141 2.76018 0.0274388
      vertex -6.38599 4.1759 0.0275078
      vertex -6.5711 3.61146 0.0241339
    endloop
  endfacet
  facet normal -0.0692396 0.0286801 -0.997188
    outer loop
      vertex -6.97141 2.76018 0.0274388
      vertex -7.46839 1.56277 0.0275078
      vertex -6.38599 4.1759 0.0275078
    endloop
  endfacet
  facet normal -0.0675564 0.0279815 -0.997323
    outer loop
      vertex -6.97173 2.75919 0.0274327
      vertex -7.46839 1.56277 0.0275078
      vertex -6.97141 2.76018 0.0274388
    endloop
  endfacet
  facet normal -0.0690935 0.0286196 -0.9972
    outer loop
      vertex -7.26278 1.86476 0.0219287
      vertex -7.46839 1.56277 0.0275078
      vertex -6.97173 2.75919 0.0274327
    endloop
  endfacet
  facet normal -0.0690984 0.0286229 -0.997199
    outer loop
      vertex -7.46839 1.56277 0.0275078
      vertex -7.26278 1.86476 0.0219287
      vertex -7.30794 1.6295 0.0183052
    endloop
  endfacet
  facet normal -0.380849 0.923124 0.0528848
    outer loop
      vertex -6.02734 4.02734 5.20359
      vertex -6.84809 2.83657 20.0783
      vertex -5.24373 3.50375 19.9862
    endloop
  endfacet
  facet normal -0.270258 0.962788 0
    outer loop
      vertex -8.23009 3.40902 0.133277
      vertex -6.02734 4.02734 5.20359
      vertex -6.02734 4.02734 5.20358
    endloop
  endfacet
  facet normal -0.380854 0.923122 0.0528844
    outer loop
      vertex -6.02734 4.02734 5.20359
      vertex -8.23009 3.40902 0.133277
      vertex -6.84809 2.83657 20.0783
    endloop
  endfacet
  facet normal -0.380853 0.923122 0.0528841
    outer loop
      vertex -8.23009 3.40902 0.133277
      vertex -6.02734 4.02734 5.20358
      vertex -6.38599 4.1759 0.0275078
    endloop
  endfacet
  facet normal 0.705103 -0.707131 -0.0528833
    outer loop
      vertex -7.10973 -1.41421 5.20358
      vertex -7.49794 -1.41421 0.0275078
      vertex -7.23662 -1.28705 1.81141
    endloop
  endfacet
  facet normal 0.704837 -0.707398 -0.0528518
    outer loop
      vertex -7.10973 -1.41421 5.20358
      vertex -6.44756 -1.2766 12.1925
      vertex -6.41578 -1.27618 12.6107
    endloop
  endfacet
  facet normal 0.705112 -0.707121 -0.0528833
    outer loop
      vertex -6.44756 -1.2766 12.1925
      vertex -7.10973 -1.41421 5.20358
      vertex -7.23662 -1.28705 1.81141
    endloop
  endfacet
  facet normal -0.705123 -0.70711 0.052885
    outer loop
      vertex -7.41232 0 20.0783
      vertex -6.32346 -1.25781 17.7784
      vertex -6.18541 -1.23035 19.9862
    endloop
  endfacet
  facet normal -0.705124 -0.707109 0.0528842
    outer loop
      vertex -7.41232 0 20.0783
      vertex -7.10973 -1.41421 5.20358
      vertex -6.32346 -1.25781 17.7784
    endloop
  endfacet
  facet normal -0.705125 -0.707109 0.0528841
    outer loop
      vertex -8.90819 0 0.133277
      vertex -7.10973 -1.41421 5.20358
      vertex -7.41232 0 20.0783
    endloop
  endfacet
  facet normal -0.705126 -0.707107 0.0528851
    outer loop
      vertex -7.10973 -1.41421 5.20358
      vertex -8.90819 0 0.133277
      vertex -7.49794 -1.41421 0.0275078
    endloop
  endfacet
  facet normal 0.0748072 -3.22895e-05 0.997198
    outer loop
      vertex -7.41232 0 20.0783
      vertex -6.00198 0.00129319 19.9725
      vertex -5.955 0.752291 19.969
    endloop
  endfacet
  facet normal 0.0747213 0.000135146 0.997204
    outer loop
      vertex -7.41232 0 20.0783
      vertex -5.955 0.752291 19.969
      vertex -6.18541 1.23035 19.9862
    endloop
  endfacet
  facet normal 0.0748038 0.00017513 0.997198
    outer loop
      vertex -6.18541 1.23035 19.9862
      vertex -5.955 0.752291 19.969
      vertex -5.87599 1.16881 19.963
    endloop
  endfacet
  facet normal 0.0748106 0.00462797 0.997187
    outer loop
      vertex -7.41232 0 20.0783
      vertex -6.00198 -0.00129319 19.9725
      vertex -6.00206 0 19.9725
    endloop
  endfacet
  facet normal 0.0748106 -0.00462797 0.997187
    outer loop
      vertex -6.00198 0.00129319 19.9725
      vertex -7.41232 0 20.0783
      vertex -6.00206 0 19.9725
    endloop
  endfacet
  facet normal 0.0748038 -0.00017513 0.997198
    outer loop
      vertex -5.955 -0.752291 19.969
      vertex -6.18541 -1.23035 19.9862
      vertex -5.87599 -1.16881 19.963
    endloop
  endfacet
  facet normal 0.0748072 3.22895e-05 0.997198
    outer loop
      vertex -6.00198 -0.00129319 19.9725
      vertex -7.41232 0 20.0783
      vertex -5.955 -0.752291 19.969
    endloop
  endfacet
  facet normal 0.0747213 -0.000135146 0.997204
    outer loop
      vertex -5.955 -0.752291 19.969
      vertex -7.41232 0 20.0783
      vertex -6.18541 -1.23035 19.9862
    endloop
  endfacet
  facet normal -0.0747903 0 -0.997199
    outer loop
      vertex -8.90819 0 0.133277
      vertex -7.49794 -1.06107e-05 0.0275078
      vertex -7.49794 -1.41421 0.0275078
    endloop
  endfacet
  facet normal -0.0747903 0 -0.997199
    outer loop
      vertex -7.49794 -1.06107e-05 0.0275078
      vertex -8.90819 0 0.133277
      vertex -7.49794 0 0.0275078
    endloop
  endfacet
  facet normal -0.0747903 0 -0.997199
    outer loop
      vertex -8.90819 0 0.133277
      vertex -7.49794 1.06107e-05 0.0275078
      vertex -7.49794 0 0.0275078
    endloop
  endfacet
  facet normal -0.0747903 0 -0.997199
    outer loop
      vertex -7.49794 1.06107e-05 0.0275078
      vertex -8.90819 0 0.133277
      vertex -7.49794 1.41421 0.0275078
    endloop
  endfacet
  facet normal 0.704837 0.707398 -0.0528518
    outer loop
      vertex -6.44756 1.2766 12.1925
      vertex -7.10973 1.41421 5.20358
      vertex -6.41578 1.27618 12.6107
    endloop
  endfacet
  facet normal 0.705112 0.707121 -0.0528833
    outer loop
      vertex -7.10973 1.41421 5.20358
      vertex -6.44756 1.2766 12.1925
      vertex -7.23662 1.28705 1.81141
    endloop
  endfacet
  facet normal 0.705103 0.707131 -0.0528833
    outer loop
      vertex -7.49794 1.41421 0.0275078
      vertex -7.10973 1.41421 5.20358
      vertex -7.23662 1.28705 1.81141
    endloop
  endfacet
  facet normal -0.0747873 8.40321e-08 -0.9972
    outer loop
      vertex -7.49794 -1.41421 0.0275078
      vertex -7.43898 -0.940636 0.023086
      vertex -7.37293 -1.28886 0.0181324
    endloop
  endfacet
  facet normal -0.0755329 9.34378e-05 -0.997143
    outer loop
      vertex -7.43898 -0.940636 0.023086
      vertex -7.49794 -1.41421 0.0275078
      vertex -7.43914 -0.939781 0.0230982
    endloop
  endfacet
  facet normal -0.072418 -0.000294756 -0.997374
    outer loop
      vertex -7.49794 -1.41421 0.0275078
      vertex -7.4392 -0.938913 0.0231023
      vertex -7.43914 -0.939781 0.0230982
    endloop
  endfacet
  facet normal -0.0747899 0 -0.997199
    outer loop
      vertex -7.4392 -0.938913 0.0231023
      vertex -7.49794 -1.41421 0.0275078
      vertex -7.49794 -1.06107e-05 0.0275078
    endloop
  endfacet
  facet normal -0.0755329 -9.34378e-05 -0.997143
    outer loop
      vertex -7.49794 1.41421 0.0275078
      vertex -7.43898 0.940636 0.023086
      vertex -7.43914 0.939781 0.0230982
    endloop
  endfacet
  facet normal -0.0747873 -8.40321e-08 -0.9972
    outer loop
      vertex -7.43898 0.940636 0.023086
      vertex -7.49794 1.41421 0.0275078
      vertex -7.37293 1.28886 0.0181324
    endloop
  endfacet
  facet normal -0.072418 0.000294756 -0.997374
    outer loop
      vertex -7.4392 0.938913 0.0231023
      vertex -7.49794 1.41421 0.0275078
      vertex -7.43914 0.939781 0.0230982
    endloop
  endfacet
  facet normal -0.0747899 -0 -0.997199
    outer loop
      vertex -7.49794 1.41421 0.0275078
      vertex -7.4392 0.938913 0.0231023
      vertex -7.49794 1.06107e-05 0.0275078
    endloop
  endfacet
  facet normal -0.705123 0.70711 0.052885
    outer loop
      vertex -6.32346 1.25781 17.7784
      vertex -7.41232 0 20.0783
      vertex -6.18541 1.23035 19.9862
    endloop
  endfacet
  facet normal -0.705124 0.707109 0.0528842
    outer loop
      vertex -7.10973 1.41421 5.20358
      vertex -7.41232 0 20.0783
      vertex -6.32346 1.25781 17.7784
    endloop
  endfacet
  facet normal -0.705125 0.707109 0.0528841
    outer loop
      vertex -7.10973 1.41421 5.20358
      vertex -8.90819 0 0.133277
      vertex -7.41232 0 20.0783
    endloop
  endfacet
  facet normal -0.705126 0.707107 0.0528851
    outer loop
      vertex -8.90819 0 0.133277
      vertex -7.10973 1.41421 5.20358
      vertex -7.49794 1.41421 0.0275078
    endloop
  endfacet
  facet normal 0.705095 0.707138 -0.0528817
    outer loop
      vertex -7.37293 1.28886 0.0181324
      vertex -7.49794 1.41421 0.0275078
      vertex -7.23662 1.28705 1.81141
    endloop
  endfacet
  facet normal 0.705095 -0.707138 -0.0528817
    outer loop
      vertex -7.23662 -1.28705 1.81141
      vertex -7.49794 -1.41421 0.0275078
      vertex -7.37293 -1.28886 0.0181324
    endloop
  endfacet
  facet normal 0.0675961 0.031776 0.997207
    outer loop
      vertex -6.84809 -2.83657 20.0783
      vertex -5.58003 -2.21068 19.9724
      vertex -5.58058 -2.20951 19.9724
    endloop
  endfacet
  facet normal 0.0632339 0.020341 0.997791
    outer loop
      vertex -6.18541 -1.23035 19.9862
      vertex -5.81336 -1.49417 19.968
      vertex -5.81382 -1.49274 19.968
    endloop
  endfacet
  facet normal 0.0690578 0.0287154 0.997199
    outer loop
      vertex -6.18541 -1.23035 19.9862
      vertex -5.81411 -1.49126 19.968
      vertex -5.87599 -1.16881 19.963
    endloop
  endfacet
  facet normal 0.0567487 0.0111197 0.998327
    outer loop
      vertex -6.18541 -1.23035 19.9862
      vertex -5.81382 -1.49274 19.968
      vertex -5.81411 -1.49126 19.968
    endloop
  endfacet
  facet normal 0.0691085 0.0286667 0.997197
    outer loop
      vertex -5.81336 -1.49417 19.968
      vertex -6.18541 -1.23035 19.9862
      vertex -6.84809 -2.83657 20.0783
    endloop
  endfacet
  facet normal 0.0691488 0.0286355 0.997195
    outer loop
      vertex -5.81336 -1.49417 19.968
      vertex -6.84809 -2.83657 20.0783
      vertex -5.58058 -2.20951 19.9724
    endloop
  endfacet
  facet normal 0.0690149 0.0288998 0.997197
    outer loop
      vertex -5.58003 -2.21068 19.9724
      vertex -6.84809 -2.83657 20.0783
      vertex -5.54042 -2.29492 19.9721
    endloop
  endfacet
  facet normal 0.922049 -0.383443 -0.0528842
    outer loop
      vertex -6.02734 -4.02734 5.20358
      vertex -6.31806 -4.01124 0.0180749
      vertex -5.44524 -3.63839 12.5325
    endloop
  endfacet
  facet normal 0.922058 -0.383422 -0.0528847
    outer loop
      vertex -6.31806 -4.01124 0.0180749
      vertex -6.02734 -4.02734 5.20358
      vertex -6.38599 -4.1759 0.0275078
    endloop
  endfacet
  facet normal -0.380849 -0.923124 0.0528848
    outer loop
      vertex -6.84809 -2.83657 20.0783
      vertex -6.02734 -4.02734 5.20359
      vertex -5.24373 -3.50375 19.9862
    endloop
  endfacet
  facet normal -0.380854 -0.923122 0.0528844
    outer loop
      vertex -8.23009 -3.40902 0.133277
      vertex -6.02734 -4.02734 5.20359
      vertex -6.84809 -2.83657 20.0783
    endloop
  endfacet
  facet normal -0.270258 -0.962788 -0
    outer loop
      vertex -6.02734 -4.02734 5.20359
      vertex -8.23009 -3.40902 0.133277
      vertex -6.02734 -4.02734 5.20358
    endloop
  endfacet
  facet normal -0.380853 -0.923122 0.0528841
    outer loop
      vertex -6.02734 -4.02734 5.20358
      vertex -8.23009 -3.40902 0.133277
      vertex -6.38599 -4.1759 0.0275078
    endloop
  endfacet
  facet normal 0.0695096 0.0287531 0.997167
    outer loop
      vertex -5.25982 -2.89161 19.9698
      vertex -5.0883 -3.39989 19.9725
      vertex -4.98265 -3.3293 19.9631
    endloop
  endfacet
  facet normal 0.0688361 0.0285261 0.99722
    outer loop
      vertex -5.25982 -2.89161 19.9698
      vertex -5.24373 -3.50375 19.9862
      vertex -5.0883 -3.39989 19.9725
    endloop
  endfacet
  facet normal 0.0691109 0.0285328 0.997201
    outer loop
      vertex -6.84809 -2.83657 20.0783
      vertex -5.24373 -3.50375 19.9862
      vertex -5.25982 -2.89161 19.9698
    endloop
  endfacet
  facet normal 0.069115 0.0286583 0.997197
    outer loop
      vertex -6.84809 -2.83657 20.0783
      vertex -5.25982 -2.89161 19.9698
      vertex -5.54042 -2.29492 19.9721
    endloop
  endfacet
  facet normal 0.379664 0.923618 -0.0527809
    outer loop
      vertex -6.431 -1.28221 12.3957
      vertex -7.10973 -1.41421 5.20358
      vertex -6.41578 -1.27618 12.6107
    endloop
  endfacet
  facet normal 0.380872 0.923114 -0.0528857
    outer loop
      vertex -7.1829 -1.57998 1.78313
      vertex -7.10973 -1.41421 5.20358
      vertex -6.431 -1.28221 12.3957
    endloop
  endfacet
  facet normal 0.380869 0.923115 -0.0528857
    outer loop
      vertex -7.10973 -1.41421 5.20358
      vertex -7.1829 -1.57998 1.78313
      vertex -7.46839 -1.56277 0.0275078
    endloop
  endfacet
  facet normal -0.922049 0.383443 0.052885
    outer loop
      vertex -6.32346 -1.25781 17.7784
      vertex -6.84809 -2.83657 20.0783
      vertex -6.18541 -1.23035 19.9862
    endloop
  endfacet
  facet normal -0.92205 0.383442 0.0528839
    outer loop
      vertex -6.84809 -2.83657 20.0783
      vertex -6.32346 -1.25781 17.7784
      vertex -8.23009 -3.40902 0.133277
    endloop
  endfacet
  facet normal -0.0690959 -0.0286214 -0.997199
    outer loop
      vertex -6.38599 -4.1759 0.0275078
      vertex -6.57023 -3.61305 0.024119
      vertex -6.31806 -4.01124 0.0180749
    endloop
  endfacet
  facet normal -0.0714498 -0.0293907 -0.997011
    outer loop
      vertex -6.38599 -4.1759 0.0275078
      vertex -6.57071 -3.61228 0.0241307
      vertex -6.57023 -3.61305 0.024119
    endloop
  endfacet
  facet normal -0.066736 -0.0278481 -0.997382
    outer loop
      vertex -6.38599 -4.1759 0.0275078
      vertex -6.5711 -3.61146 0.0241339
      vertex -6.57071 -3.61228 0.0241307
    endloop
  endfacet
  facet normal -0.0690982 -0.0286217 -0.997199
    outer loop
      vertex -6.38599 -4.1759 0.0275078
      vertex -6.97141 -2.76018 0.0274388
      vertex -6.5711 -3.61146 0.0241339
    endloop
  endfacet
  facet normal -0.0690984 -0.0286229 -0.997199
    outer loop
      vertex -7.26278 -1.86476 0.0219287
      vertex -7.46839 -1.56277 0.0275078
      vertex -7.30794 -1.6295 0.0183052
    endloop
  endfacet
  facet normal -0.0690935 -0.0286196 -0.9972
    outer loop
      vertex -6.97173 -2.75919 0.0274327
      vertex -7.46839 -1.56277 0.0275078
      vertex -7.26278 -1.86476 0.0219287
    endloop
  endfacet
  facet normal -0.0675564 -0.0279815 -0.997323
    outer loop
      vertex -6.97141 -2.76018 0.0274388
      vertex -7.46839 -1.56277 0.0275078
      vertex -6.97173 -2.75919 0.0274327
    endloop
  endfacet
  facet normal -0.0692396 -0.0286801 -0.997188
    outer loop
      vertex -7.46839 -1.56277 0.0275078
      vertex -6.97141 -2.76018 0.0274388
      vertex -6.38599 -4.1759 0.0275078
    endloop
  endfacet
  facet normal 0.380881 0.92311 -0.0528879
    outer loop
      vertex -7.30794 -1.6295 0.0183052
      vertex -7.46839 -1.56277 0.0275078
      vertex -7.1829 -1.57998 1.78313
    endloop
  endfacet
  facet normal -0.0690971 -0.0286211 -0.997199
    outer loop
      vertex -6.38599 -4.1759 0.0275078
      vertex -8.23009 -3.40902 0.133277
      vertex -7.46839 -1.56277 0.0275078
    endloop
  endfacet
  facet normal -0.922052 0.383437 0.0528856
    outer loop
      vertex -8.23009 -3.40902 0.133277
      vertex -7.10973 -1.41421 5.20358
      vertex -7.46839 -1.56277 0.0275078
    endloop
  endfacet
  facet normal -0.922051 0.38344 0.0528843
    outer loop
      vertex -7.10973 -1.41421 5.20358
      vertex -8.23009 -3.40902 0.133277
      vertex -6.32346 -1.25781 17.7784
    endloop
  endfacet
  facet normal 0.0528996 0.0528996 0.997198
    outer loop
      vertex -5.2413 -5.2413 20.0783
      vertex -3.39989 -5.0883 19.9725
      vertex -5.0883 -3.39989 19.9725
    endloop
  endfacet
  facet normal 0.0529315 0.0525277 0.997216
    outer loop
      vertex -3.39989 -5.0883 19.9725
      vertex -5.2413 -5.2413 20.0783
      vertex -3.50375 -5.24373 19.9862
    endloop
  endfacet
  facet normal 0.0525277 0.0529315 0.997216
    outer loop
      vertex -5.2413 -5.2413 20.0783
      vertex -5.0883 -3.39989 19.9725
      vertex -5.24373 -3.50375 19.9862
    endloop
  endfacet
  facet normal 0.0527052 0.0527145 0.997218
    outer loop
      vertex -3.82483 -4.6256 19.9705
      vertex -3.39989 -5.0883 19.9725
      vertex -3.33093 -4.9851 19.9634
    endloop
  endfacet
  facet normal 0.00965866 0.0131923 0.999866
    outer loop
      vertex -3.82595 -4.62478 19.9705
      vertex -3.39989 -5.0883 19.9725
      vertex -3.82483 -4.6256 19.9705
    endloop
  endfacet
  facet normal 0.0535668 0.0535401 0.997128
    outer loop
      vertex -4.37438 -4.1096 19.9723
      vertex -3.39989 -5.0883 19.9725
      vertex -3.82595 -4.62478 19.9705
    endloop
  endfacet
  facet normal 0.00284939 0.00304149 0.999991
    outer loop
      vertex -4.37533 -4.10871 19.9723
      vertex -3.39989 -5.0883 19.9725
      vertex -4.37438 -4.1096 19.9723
    endloop
  endfacet
  facet normal 0.0480812 0.0480812 0.997686
    outer loop
      vertex -4.37533 -4.10871 19.9723
      vertex -5.0883 -3.39989 19.9725
      vertex -3.39989 -5.0883 19.9725
    endloop
  endfacet
  facet normal 0.00153287 0.00125968 0.999998
    outer loop
      vertex -4.37616 -4.1077 19.9723
      vertex -5.0883 -3.39989 19.9725
      vertex -4.37533 -4.10871 19.9723
    endloop
  endfacet
  facet normal 0.0528284 0.0528698 0.997203
    outer loop
      vertex -4.8561 -3.52817 19.967
      vertex -5.0883 -3.39989 19.9725
      vertex -4.37616 -4.1077 19.9723
    endloop
  endfacet
  facet normal 0.0364943 0.0232237 0.999064
    outer loop
      vertex -4.85694 -3.52685 19.967
      vertex -5.0883 -3.39989 19.9725
      vertex -4.8561 -3.52817 19.967
    endloop
  endfacet
  facet normal 0.0530234 0.053427 0.997163
    outer loop
      vertex -5.0883 -3.39989 19.9725
      vertex -4.85694 -3.52685 19.967
      vertex -4.98265 -3.3293 19.9631
    endloop
  endfacet
  facet normal 0.00140663 -0.9986 0.0528849
    outer loop
      vertex -5.2413 -5.2413 20.0783
      vertex -4.02734 -6.02734 5.20359
      vertex -3.50375 -5.24373 19.9862
    endloop
  endfacet
  facet normal 0.00139678 -0.9986 0.0528841
    outer loop
      vertex -4.02734 -6.02734 5.20359
      vertex -5.2413 -5.2413 20.0783
      vertex -4.30184 -6.30184 0.0275078
    endloop
  endfacet
  facet normal 0.707107 -0.707107 0
    outer loop
      vertex -4.30184 -6.30184 0.0275078
      vertex -4.02734 -6.02734 5.20358
      vertex -4.02734 -6.02734 5.20359
    endloop
  endfacet
  facet normal 0.9986 -0.00140787 -0.0528836
    outer loop
      vertex -4.02734 -6.02734 5.20358
      vertex -4.30184 -6.30184 0.0275078
      vertex -4.20747 -6.02856 1.80222
    endloop
  endfacet
  facet normal 0.9986 -0.00139464 -0.052885
    outer loop
      vertex -4.02734 -6.02734 5.20358
      vertex -3.95499 -5.77153 6.56298
      vertex -3.64672 -5.4577 12.3756
    endloop
  endfacet
  facet normal 0.9986 -0.00140247 -0.0528836
    outer loop
      vertex -3.95499 -5.77153 6.56298
      vertex -4.02734 -6.02734 5.20358
      vertex -4.20747 -6.02856 1.80222
    endloop
  endfacet
  facet normal -0.9986 0.00140068 0.0528842
    outer loop
      vertex -5.2413 -5.2413 20.0783
      vertex -6.30184 -4.30184 0.0275078
      vertex -6.29904 -6.29904 0.133277
    endloop
  endfacet
  facet normal -0.9986 0.00139678 0.0528841
    outer loop
      vertex -5.2413 -5.2413 20.0783
      vertex -6.02734 -4.02734 5.20359
      vertex -6.30184 -4.30184 0.0275078
    endloop
  endfacet
  facet normal -0.9986 0.00140663 0.0528849
    outer loop
      vertex -6.02734 -4.02734 5.20359
      vertex -5.2413 -5.2413 20.0783
      vertex -5.24373 -3.50375 19.9862
    endloop
  endfacet
  facet normal -0.052887 -0.0528865 -0.997199
    outer loop
      vertex -4.30184 -6.30184 0.0275078
      vertex -4.77948 -5.7774 0.025026
      vertex -4.30209 -6.12489 0.0181365
    endloop
  endfacet
  facet normal -0.048698 -0.0490732 -0.997607
    outer loop
      vertex -4.30184 -6.30184 0.0275078
      vertex -4.78017 -5.77676 0.0250282
      vertex -4.77948 -5.7774 0.025026
    endloop
  endfacet
  facet normal -0.052889 -0.0528892 -0.997199
    outer loop
      vertex -4.30184 -6.30184 0.0275078
      vertex -5.46578 -5.1327 0.0272318
      vertex -4.78017 -5.77676 0.0250282
    endloop
  endfacet
  facet normal -0.0528874 -0.0528877 -0.997199
    outer loop
      vertex -6.06638 -4.40748 0.0206227
      vertex -6.30184 -4.30184 0.0275078
      vertex -6.13345 -4.30208 0.0185898
    endloop
  endfacet
  facet normal -0.053001 -0.0531421 -0.997179
    outer loop
      vertex -6.06588 -4.40808 0.0206281
      vertex -6.30184 -4.30184 0.0275078
      vertex -6.06638 -4.40748 0.0206227
    endloop
  endfacet
  facet normal -0.0528862 -0.052886 -0.997199
    outer loop
      vertex -5.46578 -5.1327 0.0272318
      vertex -6.30184 -4.30184 0.0275078
      vertex -6.06588 -4.40808 0.0206281
    endloop
  endfacet
  facet normal -0.052928 -0.052928 -0.997195
    outer loop
      vertex -6.30184 -4.30184 0.0275078
      vertex -5.46578 -5.1327 0.0272318
      vertex -4.30184 -6.30184 0.0275078
    endloop
  endfacet
  facet normal -0.00141506 0.9986 -0.0528839
    outer loop
      vertex -5.44524 -3.63839 12.5325
      vertex -6.03913 -4.21112 1.7336
      vertex -6.02734 -4.02734 5.20358
    endloop
  endfacet
  facet normal -0.00140127 0.9986 -0.0528839
    outer loop
      vertex -6.30184 -4.30184 0.0275078
      vertex -6.02734 -4.02734 5.20358
      vertex -6.03913 -4.21112 1.7336
    endloop
  endfacet
  facet normal -0.707107 0.707107 0
    outer loop
      vertex -6.02734 -4.02734 5.20358
      vertex -6.30184 -4.30184 0.0275078
      vertex -6.02734 -4.02734 5.20359
    endloop
  endfacet
  facet normal -0.0528846 -0.0528846 -0.997199
    outer loop
      vertex -6.29904 -6.29904 0.133277
      vertex -6.30184 -4.30184 0.0275078
      vertex -4.30184 -6.30184 0.0275078
    endloop
  endfacet
  facet normal 0.00140068 -0.9986 0.0528842
    outer loop
      vertex -5.2413 -5.2413 20.0783
      vertex -6.29904 -6.29904 0.133277
      vertex -4.30184 -6.30184 0.0275078
    endloop
  endfacet
  facet normal -0.00137768 0.9986 -0.0528875
    outer loop
      vertex -6.13345 -4.30208 0.0185898
      vertex -6.30184 -4.30184 0.0275078
      vertex -6.03913 -4.21112 1.7336
    endloop
  endfacet
  facet normal 0.9986 -0.00139002 -0.0528863
    outer loop
      vertex -4.30184 -6.30184 0.0275078
      vertex -4.30209 -6.12489 0.0181365
      vertex -4.20747 -6.02856 1.80222
    endloop
  endfacet
  facet normal 0.0285196 0.0691407 0.997199
    outer loop
      vertex -2.55557 -5.43086 19.972
      vertex -2.83657 -6.84809 20.0783
      vertex -2.29266 -5.53498 19.9717
    endloop
  endfacet
  facet normal 0.0366669 0.0675137 0.997044
    outer loop
      vertex -2.55673 -5.43023 19.972
      vertex -2.83657 -6.84809 20.0783
      vertex -2.55557 -5.43086 19.972
    endloop
  endfacet
  facet normal 0.0285606 0.0691003 0.997201
    outer loop
      vertex -3.50375 -5.24373 19.9862
      vertex -2.55673 -5.43023 19.972
      vertex -3.21633 -5.06813 19.9658
    endloop
  endfacet
  facet normal 0.0288554 0.0686518 0.997223
    outer loop
      vertex -3.39989 -5.0883 19.9725
      vertex -3.21633 -5.06813 19.9658
      vertex -3.33093 -4.9851 19.9634
    endloop
  endfacet
  facet normal 0.0288596 0.0686137 0.997226
    outer loop
      vertex -3.50375 -5.24373 19.9862
      vertex -3.21633 -5.06813 19.9658
      vertex -3.39989 -5.0883 19.9725
    endloop
  endfacet
  facet normal 0.0285653 0.0691243 0.997199
    outer loop
      vertex -2.55673 -5.43023 19.972
      vertex -3.50375 -5.24373 19.9862
      vertex -2.83657 -6.84809 20.0783
    endloop
  endfacet
  facet normal -0.0286211 -0.0690971 -0.997199
    outer loop
      vertex -3.40902 -8.23009 0.133277
      vertex -4.1759 -6.38599 0.0275078
      vertex -1.56277 -7.46839 0.0275078
    endloop
  endfacet
  facet normal 0.383443 -0.922049 0.052885
    outer loop
      vertex -2.83657 -6.84809 20.0783
      vertex -1.25781 -6.32346 17.7784
      vertex -1.23035 -6.18541 19.9862
    endloop
  endfacet
  facet normal 0.383442 -0.92205 0.0528839
    outer loop
      vertex -1.25781 -6.32346 17.7784
      vertex -2.83657 -6.84809 20.0783
      vertex -3.40902 -8.23009 0.133277
    endloop
  endfacet
  facet normal 0.0285604 0.0689237 0.997213
    outer loop
      vertex -1.85345 -5.70874 19.9711
      vertex -1.23035 -6.18541 19.9862
      vertex -1.17053 -5.88466 19.9637
    endloop
  endfacet
  facet normal 0.0197657 0.0767375 0.996855
    outer loop
      vertex -2.83657 -6.84809 20.0783
      vertex -1.85345 -5.70874 19.9711
      vertex -1.85477 -5.7084 19.9711
    endloop
  endfacet
  facet normal 0.0275746 0.0700394 0.997163
    outer loop
      vertex -2.83657 -6.84809 20.0783
      vertex -1.85477 -5.7084 19.9711
      vertex -1.85604 -5.7079 19.9711
    endloop
  endfacet
  facet normal 0.0287201 0.0690576 0.997199
    outer loop
      vertex -2.83657 -6.84809 20.0783
      vertex -1.85604 -5.7079 19.9711
      vertex -2.29266 -5.53498 19.9717
    endloop
  endfacet
  facet normal 0.0286792 0.0690786 0.997199
    outer loop
      vertex -1.85345 -5.70874 19.9711
      vertex -2.83657 -6.84809 20.0783
      vertex -1.23035 -6.18541 19.9862
    endloop
  endfacet
  facet normal 0.92312 0.380859 -0.0528837
    outer loop
      vertex -1.41421 -7.10973 5.20358
      vertex -1.50443 -7.00048 4.41553
      vertex -1.28497 -6.45997 12.139
    endloop
  endfacet
  facet normal 0.923125 0.380846 -0.0528861
    outer loop
      vertex -1.41421 -7.10973 5.20358
      vertex -1.57979 -7.18608 1.76357
      vertex -1.50443 -7.00048 4.41553
    endloop
  endfacet
  facet normal 0.923113 0.380876 -0.0528861
    outer loop
      vertex -1.57979 -7.18608 1.76357
      vertex -1.41421 -7.10973 5.20358
      vertex -1.56277 -7.46839 0.0275078
    endloop
  endfacet
  facet normal 0.38344 -0.922051 0.0528843
    outer loop
      vertex -3.40902 -8.23009 0.133277
      vertex -1.41421 -7.10973 5.20358
      vertex -1.25781 -6.32346 17.7784
    endloop
  endfacet
  facet normal 0.383437 -0.922052 0.0528856
    outer loop
      vertex -1.41421 -7.10973 5.20358
      vertex -3.40902 -8.23009 0.133277
      vertex -1.56277 -7.46839 0.0275078
    endloop
  endfacet
  facet normal 0.923117 0.380864 -0.0528842
    outer loop
      vertex -1.56277 -7.46839 0.0275078
      vertex -1.62938 -7.30822 0.0183215
      vertex -1.57979 -7.18608 1.76357
    endloop
  endfacet
  facet normal -0.383446 0.922048 -0.0528844
    outer loop
      vertex -4.01456 -6.29604 0.426089
      vertex -4.02734 -6.02734 5.20358
      vertex -3.64672 -5.4577 12.3756
    endloop
  endfacet
  facet normal -0.383416 0.92206 -0.052885
    outer loop
      vertex -4.01456 -6.29604 0.426089
      vertex -4.1759 -6.38599 0.0275078
      vertex -4.02734 -6.02734 5.20358
    endloop
  endfacet
  facet normal -0.383438 0.922052 -0.0528744
    outer loop
      vertex -4.1759 -6.38599 0.0275078
      vertex -4.01456 -6.29604 0.426089
      vertex -4.0271 -6.3246 0.0189831
    endloop
  endfacet
  facet normal -0.0286207 -0.0690953 -0.997199
    outer loop
      vertex -1.56277 -7.46839 0.0275078
      vertex -2.31703 -7.13108 0.0257839
      vertex -1.62938 -7.30822 0.0183215
    endloop
  endfacet
  facet normal -0.0286156 -0.0690838 -0.9972
    outer loop
      vertex -1.56277 -7.46839 0.0275078
      vertex -3.19154 -6.78475 0.0268858
      vertex -2.31703 -7.13108 0.0257839
    endloop
  endfacet
  facet normal -0.0224017 -0.0542804 -0.998274
    outer loop
      vertex -1.56277 -7.46839 0.0275078
      vertex -3.19249 -6.78438 0.026887
      vertex -3.19154 -6.78475 0.0268858
    endloop
  endfacet
  facet normal -0.0286216 -0.0690975 -0.997199
    outer loop
      vertex -4.1759 -6.38599 0.0275078
      vertex -4.0173 -6.33159 0.0191862
      vertex -3.19249 -6.78438 0.026887
    endloop
  endfacet
  facet normal -0.0285395 -0.0693273 -0.997186
    outer loop
      vertex -4.1759 -6.38599 0.0275078
      vertex -4.01851 -6.33082 0.0191677
      vertex -4.01793 -6.33124 0.0191803
    endloop
  endfacet
  facet normal -0.0286151 -0.0691136 -0.997198
    outer loop
      vertex -4.01851 -6.33082 0.0191677
      vertex -4.1759 -6.38599 0.0275078
      vertex -4.0271 -6.3246 0.0189831
    endloop
  endfacet
  facet normal -0.0287854 -0.0686242 -0.997227
    outer loop
      vertex -4.0173 -6.33159 0.0191862
      vertex -4.1759 -6.38599 0.0275078
      vertex -4.01793 -6.33124 0.0191803
    endloop
  endfacet
  facet normal -0.0286378 -0.0691373 -0.997196
    outer loop
      vertex -4.1759 -6.38599 0.0275078
      vertex -3.19249 -6.78438 0.026887
      vertex -1.56277 -7.46839 0.0275078
    endloop
  endfacet
  facet normal -0.923122 -0.380853 0.0528841
    outer loop
      vertex -3.40902 -8.23009 0.133277
      vertex -4.02734 -6.02734 5.20358
      vertex -4.1759 -6.38599 0.0275078
    endloop
  endfacet
  facet normal -0.962788 -0.270258 0
    outer loop
      vertex -4.02734 -6.02734 5.20358
      vertex -3.40902 -8.23009 0.133277
      vertex -4.02734 -6.02734 5.20359
    endloop
  endfacet
  facet normal -0.923124 -0.380849 0.0528848
    outer loop
      vertex -4.02734 -6.02734 5.20359
      vertex -2.83657 -6.84809 20.0783
      vertex -3.50375 -5.24373 19.9862
    endloop
  endfacet
  facet normal -0.923122 -0.380854 0.0528844
    outer loop
      vertex -4.02734 -6.02734 5.20359
      vertex -3.40902 -8.23009 0.133277
      vertex -2.83657 -6.84809 20.0783
    endloop
  endfacet
  facet normal 0.707129 0.705104 -0.0528834
    outer loop
      vertex 1.41421 -7.10973 5.20358
      vertex 1.41421 -7.49794 0.0275078
      vertex 1.2949 -7.25275 1.70132
    endloop
  endfacet
  facet normal 0.707136 0.705098 -0.0528813
    outer loop
      vertex 1.41421 -7.10973 5.20358
      vertex 1.29239 -6.77494 8.03854
      vertex 1.28497 -6.45997 12.139
    endloop
  endfacet
  facet normal 0.707122 0.705111 -0.0528835
    outer loop
      vertex 1.29239 -6.77494 8.03854
      vertex 1.41421 -7.10973 5.20358
      vertex 1.2949 -7.25275 1.70132
    endloop
  endfacet
  facet normal 0.70711 -0.705123 0.052885
    outer loop
      vertex 0 -7.41232 20.0783
      vertex 1.25781 -6.32346 17.7784
      vertex 1.23035 -6.18541 19.9862
    endloop
  endfacet
  facet normal 0.707109 -0.705124 0.0528842
    outer loop
      vertex 0 -7.41232 20.0783
      vertex 1.41421 -7.10973 5.20358
      vertex 1.25781 -6.32346 17.7784
    endloop
  endfacet
  facet normal 0.707109 -0.705125 0.0528841
    outer loop
      vertex 0 -8.90819 0.133277
      vertex 1.41421 -7.10973 5.20358
      vertex 0 -7.41232 20.0783
    endloop
  endfacet
  facet normal 0.707107 -0.705126 0.0528851
    outer loop
      vertex 1.41421 -7.10973 5.20358
      vertex 0 -8.90819 0.133277
      vertex 1.41421 -7.49794 0.0275078
    endloop
  endfacet
  facet normal 0.000558816 0.074715 0.997205
    outer loop
      vertex 1.12479 -5.89633 19.9646
      vertex 1.23035 -6.18541 19.9862
      vertex 1.17053 -5.88466 19.9637
    endloop
  endfacet
  facet normal -0.00901181 0.0712362 0.997419
    outer loop
      vertex 1.12313 -5.89654 19.9646
      vertex 1.23035 -6.18541 19.9862
      vertex 1.12479 -5.89633 19.9646
    endloop
  endfacet
  facet normal -1.28618e-05 0.0745612 0.997216
    outer loop
      vertex 0.376876 -5.99029 19.9716
      vertex 1.23035 -6.18541 19.9862
      vertex 1.12313 -5.89654 19.9646
    endloop
  endfacet
  facet normal 4.4674e-05 0.0748115 0.997198
    outer loop
      vertex 0.376876 -5.99029 19.9716
      vertex 0 -7.41232 20.0783
      vertex 1.23035 -6.18541 19.9862
    endloop
  endfacet
  facet normal -0 0.0748232 0.997197
    outer loop
      vertex -0.376876 -5.99029 19.9716
      vertex 0 -7.41232 20.0783
      vertex 0.376876 -5.99029 19.9716
    endloop
  endfacet
  facet normal 1.28618e-05 0.0745612 0.997216
    outer loop
      vertex -1.23035 -6.18541 19.9862
      vertex -0.376876 -5.99029 19.9716
      vertex -1.12313 -5.89654 19.9646
    endloop
  endfacet
  facet normal 0.00901181 0.0712362 0.997419
    outer loop
      vertex -1.23035 -6.18541 19.9862
      vertex -1.12313 -5.89654 19.9646
      vertex -1.12479 -5.89633 19.9646
    endloop
  endfacet
  facet normal -0.000558816 0.074715 0.997205
    outer loop
      vertex -1.23035 -6.18541 19.9862
      vertex -1.12479 -5.89633 19.9646
      vertex -1.17053 -5.88466 19.9637
    endloop
  endfacet
  facet normal -4.4674e-05 0.0748115 0.997198
    outer loop
      vertex -0.376876 -5.99029 19.9716
      vertex -1.23035 -6.18541 19.9862
      vertex 0 -7.41232 20.0783
    endloop
  endfacet
  facet normal 0 -0.0747903 -0.997199
    outer loop
      vertex 0 -8.90819 0.133277
      vertex -1.41421 -7.49794 0.0275078
      vertex 1.41421 -7.49794 0.0275078
    endloop
  endfacet
  facet normal -0.707136 0.705098 -0.0528813
    outer loop
      vertex -1.29239 -6.77494 8.03854
      vertex -1.41421 -7.10973 5.20358
      vertex -1.28497 -6.45997 12.139
    endloop
  endfacet
  facet normal -0.707122 0.705111 -0.0528835
    outer loop
      vertex -1.2949 -7.25275 1.70132
      vertex -1.41421 -7.10973 5.20358
      vertex -1.29239 -6.77494 8.03854
    endloop
  endfacet
  facet normal -0.707129 0.705104 -0.0528834
    outer loop
      vertex -1.41421 -7.49794 0.0275078
      vertex -1.41421 -7.10973 5.20358
      vertex -1.2949 -7.25275 1.70132
    endloop
  endfacet
  facet normal -1.88052e-07 -0.0747885 -0.997199
    outer loop
      vertex 1.41421 -7.49794 0.0275078
      vertex 0.47179 -7.4831 0.026395
      vertex 1.29556 -7.37962 0.018634
    endloop
  endfacet
  facet normal -3.49407e-05 -0.0769829 -0.997032
    outer loop
      vertex 1.41421 -7.49794 0.0275078
      vertex 0.470804 -7.48322 0.0264043
      vertex 0.47179 -7.4831 0.026395
    endloop
  endfacet
  facet normal 0 -0.0747563 -0.997202
    outer loop
      vertex 1.41421 -7.49794 0.0275078
      vertex -0.470804 -7.48322 0.0264043
      vertex 0.470804 -7.48322 0.0264043
    endloop
  endfacet
  facet normal 3.49407e-05 -0.0769829 -0.997032
    outer loop
      vertex -1.41421 -7.49794 0.0275078
      vertex -0.47179 -7.4831 0.026395
      vertex -0.470804 -7.48322 0.0264043
    endloop
  endfacet
  facet normal 1.88052e-07 -0.0747885 -0.997199
    outer loop
      vertex -0.47179 -7.4831 0.026395
      vertex -1.41421 -7.49794 0.0275078
      vertex -1.29556 -7.37962 0.018634
    endloop
  endfacet
  facet normal 0 -0.0747563 -0.997202
    outer loop
      vertex -1.41421 -7.49794 0.0275078
      vertex -0.470804 -7.48322 0.0264043
      vertex 1.41421 -7.49794 0.0275078
    endloop
  endfacet
  facet normal -0.70711 -0.705123 0.052885
    outer loop
      vertex -1.25781 -6.32346 17.7784
      vertex 0 -7.41232 20.0783
      vertex -1.23035 -6.18541 19.9862
    endloop
  endfacet
  facet normal -0.707109 -0.705124 0.0528842
    outer loop
      vertex -1.41421 -7.10973 5.20358
      vertex 0 -7.41232 20.0783
      vertex -1.25781 -6.32346 17.7784
    endloop
  endfacet
  facet normal -0.707107 -0.705126 0.0528851
    outer loop
      vertex 0 -8.90819 0.133277
      vertex -1.41421 -7.10973 5.20358
      vertex -1.41421 -7.49794 0.0275078
    endloop
  endfacet
  facet normal -0.707109 -0.705125 0.0528841
    outer loop
      vertex -1.41421 -7.10973 5.20358
      vertex 0 -8.90819 0.133277
      vertex 0 -7.41232 20.0783
    endloop
  endfacet
  facet normal -0.707114 0.705119 -0.0528868
    outer loop
      vertex -1.29556 -7.37962 0.018634
      vertex -1.41421 -7.49794 0.0275078
      vertex -1.2949 -7.25275 1.70132
    endloop
  endfacet
  facet normal 0.707114 0.705119 -0.0528868
    outer loop
      vertex 1.29556 -7.37962 0.018634
      vertex 1.2949 -7.25275 1.70132
      vertex 1.41421 -7.49794 0.0275078
    endloop
  endfacet
  facet normal -0.0287201 0.0690576 0.997199
    outer loop
      vertex 1.85604 -5.7079 19.9711
      vertex 2.83657 -6.84809 20.0783
      vertex 2.29266 -5.53498 19.9717
    endloop
  endfacet
  facet normal -0.0275746 0.0700394 0.997163
    outer loop
      vertex 1.85477 -5.7084 19.9711
      vertex 2.83657 -6.84809 20.0783
      vertex 1.85604 -5.7079 19.9711
    endloop
  endfacet
  facet normal -0.0197657 0.0767375 0.996855
    outer loop
      vertex 1.85345 -5.70874 19.9711
      vertex 2.83657 -6.84809 20.0783
      vertex 1.85477 -5.7084 19.9711
    endloop
  endfacet
  facet normal -0.0286792 0.0690786 0.997199
    outer loop
      vertex 1.85345 -5.70874 19.9711
      vertex 1.23035 -6.18541 19.9862
      vertex 2.83657 -6.84809 20.0783
    endloop
  endfacet
  facet normal -0.0285604 0.0689237 0.997213
    outer loop
      vertex 1.23035 -6.18541 19.9862
      vertex 1.85345 -5.70874 19.9711
      vertex 1.17053 -5.88466 19.9637
    endloop
  endfacet
  facet normal 0.383446 0.922048 -0.0528844
    outer loop
      vertex 4.02734 -6.02734 5.20358
      vertex 4.01456 -6.29604 0.426089
      vertex 3.64672 -5.4577 12.3756
    endloop
  endfacet
  facet normal 0.383416 0.92206 -0.052885
    outer loop
      vertex 4.1759 -6.38599 0.0275078
      vertex 4.01456 -6.29604 0.426089
      vertex 4.02734 -6.02734 5.20358
    endloop
  endfacet
  facet normal 0.383438 0.922052 -0.0528744
    outer loop
      vertex 4.01456 -6.29604 0.426089
      vertex 4.1759 -6.38599 0.0275078
      vertex 4.0271 -6.3246 0.0189831
    endloop
  endfacet
  facet normal -0.0288554 0.0686518 0.997223
    outer loop
      vertex 3.21633 -5.06813 19.9658
      vertex 3.39989 -5.0883 19.9725
      vertex 3.33093 -4.9851 19.9634
    endloop
  endfacet
  facet normal -0.0288596 0.0686137 0.997226
    outer loop
      vertex 3.21633 -5.06813 19.9658
      vertex 3.50375 -5.24373 19.9862
      vertex 3.39989 -5.0883 19.9725
    endloop
  endfacet
  facet normal -0.0285606 0.0691003 0.997201
    outer loop
      vertex 2.55673 -5.43023 19.972
      vertex 3.50375 -5.24373 19.9862
      vertex 3.21633 -5.06813 19.9658
    endloop
  endfacet
  facet normal -0.0285653 0.0691243 0.997199
    outer loop
      vertex 3.50375 -5.24373 19.9862
      vertex 2.55673 -5.43023 19.972
      vertex 2.83657 -6.84809 20.0783
    endloop
  endfacet
  facet normal -0.0366669 0.0675137 0.997044
    outer loop
      vertex 2.55557 -5.43086 19.972
      vertex 2.83657 -6.84809 20.0783
      vertex 2.55673 -5.43023 19.972
    endloop
  endfacet
  facet normal -0.0285196 0.0691407 0.997199
    outer loop
      vertex 2.83657 -6.84809 20.0783
      vertex 2.55557 -5.43086 19.972
      vertex 2.29266 -5.53498 19.9717
    endloop
  endfacet
  facet normal -0.92312 0.380859 -0.0528837
    outer loop
      vertex 1.50443 -7.00048 4.41553
      vertex 1.41421 -7.10973 5.20358
      vertex 1.28497 -6.45997 12.139
    endloop
  endfacet
  facet normal -0.923125 0.380846 -0.0528861
    outer loop
      vertex 1.57979 -7.18608 1.76357
      vertex 1.41421 -7.10973 5.20358
      vertex 1.50443 -7.00048 4.41553
    endloop
  endfacet
  facet normal -0.923113 0.380876 -0.0528861
    outer loop
      vertex 1.41421 -7.10973 5.20358
      vertex 1.57979 -7.18608 1.76357
      vertex 1.56277 -7.46839 0.0275078
    endloop
  endfacet
  facet normal 0.962788 -0.270258 0
    outer loop
      vertex 3.40902 -8.23009 0.133277
      vertex 4.02734 -6.02734 5.20358
      vertex 4.02734 -6.02734 5.20359
    endloop
  endfacet
  facet normal 0.923124 -0.380849 0.0528848
    outer loop
      vertex 2.83657 -6.84809 20.0783
      vertex 4.02734 -6.02734 5.20359
      vertex 3.50375 -5.24373 19.9862
    endloop
  endfacet
  facet normal 0.923122 -0.380854 0.0528844
    outer loop
      vertex 3.40902 -8.23009 0.133277
      vertex 4.02734 -6.02734 5.20359
      vertex 2.83657 -6.84809 20.0783
    endloop
  endfacet
  facet normal 0.923122 -0.380853 0.0528841
    outer loop
      vertex 4.02734 -6.02734 5.20358
      vertex 3.40902 -8.23009 0.133277
      vertex 4.1759 -6.38599 0.0275078
    endloop
  endfacet
  facet normal -0.383443 -0.922049 0.052885
    outer loop
      vertex 1.25781 -6.32346 17.7784
      vertex 2.83657 -6.84809 20.0783
      vertex 1.23035 -6.18541 19.9862
    endloop
  endfacet
  facet normal -0.383442 -0.92205 0.0528839
    outer loop
      vertex 2.83657 -6.84809 20.0783
      vertex 1.25781 -6.32346 17.7784
      vertex 3.40902 -8.23009 0.133277
    endloop
  endfacet
  facet normal 0.0286151 -0.0691136 -0.997198
    outer loop
      vertex 4.1759 -6.38599 0.0275078
      vertex 4.01851 -6.33082 0.0191677
      vertex 4.0271 -6.3246 0.0189831
    endloop
  endfacet
  facet normal 0.0285395 -0.0693273 -0.997186
    outer loop
      vertex 4.1759 -6.38599 0.0275078
      vertex 4.01793 -6.33124 0.0191803
      vertex 4.01851 -6.33082 0.0191677
    endloop
  endfacet
  facet normal 0.0287854 -0.0686242 -0.997227
    outer loop
      vertex 4.1759 -6.38599 0.0275078
      vertex 4.0173 -6.33159 0.0191862
      vertex 4.01793 -6.33124 0.0191803
    endloop
  endfacet
  facet normal 0.0286216 -0.0690975 -0.997199
    outer loop
      vertex 4.1759 -6.38599 0.0275078
      vertex 3.19249 -6.78438 0.026887
      vertex 4.0173 -6.33159 0.0191862
    endloop
  endfacet
  facet normal 0.0224017 -0.0542804 -0.998274
    outer loop
      vertex 1.56277 -7.46839 0.0275078
      vertex 3.19154 -6.78475 0.0268858
      vertex 3.19249 -6.78438 0.026887
    endloop
  endfacet
  facet normal 0.0286207 -0.0690953 -0.997199
    outer loop
      vertex 2.31703 -7.13108 0.0257839
      vertex 1.56277 -7.46839 0.0275078
      vertex 1.62938 -7.30822 0.0183215
    endloop
  endfacet
  facet normal 0.0286156 -0.0690838 -0.9972
    outer loop
      vertex 3.19154 -6.78475 0.0268858
      vertex 1.56277 -7.46839 0.0275078
      vertex 2.31703 -7.13108 0.0257839
    endloop
  endfacet
  facet normal 0.0286378 -0.0691373 -0.997196
    outer loop
      vertex 1.56277 -7.46839 0.0275078
      vertex 3.19249 -6.78438 0.026887
      vertex 4.1759 -6.38599 0.0275078
    endloop
  endfacet
  facet normal -0.923117 0.380864 -0.0528842
    outer loop
      vertex 1.62938 -7.30822 0.0183215
      vertex 1.56277 -7.46839 0.0275078
      vertex 1.57979 -7.18608 1.76357
    endloop
  endfacet
  facet normal 0.0286211 -0.0690971 -0.997199
    outer loop
      vertex 3.40902 -8.23009 0.133277
      vertex 1.56277 -7.46839 0.0275078
      vertex 4.1759 -6.38599 0.0275078
    endloop
  endfacet
  facet normal -0.38344 -0.922051 0.0528843
    outer loop
      vertex 1.41421 -7.10973 5.20358
      vertex 3.40902 -8.23009 0.133277
      vertex 1.25781 -6.32346 17.7784
    endloop
  endfacet
  facet normal -0.383437 -0.922052 0.0528856
    outer loop
      vertex 3.40902 -8.23009 0.133277
      vertex 1.41421 -7.10973 5.20358
      vertex 1.56277 -7.46839 0.0275078
    endloop
  endfacet
  facet normal -0.0525277 0.0529315 0.997216
    outer loop
      vertex 5.0883 -3.39989 19.9725
      vertex 5.2413 -5.2413 20.0783
      vertex 5.24373 -3.50375 19.9862
    endloop
  endfacet
  facet normal -0.0528996 0.0528996 0.997198
    outer loop
      vertex 3.39989 -5.0883 19.9725
      vertex 5.2413 -5.2413 20.0783
      vertex 5.0883 -3.39989 19.9725
    endloop
  endfacet
  facet normal -0.0529315 0.0525277 0.997216
    outer loop
      vertex 5.2413 -5.2413 20.0783
      vertex 3.39989 -5.0883 19.9725
      vertex 3.50375 -5.24373 19.9862
    endloop
  endfacet
  facet normal -0.0530234 0.053427 0.997163
    outer loop
      vertex 4.85694 -3.52685 19.967
      vertex 5.0883 -3.39989 19.9725
      vertex 4.98265 -3.3293 19.9631
    endloop
  endfacet
  facet normal -0.0364943 0.0232237 0.999064
    outer loop
      vertex 4.8561 -3.52817 19.967
      vertex 5.0883 -3.39989 19.9725
      vertex 4.85694 -3.52685 19.967
    endloop
  endfacet
  facet normal -0.0528284 0.0528698 0.997203
    outer loop
      vertex 4.37616 -4.1077 19.9723
      vertex 5.0883 -3.39989 19.9725
      vertex 4.8561 -3.52817 19.967
    endloop
  endfacet
  facet normal -0.00153287 0.00125968 0.999998
    outer loop
      vertex 4.37533 -4.10871 19.9723
      vertex 5.0883 -3.39989 19.9725
      vertex 4.37616 -4.1077 19.9723
    endloop
  endfacet
  facet normal -0.0535668 0.0535401 0.997128
    outer loop
      vertex 3.39989 -5.0883 19.9725
      vertex 4.37438 -4.1096 19.9723
      vertex 3.82595 -4.62478 19.9705
    endloop
  endfacet
  facet normal -0.0480812 0.0480812 0.997686
    outer loop
      vertex 4.37533 -4.10871 19.9723
      vertex 3.39989 -5.0883 19.9725
      vertex 5.0883 -3.39989 19.9725
    endloop
  endfacet
  facet normal -0.00284939 0.00304149 0.999991
    outer loop
      vertex 4.37438 -4.1096 19.9723
      vertex 3.39989 -5.0883 19.9725
      vertex 4.37533 -4.10871 19.9723
    endloop
  endfacet
  facet normal -0.00965866 0.0131923 0.999866
    outer loop
      vertex 3.82483 -4.6256 19.9705
      vertex 3.39989 -5.0883 19.9725
      vertex 3.82595 -4.62478 19.9705
    endloop
  endfacet
  facet normal -0.0527052 0.0527145 0.997218
    outer loop
      vertex 3.39989 -5.0883 19.9725
      vertex 3.82483 -4.6256 19.9705
      vertex 3.33093 -4.9851 19.9634
    endloop
  endfacet
  facet normal 0.9986 0.00140663 0.0528849
    outer loop
      vertex 5.2413 -5.2413 20.0783
      vertex 6.02734 -4.02734 5.20359
      vertex 5.24373 -3.50375 19.9862
    endloop
  endfacet
  facet normal 0.9986 0.00139678 0.0528841
    outer loop
      vertex 6.02734 -4.02734 5.20359
      vertex 5.2413 -5.2413 20.0783
      vertex 6.30184 -4.30184 0.0275078
    endloop
  endfacet
  facet normal 0.707107 0.707107 0
    outer loop
      vertex 6.30184 -4.30184 0.0275078
      vertex 6.02734 -4.02734 5.20358
      vertex 6.02734 -4.02734 5.20359
    endloop
  endfacet
  facet normal 0.00140127 0.9986 -0.0528839
    outer loop
      vertex 6.02734 -4.02734 5.20358
      vertex 6.30184 -4.30184 0.0275078
      vertex 6.03913 -4.21112 1.7336
    endloop
  endfacet
  facet normal 0.00141506 0.9986 -0.0528839
    outer loop
      vertex 5.44524 -3.63839 12.5325
      vertex 6.02734 -4.02734 5.20358
      vertex 6.03913 -4.21112 1.7336
    endloop
  endfacet
  facet normal -0.00140068 -0.9986 0.0528842
    outer loop
      vertex 5.2413 -5.2413 20.0783
      vertex 4.30184 -6.30184 0.0275078
      vertex 6.29904 -6.29904 0.133277
    endloop
  endfacet
  facet normal -0.00140663 -0.9986 0.0528849
    outer loop
      vertex 4.02734 -6.02734 5.20359
      vertex 5.2413 -5.2413 20.0783
      vertex 3.50375 -5.24373 19.9862
    endloop
  endfacet
  facet normal -0.00139678 -0.9986 0.0528841
    outer loop
      vertex 5.2413 -5.2413 20.0783
      vertex 4.02734 -6.02734 5.20359
      vertex 4.30184 -6.30184 0.0275078
    endloop
  endfacet
  facet normal 0.0528874 -0.0528877 -0.997199
    outer loop
      vertex 6.30184 -4.30184 0.0275078
      vertex 6.06638 -4.40748 0.0206227
      vertex 6.13345 -4.30208 0.0185898
    endloop
  endfacet
  facet normal 0.053001 -0.0531421 -0.997179
    outer loop
      vertex 6.30184 -4.30184 0.0275078
      vertex 6.06588 -4.40808 0.0206281
      vertex 6.06638 -4.40748 0.0206227
    endloop
  endfacet
  facet normal 0.0528862 -0.052886 -0.997199
    outer loop
      vertex 6.30184 -4.30184 0.0275078
      vertex 5.46578 -5.1327 0.0272318
      vertex 6.06588 -4.40808 0.0206281
    endloop
  endfacet
  facet normal 0.052889 -0.0528892 -0.997199
    outer loop
      vertex 4.30184 -6.30184 0.0275078
      vertex 4.78017 -5.77676 0.0250282
      vertex 5.46578 -5.1327 0.0272318
    endloop
  endfacet
  facet normal 0.052887 -0.0528865 -0.997199
    outer loop
      vertex 4.77948 -5.7774 0.025026
      vertex 4.30184 -6.30184 0.0275078
      vertex 4.30209 -6.12489 0.0181365
    endloop
  endfacet
  facet normal 0.048698 -0.0490732 -0.997607
    outer loop
      vertex 4.78017 -5.77676 0.0250282
      vertex 4.30184 -6.30184 0.0275078
      vertex 4.77948 -5.7774 0.025026
    endloop
  endfacet
  facet normal 0.052928 -0.052928 -0.997195
    outer loop
      vertex 4.30184 -6.30184 0.0275078
      vertex 5.46578 -5.1327 0.0272318
      vertex 6.30184 -4.30184 0.0275078
    endloop
  endfacet
  facet normal -0.9986 -0.00139464 -0.052885
    outer loop
      vertex 3.95499 -5.77153 6.56298
      vertex 4.02734 -6.02734 5.20358
      vertex 3.64672 -5.4577 12.3756
    endloop
  endfacet
  facet normal -0.9986 -0.00140247 -0.0528836
    outer loop
      vertex 4.20747 -6.02856 1.80222
      vertex 4.02734 -6.02734 5.20358
      vertex 3.95499 -5.77153 6.56298
    endloop
  endfacet
  facet normal -0.9986 -0.00140787 -0.0528836
    outer loop
      vertex 4.30184 -6.30184 0.0275078
      vertex 4.02734 -6.02734 5.20358
      vertex 4.20747 -6.02856 1.80222
    endloop
  endfacet
  facet normal -0.707107 -0.707107 0
    outer loop
      vertex 4.02734 -6.02734 5.20358
      vertex 4.30184 -6.30184 0.0275078
      vertex 4.02734 -6.02734 5.20359
    endloop
  endfacet
  facet normal 0.0528846 -0.0528846 -0.997199
    outer loop
      vertex 6.29904 -6.29904 0.133277
      vertex 4.30184 -6.30184 0.0275078
      vertex 6.30184 -4.30184 0.0275078
    endloop
  endfacet
  facet normal 0.9986 0.00140068 0.0528842
    outer loop
      vertex 6.30184 -4.30184 0.0275078
      vertex 5.2413 -5.2413 20.0783
      vertex 6.29904 -6.29904 0.133277
    endloop
  endfacet
  facet normal -0.9986 -0.00139002 -0.0528863
    outer loop
      vertex 4.30184 -6.30184 0.0275078
      vertex 4.20747 -6.02856 1.80222
      vertex 4.30209 -6.12489 0.0181365
    endloop
  endfacet
  facet normal 0.00137768 0.9986 -0.0528875
    outer loop
      vertex 6.13345 -4.30208 0.0185898
      vertex 6.03913 -4.21112 1.7336
      vertex 6.30184 -4.30184 0.0275078
    endloop
  endfacet
  facet normal -0.0688361 0.0285261 0.99722
    outer loop
      vertex 5.25982 -2.89161 19.9698
      vertex 5.0883 -3.39989 19.9725
      vertex 5.24373 -3.50375 19.9862
    endloop
  endfacet
  facet normal -0.0695096 0.0287531 0.997167
    outer loop
      vertex 5.0883 -3.39989 19.9725
      vertex 5.25982 -2.89161 19.9698
      vertex 4.98265 -3.3293 19.9631
    endloop
  endfacet
  facet normal -0.069115 0.0286583 0.997197
    outer loop
      vertex 5.25982 -2.89161 19.9698
      vertex 6.84809 -2.83657 20.0783
      vertex 5.54042 -2.29492 19.9721
    endloop
  endfacet
  facet normal -0.0691109 0.0285328 0.997201
    outer loop
      vertex 5.24373 -3.50375 19.9862
      vertex 6.84809 -2.83657 20.0783
      vertex 5.25982 -2.89161 19.9698
    endloop
  endfacet
  facet normal 0.0690971 -0.0286211 -0.997199
    outer loop
      vertex 8.23009 -3.40902 0.133277
      vertex 6.38599 -4.1759 0.0275078
      vertex 7.46839 -1.56277 0.0275078
    endloop
  endfacet
  facet normal 0.922049 0.383443 0.052885
    outer loop
      vertex 6.84809 -2.83657 20.0783
      vertex 6.32346 -1.25781 17.7784
      vertex 6.18541 -1.23035 19.9862
    endloop
  endfacet
  facet normal 0.92205 0.383442 0.0528839
    outer loop
      vertex 6.32346 -1.25781 17.7784
      vertex 6.84809 -2.83657 20.0783
      vertex 8.23009 -3.40902 0.133277
    endloop
  endfacet
  facet normal -0.0690578 0.0287154 0.997199
    outer loop
      vertex 5.81411 -1.49126 19.968
      vertex 6.18541 -1.23035 19.9862
      vertex 5.87599 -1.16881 19.963
    endloop
  endfacet
  facet normal -0.0567487 0.0111197 0.998327
    outer loop
      vertex 5.81382 -1.49274 19.968
      vertex 6.18541 -1.23035 19.9862
      vertex 5.81411 -1.49126 19.968
    endloop
  endfacet
  facet normal -0.0632339 0.020341 0.997791
    outer loop
      vertex 5.81336 -1.49417 19.968
      vertex 6.18541 -1.23035 19.9862
      vertex 5.81382 -1.49274 19.968
    endloop
  endfacet
  facet normal -0.0691085 0.0286667 0.997197
    outer loop
      vertex 6.18541 -1.23035 19.9862
      vertex 5.81336 -1.49417 19.968
      vertex 6.84809 -2.83657 20.0783
    endloop
  endfacet
  facet normal -0.0691488 0.0286355 0.997195
    outer loop
      vertex 5.58058 -2.20951 19.9724
      vertex 6.84809 -2.83657 20.0783
      vertex 5.81336 -1.49417 19.968
    endloop
  endfacet
  facet normal -0.0675961 0.031776 0.997207
    outer loop
      vertex 5.58003 -2.21068 19.9724
      vertex 6.84809 -2.83657 20.0783
      vertex 5.58058 -2.20951 19.9724
    endloop
  endfacet
  facet normal -0.0690149 0.0288998 0.997197
    outer loop
      vertex 6.84809 -2.83657 20.0783
      vertex 5.58003 -2.21068 19.9724
      vertex 5.54042 -2.29492 19.9721
    endloop
  endfacet
  facet normal -0.379664 0.923618 -0.0527809
    outer loop
      vertex 7.10973 -1.41421 5.20358
      vertex 6.431 -1.28221 12.3957
      vertex 6.41578 -1.27618 12.6107
    endloop
  endfacet
  facet normal -0.380872 0.923114 -0.0528857
    outer loop
      vertex 7.10973 -1.41421 5.20358
      vertex 7.1829 -1.57998 1.78313
      vertex 6.431 -1.28221 12.3957
    endloop
  endfacet
  facet normal -0.380869 0.923115 -0.0528857
    outer loop
      vertex 7.1829 -1.57998 1.78313
      vertex 7.10973 -1.41421 5.20358
      vertex 7.46839 -1.56277 0.0275078
    endloop
  endfacet
  facet normal 0.922051 0.38344 0.0528843
    outer loop
      vertex 8.23009 -3.40902 0.133277
      vertex 7.10973 -1.41421 5.20358
      vertex 6.32346 -1.25781 17.7784
    endloop
  endfacet
  facet normal 0.922052 0.383437 0.0528856
    outer loop
      vertex 7.10973 -1.41421 5.20358
      vertex 8.23009 -3.40902 0.133277
      vertex 7.46839 -1.56277 0.0275078
    endloop
  endfacet
  facet normal -0.380881 0.92311 -0.0528879
    outer loop
      vertex 7.30794 -1.6295 0.0183052
      vertex 7.1829 -1.57998 1.78313
      vertex 7.46839 -1.56277 0.0275078
    endloop
  endfacet
  facet normal -0.922049 -0.383443 -0.0528842
    outer loop
      vertex 6.31806 -4.01124 0.0180749
      vertex 6.02734 -4.02734 5.20358
      vertex 5.44524 -3.63839 12.5325
    endloop
  endfacet
  facet normal -0.922058 -0.383422 -0.0528847
    outer loop
      vertex 6.02734 -4.02734 5.20358
      vertex 6.31806 -4.01124 0.0180749
      vertex 6.38599 -4.1759 0.0275078
    endloop
  endfacet
  facet normal 0.0690984 -0.0286229 -0.997199
    outer loop
      vertex 7.46839 -1.56277 0.0275078
      vertex 7.26278 -1.86476 0.0219287
      vertex 7.30794 -1.6295 0.0183052
    endloop
  endfacet
  facet normal 0.0690935 -0.0286196 -0.9972
    outer loop
      vertex 7.46839 -1.56277 0.0275078
      vertex 6.97173 -2.75919 0.0274327
      vertex 7.26278 -1.86476 0.0219287
    endloop
  endfacet
  facet normal 0.0675564 -0.0279815 -0.997323
    outer loop
      vertex 7.46839 -1.56277 0.0275078
      vertex 6.97141 -2.76018 0.0274388
      vertex 6.97173 -2.75919 0.0274327
    endloop
  endfacet
  facet normal 0.0690982 -0.0286217 -0.997199
    outer loop
      vertex 6.38599 -4.1759 0.0275078
      vertex 6.5711 -3.61146 0.0241339
      vertex 6.97141 -2.76018 0.0274388
    endloop
  endfacet
  facet normal 0.0692396 -0.0286801 -0.997188
    outer loop
      vertex 6.38599 -4.1759 0.0275078
      vertex 6.97141 -2.76018 0.0274388
      vertex 7.46839 -1.56277 0.0275078
    endloop
  endfacet
  facet normal 0.066736 -0.0278481 -0.997382
    outer loop
      vertex 6.5711 -3.61146 0.0241339
      vertex 6.38599 -4.1759 0.0275078
      vertex 6.57071 -3.61228 0.0241307
    endloop
  endfacet
  facet normal 0.0714498 -0.0293907 -0.997011
    outer loop
      vertex 6.38599 -4.1759 0.0275078
      vertex 6.57023 -3.61305 0.024119
      vertex 6.57071 -3.61228 0.0241307
    endloop
  endfacet
  facet normal 0.0690959 -0.0286214 -0.997199
    outer loop
      vertex 6.57023 -3.61305 0.024119
      vertex 6.38599 -4.1759 0.0275078
      vertex 6.31806 -4.01124 0.0180749
    endloop
  endfacet
  facet normal 0.380849 -0.923124 0.0528848
    outer loop
      vertex 6.02734 -4.02734 5.20359
      vertex 6.84809 -2.83657 20.0783
      vertex 5.24373 -3.50375 19.9862
    endloop
  endfacet
  facet normal 0.270258 -0.962788 0
    outer loop
      vertex 8.23009 -3.40902 0.133277
      vertex 6.02734 -4.02734 5.20359
      vertex 6.02734 -4.02734 5.20358
    endloop
  endfacet
  facet normal 0.380854 -0.923122 0.0528844
    outer loop
      vertex 6.02734 -4.02734 5.20359
      vertex 8.23009 -3.40902 0.133277
      vertex 6.84809 -2.83657 20.0783
    endloop
  endfacet
  facet normal 0.380853 -0.923122 0.0528841
    outer loop
      vertex 8.23009 -3.40902 0.133277
      vertex 6.02734 -4.02734 5.20358
      vertex 6.38599 -4.1759 0.0275078
    endloop
  endfacet
  facet normal 0.0600481 0.0195106 0.998005
    outer loop
      vertex 1.08897 0.279598 22.9469
      vertex 0.350286 0.138688 22.9941
      vertex 0.364906 0.0936918 22.9941
    endloop
  endfacet
  facet normal 0.60866 0.116103 0.784891
    outer loop
      vertex 5.09266 1.30757 21.4453
      vertex 4.81583 0.608379 21.7634
      vertex 5.21638 0.658981 21.4453
    endloop
  endfacet
  facet normal -0.164289 0.104261 0.980887
    outer loop
      vertex -1.5 1.08981 22.8532
      vertex -2.06678 1.5016 22.7145
      vertex -1.62476 0.89322 22.8532
    endloop
  endfacet
  facet normal 0.181275 0.706001 0.684619
    outer loop
      vertex 1.7239 5.30562 21.1044
      vertex 0.985221 5.16471 21.4453
      vertex 1.62476 5.0005 21.4453
    endloop
  endfacet
  facet normal 0.990249 0.0622988 0.124606
    outer loop
      vertex 5.95269 0.751999 20
      vertex 5.90575 0.746069 20.376
      vertex 6 0 20
    endloop
  endfacet
  facet normal -0.191132 -0.0364605 0.980887
    outer loop
      vertex -1.83948 -0.23238 22.8532
      vertex -2.47442 -0.635322 22.7145
      vertex -1.79585 -0.461096 22.8532
    endloop
  endfacet
  facet normal 0.477434 -0.394967 0.784893
    outer loop
      vertex 3.92705 -2.85317 21.7634
      vertex 3.53849 -3.32286 21.7634
      vertex 3.8328 -3.59924 21.4453
    endloop
  endfacet
  facet normal -0.583206 -0.802711 0.124602
    outer loop
      vertex -3.79439 -4.58662 20.376
      vertex -3.82454 -4.62308 20
      vertex -3.18961 -5.02602 20.376
    endloop
  endfacet
  facet normal 0.341439 0.0214761 0.939659
    outer loop
      vertex 3.79439 0.479342 22.3115
      vertex 3.21496 0 22.533
      vertex 3.82454 0 22.3115
    endloop
  endfacet
  facet normal -0.124354 -0.984384 0.124594
    outer loop
      vertex -1.11542 -5.84725 20.376
      vertex -1.12429 -5.89372 20
      vertex -0.373772 -5.94094 20.376
    endloop
  endfacet
  facet normal 0.943644 -0.306608 0.124606
    outer loop
      vertex 5.8115 -1.49214 20
      vertex 5.53467 -2.19133 20.376
      vertex 5.57866 -2.20875 20
    endloop
  endfacet
  facet normal 0.639754 0.681256 0.355815
    outer loop
      vertex 4.33932 4.07489 20.376
      vertex 3.70439 4.47784 20.7461
      vertex 4.2364 3.97824 20.7461
    endloop
  endfacet
  facet normal 0.932707 -0.0586868 0.355828
    outer loop
      vertex 5.8115 0 20.7461
      vertex 5.76567 -0.728374 20.7461
      vertex 5.90575 -0.746069 20.376
    endloop
  endfacet
  facet normal -0.308851 -0.780083 0.544134
    outer loop
      vertex -1.7239 -5.30562 21.1044
      vertex -2.47442 -5.2584 20.7461
      vertex -1.79585 -5.52706 20.7461
    endloop
  endfacet
  facet normal -0.194196 -0.0122212 0.980887
    outer loop
      vertex -1.83948 -0.23238 22.8532
      vertex -2.55468 0 22.7145
      vertex -2.53453 -0.320186 22.7145
    endloop
  endfacet
  facet normal 0.708382 0.449562 0.544141
    outer loop
      vertex 5.09266 2.79971 20.7461
      vertex 4.7016 3.41591 20.7461
      vertex 4.88862 2.68754 21.1044
    endloop
  endfacet
  facet normal -0.974629 0.185927 0.124616
    outer loop
      vertex -5.8115 1.49214 20
      vertex -5.90575 0.746069 20.376
      vertex -5.76567 1.48037 20.376
    endloop
  endfacet
  facet normal -0.191134 -0.0364575 0.980887
    outer loop
      vertex -1.83948 -0.23238 22.8532
      vertex -2.53453 -0.320186 22.7145
      vertex -2.47442 -0.635322 22.7145
    endloop
  endfacet
  facet normal -0.0483869 0.18847 0.980886
    outer loop
      vertex -0.347424 1.82126 22.8532
      vertex -0.789437 2.42964 22.7145
      vertex -0.572948 1.76336 22.8532
    endloop
  endfacet
  facet normal 0.291414 0.310325 0.904863
    outer loop
      vertex 2.78797 3.37008 22.0536
      vertex 2.78797 2.61808 22.3115
      vertex 3.18837 2.99408 22.0536
    endloop
  endfacet
  facet normal 0.990249 -0.062303 0.124598
    outer loop
      vertex 5.95269 0 20.376
      vertex 5.90575 -0.746069 20.376
      vertex 6 0 20
    endloop
  endfacet
  facet normal 0.897774 -0.422465 0.1246
    outer loop
      vertex 5.57866 -2.20875 20
      vertex 5.21638 -2.86773 20.376
      vertex 5.25784 -2.89052 20
    endloop
  endfacet
  facet normal 0.797929 0.259254 0.544147
    outer loop
      vertex 5.62892 1.44526 20.7461
      vertex 5.18691 2.05364 21.1044
      vertex 5.40339 1.38736 21.1044
    endloop
  endfacet
  facet normal 0.764501 0.632463 0.124609
    outer loop
      vertex 4.37381 4.10728 20
      vertex 4.33932 4.07489 20.376
      vertex 4.81583 3.4989 20.376
    endloop
  endfacet
  facet normal -0.932707 -0.0586868 0.355828
    outer loop
      vertex -5.8115 0 20.7461
      vertex -5.90575 -0.746069 20.376
      vertex -5.76567 -0.728374 20.7461
    endloop
  endfacet
  facet normal 0.234193 -0.249386 0.93966
    outer loop
      vertex 2.78797 -2.61808 22.3115
      vertex 2.04929 -2.47717 22.533
      vertex 2.43786 -2.94686 22.3115
    endloop
  endfacet
  facet normal -0.418165 -0.0797676 0.904862
    outer loop
      vertex -3.70439 -0.951125 22.3115
      vertex -4.33932 -0.548183 22.0536
      vertex -4.2364 -1.08772 22.0536
    endloop
  endfacet
  facet normal 0.12436 -0.984382 0.124606
    outer loop
      vertex 1.12429 -5.89372 20
      vertex 0.373772 -5.94094 20.376
      vertex 0.376742 -5.98816 20
    endloop
  endfacet
  facet normal 0 -0.728901 0.684619
    outer loop
      vertex -0.350286 -5.56765 21.1044
      vertex 0.330142 -5.24746 21.4453
      vertex -0.330142 -5.24746 21.4453
    endloop
  endfacet
  facet normal 0 -0.728901 0.684619
    outer loop
      vertex 0.330142 -5.24746 21.4453
      vertex -0.350286 -5.56765 21.1044
      vertex 0.350286 -5.56765 21.1044
    endloop
  endfacet
  facet normal -0.0533095 -0.0338316 0.998005
    outer loop
      vertex -0.304791 -0.221443 22.9941
      vertex -0.985221 -0.54163 22.9469
      vertex -0.909568 -0.660839 22.9469
    endloop
  endfacet
  facet normal 0.156717 0.395812 0.904861
    outer loop
      vertex 1.35158 4.15974 22.0536
      vertex 1.18185 3.63736 22.3115
      vertex 1.62841 3.46055 22.3115
    endloop
  endfacet
  facet normal 0.341436 -0.0214806 0.93966
    outer loop
      vertex 3.21496 0 22.533
      vertex 3.18961 -0.402941 22.533
      vertex 3.79439 -0.479342 22.3115
    endloop
  endfacet
  facet normal -0.797929 0.259254 0.544147
    outer loop
      vertex -5.18691 2.05364 21.1044
      vertex -5.62892 1.44526 20.7461
      vertex -5.40339 1.38736 21.1044
    endloop
  endfacet
  facet normal -0.837342 0.0526864 0.544135
    outer loop
      vertex -5.76567 0.728374 20.7461
      vertex -5.8115 0 20.7461
      vertex -5.53467 0.699191 21.1044
    endloop
  endfacet
  facet normal -0.990249 -0.0622988 0.124606
    outer loop
      vertex -5.90575 -0.746069 20.376
      vertex -6 0 20
      vertex -5.95269 -0.751999 20
    endloop
  endfacet
  facet normal -0.888807 0.288799 0.355834
    outer loop
      vertex -5.53467 2.19133 20.376
      vertex -5.62892 1.44526 20.7461
      vertex -5.40339 2.13935 20.7461
    endloop
  endfacet
  facet normal 0.232419 0.905192 0.355822
    outer loop
      vertex 1.83948 5.66134 20.376
      vertex 1.08897 5.70856 20.7461
      vertex 1.79585 5.52706 20.7461
    endloop
  endfacet
  facet normal 0.234193 0.249386 0.93966
    outer loop
      vertex 2.43786 2.94686 22.3115
      vertex 2.04929 2.47717 22.533
      vertex 2.78797 2.61808 22.3115
    endloop
  endfacet
  facet normal 0.639754 0.68126 0.35581
    outer loop
      vertex 3.79439 4.58662 20.376
      vertex 3.70439 4.47784 20.7461
      vertex 4.33932 4.07489 20.376
    endloop
  endfacet
  facet normal 0.917999 0.175113 0.355828
    outer loop
      vertex 5.90575 0.746069 20.376
      vertex 5.62892 1.44526 20.7461
      vertex 5.76567 0.728374 20.7461
    endloop
  endfacet
  facet normal 0.615432 0.390571 0.684615
    outer loop
      vertex 4.51323 3.27905 21.1044
      vertex 4.25368 3.09048 21.4453
      vertex 4.88862 2.68754 21.1044
    endloop
  endfacet
  facet normal 0.720082 0.595716 0.355814
    outer loop
      vertex 4.33932 4.07489 20.376
      vertex 4.2364 3.97824 20.7461
      vertex 4.81583 3.4989 20.376
    endloop
  endfacet
  facet normal -0.125331 -0.0239082 0.991827
    outer loop
      vertex -1.11542 -0.14091 22.9469
      vertex -1.83948 -0.23238 22.8532
      vertex -1.79585 -0.461096 22.8532
    endloop
  endfacet
  facet normal -0.0977536 -0.246889 0.964101
    outer loop
      vertex -0.789437 -2.42964 22.7145
      vertex -1.36886 -2.90898 22.533
      vertex -0.993477 -3.05761 22.533
    endloop
  endfacet
  facet normal -0.943644 0.306608 0.124606
    outer loop
      vertex -5.57866 2.20875 20
      vertex -5.8115 1.49214 20
      vertex -5.53467 2.19133 20.376
    endloop
  endfacet
  facet normal 0.205083 0.373046 0.904863
    outer loop
      vertex 2.34361 3.69293 22.0536
      vertex 1.62841 3.46055 22.3115
      vertex 2.04929 3.22917 22.3115
    endloop
  endfacet
  facet normal -0.404866 -0.13155 0.904864
    outer loop
      vertex -3.70439 -0.951125 22.3115
      vertex -4.06667 -1.61011 22.0536
      vertex -3.55597 -1.40791 22.3115
    endloop
  endfacet
  facet normal -0.385186 -0.181257 0.904863
    outer loop
      vertex -3.55597 -1.40791 22.3115
      vertex -3.8328 -2.1071 22.0536
      vertex -3.35147 -1.84249 22.3115
    endloop
  endfacet
  facet normal -0.715994 -0.136578 0.684616
    outer loop
      vertex -5.21638 -0.658981 21.4453
      vertex -5.53467 -0.699191 21.1044
      vertex -5.09266 -1.30757 21.4453
    endloop
  endfacet
  facet normal 0.117128 -0.927185 0.355821
    outer loop
      vertex 1.08897 -5.70856 20.7461
      vertex 0.373772 -5.94094 20.376
      vertex 1.11542 -5.84725 20.376
    endloop
  endfacet
  facet normal 0.201088 -0.276774 0.939659
    outer loop
      vertex 2.04929 -2.47717 22.533
      vertex 1.72266 -2.71448 22.533
      vertex 2.43786 -2.94686 22.3115
    endloop
  endfacet
  facet normal -0.428442 -0.589699 0.684611
    outer loop
      vertex -3.35147 -4.05124 21.4453
      vertex -3.55597 -4.29843 21.1044
      vertex -2.98919 -4.71022 21.1044
    endloop
  endfacet
  facet normal -0.679213 -0.723287 0.124599
    outer loop
      vertex -3.79439 -4.58662 20.376
      vertex -4.37381 -4.10728 20
      vertex -3.82454 -4.62308 20
    endloop
  endfacet
  facet normal 0.646458 -0.534795 0.544137
    outer loop
      vertex 4.51323 -3.27905 21.1044
      vertex 4.06667 -3.81885 21.1044
      vertex 4.2364 -3.97824 20.7461
    endloop
  endfacet
  facet normal -0.364207 -0.501293 0.784894
    outer loop
      vertex -2.60096 -4.09845 21.7634
      vertex -3.35147 -4.05124 21.4453
      vertex -2.81729 -4.43934 21.4453
    endloop
  endfacet
  facet normal 0.250225 -0.344401 0.904862
    outer loop
      vertex 2.43786 -2.94686 22.3115
      vertex 2.34361 -3.69293 22.0536
      vertex 2.78797 -3.37008 22.0536
    endloop
  endfacet
  facet normal -0.523173 0.332015 0.784893
    outer loop
      vertex -4.25368 3.09048 21.4453
      vertex -4.60748 2.53298 21.4453
      vertex -3.92705 2.85317 21.7634
    endloop
  endfacet
  facet normal 0.228094 -0.576119 0.784895
    outer loop
      vertex 2.23868 -4.75744 21.4453
      vertex 1.5 -4.61652 21.7634
      vertex 1.62476 -5.0005 21.4453
    endloop
  endfacet
  facet normal -0.646458 -0.534795 0.544137
    outer loop
      vertex -4.06667 -3.81885 21.1044
      vertex -4.51323 -3.27905 21.1044
      vertex -4.2364 -3.97824 20.7461
    endloop
  endfacet
  facet normal 0.304412 0.41899 0.855442
    outer loop
      vertex 2.60096 4.09845 21.7634
      vertex 2.34361 3.69293 22.0536
      vertex 3.09412 3.74015 21.7634
    endloop
  endfacet
  facet normal -0.498972 0.53135 0.684612
    outer loop
      vertex -3.55597 4.29843 21.1044
      vertex -4.06667 3.81885 21.1044
      vertex -3.35147 4.05124 21.4453
    endloop
  endfacet
  facet normal -0.69324 0.225239 0.684606
    outer loop
      vertex -5.18691 2.05364 21.1044
      vertex -5.40339 1.38736 21.1044
      vertex -5.09266 1.30757 21.4453
    endloop
  endfacet
  facet normal -0.477996 0.869479 0.124609
    outer loop
      vertex -2.53453 5.38615 20.376
      vertex -3.21496 5.06597 20
      vertex -3.18961 5.02602 20.376
    endloop
  endfacet
  facet normal 0.12436 0.984382 0.124606
    outer loop
      vertex 0.376742 5.98816 20
      vertex 0.373772 5.94094 20.376
      vertex 1.12429 5.89372 20
    endloop
  endfacet
  facet normal 0.26833 0.677723 0.68461
    outer loop
      vertex 2.37528 5.04772 21.1044
      vertex 1.7239 5.30562 21.1044
      vertex 2.23868 4.75744 21.4453
    endloop
  endfacet
  facet normal 0.523173 0.332015 0.784893
    outer loop
      vertex 4.25368 3.09048 21.4453
      vertex 3.92705 2.85317 21.7634
      vertex 4.60748 2.53298 21.4453
    endloop
  endfacet
  facet normal 0.260834 0.0497522 0.964101
    outer loop
      vertex 3.18961 0.402941 22.533
      vertex 2.47442 0.635322 22.7145
      vertex 2.53453 0.320186 22.7145
    endloop
  endfacet
  facet normal 0.646457 0.534796 0.544139
    outer loop
      vertex 4.7016 3.41591 20.7461
      vertex 4.2364 3.97824 20.7461
      vertex 4.51323 3.27905 21.1044
    endloop
  endfacet
  facet normal 0.399045 0.330118 0.855444
    outer loop
      vertex 3.53849 3.32286 21.7634
      vertex 3.18837 2.99408 22.0536
      vertex 3.92705 2.85317 21.7634
    endloop
  endfacet
  facet normal 0.344028 0.868932 0.355811
    outer loop
      vertex 2.53453 5.38615 20.376
      vertex 1.79585 5.52706 20.7461
      vertex 2.47442 5.2584 20.7461
    endloop
  endfacet
  facet normal 0.715994 0.136578 0.684616
    outer loop
      vertex 5.53467 0.699191 21.1044
      vertex 5.09266 1.30757 21.4453
      vertex 5.21638 0.658981 21.4453
    endloop
  endfacet
  facet normal 0.418165 -0.0797676 0.904862
    outer loop
      vertex 4.33932 -0.548183 22.0536
      vertex 3.70439 -0.951125 22.3115
      vertex 4.2364 -1.08772 22.0536
    endloop
  endfacet
  facet normal 0.679213 0.723287 0.124599
    outer loop
      vertex 3.82454 4.62308 20
      vertex 3.79439 4.58662 20.376
      vertex 4.37381 4.10728 20
    endloop
  endfacet
  facet normal 0.344033 0.868926 0.355822
    outer loop
      vertex 1.83948 5.66134 20.376
      vertex 1.79585 5.52706 20.7461
      vertex 2.53453 5.38615 20.376
    endloop
  endfacet
  facet normal 0.764509 0.632458 0.124592
    outer loop
      vertex 4.8541 3.52671 20
      vertex 4.37381 4.10728 20
      vertex 4.81583 3.4989 20.376
    endloop
  endfacet
  facet normal 0.0630138 -0.00396353 0.998005
    outer loop
      vertex 0.376742 0 22.9941
      vertex 0.373772 -0.0472183 22.9941
      vertex 1.12429 0 22.9469
    endloop
  endfacet
  facet normal 0.121347 0.0394282 0.991827
    outer loop
      vertex 1.79585 0.461096 22.8532
      vertex 1.04534 0.413877 22.9469
      vertex 1.08897 0.279598 22.9469
    endloop
  endfacet
  facet normal 0.260834 -0.0497522 0.964101
    outer loop
      vertex 2.53453 -0.320186 22.7145
      vertex 2.47442 -0.635322 22.7145
      vertex 3.18961 -0.402941 22.533
    endloop
  endfacet
  facet normal 0.194196 0.0122212 0.980887
    outer loop
      vertex 2.53453 0.320186 22.7145
      vertex 1.83948 0.23238 22.8532
      vertex 2.55468 0 22.7145
    endloop
  endfacet
  facet normal -0.265012 0.0166778 0.964101
    outer loop
      vertex -2.53453 0.320186 22.7145
      vertex -3.18961 0.402941 22.533
      vertex -2.55468 0 22.7145
    endloop
  endfacet
  facet normal -0.328009 0.271354 0.904863
    outer loop
      vertex -3.18837 2.99408 22.0536
      vertex -3.53849 2.57086 22.0536
      vertex -2.78797 2.61808 22.3115
    endloop
  endfacet
  facet normal -0.659531 0.310359 0.684614
    outer loop
      vertex -4.60748 2.53298 21.4453
      vertex -5.18691 2.05364 21.1044
      vertex -4.88862 1.93554 21.4453
    endloop
  endfacet
  facet normal 0.128798 0.501627 0.855442
    outer loop
      vertex 0.909568 4.76812 21.7634
      vertex 0.819571 4.29634 22.0536
      vertex 1.5 4.61652 21.7634
    endloop
  endfacet
  facet normal 0.107729 0.0683671 0.991827
    outer loop
      vertex 1.5 1.08981 22.8532
      vertex 0.985221 0.54163 22.9469
      vertex 1.62476 0.89322 22.8532
    endloop
  endfacet
  facet normal -0.063014 -0.0039666 0.998005
    outer loop
      vertex -0.373772 -0.0472183 22.9941
      vertex -1.12429 0 22.9469
      vertex -1.11542 -0.14091 22.9469
    endloop
  endfacet
  facet normal -0.424868 -0.0267314 0.904861
    outer loop
      vertex -3.79439 -0.479342 22.3115
      vertex -4.37381 0 22.0536
      vertex -4.33932 -0.548183 22.0536
    endloop
  endfacet
  facet normal -0.560658 -0.263826 0.784894
    outer loop
      vertex -4.51323 -1.78691 21.7634
      vertex -4.60748 -2.53298 21.4453
      vertex -4.25368 -2.33848 21.7634
    endloop
  endfacet
  facet normal -0.246756 -0.961035 0.124596
    outer loop
      vertex -1.11542 -5.84725 20.376
      vertex -1.83948 -5.66134 20.376
      vertex -1.12429 -5.89372 20
    endloop
  endfacet
  facet normal -0.365256 -0.922529 0.124611
    outer loop
      vertex -1.83948 -5.66134 20.376
      vertex -2.53453 -5.38615 20.376
      vertex -1.8541 -5.70634 20
    endloop
  endfacet
  facet normal -0.232419 -0.905192 0.355822
    outer loop
      vertex -1.79585 -5.52706 20.7461
      vertex -1.83948 -5.66134 20.376
      vertex -1.08897 -5.70856 20.7461
    endloop
  endfacet
  facet normal 0.154099 -0.600161 0.784895
    outer loop
      vertex 1.5 -4.61652 21.7634
      vertex 0.985221 -5.16471 21.4453
      vertex 1.62476 -5.0005 21.4453
    endloop
  endfacet
  facet normal -0.0850749 -0.331363 0.93966
    outer loop
      vertex -0.602423 -3.15801 22.533
      vertex -0.993477 -3.05761 22.533
      vertex -0.716647 -3.7568 22.3115
    endloop
  endfacet
  facet normal -0.127923 -0.232695 0.9641
    outer loop
      vertex -1.08773 -2.31154 22.7145
      vertex -1.72266 -2.71448 22.533
      vertex -1.36886 -2.90898 22.533
    endloop
  endfacet
  facet normal 0.0649083 -0.513815 0.855442
    outer loop
      vertex 0.819571 -4.29634 22.0536
      vertex 0.274633 -4.36518 22.0536
      vertex 0.304791 -4.84452 21.7634
    endloop
  endfacet
  facet normal -0.424166 -0.451689 0.784895
    outer loop
      vertex -3.09412 -3.74015 21.7634
      vertex -3.8328 -3.59924 21.4453
      vertex -3.35147 -4.05124 21.4453
    endloop
  endfacet
  facet normal 0.764509 -0.632458 0.124592
    outer loop
      vertex 4.81583 -3.4989 20.376
      vertex 4.37381 -4.10728 20
      vertex 4.8541 -3.52671 20
    endloop
  endfacet
  facet normal 0.493146 -0.678756 0.544148
    outer loop
      vertex 3.55597 -4.29843 21.1044
      vertex 2.98919 -4.71022 21.1044
      vertex 3.70439 -4.47784 20.7461
    endloop
  endfacet
  facet normal -0.0428808 -0.339415 0.939659
    outer loop
      vertex -0.201869 -3.20862 22.533
      vertex -0.716647 -3.7568 22.3115
      vertex -0.240145 -3.817 22.3115
    endloop
  endfacet
  facet normal -0.639754 -0.68126 0.35581
    outer loop
      vertex -3.70439 -4.47784 20.7461
      vertex -4.33932 -4.07489 20.376
      vertex -3.79439 -4.58662 20.376
    endloop
  endfacet
  facet normal 0.659531 -0.310359 0.684614
    outer loop
      vertex 4.88862 -1.93554 21.4453
      vertex 4.60748 -2.53298 21.4453
      vertex 5.18691 -2.05364 21.1044
    endloop
  endfacet
  facet normal 0.888819 0.288789 0.35581
    outer loop
      vertex 5.76567 1.48037 20.376
      vertex 5.53467 2.19133 20.376
      vertex 5.62892 1.44526 20.7461
    endloop
  endfacet
  facet normal 0.659531 0.310359 0.684614
    outer loop
      vertex 5.18691 2.05364 21.1044
      vertex 4.60748 2.53298 21.4453
      vertex 4.88862 1.93554 21.4453
    endloop
  endfacet
  facet normal 0.845619 -0.397903 0.35581
    outer loop
      vertex 5.40339 -2.13935 20.7461
      vertex 5.09266 -2.79971 20.7461
      vertex 5.21638 -2.86773 20.376
    endloop
  endfacet
  facet normal 0.93271 -0.0586828 0.355821
    outer loop
      vertex 5.95269 0 20.376
      vertex 5.8115 0 20.7461
      vertex 5.90575 -0.746069 20.376
    endloop
  endfacet
  facet normal -0.0159951 0.126584 0.991827
    outer loop
      vertex -0.0705938 1.12207 22.9469
      vertex -0.347424 1.82126 22.8532
      vertex -0.21067 1.10437 22.9469
    endloop
  endfacet
  facet normal 0.0317284 -0.123583 0.991827
    outer loop
      vertex 0.347424 -1.06926 22.9469
      vertex 0.21067 -1.10437 22.9469
      vertex 0.572948 -1.76336 22.8532
    endloop
  endfacet
  facet normal 0.309554 0.145663 0.939659
    outer loop
      vertex 3.35147 1.84249 22.3115
      vertex 2.81729 1.54882 22.533
      vertex 2.98919 1.18351 22.533
    endloop
  endfacet
  facet normal 0.424863 0.0267233 0.904863
    outer loop
      vertex 4.37381 0 22.0536
      vertex 3.79439 0.479342 22.3115
      vertex 3.82454 0 22.3115
    endloop
  endfacet
  facet normal 0.727466 0.0457689 0.684616
    outer loop
      vertex 5.53467 0.699191 21.1044
      vertex 5.21638 0.658981 21.4453
      vertex 5.57866 0 21.1044
    endloop
  endfacet
  facet normal 0.364207 0.501293 0.784894
    outer loop
      vertex 2.81729 4.43934 21.4453
      vertex 2.60096 4.09845 21.7634
      vertex 3.35147 4.05124 21.4453
    endloop
  endfacet
  facet normal -0.764509 -0.632458 0.124592
    outer loop
      vertex -4.81583 -3.4989 20.376
      vertex -4.8541 -3.52671 20
      vertex -4.37381 -4.10728 20
    endloop
  endfacet
  facet normal -0.560652 -0.263828 0.784898
    outer loop
      vertex -4.51323 -1.78691 21.7634
      vertex -4.88862 -1.93554 21.4453
      vertex -4.60748 -2.53298 21.4453
    endloop
  endfacet
  facet normal -0.720082 0.595716 0.355814
    outer loop
      vertex -4.33932 4.07489 20.376
      vertex -4.81583 3.4989 20.376
      vertex -4.2364 3.97824 20.7461
    endloop
  endfacet
  facet normal 0.477996 0.869479 0.124609
    outer loop
      vertex 3.21496 5.06597 20
      vertex 2.53453 5.38615 20.376
      vertex 3.18961 5.02602 20.376
    endloop
  endfacet
  facet normal -0.492552 -0.160041 0.855441
    outer loop
      vertex -4.06667 -1.61011 22.0536
      vertex -4.7016 -1.20717 21.7634
      vertex -4.51323 -1.78691 21.7634
    endloop
  endfacet
  facet normal -0.759144 0.357225 0.544141
    outer loop
      vertex -5.09266 2.79971 20.7461
      vertex -5.18691 2.05364 21.1044
      vertex -4.88862 2.68754 21.1044
    endloop
  endfacet
  facet normal -0.498972 -0.53135 0.684612
    outer loop
      vertex -3.8328 -3.59924 21.4453
      vertex -4.06667 -3.81885 21.1044
      vertex -3.35147 -4.05124 21.4453
    endloop
  endfacet
  facet normal -0.618412 -0.0389012 0.78489
    outer loop
      vertex -4.8541 0 21.7634
      vertex -5.21638 -0.658981 21.4453
      vertex -4.81583 -0.608379 21.7634
    endloop
  endfacet
  facet normal 0.351157 0.63874 0.684617
    outer loop
      vertex 2.98919 4.71022 21.1044
      vertex 2.23868 4.75744 21.4453
      vertex 2.81729 4.43934 21.4453
    endloop
  endfacet
  facet normal 0.265012 0.0166778 0.964101
    outer loop
      vertex 3.18961 0.402941 22.533
      vertex 2.53453 0.320186 22.7145
      vertex 2.55468 0 22.7145
    endloop
  endfacet
  facet normal 0.561632 0.464621 0.684615
    outer loop
      vertex 4.51323 3.27905 21.1044
      vertex 4.06667 3.81885 21.1044
      vertex 4.25368 3.09048 21.4453
    endloop
  endfacet
  facet normal 0.437276 0.277502 0.855442
    outer loop
      vertex 3.92705 2.85317 21.7634
      vertex 3.8328 2.1071 22.0536
      vertex 4.25368 2.33848 21.7634
    endloop
  endfacet
  facet normal 0.618406 -0.0389072 0.784895
    outer loop
      vertex 5.25784 0 21.4453
      vertex 4.8541 0 21.7634
      vertex 5.21638 -0.658981 21.4453
    endloop
  endfacet
  facet normal 0.789075 0.500759 0.355812
    outer loop
      vertex 5.21638 2.86773 20.376
      vertex 4.81583 3.4989 20.376
      vertex 5.09266 2.79971 20.7461
    endloop
  endfacet
  facet normal 0.708383 0.449561 0.544139
    outer loop
      vertex 4.7016 3.41591 20.7461
      vertex 4.51323 3.27905 21.1044
      vertex 4.88862 2.68754 21.1044
    endloop
  endfacet
  facet normal 0.574333 0.611592 0.544148
    outer loop
      vertex 3.70439 4.47784 20.7461
      vertex 3.55597 4.29843 21.1044
      vertex 4.2364 3.97824 20.7461
    endloop
  endfacet
  facet normal 0.493146 0.678756 0.544148
    outer loop
      vertex 3.70439 4.47784 20.7461
      vertex 2.98919 4.71022 21.1044
      vertex 3.55597 4.29843 21.1044
    endloop
  endfacet
  facet normal 0.351155 0.638748 0.68461
    outer loop
      vertex 2.37528 5.04772 21.1044
      vertex 2.23868 4.75744 21.4453
      vertex 2.98919 4.71022 21.1044
    endloop
  endfacet
  facet normal 0.0243851 0.193045 0.980887
    outer loop
      vertex 0.478698 2.50943 22.7145
      vertex 0.11642 1.85044 22.8532
      vertex 0.347424 1.82126 22.8532
    endloop
  endfacet
  facet normal 0.291418 0.310324 0.904862
    outer loop
      vertex 2.78797 3.37008 22.0536
      vertex 2.43786 2.94686 22.3115
      vertex 2.78797 2.61808 22.3115
    endloop
  endfacet
  facet normal 0.498972 0.53135 0.684612
    outer loop
      vertex 4.06667 3.81885 21.1044
      vertex 3.35147 4.05124 21.4453
      vertex 3.8328 3.59924 21.4453
    endloop
  endfacet
  facet normal 0.845619 0.397903 0.35581
    outer loop
      vertex 5.21638 2.86773 20.376
      vertex 5.09266 2.79971 20.7461
      vertex 5.40339 2.13935 20.7461
    endloop
  endfacet
  facet normal 0.837751 0.531649 0.12459
    outer loop
      vertex 4.8541 3.52671 20
      vertex 4.81583 3.4989 20.376
      vertex 5.21638 2.86773 20.376
    endloop
  endfacet
  facet normal 0.837747 0.531653 0.124599
    outer loop
      vertex 5.25784 2.89052 20
      vertex 4.8541 3.52671 20
      vertex 5.21638 2.86773 20.376
    endloop
  endfacet
  facet normal 0.583206 0.802711 0.124602
    outer loop
      vertex 3.82454 4.62308 20
      vertex 3.18961 5.02602 20.376
      vertex 3.79439 4.58662 20.376
    endloop
  endfacet
  facet normal -0.477997 0.869478 0.124612
    outer loop
      vertex -2.55468 5.42896 20
      vertex -3.21496 5.06597 20
      vertex -2.53453 5.38615 20.376
    endloop
  endfacet
  facet normal -0.385186 0.181257 0.904863
    outer loop
      vertex -3.35147 1.84249 22.3115
      vertex -3.8328 2.1071 22.0536
      vertex -3.55597 1.40791 22.3115
    endloop
  endfacet
  facet normal -0.561632 0.464621 0.684615
    outer loop
      vertex -4.06667 3.81885 21.1044
      vertex -4.51323 3.27905 21.1044
      vertex -4.25368 3.09048 21.4453
    endloop
  endfacet
  facet normal -0.121347 0.0394282 0.991827
    outer loop
      vertex -1.04534 0.413877 22.9469
      vertex -1.79585 0.461096 22.8532
      vertex -1.08897 0.279598 22.9469
    endloop
  endfacet
  facet normal -0.201087 -0.276775 0.939659
    outer loop
      vertex -1.72266 -2.71448 22.533
      vertex -2.43786 -2.94686 22.3115
      vertex -2.04929 -3.22917 22.3115
    endloop
  endfacet
  facet normal -0.917999 -0.175113 0.355828
    outer loop
      vertex -5.76567 -0.728374 20.7461
      vertex -5.90575 -0.746069 20.376
      vertex -5.62892 -1.44526 20.7461
    endloop
  endfacet
  facet normal -0.336051 0.0641069 0.93966
    outer loop
      vertex -3.70439 0.951125 22.3115
      vertex -3.79439 0.479342 22.3115
      vertex -3.18961 0.402941 22.533
    endloop
  endfacet
  facet normal -0.618406 -0.0389072 0.784895
    outer loop
      vertex -4.8541 0 21.7634
      vertex -5.25784 0 21.4453
      vertex -5.21638 -0.658981 21.4453
    endloop
  endfacet
  facet normal -0.764501 0.632463 0.124609
    outer loop
      vertex -4.37381 4.10728 20
      vertex -4.81583 3.4989 20.376
      vertex -4.33932 4.07489 20.376
    endloop
  endfacet
  facet normal -0.404871 -0.131547 0.904862
    outer loop
      vertex -3.70439 -0.951125 22.3115
      vertex -4.2364 -1.08772 22.0536
      vertex -4.06667 -1.61011 22.0536
    endloop
  endfacet
  facet normal -0.404871 0.131547 0.904862
    outer loop
      vertex -4.06667 1.61011 22.0536
      vertex -4.2364 1.08772 22.0536
      vertex -3.70439 0.951125 22.3115
    endloop
  endfacet
  facet normal -0.260835 -0.0497549 0.9641
    outer loop
      vertex -2.47442 -0.635322 22.7145
      vertex -3.18961 -0.402941 22.533
      vertex -3.11396 -0.799528 22.533
    endloop
  endfacet
  facet normal -0.260834 -0.0497522 0.964101
    outer loop
      vertex -2.53453 -0.320186 22.7145
      vertex -3.18961 -0.402941 22.533
      vertex -2.47442 -0.635322 22.7145
    endloop
  endfacet
  facet normal 0.105147 -0.832379 0.54414
    outer loop
      vertex 1.04534 -5.47985 21.1044
      vertex 0.350286 -5.56765 21.1044
      vertex 0.364906 -5.80003 20.7461
    endloop
  endfacet
  facet normal 0.646457 -0.534796 0.544139
    outer loop
      vertex 4.51323 -3.27905 21.1044
      vertex 4.2364 -3.97824 20.7461
      vertex 4.7016 -3.41591 20.7461
    endloop
  endfacet
  facet normal -0.105866 -0.412334 0.904861
    outer loop
      vertex -1.18185 -3.63736 22.3115
      vertex -1.35158 -4.15974 22.0536
      vertex -0.716647 -3.7568 22.3115
    endloop
  endfacet
  facet normal -0.105147 -0.832379 0.54414
    outer loop
      vertex -0.350286 -5.56765 21.1044
      vertex -1.04534 -5.47985 21.1044
      vertex -0.364906 -5.80003 20.7461
    endloop
  endfacet
  facet normal -0.0913496 -0.723154 0.684619
    outer loop
      vertex -0.985221 -5.16471 21.4453
      vertex -1.04534 -5.47985 21.1044
      vertex -0.350286 -5.56765 21.1044
    endloop
  endfacet
  facet normal -0.759159 -0.357219 0.544125
    outer loop
      vertex -5.18691 -2.05364 21.1044
      vertex -5.40339 -2.13935 20.7461
      vertex -5.09266 -2.79971 20.7461
    endloop
  endfacet
  facet normal -0.837342 -0.0526864 0.544135
    outer loop
      vertex -5.53467 -0.699191 21.1044
      vertex -5.8115 0 20.7461
      vertex -5.76567 -0.728374 20.7461
    endloop
  endfacet
  facet normal -0.549321 -0.756073 0.355808
    outer loop
      vertex -3.70439 -4.47784 20.7461
      vertex -3.79439 -4.58662 20.376
      vertex -3.18961 -5.02602 20.376
    endloop
  endfacet
  facet normal -0.291414 -0.310325 0.904863
    outer loop
      vertex -2.78797 -2.61808 22.3115
      vertex -3.18837 -2.99408 22.0536
      vertex -2.78797 -3.37008 22.0536
    endloop
  endfacet
  facet normal -0.477997 -0.869478 0.124612
    outer loop
      vertex -2.53453 -5.38615 20.376
      vertex -3.21496 -5.06597 20
      vertex -2.55468 -5.42896 20
    endloop
  endfacet
  facet normal -0.351155 -0.638748 0.68461
    outer loop
      vertex -2.23868 -4.75744 21.4453
      vertex -2.98919 -4.71022 21.1044
      vertex -2.37528 -5.04772 21.1044
    endloop
  endfacet
  facet normal -0.450227 -0.81896 0.35581
    outer loop
      vertex -2.47442 -5.2584 20.7461
      vertex -3.11396 -4.90681 20.7461
      vertex -2.53453 -5.38615 20.376
    endloop
  endfacet
  facet normal -0.450223 -0.818959 0.355816
    outer loop
      vertex -3.11396 -4.90681 20.7461
      vertex -3.18961 -5.02602 20.376
      vertex -2.53453 -5.38615 20.376
    endloop
  endfacet
  facet normal -0.720084 -0.595705 0.35583
    outer loop
      vertex -4.7016 -3.41591 20.7461
      vertex -4.81583 -3.4989 20.376
      vertex -4.2364 -3.97824 20.7461
    endloop
  endfacet
  facet normal -0.304413 -0.418985 0.855444
    outer loop
      vertex -2.78797 -3.37008 22.0536
      vertex -3.09412 -3.74015 21.7634
      vertex -2.34361 -3.69293 22.0536
    endloop
  endfacet
  facet normal 0.897775 -0.422461 0.124607
    outer loop
      vertex 5.53467 -2.19133 20.376
      vertex 5.21638 -2.86773 20.376
      vertex 5.57866 -2.20875 20
    endloop
  endfacet
  facet normal 0.304412 -0.41899 0.855442
    outer loop
      vertex 3.09412 -3.74015 21.7634
      vertex 2.34361 -3.69293 22.0536
      vertex 2.60096 -4.09845 21.7634
    endloop
  endfacet
  facet normal 0.105866 -0.412334 0.904861
    outer loop
      vertex 1.18185 -3.63736 22.3115
      vertex 0.716647 -3.7568 22.3115
      vertex 1.35158 -4.15974 22.0536
    endloop
  endfacet
  facet normal 0.845605 -0.397912 0.355835
    outer loop
      vertex 5.40339 -2.13935 20.7461
      vertex 5.21638 -2.86773 20.376
      vertex 5.53467 -2.19133 20.376
    endloop
  endfacet
  facet normal 0.69324 -0.225239 0.684606
    outer loop
      vertex 5.40339 -1.38736 21.1044
      vertex 5.09266 -1.30757 21.4453
      vertex 5.18691 -2.05364 21.1044
    endloop
  endfacet
  facet normal 0.589299 0.191475 0.784897
    outer loop
      vertex 4.88862 1.93554 21.4453
      vertex 4.51323 1.78691 21.7634
      vertex 5.09266 1.30757 21.4453
    endloop
  endfacet
  facet normal 0.468609 0.220515 0.855441
    outer loop
      vertex 4.51323 1.78691 21.7634
      vertex 3.8328 2.1071 22.0536
      vertex 4.06667 1.61011 22.0536
    endloop
  endfacet
  facet normal 0.240266 -0.113059 0.964101
    outer loop
      vertex 2.98919 -1.18351 22.533
      vertex 2.23868 -1.23072 22.7145
      vertex 2.81729 -1.54882 22.533
    endloop
  endfacet
  facet normal 0.61543 -0.390563 0.684621
    outer loop
      vertex 4.60748 -2.53298 21.4453
      vertex 4.25368 -3.09048 21.4453
      vertex 4.88862 -2.68754 21.1044
    endloop
  endfacet
  facet normal 0.797929 -0.259254 0.544147
    outer loop
      vertex 5.40339 -1.38736 21.1044
      vertex 5.18691 -2.05364 21.1044
      vertex 5.62892 -1.44526 20.7461
    endloop
  endfacet
  facet normal 0.424166 -0.451689 0.784895
    outer loop
      vertex 3.8328 -3.59924 21.4453
      vertex 3.09412 -3.74015 21.7634
      vertex 3.35147 -4.05124 21.4453
    endloop
  endfacet
  facet normal 0.837747 -0.531653 0.124599
    outer loop
      vertex 5.21638 -2.86773 20.376
      vertex 4.8541 -3.52671 20
      vertex 5.25784 -2.89052 20
    endloop
  endfacet
  facet normal 0.720084 -0.595705 0.35583
    outer loop
      vertex 4.7016 -3.41591 20.7461
      vertex 4.2364 -3.97824 20.7461
      vertex 4.81583 -3.4989 20.376
    endloop
  endfacet
  facet normal 0.492549 -0.160034 0.855444
    outer loop
      vertex 4.2364 -1.08772 22.0536
      vertex 4.06667 -1.61011 22.0536
      vertex 4.7016 -1.20717 21.7634
    endloop
  endfacet
  facet normal 0.477436 -0.394967 0.784893
    outer loop
      vertex 3.92705 -2.85317 21.7634
      vertex 3.8328 -3.59924 21.4453
      vertex 4.25368 -3.09048 21.4453
    endloop
  endfacet
  facet normal -0.0304188 0.0553278 0.998005
    outer loop
      vertex -0.478698 1.01729 22.9469
      vertex -0.602423 0.949267 22.9469
      vertex -0.160409 0.340887 22.9941
    endloop
  endfacet
  facet normal 0.260835 -0.0497549 0.9641
    outer loop
      vertex 3.18961 -0.402941 22.533
      vertex 2.47442 -0.635322 22.7145
      vertex 3.11396 -0.799528 22.533
    endloop
  endfacet
  facet normal 0.0850771 0.331364 0.939659
    outer loop
      vertex 1.18185 3.63736 22.3115
      vertex 0.716647 3.7568 22.3115
      vertex 0.993477 3.05761 22.533
    endloop
  endfacet
  facet normal 0.240266 0.113064 0.9641
    outer loop
      vertex 2.98919 1.18351 22.533
      vertex 2.23868 1.23072 22.7145
      vertex 2.37528 0.940438 22.7145
    endloop
  endfacet
  facet normal 0.492552 0.160041 0.855441
    outer loop
      vertex 4.51323 1.78691 21.7634
      vertex 4.06667 1.61011 22.0536
      vertex 4.7016 1.20717 21.7634
    endloop
  endfacet
  facet normal 0.424868 0.0267314 0.904861
    outer loop
      vertex 4.33932 0.548183 22.0536
      vertex 3.79439 0.479342 22.3115
      vertex 4.37381 0 22.0536
    endloop
  endfacet
  facet normal 0.424863 -0.0267233 0.904863
    outer loop
      vertex 3.82454 0 22.3115
      vertex 3.79439 -0.479342 22.3115
      vertex 4.37381 0 22.0536
    endloop
  endfacet
  facet normal 0.336054 -0.0641032 0.939659
    outer loop
      vertex 3.18961 -0.402941 22.533
      vertex 3.11396 -0.799528 22.533
      vertex 3.70439 -0.951125 22.3115
    endloop
  endfacet
  facet normal -0.549316 -0.756073 0.355815
    outer loop
      vertex -3.11396 -4.90681 20.7461
      vertex -3.70439 -4.47784 20.7461
      vertex -3.18961 -5.02602 20.376
    endloop
  endfacet
  facet normal -0.845619 -0.397903 0.35581
    outer loop
      vertex -5.09266 -2.79971 20.7461
      vertex -5.40339 -2.13935 20.7461
      vertex -5.21638 -2.86773 20.376
    endloop
  endfacet
  facet normal -0.789075 -0.500759 0.355812
    outer loop
      vertex -5.09266 -2.79971 20.7461
      vertex -5.21638 -2.86773 20.376
      vertex -4.81583 -3.4989 20.376
    endloop
  endfacet
  facet normal -0.918003 0.175124 0.355811
    outer loop
      vertex -5.76567 1.48037 20.376
      vertex -5.90575 0.746069 20.376
      vertex -5.62892 1.44526 20.7461
    endloop
  endfacet
  facet normal -0.837751 0.531649 0.12459
    outer loop
      vertex -4.8541 3.52671 20
      vertex -5.21638 2.86773 20.376
      vertex -4.81583 3.4989 20.376
    endloop
  endfacet
  facet normal -0.583206 0.802711 0.124602
    outer loop
      vertex -3.18961 5.02602 20.376
      vertex -3.82454 4.62308 20
      vertex -3.79439 4.58662 20.376
    endloop
  endfacet
  facet normal 0.365256 0.922529 0.12461
    outer loop
      vertex 2.55468 5.42896 20
      vertex 1.8541 5.70634 20
      vertex 2.53453 5.38615 20.376
    endloop
  endfacet
  facet normal 0.365256 0.922529 0.124611
    outer loop
      vertex 1.8541 5.70634 20
      vertex 1.83948 5.66134 20.376
      vertex 2.53453 5.38615 20.376
    endloop
  endfacet
  facet normal 0 0.992206 0.124606
    outer loop
      vertex 0.376742 5.98816 20
      vertex -0.373772 5.94094 20.376
      vertex 0.373772 5.94094 20.376
    endloop
  endfacet
  facet normal 0 0.992206 0.124606
    outer loop
      vertex -0.373772 5.94094 20.376
      vertex 0.376742 5.98816 20
      vertex -0.376742 5.98816 20
    endloop
  endfacet
  facet normal 0.308851 0.780083 0.544134
    outer loop
      vertex 1.79585 5.52706 20.7461
      vertex 1.7239 5.30562 21.1044
      vertex 2.47442 5.2584 20.7461
    endloop
  endfacet
  facet normal 0.124354 0.984384 0.124594
    outer loop
      vertex 1.12429 5.89372 20
      vertex 0.373772 5.94094 20.376
      vertex 1.11542 5.84725 20.376
    endloop
  endfacet
  facet normal -0.943645 -0.306602 0.124617
    outer loop
      vertex -5.76567 -1.48037 20.376
      vertex -5.8115 -1.49214 20
      vertex -5.53467 -2.19133 20.376
    endloop
  endfacet
  facet normal -0.5893 0.191476 0.784897
    outer loop
      vertex -4.51323 1.78691 21.7634
      vertex -5.09266 1.30757 21.4453
      vertex -4.7016 1.20717 21.7634
    endloop
  endfacet
  facet normal -0.516875 0.0325139 0.855443
    outer loop
      vertex -4.81583 0.608379 21.7634
      vertex -4.8541 0 21.7634
      vertex -4.37381 0 22.0536
    endloop
  endfacet
  facet normal -0.25254 -0.0820597 0.9641
    outer loop
      vertex -2.47442 -0.635322 22.7145
      vertex -3.11396 -0.799528 22.533
      vertex -2.98919 -1.18351 22.533
    endloop
  endfacet
  facet normal -0.325368 -0.105724 0.939659
    outer loop
      vertex -3.11396 -0.799528 22.533
      vertex -3.70439 -0.951125 22.3115
      vertex -2.98919 -1.18351 22.533
    endloop
  endfacet
  facet normal 0.679216 0.723282 0.12461
    outer loop
      vertex 4.37381 4.10728 20
      vertex 3.79439 4.58662 20.376
      vertex 4.33932 4.07489 20.376
    endloop
  endfacet
  facet normal 0.549321 0.756073 0.355808
    outer loop
      vertex 3.79439 4.58662 20.376
      vertex 3.18961 5.02602 20.376
      vertex 3.70439 4.47784 20.7461
    endloop
  endfacet
  facet normal 0.325367 0.105719 0.93966
    outer loop
      vertex 3.55597 1.40791 22.3115
      vertex 2.98919 1.18351 22.533
      vertex 3.70439 0.951125 22.3115
    endloop
  endfacet
  facet normal 0.5893 0.191476 0.784897
    outer loop
      vertex 5.09266 1.30757 21.4453
      vertex 4.51323 1.78691 21.7634
      vertex 4.7016 1.20717 21.7634
    endloop
  endfacet
  facet normal 0.263604 0.218073 0.939658
    outer loop
      vertex 2.78797 2.61808 22.3115
      vertex 2.60096 1.88971 22.533
      vertex 3.09412 2.24801 22.3115
    endloop
  endfacet
  facet normal 0.437276 0.277503 0.855443
    outer loop
      vertex 3.92705 2.85317 21.7634
      vertex 3.53849 2.57086 22.0536
      vertex 3.8328 2.1071 22.0536
    endloop
  endfacet
  facet normal 0.288859 0.183311 0.939658
    outer loop
      vertex 3.09412 2.24801 22.3115
      vertex 2.60096 1.88971 22.533
      vertex 2.81729 1.54882 22.533
    endloop
  endfacet
  facet normal 0.288856 0.183313 0.939659
    outer loop
      vertex 3.09412 2.24801 22.3115
      vertex 2.81729 1.54882 22.533
      vertex 3.35147 1.84249 22.3115
    endloop
  endfacet
  facet normal 0.789063 0.500764 0.355831
    outer loop
      vertex 4.81583 3.4989 20.376
      vertex 4.7016 3.41591 20.7461
      vertex 5.09266 2.79971 20.7461
    endloop
  endfacet
  facet normal 0.720084 0.595705 0.35583
    outer loop
      vertex 4.81583 3.4989 20.376
      vertex 4.2364 3.97824 20.7461
      vertex 4.7016 3.41591 20.7461
    endloop
  endfacet
  facet normal 0.659528 0.31035 0.684621
    outer loop
      vertex 4.88862 2.68754 21.1044
      vertex 4.60748 2.53298 21.4453
      vertex 5.18691 2.05364 21.1044
    endloop
  endfacet
  facet normal 0.759144 0.357225 0.544141
    outer loop
      vertex 5.09266 2.79971 20.7461
      vertex 4.88862 2.68754 21.1044
      vertex 5.18691 2.05364 21.1044
    endloop
  endfacet
  facet normal 0.888807 0.288799 0.355834
    outer loop
      vertex 5.53467 2.19133 20.376
      vertex 5.40339 2.13935 20.7461
      vertex 5.62892 1.44526 20.7461
    endloop
  endfacet
  facet normal 0.845605 0.397912 0.355835
    outer loop
      vertex 5.53467 2.19133 20.376
      vertex 5.21638 2.86773 20.376
      vertex 5.40339 2.13935 20.7461
    endloop
  endfacet
  facet normal 0.404188 0.735215 0.544143
    outer loop
      vertex 3.11396 4.90681 20.7461
      vertex 2.47442 5.2584 20.7461
      vertex 2.98919 4.71022 21.1044
    endloop
  endfacet
  facet normal 0.364207 0.501291 0.784895
    outer loop
      vertex 3.35147 4.05124 21.4453
      vertex 2.60096 4.09845 21.7634
      vertex 3.09412 3.74015 21.7634
    endloop
  endfacet
  facet normal 0.61543 0.390563 0.684621
    outer loop
      vertex 4.88862 2.68754 21.1044
      vertex 4.25368 3.09048 21.4453
      vertex 4.60748 2.53298 21.4453
    endloop
  endfacet
  facet normal 0.646458 0.534795 0.544137
    outer loop
      vertex 4.2364 3.97824 20.7461
      vertex 4.06667 3.81885 21.1044
      vertex 4.51323 3.27905 21.1044
    endloop
  endfacet
  facet normal 0.304413 0.418985 0.855444
    outer loop
      vertex 3.09412 3.74015 21.7634
      vertex 2.34361 3.69293 22.0536
      vertex 2.78797 3.37008 22.0536
    endloop
  endfacet
  facet normal 0.561634 0.464621 0.684613
    outer loop
      vertex 4.06667 3.81885 21.1044
      vertex 3.8328 3.59924 21.4453
      vertex 4.25368 3.09048 21.4453
    endloop
  endfacet
  facet normal 0.298513 0.542983 0.784894
    outer loop
      vertex 2.81729 4.43934 21.4453
      vertex 2.23868 4.75744 21.4453
      vertex 2.60096 4.09845 21.7634
    endloop
  endfacet
  facet normal 0.208656 0.812638 0.544134
    outer loop
      vertex 1.79585 5.52706 20.7461
      vertex 1.04534 5.47985 21.1044
      vertex 1.7239 5.30562 21.1044
    endloop
  endfacet
  facet normal 0.974632 0.185922 0.124606
    outer loop
      vertex 5.95269 0.751999 20
      vertex 5.8115 1.49214 20
      vertex 5.90575 0.746069 20.376
    endloop
  endfacet
  facet normal 0.943645 0.306602 0.124617
    outer loop
      vertex 5.8115 1.49214 20
      vertex 5.53467 2.19133 20.376
      vertex 5.76567 1.48037 20.376
    endloop
  endfacet
  facet normal 0.897774 0.422465 0.1246
    outer loop
      vertex 5.25784 2.89052 20
      vertex 5.21638 2.86773 20.376
      vertex 5.57866 2.20875 20
    endloop
  endfacet
  facet normal 0.117128 0.927185 0.355821
    outer loop
      vertex 1.11542 5.84725 20.376
      vertex 0.373772 5.94094 20.376
      vertex 1.08897 5.70856 20.7461
    endloop
  endfacet
  facet normal -0.365256 0.922529 0.12461
    outer loop
      vertex -1.8541 5.70634 20
      vertex -2.55468 5.42896 20
      vertex -2.53453 5.38615 20.376
    endloop
  endfacet
  facet normal 0.0776588 0.614742 0.784896
    outer loop
      vertex 0.985221 5.16471 21.4453
      vertex 0.304791 4.84452 21.7634
      vertex 0.909568 4.76812 21.7634
    endloop
  endfacet
  facet normal -0.646458 0.534795 0.544137
    outer loop
      vertex -4.2364 3.97824 20.7461
      vertex -4.51323 3.27905 21.1044
      vertex -4.06667 3.81885 21.1044
    endloop
  endfacet
  facet normal -0.385185 0.181258 0.904864
    outer loop
      vertex -3.8328 2.1071 22.0536
      vertex -4.06667 1.61011 22.0536
      vertex -3.55597 1.40791 22.3115
    endloop
  endfacet
  facet normal -0.185056 0.060127 0.980887
    outer loop
      vertex -1.7239 0.68254 22.8532
      vertex -2.47442 0.635322 22.7145
      vertex -1.79585 0.461096 22.8532
    endloop
  endfacet
  facet normal -0.0332727 0.263441 0.964102
    outer loop
      vertex -0.201869 3.20862 22.533
      vertex -0.478698 2.50943 22.7145
      vertex -0.160409 2.54963 22.7145
    endloop
  endfacet
  facet normal 0.00791258 -0.0626412 0.998005
    outer loop
      vertex 0.0705938 -0.37007 22.9941
      vertex 0.0236559 -0.375999 22.9941
      vertex 0.21067 -1.10437 22.9469
    endloop
  endfacet
  facet normal -0.404866 0.13155 0.904864
    outer loop
      vertex -3.55597 1.40791 22.3115
      vertex -4.06667 1.61011 22.0536
      vertex -3.70439 0.951125 22.3115
    endloop
  endfacet
  facet normal -0.194195 0.0122176 0.980887
    outer loop
      vertex -1.83948 0.23238 22.8532
      vertex -2.55468 0 22.7145
      vertex -1.8541 0 22.8532
    endloop
  endfacet
  facet normal 0.00791258 0.0626412 0.998005
    outer loop
      vertex 0.21067 1.10437 22.9469
      vertex 0.0236559 0.375999 22.9941
      vertex 0.0705938 0.37007 22.9941
    endloop
  endfacet
  facet normal -0.0776551 -0.614746 0.784893
    outer loop
      vertex -0.304791 -4.84452 21.7634
      vertex -0.985221 -5.16471 21.4453
      vertex -0.330142 -5.24746 21.4453
    endloop
  endfacet
  facet normal 0.156076 -0.214825 0.964101
    outer loop
      vertex 1.62841 -1.96841 22.7145
      vertex 1.36886 -2.15698 22.7145
      vertex 1.72266 -2.71448 22.533
    endloop
  endfacet
  facet normal -0.309554 -0.145663 0.939659
    outer loop
      vertex -2.98919 -1.18351 22.533
      vertex -3.35147 -1.84249 22.3115
      vertex -2.81729 -1.54882 22.533
    endloop
  endfacet
  facet normal 0.249501 -0.453837 0.855442
    outer loop
      vertex 2.34361 -3.69293 22.0536
      vertex 2.06678 -4.39212 21.7634
      vertex 2.60096 -4.09845 21.7634
    endloop
  endfacet
  facet normal -0.424868 0.0267314 0.904861
    outer loop
      vertex -4.33932 0.548183 22.0536
      vertex -4.37381 0 22.0536
      vertex -3.79439 0.479342 22.3115
    endloop
  endfacet
  facet normal -0.608649 0.116111 0.784898
    outer loop
      vertex -4.7016 1.20717 21.7634
      vertex -5.09266 1.30757 21.4453
      vertex -4.81583 0.608379 21.7634
    endloop
  endfacet
  facet normal -0.492549 0.160034 0.855444
    outer loop
      vertex -4.06667 1.61011 22.0536
      vertex -4.7016 1.20717 21.7634
      vertex -4.2364 1.08772 22.0536
    endloop
  endfacet
  facet normal -0.288856 0.183313 0.939659
    outer loop
      vertex -3.09412 2.24801 22.3115
      vertex -3.35147 1.84249 22.3115
      vertex -2.81729 1.54882 22.533
    endloop
  endfacet
  facet normal -0.659528 0.31035 0.684621
    outer loop
      vertex -4.88862 2.68754 21.1044
      vertex -5.18691 2.05364 21.1044
      vertex -4.60748 2.53298 21.4453
    endloop
  endfacet
  facet normal -0.69323 0.225244 0.684614
    outer loop
      vertex -4.88862 1.93554 21.4453
      vertex -5.18691 2.05364 21.1044
      vertex -5.09266 1.30757 21.4453
    endloop
  endfacet
  facet normal -0.897774 0.422465 0.1246
    outer loop
      vertex -5.25784 2.89052 20
      vertex -5.57866 2.20875 20
      vertex -5.21638 2.86773 20.376
    endloop
  endfacet
  facet normal -0.797938 0.259273 0.544125
    outer loop
      vertex -5.40339 2.13935 20.7461
      vertex -5.62892 1.44526 20.7461
      vertex -5.18691 2.05364 21.1044
    endloop
  endfacet
  facet normal -0.263604 0.218073 0.939658
    outer loop
      vertex -2.78797 2.61808 22.3115
      vertex -3.09412 2.24801 22.3115
      vertex -2.60096 1.88971 22.533
    endloop
  endfacet
  facet normal -0.615432 0.390571 0.684615
    outer loop
      vertex -4.51323 3.27905 21.1044
      vertex -4.88862 2.68754 21.1044
      vertex -4.25368 3.09048 21.4453
    endloop
  endfacet
  facet normal -0.194195 -0.0122176 0.980887
    outer loop
      vertex -1.8541 0 22.8532
      vertex -2.55468 0 22.7145
      vertex -1.83948 -0.23238 22.8532
    endloop
  endfacet
  facet normal -0.071629 0.180918 0.980886
    outer loop
      vertex -0.789437 2.42964 22.7145
      vertex -1.08773 2.31154 22.7145
      vertex -0.572948 1.76336 22.8532
    endloop
  endfacet
  facet normal -0.418167 0.079772 0.90486
    outer loop
      vertex -3.70439 0.951125 22.3115
      vertex -4.33932 0.548183 22.0536
      vertex -3.79439 0.479342 22.3115
    endloop
  endfacet
  facet normal -0.341439 -0.0214761 0.939659
    outer loop
      vertex -3.21496 0 22.533
      vertex -3.82454 0 22.3115
      vertex -3.79439 -0.479342 22.3115
    endloop
  endfacet
  facet normal -0.11713 -0.927186 0.355818
    outer loop
      vertex -0.364906 -5.80003 20.7461
      vertex -1.08897 -5.70856 20.7461
      vertex -0.373772 -5.94094 20.376
    endloop
  endfacet
  facet normal 0 -0.934555 0.355818
    outer loop
      vertex -0.373772 -5.94094 20.376
      vertex 0.364906 -5.80003 20.7461
      vertex -0.364906 -5.80003 20.7461
    endloop
  endfacet
  facet normal 0 -0.934555 0.355818
    outer loop
      vertex 0.364906 -5.80003 20.7461
      vertex -0.373772 -5.94094 20.376
      vertex 0.373772 -5.94094 20.376
    endloop
  endfacet
  facet normal 0.344033 -0.868926 0.355822
    outer loop
      vertex 2.53453 -5.38615 20.376
      vertex 1.79585 -5.52706 20.7461
      vertex 1.83948 -5.66134 20.376
    endloop
  endfacet
  facet normal 0.308854 -0.780076 0.544142
    outer loop
      vertex 2.37528 -5.04772 21.1044
      vertex 1.7239 -5.30562 21.1044
      vertex 2.47442 -5.2584 20.7461
    endloop
  endfacet
  facet normal -0.208655 -0.81264 0.544132
    outer loop
      vertex -1.04534 -5.47985 21.1044
      vertex -1.79585 -5.52706 20.7461
      vertex -1.08897 -5.70856 20.7461
    endloop
  endfacet
  facet normal -0.105154 -0.832384 0.544132
    outer loop
      vertex -1.04534 -5.47985 21.1044
      vertex -1.08897 -5.70856 20.7461
      vertex -0.364906 -5.80003 20.7461
    endloop
  endfacet
  facet normal -0.154098 -0.60016 0.784896
    outer loop
      vertex -0.909568 -4.76812 21.7634
      vertex -1.5 -4.61652 21.7634
      vertex -0.985221 -5.16471 21.4453
    endloop
  endfacet
  facet normal -0.0913493 -0.723154 0.684619
    outer loop
      vertex -0.330142 -5.24746 21.4453
      vertex -0.985221 -5.16471 21.4453
      vertex -0.350286 -5.56765 21.1044
    endloop
  endfacet
  facet normal -0.679216 -0.723282 0.12461
    outer loop
      vertex -4.33932 -4.07489 20.376
      vertex -4.37381 -4.10728 20
      vertex -3.79439 -4.58662 20.376
    endloop
  endfacet
  facet normal -0.764501 -0.632463 0.124609
    outer loop
      vertex -4.33932 -4.07489 20.376
      vertex -4.81583 -3.4989 20.376
      vertex -4.37381 -4.10728 20
    endloop
  endfacet
  facet normal -0.69323 -0.225244 0.684614
    outer loop
      vertex -5.09266 -1.30757 21.4453
      vertex -5.18691 -2.05364 21.1044
      vertex -4.88862 -1.93554 21.4453
    endloop
  endfacet
  facet normal -0.759144 -0.357225 0.544141
    outer loop
      vertex -4.88862 -2.68754 21.1044
      vertex -5.18691 -2.05364 21.1044
      vertex -5.09266 -2.79971 20.7461
    endloop
  endfacet
  facet normal -0.399045 -0.330118 0.855444
    outer loop
      vertex -3.18837 -2.99408 22.0536
      vertex -3.92705 -2.85317 21.7634
      vertex -3.53849 -3.32286 21.7634
    endloop
  endfacet
  facet normal -0.523172 -0.332013 0.784894
    outer loop
      vertex -4.25368 -2.33848 21.7634
      vertex -4.60748 -2.53298 21.4453
      vertex -3.92705 -2.85317 21.7634
    endloop
  endfacet
  facet normal -0.523173 -0.332015 0.784893
    outer loop
      vertex -3.92705 -2.85317 21.7634
      vertex -4.60748 -2.53298 21.4453
      vertex -4.25368 -3.09048 21.4453
    endloop
  endfacet
  facet normal -0.0873416 -0.0930104 0.991827
    outer loop
      vertex -0.819571 -0.769628 22.9469
      vertex -1.18185 -1.42861 22.8532
      vertex -0.716647 -0.866279 22.9469
    endloop
  endfacet
  facet normal -0.344028 -0.868932 0.355811
    outer loop
      vertex -2.47442 -5.2584 20.7461
      vertex -2.53453 -5.38615 20.376
      vertex -1.79585 -5.52706 20.7461
    endloop
  endfacet
  facet normal -0.249501 -0.453837 0.855442
    outer loop
      vertex -2.34361 -3.69293 22.0536
      vertex -2.60096 -4.09845 21.7634
      vertex -2.06678 -4.39212 21.7634
    endloop
  endfacet
  facet normal -0.404188 -0.735215 0.544143
    outer loop
      vertex -2.98919 -4.71022 21.1044
      vertex -3.11396 -4.90681 20.7461
      vertex -2.47442 -5.2584 20.7461
    endloop
  endfacet
  facet normal -0.298513 -0.542983 0.784894
    outer loop
      vertex -2.60096 -4.09845 21.7634
      vertex -2.81729 -4.43934 21.4453
      vertex -2.23868 -4.75744 21.4453
    endloop
  endfacet
  facet normal -0.498972 -0.53135 0.684612
    outer loop
      vertex -3.35147 -4.05124 21.4453
      vertex -4.06667 -3.81885 21.1044
      vertex -3.55597 -4.29843 21.1044
    endloop
  endfacet
  facet normal 0.789063 -0.500764 0.355831
    outer loop
      vertex 5.09266 -2.79971 20.7461
      vertex 4.7016 -3.41591 20.7461
      vertex 4.81583 -3.4989 20.376
    endloop
  endfacet
  facet normal 0.354523 -0.37753 0.855444
    outer loop
      vertex 3.18837 -2.99408 22.0536
      vertex 3.09412 -3.74015 21.7634
      vertex 3.53849 -3.32286 21.7634
    endloop
  endfacet
  facet normal 0.399045 -0.330118 0.855444
    outer loop
      vertex 3.92705 -2.85317 21.7634
      vertex 3.18837 -2.99408 22.0536
      vertex 3.53849 -3.32286 21.7634
    endloop
  endfacet
  facet normal 0.308851 -0.780083 0.544134
    outer loop
      vertex 2.47442 -5.2584 20.7461
      vertex 1.7239 -5.30562 21.1044
      vertex 1.79585 -5.52706 20.7461
    endloop
  endfacet
  facet normal 0.298513 -0.542983 0.784894
    outer loop
      vertex 2.60096 -4.09845 21.7634
      vertex 2.23868 -4.75744 21.4453
      vertex 2.81729 -4.43934 21.4453
    endloop
  endfacet
  facet normal 0.549321 -0.756073 0.355808
    outer loop
      vertex 3.70439 -4.47784 20.7461
      vertex 3.18961 -5.02602 20.376
      vertex 3.79439 -4.58662 20.376
    endloop
  endfacet
  facet normal 0.344028 -0.868932 0.355811
    outer loop
      vertex 2.47442 -5.2584 20.7461
      vertex 1.79585 -5.52706 20.7461
      vertex 2.53453 -5.38615 20.376
    endloop
  endfacet
  facet normal 0.11713 -0.927186 0.355818
    outer loop
      vertex 1.08897 -5.70856 20.7461
      vertex 0.364906 -5.80003 20.7461
      vertex 0.373772 -5.94094 20.376
    endloop
  endfacet
  facet normal 0.679213 -0.723287 0.124599
    outer loop
      vertex 4.37381 -4.10728 20
      vertex 3.79439 -4.58662 20.376
      vertex 3.82454 -4.62308 20
    endloop
  endfacet
  facet normal 0.837338 0.0526816 0.544141
    outer loop
      vertex 5.8115 0 20.7461
      vertex 5.53467 0.699191 21.1044
      vertex 5.57866 0 21.1044
    endloop
  endfacet
  facet normal 0.716002 -0.13659 0.684605
    outer loop
      vertex 5.53467 -0.699191 21.1044
      vertex 5.09266 -1.30757 21.4453
      vertex 5.40339 -1.38736 21.1044
    endloop
  endfacet
  facet normal 0.932707 0.0586868 0.355828
    outer loop
      vertex 5.90575 0.746069 20.376
      vertex 5.76567 0.728374 20.7461
      vertex 5.8115 0 20.7461
    endloop
  endfacet
  facet normal 0.824127 0.157216 0.544148
    outer loop
      vertex 5.62892 1.44526 20.7461
      vertex 5.40339 1.38736 21.1044
      vertex 5.53467 0.699191 21.1044
    endloop
  endfacet
  facet normal 0.560658 -0.263826 0.784894
    outer loop
      vertex 4.51323 -1.78691 21.7634
      vertex 4.25368 -2.33848 21.7634
      vertex 4.60748 -2.53298 21.4453
    endloop
  endfacet
  facet normal 0.328009 -0.271354 0.904863
    outer loop
      vertex 3.09412 -2.24801 22.3115
      vertex 2.78797 -2.61808 22.3115
      vertex 3.53849 -2.57086 22.0536
    endloop
  endfacet
  facet normal 0.60866 -0.116103 0.784891
    outer loop
      vertex 5.21638 -0.658981 21.4453
      vertex 4.81583 -0.608379 21.7634
      vertex 5.09266 -1.30757 21.4453
    endloop
  endfacet
  facet normal 0.492552 -0.160041 0.855441
    outer loop
      vertex 4.7016 -1.20717 21.7634
      vertex 4.06667 -1.61011 22.0536
      vertex 4.51323 -1.78691 21.7634
    endloop
  endfacet
  facet normal 0.365256 -0.922529 0.12461
    outer loop
      vertex 2.53453 -5.38615 20.376
      vertex 1.8541 -5.70634 20
      vertex 2.55468 -5.42896 20
    endloop
  endfacet
  facet normal 0.477997 -0.869478 0.124612
    outer loop
      vertex 3.21496 -5.06597 20
      vertex 2.53453 -5.38615 20.376
      vertex 2.55468 -5.42896 20
    endloop
  endfacet
  facet normal 0.263604 -0.218073 0.939658
    outer loop
      vertex 3.09412 -2.24801 22.3115
      vertex 2.60096 -1.88971 22.533
      vertex 2.78797 -2.61808 22.3115
    endloop
  endfacet
  facet normal 0.659528 -0.31035 0.684621
    outer loop
      vertex 5.18691 -2.05364 21.1044
      vertex 4.60748 -2.53298 21.4453
      vertex 4.88862 -2.68754 21.1044
    endloop
  endfacet
  facet normal 0.917999 -0.175113 0.355828
    outer loop
      vertex 5.76567 -0.728374 20.7461
      vertex 5.62892 -1.44526 20.7461
      vertex 5.90575 -0.746069 20.376
    endloop
  endfacet
  facet normal 0.974629 -0.185927 0.124616
    outer loop
      vertex 5.90575 -0.746069 20.376
      vertex 5.76567 -1.48037 20.376
      vertex 5.8115 -1.49214 20
    endloop
  endfacet
  facet normal 0.797938 -0.259273 0.544125
    outer loop
      vertex 5.62892 -1.44526 20.7461
      vertex 5.18691 -2.05364 21.1044
      vertex 5.40339 -2.13935 20.7461
    endloop
  endfacet
  facet normal 0.418167 0.079772 0.90486
    outer loop
      vertex 4.33932 0.548183 22.0536
      vertex 3.70439 0.951125 22.3115
      vertex 3.79439 0.479342 22.3115
    endloop
  endfacet
  facet normal 0.265015 0.0166727 0.9641
    outer loop
      vertex 3.18961 0.402941 22.533
      vertex 2.55468 0 22.7145
      vertex 3.21496 0 22.533
    endloop
  endfacet
  facet normal 0.0317281 0.123583 0.991827
    outer loop
      vertex 0.347424 1.82126 22.8532
      vertex 0.21067 1.10437 22.9469
      vertex 0.572948 1.76336 22.8532
    endloop
  endfacet
  facet normal 0.0983113 0.0813297 0.991827
    outer loop
      vertex 1.35158 1.26922 22.8532
      vertex 0.819571 0.769628 22.9469
      vertex 1.5 1.08981 22.8532
    endloop
  endfacet
  facet normal 0.359433 0.228102 0.904863
    outer loop
      vertex 3.8328 2.1071 22.0536
      vertex 3.09412 2.24801 22.3115
      vertex 3.35147 1.84249 22.3115
    endloop
  endfacet
  facet normal 0.125944 0.318086 0.939659
    outer loop
      vertex 1.18185 3.63736 22.3115
      vertex 0.993477 3.05761 22.533
      vertex 1.36886 2.90898 22.533
    endloop
  endfacet
  facet normal 0.0243819 0.193047 0.980887
    outer loop
      vertex 0.160409 2.54963 22.7145
      vertex 0.11642 1.85044 22.8532
      vertex 0.478698 2.50943 22.7145
    endloop
  endfacet
  facet normal 0.164289 0.104261 0.980887
    outer loop
      vertex 2.06678 1.5016 22.7145
      vertex 1.5 1.08981 22.8532
      vertex 1.62476 0.89322 22.8532
    endloop
  endfacet
  facet normal 0.341436 0.0214806 0.93966
    outer loop
      vertex 3.79439 0.479342 22.3115
      vertex 3.18961 0.402941 22.533
      vertex 3.21496 0 22.533
    endloop
  endfacet
  facet normal 0.336051 -0.0641069 0.93966
    outer loop
      vertex 3.79439 -0.479342 22.3115
      vertex 3.18961 -0.402941 22.533
      vertex 3.70439 -0.951125 22.3115
    endloop
  endfacet
  facet normal 0.69323 -0.225244 0.684614
    outer loop
      vertex 5.09266 -1.30757 21.4453
      vertex 4.88862 -1.93554 21.4453
      vertex 5.18691 -2.05364 21.1044
    endloop
  endfacet
  facet normal 0.341439 -0.0214761 0.939659
    outer loop
      vertex 3.82454 0 22.3115
      vertex 3.21496 0 22.533
      vertex 3.79439 -0.479342 22.3115
    endloop
  endfacet
  facet normal -0.428436 -0.589698 0.684616
    outer loop
      vertex -2.81729 -4.43934 21.4453
      vertex -3.35147 -4.05124 21.4453
      vertex -2.98919 -4.71022 21.1044
    endloop
  endfacet
  facet normal -0.646457 -0.534796 0.544139
    outer loop
      vertex -4.51323 -3.27905 21.1044
      vertex -4.7016 -3.41591 20.7461
      vertex -4.2364 -3.97824 20.7461
    endloop
  endfacet
  facet normal -0.708383 -0.449561 0.544139
    outer loop
      vertex -4.51323 -3.27905 21.1044
      vertex -4.88862 -2.68754 21.1044
      vertex -4.7016 -3.41591 20.7461
    endloop
  endfacet
  facet normal -0.659528 -0.31035 0.684621
    outer loop
      vertex -4.60748 -2.53298 21.4453
      vertex -5.18691 -2.05364 21.1044
      vertex -4.88862 -2.68754 21.1044
    endloop
  endfacet
  facet normal -0.974632 0.185922 0.124606
    outer loop
      vertex -5.8115 1.49214 20
      vertex -5.95269 0.751999 20
      vertex -5.90575 0.746069 20.376
    endloop
  endfacet
  facet normal -0.837338 0.0526816 0.544141
    outer loop
      vertex -5.53467 0.699191 21.1044
      vertex -5.8115 0 20.7461
      vertex -5.57866 0 21.1044
    endloop
  endfacet
  facet normal -0.679216 0.723282 0.12461
    outer loop
      vertex -3.79439 4.58662 20.376
      vertex -4.37381 4.10728 20
      vertex -4.33932 4.07489 20.376
    endloop
  endfacet
  facet normal -0.549321 0.756073 0.355808
    outer loop
      vertex -3.18961 5.02602 20.376
      vertex -3.79439 4.58662 20.376
      vertex -3.70439 4.47784 20.7461
    endloop
  endfacet
  facet normal -0.708382 0.449562 0.544141
    outer loop
      vertex -4.7016 3.41591 20.7461
      vertex -5.09266 2.79971 20.7461
      vertex -4.88862 2.68754 21.1044
    endloop
  endfacet
  facet normal -0.943645 0.306602 0.124617
    outer loop
      vertex -5.53467 2.19133 20.376
      vertex -5.8115 1.49214 20
      vertex -5.76567 1.48037 20.376
    endloop
  endfacet
  facet normal -0.888807 -0.288799 0.355834
    outer loop
      vertex -5.40339 -2.13935 20.7461
      vertex -5.62892 -1.44526 20.7461
      vertex -5.53467 -2.19133 20.376
    endloop
  endfacet
  facet normal -0.943644 -0.306608 0.124606
    outer loop
      vertex -5.53467 -2.19133 20.376
      vertex -5.8115 -1.49214 20
      vertex -5.57866 -2.20875 20
    endloop
  endfacet
  facet normal -0.974632 -0.185922 0.124606
    outer loop
      vertex -5.90575 -0.746069 20.376
      vertex -5.95269 -0.751999 20
      vertex -5.8115 -1.49214 20
    endloop
  endfacet
  facet normal -0.549316 0.756073 0.355815
    outer loop
      vertex -3.18961 5.02602 20.376
      vertex -3.70439 4.47784 20.7461
      vertex -3.11396 4.90681 20.7461
    endloop
  endfacet
  facet normal 0.404188 0.735215 0.544143
    outer loop
      vertex 2.47442 5.2584 20.7461
      vertex 2.37528 5.04772 21.1044
      vertex 2.98919 4.71022 21.1044
    endloop
  endfacet
  facet normal 0.308854 0.780076 0.544142
    outer loop
      vertex 2.47442 5.2584 20.7461
      vertex 1.7239 5.30562 21.1044
      vertex 2.37528 5.04772 21.1044
    endloop
  endfacet
  facet normal -0.12436 0.984382 0.124606
    outer loop
      vertex -0.376742 5.98816 20
      vertex -1.12429 5.89372 20
      vertex -0.373772 5.94094 20.376
    endloop
  endfacet
  facet normal 0.232418 0.905193 0.355819
    outer loop
      vertex 1.11542 5.84725 20.376
      vertex 1.08897 5.70856 20.7461
      vertex 1.83948 5.66134 20.376
    endloop
  endfacet
  facet normal 0.477997 0.869478 0.124612
    outer loop
      vertex 2.55468 5.42896 20
      vertex 2.53453 5.38615 20.376
      vertex 3.21496 5.06597 20
    endloop
  endfacet
  facet normal -0.60866 0.116103 0.784891
    outer loop
      vertex -5.09266 1.30757 21.4453
      vertex -5.21638 0.658981 21.4453
      vertex -4.81583 0.608379 21.7634
    endloop
  endfacet
  facet normal -0.716002 0.13659 0.684605
    outer loop
      vertex -5.40339 1.38736 21.1044
      vertex -5.53467 0.699191 21.1044
      vertex -5.09266 1.30757 21.4453
    endloop
  endfacet
  facet normal -0.824137 -0.157209 0.544135
    outer loop
      vertex -5.53467 -0.699191 21.1044
      vertex -5.76567 -0.728374 20.7461
      vertex -5.62892 -1.44526 20.7461
    endloop
  endfacet
  facet normal -0.824127 -0.157216 0.544148
    outer loop
      vertex -5.53467 -0.699191 21.1044
      vertex -5.62892 -1.44526 20.7461
      vertex -5.40339 -1.38736 21.1044
    endloop
  endfacet
  facet normal -0.437276 -0.277502 0.855442
    outer loop
      vertex -3.8328 -2.1071 22.0536
      vertex -4.25368 -2.33848 21.7634
      vertex -3.92705 -2.85317 21.7634
    endloop
  endfacet
  facet normal -0.336054 -0.0641032 0.939659
    outer loop
      vertex -3.18961 -0.402941 22.533
      vertex -3.70439 -0.951125 22.3115
      vertex -3.11396 -0.799528 22.533
    endloop
  endfacet
  facet normal 0.560652 0.263828 0.784898
    outer loop
      vertex 4.60748 2.53298 21.4453
      vertex 4.51323 1.78691 21.7634
      vertex 4.88862 1.93554 21.4453
    endloop
  endfacet
  facet normal 0.468608 0.220511 0.855442
    outer loop
      vertex 4.25368 2.33848 21.7634
      vertex 3.8328 2.1071 22.0536
      vertex 4.51323 1.78691 21.7634
    endloop
  endfacet
  facet normal 0.354523 0.37753 0.855444
    outer loop
      vertex 3.53849 3.32286 21.7634
      vertex 3.09412 3.74015 21.7634
      vertex 3.18837 2.99408 22.0536
    endloop
  endfacet
  facet normal 0.354524 0.37753 0.855444
    outer loop
      vertex 3.09412 3.74015 21.7634
      vertex 2.78797 3.37008 22.0536
      vertex 3.18837 2.99408 22.0536
    endloop
  endfacet
  facet normal 0.404866 0.13155 0.904864
    outer loop
      vertex 4.06667 1.61011 22.0536
      vertex 3.55597 1.40791 22.3115
      vertex 3.70439 0.951125 22.3115
    endloop
  endfacet
  facet normal 0.385185 0.181258 0.904864
    outer loop
      vertex 3.8328 2.1071 22.0536
      vertex 3.55597 1.40791 22.3115
      vertex 4.06667 1.61011 22.0536
    endloop
  endfacet
  facet normal 0.359433 0.228102 0.904863
    outer loop
      vertex 3.53849 2.57086 22.0536
      vertex 3.09412 2.24801 22.3115
      vertex 3.8328 2.1071 22.0536
    endloop
  endfacet
  facet normal 0.328009 0.271354 0.904863
    outer loop
      vertex 3.53849 2.57086 22.0536
      vertex 2.78797 2.61808 22.3115
      vertex 3.09412 2.24801 22.3115
    endloop
  endfacet
  facet normal 0.759159 0.357219 0.544125
    outer loop
      vertex 5.40339 2.13935 20.7461
      vertex 5.09266 2.79971 20.7461
      vertex 5.18691 2.05364 21.1044
    endloop
  endfacet
  facet normal 0.797938 0.259273 0.544125
    outer loop
      vertex 5.40339 2.13935 20.7461
      vertex 5.18691 2.05364 21.1044
      vertex 5.62892 1.44526 20.7461
    endloop
  endfacet
  facet normal 0.93271 0.0586828 0.355821
    outer loop
      vertex 5.90575 0.746069 20.376
      vertex 5.8115 0 20.7461
      vertex 5.95269 0 20.376
    endloop
  endfacet
  facet normal 0.990249 0.062303 0.124598
    outer loop
      vertex 6 0 20
      vertex 5.90575 0.746069 20.376
      vertex 5.95269 0 20.376
    endloop
  endfacet
  facet normal 0.493145 0.67876 0.544145
    outer loop
      vertex 3.11396 4.90681 20.7461
      vertex 2.98919 4.71022 21.1044
      vertex 3.70439 4.47784 20.7461
    endloop
  endfacet
  facet normal 0.549316 0.756073 0.355815
    outer loop
      vertex 3.18961 5.02602 20.376
      vertex 3.11396 4.90681 20.7461
      vertex 3.70439 4.47784 20.7461
    endloop
  endfacet
  facet normal 0.477436 0.394967 0.784893
    outer loop
      vertex 4.25368 3.09048 21.4453
      vertex 3.8328 3.59924 21.4453
      vertex 3.92705 2.85317 21.7634
    endloop
  endfacet
  facet normal 0.574333 0.611601 0.544138
    outer loop
      vertex 4.2364 3.97824 20.7461
      vertex 3.55597 4.29843 21.1044
      vertex 4.06667 3.81885 21.1044
    endloop
  endfacet
  facet normal 0.328009 0.271354 0.904863
    outer loop
      vertex 3.18837 2.99408 22.0536
      vertex 2.78797 2.61808 22.3115
      vertex 3.53849 2.57086 22.0536
    endloop
  endfacet
  facet normal 0.399045 0.330121 0.855443
    outer loop
      vertex 3.92705 2.85317 21.7634
      vertex 3.18837 2.99408 22.0536
      vertex 3.53849 2.57086 22.0536
    endloop
  endfacet
  facet normal 0.228096 0.576115 0.784898
    outer loop
      vertex 2.23868 4.75744 21.4453
      vertex 1.5 4.61652 21.7634
      vertex 2.06678 4.39212 21.7634
    endloop
  endfacet
  facet normal 0.0533535 0.422346 0.904863
    outer loop
      vertex 0.819571 4.29634 22.0536
      vertex 0.274633 4.36518 22.0536
      vertex 0.716647 3.7568 22.3115
    endloop
  endfacet
  facet normal -0.450227 0.81896 0.35581
    outer loop
      vertex -2.53453 5.38615 20.376
      vertex -3.11396 4.90681 20.7461
      vertex -2.47442 5.2584 20.7461
    endloop
  endfacet
  facet normal -0.232418 0.905193 0.355819
    outer loop
      vertex -1.11542 5.84725 20.376
      vertex -1.83948 5.66134 20.376
      vertex -1.08897 5.70856 20.7461
    endloop
  endfacet
  facet normal -0.493145 0.67876 0.544145
    outer loop
      vertex -3.11396 4.90681 20.7461
      vertex -3.70439 4.47784 20.7461
      vertex -2.98919 4.71022 21.1044
    endloop
  endfacet
  facet normal -0.477436 0.394967 0.784893
    outer loop
      vertex -3.8328 3.59924 21.4453
      vertex -4.25368 3.09048 21.4453
      vertex -3.92705 2.85317 21.7634
    endloop
  endfacet
  facet normal 0 0.934555 0.355818
    outer loop
      vertex 0.373772 5.94094 20.376
      vertex -0.364906 5.80003 20.7461
      vertex 0.364906 5.80003 20.7461
    endloop
  endfacet
  facet normal 0 0.934555 0.355818
    outer loop
      vertex -0.364906 5.80003 20.7461
      vertex 0.373772 5.94094 20.376
      vertex -0.373772 5.94094 20.376
    endloop
  endfacet
  facet normal -0.246747 0.961035 0.124612
    outer loop
      vertex -1.12429 5.89372 20
      vertex -1.8541 5.70634 20
      vertex -1.83948 5.66134 20.376
    endloop
  endfacet
  facet normal -0.639754 0.68126 0.35581
    outer loop
      vertex -3.79439 4.58662 20.376
      vertex -4.33932 4.07489 20.376
      vertex -3.70439 4.47784 20.7461
    endloop
  endfacet
  facet normal -0.639754 0.681256 0.355815
    outer loop
      vertex -3.70439 4.47784 20.7461
      vertex -4.33932 4.07489 20.376
      vertex -4.2364 3.97824 20.7461
    endloop
  endfacet
  facet normal 0.0317281 -0.123583 0.991827
    outer loop
      vertex 0.572948 -1.76336 22.8532
      vertex 0.21067 -1.10437 22.9469
      vertex 0.347424 -1.82126 22.8532
    endloop
  endfacet
  facet normal -0.325368 0.105724 0.939659
    outer loop
      vertex -2.98919 1.18351 22.533
      vertex -3.70439 0.951125 22.3115
      vertex -3.11396 0.799528 22.533
    endloop
  endfacet
  facet normal -0.240266 0.113064 0.9641
    outer loop
      vertex -2.23868 1.23072 22.7145
      vertex -2.98919 1.18351 22.533
      vertex -2.37528 0.940438 22.7145
    endloop
  endfacet
  facet normal -0.17606 0.0828499 0.980887
    outer loop
      vertex -2.23868 1.23072 22.7145
      vertex -2.37528 0.940438 22.7145
      vertex -1.7239 0.68254 22.8532
    endloop
  endfacet
  facet normal 0 0.342113 0.939659
    outer loop
      vertex 0.240145 3.817 22.3115
      vertex -0.201869 3.20862 22.533
      vertex 0.201869 3.20862 22.533
    endloop
  endfacet
  facet normal 0 0.342113 0.939659
    outer loop
      vertex -0.201869 3.20862 22.533
      vertex 0.240145 3.817 22.3115
      vertex -0.240145 3.817 22.3115
    endloop
  endfacet
  facet normal 0.154099 0.600161 0.784895
    outer loop
      vertex 1.62476 5.0005 21.4453
      vertex 0.985221 5.16471 21.4453
      vertex 1.5 4.61652 21.7634
    endloop
  endfacet
  facet normal -0.156712 0.39581 0.904862
    outer loop
      vertex -1.35158 4.15974 22.0536
      vertex -1.86228 3.95754 22.0536
      vertex -1.62841 3.46055 22.3115
    endloop
  endfacet
  facet normal -0.328009 0.271354 0.904863
    outer loop
      vertex -2.78797 2.61808 22.3115
      vertex -3.53849 2.57086 22.0536
      vertex -3.09412 2.24801 22.3115
    endloop
  endfacet
  facet normal -0.0630138 -0.00396353 0.998005
    outer loop
      vertex -0.376742 0 22.9941
      vertex -1.12429 0 22.9469
      vertex -0.373772 -0.0472183 22.9941
    endloop
  endfacet
  facet normal -0.194196 0.0122212 0.980887
    outer loop
      vertex -2.53453 0.320186 22.7145
      vertex -2.55468 0 22.7145
      vertex -1.83948 0.23238 22.8532
    endloop
  endfacet
  facet normal -0.12734 -0.00801151 0.991827
    outer loop
      vertex -1.12429 0 22.9469
      vertex -1.8541 0 22.8532
      vertex -1.83948 -0.23238 22.8532
    endloop
  endfacet
  facet normal -0.127339 -0.00801572 0.991827
    outer loop
      vertex -1.12429 0 22.9469
      vertex -1.83948 -0.23238 22.8532
      vertex -1.11542 -0.14091 22.9469
    endloop
  endfacet
  facet normal -0.288859 0.183311 0.939658
    outer loop
      vertex -2.60096 1.88971 22.533
      vertex -3.09412 2.24801 22.3115
      vertex -2.81729 1.54882 22.533
    endloop
  endfacet
  facet normal -0.0600481 0.0195109 0.998005
    outer loop
      vertex -1.04534 0.413877 22.9469
      vertex -1.08897 0.279598 22.9469
      vertex -0.350286 0.138688 22.9941
    endloop
  endfacet
  facet normal -0.0371118 -0.0510803 0.998005
    outer loop
      vertex -0.240145 -0.290285 22.9941
      vertex -0.716647 -0.866279 22.9469
      vertex -0.201869 -0.318094 22.9941
    endloop
  endfacet
  facet normal -0.0533095 0.0338316 0.998005
    outer loop
      vertex -0.909568 0.660839 22.9469
      vertex -0.985221 0.54163 22.9469
      vertex -0.304791 0.221443 22.9941
    endloop
  endfacet
  facet normal 0.0232423 0.058705 0.998005
    outer loop
      vertex 0.347424 1.06926 22.9469
      vertex 0.11642 0.358303 22.9941
      vertex 0.160409 0.340887 22.9941
    endloop
  endfacet
  facet normal 0.0486493 -0.0402457 0.998005
    outer loop
      vertex 0.909568 -0.660839 22.9469
      vertex 0.274633 -0.257898 22.9941
      vertex 0.819571 -0.769628 22.9469
    endloop
  endfacet
  facet normal 0.121347 0.0394273 0.991827
    outer loop
      vertex 1.7239 0.68254 22.8532
      vertex 1.04534 0.413877 22.9469
      vertex 1.79585 0.461096 22.8532
    endloop
  endfacet
  facet normal 0.156717 -0.395812 0.904861
    outer loop
      vertex 1.62841 -3.46055 22.3115
      vertex 1.18185 -3.63736 22.3115
      vertex 1.35158 -4.15974 22.0536
    endloop
  endfacet
  facet normal 0.0913493 -0.723154 0.684619
    outer loop
      vertex 0.985221 -5.16471 21.4453
      vertex 0.330142 -5.24746 21.4453
      vertex 0.350286 -5.56765 21.1044
    endloop
  endfacet
  facet normal 0.125942 -0.318085 0.93966
    outer loop
      vertex 1.36886 -2.90898 22.533
      vertex 1.18185 -3.63736 22.3115
      vertex 1.62841 -3.46055 22.3115
    endloop
  endfacet
  facet normal -0.715994 0.136578 0.684616
    outer loop
      vertex -5.09266 1.30757 21.4453
      vertex -5.53467 0.699191 21.1044
      vertex -5.21638 0.658981 21.4453
    endloop
  endfacet
  facet normal -0.516869 -0.0325198 0.855447
    outer loop
      vertex -4.37381 0 22.0536
      vertex -4.81583 -0.608379 21.7634
      vertex -4.33932 -0.548183 22.0536
    endloop
  endfacet
  facet normal -0.492552 0.160041 0.855441
    outer loop
      vertex -4.51323 1.78691 21.7634
      vertex -4.7016 1.20717 21.7634
      vertex -4.06667 1.61011 22.0536
    endloop
  endfacet
  facet normal -0.468609 0.220515 0.855441
    outer loop
      vertex -3.8328 2.1071 22.0536
      vertex -4.51323 1.78691 21.7634
      vertex -4.06667 1.61011 22.0536
    endloop
  endfacet
  facet normal -0.508723 0.0970421 0.855443
    outer loop
      vertex -4.2364 1.08772 22.0536
      vertex -4.7016 1.20717 21.7634
      vertex -4.33932 0.548183 22.0536
    endloop
  endfacet
  facet normal -0.418165 0.0797676 0.904862
    outer loop
      vertex -4.2364 1.08772 22.0536
      vertex -4.33932 0.548183 22.0536
      vertex -3.70439 0.951125 22.3115
    endloop
  endfacet
  facet normal -0.61543 0.390563 0.684621
    outer loop
      vertex -4.25368 3.09048 21.4453
      vertex -4.88862 2.68754 21.1044
      vertex -4.60748 2.53298 21.4453
    endloop
  endfacet
  facet normal -0.437276 0.277503 0.855443
    outer loop
      vertex -3.53849 2.57086 22.0536
      vertex -3.92705 2.85317 21.7634
      vertex -3.8328 2.1071 22.0536
    endloop
  endfacet
  facet normal -0.341436 0.0214806 0.93966
    outer loop
      vertex -3.18961 0.402941 22.533
      vertex -3.79439 0.479342 22.3115
      vertex -3.21496 0 22.533
    endloop
  endfacet
  facet normal -0.341439 0.0214761 0.939659
    outer loop
      vertex -3.79439 0.479342 22.3115
      vertex -3.82454 0 22.3115
      vertex -3.21496 0 22.533
    endloop
  endfacet
  facet normal -0.618412 0.0389012 0.78489
    outer loop
      vertex -4.81583 0.608379 21.7634
      vertex -5.21638 0.658981 21.4453
      vertex -4.8541 0 21.7634
    endloop
  endfacet
  facet normal -0.516875 -0.0325139 0.855443
    outer loop
      vertex -4.37381 0 22.0536
      vertex -4.8541 0 21.7634
      vertex -4.81583 -0.608379 21.7634
    endloop
  endfacet
  facet normal -0.341436 -0.0214806 0.93966
    outer loop
      vertex -3.21496 0 22.533
      vertex -3.79439 -0.479342 22.3115
      vertex -3.18961 -0.402941 22.533
    endloop
  endfacet
  facet normal -0.265015 0.0166727 0.9641
    outer loop
      vertex -3.18961 0.402941 22.533
      vertex -3.21496 0 22.533
      vertex -2.55468 0 22.7145
    endloop
  endfacet
  facet normal 0.181275 -0.706001 0.684619
    outer loop
      vertex 1.62476 -5.0005 21.4453
      vertex 0.985221 -5.16471 21.4453
      vertex 1.7239 -5.30562 21.1044
    endloop
  endfacet
  facet normal 0.0913496 -0.723154 0.684619
    outer loop
      vertex 0.985221 -5.16471 21.4453
      vertex 0.350286 -5.56765 21.1044
      vertex 1.04534 -5.47985 21.1044
    endloop
  endfacet
  facet normal 0 -0.838994 0.54414
    outer loop
      vertex -0.364906 -5.80003 20.7461
      vertex 0.350286 -5.56765 21.1044
      vertex -0.350286 -5.56765 21.1044
    endloop
  endfacet
  facet normal 0 -0.838994 0.54414
    outer loop
      vertex 0.350286 -5.56765 21.1044
      vertex -0.364906 -5.80003 20.7461
      vertex 0.364906 -5.80003 20.7461
    endloop
  endfacet
  facet normal -0.181275 -0.706 0.68462
    outer loop
      vertex -0.985221 -5.16471 21.4453
      vertex -1.7239 -5.30562 21.1044
      vertex -1.04534 -5.47985 21.1044
    endloop
  endfacet
  facet normal -0.208656 -0.812638 0.544134
    outer loop
      vertex -1.7239 -5.30562 21.1044
      vertex -1.79585 -5.52706 20.7461
      vertex -1.04534 -5.47985 21.1044
    endloop
  endfacet
  facet normal 0.156712 -0.39581 0.904862
    outer loop
      vertex 1.62841 -3.46055 22.3115
      vertex 1.35158 -4.15974 22.0536
      vertex 1.86228 -3.95754 22.0536
    endloop
  endfacet
  facet normal 0.0332864 -0.263446 0.9641
    outer loop
      vertex 0.478698 -2.50943 22.7145
      vertex 0.201869 -3.20862 22.533
      vertex 0.602423 -3.15801 22.533
    endloop
  endfacet
  facet normal -0.615432 -0.390571 0.684615
    outer loop
      vertex -4.25368 -3.09048 21.4453
      vertex -4.88862 -2.68754 21.1044
      vertex -4.51323 -3.27905 21.1044
    endloop
  endfacet
  facet normal -0.561632 -0.464621 0.684615
    outer loop
      vertex -4.25368 -3.09048 21.4453
      vertex -4.51323 -3.27905 21.1044
      vertex -4.06667 -3.81885 21.1044
    endloop
  endfacet
  facet normal -0.797929 -0.259254 0.544147
    outer loop
      vertex -5.40339 -1.38736 21.1044
      vertex -5.62892 -1.44526 20.7461
      vertex -5.18691 -2.05364 21.1044
    endloop
  endfacet
  facet normal -0.797938 -0.259273 0.544125
    outer loop
      vertex -5.18691 -2.05364 21.1044
      vertex -5.62892 -1.44526 20.7461
      vertex -5.40339 -2.13935 20.7461
    endloop
  endfacet
  facet normal -0.716002 -0.13659 0.684605
    outer loop
      vertex -5.09266 -1.30757 21.4453
      vertex -5.53467 -0.699191 21.1044
      vertex -5.40339 -1.38736 21.1044
    endloop
  endfacet
  facet normal -0.659531 -0.310359 0.684614
    outer loop
      vertex -4.88862 -1.93554 21.4453
      vertex -5.18691 -2.05364 21.1044
      vertex -4.60748 -2.53298 21.4453
    endloop
  endfacet
  facet normal -0.224203 -0.142279 0.964101
    outer loop
      vertex -2.23868 -1.23072 22.7145
      vertex -2.60096 -1.88971 22.533
      vertex -2.06678 -1.5016 22.7145
    endloop
  endfacet
  facet normal -0.0304188 -0.0553278 0.998005
    outer loop
      vertex -0.160409 -0.340887 22.9941
      vertex -0.602423 -0.949267 22.9469
      vertex -0.478698 -1.01729 22.9469
    endloop
  endfacet
  facet normal -0.365256 -0.922529 0.12461
    outer loop
      vertex -2.53453 -5.38615 20.376
      vertex -2.55468 -5.42896 20
      vertex -1.8541 -5.70634 20
    endloop
  endfacet
  facet normal -0.344033 -0.868926 0.355822
    outer loop
      vertex -1.79585 -5.52706 20.7461
      vertex -2.53453 -5.38615 20.376
      vertex -1.83948 -5.66134 20.376
    endloop
  endfacet
  facet normal -0.304412 -0.41899 0.855442
    outer loop
      vertex -2.34361 -3.69293 22.0536
      vertex -3.09412 -3.74015 21.7634
      vertex -2.60096 -4.09845 21.7634
    endloop
  endfacet
  facet normal -0.190647 -0.481528 0.855444
    outer loop
      vertex -1.86228 -3.95754 22.0536
      vertex -2.06678 -4.39212 21.7634
      vertex -1.5 -4.61652 21.7634
    endloop
  endfacet
  facet normal -0.364207 -0.501291 0.784895
    outer loop
      vertex -3.09412 -3.74015 21.7634
      vertex -3.35147 -4.05124 21.4453
      vertex -2.60096 -4.09845 21.7634
    endloop
  endfacet
  facet normal -0.249495 -0.453836 0.855444
    outer loop
      vertex -1.86228 -3.95754 22.0536
      vertex -2.34361 -3.69293 22.0536
      vertex -2.06678 -4.39212 21.7634
    endloop
  endfacet
  facet normal -0.228094 -0.576119 0.784895
    outer loop
      vertex -1.5 -4.61652 21.7634
      vertex -2.23868 -4.75744 21.4453
      vertex -1.62476 -5.0005 21.4453
    endloop
  endfacet
  facet normal -0.268319 -0.677718 0.684619
    outer loop
      vertex -1.62476 -5.0005 21.4453
      vertex -2.23868 -4.75744 21.4453
      vertex -1.7239 -5.30562 21.1044
    endloop
  endfacet
  facet normal 0.720082 -0.595716 0.355814
    outer loop
      vertex 4.81583 -3.4989 20.376
      vertex 4.2364 -3.97824 20.7461
      vertex 4.33932 -4.07489 20.376
    endloop
  endfacet
  facet normal 0.304413 -0.418985 0.855444
    outer loop
      vertex 2.78797 -3.37008 22.0536
      vertex 2.34361 -3.69293 22.0536
      vertex 3.09412 -3.74015 21.7634
    endloop
  endfacet
  facet normal 0.561634 -0.464621 0.684613
    outer loop
      vertex 4.25368 -3.09048 21.4453
      vertex 3.8328 -3.59924 21.4453
      vertex 4.06667 -3.81885 21.1044
    endloop
  endfacet
  facet normal 0.498972 -0.53135 0.684612
    outer loop
      vertex 3.8328 -3.59924 21.4453
      vertex 3.35147 -4.05124 21.4453
      vertex 4.06667 -3.81885 21.1044
    endloop
  endfacet
  facet normal 0.424166 -0.451692 0.784894
    outer loop
      vertex 3.53849 -3.32286 21.7634
      vertex 3.09412 -3.74015 21.7634
      vertex 3.8328 -3.59924 21.4453
    endloop
  endfacet
  facet normal 0.764501 -0.632463 0.124609
    outer loop
      vertex 4.81583 -3.4989 20.376
      vertex 4.33932 -4.07489 20.376
      vertex 4.37381 -4.10728 20
    endloop
  endfacet
  facet normal 0.759144 -0.357225 0.544141
    outer loop
      vertex 5.18691 -2.05364 21.1044
      vertex 4.88862 -2.68754 21.1044
      vertex 5.09266 -2.79971 20.7461
    endloop
  endfacet
  facet normal 0.232418 -0.905193 0.355819
    outer loop
      vertex 1.83948 -5.66134 20.376
      vertex 1.08897 -5.70856 20.7461
      vertex 1.11542 -5.84725 20.376
    endloop
  endfacet
  facet normal 0.124354 -0.984384 0.124594
    outer loop
      vertex 1.11542 -5.84725 20.376
      vertex 0.373772 -5.94094 20.376
      vertex 1.12429 -5.89372 20
    endloop
  endfacet
  facet normal 0.450227 -0.81896 0.35581
    outer loop
      vertex 3.11396 -4.90681 20.7461
      vertex 2.47442 -5.2584 20.7461
      vertex 2.53453 -5.38615 20.376
    endloop
  endfacet
  facet normal 0.428436 -0.589698 0.684616
    outer loop
      vertex 3.35147 -4.05124 21.4453
      vertex 2.81729 -4.43934 21.4453
      vertex 2.98919 -4.71022 21.1044
    endloop
  endfacet
  facet normal 0.246747 -0.961035 0.124612
    outer loop
      vertex 1.83948 -5.66134 20.376
      vertex 1.12429 -5.89372 20
      vertex 1.8541 -5.70634 20
    endloop
  endfacet
  facet normal 0.365256 -0.922529 0.124611
    outer loop
      vertex 2.53453 -5.38615 20.376
      vertex 1.83948 -5.66134 20.376
      vertex 1.8541 -5.70634 20
    endloop
  endfacet
  facet normal -0.837751 -0.531649 0.12459
    outer loop
      vertex -4.81583 -3.4989 20.376
      vertex -5.21638 -2.86773 20.376
      vertex -4.8541 -3.52671 20
    endloop
  endfacet
  facet normal -0.837747 -0.531653 0.124599
    outer loop
      vertex -5.21638 -2.86773 20.376
      vertex -5.25784 -2.89052 20
      vertex -4.8541 -3.52671 20
    endloop
  endfacet
  facet normal 0.727466 0.0457687 0.684616
    outer loop
      vertex 5.57866 0 21.1044
      vertex 5.21638 0.658981 21.4453
      vertex 5.25784 0 21.4453
    endloop
  endfacet
  facet normal 0.716002 0.13659 0.684605
    outer loop
      vertex 5.40339 1.38736 21.1044
      vertex 5.09266 1.30757 21.4453
      vertex 5.53467 0.699191 21.1044
    endloop
  endfacet
  facet normal 0.715994 -0.136578 0.684616
    outer loop
      vertex 5.21638 -0.658981 21.4453
      vertex 5.09266 -1.30757 21.4453
      vertex 5.53467 -0.699191 21.1044
    endloop
  endfacet
  facet normal 0.837338 -0.0526816 0.544141
    outer loop
      vertex 5.57866 0 21.1044
      vertex 5.53467 -0.699191 21.1044
      vertex 5.8115 0 20.7461
    endloop
  endfacet
  facet normal 0.824137 0.157209 0.544135
    outer loop
      vertex 5.62892 1.44526 20.7461
      vertex 5.53467 0.699191 21.1044
      vertex 5.76567 0.728374 20.7461
    endloop
  endfacet
  facet normal 0.837342 0.0526864 0.544135
    outer loop
      vertex 5.76567 0.728374 20.7461
      vertex 5.53467 0.699191 21.1044
      vertex 5.8115 0 20.7461
    endloop
  endfacet
  facet normal 0.404871 -0.131547 0.904862
    outer loop
      vertex 4.2364 -1.08772 22.0536
      vertex 3.70439 -0.951125 22.3115
      vertex 4.06667 -1.61011 22.0536
    endloop
  endfacet
  facet normal 0.328009 -0.271354 0.904863
    outer loop
      vertex 3.53849 -2.57086 22.0536
      vertex 2.78797 -2.61808 22.3115
      vertex 3.18837 -2.99408 22.0536
    endloop
  endfacet
  facet normal 0.468608 -0.220511 0.855442
    outer loop
      vertex 4.51323 -1.78691 21.7634
      vertex 3.8328 -2.1071 22.0536
      vertex 4.25368 -2.33848 21.7634
    endloop
  endfacet
  facet normal 0.468609 -0.220515 0.855441
    outer loop
      vertex 4.06667 -1.61011 22.0536
      vertex 3.8328 -2.1071 22.0536
      vertex 4.51323 -1.78691 21.7634
    endloop
  endfacet
  facet normal 0.618412 -0.0389012 0.78489
    outer loop
      vertex 4.8541 0 21.7634
      vertex 4.81583 -0.608379 21.7634
      vertex 5.21638 -0.658981 21.4453
    endloop
  endfacet
  facet normal 0.516875 -0.0325139 0.855443
    outer loop
      vertex 4.8541 0 21.7634
      vertex 4.37381 0 22.0536
      vertex 4.81583 -0.608379 21.7634
    endloop
  endfacet
  facet normal 0.679216 -0.723282 0.12461
    outer loop
      vertex 4.33932 -4.07489 20.376
      vertex 3.79439 -4.58662 20.376
      vertex 4.37381 -4.10728 20
    endloop
  endfacet
  facet normal 0.404188 -0.735215 0.544143
    outer loop
      vertex 2.98919 -4.71022 21.1044
      vertex 2.37528 -5.04772 21.1044
      vertex 2.47442 -5.2584 20.7461
    endloop
  endfacet
  facet normal 0.583206 -0.802711 0.124602
    outer loop
      vertex 3.79439 -4.58662 20.376
      vertex 3.18961 -5.02602 20.376
      vertex 3.82454 -4.62308 20
    endloop
  endfacet
  facet normal 0.583208 -0.802709 0.124608
    outer loop
      vertex 3.82454 -4.62308 20
      vertex 3.18961 -5.02602 20.376
      vertex 3.21496 -5.06597 20
    endloop
  endfacet
  facet normal 0.477996 -0.869479 0.124609
    outer loop
      vertex 3.18961 -5.02602 20.376
      vertex 2.53453 -5.38615 20.376
      vertex 3.21496 -5.06597 20
    endloop
  endfacet
  facet normal 0.837342 -0.0526864 0.544135
    outer loop
      vertex 5.8115 0 20.7461
      vertex 5.53467 -0.699191 21.1044
      vertex 5.76567 -0.728374 20.7461
    endloop
  endfacet
  facet normal 0.888807 -0.288799 0.355834
    outer loop
      vertex 5.62892 -1.44526 20.7461
      vertex 5.40339 -2.13935 20.7461
      vertex 5.53467 -2.19133 20.376
    endloop
  endfacet
  facet normal 0.759159 -0.357219 0.544125
    outer loop
      vertex 5.18691 -2.05364 21.1044
      vertex 5.09266 -2.79971 20.7461
      vertex 5.40339 -2.13935 20.7461
    endloop
  endfacet
  facet normal 0.943645 -0.306602 0.124617
    outer loop
      vertex 5.76567 -1.48037 20.376
      vertex 5.53467 -2.19133 20.376
      vertex 5.8115 -1.49214 20
    endloop
  endfacet
  facet normal 0.185056 0.060127 0.980887
    outer loop
      vertex 2.47442 0.635322 22.7145
      vertex 1.7239 0.68254 22.8532
      vertex 1.79585 0.461096 22.8532
    endloop
  endfacet
  facet normal 0.191134 0.0364575 0.980887
    outer loop
      vertex 2.47442 0.635322 22.7145
      vertex 1.83948 0.23238 22.8532
      vertex 2.53453 0.320186 22.7145
    endloop
  endfacet
  facet normal 0.125334 0.0239031 0.991827
    outer loop
      vertex 1.79585 0.461096 22.8532
      vertex 1.08897 0.279598 22.9469
      vertex 1.11542 0.14091 22.9469
    endloop
  endfacet
  facet normal 0.063014 0.0039666 0.998005
    outer loop
      vertex 1.11542 0.14091 22.9469
      vertex 0.373772 0.0472183 22.9941
      vertex 1.12429 0 22.9469
    endloop
  endfacet
  facet normal 0.0483869 0.18847 0.980886
    outer loop
      vertex 0.789437 2.42964 22.7145
      vertex 0.347424 1.82126 22.8532
      vertex 0.572948 1.76336 22.8532
    endloop
  endfacet
  facet normal 0.156076 0.214825 0.964101
    outer loop
      vertex 1.72266 2.71448 22.533
      vertex 1.36886 2.15698 22.7145
      vertex 1.62841 1.96841 22.7145
    endloop
  endfacet
  facet normal 0.18177 0.193573 0.9641
    outer loop
      vertex 2.34361 2.20079 22.533
      vertex 1.62841 1.96841 22.7145
      vertex 1.86228 1.7488 22.7145
    endloop
  endfacet
  facet normal 0.156079 0.214824 0.964101
    outer loop
      vertex 1.72266 2.71448 22.533
      vertex 1.62841 1.96841 22.7145
      vertex 2.04929 2.47717 22.533
    endloop
  endfacet
  facet normal 0.0977536 0.246889 0.964101
    outer loop
      vertex 0.993477 3.05761 22.533
      vertex 0.789437 2.42964 22.7145
      vertex 1.36886 2.90898 22.533
    endloop
  endfacet
  facet normal 0.0428846 0.339412 0.93966
    outer loop
      vertex 0.716647 3.7568 22.3115
      vertex 0.201869 3.20862 22.533
      vertex 0.602423 3.15801 22.533
    endloop
  endfacet
  facet normal 0.0913493 0.723154 0.684619
    outer loop
      vertex 0.350286 5.56765 21.1044
      vertex 0.330142 5.24746 21.4453
      vertex 0.985221 5.16471 21.4453
    endloop
  endfacet
  facet normal -0.0332864 0.263446 0.9641
    outer loop
      vertex -0.201869 3.20862 22.533
      vertex -0.602423 3.15801 22.533
      vertex -0.478698 2.50943 22.7145
    endloop
  endfacet
  facet normal 0.608649 -0.116111 0.784898
    outer loop
      vertex 4.81583 -0.608379 21.7634
      vertex 4.7016 -1.20717 21.7634
      vertex 5.09266 -1.30757 21.4453
    endloop
  endfacet
  facet normal 0.516869 -0.0325198 0.855447
    outer loop
      vertex 4.37381 0 22.0536
      vertex 4.33932 -0.548183 22.0536
      vertex 4.81583 -0.608379 21.7634
    endloop
  endfacet
  facet normal 0.265015 -0.0166727 0.9641
    outer loop
      vertex 3.21496 0 22.533
      vertex 2.55468 0 22.7145
      vertex 3.18961 -0.402941 22.533
    endloop
  endfacet
  facet normal 0.149926 -0.124029 0.980887
    outer loop
      vertex 2.06678 -1.5016 22.7145
      vertex 1.5 -1.08981 22.8532
      vertex 1.86228 -1.7488 22.7145
    endloop
  endfacet
  facet normal -0.574333 -0.611592 0.544148
    outer loop
      vertex -3.55597 -4.29843 21.1044
      vertex -4.2364 -3.97824 20.7461
      vertex -3.70439 -4.47784 20.7461
    endloop
  endfacet
  facet normal -0.574333 -0.611601 0.544138
    outer loop
      vertex -4.06667 -3.81885 21.1044
      vertex -4.2364 -3.97824 20.7461
      vertex -3.55597 -4.29843 21.1044
    endloop
  endfacet
  facet normal -0.990249 -0.062303 0.124598
    outer loop
      vertex -5.95269 0 20.376
      vertex -6 0 20
      vertex -5.90575 -0.746069 20.376
    endloop
  endfacet
  facet normal -0.93271 -0.0586828 0.355821
    outer loop
      vertex -5.8115 0 20.7461
      vertex -5.95269 0 20.376
      vertex -5.90575 -0.746069 20.376
    endloop
  endfacet
  facet normal -0.824137 0.157209 0.544135
    outer loop
      vertex -5.62892 1.44526 20.7461
      vertex -5.76567 0.728374 20.7461
      vertex -5.53467 0.699191 21.1044
    endloop
  endfacet
  facet normal -0.824127 0.157216 0.544148
    outer loop
      vertex -5.40339 1.38736 21.1044
      vertex -5.62892 1.44526 20.7461
      vertex -5.53467 0.699191 21.1044
    endloop
  endfacet
  facet normal -0.990249 0.0622988 0.124606
    outer loop
      vertex -5.95269 0.751999 20
      vertex -6 0 20
      vertex -5.90575 0.746069 20.376
    endloop
  endfacet
  facet normal -0.888819 0.288789 0.35581
    outer loop
      vertex -5.53467 2.19133 20.376
      vertex -5.76567 1.48037 20.376
      vertex -5.62892 1.44526 20.7461
    endloop
  endfacet
  facet normal -0.583208 0.802709 0.124608
    outer loop
      vertex -3.21496 5.06597 20
      vertex -3.82454 4.62308 20
      vertex -3.18961 5.02602 20.376
    endloop
  endfacet
  facet normal -0.837747 0.531653 0.124599
    outer loop
      vertex -4.8541 3.52671 20
      vertex -5.25784 2.89052 20
      vertex -5.21638 2.86773 20.376
    endloop
  endfacet
  facet normal -0.708383 0.449561 0.544139
    outer loop
      vertex -4.7016 3.41591 20.7461
      vertex -4.88862 2.68754 21.1044
      vertex -4.51323 3.27905 21.1044
    endloop
  endfacet
  facet normal -0.646457 0.534796 0.544139
    outer loop
      vertex -4.2364 3.97824 20.7461
      vertex -4.7016 3.41591 20.7461
      vertex -4.51323 3.27905 21.1044
    endloop
  endfacet
  facet normal -0.897774 -0.422465 0.1246
    outer loop
      vertex -5.21638 -2.86773 20.376
      vertex -5.57866 -2.20875 20
      vertex -5.25784 -2.89052 20
    endloop
  endfacet
  facet normal -0.974629 -0.185927 0.124616
    outer loop
      vertex -5.76567 -1.48037 20.376
      vertex -5.90575 -0.746069 20.376
      vertex -5.8115 -1.49214 20
    endloop
  endfacet
  facet normal -0.789075 0.500759 0.355812
    outer loop
      vertex -4.81583 3.4989 20.376
      vertex -5.21638 2.86773 20.376
      vertex -5.09266 2.79971 20.7461
    endloop
  endfacet
  facet normal 0.450227 0.81896 0.35581
    outer loop
      vertex 2.53453 5.38615 20.376
      vertex 2.47442 5.2584 20.7461
      vertex 3.11396 4.90681 20.7461
    endloop
  endfacet
  facet normal 0.450223 0.818959 0.355816
    outer loop
      vertex 3.18961 5.02602 20.376
      vertex 2.53453 5.38615 20.376
      vertex 3.11396 4.90681 20.7461
    endloop
  endfacet
  facet normal 0.583208 0.802709 0.124608
    outer loop
      vertex 3.21496 5.06597 20
      vertex 3.18961 5.02602 20.376
      vertex 3.82454 4.62308 20
    endloop
  endfacet
  facet normal -0.727466 -0.0457689 0.684616
    outer loop
      vertex -5.21638 -0.658981 21.4453
      vertex -5.57866 0 21.1044
      vertex -5.53467 -0.699191 21.1044
    endloop
  endfacet
  facet normal -0.837338 -0.0526816 0.544141
    outer loop
      vertex -5.57866 0 21.1044
      vertex -5.8115 0 20.7461
      vertex -5.53467 -0.699191 21.1044
    endloop
  endfacet
  facet normal -0.336051 -0.0641069 0.93966
    outer loop
      vertex -3.18961 -0.402941 22.533
      vertex -3.79439 -0.479342 22.3115
      vertex -3.70439 -0.951125 22.3115
    endloop
  endfacet
  facet normal -0.418167 -0.079772 0.90486
    outer loop
      vertex -3.79439 -0.479342 22.3115
      vertex -4.33932 -0.548183 22.0536
      vertex -3.70439 -0.951125 22.3115
    endloop
  endfacet
  facet normal 0.560658 0.263826 0.784894
    outer loop
      vertex 4.60748 2.53298 21.4453
      vertex 4.25368 2.33848 21.7634
      vertex 4.51323 1.78691 21.7634
    endloop
  endfacet
  facet normal 0.523172 0.332013 0.784894
    outer loop
      vertex 4.60748 2.53298 21.4453
      vertex 3.92705 2.85317 21.7634
      vertex 4.25368 2.33848 21.7634
    endloop
  endfacet
  facet normal 0.498972 0.53135 0.684612
    outer loop
      vertex 3.55597 4.29843 21.1044
      vertex 3.35147 4.05124 21.4453
      vertex 4.06667 3.81885 21.1044
    endloop
  endfacet
  facet normal 0.424166 0.451689 0.784895
    outer loop
      vertex 3.35147 4.05124 21.4453
      vertex 3.09412 3.74015 21.7634
      vertex 3.8328 3.59924 21.4453
    endloop
  endfacet
  facet normal 0.336051 0.0641069 0.93966
    outer loop
      vertex 3.70439 0.951125 22.3115
      vertex 3.18961 0.402941 22.533
      vertex 3.79439 0.479342 22.3115
    endloop
  endfacet
  facet normal 0.191132 0.0364605 0.980887
    outer loop
      vertex 2.47442 0.635322 22.7145
      vertex 1.79585 0.461096 22.8532
      vertex 1.83948 0.23238 22.8532
    endloop
  endfacet
  facet normal 0.418165 0.0797676 0.904862
    outer loop
      vertex 4.2364 1.08772 22.0536
      vertex 3.70439 0.951125 22.3115
      vertex 4.33932 0.548183 22.0536
    endloop
  endfacet
  facet normal 0.508723 0.0970421 0.855443
    outer loop
      vertex 4.7016 1.20717 21.7634
      vertex 4.2364 1.08772 22.0536
      vertex 4.33932 0.548183 22.0536
    endloop
  endfacet
  facet normal 0.69323 0.225244 0.684614
    outer loop
      vertex 5.18691 2.05364 21.1044
      vertex 4.88862 1.93554 21.4453
      vertex 5.09266 1.30757 21.4453
    endloop
  endfacet
  facet normal 0.69324 0.225239 0.684606
    outer loop
      vertex 5.18691 2.05364 21.1044
      vertex 5.09266 1.30757 21.4453
      vertex 5.40339 1.38736 21.1044
    endloop
  endfacet
  facet normal 0.943644 0.306608 0.124606
    outer loop
      vertex 5.57866 2.20875 20
      vertex 5.53467 2.19133 20.376
      vertex 5.8115 1.49214 20
    endloop
  endfacet
  facet normal 0.897775 0.422461 0.124607
    outer loop
      vertex 5.57866 2.20875 20
      vertex 5.21638 2.86773 20.376
      vertex 5.53467 2.19133 20.376
    endloop
  endfacet
  facet normal 0.428442 0.589699 0.684611
    outer loop
      vertex 3.55597 4.29843 21.1044
      vertex 2.98919 4.71022 21.1044
      vertex 3.35147 4.05124 21.4453
    endloop
  endfacet
  facet normal 0.428436 0.589698 0.684616
    outer loop
      vertex 2.98919 4.71022 21.1044
      vertex 2.81729 4.43934 21.4453
      vertex 3.35147 4.05124 21.4453
    endloop
  endfacet
  facet normal 0.190651 0.481529 0.855442
    outer loop
      vertex 1.5 4.61652 21.7634
      vertex 1.35158 4.15974 22.0536
      vertex 1.86228 3.95754 22.0536
    endloop
  endfacet
  facet normal 0.249495 0.453836 0.855444
    outer loop
      vertex 2.06678 4.39212 21.7634
      vertex 1.86228 3.95754 22.0536
      vertex 2.34361 3.69293 22.0536
    endloop
  endfacet
  facet normal -0.2046 0.169259 0.964101
    outer loop
      vertex -1.86228 1.7488 22.7145
      vertex -2.60096 1.88971 22.533
      vertex -2.06678 1.5016 22.7145
    endloop
  endfacet
  facet normal -0.359433 0.228102 0.904863
    outer loop
      vertex -3.53849 2.57086 22.0536
      vertex -3.8328 2.1071 22.0536
      vertex -3.09412 2.24801 22.3115
    endloop
  endfacet
  facet normal -0.493146 0.678756 0.544148
    outer loop
      vertex -2.98919 4.71022 21.1044
      vertex -3.70439 4.47784 20.7461
      vertex -3.55597 4.29843 21.1044
    endloop
  endfacet
  facet normal -0.365256 0.922529 0.124611
    outer loop
      vertex -1.8541 5.70634 20
      vertex -2.53453 5.38615 20.376
      vertex -1.83948 5.66134 20.376
    endloop
  endfacet
  facet normal -0.344033 0.868926 0.355822
    outer loop
      vertex -1.83948 5.66134 20.376
      vertex -2.53453 5.38615 20.376
      vertex -1.79585 5.52706 20.7461
    endloop
  endfacet
  facet normal -0.574333 0.611592 0.544148
    outer loop
      vertex -3.70439 4.47784 20.7461
      vertex -4.2364 3.97824 20.7461
      vertex -3.55597 4.29843 21.1044
    endloop
  endfacet
  facet normal -0.0850749 0.331363 0.93966
    outer loop
      vertex -0.716647 3.7568 22.3115
      vertex -0.993477 3.05761 22.533
      vertex -0.602423 3.15801 22.533
    endloop
  endfacet
  facet normal -0.125334 0.0239031 0.991827
    outer loop
      vertex -1.08897 0.279598 22.9469
      vertex -1.79585 0.461096 22.8532
      vertex -1.11542 0.14091 22.9469
    endloop
  endfacet
  facet normal 0.154098 0.60016 0.784896
    outer loop
      vertex 0.985221 5.16471 21.4453
      vertex 0.909568 4.76812 21.7634
      vertex 1.5 4.61652 21.7634
    endloop
  endfacet
  facet normal 0 0.728901 0.684619
    outer loop
      vertex 0.350286 5.56765 21.1044
      vertex -0.330142 5.24746 21.4453
      vertex 0.330142 5.24746 21.4453
    endloop
  endfacet
  facet normal 0 0.728901 0.684619
    outer loop
      vertex -0.330142 5.24746 21.4453
      vertex 0.350286 5.56765 21.1044
      vertex -0.350286 5.56765 21.1044
    endloop
  endfacet
  facet normal 0.0660338 0.257199 0.9641
    outer loop
      vertex 0.602423 3.15801 22.533
      vertex 0.478698 2.50943 22.7145
      vertex 0.993477 3.05761 22.533
    endloop
  endfacet
  facet normal -0.0243819 0.193047 0.980887
    outer loop
      vertex -0.160409 2.54963 22.7145
      vertex -0.478698 2.50943 22.7145
      vertex -0.11642 1.85044 22.8532
    endloop
  endfacet
  facet normal -0.0977536 0.246889 0.964101
    outer loop
      vertex -0.993477 3.05761 22.533
      vertex -1.36886 2.90898 22.533
      vertex -0.789437 2.42964 22.7145
    endloop
  endfacet
  facet normal -0.105866 0.412334 0.904861
    outer loop
      vertex -0.716647 3.7568 22.3115
      vertex -1.35158 4.15974 22.0536
      vertex -1.18185 3.63736 22.3115
    endloop
  endfacet
  facet normal 0.0571297 -0.0268827 0.998005
    outer loop
      vertex 0.350286 -0.138688 22.9941
      vertex 0.330142 -0.181497 22.9941
      vertex 0.985221 -0.54163 22.9469
    endloop
  endfacet
  facet normal -0.224202 0.142279 0.964101
    outer loop
      vertex -2.60096 1.88971 22.533
      vertex -2.81729 1.54882 22.533
      vertex -2.23868 1.23072 22.7145
    endloop
  endfacet
  facet normal -0.1332 0.141841 0.980887
    outer loop
      vertex -1.18185 1.42861 22.8532
      vertex -1.86228 1.7488 22.7145
      vertex -1.35158 1.26922 22.8532
    endloop
  endfacet
  facet normal -0.252542 0.0820575 0.9641
    outer loop
      vertex -2.37528 0.940438 22.7145
      vertex -2.98919 1.18351 22.533
      vertex -2.47442 0.635322 22.7145
    endloop
  endfacet
  facet normal -0.0614713 -0.111808 0.991827
    outer loop
      vertex -0.602423 -0.949267 22.9469
      vertex -0.789437 -1.67764 22.8532
      vertex -0.478698 -1.01729 22.9469
    endloop
  endfacet
  facet normal 0.0159951 -0.126584 0.991827
    outer loop
      vertex 0.21067 -1.10437 22.9469
      vertex 0.0705938 -1.12207 22.9469
      vertex 0.347424 -1.82126 22.8532
    endloop
  endfacet
  facet normal -0.0483932 -0.188465 0.980887
    outer loop
      vertex -0.347424 -1.82126 22.8532
      vertex -0.789437 -2.42964 22.7145
      vertex -0.478698 -2.50943 22.7145
    endloop
  endfacet
  facet normal -0.176061 -0.0828493 0.980887
    outer loop
      vertex -1.7239 -0.68254 22.8532
      vertex -2.23868 -1.23072 22.7145
      vertex -1.62476 -0.89322 22.8532
    endloop
  endfacet
  facet normal -0.252542 -0.0820575 0.9641
    outer loop
      vertex -2.47442 -0.635322 22.7145
      vertex -2.98919 -1.18351 22.533
      vertex -2.37528 -0.940438 22.7145
    endloop
  endfacet
  facet normal 0.0243851 -0.193045 0.980887
    outer loop
      vertex 0.347424 -1.82126 22.8532
      vertex 0.11642 -1.85044 22.8532
      vertex 0.478698 -2.50943 22.7145
    endloop
  endfacet
  facet normal 0.0243819 -0.193047 0.980887
    outer loop
      vertex 0.478698 -2.50943 22.7145
      vertex 0.11642 -1.85044 22.8532
      vertex 0.160409 -2.54963 22.7145
    endloop
  endfacet
  facet normal 0.354524 -0.37753 0.855444
    outer loop
      vertex 3.18837 -2.99408 22.0536
      vertex 2.78797 -3.37008 22.0536
      vertex 3.09412 -3.74015 21.7634
    endloop
  endfacet
  facet normal 0.385185 -0.181258 0.904864
    outer loop
      vertex 4.06667 -1.61011 22.0536
      vertex 3.55597 -1.40791 22.3115
      vertex 3.8328 -2.1071 22.0536
    endloop
  endfacet
  facet normal 0.25254 -0.0820597 0.9641
    outer loop
      vertex 3.11396 -0.799528 22.533
      vertex 2.47442 -0.635322 22.7145
      vertex 2.98919 -1.18351 22.533
    endloop
  endfacet
  facet normal 0.224202 -0.142279 0.964101
    outer loop
      vertex 2.81729 -1.54882 22.533
      vertex 2.23868 -1.23072 22.7145
      vertex 2.60096 -1.88971 22.533
    endloop
  endfacet
  facet normal 0.228096 -0.576115 0.784898
    outer loop
      vertex 2.06678 -4.39212 21.7634
      vertex 1.5 -4.61652 21.7634
      vertex 2.23868 -4.75744 21.4453
    endloop
  endfacet
  facet normal 0.298509 -0.542982 0.784897
    outer loop
      vertex 2.60096 -4.09845 21.7634
      vertex 2.06678 -4.39212 21.7634
      vertex 2.23868 -4.75744 21.4453
    endloop
  endfacet
  facet normal 0.190651 -0.481529 0.855442
    outer loop
      vertex 1.86228 -3.95754 22.0536
      vertex 1.35158 -4.15974 22.0536
      vertex 1.5 -4.61652 21.7634
    endloop
  endfacet
  facet normal 0.127923 -0.232695 0.9641
    outer loop
      vertex 1.72266 -2.71448 22.533
      vertex 1.08773 -2.31154 22.7145
      vertex 1.36886 -2.90898 22.533
    endloop
  endfacet
  facet normal -0.0716337 -0.180914 0.980887
    outer loop
      vertex -0.789437 -1.67764 22.8532
      vertex -1.08773 -2.31154 22.7145
      vertex -0.572948 -1.76336 22.8532
    endloop
  endfacet
  facet normal 0.0776551 -0.614746 0.784893
    outer loop
      vertex 0.985221 -5.16471 21.4453
      vertex 0.304791 -4.84452 21.7634
      vertex 0.330142 -5.24746 21.4453
    endloop
  endfacet
  facet normal -0.516869 0.0325198 0.855447
    outer loop
      vertex -4.33932 0.548183 22.0536
      vertex -4.81583 0.608379 21.7634
      vertex -4.37381 0 22.0536
    endloop
  endfacet
  facet normal -0.508717 0.0970468 0.855447
    outer loop
      vertex -4.7016 1.20717 21.7634
      vertex -4.81583 0.608379 21.7634
      vertex -4.33932 0.548183 22.0536
    endloop
  endfacet
  facet normal -0.608649 -0.116111 0.784898
    outer loop
      vertex -4.81583 -0.608379 21.7634
      vertex -5.09266 -1.30757 21.4453
      vertex -4.7016 -1.20717 21.7634
    endloop
  endfacet
  facet normal -0.5893 -0.191476 0.784897
    outer loop
      vertex -4.7016 -1.20717 21.7634
      vertex -5.09266 -1.30757 21.4453
      vertex -4.51323 -1.78691 21.7634
    endloop
  endfacet
  facet normal -0.560658 0.263826 0.784894
    outer loop
      vertex -4.25368 2.33848 21.7634
      vertex -4.60748 2.53298 21.4453
      vertex -4.51323 1.78691 21.7634
    endloop
  endfacet
  facet normal -0.468608 0.220511 0.855442
    outer loop
      vertex -4.25368 2.33848 21.7634
      vertex -4.51323 1.78691 21.7634
      vertex -3.8328 2.1071 22.0536
    endloop
  endfacet
  facet normal -0.589299 0.191475 0.784897
    outer loop
      vertex -4.88862 1.93554 21.4453
      vertex -5.09266 1.30757 21.4453
      vertex -4.51323 1.78691 21.7634
    endloop
  endfacet
  facet normal -0.560652 0.263828 0.784898
    outer loop
      vertex -4.60748 2.53298 21.4453
      vertex -4.88862 1.93554 21.4453
      vertex -4.51323 1.78691 21.7634
    endloop
  endfacet
  facet normal -0.354523 0.37753 0.855444
    outer loop
      vertex -3.09412 3.74015 21.7634
      vertex -3.53849 3.32286 21.7634
      vertex -3.18837 2.99408 22.0536
    endloop
  endfacet
  facet normal -0.156079 0.214824 0.964101
    outer loop
      vertex -1.72266 2.71448 22.533
      vertex -2.04929 2.47717 22.533
      vertex -1.62841 1.96841 22.7145
    endloop
  endfacet
  facet normal -0.265015 -0.0166727 0.9641
    outer loop
      vertex -2.55468 0 22.7145
      vertex -3.21496 0 22.533
      vertex -3.18961 -0.402941 22.533
    endloop
  endfacet
  facet normal -0.265012 -0.0166778 0.964101
    outer loop
      vertex -2.55468 0 22.7145
      vertex -3.18961 -0.402941 22.533
      vertex -2.53453 -0.320186 22.7145
    endloop
  endfacet
  facet normal -0.309551 0.145665 0.939659
    outer loop
      vertex -3.35147 1.84249 22.3115
      vertex -3.55597 1.40791 22.3115
      vertex -2.98919 1.18351 22.533
    endloop
  endfacet
  facet normal -0.325367 0.105719 0.93966
    outer loop
      vertex -3.55597 1.40791 22.3115
      vertex -3.70439 0.951125 22.3115
      vertex -2.98919 1.18351 22.533
    endloop
  endfacet
  facet normal -0.424863 0.0267233 0.904863
    outer loop
      vertex -3.79439 0.479342 22.3115
      vertex -4.37381 0 22.0536
      vertex -3.82454 0 22.3115
    endloop
  endfacet
  facet normal -0.424863 -0.0267233 0.904863
    outer loop
      vertex -3.82454 0 22.3115
      vertex -4.37381 0 22.0536
      vertex -3.79439 -0.479342 22.3115
    endloop
  endfacet
  facet normal -0.25254 0.0820597 0.9641
    outer loop
      vertex -2.98919 1.18351 22.533
      vertex -3.11396 0.799528 22.533
      vertex -2.47442 0.635322 22.7145
    endloop
  endfacet
  facet normal -0.336054 0.0641032 0.939659
    outer loop
      vertex -3.11396 0.799528 22.533
      vertex -3.70439 0.951125 22.3115
      vertex -3.18961 0.402941 22.533
    endloop
  endfacet
  facet normal 0.208656 -0.812638 0.544134
    outer loop
      vertex 1.7239 -5.30562 21.1044
      vertex 1.04534 -5.47985 21.1044
      vertex 1.79585 -5.52706 20.7461
    endloop
  endfacet
  facet normal 0.181275 -0.706 0.68462
    outer loop
      vertex 1.7239 -5.30562 21.1044
      vertex 0.985221 -5.16471 21.4453
      vertex 1.04534 -5.47985 21.1044
    endloop
  endfacet
  facet normal -0.117128 -0.927185 0.355821
    outer loop
      vertex -1.08897 -5.70856 20.7461
      vertex -1.11542 -5.84725 20.376
      vertex -0.373772 -5.94094 20.376
    endloop
  endfacet
  facet normal -0.232418 -0.905193 0.355819
    outer loop
      vertex -1.08897 -5.70856 20.7461
      vertex -1.83948 -5.66134 20.376
      vertex -1.11542 -5.84725 20.376
    endloop
  endfacet
  facet normal -0.128798 -0.501627 0.855442
    outer loop
      vertex -0.819571 -4.29634 22.0536
      vertex -1.5 -4.61652 21.7634
      vertex -0.909568 -4.76812 21.7634
    endloop
  endfacet
  facet normal -0.0776588 -0.614742 0.784896
    outer loop
      vertex -0.909568 -4.76812 21.7634
      vertex -0.985221 -5.16471 21.4453
      vertex -0.304791 -4.84452 21.7634
    endloop
  endfacet
  facet normal -0.424166 -0.451692 0.784894
    outer loop
      vertex -3.53849 -3.32286 21.7634
      vertex -3.8328 -3.59924 21.4453
      vertex -3.09412 -3.74015 21.7634
    endloop
  endfacet
  facet normal -0.561634 -0.464621 0.684613
    outer loop
      vertex -3.8328 -3.59924 21.4453
      vertex -4.25368 -3.09048 21.4453
      vertex -4.06667 -3.81885 21.1044
    endloop
  endfacet
  facet normal -0.61543 -0.390563 0.684621
    outer loop
      vertex -4.60748 -2.53298 21.4453
      vertex -4.88862 -2.68754 21.1044
      vertex -4.25368 -3.09048 21.4453
    endloop
  endfacet
  facet normal -0.477434 -0.394967 0.784893
    outer loop
      vertex -3.53849 -3.32286 21.7634
      vertex -3.92705 -2.85317 21.7634
      vertex -3.8328 -3.59924 21.4453
    endloop
  endfacet
  facet normal -0.589299 -0.191475 0.784897
    outer loop
      vertex -4.51323 -1.78691 21.7634
      vertex -5.09266 -1.30757 21.4453
      vertex -4.88862 -1.93554 21.4453
    endloop
  endfacet
  facet normal -0.69324 -0.225239 0.684606
    outer loop
      vertex -5.09266 -1.30757 21.4453
      vertex -5.40339 -1.38736 21.1044
      vertex -5.18691 -2.05364 21.1044
    endloop
  endfacet
  facet normal -0.071629 -0.180918 0.980886
    outer loop
      vertex -0.572948 -1.76336 22.8532
      vertex -1.08773 -2.31154 22.7145
      vertex -0.789437 -2.42964 22.7145
    endloop
  endfacet
  facet normal -0.288859 -0.183311 0.939658
    outer loop
      vertex -2.81729 -1.54882 22.533
      vertex -3.09412 -2.24801 22.3115
      vertex -2.60096 -1.88971 22.533
    endloop
  endfacet
  facet normal -0.0749959 -0.103224 0.991827
    outer loop
      vertex -0.716647 -0.866279 22.9469
      vertex -1.18185 -1.42861 22.8532
      vertex -0.993477 -1.56547 22.8532
    endloop
  endfacet
  facet normal -0.201088 -0.276774 0.939659
    outer loop
      vertex -2.04929 -2.47717 22.533
      vertex -2.43786 -2.94686 22.3115
      vertex -1.72266 -2.71448 22.533
    endloop
  endfacet
  facet normal -0.477996 -0.869479 0.124609
    outer loop
      vertex -3.18961 -5.02602 20.376
      vertex -3.21496 -5.06597 20
      vertex -2.53453 -5.38615 20.376
    endloop
  endfacet
  facet normal -0.583208 -0.802709 0.124608
    outer loop
      vertex -3.18961 -5.02602 20.376
      vertex -3.82454 -4.62308 20
      vertex -3.21496 -5.06597 20
    endloop
  endfacet
  facet normal -0.246747 -0.961035 0.124612
    outer loop
      vertex -1.83948 -5.66134 20.376
      vertex -1.8541 -5.70634 20
      vertex -1.12429 -5.89372 20
    endloop
  endfacet
  facet normal -0.250225 -0.344401 0.904862
    outer loop
      vertex -2.43786 -2.94686 22.3115
      vertex -2.78797 -3.37008 22.0536
      vertex -2.34361 -3.69293 22.0536
    endloop
  endfacet
  facet normal -0.25022 -0.344401 0.904863
    outer loop
      vertex -2.04929 -3.22917 22.3115
      vertex -2.43786 -2.94686 22.3115
      vertex -2.34361 -3.69293 22.0536
    endloop
  endfacet
  facet normal -0.298509 -0.542982 0.784897
    outer loop
      vertex -2.06678 -4.39212 21.7634
      vertex -2.60096 -4.09845 21.7634
      vertex -2.23868 -4.75744 21.4453
    endloop
  endfacet
  facet normal -0.228096 -0.576115 0.784898
    outer loop
      vertex -2.06678 -4.39212 21.7634
      vertex -2.23868 -4.75744 21.4453
      vertex -1.5 -4.61652 21.7634
    endloop
  endfacet
  facet normal -0.328009 -0.271354 0.904863
    outer loop
      vertex -2.78797 -2.61808 22.3115
      vertex -3.53849 -2.57086 22.0536
      vertex -3.18837 -2.99408 22.0536
    endloop
  endfacet
  facet normal -0.477436 -0.394967 0.784893
    outer loop
      vertex -3.92705 -2.85317 21.7634
      vertex -4.25368 -3.09048 21.4453
      vertex -3.8328 -3.59924 21.4453
    endloop
  endfacet
  facet normal -0.351157 -0.63874 0.684617
    outer loop
      vertex -2.81729 -4.43934 21.4453
      vertex -2.98919 -4.71022 21.1044
      vertex -2.23868 -4.75744 21.4453
    endloop
  endfacet
  facet normal -0.26833 -0.677723 0.68461
    outer loop
      vertex -2.23868 -4.75744 21.4453
      vertex -2.37528 -5.04772 21.1044
      vertex -1.7239 -5.30562 21.1044
    endloop
  endfacet
  facet normal -0.181275 -0.706001 0.684619
    outer loop
      vertex -1.62476 -5.0005 21.4453
      vertex -1.7239 -5.30562 21.1044
      vertex -0.985221 -5.16471 21.4453
    endloop
  endfacet
  facet normal -0.154099 -0.600161 0.784895
    outer loop
      vertex -1.5 -4.61652 21.7634
      vertex -1.62476 -5.0005 21.4453
      vertex -0.985221 -5.16471 21.4453
    endloop
  endfacet
  facet normal 0.837751 -0.531649 0.12459
    outer loop
      vertex 5.21638 -2.86773 20.376
      vertex 4.81583 -3.4989 20.376
      vertex 4.8541 -3.52671 20
    endloop
  endfacet
  facet normal 0.789075 -0.500759 0.355812
    outer loop
      vertex 5.09266 -2.79971 20.7461
      vertex 4.81583 -3.4989 20.376
      vertex 5.21638 -2.86773 20.376
    endloop
  endfacet
  facet normal 0.615432 -0.390571 0.684615
    outer loop
      vertex 4.88862 -2.68754 21.1044
      vertex 4.25368 -3.09048 21.4453
      vertex 4.51323 -3.27905 21.1044
    endloop
  endfacet
  facet normal 0.561632 -0.464621 0.684615
    outer loop
      vertex 4.25368 -3.09048 21.4453
      vertex 4.06667 -3.81885 21.1044
      vertex 4.51323 -3.27905 21.1044
    endloop
  endfacet
  facet normal 0.523173 -0.332015 0.784893
    outer loop
      vertex 4.60748 -2.53298 21.4453
      vertex 3.92705 -2.85317 21.7634
      vertex 4.25368 -3.09048 21.4453
    endloop
  endfacet
  facet normal 0.523172 -0.332013 0.784894
    outer loop
      vertex 4.25368 -2.33848 21.7634
      vertex 3.92705 -2.85317 21.7634
      vertex 4.60748 -2.53298 21.4453
    endloop
  endfacet
  facet normal 0.364207 -0.501291 0.784895
    outer loop
      vertex 3.09412 -3.74015 21.7634
      vertex 2.60096 -4.09845 21.7634
      vertex 3.35147 -4.05124 21.4453
    endloop
  endfacet
  facet normal 0.364207 -0.501293 0.784894
    outer loop
      vertex 3.35147 -4.05124 21.4453
      vertex 2.60096 -4.09845 21.7634
      vertex 2.81729 -4.43934 21.4453
    endloop
  endfacet
  facet normal 0.428442 -0.589699 0.684611
    outer loop
      vertex 3.35147 -4.05124 21.4453
      vertex 2.98919 -4.71022 21.1044
      vertex 3.55597 -4.29843 21.1044
    endloop
  endfacet
  facet normal 0.639754 -0.68126 0.35581
    outer loop
      vertex 4.33932 -4.07489 20.376
      vertex 3.70439 -4.47784 20.7461
      vertex 3.79439 -4.58662 20.376
    endloop
  endfacet
  facet normal 0.232419 -0.905192 0.355822
    outer loop
      vertex 1.79585 -5.52706 20.7461
      vertex 1.08897 -5.70856 20.7461
      vertex 1.83948 -5.66134 20.376
    endloop
  endfacet
  facet normal 0.246756 -0.961035 0.124596
    outer loop
      vertex 1.83948 -5.66134 20.376
      vertex 1.11542 -5.84725 20.376
      vertex 1.12429 -5.89372 20
    endloop
  endfacet
  facet normal 0.516875 0.0325139 0.855443
    outer loop
      vertex 4.81583 0.608379 21.7634
      vertex 4.37381 0 22.0536
      vertex 4.8541 0 21.7634
    endloop
  endfacet
  facet normal 0.618406 0.0389072 0.784895
    outer loop
      vertex 5.21638 0.658981 21.4453
      vertex 4.8541 0 21.7634
      vertex 5.25784 0 21.4453
    endloop
  endfacet
  facet normal 0.399045 -0.330121 0.855443
    outer loop
      vertex 3.53849 -2.57086 22.0536
      vertex 3.18837 -2.99408 22.0536
      vertex 3.92705 -2.85317 21.7634
    endloop
  endfacet
  facet normal 0.288856 -0.183313 0.939659
    outer loop
      vertex 3.35147 -1.84249 22.3115
      vertex 2.81729 -1.54882 22.533
      vertex 3.09412 -2.24801 22.3115
    endloop
  endfacet
  facet normal 0.5893 -0.191476 0.784897
    outer loop
      vertex 4.7016 -1.20717 21.7634
      vertex 4.51323 -1.78691 21.7634
      vertex 5.09266 -1.30757 21.4453
    endloop
  endfacet
  facet normal 0.385186 -0.181257 0.904863
    outer loop
      vertex 3.55597 -1.40791 22.3115
      vertex 3.35147 -1.84249 22.3115
      vertex 3.8328 -2.1071 22.0536
    endloop
  endfacet
  facet normal 0.404866 -0.13155 0.904864
    outer loop
      vertex 3.70439 -0.951125 22.3115
      vertex 3.55597 -1.40791 22.3115
      vertex 4.06667 -1.61011 22.0536
    endloop
  endfacet
  facet normal 0.309551 -0.145665 0.939659
    outer loop
      vertex 3.55597 -1.40791 22.3115
      vertex 2.98919 -1.18351 22.533
      vertex 3.35147 -1.84249 22.3115
    endloop
  endfacet
  facet normal 0.437276 -0.277503 0.855443
    outer loop
      vertex 3.8328 -2.1071 22.0536
      vertex 3.53849 -2.57086 22.0536
      vertex 3.92705 -2.85317 21.7634
    endloop
  endfacet
  facet normal 0.437276 -0.277502 0.855442
    outer loop
      vertex 4.25368 -2.33848 21.7634
      vertex 3.8328 -2.1071 22.0536
      vertex 3.92705 -2.85317 21.7634
    endloop
  endfacet
  facet normal 0.727466 -0.0457689 0.684616
    outer loop
      vertex 5.57866 0 21.1044
      vertex 5.21638 -0.658981 21.4453
      vertex 5.53467 -0.699191 21.1044
    endloop
  endfacet
  facet normal 0.727466 -0.0457687 0.684616
    outer loop
      vertex 5.25784 0 21.4453
      vertex 5.21638 -0.658981 21.4453
      vertex 5.57866 0 21.1044
    endloop
  endfacet
  facet normal 0.618412 0.0389012 0.78489
    outer loop
      vertex 5.21638 0.658981 21.4453
      vertex 4.81583 0.608379 21.7634
      vertex 4.8541 0 21.7634
    endloop
  endfacet
  facet normal 0.608649 0.116111 0.784898
    outer loop
      vertex 5.09266 1.30757 21.4453
      vertex 4.7016 1.20717 21.7634
      vertex 4.81583 0.608379 21.7634
    endloop
  endfacet
  facet normal 0.639754 -0.681256 0.355815
    outer loop
      vertex 4.2364 -3.97824 20.7461
      vertex 3.70439 -4.47784 20.7461
      vertex 4.33932 -4.07489 20.376
    endloop
  endfacet
  facet normal 0.404188 -0.735215 0.544143
    outer loop
      vertex 2.98919 -4.71022 21.1044
      vertex 2.47442 -5.2584 20.7461
      vertex 3.11396 -4.90681 20.7461
    endloop
  endfacet
  facet normal 0.974632 -0.185922 0.124606
    outer loop
      vertex 5.90575 -0.746069 20.376
      vertex 5.8115 -1.49214 20
      vertex 5.95269 -0.751999 20
    endloop
  endfacet
  facet normal 0.990249 -0.0622988 0.124606
    outer loop
      vertex 6 0 20
      vertex 5.90575 -0.746069 20.376
      vertex 5.95269 -0.751999 20
    endloop
  endfacet
  facet normal 0.824137 -0.157209 0.544135
    outer loop
      vertex 5.76567 -0.728374 20.7461
      vertex 5.53467 -0.699191 21.1044
      vertex 5.62892 -1.44526 20.7461
    endloop
  endfacet
  facet normal 0.824127 -0.157216 0.544148
    outer loop
      vertex 5.53467 -0.699191 21.1044
      vertex 5.40339 -1.38736 21.1044
      vertex 5.62892 -1.44526 20.7461
    endloop
  endfacet
  facet normal 0.589299 -0.191475 0.784897
    outer loop
      vertex 5.09266 -1.30757 21.4453
      vertex 4.51323 -1.78691 21.7634
      vertex 4.88862 -1.93554 21.4453
    endloop
  endfacet
  facet normal 0.560652 -0.263828 0.784898
    outer loop
      vertex 4.88862 -1.93554 21.4453
      vertex 4.51323 -1.78691 21.7634
      vertex 4.60748 -2.53298 21.4453
    endloop
  endfacet
  facet normal 0.224202 0.142279 0.964101
    outer loop
      vertex 2.60096 1.88971 22.533
      vertex 2.23868 1.23072 22.7145
      vertex 2.81729 1.54882 22.533
    endloop
  endfacet
  facet normal 0.240266 0.113059 0.964101
    outer loop
      vertex 2.81729 1.54882 22.533
      vertex 2.23868 1.23072 22.7145
      vertex 2.98919 1.18351 22.533
    endloop
  endfacet
  facet normal 0.234191 0.249393 0.939658
    outer loop
      vertex 2.78797 2.61808 22.3115
      vertex 2.04929 2.47717 22.533
      vertex 2.34361 2.20079 22.533
    endloop
  endfacet
  facet normal 0.181771 0.19357 0.964101
    outer loop
      vertex 2.04929 2.47717 22.533
      vertex 1.62841 1.96841 22.7145
      vertex 2.34361 2.20079 22.533
    endloop
  endfacet
  facet normal 0.17606 0.0828499 0.980887
    outer loop
      vertex 2.23868 1.23072 22.7145
      vertex 1.7239 0.68254 22.8532
      vertex 2.37528 0.940438 22.7145
    endloop
  endfacet
  facet normal 0.125331 0.0239082 0.991827
    outer loop
      vertex 1.79585 0.461096 22.8532
      vertex 1.11542 0.14091 22.9469
      vertex 1.83948 0.23238 22.8532
    endloop
  endfacet
  facet normal 0.114371 0.157421 0.980886
    outer loop
      vertex 1.36886 2.15698 22.7145
      vertex 0.993477 1.56547 22.8532
      vertex 1.62841 1.96841 22.7145
    endloop
  endfacet
  facet normal 0.149926 0.124029 0.980887
    outer loop
      vertex 1.86228 1.7488 22.7145
      vertex 1.5 1.08981 22.8532
      vertex 2.06678 1.5016 22.7145
    endloop
  endfacet
  facet normal 0.0486492 0.0402459 0.998005
    outer loop
      vertex 0.909568 0.660839 22.9469
      vertex 0.274633 0.257898 22.9941
      vertex 0.304791 0.221443 22.9941
    endloop
  endfacet
  facet normal 0.0850749 0.331363 0.93966
    outer loop
      vertex 0.716647 3.7568 22.3115
      vertex 0.602423 3.15801 22.533
      vertex 0.993477 3.05761 22.533
    endloop
  endfacet
  facet normal -0.0469726 0.118631 0.991827
    outer loop
      vertex -0.572948 1.76336 22.8532
      vertex -0.789437 1.67764 22.8532
      vertex -0.478698 1.01729 22.9469
    endloop
  endfacet
  facet normal -0.0159951 -0.126584 0.991827
    outer loop
      vertex -0.21067 -1.10437 22.9469
      vertex -0.347424 -1.82126 22.8532
      vertex -0.0705938 -1.12207 22.9469
    endloop
  endfacet
  facet normal 0.164812 0.299796 0.939659
    outer loop
      vertex 2.04929 3.22917 22.3115
      vertex 1.36886 2.90898 22.533
      vertex 1.72266 2.71448 22.533
    endloop
  endfacet
  facet normal 0.0977497 0.246893 0.9641
    outer loop
      vertex 1.36886 2.90898 22.533
      vertex 0.789437 2.42964 22.7145
      vertex 1.08773 2.31154 22.7145
    endloop
  endfacet
  facet normal 0.250225 0.344401 0.904862
    outer loop
      vertex 2.78797 3.37008 22.0536
      vertex 2.34361 3.69293 22.0536
      vertex 2.43786 2.94686 22.3115
    endloop
  endfacet
  facet normal 0.25022 0.344401 0.904863
    outer loop
      vertex 2.34361 3.69293 22.0536
      vertex 2.04929 3.22917 22.3115
      vertex 2.43786 2.94686 22.3115
    endloop
  endfacet
  facet normal 0.125942 0.318085 0.93966
    outer loop
      vertex 1.62841 3.46055 22.3115
      vertex 1.18185 3.63736 22.3115
      vertex 1.36886 2.90898 22.533
    endloop
  endfacet
  facet normal 0.164813 0.299794 0.93966
    outer loop
      vertex 1.62841 3.46055 22.3115
      vertex 1.36886 2.90898 22.533
      vertex 2.04929 3.22917 22.3115
    endloop
  endfacet
  facet normal 0.071629 0.180918 0.980886
    outer loop
      vertex 0.789437 2.42964 22.7145
      vertex 0.572948 1.76336 22.8532
      vertex 1.08773 2.31154 22.7145
    endloop
  endfacet
  facet normal 0.127923 0.232695 0.9641
    outer loop
      vertex 1.36886 2.90898 22.533
      vertex 1.08773 2.31154 22.7145
      vertex 1.72266 2.71448 22.533
    endloop
  endfacet
  facet normal 0.418167 -0.079772 0.90486
    outer loop
      vertex 3.79439 -0.479342 22.3115
      vertex 3.70439 -0.951125 22.3115
      vertex 4.33932 -0.548183 22.0536
    endloop
  endfacet
  facet normal 0.424868 -0.0267314 0.904861
    outer loop
      vertex 4.37381 0 22.0536
      vertex 3.79439 -0.479342 22.3115
      vertex 4.33932 -0.548183 22.0536
    endloop
  endfacet
  facet normal -0.708382 -0.449562 0.544141
    outer loop
      vertex -4.88862 -2.68754 21.1044
      vertex -5.09266 -2.79971 20.7461
      vertex -4.7016 -3.41591 20.7461
    endloop
  endfacet
  facet normal -0.789063 -0.500764 0.355831
    outer loop
      vertex -4.7016 -3.41591 20.7461
      vertex -5.09266 -2.79971 20.7461
      vertex -4.81583 -3.4989 20.376
    endloop
  endfacet
  facet normal -0.639754 -0.681256 0.355815
    outer loop
      vertex -4.2364 -3.97824 20.7461
      vertex -4.33932 -4.07489 20.376
      vertex -3.70439 -4.47784 20.7461
    endloop
  endfacet
  facet normal -0.720082 -0.595716 0.355814
    outer loop
      vertex -4.2364 -3.97824 20.7461
      vertex -4.81583 -3.4989 20.376
      vertex -4.33932 -4.07489 20.376
    endloop
  endfacet
  facet normal -0.990249 0.062303 0.124598
    outer loop
      vertex -5.90575 0.746069 20.376
      vertex -6 0 20
      vertex -5.95269 0 20.376
    endloop
  endfacet
  facet normal -0.93271 0.0586828 0.355821
    outer loop
      vertex -5.90575 0.746069 20.376
      vertex -5.95269 0 20.376
      vertex -5.8115 0 20.7461
    endloop
  endfacet
  facet normal -0.759159 0.357219 0.544125
    outer loop
      vertex -5.09266 2.79971 20.7461
      vertex -5.40339 2.13935 20.7461
      vertex -5.18691 2.05364 21.1044
    endloop
  endfacet
  facet normal -0.845619 0.397903 0.35581
    outer loop
      vertex -5.21638 2.86773 20.376
      vertex -5.40339 2.13935 20.7461
      vertex -5.09266 2.79971 20.7461
    endloop
  endfacet
  facet normal -0.764509 0.632458 0.124592
    outer loop
      vertex -4.37381 4.10728 20
      vertex -4.8541 3.52671 20
      vertex -4.81583 3.4989 20.376
    endloop
  endfacet
  facet normal -0.897775 -0.422461 0.124607
    outer loop
      vertex -5.53467 -2.19133 20.376
      vertex -5.57866 -2.20875 20
      vertex -5.21638 -2.86773 20.376
    endloop
  endfacet
  facet normal -0.845605 -0.397912 0.355835
    outer loop
      vertex -5.40339 -2.13935 20.7461
      vertex -5.53467 -2.19133 20.376
      vertex -5.21638 -2.86773 20.376
    endloop
  endfacet
  facet normal -0.679213 0.723287 0.124599
    outer loop
      vertex -3.82454 4.62308 20
      vertex -4.37381 4.10728 20
      vertex -3.79439 4.58662 20.376
    endloop
  endfacet
  facet normal 0.246747 0.961035 0.124612
    outer loop
      vertex 1.8541 5.70634 20
      vertex 1.12429 5.89372 20
      vertex 1.83948 5.66134 20.376
    endloop
  endfacet
  facet normal 0.246756 0.961035 0.124596
    outer loop
      vertex 1.12429 5.89372 20
      vertex 1.11542 5.84725 20.376
      vertex 1.83948 5.66134 20.376
    endloop
  endfacet
  facet normal -0.359433 -0.228102 0.904863
    outer loop
      vertex -3.35147 -1.84249 22.3115
      vertex -3.8328 -2.1071 22.0536
      vertex -3.09412 -2.24801 22.3115
    endloop
  endfacet
  facet normal -0.325367 -0.105719 0.93966
    outer loop
      vertex -2.98919 -1.18351 22.533
      vertex -3.70439 -0.951125 22.3115
      vertex -3.55597 -1.40791 22.3115
    endloop
  endfacet
  facet normal 0.336054 0.0641032 0.939659
    outer loop
      vertex 3.70439 0.951125 22.3115
      vertex 3.11396 0.799528 22.533
      vertex 3.18961 0.402941 22.533
    endloop
  endfacet
  facet normal 0.325368 0.105724 0.939659
    outer loop
      vertex 3.70439 0.951125 22.3115
      vertex 2.98919 1.18351 22.533
      vertex 3.11396 0.799528 22.533
    endloop
  endfacet
  facet normal 0.404871 0.131547 0.904862
    outer loop
      vertex 4.06667 1.61011 22.0536
      vertex 3.70439 0.951125 22.3115
      vertex 4.2364 1.08772 22.0536
    endloop
  endfacet
  facet normal 0.492549 0.160034 0.855444
    outer loop
      vertex 4.7016 1.20717 21.7634
      vertex 4.06667 1.61011 22.0536
      vertex 4.2364 1.08772 22.0536
    endloop
  endfacet
  facet normal 0.918003 0.175124 0.355811
    outer loop
      vertex 5.76567 1.48037 20.376
      vertex 5.62892 1.44526 20.7461
      vertex 5.90575 0.746069 20.376
    endloop
  endfacet
  facet normal 0.974629 0.185927 0.124616
    outer loop
      vertex 5.8115 1.49214 20
      vertex 5.76567 1.48037 20.376
      vertex 5.90575 0.746069 20.376
    endloop
  endfacet
  facet normal 0.424166 0.451692 0.784894
    outer loop
      vertex 3.8328 3.59924 21.4453
      vertex 3.09412 3.74015 21.7634
      vertex 3.53849 3.32286 21.7634
    endloop
  endfacet
  facet normal 0.477434 0.394967 0.784893
    outer loop
      vertex 3.8328 3.59924 21.4453
      vertex 3.53849 3.32286 21.7634
      vertex 3.92705 2.85317 21.7634
    endloop
  endfacet
  facet normal 0.228094 0.576119 0.784895
    outer loop
      vertex 1.62476 5.0005 21.4453
      vertex 1.5 4.61652 21.7634
      vertex 2.23868 4.75744 21.4453
    endloop
  endfacet
  facet normal 0.268319 0.677718 0.684619
    outer loop
      vertex 1.7239 5.30562 21.1044
      vertex 1.62476 5.0005 21.4453
      vertex 2.23868 4.75744 21.4453
    endloop
  endfacet
  facet normal -0.0913493 0.723154 0.684619
    outer loop
      vertex -0.350286 5.56765 21.1044
      vertex -0.985221 5.16471 21.4453
      vertex -0.330142 5.24746 21.4453
    endloop
  endfacet
  facet normal -0.154099 0.600161 0.784895
    outer loop
      vertex -0.985221 5.16471 21.4453
      vertex -1.62476 5.0005 21.4453
      vertex -1.5 4.61652 21.7634
    endloop
  endfacet
  facet normal -0.309554 0.145663 0.939659
    outer loop
      vertex -2.81729 1.54882 22.533
      vertex -3.35147 1.84249 22.3115
      vertex -2.98919 1.18351 22.533
    endloop
  endfacet
  facet normal -0.359433 0.228102 0.904863
    outer loop
      vertex -3.09412 2.24801 22.3115
      vertex -3.8328 2.1071 22.0536
      vertex -3.35147 1.84249 22.3115
    endloop
  endfacet
  facet normal -0.133197 0.141846 0.980886
    outer loop
      vertex -1.62841 1.96841 22.7145
      vertex -1.86228 1.7488 22.7145
      vertex -1.18185 1.42861 22.8532
    endloop
  endfacet
  facet normal -0.291414 0.310325 0.904863
    outer loop
      vertex -2.78797 3.37008 22.0536
      vertex -3.18837 2.99408 22.0536
      vertex -2.78797 2.61808 22.3115
    endloop
  endfacet
  facet normal -0.399045 0.330121 0.855443
    outer loop
      vertex -3.18837 2.99408 22.0536
      vertex -3.92705 2.85317 21.7634
      vertex -3.53849 2.57086 22.0536
    endloop
  endfacet
  facet normal -0.424166 0.451689 0.784895
    outer loop
      vertex -3.35147 4.05124 21.4453
      vertex -3.8328 3.59924 21.4453
      vertex -3.09412 3.74015 21.7634
    endloop
  endfacet
  facet normal -0.232419 0.905192 0.355822
    outer loop
      vertex -1.08897 5.70856 20.7461
      vertex -1.83948 5.66134 20.376
      vertex -1.79585 5.52706 20.7461
    endloop
  endfacet
  facet normal -0.450223 0.818959 0.355816
    outer loop
      vertex -2.53453 5.38615 20.376
      vertex -3.18961 5.02602 20.376
      vertex -3.11396 4.90681 20.7461
    endloop
  endfacet
  facet normal -0.0533535 0.422346 0.904863
    outer loop
      vertex -0.274633 4.36518 22.0536
      vertex -0.819571 4.29634 22.0536
      vertex -0.716647 3.7568 22.3115
    endloop
  endfacet
  facet normal -0.574333 0.611601 0.544138
    outer loop
      vertex -3.55597 4.29843 21.1044
      vertex -4.2364 3.97824 20.7461
      vertex -4.06667 3.81885 21.1044
    endloop
  endfacet
  facet normal -0.304412 0.41899 0.855442
    outer loop
      vertex -2.60096 4.09845 21.7634
      vertex -3.09412 3.74015 21.7634
      vertex -2.34361 3.69293 22.0536
    endloop
  endfacet
  facet normal -0.0483932 0.188465 0.980887
    outer loop
      vertex -0.478698 2.50943 22.7145
      vertex -0.789437 2.42964 22.7145
      vertex -0.347424 1.82126 22.8532
    endloop
  endfacet
  facet normal -0.0660407 0.257193 0.964101
    outer loop
      vertex -0.478698 2.50943 22.7145
      vertex -0.993477 3.05761 22.533
      vertex -0.789437 2.42964 22.7145
    endloop
  endfacet
  facet normal -0.0660338 0.257199 0.9641
    outer loop
      vertex -0.602423 3.15801 22.533
      vertex -0.993477 3.05761 22.533
      vertex -0.478698 2.50943 22.7145
    endloop
  endfacet
  facet normal -0.246756 0.961035 0.124596
    outer loop
      vertex -1.12429 5.89372 20
      vertex -1.83948 5.66134 20.376
      vertex -1.11542 5.84725 20.376
    endloop
  endfacet
  facet normal 0.208655 0.81264 0.544132
    outer loop
      vertex 1.08897 5.70856 20.7461
      vertex 1.04534 5.47985 21.1044
      vertex 1.79585 5.52706 20.7461
    endloop
  endfacet
  facet normal 0.105147 0.832379 0.54414
    outer loop
      vertex 0.364906 5.80003 20.7461
      vertex 0.350286 5.56765 21.1044
      vertex 1.04534 5.47985 21.1044
    endloop
  endfacet
  facet normal 0.105866 0.412334 0.904861
    outer loop
      vertex 1.35158 4.15974 22.0536
      vertex 0.716647 3.7568 22.3115
      vertex 1.18185 3.63736 22.3115
    endloop
  endfacet
  facet normal 0.156712 0.39581 0.904862
    outer loop
      vertex 1.86228 3.95754 22.0536
      vertex 1.35158 4.15974 22.0536
      vertex 1.62841 3.46055 22.3115
    endloop
  endfacet
  facet normal -0.0533585 0.422349 0.904861
    outer loop
      vertex -0.274633 4.36518 22.0536
      vertex -0.716647 3.7568 22.3115
      vertex -0.240145 3.817 22.3115
    endloop
  endfacet
  facet normal 0.0533095 0.0338316 0.998005
    outer loop
      vertex 0.909568 0.660839 22.9469
      vertex 0.304791 0.221443 22.9941
      vertex 0.985221 0.54163 22.9469
    endloop
  endfacet
  facet normal -0.0716337 0.180914 0.980887
    outer loop
      vertex -0.572948 1.76336 22.8532
      vertex -1.08773 2.31154 22.7145
      vertex -0.789437 1.67764 22.8532
    endloop
  endfacet
  facet normal -0.205083 0.373046 0.904863
    outer loop
      vertex -1.62841 3.46055 22.3115
      vertex -2.34361 3.69293 22.0536
      vertex -2.04929 3.22917 22.3115
    endloop
  endfacet
  facet normal -0.125944 0.318086 0.939659
    outer loop
      vertex -1.18185 3.63736 22.3115
      vertex -1.36886 2.90898 22.533
      vertex -0.993477 3.05761 22.533
    endloop
  endfacet
  facet normal -0.0749959 0.103224 0.991827
    outer loop
      vertex -0.993477 1.56547 22.8532
      vertex -1.18185 1.42861 22.8532
      vertex -0.716647 0.866279 22.9469
    endloop
  endfacet
  facet normal 0.0600481 -0.0195106 0.998005
    outer loop
      vertex 0.364906 -0.0936918 22.9941
      vertex 0.350286 -0.138688 22.9941
      vertex 1.08897 -0.279598 22.9469
    endloop
  endfacet
  facet normal 0.0483932 -0.188465 0.980887
    outer loop
      vertex 0.789437 -2.42964 22.7145
      vertex 0.347424 -1.82126 22.8532
      vertex 0.478698 -2.50943 22.7145
    endloop
  endfacet
  facet normal 0.0371118 -0.0510803 0.998005
    outer loop
      vertex 0.240145 -0.290285 22.9941
      vertex 0.201869 -0.318094 22.9941
      vertex 0.716647 -0.866279 22.9469
    endloop
  endfacet
  facet normal 0.0432218 -0.0460257 0.998005
    outer loop
      vertex 0.274633 -0.257898 22.9941
      vertex 0.240145 -0.290285 22.9941
      vertex 0.716647 -0.866279 22.9469
    endloop
  endfacet
  facet normal 0.0304175 0.0553287 0.998005
    outer loop
      vertex 0.602423 0.949267 22.9469
      vertex 0.160409 0.340887 22.9941
      vertex 0.201869 0.318094 22.9941
    endloop
  endfacet
  facet normal -0.125334 -0.0239031 0.991827
    outer loop
      vertex -1.11542 -0.14091 22.9469
      vertex -1.79585 -0.461096 22.8532
      vertex -1.08897 -0.279598 22.9469
    endloop
  endfacet
  facet normal -0.185056 -0.060127 0.980887
    outer loop
      vertex -1.79585 -0.461096 22.8532
      vertex -2.47442 -0.635322 22.7145
      vertex -1.7239 -0.68254 22.8532
    endloop
  endfacet
  facet normal -0.240266 -0.113064 0.9641
    outer loop
      vertex -2.37528 -0.940438 22.7145
      vertex -2.98919 -1.18351 22.533
      vertex -2.23868 -1.23072 22.7145
    endloop
  endfacet
  facet normal -0.240266 -0.113059 0.964101
    outer loop
      vertex -2.23868 -1.23072 22.7145
      vertex -2.98919 -1.18351 22.533
      vertex -2.81729 -1.54882 22.533
    endloop
  endfacet
  facet normal -0.0600481 0.0195106 0.998005
    outer loop
      vertex -0.350286 0.138688 22.9941
      vertex -1.08897 0.279598 22.9469
      vertex -0.364906 0.0936918 22.9941
    endloop
  endfacet
  facet normal -0.0600481 -0.0195106 0.998005
    outer loop
      vertex -0.364906 -0.0936918 22.9941
      vertex -1.08897 -0.279598 22.9469
      vertex -0.350286 -0.138688 22.9941
    endloop
  endfacet
  facet normal -0.0317284 0.123583 0.991827
    outer loop
      vertex -0.21067 1.10437 22.9469
      vertex -0.572948 1.76336 22.8532
      vertex -0.347424 1.06926 22.9469
    endloop
  endfacet
  facet normal -0.0432218 -0.0460257 0.998005
    outer loop
      vertex -0.274633 -0.257898 22.9941
      vertex -0.716647 -0.866279 22.9469
      vertex -0.240145 -0.290285 22.9941
    endloop
  endfacet
  facet normal 0.0600481 0.0195109 0.998005
    outer loop
      vertex 1.04534 0.413877 22.9469
      vertex 0.350286 0.138688 22.9941
      vertex 1.08897 0.279598 22.9469
    endloop
  endfacet
  facet normal -0.125944 -0.318086 0.939659
    outer loop
      vertex -0.993477 -3.05761 22.533
      vertex -1.36886 -2.90898 22.533
      vertex -1.18185 -3.63736 22.3115
    endloop
  endfacet
  facet normal 0.288859 -0.183311 0.939658
    outer loop
      vertex 2.81729 -1.54882 22.533
      vertex 2.60096 -1.88971 22.533
      vertex 3.09412 -2.24801 22.3115
    endloop
  endfacet
  facet normal 0.234191 -0.249393 0.939658
    outer loop
      vertex 2.34361 -2.20079 22.533
      vertex 2.04929 -2.47717 22.533
      vertex 2.78797 -2.61808 22.3115
    endloop
  endfacet
  facet normal 0.265012 -0.0166778 0.964101
    outer loop
      vertex 2.55468 0 22.7145
      vertex 2.53453 -0.320186 22.7145
      vertex 3.18961 -0.402941 22.533
    endloop
  endfacet
  facet normal 0.191134 -0.0364575 0.980887
    outer loop
      vertex 2.53453 -0.320186 22.7145
      vertex 1.83948 -0.23238 22.8532
      vertex 2.47442 -0.635322 22.7145
    endloop
  endfacet
  facet normal 0.309554 -0.145663 0.939659
    outer loop
      vertex 2.98919 -1.18351 22.533
      vertex 2.81729 -1.54882 22.533
      vertex 3.35147 -1.84249 22.3115
    endloop
  endfacet
  facet normal 0.176061 -0.0828493 0.980887
    outer loop
      vertex 1.7239 -0.68254 22.8532
      vertex 1.62476 -0.89322 22.8532
      vertex 2.23868 -1.23072 22.7145
    endloop
  endfacet
  facet normal 0.190647 -0.481528 0.855444
    outer loop
      vertex 1.86228 -3.95754 22.0536
      vertex 1.5 -4.61652 21.7634
      vertex 2.06678 -4.39212 21.7634
    endloop
  endfacet
  facet normal 0.249495 -0.453836 0.855444
    outer loop
      vertex 2.34361 -3.69293 22.0536
      vertex 1.86228 -3.95754 22.0536
      vertex 2.06678 -4.39212 21.7634
    endloop
  endfacet
  facet normal 0.133197 -0.141846 0.980886
    outer loop
      vertex 1.86228 -1.7488 22.7145
      vertex 1.18185 -1.42861 22.8532
      vertex 1.62841 -1.96841 22.7145
    endloop
  endfacet
  facet normal 0.127928 -0.232688 0.964101
    outer loop
      vertex 1.36886 -2.15698 22.7145
      vertex 1.08773 -2.31154 22.7145
      vertex 1.72266 -2.71448 22.533
    endloop
  endfacet
  facet normal 0.164289 -0.104261 0.980887
    outer loop
      vertex 1.62476 -0.89322 22.8532
      vertex 1.5 -1.08981 22.8532
      vertex 2.06678 -1.5016 22.7145
    endloop
  endfacet
  facet normal 0 -0.265534 0.964101
    outer loop
      vertex -0.160409 -2.54963 22.7145
      vertex 0.201869 -3.20862 22.533
      vertex 0.160409 -2.54963 22.7145
    endloop
  endfacet
  facet normal 0 -0.265534 0.964101
    outer loop
      vertex 0.201869 -3.20862 22.533
      vertex -0.160409 -2.54963 22.7145
      vertex -0.201869 -3.20862 22.533
    endloop
  endfacet
  facet normal 0.205083 -0.373048 0.904862
    outer loop
      vertex 2.34361 -3.69293 22.0536
      vertex 1.62841 -3.46055 22.3115
      vertex 1.86228 -3.95754 22.0536
    endloop
  endfacet
  facet normal 0.164813 -0.299794 0.93966
    outer loop
      vertex 2.04929 -3.22917 22.3115
      vertex 1.36886 -2.90898 22.533
      vertex 1.62841 -3.46055 22.3115
    endloop
  endfacet
  facet normal 0.0660338 -0.257199 0.9641
    outer loop
      vertex 0.993477 -3.05761 22.533
      vertex 0.478698 -2.50943 22.7145
      vertex 0.602423 -3.15801 22.533
    endloop
  endfacet
  facet normal 0 -0.342113 0.939659
    outer loop
      vertex -0.201869 -3.20862 22.533
      vertex 0.240145 -3.817 22.3115
      vertex 0.201869 -3.20862 22.533
    endloop
  endfacet
  facet normal 0 -0.342113 0.939659
    outer loop
      vertex 0.240145 -3.817 22.3115
      vertex -0.201869 -3.20862 22.533
      vertex -0.240145 -3.817 22.3115
    endloop
  endfacet
  facet normal -0.727466 0.0457689 0.684616
    outer loop
      vertex -5.53467 0.699191 21.1044
      vertex -5.57866 0 21.1044
      vertex -5.21638 0.658981 21.4453
    endloop
  endfacet
  facet normal -0.618406 0.0389072 0.784895
    outer loop
      vertex -5.21638 0.658981 21.4453
      vertex -5.25784 0 21.4453
      vertex -4.8541 0 21.7634
    endloop
  endfacet
  facet normal -0.508717 -0.0970468 0.855447
    outer loop
      vertex -4.33932 -0.548183 22.0536
      vertex -4.81583 -0.608379 21.7634
      vertex -4.7016 -1.20717 21.7634
    endloop
  endfacet
  facet normal -0.60866 -0.116103 0.784891
    outer loop
      vertex -4.81583 -0.608379 21.7634
      vertex -5.21638 -0.658981 21.4453
      vertex -5.09266 -1.30757 21.4453
    endloop
  endfacet
  facet normal -0.424166 0.451692 0.784894
    outer loop
      vertex -3.09412 3.74015 21.7634
      vertex -3.8328 3.59924 21.4453
      vertex -3.53849 3.32286 21.7634
    endloop
  endfacet
  facet normal -0.364207 0.501291 0.784895
    outer loop
      vertex -2.60096 4.09845 21.7634
      vertex -3.35147 4.05124 21.4453
      vertex -3.09412 3.74015 21.7634
    endloop
  endfacet
  facet normal 0.26833 -0.677723 0.68461
    outer loop
      vertex 2.23868 -4.75744 21.4453
      vertex 1.7239 -5.30562 21.1044
      vertex 2.37528 -5.04772 21.1044
    endloop
  endfacet
  facet normal 0.268319 -0.677718 0.684619
    outer loop
      vertex 2.23868 -4.75744 21.4453
      vertex 1.62476 -5.0005 21.4453
      vertex 1.7239 -5.30562 21.1044
    endloop
  endfacet
  facet normal 0.208655 -0.81264 0.544132
    outer loop
      vertex 1.79585 -5.52706 20.7461
      vertex 1.04534 -5.47985 21.1044
      vertex 1.08897 -5.70856 20.7461
    endloop
  endfacet
  facet normal 0.105154 -0.832384 0.544132
    outer loop
      vertex 1.04534 -5.47985 21.1044
      vertex 0.364906 -5.80003 20.7461
      vertex 1.08897 -5.70856 20.7461
    endloop
  endfacet
  facet normal -0.12436 -0.984382 0.124606
    outer loop
      vertex -0.373772 -5.94094 20.376
      vertex -1.12429 -5.89372 20
      vertex -0.376742 -5.98816 20
    endloop
  endfacet
  facet normal 0 -0.992206 0.124606
    outer loop
      vertex -0.376742 -5.98816 20
      vertex 0.373772 -5.94094 20.376
      vertex -0.373772 -5.94094 20.376
    endloop
  endfacet
  facet normal 0 -0.992206 0.124606
    outer loop
      vertex 0.373772 -5.94094 20.376
      vertex -0.376742 -5.98816 20
      vertex 0.376742 -5.98816 20
    endloop
  endfacet
  facet normal -0.064909 -0.513815 0.855442
    outer loop
      vertex -0.819571 -4.29634 22.0536
      vertex -0.909568 -4.76812 21.7634
      vertex -0.304791 -4.84452 21.7634
    endloop
  endfacet
  facet normal -0.0649083 -0.513815 0.855442
    outer loop
      vertex -0.274633 -4.36518 22.0536
      vertex -0.819571 -4.29634 22.0536
      vertex -0.304791 -4.84452 21.7634
    endloop
  endfacet
  facet normal 0 -0.619632 0.784893
    outer loop
      vertex -0.304791 -4.84452 21.7634
      vertex 0.330142 -5.24746 21.4453
      vertex 0.304791 -4.84452 21.7634
    endloop
  endfacet
  facet normal 0 -0.619632 0.784893
    outer loop
      vertex 0.330142 -5.24746 21.4453
      vertex -0.304791 -4.84452 21.7634
      vertex -0.330142 -5.24746 21.4453
    endloop
  endfacet
  facet normal -0.128799 -0.501627 0.855442
    outer loop
      vertex -1.35158 -4.15974 22.0536
      vertex -1.5 -4.61652 21.7634
      vertex -0.819571 -4.29634 22.0536
    endloop
  endfacet
  facet normal -0.0533535 -0.422346 0.904863
    outer loop
      vertex -0.716647 -3.7568 22.3115
      vertex -0.819571 -4.29634 22.0536
      vertex -0.274633 -4.36518 22.0536
    endloop
  endfacet
  facet normal -0.328009 -0.271354 0.904863
    outer loop
      vertex -3.09412 -2.24801 22.3115
      vertex -3.53849 -2.57086 22.0536
      vertex -2.78797 -2.61808 22.3115
    endloop
  endfacet
  facet normal -0.263604 -0.218073 0.939658
    outer loop
      vertex -2.60096 -1.88971 22.533
      vertex -3.09412 -2.24801 22.3115
      vertex -2.78797 -2.61808 22.3115
    endloop
  endfacet
  facet normal -0.164291 -0.104259 0.980887
    outer loop
      vertex -1.62476 -0.89322 22.8532
      vertex -2.23868 -1.23072 22.7145
      vertex -2.06678 -1.5016 22.7145
    endloop
  endfacet
  facet normal -0.224202 -0.142279 0.964101
    outer loop
      vertex -2.23868 -1.23072 22.7145
      vertex -2.81729 -1.54882 22.533
      vertex -2.60096 -1.88971 22.533
    endloop
  endfacet
  facet normal 0.125944 -0.318086 0.939659
    outer loop
      vertex 1.36886 -2.90898 22.533
      vertex 0.993477 -3.05761 22.533
      vertex 1.18185 -3.63736 22.3115
    endloop
  endfacet
  facet normal 0.0428808 -0.339415 0.939659
    outer loop
      vertex 0.716647 -3.7568 22.3115
      vertex 0.201869 -3.20862 22.533
      vertex 0.240145 -3.817 22.3115
    endloop
  endfacet
  facet normal -0.205083 -0.373046 0.904863
    outer loop
      vertex -2.04929 -3.22917 22.3115
      vertex -2.34361 -3.69293 22.0536
      vertex -1.62841 -3.46055 22.3115
    endloop
  endfacet
  facet normal -0.127928 -0.232688 0.964101
    outer loop
      vertex -1.36886 -2.15698 22.7145
      vertex -1.72266 -2.71448 22.533
      vertex -1.08773 -2.31154 22.7145
    endloop
  endfacet
  facet normal -0.205083 -0.373048 0.904862
    outer loop
      vertex -1.62841 -3.46055 22.3115
      vertex -2.34361 -3.69293 22.0536
      vertex -1.86228 -3.95754 22.0536
    endloop
  endfacet
  facet normal -0.156717 -0.395812 0.904861
    outer loop
      vertex -1.18185 -3.63736 22.3115
      vertex -1.62841 -3.46055 22.3115
      vertex -1.35158 -4.15974 22.0536
    endloop
  endfacet
  facet normal -0.234193 -0.249386 0.93966
    outer loop
      vertex -2.04929 -2.47717 22.533
      vertex -2.78797 -2.61808 22.3115
      vertex -2.43786 -2.94686 22.3115
    endloop
  endfacet
  facet normal -0.291418 -0.310324 0.904862
    outer loop
      vertex -2.78797 -2.61808 22.3115
      vertex -2.78797 -3.37008 22.0536
      vertex -2.43786 -2.94686 22.3115
    endloop
  endfacet
  facet normal -0.399045 -0.330121 0.855443
    outer loop
      vertex -3.53849 -2.57086 22.0536
      vertex -3.92705 -2.85317 21.7634
      vertex -3.18837 -2.99408 22.0536
    endloop
  endfacet
  facet normal -0.385185 -0.181258 0.904864
    outer loop
      vertex -3.55597 -1.40791 22.3115
      vertex -4.06667 -1.61011 22.0536
      vertex -3.8328 -2.1071 22.0536
    endloop
  endfacet
  facet normal -0.354523 -0.37753 0.855444
    outer loop
      vertex -3.18837 -2.99408 22.0536
      vertex -3.53849 -3.32286 21.7634
      vertex -3.09412 -3.74015 21.7634
    endloop
  endfacet
  facet normal -0.354524 -0.37753 0.855444
    outer loop
      vertex -2.78797 -3.37008 22.0536
      vertex -3.18837 -2.99408 22.0536
      vertex -3.09412 -3.74015 21.7634
    endloop
  endfacet
  facet normal -0.493146 -0.678756 0.544148
    outer loop
      vertex -3.55597 -4.29843 21.1044
      vertex -3.70439 -4.47784 20.7461
      vertex -2.98919 -4.71022 21.1044
    endloop
  endfacet
  facet normal -0.493145 -0.67876 0.544145
    outer loop
      vertex -2.98919 -4.71022 21.1044
      vertex -3.70439 -4.47784 20.7461
      vertex -3.11396 -4.90681 20.7461
    endloop
  endfacet
  facet normal 0.708383 -0.449561 0.544139
    outer loop
      vertex 4.88862 -2.68754 21.1044
      vertex 4.51323 -3.27905 21.1044
      vertex 4.7016 -3.41591 20.7461
    endloop
  endfacet
  facet normal 0.708382 -0.449562 0.544141
    outer loop
      vertex 4.88862 -2.68754 21.1044
      vertex 4.7016 -3.41591 20.7461
      vertex 5.09266 -2.79971 20.7461
    endloop
  endfacet
  facet normal 0.574333 -0.611592 0.544148
    outer loop
      vertex 4.2364 -3.97824 20.7461
      vertex 3.55597 -4.29843 21.1044
      vertex 3.70439 -4.47784 20.7461
    endloop
  endfacet
  facet normal 0.574333 -0.611601 0.544138
    outer loop
      vertex 4.06667 -3.81885 21.1044
      vertex 3.55597 -4.29843 21.1044
      vertex 4.2364 -3.97824 20.7461
    endloop
  endfacet
  facet normal 0.291414 -0.310325 0.904863
    outer loop
      vertex 2.78797 -2.61808 22.3115
      vertex 2.78797 -3.37008 22.0536
      vertex 3.18837 -2.99408 22.0536
    endloop
  endfacet
  facet normal 0.291418 -0.310324 0.904862
    outer loop
      vertex 2.78797 -2.61808 22.3115
      vertex 2.43786 -2.94686 22.3115
      vertex 2.78797 -3.37008 22.0536
    endloop
  endfacet
  facet normal 0.508717 -0.0970468 0.855447
    outer loop
      vertex 4.81583 -0.608379 21.7634
      vertex 4.33932 -0.548183 22.0536
      vertex 4.7016 -1.20717 21.7634
    endloop
  endfacet
  facet normal 0.508723 -0.0970421 0.855443
    outer loop
      vertex 4.33932 -0.548183 22.0536
      vertex 4.2364 -1.08772 22.0536
      vertex 4.7016 -1.20717 21.7634
    endloop
  endfacet
  facet normal 0.508717 0.0970468 0.855447
    outer loop
      vertex 4.7016 1.20717 21.7634
      vertex 4.33932 0.548183 22.0536
      vertex 4.81583 0.608379 21.7634
    endloop
  endfacet
  facet normal 0.516869 0.0325198 0.855447
    outer loop
      vertex 4.81583 0.608379 21.7634
      vertex 4.33932 0.548183 22.0536
      vertex 4.37381 0 22.0536
    endloop
  endfacet
  facet normal 0.549316 -0.756073 0.355815
    outer loop
      vertex 3.70439 -4.47784 20.7461
      vertex 3.11396 -4.90681 20.7461
      vertex 3.18961 -5.02602 20.376
    endloop
  endfacet
  facet normal 0.450223 -0.818959 0.355816
    outer loop
      vertex 3.11396 -4.90681 20.7461
      vertex 2.53453 -5.38615 20.376
      vertex 3.18961 -5.02602 20.376
    endloop
  endfacet
  facet normal 0.918003 -0.175124 0.355811
    outer loop
      vertex 5.90575 -0.746069 20.376
      vertex 5.62892 -1.44526 20.7461
      vertex 5.76567 -1.48037 20.376
    endloop
  endfacet
  facet normal 0.888819 -0.288789 0.35581
    outer loop
      vertex 5.62892 -1.44526 20.7461
      vertex 5.53467 -2.19133 20.376
      vertex 5.76567 -1.48037 20.376
    endloop
  endfacet
  facet normal 0.2046 0.169261 0.9641
    outer loop
      vertex 2.34361 2.20079 22.533
      vertex 1.86228 1.7488 22.7145
      vertex 2.60096 1.88971 22.533
    endloop
  endfacet
  facet normal 0.263603 0.218073 0.939658
    outer loop
      vertex 2.78797 2.61808 22.3115
      vertex 2.34361 2.20079 22.533
      vertex 2.60096 1.88971 22.533
    endloop
  endfacet
  facet normal 0.260835 0.0497549 0.9641
    outer loop
      vertex 3.11396 0.799528 22.533
      vertex 2.47442 0.635322 22.7145
      vertex 3.18961 0.402941 22.533
    endloop
  endfacet
  facet normal 0.25254 0.0820597 0.9641
    outer loop
      vertex 2.98919 1.18351 22.533
      vertex 2.47442 0.635322 22.7145
      vertex 3.11396 0.799528 22.533
    endloop
  endfacet
  facet normal 0.0937439 0.170511 0.980886
    outer loop
      vertex 1.08773 2.31154 22.7145
      vertex 0.993477 1.56547 22.8532
      vertex 1.36886 2.15698 22.7145
    endloop
  endfacet
  facet normal 0.0486493 0.0402457 0.998005
    outer loop
      vertex 0.819571 0.769628 22.9469
      vertex 0.274633 0.257898 22.9941
      vertex 0.909568 0.660839 22.9469
    endloop
  endfacet
  facet normal -0.015703 -0.0611547 0.998005
    outer loop
      vertex -0.11642 -0.358303 22.9941
      vertex -0.347424 -1.06926 22.9469
      vertex -0.0705938 -0.37007 22.9941
    endloop
  endfacet
  facet normal -0.107729 0.0683671 0.991827
    outer loop
      vertex -1.5 1.08981 22.8532
      vertex -1.62476 0.89322 22.8532
      vertex -0.985221 0.54163 22.9469
    endloop
  endfacet
  facet normal -0.0232409 0.0587054 0.998005
    outer loop
      vertex -0.347424 1.06926 22.9469
      vertex -0.478698 1.01729 22.9469
      vertex -0.160409 0.340887 22.9941
    endloop
  endfacet
  facet normal 0.0469651 0.118632 0.991827
    outer loop
      vertex 0.572948 1.76336 22.8532
      vertex 0.347424 1.06926 22.9469
      vertex 0.478698 1.01729 22.9469
    endloop
  endfacet
  facet normal 0 0.265534 0.964101
    outer loop
      vertex 0.201869 3.20862 22.533
      vertex -0.160409 2.54963 22.7145
      vertex 0.160409 2.54963 22.7145
    endloop
  endfacet
  facet normal 0 0.265534 0.964101
    outer loop
      vertex -0.160409 2.54963 22.7145
      vertex 0.201869 3.20862 22.533
      vertex -0.201869 3.20862 22.533
    endloop
  endfacet
  facet normal -0.0533094 0.0338318 0.998005
    outer loop
      vertex -0.304791 0.221443 22.9941
      vertex -0.985221 0.54163 22.9469
      vertex -0.330142 0.181497 22.9941
    endloop
  endfacet
  facet normal 0.015703 0.0611547 0.998005
    outer loop
      vertex 0.347424 1.06926 22.9469
      vertex 0.0705938 0.37007 22.9941
      vertex 0.11642 0.358303 22.9941
    endloop
  endfacet
  facet normal -0.0232423 -0.058705 0.998005
    outer loop
      vertex -0.160409 -0.340887 22.9941
      vertex -0.347424 -1.06926 22.9469
      vertex -0.11642 -0.358303 22.9941
    endloop
  endfacet
  facet normal 0.0749959 0.103224 0.991827
    outer loop
      vertex 0.993477 1.56547 22.8532
      vertex 0.602423 0.949267 22.9469
      vertex 0.716647 0.866279 22.9469
    endloop
  endfacet
  facet normal 0.201088 0.276774 0.939659
    outer loop
      vertex 2.43786 2.94686 22.3115
      vertex 1.72266 2.71448 22.533
      vertex 2.04929 2.47717 22.533
    endloop
  endfacet
  facet normal 0.201087 0.276775 0.939659
    outer loop
      vertex 2.04929 3.22917 22.3115
      vertex 1.72266 2.71448 22.533
      vertex 2.43786 2.94686 22.3115
    endloop
  endfacet
  facet normal 0.205083 0.373048 0.904862
    outer loop
      vertex 1.86228 3.95754 22.0536
      vertex 1.62841 3.46055 22.3115
      vertex 2.34361 3.69293 22.0536
    endloop
  endfacet
  facet normal 0.190647 0.481528 0.855444
    outer loop
      vertex 2.06678 4.39212 21.7634
      vertex 1.5 4.61652 21.7634
      vertex 1.86228 3.95754 22.0536
    endloop
  endfacet
  facet normal 0.0716337 0.180914 0.980887
    outer loop
      vertex 1.08773 2.31154 22.7145
      vertex 0.572948 1.76336 22.8532
      vertex 0.789437 1.67764 22.8532
    endloop
  endfacet
  facet normal 0.127928 0.232688 0.964101
    outer loop
      vertex 1.72266 2.71448 22.533
      vertex 1.08773 2.31154 22.7145
      vertex 1.36886 2.15698 22.7145
    endloop
  endfacet
  facet normal 0.0332864 0.263446 0.9641
    outer loop
      vertex 0.602423 3.15801 22.533
      vertex 0.201869 3.20862 22.533
      vertex 0.478698 2.50943 22.7145
    endloop
  endfacet
  facet normal 0.0332727 0.263441 0.964102
    outer loop
      vertex 0.201869 3.20862 22.533
      vertex 0.160409 2.54963 22.7145
      vertex 0.478698 2.50943 22.7145
    endloop
  endfacet
  facet normal -0.917999 0.175113 0.355828
    outer loop
      vertex -5.62892 1.44526 20.7461
      vertex -5.90575 0.746069 20.376
      vertex -5.76567 0.728374 20.7461
    endloop
  endfacet
  facet normal -0.932707 0.0586868 0.355828
    outer loop
      vertex -5.76567 0.728374 20.7461
      vertex -5.90575 0.746069 20.376
      vertex -5.8115 0 20.7461
    endloop
  endfacet
  facet normal -0.845605 0.397912 0.355835
    outer loop
      vertex -5.21638 2.86773 20.376
      vertex -5.53467 2.19133 20.376
      vertex -5.40339 2.13935 20.7461
    endloop
  endfacet
  facet normal -0.897775 0.422461 0.124607
    outer loop
      vertex -5.21638 2.86773 20.376
      vertex -5.57866 2.20875 20
      vertex -5.53467 2.19133 20.376
    endloop
  endfacet
  facet normal -0.789063 0.500764 0.355831
    outer loop
      vertex -4.81583 3.4989 20.376
      vertex -5.09266 2.79971 20.7461
      vertex -4.7016 3.41591 20.7461
    endloop
  endfacet
  facet normal -0.720084 0.595705 0.35583
    outer loop
      vertex -4.2364 3.97824 20.7461
      vertex -4.81583 3.4989 20.376
      vertex -4.7016 3.41591 20.7461
    endloop
  endfacet
  facet normal -0.888819 -0.288789 0.35581
    outer loop
      vertex -5.62892 -1.44526 20.7461
      vertex -5.76567 -1.48037 20.376
      vertex -5.53467 -2.19133 20.376
    endloop
  endfacet
  facet normal -0.918003 -0.175124 0.355811
    outer loop
      vertex -5.62892 -1.44526 20.7461
      vertex -5.90575 -0.746069 20.376
      vertex -5.76567 -1.48037 20.376
    endloop
  endfacet
  facet normal 0.385186 0.181257 0.904863
    outer loop
      vertex 3.8328 2.1071 22.0536
      vertex 3.35147 1.84249 22.3115
      vertex 3.55597 1.40791 22.3115
    endloop
  endfacet
  facet normal 0.309551 0.145665 0.939659
    outer loop
      vertex 3.35147 1.84249 22.3115
      vertex 2.98919 1.18351 22.533
      vertex 3.55597 1.40791 22.3115
    endloop
  endfacet
  facet normal -0.127928 0.232688 0.964101
    outer loop
      vertex -1.08773 2.31154 22.7145
      vertex -1.72266 2.71448 22.533
      vertex -1.36886 2.15698 22.7145
    endloop
  endfacet
  facet normal -0.263603 0.218073 0.939658
    outer loop
      vertex -2.34361 2.20079 22.533
      vertex -2.78797 2.61808 22.3115
      vertex -2.60096 1.88971 22.533
    endloop
  endfacet
  facet normal -0.523172 0.332013 0.784894
    outer loop
      vertex -3.92705 2.85317 21.7634
      vertex -4.60748 2.53298 21.4453
      vertex -4.25368 2.33848 21.7634
    endloop
  endfacet
  facet normal -0.437276 0.277502 0.855442
    outer loop
      vertex -3.92705 2.85317 21.7634
      vertex -4.25368 2.33848 21.7634
      vertex -3.8328 2.1071 22.0536
    endloop
  endfacet
  facet normal -0.428442 0.589699 0.684611
    outer loop
      vertex -2.98919 4.71022 21.1044
      vertex -3.55597 4.29843 21.1044
      vertex -3.35147 4.05124 21.4453
    endloop
  endfacet
  facet normal -0.26833 0.677723 0.68461
    outer loop
      vertex -1.7239 5.30562 21.1044
      vertex -2.37528 5.04772 21.1044
      vertex -2.23868 4.75744 21.4453
    endloop
  endfacet
  facet normal -0.0428808 0.339415 0.939659
    outer loop
      vertex -0.240145 3.817 22.3115
      vertex -0.716647 3.7568 22.3115
      vertex -0.201869 3.20862 22.533
    endloop
  endfacet
  facet normal -0.0428846 0.339412 0.93966
    outer loop
      vertex -0.201869 3.20862 22.533
      vertex -0.716647 3.7568 22.3115
      vertex -0.602423 3.15801 22.533
    endloop
  endfacet
  facet normal -0.156717 0.395812 0.904861
    outer loop
      vertex -1.35158 4.15974 22.0536
      vertex -1.62841 3.46055 22.3115
      vertex -1.18185 3.63736 22.3115
    endloop
  endfacet
  facet normal -0.164813 0.299794 0.93966
    outer loop
      vertex -1.62841 3.46055 22.3115
      vertex -2.04929 3.22917 22.3115
      vertex -1.36886 2.90898 22.533
    endloop
  endfacet
  facet normal -0.125942 0.318085 0.93966
    outer loop
      vertex -1.18185 3.63736 22.3115
      vertex -1.62841 3.46055 22.3115
      vertex -1.36886 2.90898 22.533
    endloop
  endfacet
  facet normal -0.234191 0.249393 0.939658
    outer loop
      vertex -2.04929 2.47717 22.533
      vertex -2.78797 2.61808 22.3115
      vertex -2.34361 2.20079 22.533
    endloop
  endfacet
  facet normal 0.0913496 0.723154 0.684619
    outer loop
      vertex 1.04534 5.47985 21.1044
      vertex 0.350286 5.56765 21.1044
      vertex 0.985221 5.16471 21.4453
    endloop
  endfacet
  facet normal 0.181275 0.706 0.68462
    outer loop
      vertex 1.04534 5.47985 21.1044
      vertex 0.985221 5.16471 21.4453
      vertex 1.7239 5.30562 21.1044
    endloop
  endfacet
  facet normal 0.105154 0.832384 0.544132
    outer loop
      vertex 1.08897 5.70856 20.7461
      vertex 0.364906 5.80003 20.7461
      vertex 1.04534 5.47985 21.1044
    endloop
  endfacet
  facet normal 0.11713 0.927186 0.355818
    outer loop
      vertex 0.373772 5.94094 20.376
      vertex 0.364906 5.80003 20.7461
      vertex 1.08897 5.70856 20.7461
    endloop
  endfacet
  facet normal -0.11713 0.927186 0.355818
    outer loop
      vertex -0.373772 5.94094 20.376
      vertex -1.08897 5.70856 20.7461
      vertex -0.364906 5.80003 20.7461
    endloop
  endfacet
  facet normal -0.404188 0.735215 0.544143
    outer loop
      vertex -2.47442 5.2584 20.7461
      vertex -3.11396 4.90681 20.7461
      vertex -2.98919 4.71022 21.1044
    endloop
  endfacet
  facet normal 0 0.517898 0.855442
    outer loop
      vertex 0.304791 4.84452 21.7634
      vertex -0.274633 4.36518 22.0536
      vertex 0.274633 4.36518 22.0536
    endloop
  endfacet
  facet normal 0 0.517898 0.855442
    outer loop
      vertex -0.274633 4.36518 22.0536
      vertex 0.304791 4.84452 21.7634
      vertex -0.304791 4.84452 21.7634
    endloop
  endfacet
  facet normal 0.128799 0.501627 0.855442
    outer loop
      vertex 1.5 4.61652 21.7634
      vertex 0.819571 4.29634 22.0536
      vertex 1.35158 4.15974 22.0536
    endloop
  endfacet
  facet normal 0.10587 0.412328 0.904863
    outer loop
      vertex 0.819571 4.29634 22.0536
      vertex 0.716647 3.7568 22.3115
      vertex 1.35158 4.15974 22.0536
    endloop
  endfacet
  facet normal -0.208656 0.812638 0.544134
    outer loop
      vertex -1.04534 5.47985 21.1044
      vertex -1.79585 5.52706 20.7461
      vertex -1.7239 5.30562 21.1044
    endloop
  endfacet
  facet normal -0.0776588 0.614742 0.784896
    outer loop
      vertex -0.304791 4.84452 21.7634
      vertex -0.985221 5.16471 21.4453
      vertex -0.909568 4.76812 21.7634
    endloop
  endfacet
  facet normal 0 0.425706 0.904861
    outer loop
      vertex 0.274633 4.36518 22.0536
      vertex -0.240145 3.817 22.3115
      vertex 0.240145 3.817 22.3115
    endloop
  endfacet
  facet normal 0 0.425706 0.904861
    outer loop
      vertex -0.240145 3.817 22.3115
      vertex 0.274633 4.36518 22.0536
      vertex -0.274633 4.36518 22.0536
    endloop
  endfacet
  facet normal -0.0614713 0.111808 0.991827
    outer loop
      vertex -0.478698 1.01729 22.9469
      vertex -0.789437 1.67764 22.8532
      vertex -0.602423 0.949267 22.9469
    endloop
  endfacet
  facet normal -0.0317281 0.123583 0.991827
    outer loop
      vertex -0.347424 1.82126 22.8532
      vertex -0.572948 1.76336 22.8532
      vertex -0.21067 1.10437 22.9469
    endloop
  endfacet
  facet normal -0.0937381 0.170512 0.980887
    outer loop
      vertex -0.789437 1.67764 22.8532
      vertex -1.08773 2.31154 22.7145
      vertex -0.993477 1.56547 22.8532
    endloop
  endfacet
  facet normal -0.0937439 0.170511 0.980886
    outer loop
      vertex -1.08773 2.31154 22.7145
      vertex -1.36886 2.15698 22.7145
      vertex -0.993477 1.56547 22.8532
    endloop
  endfacet
  facet normal -0.149926 0.124029 0.980887
    outer loop
      vertex -1.86228 1.7488 22.7145
      vertex -2.06678 1.5016 22.7145
      vertex -1.5 1.08981 22.8532
    endloop
  endfacet
  facet normal -0.176061 0.0828493 0.980887
    outer loop
      vertex -1.62476 0.89322 22.8532
      vertex -2.23868 1.23072 22.7145
      vertex -1.7239 0.68254 22.8532
    endloop
  endfacet
  facet normal -0.185056 0.0601294 0.980887
    outer loop
      vertex -2.37528 0.940438 22.7145
      vertex -2.47442 0.635322 22.7145
      vertex -1.7239 0.68254 22.8532
    endloop
  endfacet
  facet normal -0.0571288 0.0268841 0.998005
    outer loop
      vertex -0.985221 0.54163 22.9469
      vertex -1.04534 0.413877 22.9469
      vertex -0.350286 0.138688 22.9941
    endloop
  endfacet
  facet normal -0.114371 0.15742 0.980886
    outer loop
      vertex -0.993477 1.56547 22.8532
      vertex -1.62841 1.96841 22.7145
      vertex -1.18185 1.42861 22.8532
    endloop
  endfacet
  facet normal -0.114371 0.157421 0.980886
    outer loop
      vertex -1.36886 2.15698 22.7145
      vertex -1.62841 1.96841 22.7145
      vertex -0.993477 1.56547 22.8532
    endloop
  endfacet
  facet normal -0.0486493 0.0402457 0.998005
    outer loop
      vertex -0.819571 0.769628 22.9469
      vertex -0.909568 0.660839 22.9469
      vertex -0.274633 0.257898 22.9941
    endloop
  endfacet
  facet normal -0.107729 0.0683674 0.991827
    outer loop
      vertex -0.909568 0.660839 22.9469
      vertex -1.5 1.08981 22.8532
      vertex -0.985221 0.54163 22.9469
    endloop
  endfacet
  facet normal 0.2046 -0.169259 0.964101
    outer loop
      vertex 2.06678 -1.5016 22.7145
      vertex 1.86228 -1.7488 22.7145
      vertex 2.60096 -1.88971 22.533
    endloop
  endfacet
  facet normal 0.185056 -0.060127 0.980887
    outer loop
      vertex 1.79585 -0.461096 22.8532
      vertex 1.7239 -0.68254 22.8532
      vertex 2.47442 -0.635322 22.7145
    endloop
  endfacet
  facet normal -0.0620206 0.0118283 0.998005
    outer loop
      vertex -1.08897 0.279598 22.9469
      vertex -1.11542 0.14091 22.9469
      vertex -0.364906 0.0936918 22.9941
    endloop
  endfacet
  facet normal 0.0469726 -0.118631 0.991827
    outer loop
      vertex 0.789437 -1.67764 22.8532
      vertex 0.478698 -1.01729 22.9469
      vertex 0.572948 -1.76336 22.8532
    endloop
  endfacet
  facet normal -0.0620203 -0.011832 0.998005
    outer loop
      vertex -0.373772 -0.0472183 22.9941
      vertex -1.11542 -0.14091 22.9469
      vertex -0.364906 -0.0936918 22.9941
    endloop
  endfacet
  facet normal 0.125334 -0.0239031 0.991827
    outer loop
      vertex 1.11542 -0.14091 22.9469
      vertex 1.08897 -0.279598 22.9469
      vertex 1.79585 -0.461096 22.8532
    endloop
  endfacet
  facet normal 0.12734 0.00801151 0.991827
    outer loop
      vertex 1.83948 0.23238 22.8532
      vertex 1.12429 0 22.9469
      vertex 1.8541 0 22.8532
    endloop
  endfacet
  facet normal -0.0983115 -0.0813293 0.991827
    outer loop
      vertex -0.909568 -0.660839 22.9469
      vertex -1.5 -1.08981 22.8532
      vertex -0.819571 -0.769628 22.9469
    endloop
  endfacet
  facet normal -0.121347 -0.0394273 0.991827
    outer loop
      vertex -1.04534 -0.413877 22.9469
      vertex -1.79585 -0.461096 22.8532
      vertex -1.7239 -0.68254 22.8532
    endloop
  endfacet
  facet normal -0.164289 -0.104261 0.980887
    outer loop
      vertex -1.62476 -0.89322 22.8532
      vertex -2.06678 -1.5016 22.7145
      vertex -1.5 -1.08981 22.8532
    endloop
  endfacet
  facet normal -0.114371 -0.157421 0.980886
    outer loop
      vertex -0.993477 -1.56547 22.8532
      vertex -1.62841 -1.96841 22.7145
      vertex -1.36886 -2.15698 22.7145
    endloop
  endfacet
  facet normal -0.1332 -0.141841 0.980887
    outer loop
      vertex -1.35158 -1.26922 22.8532
      vertex -1.86228 -1.7488 22.7145
      vertex -1.18185 -1.42861 22.8532
    endloop
  endfacet
  facet normal -0.0937439 -0.170511 0.980886
    outer loop
      vertex -0.993477 -1.56547 22.8532
      vertex -1.36886 -2.15698 22.7145
      vertex -1.08773 -2.31154 22.7145
    endloop
  endfacet
  facet normal -0.0486492 0.0402459 0.998005
    outer loop
      vertex -0.274633 0.257898 22.9941
      vertex -0.909568 0.660839 22.9469
      vertex -0.304791 0.221443 22.9941
    endloop
  endfacet
  facet normal -0.0432211 -0.0460263 0.998005
    outer loop
      vertex -0.274633 -0.257898 22.9941
      vertex -0.819571 -0.769628 22.9469
      vertex -0.716647 -0.866279 22.9469
    endloop
  endfacet
  facet normal -0.0571288 -0.0268841 0.998005
    outer loop
      vertex -0.350286 -0.138688 22.9941
      vertex -1.04534 -0.413877 22.9469
      vertex -0.985221 -0.54163 22.9469
    endloop
  endfacet
  facet normal 0 -0.0631385 0.998005
    outer loop
      vertex -0.0236559 -0.375999 22.9941
      vertex 0.0705938 -1.12207 22.9469
      vertex 0.0236559 -0.375999 22.9941
    endloop
  endfacet
  facet normal 0 -0.0631385 0.998005
    outer loop
      vertex 0.0705938 -1.12207 22.9469
      vertex -0.0236559 -0.375999 22.9941
      vertex -0.0705938 -1.12207 22.9469
    endloop
  endfacet
  facet normal -0.0243851 -0.193045 0.980887
    outer loop
      vertex -0.347424 -1.82126 22.8532
      vertex -0.478698 -2.50943 22.7145
      vertex -0.11642 -1.85044 22.8532
    endloop
  endfacet
  facet normal -0.0159901 -0.126586 0.991827
    outer loop
      vertex -0.0705938 -1.12207 22.9469
      vertex -0.347424 -1.82126 22.8532
      vertex -0.11642 -1.85044 22.8532
    endloop
  endfacet
  facet normal -0.0232409 -0.0587054 0.998005
    outer loop
      vertex -0.160409 -0.340887 22.9941
      vertex -0.478698 -1.01729 22.9469
      vertex -0.347424 -1.06926 22.9469
    endloop
  endfacet
  facet normal -0.149926 -0.124029 0.980887
    outer loop
      vertex -1.5 -1.08981 22.8532
      vertex -2.06678 -1.5016 22.7145
      vertex -1.86228 -1.7488 22.7145
    endloop
  endfacet
  facet normal -0.0660407 -0.257193 0.964101
    outer loop
      vertex -0.789437 -2.42964 22.7145
      vertex -0.993477 -3.05761 22.533
      vertex -0.478698 -2.50943 22.7145
    endloop
  endfacet
  facet normal 0 -0.194581 0.980886
    outer loop
      vertex -0.11642 -1.85044 22.8532
      vertex 0.160409 -2.54963 22.7145
      vertex 0.11642 -1.85044 22.8532
    endloop
  endfacet
  facet normal 0 -0.194581 0.980886
    outer loop
      vertex 0.160409 -2.54963 22.7145
      vertex -0.11642 -1.85044 22.8532
      vertex -0.160409 -2.54963 22.7145
    endloop
  endfacet
  facet normal 0.359433 -0.228102 0.904863
    outer loop
      vertex 3.8328 -2.1071 22.0536
      vertex 3.09412 -2.24801 22.3115
      vertex 3.53849 -2.57086 22.0536
    endloop
  endfacet
  facet normal 0.359433 -0.228102 0.904863
    outer loop
      vertex 3.35147 -1.84249 22.3115
      vertex 3.09412 -2.24801 22.3115
      vertex 3.8328 -2.1071 22.0536
    endloop
  endfacet
  facet normal 0.325367 -0.105719 0.93966
    outer loop
      vertex 3.70439 -0.951125 22.3115
      vertex 2.98919 -1.18351 22.533
      vertex 3.55597 -1.40791 22.3115
    endloop
  endfacet
  facet normal 0.325368 -0.105724 0.939659
    outer loop
      vertex 3.11396 -0.799528 22.533
      vertex 2.98919 -1.18351 22.533
      vertex 3.70439 -0.951125 22.3115
    endloop
  endfacet
  facet normal 0.263603 -0.218073 0.939658
    outer loop
      vertex 2.60096 -1.88971 22.533
      vertex 2.34361 -2.20079 22.533
      vertex 2.78797 -2.61808 22.3115
    endloop
  endfacet
  facet normal 0.2046 -0.169261 0.9641
    outer loop
      vertex 2.60096 -1.88971 22.533
      vertex 1.86228 -1.7488 22.7145
      vertex 2.34361 -2.20079 22.533
    endloop
  endfacet
  facet normal 0.0977497 -0.246893 0.9641
    outer loop
      vertex 1.08773 -2.31154 22.7145
      vertex 0.789437 -2.42964 22.7145
      vertex 1.36886 -2.90898 22.533
    endloop
  endfacet
  facet normal 0.0159901 -0.126586 0.991827
    outer loop
      vertex 0.347424 -1.82126 22.8532
      vertex 0.0705938 -1.12207 22.9469
      vertex 0.11642 -1.85044 22.8532
    endloop
  endfacet
  facet normal 0.201087 -0.276775 0.939659
    outer loop
      vertex 2.43786 -2.94686 22.3115
      vertex 1.72266 -2.71448 22.533
      vertex 2.04929 -3.22917 22.3115
    endloop
  endfacet
  facet normal 0.164812 -0.299796 0.939659
    outer loop
      vertex 1.72266 -2.71448 22.533
      vertex 1.36886 -2.90898 22.533
      vertex 2.04929 -3.22917 22.3115
    endloop
  endfacet
  facet normal -0.727466 0.0457687 0.684616
    outer loop
      vertex -5.21638 0.658981 21.4453
      vertex -5.57866 0 21.1044
      vertex -5.25784 0 21.4453
    endloop
  endfacet
  facet normal -0.727466 -0.0457687 0.684616
    outer loop
      vertex -5.25784 0 21.4453
      vertex -5.57866 0 21.1044
      vertex -5.21638 -0.658981 21.4453
    endloop
  endfacet
  facet normal -0.492549 -0.160034 0.855444
    outer loop
      vertex -4.2364 -1.08772 22.0536
      vertex -4.7016 -1.20717 21.7634
      vertex -4.06667 -1.61011 22.0536
    endloop
  endfacet
  facet normal -0.508723 -0.0970421 0.855443
    outer loop
      vertex -4.33932 -0.548183 22.0536
      vertex -4.7016 -1.20717 21.7634
      vertex -4.2364 -1.08772 22.0536
    endloop
  endfacet
  facet normal -0.498972 0.53135 0.684612
    outer loop
      vertex -3.35147 4.05124 21.4453
      vertex -4.06667 3.81885 21.1044
      vertex -3.8328 3.59924 21.4453
    endloop
  endfacet
  facet normal -0.561634 0.464621 0.684613
    outer loop
      vertex -4.06667 3.81885 21.1044
      vertex -4.25368 3.09048 21.4453
      vertex -3.8328 3.59924 21.4453
    endloop
  endfacet
  facet normal 0.0776588 -0.614742 0.784896
    outer loop
      vertex 0.909568 -4.76812 21.7634
      vertex 0.304791 -4.84452 21.7634
      vertex 0.985221 -5.16471 21.4453
    endloop
  endfacet
  facet normal 0.154098 -0.60016 0.784896
    outer loop
      vertex 1.5 -4.61652 21.7634
      vertex 0.909568 -4.76812 21.7634
      vertex 0.985221 -5.16471 21.4453
    endloop
  endfacet
  facet normal 0 -0.517898 0.855442
    outer loop
      vertex -0.274633 -4.36518 22.0536
      vertex 0.304791 -4.84452 21.7634
      vertex 0.274633 -4.36518 22.0536
    endloop
  endfacet
  facet normal 0 -0.517898 0.855442
    outer loop
      vertex 0.304791 -4.84452 21.7634
      vertex -0.274633 -4.36518 22.0536
      vertex -0.304791 -4.84452 21.7634
    endloop
  endfacet
  facet normal -0.10587 -0.412328 0.904863
    outer loop
      vertex -0.716647 -3.7568 22.3115
      vertex -1.35158 -4.15974 22.0536
      vertex -0.819571 -4.29634 22.0536
    endloop
  endfacet
  facet normal -0.156712 -0.39581 0.904862
    outer loop
      vertex -1.62841 -3.46055 22.3115
      vertex -1.86228 -3.95754 22.0536
      vertex -1.35158 -4.15974 22.0536
    endloop
  endfacet
  facet normal -0.190651 -0.481529 0.855442
    outer loop
      vertex -1.35158 -4.15974 22.0536
      vertex -1.86228 -3.95754 22.0536
      vertex -1.5 -4.61652 21.7634
    endloop
  endfacet
  facet normal -0.437276 -0.277503 0.855443
    outer loop
      vertex -3.8328 -2.1071 22.0536
      vertex -3.92705 -2.85317 21.7634
      vertex -3.53849 -2.57086 22.0536
    endloop
  endfacet
  facet normal -0.288856 -0.183313 0.939659
    outer loop
      vertex -2.81729 -1.54882 22.533
      vertex -3.35147 -1.84249 22.3115
      vertex -3.09412 -2.24801 22.3115
    endloop
  endfacet
  facet normal -0.263603 -0.218073 0.939658
    outer loop
      vertex -2.60096 -1.88971 22.533
      vertex -2.78797 -2.61808 22.3115
      vertex -2.34361 -2.20079 22.533
    endloop
  endfacet
  facet normal -0.234191 -0.249393 0.939658
    outer loop
      vertex -2.34361 -2.20079 22.533
      vertex -2.78797 -2.61808 22.3115
      vertex -2.04929 -2.47717 22.533
    endloop
  endfacet
  facet normal -0.404188 -0.735215 0.544143
    outer loop
      vertex -2.37528 -5.04772 21.1044
      vertex -2.98919 -4.71022 21.1044
      vertex -2.47442 -5.2584 20.7461
    endloop
  endfacet
  facet normal -0.308854 -0.780076 0.544142
    outer loop
      vertex -2.37528 -5.04772 21.1044
      vertex -2.47442 -5.2584 20.7461
      vertex -1.7239 -5.30562 21.1044
    endloop
  endfacet
  facet normal 0.493145 -0.67876 0.544145
    outer loop
      vertex 3.70439 -4.47784 20.7461
      vertex 2.98919 -4.71022 21.1044
      vertex 3.11396 -4.90681 20.7461
    endloop
  endfacet
  facet normal 0.498972 -0.53135 0.684612
    outer loop
      vertex 4.06667 -3.81885 21.1044
      vertex 3.35147 -4.05124 21.4453
      vertex 3.55597 -4.29843 21.1044
    endloop
  endfacet
  facet normal 0.351157 -0.63874 0.684617
    outer loop
      vertex 2.81729 -4.43934 21.4453
      vertex 2.23868 -4.75744 21.4453
      vertex 2.98919 -4.71022 21.1044
    endloop
  endfacet
  facet normal 0.351155 -0.638748 0.68461
    outer loop
      vertex 2.98919 -4.71022 21.1044
      vertex 2.23868 -4.75744 21.4453
      vertex 2.37528 -5.04772 21.1044
    endloop
  endfacet
  facet normal 0.185056 0.0601294 0.980887
    outer loop
      vertex 2.37528 0.940438 22.7145
      vertex 1.7239 0.68254 22.8532
      vertex 2.47442 0.635322 22.7145
    endloop
  endfacet
  facet normal 0.252542 0.0820575 0.9641
    outer loop
      vertex 2.98919 1.18351 22.533
      vertex 2.37528 0.940438 22.7145
      vertex 2.47442 0.635322 22.7145
    endloop
  endfacet
  facet normal -0.063014 0.0039666 0.998005
    outer loop
      vertex -1.11542 0.14091 22.9469
      vertex -1.12429 0 22.9469
      vertex -0.373772 0.0472183 22.9941
    endloop
  endfacet
  facet normal -0.0630138 0.00396353 0.998005
    outer loop
      vertex -0.373772 0.0472183 22.9941
      vertex -1.12429 0 22.9469
      vertex -0.376742 0 22.9941
    endloop
  endfacet
  facet normal 0.2046 0.169259 0.964101
    outer loop
      vertex 2.60096 1.88971 22.533
      vertex 1.86228 1.7488 22.7145
      vertex 2.06678 1.5016 22.7145
    endloop
  endfacet
  facet normal 0.0937381 0.170512 0.980887
    outer loop
      vertex 1.08773 2.31154 22.7145
      vertex 0.789437 1.67764 22.8532
      vertex 0.993477 1.56547 22.8532
    endloop
  endfacet
  facet normal -0.0304175 -0.0553287 0.998005
    outer loop
      vertex -0.201869 -0.318094 22.9941
      vertex -0.602423 -0.949267 22.9469
      vertex -0.160409 -0.340887 22.9941
    endloop
  endfacet
  facet normal 0.0317284 0.123583 0.991827
    outer loop
      vertex 0.572948 1.76336 22.8532
      vertex 0.21067 1.10437 22.9469
      vertex 0.347424 1.06926 22.9469
    endloop
  endfacet
  facet normal -0.0243851 0.193045 0.980887
    outer loop
      vertex -0.11642 1.85044 22.8532
      vertex -0.478698 2.50943 22.7145
      vertex -0.347424 1.82126 22.8532
    endloop
  endfacet
  facet normal -0.0614667 0.11181 0.991827
    outer loop
      vertex -0.789437 1.67764 22.8532
      vertex -0.993477 1.56547 22.8532
      vertex -0.602423 0.949267 22.9469
    endloop
  endfacet
  facet normal -0.0469651 0.118632 0.991827
    outer loop
      vertex -0.347424 1.06926 22.9469
      vertex -0.572948 1.76336 22.8532
      vertex -0.478698 1.01729 22.9469
    endloop
  endfacet
  facet normal 0.0749959 -0.103224 0.991827
    outer loop
      vertex 0.716647 -0.866279 22.9469
      vertex 0.602423 -0.949267 22.9469
      vertex 0.993477 -1.56547 22.8532
    endloop
  endfacet
  facet normal 0.115448 -0.0543265 0.991827
    outer loop
      vertex 1.7239 -0.68254 22.8532
      vertex 0.985221 -0.54163 22.9469
      vertex 1.62476 -0.89322 22.8532
    endloop
  endfacet
  facet normal 0.249501 0.453837 0.855442
    outer loop
      vertex 2.60096 4.09845 21.7634
      vertex 2.06678 4.39212 21.7634
      vertex 2.34361 3.69293 22.0536
    endloop
  endfacet
  facet normal 0.298509 0.542982 0.784897
    outer loop
      vertex 2.23868 4.75744 21.4453
      vertex 2.06678 4.39212 21.7634
      vertex 2.60096 4.09845 21.7634
    endloop
  endfacet
  facet normal 0.0614667 0.11181 0.991827
    outer loop
      vertex 0.789437 1.67764 22.8532
      vertex 0.602423 0.949267 22.9469
      vertex 0.993477 1.56547 22.8532
    endloop
  endfacet
  facet normal 0.0873416 0.0930104 0.991827
    outer loop
      vertex 1.18185 1.42861 22.8532
      vertex 0.716647 0.866279 22.9469
      vertex 0.819571 0.769628 22.9469
    endloop
  endfacet
  facet normal 0.0483932 0.188465 0.980887
    outer loop
      vertex 0.478698 2.50943 22.7145
      vertex 0.347424 1.82126 22.8532
      vertex 0.789437 2.42964 22.7145
    endloop
  endfacet
  facet normal 0.0660407 0.257193 0.964101
    outer loop
      vertex 0.993477 3.05761 22.533
      vertex 0.478698 2.50943 22.7145
      vertex 0.789437 2.42964 22.7145
    endloop
  endfacet
  facet normal -0.477434 0.394967 0.784893
    outer loop
      vertex -3.8328 3.59924 21.4453
      vertex -3.92705 2.85317 21.7634
      vertex -3.53849 3.32286 21.7634
    endloop
  endfacet
  facet normal -0.399045 0.330118 0.855444
    outer loop
      vertex -3.53849 3.32286 21.7634
      vertex -3.92705 2.85317 21.7634
      vertex -3.18837 2.99408 22.0536
    endloop
  endfacet
  facet normal -0.249501 0.453837 0.855442
    outer loop
      vertex -2.06678 4.39212 21.7634
      vertex -2.60096 4.09845 21.7634
      vertex -2.34361 3.69293 22.0536
    endloop
  endfacet
  facet normal -0.205083 0.373048 0.904862
    outer loop
      vertex -1.86228 3.95754 22.0536
      vertex -2.34361 3.69293 22.0536
      vertex -1.62841 3.46055 22.3115
    endloop
  endfacet
  facet normal -0.181771 0.19357 0.964101
    outer loop
      vertex -2.04929 2.47717 22.533
      vertex -2.34361 2.20079 22.533
      vertex -1.62841 1.96841 22.7145
    endloop
  endfacet
  facet normal -0.156076 0.214825 0.964101
    outer loop
      vertex -1.36886 2.15698 22.7145
      vertex -1.72266 2.71448 22.533
      vertex -1.62841 1.96841 22.7145
    endloop
  endfacet
  facet normal -0.164812 0.299796 0.939659
    outer loop
      vertex -1.36886 2.90898 22.533
      vertex -2.04929 3.22917 22.3115
      vertex -1.72266 2.71448 22.533
    endloop
  endfacet
  facet normal -0.0850771 0.331364 0.939659
    outer loop
      vertex -0.716647 3.7568 22.3115
      vertex -1.18185 3.63736 22.3115
      vertex -0.993477 3.05761 22.533
    endloop
  endfacet
  facet normal -0.117128 0.927185 0.355821
    outer loop
      vertex -0.373772 5.94094 20.376
      vertex -1.11542 5.84725 20.376
      vertex -1.08897 5.70856 20.7461
    endloop
  endfacet
  facet normal -0.124354 0.984384 0.124594
    outer loop
      vertex -0.373772 5.94094 20.376
      vertex -1.12429 5.89372 20
      vertex -1.11542 5.84725 20.376
    endloop
  endfacet
  facet normal -0.105147 0.832379 0.54414
    outer loop
      vertex -0.364906 5.80003 20.7461
      vertex -1.04534 5.47985 21.1044
      vertex -0.350286 5.56765 21.1044
    endloop
  endfacet
  facet normal -0.351155 0.638748 0.68461
    outer loop
      vertex -2.37528 5.04772 21.1044
      vertex -2.98919 4.71022 21.1044
      vertex -2.23868 4.75744 21.4453
    endloop
  endfacet
  facet normal -0.128798 0.501627 0.855442
    outer loop
      vertex -0.909568 4.76812 21.7634
      vertex -1.5 4.61652 21.7634
      vertex -0.819571 4.29634 22.0536
    endloop
  endfacet
  facet normal -0.308851 0.780083 0.544134
    outer loop
      vertex -1.79585 5.52706 20.7461
      vertex -2.47442 5.2584 20.7461
      vertex -1.7239 5.30562 21.1044
    endloop
  endfacet
  facet normal -0.344028 0.868932 0.355811
    outer loop
      vertex -1.79585 5.52706 20.7461
      vertex -2.53453 5.38615 20.376
      vertex -2.47442 5.2584 20.7461
    endloop
  endfacet
  facet normal 0.064909 0.513815 0.855442
    outer loop
      vertex 0.909568 4.76812 21.7634
      vertex 0.304791 4.84452 21.7634
      vertex 0.819571 4.29634 22.0536
    endloop
  endfacet
  facet normal 0.0649083 0.513815 0.855442
    outer loop
      vertex 0.304791 4.84452 21.7634
      vertex 0.274633 4.36518 22.0536
      vertex 0.819571 4.29634 22.0536
    endloop
  endfacet
  facet normal -0.0776551 0.614746 0.784893
    outer loop
      vertex -0.330142 5.24746 21.4453
      vertex -0.985221 5.16471 21.4453
      vertex -0.304791 4.84452 21.7634
    endloop
  endfacet
  facet normal 0.0776551 0.614746 0.784893
    outer loop
      vertex 0.330142 5.24746 21.4453
      vertex 0.304791 4.84452 21.7634
      vertex 0.985221 5.16471 21.4453
    endloop
  endfacet
  facet normal 0.0428808 0.339415 0.939659
    outer loop
      vertex 0.240145 3.817 22.3115
      vertex 0.201869 3.20862 22.533
      vertex 0.716647 3.7568 22.3115
    endloop
  endfacet
  facet normal 0.0533585 0.422349 0.904861
    outer loop
      vertex 0.274633 4.36518 22.0536
      vertex 0.240145 3.817 22.3115
      vertex 0.716647 3.7568 22.3115
    endloop
  endfacet
  facet normal -0.260835 0.0497549 0.9641
    outer loop
      vertex -3.11396 0.799528 22.533
      vertex -3.18961 0.402941 22.533
      vertex -2.47442 0.635322 22.7145
    endloop
  endfacet
  facet normal -0.121347 0.0394273 0.991827
    outer loop
      vertex -1.7239 0.68254 22.8532
      vertex -1.79585 0.461096 22.8532
      vertex -1.04534 0.413877 22.9469
    endloop
  endfacet
  facet normal -0.260834 0.0497522 0.964101
    outer loop
      vertex -2.47442 0.635322 22.7145
      vertex -3.18961 0.402941 22.533
      vertex -2.53453 0.320186 22.7145
    endloop
  endfacet
  facet normal -0.125331 0.0239082 0.991827
    outer loop
      vertex -1.79585 0.461096 22.8532
      vertex -1.83948 0.23238 22.8532
      vertex -1.11542 0.14091 22.9469
    endloop
  endfacet
  facet normal -0.18177 0.193573 0.9641
    outer loop
      vertex -1.62841 1.96841 22.7145
      vertex -2.34361 2.20079 22.533
      vertex -1.86228 1.7488 22.7145
    endloop
  endfacet
  facet normal -0.2046 0.169261 0.9641
    outer loop
      vertex -2.34361 2.20079 22.533
      vertex -2.60096 1.88971 22.533
      vertex -1.86228 1.7488 22.7145
    endloop
  endfacet
  facet normal -0.0486493 -0.0402457 0.998005
    outer loop
      vertex -0.274633 -0.257898 22.9941
      vertex -0.909568 -0.660839 22.9469
      vertex -0.819571 -0.769628 22.9469
    endloop
  endfacet
  facet normal -0.0432211 0.0460263 0.998005
    outer loop
      vertex -0.716647 0.866279 22.9469
      vertex -0.819571 0.769628 22.9469
      vertex -0.274633 0.257898 22.9941
    endloop
  endfacet
  facet normal -0.0873416 0.0930104 0.991827
    outer loop
      vertex -0.716647 0.866279 22.9469
      vertex -1.18185 1.42861 22.8532
      vertex -0.819571 0.769628 22.9469
    endloop
  endfacet
  facet normal 0.127339 -0.00801572 0.991827
    outer loop
      vertex 1.12429 0 22.9469
      vertex 1.11542 -0.14091 22.9469
      vertex 1.83948 -0.23238 22.8532
    endloop
  endfacet
  facet normal 0.063014 -0.0039666 0.998005
    outer loop
      vertex 1.12429 0 22.9469
      vertex 0.373772 -0.0472183 22.9941
      vertex 1.11542 -0.14091 22.9469
    endloop
  endfacet
  facet normal 0.121347 -0.0394273 0.991827
    outer loop
      vertex 1.79585 -0.461096 22.8532
      vertex 1.04534 -0.413877 22.9469
      vertex 1.7239 -0.68254 22.8532
    endloop
  endfacet
  facet normal 0.224203 -0.142279 0.964101
    outer loop
      vertex 2.23868 -1.23072 22.7145
      vertex 2.06678 -1.5016 22.7145
      vertex 2.60096 -1.88971 22.533
    endloop
  endfacet
  facet normal 0.0469651 -0.118632 0.991827
    outer loop
      vertex 0.478698 -1.01729 22.9469
      vertex 0.347424 -1.06926 22.9469
      vertex 0.572948 -1.76336 22.8532
    endloop
  endfacet
  facet normal 0.00791525 -0.0626406 0.998005
    outer loop
      vertex 0.21067 -1.10437 22.9469
      vertex 0.0236559 -0.375999 22.9941
      vertex 0.0705938 -1.12207 22.9469
    endloop
  endfacet
  facet normal -0.0317281 -0.123583 0.991827
    outer loop
      vertex -0.21067 -1.10437 22.9469
      vertex -0.572948 -1.76336 22.8532
      vertex -0.347424 -1.82126 22.8532
    endloop
  endfacet
  facet normal -0.0317284 -0.123583 0.991827
    outer loop
      vertex -0.347424 -1.06926 22.9469
      vertex -0.572948 -1.76336 22.8532
      vertex -0.21067 -1.10437 22.9469
    endloop
  endfacet
  facet normal 0.0716337 -0.180914 0.980887
    outer loop
      vertex 0.789437 -1.67764 22.8532
      vertex 0.572948 -1.76336 22.8532
      vertex 1.08773 -2.31154 22.7145
    endloop
  endfacet
  facet normal 0.156079 -0.214824 0.964101
    outer loop
      vertex 2.04929 -2.47717 22.533
      vertex 1.62841 -1.96841 22.7145
      vertex 1.72266 -2.71448 22.533
    endloop
  endfacet
  facet normal -0.121347 -0.0394282 0.991827
    outer loop
      vertex -1.08897 -0.279598 22.9469
      vertex -1.79585 -0.461096 22.8532
      vertex -1.04534 -0.413877 22.9469
    endloop
  endfacet
  facet normal -0.17606 -0.0828499 0.980887
    outer loop
      vertex -1.7239 -0.68254 22.8532
      vertex -2.37528 -0.940438 22.7145
      vertex -2.23868 -1.23072 22.7145
    endloop
  endfacet
  facet normal -0.185056 -0.0601294 0.980887
    outer loop
      vertex -1.7239 -0.68254 22.8532
      vertex -2.47442 -0.635322 22.7145
      vertex -2.37528 -0.940438 22.7145
    endloop
  endfacet
  facet normal -0.2046 -0.169261 0.9641
    outer loop
      vertex -1.86228 -1.7488 22.7145
      vertex -2.60096 -1.88971 22.533
      vertex -2.34361 -2.20079 22.533
    endloop
  endfacet
  facet normal -0.133197 -0.141846 0.980886
    outer loop
      vertex -1.18185 -1.42861 22.8532
      vertex -1.86228 -1.7488 22.7145
      vertex -1.62841 -1.96841 22.7145
    endloop
  endfacet
  facet normal -0.164813 -0.299794 0.93966
    outer loop
      vertex -1.36886 -2.90898 22.533
      vertex -2.04929 -3.22917 22.3115
      vertex -1.62841 -3.46055 22.3115
    endloop
  endfacet
  facet normal -0.125942 -0.318085 0.93966
    outer loop
      vertex -1.36886 -2.90898 22.533
      vertex -1.62841 -3.46055 22.3115
      vertex -1.18185 -3.63736 22.3115
    endloop
  endfacet
  facet normal -0.0486492 -0.0402459 0.998005
    outer loop
      vertex -0.304791 -0.221443 22.9941
      vertex -0.909568 -0.660839 22.9469
      vertex -0.274633 -0.257898 22.9941
    endloop
  endfacet
  facet normal 0 0.127592 0.991827
    outer loop
      vertex 0.11642 1.85044 22.8532
      vertex -0.0705938 1.12207 22.9469
      vertex 0.0705938 1.12207 22.9469
    endloop
  endfacet
  facet normal 0 0.127592 0.991827
    outer loop
      vertex -0.0705938 1.12207 22.9469
      vertex 0.11642 1.85044 22.8532
      vertex -0.11642 1.85044 22.8532
    endloop
  endfacet
  facet normal 0.0159901 0.126586 0.991827
    outer loop
      vertex 0.11642 1.85044 22.8532
      vertex 0.0705938 1.12207 22.9469
      vertex 0.347424 1.82126 22.8532
    endloop
  endfacet
  facet normal 0.0304188 0.0553278 0.998005
    outer loop
      vertex 0.478698 1.01729 22.9469
      vertex 0.160409 0.340887 22.9941
      vertex 0.602423 0.949267 22.9469
    endloop
  endfacet
  facet normal 0 -0.127592 0.991827
    outer loop
      vertex -0.0705938 -1.12207 22.9469
      vertex 0.11642 -1.85044 22.8532
      vertex 0.0705938 -1.12207 22.9469
    endloop
  endfacet
  facet normal 0 -0.127592 0.991827
    outer loop
      vertex 0.11642 -1.85044 22.8532
      vertex -0.0705938 -1.12207 22.9469
      vertex -0.11642 -1.85044 22.8532
    endloop
  endfacet
  facet normal -0.0243819 -0.193047 0.980887
    outer loop
      vertex -0.11642 -1.85044 22.8532
      vertex -0.478698 -2.50943 22.7145
      vertex -0.160409 -2.54963 22.7145
    endloop
  endfacet
  facet normal -0.114371 -0.15742 0.980886
    outer loop
      vertex -1.18185 -1.42861 22.8532
      vertex -1.62841 -1.96841 22.7145
      vertex -0.993477 -1.56547 22.8532
    endloop
  endfacet
  facet normal -0.0937381 -0.170512 0.980887
    outer loop
      vertex -0.993477 -1.56547 22.8532
      vertex -1.08773 -2.31154 22.7145
      vertex -0.789437 -1.67764 22.8532
    endloop
  endfacet
  facet normal -0.0483869 -0.18847 0.980886
    outer loop
      vertex -0.572948 -1.76336 22.8532
      vertex -0.789437 -2.42964 22.7145
      vertex -0.347424 -1.82126 22.8532
    endloop
  endfacet
  facet normal -0.00791525 -0.0626406 0.998005
    outer loop
      vertex -0.0236559 -0.375999 22.9941
      vertex -0.21067 -1.10437 22.9469
      vertex -0.0705938 -1.12207 22.9469
    endloop
  endfacet
  facet normal -0.0469726 -0.118631 0.991827
    outer loop
      vertex -0.478698 -1.01729 22.9469
      vertex -0.789437 -1.67764 22.8532
      vertex -0.572948 -1.76336 22.8532
    endloop
  endfacet
  facet normal -0.0469651 -0.118632 0.991827
    outer loop
      vertex -0.478698 -1.01729 22.9469
      vertex -0.572948 -1.76336 22.8532
      vertex -0.347424 -1.06926 22.9469
    endloop
  endfacet
  facet normal -0.0332727 -0.263441 0.964102
    outer loop
      vertex -0.160409 -2.54963 22.7145
      vertex -0.478698 -2.50943 22.7145
      vertex -0.201869 -3.20862 22.533
    endloop
  endfacet
  facet normal 0.0977536 -0.246889 0.964101
    outer loop
      vertex 1.36886 -2.90898 22.533
      vertex 0.789437 -2.42964 22.7145
      vertex 0.993477 -3.05761 22.533
    endloop
  endfacet
  facet normal 0.0332727 -0.263441 0.964102
    outer loop
      vertex 0.478698 -2.50943 22.7145
      vertex 0.160409 -2.54963 22.7145
      vertex 0.201869 -3.20862 22.533
    endloop
  endfacet
  facet normal 0.071629 -0.180918 0.980886
    outer loop
      vertex 1.08773 -2.31154 22.7145
      vertex 0.572948 -1.76336 22.8532
      vertex 0.789437 -2.42964 22.7145
    endloop
  endfacet
  facet normal 0.0483869 -0.18847 0.980886
    outer loop
      vertex 0.572948 -1.76336 22.8532
      vertex 0.347424 -1.82126 22.8532
      vertex 0.789437 -2.42964 22.7145
    endloop
  endfacet
  facet normal 0.181771 -0.19357 0.964101
    outer loop
      vertex 2.34361 -2.20079 22.533
      vertex 1.62841 -1.96841 22.7145
      vertex 2.04929 -2.47717 22.533
    endloop
  endfacet
  facet normal 0.18177 -0.193573 0.9641
    outer loop
      vertex 1.86228 -1.7488 22.7145
      vertex 1.62841 -1.96841 22.7145
      vertex 2.34361 -2.20079 22.533
    endloop
  endfacet
  facet normal 0.205083 -0.373046 0.904863
    outer loop
      vertex 2.04929 -3.22917 22.3115
      vertex 1.62841 -3.46055 22.3115
      vertex 2.34361 -3.69293 22.0536
    endloop
  endfacet
  facet normal 0.25022 -0.344401 0.904863
    outer loop
      vertex 2.43786 -2.94686 22.3115
      vertex 2.04929 -3.22917 22.3115
      vertex 2.34361 -3.69293 22.0536
    endloop
  endfacet
  facet normal 0.064909 -0.513815 0.855442
    outer loop
      vertex 0.819571 -4.29634 22.0536
      vertex 0.304791 -4.84452 21.7634
      vertex 0.909568 -4.76812 21.7634
    endloop
  endfacet
  facet normal 0.128798 -0.501627 0.855442
    outer loop
      vertex 1.5 -4.61652 21.7634
      vertex 0.819571 -4.29634 22.0536
      vertex 0.909568 -4.76812 21.7634
    endloop
  endfacet
  facet normal -0.0428846 -0.339412 0.93966
    outer loop
      vertex -0.602423 -3.15801 22.533
      vertex -0.716647 -3.7568 22.3115
      vertex -0.201869 -3.20862 22.533
    endloop
  endfacet
  facet normal -0.0850771 -0.331364 0.939659
    outer loop
      vertex -0.993477 -3.05761 22.533
      vertex -1.18185 -3.63736 22.3115
      vertex -0.716647 -3.7568 22.3115
    endloop
  endfacet
  facet normal -0.359433 -0.228102 0.904863
    outer loop
      vertex -3.09412 -2.24801 22.3115
      vertex -3.8328 -2.1071 22.0536
      vertex -3.53849 -2.57086 22.0536
    endloop
  endfacet
  facet normal -0.309551 -0.145665 0.939659
    outer loop
      vertex -2.98919 -1.18351 22.533
      vertex -3.55597 -1.40791 22.3115
      vertex -3.35147 -1.84249 22.3115
    endloop
  endfacet
  facet normal -0.468609 -0.220515 0.855441
    outer loop
      vertex -4.06667 -1.61011 22.0536
      vertex -4.51323 -1.78691 21.7634
      vertex -3.8328 -2.1071 22.0536
    endloop
  endfacet
  facet normal -0.468608 -0.220511 0.855442
    outer loop
      vertex -3.8328 -2.1071 22.0536
      vertex -4.51323 -1.78691 21.7634
      vertex -4.25368 -2.33848 21.7634
    endloop
  endfacet
  facet normal 0.115448 0.0543283 0.991827
    outer loop
      vertex 1.7239 0.68254 22.8532
      vertex 0.985221 0.54163 22.9469
      vertex 1.04534 0.413877 22.9469
    endloop
  endfacet
  facet normal -0.015703 0.0611547 0.998005
    outer loop
      vertex -0.0705938 0.37007 22.9941
      vertex -0.347424 1.06926 22.9469
      vertex -0.11642 0.358303 22.9941
    endloop
  endfacet
  facet normal 0.0571288 0.0268841 0.998005
    outer loop
      vertex 0.985221 0.54163 22.9469
      vertex 0.350286 0.138688 22.9941
      vertex 1.04534 0.413877 22.9469
    endloop
  endfacet
  facet normal -0.0620203 0.011832 0.998005
    outer loop
      vertex -0.364906 0.0936918 22.9941
      vertex -1.11542 0.14091 22.9469
      vertex -0.373772 0.0472183 22.9941
    endloop
  endfacet
  facet normal 0.149926 0.124029 0.980887
    outer loop
      vertex 1.86228 1.7488 22.7145
      vertex 1.35158 1.26922 22.8532
      vertex 1.5 1.08981 22.8532
    endloop
  endfacet
  facet normal 0.133197 0.141846 0.980886
    outer loop
      vertex 1.62841 1.96841 22.7145
      vertex 1.18185 1.42861 22.8532
      vertex 1.86228 1.7488 22.7145
    endloop
  endfacet
  facet normal 0.107729 0.0683674 0.991827
    outer loop
      vertex 1.5 1.08981 22.8532
      vertex 0.909568 0.660839 22.9469
      vertex 0.985221 0.54163 22.9469
    endloop
  endfacet
  facet normal 0.0983115 0.0813293 0.991827
    outer loop
      vertex 1.5 1.08981 22.8532
      vertex 0.819571 0.769628 22.9469
      vertex 0.909568 0.660839 22.9469
    endloop
  endfacet
  facet normal 0.115448 0.0543265 0.991827
    outer loop
      vertex 1.62476 0.89322 22.8532
      vertex 0.985221 0.54163 22.9469
      vertex 1.7239 0.68254 22.8532
    endloop
  endfacet
  facet normal 0.176061 0.0828493 0.980887
    outer loop
      vertex 2.23868 1.23072 22.7145
      vertex 1.62476 0.89322 22.8532
      vertex 1.7239 0.68254 22.8532
    endloop
  endfacet
  facet normal 0.164291 0.104259 0.980887
    outer loop
      vertex 2.06678 1.5016 22.7145
      vertex 1.62476 0.89322 22.8532
      vertex 2.23868 1.23072 22.7145
    endloop
  endfacet
  facet normal 0.224203 0.142279 0.964101
    outer loop
      vertex 2.60096 1.88971 22.533
      vertex 2.06678 1.5016 22.7145
      vertex 2.23868 1.23072 22.7145
    endloop
  endfacet
  facet normal 0.0614713 0.111808 0.991827
    outer loop
      vertex 0.789437 1.67764 22.8532
      vertex 0.478698 1.01729 22.9469
      vertex 0.602423 0.949267 22.9469
    endloop
  endfacet
  facet normal 0.0469726 0.118631 0.991827
    outer loop
      vertex 0.572948 1.76336 22.8532
      vertex 0.478698 1.01729 22.9469
      vertex 0.789437 1.67764 22.8532
    endloop
  endfacet
  facet normal -0.0371118 -0.0510804 0.998005
    outer loop
      vertex -0.201869 -0.318094 22.9941
      vertex -0.716647 -0.866279 22.9469
      vertex -0.602423 -0.949267 22.9469
    endloop
  endfacet
  facet normal -0.00791525 0.0626406 0.998005
    outer loop
      vertex -0.0705938 1.12207 22.9469
      vertex -0.21067 1.10437 22.9469
      vertex -0.0236559 0.375999 22.9941
    endloop
  endfacet
  facet normal -0.0600481 -0.0195109 0.998005
    outer loop
      vertex -0.350286 -0.138688 22.9941
      vertex -1.08897 -0.279598 22.9469
      vertex -1.04534 -0.413877 22.9469
    endloop
  endfacet
  facet normal 0.015701 0.0611555 0.998005
    outer loop
      vertex 0.21067 1.10437 22.9469
      vertex 0.0705938 0.37007 22.9941
      vertex 0.347424 1.06926 22.9469
    endloop
  endfacet
  facet normal 0 0.0631385 0.998005
    outer loop
      vertex 0.0705938 1.12207 22.9469
      vertex -0.0236559 0.375999 22.9941
      vertex 0.0236559 0.375999 22.9941
    endloop
  endfacet
  facet normal 0 0.0631385 0.998005
    outer loop
      vertex -0.0236559 0.375999 22.9941
      vertex 0.0705938 1.12207 22.9469
      vertex -0.0705938 1.12207 22.9469
    endloop
  endfacet
  facet normal -0.0159901 0.126586 0.991827
    outer loop
      vertex -0.11642 1.85044 22.8532
      vertex -0.347424 1.82126 22.8532
      vertex -0.0705938 1.12207 22.9469
    endloop
  endfacet
  facet normal 0 0.194581 0.980886
    outer loop
      vertex 0.160409 2.54963 22.7145
      vertex -0.11642 1.85044 22.8532
      vertex 0.11642 1.85044 22.8532
    endloop
  endfacet
  facet normal 0 0.194581 0.980886
    outer loop
      vertex -0.11642 1.85044 22.8532
      vertex 0.160409 2.54963 22.7145
      vertex -0.160409 2.54963 22.7145
    endloop
  endfacet
  facet normal -0.015701 0.0611555 0.998005
    outer loop
      vertex -0.21067 1.10437 22.9469
      vertex -0.347424 1.06926 22.9469
      vertex -0.0705938 0.37007 22.9941
    endloop
  endfacet
  facet normal -0.0749959 0.103224 0.991827
    outer loop
      vertex -0.602423 0.949267 22.9469
      vertex -0.993477 1.56547 22.8532
      vertex -0.716647 0.866279 22.9469
    endloop
  endfacet
  facet normal -0.00791258 0.0626412 0.998005
    outer loop
      vertex -0.0236559 0.375999 22.9941
      vertex -0.21067 1.10437 22.9469
      vertex -0.0705938 0.37007 22.9941
    endloop
  endfacet
  facet normal 0.0614667 -0.11181 0.991827
    outer loop
      vertex 0.993477 -1.56547 22.8532
      vertex 0.602423 -0.949267 22.9469
      vertex 0.789437 -1.67764 22.8532
    endloop
  endfacet
  facet normal -0.304413 0.418985 0.855444
    outer loop
      vertex -2.34361 3.69293 22.0536
      vertex -3.09412 3.74015 21.7634
      vertex -2.78797 3.37008 22.0536
    endloop
  endfacet
  facet normal -0.354524 0.37753 0.855444
    outer loop
      vertex -3.09412 3.74015 21.7634
      vertex -3.18837 2.99408 22.0536
      vertex -2.78797 3.37008 22.0536
    endloop
  endfacet
  facet normal -0.25022 0.344401 0.904863
    outer loop
      vertex -2.34361 3.69293 22.0536
      vertex -2.43786 2.94686 22.3115
      vertex -2.04929 3.22917 22.3115
    endloop
  endfacet
  facet normal -0.201087 0.276775 0.939659
    outer loop
      vertex -2.04929 3.22917 22.3115
      vertex -2.43786 2.94686 22.3115
      vertex -1.72266 2.71448 22.533
    endloop
  endfacet
  facet normal -0.128799 0.501627 0.855442
    outer loop
      vertex -0.819571 4.29634 22.0536
      vertex -1.5 4.61652 21.7634
      vertex -1.35158 4.15974 22.0536
    endloop
  endfacet
  facet normal -0.249495 0.453836 0.855444
    outer loop
      vertex -2.06678 4.39212 21.7634
      vertex -2.34361 3.69293 22.0536
      vertex -1.86228 3.95754 22.0536
    endloop
  endfacet
  facet normal -0.127923 0.232695 0.9641
    outer loop
      vertex -1.36886 2.90898 22.533
      vertex -1.72266 2.71448 22.533
      vertex -1.08773 2.31154 22.7145
    endloop
  endfacet
  facet normal -0.0977497 0.246893 0.9641
    outer loop
      vertex -0.789437 2.42964 22.7145
      vertex -1.36886 2.90898 22.533
      vertex -1.08773 2.31154 22.7145
    endloop
  endfacet
  facet normal -0.234193 0.249386 0.93966
    outer loop
      vertex -2.43786 2.94686 22.3115
      vertex -2.78797 2.61808 22.3115
      vertex -2.04929 2.47717 22.533
    endloop
  endfacet
  facet normal -0.201088 0.276774 0.939659
    outer loop
      vertex -1.72266 2.71448 22.533
      vertex -2.43786 2.94686 22.3115
      vertex -2.04929 2.47717 22.533
    endloop
  endfacet
  facet normal -0.105154 0.832384 0.544132
    outer loop
      vertex -0.364906 5.80003 20.7461
      vertex -1.08897 5.70856 20.7461
      vertex -1.04534 5.47985 21.1044
    endloop
  endfacet
  facet normal -0.0913496 0.723154 0.684619
    outer loop
      vertex -0.350286 5.56765 21.1044
      vertex -1.04534 5.47985 21.1044
      vertex -0.985221 5.16471 21.4453
    endloop
  endfacet
  facet normal -0.268319 0.677718 0.684619
    outer loop
      vertex -1.7239 5.30562 21.1044
      vertex -2.23868 4.75744 21.4453
      vertex -1.62476 5.0005 21.4453
    endloop
  endfacet
  facet normal -0.208655 0.81264 0.544132
    outer loop
      vertex -1.08897 5.70856 20.7461
      vertex -1.79585 5.52706 20.7461
      vertex -1.04534 5.47985 21.1044
    endloop
  endfacet
  facet normal -0.428436 0.589698 0.684616
    outer loop
      vertex -2.98919 4.71022 21.1044
      vertex -3.35147 4.05124 21.4453
      vertex -2.81729 4.43934 21.4453
    endloop
  endfacet
  facet normal -0.364207 0.501293 0.784894
    outer loop
      vertex -2.81729 4.43934 21.4453
      vertex -3.35147 4.05124 21.4453
      vertex -2.60096 4.09845 21.7634
    endloop
  endfacet
  facet normal -0.064909 0.513815 0.855442
    outer loop
      vertex -0.304791 4.84452 21.7634
      vertex -0.909568 4.76812 21.7634
      vertex -0.819571 4.29634 22.0536
    endloop
  endfacet
  facet normal 0 0.838994 0.54414
    outer loop
      vertex 0.364906 5.80003 20.7461
      vertex -0.350286 5.56765 21.1044
      vertex 0.350286 5.56765 21.1044
    endloop
  endfacet
  facet normal 0 0.838994 0.54414
    outer loop
      vertex -0.350286 5.56765 21.1044
      vertex 0.364906 5.80003 20.7461
      vertex -0.364906 5.80003 20.7461
    endloop
  endfacet
  facet normal -0.191132 0.0364605 0.980887
    outer loop
      vertex -1.79585 0.461096 22.8532
      vertex -2.47442 0.635322 22.7145
      vertex -1.83948 0.23238 22.8532
    endloop
  endfacet
  facet normal -0.191134 0.0364575 0.980887
    outer loop
      vertex -2.47442 0.635322 22.7145
      vertex -2.53453 0.320186 22.7145
      vertex -1.83948 0.23238 22.8532
    endloop
  endfacet
  facet normal -0.240266 0.113059 0.964101
    outer loop
      vertex -2.81729 1.54882 22.533
      vertex -2.98919 1.18351 22.533
      vertex -2.23868 1.23072 22.7145
    endloop
  endfacet
  facet normal -0.0571297 0.0268827 0.998005
    outer loop
      vertex -0.330142 0.181497 22.9941
      vertex -0.985221 0.54163 22.9469
      vertex -0.350286 0.138688 22.9941
    endloop
  endfacet
  facet normal -0.0571297 -0.0268827 0.998005
    outer loop
      vertex -0.350286 -0.138688 22.9941
      vertex -0.985221 -0.54163 22.9469
      vertex -0.330142 -0.181497 22.9941
    endloop
  endfacet
  facet normal 0.127339 0.00801572 0.991827
    outer loop
      vertex 1.83948 0.23238 22.8532
      vertex 1.11542 0.14091 22.9469
      vertex 1.12429 0 22.9469
    endloop
  endfacet
  facet normal 0.0630138 0.00396353 0.998005
    outer loop
      vertex 1.12429 0 22.9469
      vertex 0.373772 0.0472183 22.9941
      vertex 0.376742 0 22.9941
    endloop
  endfacet
  facet normal 0.0614713 -0.111808 0.991827
    outer loop
      vertex 0.602423 -0.949267 22.9469
      vertex 0.478698 -1.01729 22.9469
      vertex 0.789437 -1.67764 22.8532
    endloop
  endfacet
  facet normal 0.191132 -0.0364605 0.980887
    outer loop
      vertex 1.83948 -0.23238 22.8532
      vertex 1.79585 -0.461096 22.8532
      vertex 2.47442 -0.635322 22.7145
    endloop
  endfacet
  facet normal 0.125331 -0.0239082 0.991827
    outer loop
      vertex 1.83948 -0.23238 22.8532
      vertex 1.11542 -0.14091 22.9469
      vertex 1.79585 -0.461096 22.8532
    endloop
  endfacet
  facet normal 0.164291 -0.104259 0.980887
    outer loop
      vertex 2.23868 -1.23072 22.7145
      vertex 1.62476 -0.89322 22.8532
      vertex 2.06678 -1.5016 22.7145
    endloop
  endfacet
  facet normal 0.0873433 -0.0930094 0.991827
    outer loop
      vertex 1.35158 -1.26922 22.8532
      vertex 0.819571 -0.769628 22.9469
      vertex 1.18185 -1.42861 22.8532
    endloop
  endfacet
  facet normal 0.240266 -0.113064 0.9641
    outer loop
      vertex 2.37528 -0.940438 22.7145
      vertex 2.23868 -1.23072 22.7145
      vertex 2.98919 -1.18351 22.533
    endloop
  endfacet
  facet normal 0.252542 -0.0820575 0.9641
    outer loop
      vertex 2.47442 -0.635322 22.7145
      vertex 2.37528 -0.940438 22.7145
      vertex 2.98919 -1.18351 22.533
    endloop
  endfacet
  facet normal 0.0232409 -0.0587054 0.998005
    outer loop
      vertex 0.478698 -1.01729 22.9469
      vertex 0.160409 -0.340887 22.9941
      vertex 0.347424 -1.06926 22.9469
    endloop
  endfacet
  facet normal 0.0533094 0.0338318 0.998005
    outer loop
      vertex 0.985221 0.54163 22.9469
      vertex 0.304791 0.221443 22.9941
      vertex 0.330142 0.181497 22.9941
    endloop
  endfacet
  facet normal 0.0533094 -0.0338318 0.998005
    outer loop
      vertex 0.330142 -0.181497 22.9941
      vertex 0.304791 -0.221443 22.9941
      vertex 0.985221 -0.54163 22.9469
    endloop
  endfacet
  facet normal 0.0749959 -0.103224 0.991827
    outer loop
      vertex 1.18185 -1.42861 22.8532
      vertex 0.716647 -0.866279 22.9469
      vertex 0.993477 -1.56547 22.8532
    endloop
  endfacet
  facet normal 0.1332 -0.141841 0.980887
    outer loop
      vertex 1.35158 -1.26922 22.8532
      vertex 1.18185 -1.42861 22.8532
      vertex 1.86228 -1.7488 22.7145
    endloop
  endfacet
  facet normal 0.114371 -0.15742 0.980886
    outer loop
      vertex 1.18185 -1.42861 22.8532
      vertex 0.993477 -1.56547 22.8532
      vertex 1.62841 -1.96841 22.7145
    endloop
  endfacet
  facet normal 0.107729 -0.0683671 0.991827
    outer loop
      vertex 1.62476 -0.89322 22.8532
      vertex 0.985221 -0.54163 22.9469
      vertex 1.5 -1.08981 22.8532
    endloop
  endfacet
  facet normal -0.0533094 -0.0338318 0.998005
    outer loop
      vertex -0.330142 -0.181497 22.9941
      vertex -0.985221 -0.54163 22.9469
      vertex -0.304791 -0.221443 22.9941
    endloop
  endfacet
  facet normal 0.0571297 0.0268827 0.998005
    outer loop
      vertex 0.985221 0.54163 22.9469
      vertex 0.330142 0.181497 22.9941
      vertex 0.350286 0.138688 22.9941
    endloop
  endfacet
  facet normal -0.115448 -0.0543283 0.991827
    outer loop
      vertex -1.04534 -0.413877 22.9469
      vertex -1.7239 -0.68254 22.8532
      vertex -0.985221 -0.54163 22.9469
    endloop
  endfacet
  facet normal -0.115448 -0.0543265 0.991827
    outer loop
      vertex -0.985221 -0.54163 22.9469
      vertex -1.7239 -0.68254 22.8532
      vertex -1.62476 -0.89322 22.8532
    endloop
  endfacet
  facet normal 0.015703 -0.0611547 0.998005
    outer loop
      vertex 0.11642 -0.358303 22.9941
      vertex 0.0705938 -0.37007 22.9941
      vertex 0.347424 -1.06926 22.9469
    endloop
  endfacet
  facet normal -0.18177 -0.193573 0.9641
    outer loop
      vertex -1.86228 -1.7488 22.7145
      vertex -2.34361 -2.20079 22.533
      vertex -1.62841 -1.96841 22.7145
    endloop
  endfacet
  facet normal -0.181771 -0.19357 0.964101
    outer loop
      vertex -1.62841 -1.96841 22.7145
      vertex -2.34361 -2.20079 22.533
      vertex -2.04929 -2.47717 22.533
    endloop
  endfacet
  facet normal -0.2046 -0.169259 0.964101
    outer loop
      vertex -2.06678 -1.5016 22.7145
      vertex -2.60096 -1.88971 22.533
      vertex -1.86228 -1.7488 22.7145
    endloop
  endfacet
  facet normal -0.0873433 -0.0930094 0.991827
    outer loop
      vertex -0.819571 -0.769628 22.9469
      vertex -1.35158 -1.26922 22.8532
      vertex -1.18185 -1.42861 22.8532
    endloop
  endfacet
  facet normal -0.164812 -0.299796 0.939659
    outer loop
      vertex -1.72266 -2.71448 22.533
      vertex -2.04929 -3.22917 22.3115
      vertex -1.36886 -2.90898 22.533
    endloop
  endfacet
  facet normal -0.0977497 -0.246893 0.9641
    outer loop
      vertex -1.08773 -2.31154 22.7145
      vertex -1.36886 -2.90898 22.533
      vertex -0.789437 -2.42964 22.7145
    endloop
  endfacet
  facet normal -0.156076 -0.214825 0.964101
    outer loop
      vertex -1.62841 -1.96841 22.7145
      vertex -1.72266 -2.71448 22.533
      vertex -1.36886 -2.15698 22.7145
    endloop
  endfacet
  facet normal -0.156079 -0.214824 0.964101
    outer loop
      vertex -1.62841 -1.96841 22.7145
      vertex -2.04929 -2.47717 22.533
      vertex -1.72266 -2.71448 22.533
    endloop
  endfacet
  facet normal 0.015701 -0.0611555 0.998005
    outer loop
      vertex 0.347424 -1.06926 22.9469
      vertex 0.0705938 -0.37007 22.9941
      vertex 0.21067 -1.10437 22.9469
    endloop
  endfacet
  facet normal 0.0232409 0.0587054 0.998005
    outer loop
      vertex 0.347424 1.06926 22.9469
      vertex 0.160409 0.340887 22.9941
      vertex 0.478698 1.01729 22.9469
    endloop
  endfacet
  facet normal 0.0620206 -0.0118283 0.998005
    outer loop
      vertex 1.11542 -0.14091 22.9469
      vertex 0.364906 -0.0936918 22.9941
      vertex 1.08897 -0.279598 22.9469
    endloop
  endfacet
  facet normal -0.00791258 -0.0626412 0.998005
    outer loop
      vertex -0.0705938 -0.37007 22.9941
      vertex -0.21067 -1.10437 22.9469
      vertex -0.0236559 -0.375999 22.9941
    endloop
  endfacet
  facet normal -0.015701 -0.0611555 0.998005
    outer loop
      vertex -0.0705938 -0.37007 22.9941
      vertex -0.347424 -1.06926 22.9469
      vertex -0.21067 -1.10437 22.9469
    endloop
  endfacet
  facet normal -0.0983113 -0.0813297 0.991827
    outer loop
      vertex -0.819571 -0.769628 22.9469
      vertex -1.5 -1.08981 22.8532
      vertex -1.35158 -1.26922 22.8532
    endloop
  endfacet
  facet normal -0.149926 -0.124029 0.980887
    outer loop
      vertex -1.5 -1.08981 22.8532
      vertex -1.86228 -1.7488 22.7145
      vertex -1.35158 -1.26922 22.8532
    endloop
  endfacet
  facet normal -0.0614667 -0.11181 0.991827
    outer loop
      vertex -0.602423 -0.949267 22.9469
      vertex -0.993477 -1.56547 22.8532
      vertex -0.789437 -1.67764 22.8532
    endloop
  endfacet
  facet normal -0.0749959 -0.103224 0.991827
    outer loop
      vertex -0.716647 -0.866279 22.9469
      vertex -0.993477 -1.56547 22.8532
      vertex -0.602423 -0.949267 22.9469
    endloop
  endfacet
  facet normal -0.0533585 -0.422349 0.904861
    outer loop
      vertex -0.240145 -3.817 22.3115
      vertex -0.716647 -3.7568 22.3115
      vertex -0.274633 -4.36518 22.0536
    endloop
  endfacet
  facet normal 0.0428846 -0.339412 0.93966
    outer loop
      vertex 0.602423 -3.15801 22.533
      vertex 0.201869 -3.20862 22.533
      vertex 0.716647 -3.7568 22.3115
    endloop
  endfacet
  facet normal 0.0660407 -0.257193 0.964101
    outer loop
      vertex 0.789437 -2.42964 22.7145
      vertex 0.478698 -2.50943 22.7145
      vertex 0.993477 -3.05761 22.533
    endloop
  endfacet
  facet normal 0.10587 -0.412328 0.904863
    outer loop
      vertex 1.35158 -4.15974 22.0536
      vertex 0.716647 -3.7568 22.3115
      vertex 0.819571 -4.29634 22.0536
    endloop
  endfacet
  facet normal 0.128799 -0.501627 0.855442
    outer loop
      vertex 1.35158 -4.15974 22.0536
      vertex 0.819571 -4.29634 22.0536
      vertex 1.5 -4.61652 21.7634
    endloop
  endfacet
  facet normal 0.0533535 -0.422346 0.904863
    outer loop
      vertex 0.716647 -3.7568 22.3115
      vertex 0.274633 -4.36518 22.0536
      vertex 0.819571 -4.29634 22.0536
    endloop
  endfacet
  facet normal 0.0533585 -0.422349 0.904861
    outer loop
      vertex 0.716647 -3.7568 22.3115
      vertex 0.240145 -3.817 22.3115
      vertex 0.274633 -4.36518 22.0536
    endloop
  endfacet
  facet normal 0 -0.425706 0.904861
    outer loop
      vertex -0.240145 -3.817 22.3115
      vertex 0.274633 -4.36518 22.0536
      vertex 0.240145 -3.817 22.3115
    endloop
  endfacet
  facet normal 0 -0.425706 0.904861
    outer loop
      vertex 0.274633 -4.36518 22.0536
      vertex -0.240145 -3.817 22.3115
      vertex -0.274633 -4.36518 22.0536
    endloop
  endfacet
  facet normal 0.0232423 -0.058705 0.998005
    outer loop
      vertex 0.160409 -0.340887 22.9941
      vertex 0.11642 -0.358303 22.9941
      vertex 0.347424 -1.06926 22.9469
    endloop
  endfacet
  facet normal 0.0371118 0.0510803 0.998005
    outer loop
      vertex 0.716647 0.866279 22.9469
      vertex 0.201869 0.318094 22.9941
      vertex 0.240145 0.290285 22.9941
    endloop
  endfacet
  facet normal 0.0749959 0.103224 0.991827
    outer loop
      vertex 0.993477 1.56547 22.8532
      vertex 0.716647 0.866279 22.9469
      vertex 1.18185 1.42861 22.8532
    endloop
  endfacet
  facet normal 0.114371 0.15742 0.980886
    outer loop
      vertex 1.62841 1.96841 22.7145
      vertex 0.993477 1.56547 22.8532
      vertex 1.18185 1.42861 22.8532
    endloop
  endfacet
  facet normal 0.0432218 0.0460257 0.998005
    outer loop
      vertex 0.716647 0.866279 22.9469
      vertex 0.240145 0.290285 22.9941
      vertex 0.274633 0.257898 22.9941
    endloop
  endfacet
  facet normal 0.0432211 0.0460263 0.998005
    outer loop
      vertex 0.716647 0.866279 22.9469
      vertex 0.274633 0.257898 22.9941
      vertex 0.819571 0.769628 22.9469
    endloop
  endfacet
  facet normal 0.1332 0.141841 0.980887
    outer loop
      vertex 1.86228 1.7488 22.7145
      vertex 1.18185 1.42861 22.8532
      vertex 1.35158 1.26922 22.8532
    endloop
  endfacet
  facet normal 0.0873433 0.0930094 0.991827
    outer loop
      vertex 1.18185 1.42861 22.8532
      vertex 0.819571 0.769628 22.9469
      vertex 1.35158 1.26922 22.8532
    endloop
  endfacet
  facet normal -0.0620206 -0.0118283 0.998005
    outer loop
      vertex -0.364906 -0.0936918 22.9941
      vertex -1.11542 -0.14091 22.9469
      vertex -1.08897 -0.279598 22.9469
    endloop
  endfacet
  facet normal -0.0432218 0.0460257 0.998005
    outer loop
      vertex -0.240145 0.290285 22.9941
      vertex -0.716647 0.866279 22.9469
      vertex -0.274633 0.257898 22.9941
    endloop
  endfacet
  facet normal 0.00791525 0.0626406 0.998005
    outer loop
      vertex 0.0705938 1.12207 22.9469
      vertex 0.0236559 0.375999 22.9941
      vertex 0.21067 1.10437 22.9469
    endloop
  endfacet
  facet normal 0.0159951 0.126584 0.991827
    outer loop
      vertex 0.347424 1.82126 22.8532
      vertex 0.0705938 1.12207 22.9469
      vertex 0.21067 1.10437 22.9469
    endloop
  endfacet
  facet normal -0.0371118 0.0510803 0.998005
    outer loop
      vertex -0.201869 0.318094 22.9941
      vertex -0.716647 0.866279 22.9469
      vertex -0.240145 0.290285 22.9941
    endloop
  endfacet
  facet normal 0 0 1
    outer loop
      vertex 0.373772 0.0472183 22.9941
      vertex 0.373772 -0.0472183 22.9941
      vertex 0.376742 0 22.9941
    endloop
  endfacet
  facet normal 0 0 1
    outer loop
      vertex 0.364906 0.0936918 22.9941
      vertex 0.373772 -0.0472183 22.9941
      vertex 0.373772 0.0472183 22.9941
    endloop
  endfacet
  facet normal 0 0 1
    outer loop
      vertex 0.364906 0.0936918 22.9941
      vertex 0.364906 -0.0936918 22.9941
      vertex 0.373772 -0.0472183 22.9941
    endloop
  endfacet
  facet normal 0 0 1
    outer loop
      vertex 0.350286 0.138688 22.9941
      vertex 0.364906 -0.0936918 22.9941
      vertex 0.364906 0.0936918 22.9941
    endloop
  endfacet
  facet normal 0 0 1
    outer loop
      vertex 0.350286 0.138688 22.9941
      vertex 0.350286 -0.138688 22.9941
      vertex 0.364906 -0.0936918 22.9941
    endloop
  endfacet
  facet normal 0 0 1
    outer loop
      vertex 0.330142 0.181497 22.9941
      vertex 0.350286 -0.138688 22.9941
      vertex 0.350286 0.138688 22.9941
    endloop
  endfacet
  facet normal 0 0 1
    outer loop
      vertex 0.330142 0.181497 22.9941
      vertex 0.330142 -0.181497 22.9941
      vertex 0.350286 -0.138688 22.9941
    endloop
  endfacet
  facet normal 0 0 1
    outer loop
      vertex 0.304791 0.221443 22.9941
      vertex 0.330142 -0.181497 22.9941
      vertex 0.330142 0.181497 22.9941
    endloop
  endfacet
  facet normal 0 0 1
    outer loop
      vertex 0.304791 0.221443 22.9941
      vertex 0.304791 -0.221443 22.9941
      vertex 0.330142 -0.181497 22.9941
    endloop
  endfacet
  facet normal 0 0 1
    outer loop
      vertex 0.274633 0.257898 22.9941
      vertex 0.304791 -0.221443 22.9941
      vertex 0.304791 0.221443 22.9941
    endloop
  endfacet
  facet normal 0 0 1
    outer loop
      vertex 0.274633 0.257898 22.9941
      vertex 0.274633 -0.257898 22.9941
      vertex 0.304791 -0.221443 22.9941
    endloop
  endfacet
  facet normal 0 0 1
    outer loop
      vertex 0.240145 0.290285 22.9941
      vertex 0.274633 -0.257898 22.9941
      vertex 0.274633 0.257898 22.9941
    endloop
  endfacet
  facet normal 0 0 1
    outer loop
      vertex 0.240145 0.290285 22.9941
      vertex 0.240145 -0.290285 22.9941
      vertex 0.274633 -0.257898 22.9941
    endloop
  endfacet
  facet normal 0 0 1
    outer loop
      vertex 0.201869 0.318094 22.9941
      vertex 0.240145 -0.290285 22.9941
      vertex 0.240145 0.290285 22.9941
    endloop
  endfacet
  facet normal 0 0 1
    outer loop
      vertex 0.201869 0.318094 22.9941
      vertex 0.201869 -0.318094 22.9941
      vertex 0.240145 -0.290285 22.9941
    endloop
  endfacet
  facet normal 0 0 1
    outer loop
      vertex 0.160409 0.340887 22.9941
      vertex 0.201869 -0.318094 22.9941
      vertex 0.201869 0.318094 22.9941
    endloop
  endfacet
  facet normal 0 0 1
    outer loop
      vertex 0.160409 0.340887 22.9941
      vertex 0.160409 -0.340887 22.9941
      vertex 0.201869 -0.318094 22.9941
    endloop
  endfacet
  facet normal 0 0 1
    outer loop
      vertex 0.11642 0.358303 22.9941
      vertex 0.160409 -0.340887 22.9941
      vertex 0.160409 0.340887 22.9941
    endloop
  endfacet
  facet normal 0 0 1
    outer loop
      vertex 0.11642 0.358303 22.9941
      vertex 0.11642 -0.358303 22.9941
      vertex 0.160409 -0.340887 22.9941
    endloop
  endfacet
  facet normal 0 0 1
    outer loop
      vertex 0.0705938 0.37007 22.9941
      vertex 0.11642 -0.358303 22.9941
      vertex 0.11642 0.358303 22.9941
    endloop
  endfacet
  facet normal 0 0 1
    outer loop
      vertex 0.0705938 0.37007 22.9941
      vertex 0.0705938 -0.37007 22.9941
      vertex 0.11642 -0.358303 22.9941
    endloop
  endfacet
  facet normal 0 0 1
    outer loop
      vertex 0.0236559 0.375999 22.9941
      vertex 0.0705938 -0.37007 22.9941
      vertex 0.0705938 0.37007 22.9941
    endloop
  endfacet
  facet normal 0 0 1
    outer loop
      vertex 0.0236559 0.375999 22.9941
      vertex 0.0236559 -0.375999 22.9941
      vertex 0.0705938 -0.37007 22.9941
    endloop
  endfacet
  facet normal -0 0 1
    outer loop
      vertex -0.0236559 0.375999 22.9941
      vertex 0.0236559 -0.375999 22.9941
      vertex 0.0236559 0.375999 22.9941
    endloop
  endfacet
  facet normal 0 0 1
    outer loop
      vertex -0.0236559 0.375999 22.9941
      vertex -0.0236559 -0.375999 22.9941
      vertex 0.0236559 -0.375999 22.9941
    endloop
  endfacet
  facet normal -0 0 1
    outer loop
      vertex -0.0705938 0.37007 22.9941
      vertex -0.0236559 -0.375999 22.9941
      vertex -0.0236559 0.375999 22.9941
    endloop
  endfacet
  facet normal 0 0 1
    outer loop
      vertex -0.0705938 0.37007 22.9941
      vertex -0.0705938 -0.37007 22.9941
      vertex -0.0236559 -0.375999 22.9941
    endloop
  endfacet
  facet normal -0 0 1
    outer loop
      vertex -0.11642 0.358303 22.9941
      vertex -0.0705938 -0.37007 22.9941
      vertex -0.0705938 0.37007 22.9941
    endloop
  endfacet
  facet normal 0 0 1
    outer loop
      vertex -0.11642 0.358303 22.9941
      vertex -0.11642 -0.358303 22.9941
      vertex -0.0705938 -0.37007 22.9941
    endloop
  endfacet
  facet normal -0 0 1
    outer loop
      vertex -0.160409 0.340887 22.9941
      vertex -0.11642 -0.358303 22.9941
      vertex -0.11642 0.358303 22.9941
    endloop
  endfacet
  facet normal 0 0 1
    outer loop
      vertex -0.160409 0.340887 22.9941
      vertex -0.160409 -0.340887 22.9941
      vertex -0.11642 -0.358303 22.9941
    endloop
  endfacet
  facet normal -0 0 1
    outer loop
      vertex -0.201869 0.318094 22.9941
      vertex -0.160409 -0.340887 22.9941
      vertex -0.160409 0.340887 22.9941
    endloop
  endfacet
  facet normal 0 0 1
    outer loop
      vertex -0.201869 0.318094 22.9941
      vertex -0.201869 -0.318094 22.9941
      vertex -0.160409 -0.340887 22.9941
    endloop
  endfacet
  facet normal -0 0 1
    outer loop
      vertex -0.240145 0.290285 22.9941
      vertex -0.201869 -0.318094 22.9941
      vertex -0.201869 0.318094 22.9941
    endloop
  endfacet
  facet normal 0 0 1
    outer loop
      vertex -0.240145 0.290285 22.9941
      vertex -0.240145 -0.290285 22.9941
      vertex -0.201869 -0.318094 22.9941
    endloop
  endfacet
  facet normal -0 0 1
    outer loop
      vertex -0.274633 0.257898 22.9941
      vertex -0.240145 -0.290285 22.9941
      vertex -0.240145 0.290285 22.9941
    endloop
  endfacet
  facet normal 0 0 1
    outer loop
      vertex -0.274633 0.257898 22.9941
      vertex -0.274633 -0.257898 22.9941
      vertex -0.240145 -0.290285 22.9941
    endloop
  endfacet
  facet normal -0 0 1
    outer loop
      vertex -0.304791 0.221443 22.9941
      vertex -0.274633 -0.257898 22.9941
      vertex -0.274633 0.257898 22.9941
    endloop
  endfacet
  facet normal 0 0 1
    outer loop
      vertex -0.304791 0.221443 22.9941
      vertex -0.304791 -0.221443 22.9941
      vertex -0.274633 -0.257898 22.9941
    endloop
  endfacet
  facet normal -0 0 1
    outer loop
      vertex -0.330142 0.181497 22.9941
      vertex -0.304791 -0.221443 22.9941
      vertex -0.304791 0.221443 22.9941
    endloop
  endfacet
  facet normal 0 0 1
    outer loop
      vertex -0.330142 0.181497 22.9941
      vertex -0.330142 -0.181497 22.9941
      vertex -0.304791 -0.221443 22.9941
    endloop
  endfacet
  facet normal -0 0 1
    outer loop
      vertex -0.350286 0.138688 22.9941
      vertex -0.330142 -0.181497 22.9941
      vertex -0.330142 0.181497 22.9941
    endloop
  endfacet
  facet normal 0 0 1
    outer loop
      vertex -0.350286 0.138688 22.9941
      vertex -0.350286 -0.138688 22.9941
      vertex -0.330142 -0.181497 22.9941
    endloop
  endfacet
  facet normal -0 0 1
    outer loop
      vertex -0.364906 0.0936918 22.9941
      vertex -0.350286 -0.138688 22.9941
      vertex -0.350286 0.138688 22.9941
    endloop
  endfacet
  facet normal 0 0 1
    outer loop
      vertex -0.364906 0.0936918 22.9941
      vertex -0.364906 -0.0936918 22.9941
      vertex -0.350286 -0.138688 22.9941
    endloop
  endfacet
  facet normal -0 0 1
    outer loop
      vertex -0.373772 0.0472183 22.9941
      vertex -0.364906 -0.0936918 22.9941
      vertex -0.364906 0.0936918 22.9941
    endloop
  endfacet
  facet normal 0 0 1
    outer loop
      vertex -0.373772 0.0472183 22.9941
      vertex -0.373772 -0.0472183 22.9941
      vertex -0.364906 -0.0936918 22.9941
    endloop
  endfacet
  facet normal 0 -0 1
    outer loop
      vertex -0.373772 -0.0472183 22.9941
      vertex -0.373772 0.0472183 22.9941
      vertex -0.376742 0 22.9941
    endloop
  endfacet
  facet normal -0.298509 0.542982 0.784897
    outer loop
      vertex -2.23868 4.75744 21.4453
      vertex -2.60096 4.09845 21.7634
      vertex -2.06678 4.39212 21.7634
    endloop
  endfacet
  facet normal -0.228096 0.576115 0.784898
    outer loop
      vertex -1.5 4.61652 21.7634
      vertex -2.23868 4.75744 21.4453
      vertex -2.06678 4.39212 21.7634
    endloop
  endfacet
  facet normal -0.250225 0.344401 0.904862
    outer loop
      vertex -2.34361 3.69293 22.0536
      vertex -2.78797 3.37008 22.0536
      vertex -2.43786 2.94686 22.3115
    endloop
  endfacet
  facet normal -0.291418 0.310324 0.904862
    outer loop
      vertex -2.78797 3.37008 22.0536
      vertex -2.78797 2.61808 22.3115
      vertex -2.43786 2.94686 22.3115
    endloop
  endfacet
  facet normal -0.228094 0.576119 0.784895
    outer loop
      vertex -1.62476 5.0005 21.4453
      vertex -2.23868 4.75744 21.4453
      vertex -1.5 4.61652 21.7634
    endloop
  endfacet
  facet normal -0.10587 0.412328 0.904863
    outer loop
      vertex -0.819571 4.29634 22.0536
      vertex -1.35158 4.15974 22.0536
      vertex -0.716647 3.7568 22.3115
    endloop
  endfacet
  facet normal -0.0649083 0.513815 0.855442
    outer loop
      vertex -0.304791 4.84452 21.7634
      vertex -0.819571 4.29634 22.0536
      vertex -0.274633 4.36518 22.0536
    endloop
  endfacet
  facet normal -0.308854 0.780076 0.544142
    outer loop
      vertex -1.7239 5.30562 21.1044
      vertex -2.47442 5.2584 20.7461
      vertex -2.37528 5.04772 21.1044
    endloop
  endfacet
  facet normal -0.404188 0.735215 0.544143
    outer loop
      vertex -2.47442 5.2584 20.7461
      vertex -2.98919 4.71022 21.1044
      vertex -2.37528 5.04772 21.1044
    endloop
  endfacet
  facet normal -0.154098 0.60016 0.784896
    outer loop
      vertex -0.985221 5.16471 21.4453
      vertex -1.5 4.61652 21.7634
      vertex -0.909568 4.76812 21.7634
    endloop
  endfacet
  facet normal -0.12734 0.00801151 0.991827
    outer loop
      vertex -1.83948 0.23238 22.8532
      vertex -1.8541 0 22.8532
      vertex -1.12429 0 22.9469
    endloop
  endfacet
  facet normal -0.127339 0.00801572 0.991827
    outer loop
      vertex -1.11542 0.14091 22.9469
      vertex -1.83948 0.23238 22.8532
      vertex -1.12429 0 22.9469
    endloop
  endfacet
  facet normal -0.115448 0.0543265 0.991827
    outer loop
      vertex -1.62476 0.89322 22.8532
      vertex -1.7239 0.68254 22.8532
      vertex -0.985221 0.54163 22.9469
    endloop
  endfacet
  facet normal -0.115448 0.0543283 0.991827
    outer loop
      vertex -0.985221 0.54163 22.9469
      vertex -1.7239 0.68254 22.8532
      vertex -1.04534 0.413877 22.9469
    endloop
  endfacet
  facet normal -0.0983115 0.0813293 0.991827
    outer loop
      vertex -0.819571 0.769628 22.9469
      vertex -1.5 1.08981 22.8532
      vertex -0.909568 0.660839 22.9469
    endloop
  endfacet
  facet normal -0.149926 0.124029 0.980887
    outer loop
      vertex -1.35158 1.26922 22.8532
      vertex -1.86228 1.7488 22.7145
      vertex -1.5 1.08981 22.8532
    endloop
  endfacet
  facet normal -0.164291 0.104259 0.980887
    outer loop
      vertex -2.06678 1.5016 22.7145
      vertex -2.23868 1.23072 22.7145
      vertex -1.62476 0.89322 22.8532
    endloop
  endfacet
  facet normal -0.224203 0.142279 0.964101
    outer loop
      vertex -2.06678 1.5016 22.7145
      vertex -2.60096 1.88971 22.533
      vertex -2.23868 1.23072 22.7145
    endloop
  endfacet
  facet normal 0.0620206 0.0118283 0.998005
    outer loop
      vertex 1.08897 0.279598 22.9469
      vertex 0.364906 0.0936918 22.9941
      vertex 1.11542 0.14091 22.9469
    endloop
  endfacet
  facet normal 0.0620203 0.011832 0.998005
    outer loop
      vertex 1.11542 0.14091 22.9469
      vertex 0.364906 0.0936918 22.9941
      vertex 0.373772 0.0472183 22.9941
    endloop
  endfacet
  facet normal 0.0983115 -0.0813293 0.991827
    outer loop
      vertex 0.909568 -0.660839 22.9469
      vertex 0.819571 -0.769628 22.9469
      vertex 1.5 -1.08981 22.8532
    endloop
  endfacet
  facet normal 0.107729 -0.0683674 0.991827
    outer loop
      vertex 0.985221 -0.54163 22.9469
      vertex 0.909568 -0.660839 22.9469
      vertex 1.5 -1.08981 22.8532
    endloop
  endfacet
  facet normal 0.0620203 -0.011832 0.998005
    outer loop
      vertex 0.373772 -0.0472183 22.9941
      vertex 0.364906 -0.0936918 22.9941
      vertex 1.11542 -0.14091 22.9469
    endloop
  endfacet
  facet normal 0.194196 -0.0122212 0.980887
    outer loop
      vertex 2.55468 0 22.7145
      vertex 1.83948 -0.23238 22.8532
      vertex 2.53453 -0.320186 22.7145
    endloop
  endfacet
  facet normal 0.12734 -0.00801151 0.991827
    outer loop
      vertex 1.8541 0 22.8532
      vertex 1.12429 0 22.9469
      vertex 1.83948 -0.23238 22.8532
    endloop
  endfacet
  facet normal 0.17606 -0.0828499 0.980887
    outer loop
      vertex 2.37528 -0.940438 22.7145
      vertex 1.7239 -0.68254 22.8532
      vertex 2.23868 -1.23072 22.7145
    endloop
  endfacet
  facet normal 0.185056 -0.0601294 0.980887
    outer loop
      vertex 2.47442 -0.635322 22.7145
      vertex 1.7239 -0.68254 22.8532
      vertex 2.37528 -0.940438 22.7145
    endloop
  endfacet
  facet normal -0.0232423 0.058705 0.998005
    outer loop
      vertex -0.11642 0.358303 22.9941
      vertex -0.347424 1.06926 22.9469
      vertex -0.160409 0.340887 22.9941
    endloop
  endfacet
  facet normal 0.0983113 -0.0813297 0.991827
    outer loop
      vertex 1.5 -1.08981 22.8532
      vertex 0.819571 -0.769628 22.9469
      vertex 1.35158 -1.26922 22.8532
    endloop
  endfacet
  facet normal 0.149926 -0.124029 0.980887
    outer loop
      vertex 1.5 -1.08981 22.8532
      vertex 1.35158 -1.26922 22.8532
      vertex 1.86228 -1.7488 22.7145
    endloop
  endfacet
  facet normal 0.0937381 -0.170512 0.980887
    outer loop
      vertex 0.993477 -1.56547 22.8532
      vertex 0.789437 -1.67764 22.8532
      vertex 1.08773 -2.31154 22.7145
    endloop
  endfacet
  facet normal 0.0371118 -0.0510804 0.998005
    outer loop
      vertex 0.716647 -0.866279 22.9469
      vertex 0.201869 -0.318094 22.9941
      vertex 0.602423 -0.949267 22.9469
    endloop
  endfacet
  facet normal 0.114371 -0.157421 0.980886
    outer loop
      vertex 1.62841 -1.96841 22.7145
      vertex 0.993477 -1.56547 22.8532
      vertex 1.36886 -2.15698 22.7145
    endloop
  endfacet
  facet normal 0.0937439 -0.170511 0.980886
    outer loop
      vertex 1.36886 -2.15698 22.7145
      vertex 0.993477 -1.56547 22.8532
      vertex 1.08773 -2.31154 22.7145
    endloop
  endfacet
  facet normal 0.0371118 0.0510804 0.998005
    outer loop
      vertex 0.602423 0.949267 22.9469
      vertex 0.201869 0.318094 22.9941
      vertex 0.716647 0.866279 22.9469
    endloop
  endfacet
  facet normal -0.107729 -0.0683674 0.991827
    outer loop
      vertex -0.985221 -0.54163 22.9469
      vertex -1.5 -1.08981 22.8532
      vertex -0.909568 -0.660839 22.9469
    endloop
  endfacet
  facet normal -0.107729 -0.0683671 0.991827
    outer loop
      vertex -0.985221 -0.54163 22.9469
      vertex -1.62476 -0.89322 22.8532
      vertex -1.5 -1.08981 22.8532
    endloop
  endfacet
  facet normal -0.0332864 -0.263446 0.9641
    outer loop
      vertex -0.478698 -2.50943 22.7145
      vertex -0.602423 -3.15801 22.533
      vertex -0.201869 -3.20862 22.533
    endloop
  endfacet
  facet normal -0.0660338 -0.257199 0.9641
    outer loop
      vertex -0.478698 -2.50943 22.7145
      vertex -0.993477 -3.05761 22.533
      vertex -0.602423 -3.15801 22.533
    endloop
  endfacet
  facet normal 0.0850749 -0.331363 0.93966
    outer loop
      vertex 0.993477 -3.05761 22.533
      vertex 0.602423 -3.15801 22.533
      vertex 0.716647 -3.7568 22.3115
    endloop
  endfacet
  facet normal 0.0850771 -0.331364 0.939659
    outer loop
      vertex 0.993477 -3.05761 22.533
      vertex 0.716647 -3.7568 22.3115
      vertex 1.18185 -3.63736 22.3115
    endloop
  endfacet
  facet normal -0.0304175 0.0553287 0.998005
    outer loop
      vertex -0.160409 0.340887 22.9941
      vertex -0.602423 0.949267 22.9469
      vertex -0.201869 0.318094 22.9941
    endloop
  endfacet
  facet normal -0.0371118 0.0510804 0.998005
    outer loop
      vertex -0.602423 0.949267 22.9469
      vertex -0.716647 0.866279 22.9469
      vertex -0.201869 0.318094 22.9941
    endloop
  endfacet
  facet normal -0.190647 0.481528 0.855444
    outer loop
      vertex -1.5 4.61652 21.7634
      vertex -2.06678 4.39212 21.7634
      vertex -1.86228 3.95754 22.0536
    endloop
  endfacet
  facet normal -0.190651 0.481529 0.855442
    outer loop
      vertex -1.5 4.61652 21.7634
      vertex -1.86228 3.95754 22.0536
      vertex -1.35158 4.15974 22.0536
    endloop
  endfacet
  facet normal -0.351157 0.63874 0.684617
    outer loop
      vertex -2.23868 4.75744 21.4453
      vertex -2.98919 4.71022 21.1044
      vertex -2.81729 4.43934 21.4453
    endloop
  endfacet
  facet normal -0.298513 0.542983 0.784894
    outer loop
      vertex -2.23868 4.75744 21.4453
      vertex -2.81729 4.43934 21.4453
      vertex -2.60096 4.09845 21.7634
    endloop
  endfacet
  facet normal -0.181275 0.706 0.68462
    outer loop
      vertex -1.04534 5.47985 21.1044
      vertex -1.7239 5.30562 21.1044
      vertex -0.985221 5.16471 21.4453
    endloop
  endfacet
  facet normal -0.181275 0.706001 0.684619
    outer loop
      vertex -0.985221 5.16471 21.4453
      vertex -1.7239 5.30562 21.1044
      vertex -1.62476 5.0005 21.4453
    endloop
  endfacet
  facet normal -0.0983113 0.0813297 0.991827
    outer loop
      vertex -1.35158 1.26922 22.8532
      vertex -1.5 1.08981 22.8532
      vertex -0.819571 0.769628 22.9469
    endloop
  endfacet
  facet normal -0.0873433 0.0930094 0.991827
    outer loop
      vertex -1.18185 1.42861 22.8532
      vertex -1.35158 1.26922 22.8532
      vertex -0.819571 0.769628 22.9469
    endloop
  endfacet
  facet normal 0.0873416 -0.0930104 0.991827
    outer loop
      vertex 0.819571 -0.769628 22.9469
      vertex 0.716647 -0.866279 22.9469
      vertex 1.18185 -1.42861 22.8532
    endloop
  endfacet
  facet normal 0.0432211 -0.0460263 0.998005
    outer loop
      vertex 0.819571 -0.769628 22.9469
      vertex 0.274633 -0.257898 22.9941
      vertex 0.716647 -0.866279 22.9469
    endloop
  endfacet
  facet normal 0.121347 -0.0394282 0.991827
    outer loop
      vertex 1.08897 -0.279598 22.9469
      vertex 1.04534 -0.413877 22.9469
      vertex 1.79585 -0.461096 22.8532
    endloop
  endfacet
  facet normal 0.0600481 -0.0195109 0.998005
    outer loop
      vertex 1.08897 -0.279598 22.9469
      vertex 0.350286 -0.138688 22.9941
      vertex 1.04534 -0.413877 22.9469
    endloop
  endfacet
  facet normal 0.194195 -0.0122176 0.980887
    outer loop
      vertex 1.8541 0 22.8532
      vertex 1.83948 -0.23238 22.8532
      vertex 2.55468 0 22.7145
    endloop
  endfacet
  facet normal 0.194195 0.0122176 0.980887
    outer loop
      vertex 2.55468 0 22.7145
      vertex 1.83948 0.23238 22.8532
      vertex 1.8541 0 22.8532
    endloop
  endfacet
  facet normal 0.115448 -0.0543283 0.991827
    outer loop
      vertex 1.04534 -0.413877 22.9469
      vertex 0.985221 -0.54163 22.9469
      vertex 1.7239 -0.68254 22.8532
    endloop
  endfacet
  facet normal 0.0571288 -0.0268841 0.998005
    outer loop
      vertex 1.04534 -0.413877 22.9469
      vertex 0.350286 -0.138688 22.9941
      vertex 0.985221 -0.54163 22.9469
    endloop
  endfacet
  facet normal 0 0.619632 0.784893
    outer loop
      vertex 0.330142 5.24746 21.4453
      vertex -0.304791 4.84452 21.7634
      vertex 0.304791 4.84452 21.7634
    endloop
  endfacet
  facet normal 0 0.619632 0.784893
    outer loop
      vertex -0.304791 4.84452 21.7634
      vertex 0.330142 5.24746 21.4453
      vertex -0.330142 5.24746 21.4453
    endloop
  endfacet
  facet normal 0.0304175 -0.0553287 0.998005
    outer loop
      vertex 0.201869 -0.318094 22.9941
      vertex 0.160409 -0.340887 22.9941
      vertex 0.602423 -0.949267 22.9469
    endloop
  endfacet
  facet normal 0.0304188 -0.0553278 0.998005
    outer loop
      vertex 0.602423 -0.949267 22.9469
      vertex 0.160409 -0.340887 22.9941
      vertex 0.478698 -1.01729 22.9469
    endloop
  endfacet
  facet normal 0.0533095 -0.0338316 0.998005
    outer loop
      vertex 0.985221 -0.54163 22.9469
      vertex 0.304791 -0.221443 22.9941
      vertex 0.909568 -0.660839 22.9469
    endloop
  endfacet
  facet normal 0.0486492 -0.0402459 0.998005
    outer loop
      vertex 0.304791 -0.221443 22.9941
      vertex 0.274633 -0.257898 22.9941
      vertex 0.909568 -0.660839 22.9469
    endloop
  endfacet
  facet normal 0.995253 0.062615 0.0745082
    outer loop
      vertex 7.5 0 0
      vertex 7.4392 0.938913 0.0231023
      vertex 7.49794 1.06107e-05 0.0275078
    endloop
  endfacet
  facet normal 0.997208 0 0.0746787
    outer loop
      vertex 7.5 0 0
      vertex 7.49794 1.06107e-05 0.0275078
      vertex 7.49794 0 0.0275078
    endloop
  endfacet
  facet normal 0.995256 0.0626165 0.074457
    outer loop
      vertex 7.4392 0.938913 0.0231023
      vertex 7.5 0 0
      vertex 7.44086 0.939999 0
    endloop
  endfacet
  facet normal 0.995314 0.0615726 0.0745581
    outer loop
      vertex 6.00198 0.00129319 19.9725
      vertex 6 0 20
      vertex 6.00206 0 19.9725
    endloop
  endfacet
  facet normal 0.768358 -0.635641 0.0747367
    outer loop
      vertex 5.46578 -5.1327 0.0272318
      vertex 6.06763 -4.40839 0
      vertex 6.06588 -4.40808 0.0206281
    endloop
  endfacet
  facet normal 0.76837 -0.635662 0.0744392
    outer loop
      vertex 6.06763 -4.40839 0
      vertex 5.46578 -5.1327 0.0272318
      vertex 5.46726 -5.1341 0
    endloop
  endfacet
  facet normal 0.770419 -0.633116 0.07496
    outer loop
      vertex 4.37616 -4.1077 19.9723
      vertex 4.37381 -4.10728 20
      vertex 4.37533 -4.10871 19.9723
    endloop
  endfacet
  facet normal 0.480422 -0.873881 0.0743416
    outer loop
      vertex 3.19334 -6.7862 0
      vertex 4.0173 -6.33159 0.0191862
      vertex 3.19249 -6.78438 0.026887
    endloop
  endfacet
  facet normal 0.480404 -0.873862 0.07468
    outer loop
      vertex 4.0173 -6.33159 0.0191862
      vertex 3.19334 -6.7862 0
      vertex 4.0187 -6.33246 0
    endloop
  endfacet
  facet normal 0.475929 -0.876315 0.074592
    outer loop
      vertex 2.55673 -5.43023 19.972
      vertex 2.55468 -5.42896 20
      vertex 2.55557 -5.43086 19.972
    endloop
  endfacet
  facet normal -0.768361 -0.635644 0.0746897
    outer loop
      vertex -4.8561 -3.52817 19.967
      vertex -4.37381 -4.10728 20
      vertex -4.8541 -3.52671 20
    endloop
  endfacet
  facet normal -0.768357 -0.635633 0.0748232
    outer loop
      vertex -4.37381 -4.10728 20
      vertex -4.8561 -3.52817 19.967
      vertex -4.37616 -4.1077 19.9723
    endloop
  endfacet
  facet normal -0.76641 -0.638004 0.0746069
    outer loop
      vertex -6.06638 -4.40748 0.0206227
      vertex -6.06763 -4.40839 0
      vertex -6.06588 -4.40808 0.0206281
    endloop
  endfacet
  facet normal -0.76837 0.635662 0.0744392
    outer loop
      vertex -6.06763 4.40839 0
      vertex -5.46578 5.1327 0.0272318
      vertex -5.46726 5.1341 0
    endloop
  endfacet
  facet normal -0.768358 0.635641 0.0747367
    outer loop
      vertex -5.46578 5.1327 0.0272318
      vertex -6.06763 4.40839 0
      vertex -6.06588 4.40808 0.0206281
    endloop
  endfacet
  facet normal -0.770419 0.633116 0.07496
    outer loop
      vertex -4.37533 4.10871 19.9723
      vertex -4.37616 4.1077 19.9723
      vertex -4.37381 4.10728 20
    endloop
  endfacet
  facet normal -0.248002 -0.96588 0.0746336
    outer loop
      vertex -1.17053 -5.88466 19.9637
      vertex -1.8541 -5.70634 20
      vertex -1.85345 -5.70874 19.9711
    endloop
  endfacet
  facet normal -0.247989 -0.965869 0.0748269
    outer loop
      vertex -1.8541 -5.70634 20
      vertex -1.17053 -5.88466 19.9637
      vertex -1.12429 -5.89372 20
    endloop
  endfacet
  facet normal -0.247907 -0.965898 0.074716
    outer loop
      vertex -1.12429 -5.89372 20
      vertex -1.17053 -5.88466 19.9637
      vertex -1.12479 -5.89633 19.9646
    endloop
  endfacet
  facet normal -0.247979 -0.965886 0.0746416
    outer loop
      vertex -1.50443 -7.00048 4.41553
      vertex -1.29239 -6.77494 8.03854
      vertex -1.28497 -6.45997 12.139
    endloop
  endfacet
  facet normal -0.24801 -0.965878 0.0746429
    outer loop
      vertex -1.29239 -6.77494 8.03854
      vertex -1.50443 -7.00048 4.41553
      vertex -1.40536 -7.36715 0
    endloop
  endfacet
  facet normal 0.367098 -0.927182 0.0746548
    outer loop
      vertex 2.29266 -5.53498 19.9717
      vertex 2.55468 -5.42896 20
      vertex 1.8541 -5.70634 20
    endloop
  endfacet
  facet normal 0.367107 -0.927184 0.0745848
    outer loop
      vertex 2.55468 -5.42896 20
      vertex 2.29266 -5.53498 19.9717
      vertex 2.55557 -5.43086 19.972
    endloop
  endfacet
  facet normal 0.367099 -0.927178 0.074691
    outer loop
      vertex 2.29266 -5.53498 19.9717
      vertex 1.8541 -5.70634 20
      vertex 1.85604 -5.7079 19.9711
    endloop
  endfacet
  facet normal 0.361834 -0.929274 0.0743421
    outer loop
      vertex 3.19249 -6.78438 0.026887
      vertex 3.19154 -6.78475 0.0268858
      vertex 3.19334 -6.7862 0
    endloop
  endfacet
  facet normal -0.124989 0.989335 0.0747899
    outer loop
      vertex -1.12313 5.89654 19.9646
      vertex -0.376742 5.98816 20
      vertex -0.376876 5.99029 19.9716
    endloop
  endfacet
  facet normal -0.124986 0.989341 0.0747163
    outer loop
      vertex -0.376742 5.98816 20
      vertex -1.12313 5.89654 19.9646
      vertex -1.12429 5.89372 20
    endloop
  endfacet
  facet normal -0.121169 0.98981 0.0747927
    outer loop
      vertex -0.470928 7.4852 0
      vertex -0.47179 7.4831 0.026395
      vertex -0.470804 7.48322 0.0264043
    endloop
  endfacet
  facet normal 0.841986 -0.534333 0.0744886
    outer loop
      vertex 5.25784 -2.89052 20
      vertex 4.98265 -3.3293 19.9631
      vertex 5.25982 -2.89161 19.9698
    endloop
  endfacet
  facet normal 0.841974 -0.534335 0.0745986
    outer loop
      vertex 4.8541 -3.52671 20
      vertex 4.98265 -3.3293 19.9631
      vertex 5.25784 -2.89052 20
    endloop
  endfacet
  facet normal 0.841977 -0.534313 0.0747278
    outer loop
      vertex 4.98265 -3.3293 19.9631
      vertex 4.8541 -3.52671 20
      vertex 4.85694 -3.52685 19.967
    endloop
  endfacet
  facet normal 0.845731 -0.528345 0.0747749
    outer loop
      vertex 6.57071 -3.61228 0.0241307
      vertex 6.57023 -3.61305 0.024119
      vertex 6.5723 -3.61315 0
    endloop
  endfacet
  facet normal 0.365311 -0.927891 0.0746095
    outer loop
      vertex 1.85604 -5.7079 19.9711
      vertex 1.8541 -5.70634 20
      vertex 1.85477 -5.7084 19.9711
    endloop
  endfacet
  facet normal 0.367094 -0.927179 0.0747081
    outer loop
      vertex 2.31763 -7.13292 0
      vertex 3.19154 -6.78475 0.0268858
      vertex 2.31703 -7.13108 0.0257839
    endloop
  endfacet
  facet normal 0.367101 -0.927186 0.0745822
    outer loop
      vertex 3.19154 -6.78475 0.0268858
      vertex 2.31763 -7.13292 0
      vertex 3.19334 -6.7862 0
    endloop
  endfacet
  facet normal 0.76837 0.635662 0.0744392
    outer loop
      vertex 5.46578 5.1327 0.0272318
      vertex 6.06763 4.40839 0
      vertex 5.46726 5.1341 0
    endloop
  endfacet
  facet normal 0.768358 0.635641 0.0747367
    outer loop
      vertex 6.06763 4.40839 0
      vertex 5.46578 5.1327 0.0272318
      vertex 6.06588 4.40808 0.0206281
    endloop
  endfacet
  facet normal 0.770419 0.633116 0.07496
    outer loop
      vertex 4.37533 4.10871 19.9723
      vertex 4.37381 4.10728 20
      vertex 4.37616 4.1077 19.9723
    endloop
  endfacet
  facet normal 0.902309 0.424608 0.0744832
    outer loop
      vertex 5.25784 2.89052 20
      vertex 5.54042 2.29492 19.9721
      vertex 5.25982 2.89161 19.9698
    endloop
  endfacet
  facet normal 0.902299 0.424594 0.0746726
    outer loop
      vertex 5.57866 2.20875 20
      vertex 5.54042 2.29492 19.9721
      vertex 5.25784 2.89052 20
    endloop
  endfacet
  facet normal 0.902337 0.424548 0.0744775
    outer loop
      vertex 5.54042 2.29492 19.9721
      vertex 5.57866 2.20875 20
      vertex 5.58003 2.21068 19.9724
    endloop
  endfacet
  facet normal 0.900422 0.428541 0.0747804
    outer loop
      vertex 6.5723 3.61315 0
      vertex 6.57071 3.61228 0.0241307
      vertex 6.5711 3.61146 0.0241339
    endloop
  endfacet
  facet normal 0.997208 -0 0.0746787
    outer loop
      vertex 7.49794 -1.06107e-05 0.0275078
      vertex 7.5 0 0
      vertex 7.49794 0 0.0275078
    endloop
  endfacet
  facet normal 0.995253 -0.062615 0.0745082
    outer loop
      vertex 7.4392 -0.938913 0.0231023
      vertex 7.5 0 0
      vertex 7.49794 -1.06107e-05 0.0275078
    endloop
  endfacet
  facet normal 0.995256 -0.0626165 0.074457
    outer loop
      vertex 7.5 0 0
      vertex 7.4392 -0.938913 0.0231023
      vertex 7.44086 -0.939999 0
    endloop
  endfacet
  facet normal 0.995314 -0.0615726 0.0745581
    outer loop
      vertex 6.00206 0 19.9725
      vertex 6 0 20
      vertex 6.00198 -0.00129319 19.9725
    endloop
  endfacet
  facet normal -0.948412 0.308158 0.0745158
    outer loop
      vertex -7.26437 1.86517 0
      vertex -6.97173 2.75919 0.0274327
      vertex -6.97332 2.76093 0
    endloop
  endfacet
  facet normal -0.948412 0.308157 0.0745288
    outer loop
      vertex -6.97173 2.75919 0.0274327
      vertex -7.26437 1.86517 0
      vertex -7.26278 1.86476 0.0219287
    endloop
  endfacet
  facet normal -0.94931 0.305373 0.0745507
    outer loop
      vertex -5.81336 1.49417 19.968
      vertex -5.81382 1.49274 19.968
      vertex -5.8115 1.49214 20
    endloop
  endfacet
  facet normal -0.997208 0 0.0746787
    outer loop
      vertex -7.5 0 0
      vertex -7.49794 -1.06107e-05 0.0275078
      vertex -7.49794 0 0.0275078
    endloop
  endfacet
  facet normal -0.995253 -0.062615 0.0745082
    outer loop
      vertex -7.5 0 0
      vertex -7.4392 -0.938913 0.0231023
      vertex -7.49794 -1.06107e-05 0.0275078
    endloop
  endfacet
  facet normal -0.995256 -0.0626165 0.074457
    outer loop
      vertex -7.4392 -0.938913 0.0231023
      vertex -7.5 0 0
      vertex -7.44086 -0.939999 0
    endloop
  endfacet
  facet normal -0.995314 -0.0615726 0.0745581
    outer loop
      vertex -6 0 20
      vertex -6.00206 0 19.9725
      vertex -6.00198 -0.00129319 19.9725
    endloop
  endfacet
  facet normal 0.682651 0.72694 0.0744732
    outer loop
      vertex 4.78068 5.77885 0
      vertex 5.46578 5.1327 0.0272318
      vertex 5.46726 5.1341 0
    endloop
  endfacet
  facet normal 0.682641 0.726935 0.0746135
    outer loop
      vertex 5.46578 5.1327 0.0272318
      vertex 4.78068 5.77885 0
      vertex 4.78017 5.77676 0.0250282
    endloop
  endfacet
  facet normal 0.681761 0.727722 0.0749791
    outer loop
      vertex 4.37438 4.1096 19.9723
      vertex 4.37381 4.10728 20
      vertex 4.37533 4.10871 19.9723
    endloop
  endfacet
  facet normal -0.902337 -0.424548 0.0744775
    outer loop
      vertex -5.54042 -2.29492 19.9721
      vertex -5.57866 -2.20875 20
      vertex -5.58003 -2.21068 19.9724
    endloop
  endfacet
  facet normal -0.902299 -0.424594 0.0746726
    outer loop
      vertex -5.54042 -2.29492 19.9721
      vertex -5.25784 -2.89052 20
      vertex -5.57866 -2.20875 20
    endloop
  endfacet
  facet normal -0.902309 -0.424608 0.0744832
    outer loop
      vertex -5.25784 -2.89052 20
      vertex -5.54042 -2.29492 19.9721
      vertex -5.25982 -2.89161 19.9698
    endloop
  endfacet
  facet normal -0.900422 -0.428541 0.0747804
    outer loop
      vertex -6.5711 -3.61146 0.0241339
      vertex -6.5723 -3.61315 0
      vertex -6.57071 -3.61228 0.0241307
    endloop
  endfacet
  facet normal -0.247978 0.965886 0.074643
    outer loop
      vertex -1.57979 7.18608 1.76357
      vertex -1.40536 7.36715 0
      vertex -1.62938 7.30822 0.0183215
    endloop
  endfacet
  facet normal -0.247962 0.96589 0.074645
    outer loop
      vertex -1.40536 7.36715 0
      vertex -1.57979 7.18608 1.76357
      vertex -1.50443 7.00048 4.41553
    endloop
  endfacet
  facet normal -0.247999 0.965897 0.0744247
    outer loop
      vertex -2.31763 7.13292 0
      vertex -1.62938 7.30822 0.0183215
      vertex -1.40536 7.36715 0
    endloop
  endfacet
  facet normal -0.248001 0.965876 0.0746982
    outer loop
      vertex -1.62938 7.30822 0.0183215
      vertex -2.31763 7.13292 0
      vertex -2.31703 7.13108 0.0257839
    endloop
  endfacet
  facet normal -0.248739 0.965693 0.0746015
    outer loop
      vertex -1.85345 5.70874 19.9711
      vertex -1.85477 5.7084 19.9711
      vertex -1.8541 5.70634 20
    endloop
  endfacet
  facet normal 0.678006 0.731233 0.0748779
    outer loop
      vertex 4.78068 5.77885 0
      vertex 4.77948 5.7774 0.025026
      vertex 4.78017 5.77676 0.0250282
    endloop
  endfacet
  facet normal 0.682612 0.72693 0.0749302
    outer loop
      vertex 3.82595 4.62478 19.9705
      vertex 4.37381 4.10728 20
      vertex 4.37438 4.1096 19.9723
    endloop
  endfacet
  facet normal 0.682645 0.726941 0.0745196
    outer loop
      vertex 4.37381 4.10728 20
      vertex 3.82595 4.62478 19.9705
      vertex 3.82454 4.62308 20
    endloop
  endfacet
  facet normal -0.768358 -0.635641 0.0747367
    outer loop
      vertex -6.06763 -4.40839 0
      vertex -5.46578 -5.1327 0.0272318
      vertex -6.06588 -4.40808 0.0206281
    endloop
  endfacet
  facet normal -0.76837 -0.635662 0.0744392
    outer loop
      vertex -5.46578 -5.1327 0.0272318
      vertex -6.06763 -4.40839 0
      vertex -5.46726 -5.1341 0
    endloop
  endfacet
  facet normal -0.770419 -0.633116 0.07496
    outer loop
      vertex -4.37381 -4.10728 20
      vertex -4.37616 -4.1077 19.9723
      vertex -4.37533 -4.10871 19.9723
    endloop
  endfacet
  facet normal 0.248001 0.965876 0.0746982
    outer loop
      vertex 2.31703 7.13108 0.0257839
      vertex 2.31763 7.13292 0
      vertex 1.62938 7.30822 0.0183215
    endloop
  endfacet
  facet normal 0.247962 0.96589 0.074645
    outer loop
      vertex 1.57979 7.18608 1.76357
      vertex 1.40536 7.36715 0
      vertex 1.50443 7.00048 4.41553
    endloop
  endfacet
  facet normal 0.247978 0.965886 0.074643
    outer loop
      vertex 1.62938 7.30822 0.0183215
      vertex 1.40536 7.36715 0
      vertex 1.57979 7.18608 1.76357
    endloop
  endfacet
  facet normal 0.247999 0.965897 0.0744247
    outer loop
      vertex 1.40536 7.36715 0
      vertex 1.62938 7.30822 0.0183215
      vertex 2.31763 7.13292 0
    endloop
  endfacet
  facet normal 0.248739 0.965693 0.0746015
    outer loop
      vertex 1.85477 5.7084 19.9711
      vertex 1.85345 5.70874 19.9711
      vertex 1.8541 5.70634 20
    endloop
  endfacet
  facet normal 0.248739 -0.965693 0.0746015
    outer loop
      vertex 1.8541 -5.70634 20
      vertex 1.85345 -5.70874 19.9711
      vertex 1.85477 -5.7084 19.9711
    endloop
  endfacet
  facet normal 0.247978 -0.965886 0.074643
    outer loop
      vertex 1.57979 -7.18608 1.76357
      vertex 1.40536 -7.36715 0
      vertex 1.62938 -7.30822 0.0183215
    endloop
  endfacet
  facet normal 0.247962 -0.96589 0.074645
    outer loop
      vertex 1.40536 -7.36715 0
      vertex 1.57979 -7.18608 1.76357
      vertex 1.50443 -7.00048 4.41553
    endloop
  endfacet
  facet normal 0.247999 -0.965897 0.0744247
    outer loop
      vertex 2.31763 -7.13292 0
      vertex 1.62938 -7.30822 0.0183215
      vertex 1.40536 -7.36715 0
    endloop
  endfacet
  facet normal 0.248001 -0.965876 0.0746982
    outer loop
      vertex 1.62938 -7.30822 0.0183215
      vertex 2.31763 -7.13292 0
      vertex 2.31703 -7.13108 0.0257839
    endloop
  endfacet
  facet normal -0.124983 0.989348 0.0746314
    outer loop
      vertex -0.47179 7.4831 0.026395
      vertex -0.470928 7.4852 0
      vertex -1.29556 7.37962 0.018634
    endloop
  endfacet
  facet normal -0.125036 0.98934 0.0746432
    outer loop
      vertex -1.2949 7.25275 1.70132
      vertex -1.40536 7.36715 0
      vertex -1.29239 6.77494 8.03854
    endloop
  endfacet
  facet normal -0.125027 0.989342 0.0746427
    outer loop
      vertex -1.29556 7.37962 0.018634
      vertex -1.40536 7.36715 0
      vertex -1.2949 7.25275 1.70132
    endloop
  endfacet
  facet normal -0.12499 0.989364 0.0744073
    outer loop
      vertex -1.40536 7.36715 0
      vertex -1.29556 7.37962 0.018634
      vertex -0.470928 7.4852 0
    endloop
  endfacet
  facet normal -0.125155 0.98932 0.0747091
    outer loop
      vertex -1.12313 5.89654 19.9646
      vertex -1.12479 5.89633 19.9646
      vertex -1.12429 5.89372 20
    endloop
  endfacet
  facet normal 0.682641 -0.726935 0.0746135
    outer loop
      vertex 4.78068 -5.77885 0
      vertex 5.46578 -5.1327 0.0272318
      vertex 4.78017 -5.77676 0.0250282
    endloop
  endfacet
  facet normal 0.682651 -0.72694 0.0744732
    outer loop
      vertex 5.46578 -5.1327 0.0272318
      vertex 4.78068 -5.77885 0
      vertex 5.46726 -5.1341 0
    endloop
  endfacet
  facet normal 0.681761 -0.727722 0.0749791
    outer loop
      vertex 4.37533 -4.10871 19.9723
      vertex 4.37381 -4.10728 20
      vertex 4.37438 -4.1096 19.9723
    endloop
  endfacet
  facet normal -0.682641 0.726935 0.0746135
    outer loop
      vertex -4.78068 5.77885 0
      vertex -5.46578 5.1327 0.0272318
      vertex -4.78017 5.77676 0.0250282
    endloop
  endfacet
  facet normal -0.682651 0.72694 0.0744732
    outer loop
      vertex -5.46578 5.1327 0.0272318
      vertex -4.78068 5.77885 0
      vertex -5.46726 5.1341 0
    endloop
  endfacet
  facet normal -0.681761 0.727722 0.0749791
    outer loop
      vertex -4.37438 4.1096 19.9723
      vertex -4.37533 4.10871 19.9723
      vertex -4.37381 4.10728 20
    endloop
  endfacet
  facet normal -0.125027 -0.989342 0.0746427
    outer loop
      vertex -1.2949 -7.25275 1.70132
      vertex -1.40536 -7.36715 0
      vertex -1.29556 -7.37962 0.018634
    endloop
  endfacet
  facet normal -0.125036 -0.98934 0.0746432
    outer loop
      vertex -1.40536 -7.36715 0
      vertex -1.2949 -7.25275 1.70132
      vertex -1.29239 -6.77494 8.03854
    endloop
  endfacet
  facet normal -0.12499 -0.989364 0.0744073
    outer loop
      vertex -0.470928 -7.4852 0
      vertex -1.29556 -7.37962 0.018634
      vertex -1.40536 -7.36715 0
    endloop
  endfacet
  facet normal -0.124983 -0.989348 0.0746314
    outer loop
      vertex -1.29556 -7.37962 0.018634
      vertex -0.470928 -7.4852 0
      vertex -0.47179 -7.4831 0.026395
    endloop
  endfacet
  facet normal -0.125155 -0.98932 0.0747091
    outer loop
      vertex -1.12429 -5.89372 20
      vertex -1.12479 -5.89633 19.9646
      vertex -1.12313 -5.89654 19.9646
    endloop
  endfacet
  facet normal 0.841978 0.534323 0.0746433
    outer loop
      vertex 6.03913 4.21112 1.7336
      vertex 5.44524 3.63839 12.5325
      vertex 6.31806 4.01124 0.0180749
    endloop
  endfacet
  facet normal 0.841971 0.534339 0.0746125
    outer loop
      vertex 6.13345 4.30208 0.0185898
      vertex 6.06763 4.40839 0
      vertex 6.06638 4.40748 0.0206227
    endloop
  endfacet
  facet normal 0.841983 0.534315 0.0746451
    outer loop
      vertex 6.31806 4.01124 0.0180749
      vertex 6.13345 4.30208 0.0185898
      vertex 6.03913 4.21112 1.7336
    endloop
  endfacet
  facet normal 0.841996 0.534323 0.0744345
    outer loop
      vertex 6.31806 4.01124 0.0180749
      vertex 6.06763 4.40839 0
      vertex 6.13345 4.30208 0.0185898
    endloop
  endfacet
  facet normal 0.841962 0.53432 0.0748445
    outer loop
      vertex 6.31806 4.01124 0.0180749
      vertex 6.5723 3.61315 0
      vertex 6.06763 4.40839 0
    endloop
  endfacet
  facet normal 0.841978 0.534347 0.0744777
    outer loop
      vertex 6.5723 3.61315 0
      vertex 6.31806 4.01124 0.0180749
      vertex 6.57023 3.61305 0.024119
    endloop
  endfacet
  facet normal 0.841306 0.535377 0.0746746
    outer loop
      vertex 4.8561 3.52817 19.967
      vertex 4.8541 3.52671 20
      vertex 4.85694 3.52685 19.967
    endloop
  endfacet
  facet normal 0.586144 0.806742 0.0748481
    outer loop
      vertex 4.77948 5.7774 0.025026
      vertex 4.78068 5.77885 0
      vertex 4.30209 6.12489 0.0181365
    endloop
  endfacet
  facet normal 0.58615 0.806757 0.0746418
    outer loop
      vertex 4.20747 6.02856 1.80222
      vertex 4.01456 6.29604 0.426089
      vertex 3.95499 5.77153 6.56298
    endloop
  endfacet
  facet normal 0.586133 0.806769 0.0746467
    outer loop
      vertex 4.30209 6.12489 0.0181365
      vertex 4.01456 6.29604 0.426089
      vertex 4.20747 6.02856 1.80222
    endloop
  endfacet
  facet normal 0.586138 0.806765 0.0746522
    outer loop
      vertex 4.01456 6.29604 0.426089
      vertex 4.30209 6.12489 0.0181365
      vertex 4.0271 6.3246 0.0189831
    endloop
  endfacet
  facet normal 0.58615 0.806767 0.0745287
    outer loop
      vertex 4.0187 6.33246 0
      vertex 4.30209 6.12489 0.0181365
      vertex 4.78068 5.77885 0
    endloop
  endfacet
  facet normal 0.586137 0.806763 0.0746772
    outer loop
      vertex 4.30209 6.12489 0.0181365
      vertex 4.0187 6.33246 0
      vertex 4.0271 6.3246 0.0189831
    endloop
  endfacet
  facet normal 0.585898 0.806921 0.0748484
    outer loop
      vertex 4.0271 6.3246 0.0189831
      vertex 4.0187 6.33246 0
      vertex 4.01851 6.33082 0.0191677
    endloop
  endfacet
  facet normal 0.589096 0.804619 0.0745247
    outer loop
      vertex 3.82483 4.6256 19.9705
      vertex 3.82454 4.62308 20
      vertex 3.82595 4.62478 19.9705
    endloop
  endfacet
  facet normal -0.480422 0.873881 0.0743416
    outer loop
      vertex -3.19334 6.7862 0
      vertex -4.0173 6.33159 0.0191862
      vertex -3.19249 6.78438 0.026887
    endloop
  endfacet
  facet normal -0.480404 0.873862 0.07468
    outer loop
      vertex -4.0173 6.33159 0.0191862
      vertex -3.19334 6.7862 0
      vertex -4.0187 6.33246 0
    endloop
  endfacet
  facet normal -0.475929 0.876315 0.074592
    outer loop
      vertex -2.55557 5.43086 19.972
      vertex -2.55673 5.43023 19.972
      vertex -2.55468 5.42896 20
    endloop
  endfacet
  facet normal -0.682651 -0.72694 0.0744732
    outer loop
      vertex -4.78068 -5.77885 0
      vertex -5.46578 -5.1327 0.0272318
      vertex -5.46726 -5.1341 0
    endloop
  endfacet
  facet normal -0.682641 -0.726935 0.0746135
    outer loop
      vertex -5.46578 -5.1327 0.0272318
      vertex -4.78068 -5.77885 0
      vertex -4.78017 -5.77676 0.0250282
    endloop
  endfacet
  facet normal -0.681761 -0.727722 0.0749791
    outer loop
      vertex -4.37381 -4.10728 20
      vertex -4.37533 -4.10871 19.9723
      vertex -4.37438 -4.1096 19.9723
    endloop
  endfacet
  facet normal -0.586137 0.806763 0.0746772
    outer loop
      vertex -4.0271 6.3246 0.0189831
      vertex -4.0187 6.33246 0
      vertex -4.30209 6.12489 0.0181365
    endloop
  endfacet
  facet normal -0.585898 0.806921 0.0748484
    outer loop
      vertex -4.0187 6.33246 0
      vertex -4.0271 6.3246 0.0189831
      vertex -4.01851 6.33082 0.0191677
    endloop
  endfacet
  facet normal -0.58615 0.806757 0.0746418
    outer loop
      vertex -4.01456 6.29604 0.426089
      vertex -4.20747 6.02856 1.80222
      vertex -3.95499 5.77153 6.56298
    endloop
  endfacet
  facet normal -0.586138 0.806765 0.0746522
    outer loop
      vertex -4.30209 6.12489 0.0181365
      vertex -4.01456 6.29604 0.426089
      vertex -4.0271 6.3246 0.0189831
    endloop
  endfacet
  facet normal -0.586133 0.806769 0.0746467
    outer loop
      vertex -4.01456 6.29604 0.426089
      vertex -4.30209 6.12489 0.0181365
      vertex -4.20747 6.02856 1.80222
    endloop
  endfacet
  facet normal -0.58615 0.806767 0.0745287
    outer loop
      vertex -4.78068 5.77885 0
      vertex -4.30209 6.12489 0.0181365
      vertex -4.0187 6.33246 0
    endloop
  endfacet
  facet normal -0.586144 0.806742 0.0748481
    outer loop
      vertex -4.30209 6.12489 0.0181365
      vertex -4.78068 5.77885 0
      vertex -4.77948 5.7774 0.025026
    endloop
  endfacet
  facet normal -0.589096 0.804619 0.0745247
    outer loop
      vertex -3.82483 4.6256 19.9705
      vertex -3.82595 4.62478 19.9705
      vertex -3.82454 4.62308 20
    endloop
  endfacet
  facet normal 0.902481 0.424243 0.0744634
    outer loop
      vertex 5.58003 2.21068 19.9724
      vertex 5.57866 2.20875 20
      vertex 5.58058 2.20951 19.9724
    endloop
  endfacet
  facet normal 0.902308 0.424589 0.0745974
    outer loop
      vertex 6.5711 3.61146 0.0241339
      vertex 6.97332 2.76093 0
      vertex 6.5723 3.61315 0
    endloop
  endfacet
  facet normal 0.902318 0.424599 0.0744157
    outer loop
      vertex 6.97332 2.76093 0
      vertex 6.5711 3.61146 0.0241339
      vertex 6.97141 2.76018 0.0274388
    endloop
  endfacet
  facet normal -0.995256 0.0626165 0.074457
    outer loop
      vertex -7.5 0 0
      vertex -7.4392 0.938913 0.0231023
      vertex -7.44086 0.939999 0
    endloop
  endfacet
  facet normal -0.995253 0.062615 0.0745082
    outer loop
      vertex -7.4392 0.938913 0.0231023
      vertex -7.5 0 0
      vertex -7.49794 1.06107e-05 0.0275078
    endloop
  endfacet
  facet normal -0.997208 0 0.0746787
    outer loop
      vertex -7.49794 1.06107e-05 0.0275078
      vertex -7.5 0 0
      vertex -7.49794 0 0.0275078
    endloop
  endfacet
  facet normal -0.995314 0.0615726 0.0745581
    outer loop
      vertex -6.00198 0.00129319 19.9725
      vertex -6.00206 0 19.9725
      vertex -6 0 20
    endloop
  endfacet
  facet normal 0.367101 0.927186 0.0745822
    outer loop
      vertex 2.31763 7.13292 0
      vertex 3.19154 6.78475 0.0268858
      vertex 3.19334 6.7862 0
    endloop
  endfacet
  facet normal 0.367094 0.927179 0.0747081
    outer loop
      vertex 3.19154 6.78475 0.0268858
      vertex 2.31763 7.13292 0
      vertex 2.31703 7.13108 0.0257839
    endloop
  endfacet
  facet normal 0.365311 0.927891 0.0746095
    outer loop
      vertex 1.85477 5.7084 19.9711
      vertex 1.8541 5.70634 20
      vertex 1.85604 5.7079 19.9711
    endloop
  endfacet
  facet normal 0.124986 0.989341 0.0747163
    outer loop
      vertex 1.12313 5.89654 19.9646
      vertex 0.376742 5.98816 20
      vertex 1.12429 5.89372 20
    endloop
  endfacet
  facet normal 0.124989 0.989335 0.0747899
    outer loop
      vertex 0.376742 5.98816 20
      vertex 1.12313 5.89654 19.9646
      vertex 0.376876 5.99029 19.9716
    endloop
  endfacet
  facet normal 0.121169 0.98981 0.0747927
    outer loop
      vertex 0.470928 7.4852 0
      vertex 0.470804 7.48322 0.0264043
      vertex 0.47179 7.4831 0.026395
    endloop
  endfacet
  facet normal -0.367107 -0.927184 0.0745848
    outer loop
      vertex -2.29266 -5.53498 19.9717
      vertex -2.55468 -5.42896 20
      vertex -2.55557 -5.43086 19.972
    endloop
  endfacet
  facet normal -0.367098 -0.927182 0.0746548
    outer loop
      vertex -2.55468 -5.42896 20
      vertex -2.29266 -5.53498 19.9717
      vertex -1.8541 -5.70634 20
    endloop
  endfacet
  facet normal -0.367099 -0.927178 0.074691
    outer loop
      vertex -1.8541 -5.70634 20
      vertex -2.29266 -5.53498 19.9717
      vertex -1.85604 -5.7079 19.9711
    endloop
  endfacet
  facet normal -0.361834 -0.929274 0.0743421
    outer loop
      vertex -3.19249 -6.78438 0.026887
      vertex -3.19334 -6.7862 0
      vertex -3.19154 -6.78475 0.0268858
    endloop
  endfacet
  facet normal -0.948414 0.308167 0.0744624
    outer loop
      vertex -5.81336 1.49417 19.968
      vertex -5.57866 2.20875 20
      vertex -5.58058 2.20951 19.9724
    endloop
  endfacet
  facet normal -0.948401 0.308153 0.0746743
    outer loop
      vertex -5.57866 2.20875 20
      vertex -5.81336 1.49417 19.968
      vertex -5.8115 1.49214 20
    endloop
  endfacet
  facet normal -0.949022 0.306296 0.0744331
    outer loop
      vertex -6.97141 2.76018 0.0274388
      vertex -6.97332 2.76093 0
      vertex -6.97173 2.75919 0.0274327
    endloop
  endfacet
  facet normal -0.902481 0.424243 0.0744634
    outer loop
      vertex -5.58003 2.21068 19.9724
      vertex -5.58058 2.20951 19.9724
      vertex -5.57866 2.20875 20
    endloop
  endfacet
  facet normal -0.902308 0.424589 0.0745974
    outer loop
      vertex -6.97332 2.76093 0
      vertex -6.5711 3.61146 0.0241339
      vertex -6.5723 3.61315 0
    endloop
  endfacet
  facet normal -0.902318 0.424599 0.0744157
    outer loop
      vertex -6.5711 3.61146 0.0241339
      vertex -6.97332 2.76093 0
      vertex -6.97141 2.76018 0.0274388
    endloop
  endfacet
  facet normal 0.480404 0.873862 0.07468
    outer loop
      vertex 3.19334 6.7862 0
      vertex 4.0173 6.33159 0.0191862
      vertex 4.0187 6.33246 0
    endloop
  endfacet
  facet normal 0.480422 0.873881 0.0743416
    outer loop
      vertex 4.0173 6.33159 0.0191862
      vertex 3.19334 6.7862 0
      vertex 3.19249 6.78438 0.026887
    endloop
  endfacet
  facet normal 0.475929 0.876315 0.074592
    outer loop
      vertex 2.55557 5.43086 19.972
      vertex 2.55468 5.42896 20
      vertex 2.55673 5.43023 19.972
    endloop
  endfacet
  facet normal 0.361834 0.929274 0.0743421
    outer loop
      vertex 3.19334 6.7862 0
      vertex 3.19154 6.78475 0.0268858
      vertex 3.19249 6.78438 0.026887
    endloop
  endfacet
  facet normal 0.367107 0.927184 0.0745848
    outer loop
      vertex 2.29266 5.53498 19.9717
      vertex 2.55468 5.42896 20
      vertex 2.55557 5.43086 19.972
    endloop
  endfacet
  facet normal 0.367098 0.927182 0.0746548
    outer loop
      vertex 2.55468 5.42896 20
      vertex 2.29266 5.53498 19.9717
      vertex 1.8541 5.70634 20
    endloop
  endfacet
  facet normal 0.367099 0.927178 0.074691
    outer loop
      vertex 1.8541 5.70634 20
      vertex 2.29266 5.53498 19.9717
      vertex 1.85604 5.7079 19.9711
    endloop
  endfacet
  facet normal 0.682645 -0.726941 0.0745196
    outer loop
      vertex 3.82595 -4.62478 19.9705
      vertex 4.37381 -4.10728 20
      vertex 3.82454 -4.62308 20
    endloop
  endfacet
  facet normal 0.682612 -0.72693 0.0749302
    outer loop
      vertex 4.37381 -4.10728 20
      vertex 3.82595 -4.62478 19.9705
      vertex 4.37438 -4.1096 19.9723
    endloop
  endfacet
  facet normal 0.678006 -0.731233 0.0748779
    outer loop
      vertex 4.78017 -5.77676 0.0250282
      vertex 4.77948 -5.7774 0.025026
      vertex 4.78068 -5.77885 0
    endloop
  endfacet
  facet normal 0.76641 -0.638004 0.0746069
    outer loop
      vertex 6.06638 -4.40748 0.0206227
      vertex 6.06588 -4.40808 0.0206281
      vertex 6.06763 -4.40839 0
    endloop
  endfacet
  facet normal 0.768361 -0.635644 0.0746897
    outer loop
      vertex 4.37381 -4.10728 20
      vertex 4.8561 -3.52817 19.967
      vertex 4.8541 -3.52671 20
    endloop
  endfacet
  facet normal 0.768357 -0.635633 0.0748232
    outer loop
      vertex 4.8561 -3.52817 19.967
      vertex 4.37381 -4.10728 20
      vertex 4.37616 -4.1077 19.9723
    endloop
  endfacet
  facet normal -0.121169 -0.98981 0.0747927
    outer loop
      vertex -0.470804 -7.48322 0.0264043
      vertex -0.47179 -7.4831 0.026395
      vertex -0.470928 -7.4852 0
    endloop
  endfacet
  facet normal -0.124986 -0.989341 0.0747163
    outer loop
      vertex -1.12313 -5.89654 19.9646
      vertex -0.376742 -5.98816 20
      vertex -1.12429 -5.89372 20
    endloop
  endfacet
  facet normal -0.124989 -0.989335 0.0747899
    outer loop
      vertex -0.376742 -5.98816 20
      vertex -1.12313 -5.89654 19.9646
      vertex -0.376876 -5.99029 19.9716
    endloop
  endfacet
  facet normal -0.979549 -0.186859 0.0746133
    outer loop
      vertex -7.44086 -0.939999 0
      vertex -7.37293 -1.28886 0.0181324
      vertex -7.43898 -0.940636 0.023086
    endloop
  endfacet
  facet normal -0.979549 -0.186848 0.0746451
    outer loop
      vertex -7.37293 -1.28886 0.0181324
      vertex -7.30794 -1.6295 0.0183052
      vertex -7.1829 -1.57998 1.78313
    endloop
  endfacet
  facet normal -0.979554 -0.186864 0.0745305
    outer loop
      vertex -7.26437 -1.86517 0
      vertex -7.37293 -1.28886 0.0181324
      vertex -7.44086 -0.939999 0
    endloop
  endfacet
  facet normal -0.979591 -0.186857 0.0740614
    outer loop
      vertex -7.37293 -1.28886 0.0181324
      vertex -7.26437 -1.86517 0
      vertex -7.30794 -1.6295 0.0183052
    endloop
  endfacet
  facet normal -0.979551 -0.186885 0.0745192
    outer loop
      vertex -7.30794 -1.6295 0.0183052
      vertex -7.26437 -1.86517 0
      vertex -7.26278 -1.86476 0.0219287
    endloop
  endfacet
  facet normal -0.97955 -0.186844 0.074643
    outer loop
      vertex -7.1829 -1.57998 1.78313
      vertex -6.44756 -1.2766 12.1925
      vertex -7.23662 -1.28705 1.81141
    endloop
  endfacet
  facet normal -0.979549 -0.186845 0.0746458
    outer loop
      vertex -7.1829 -1.57998 1.78313
      vertex -7.23662 -1.28705 1.81141
      vertex -7.37293 -1.28886 0.0181324
    endloop
  endfacet
  facet normal -0.979458 -0.18732 0.0746504
    outer loop
      vertex -6.44756 -1.2766 12.1925
      vertex -7.1829 -1.57998 1.78313
      vertex -6.431 -1.28221 12.3957
    endloop
  endfacet
  facet normal -0.978608 -0.191754 0.0745445
    outer loop
      vertex -5.8115 -1.49214 20
      vertex -5.81411 -1.49126 19.968
      vertex -5.81382 -1.49274 19.968
    endloop
  endfacet
  facet normal -0.678006 0.731233 0.0748779
    outer loop
      vertex -4.77948 5.7774 0.025026
      vertex -4.78068 5.77885 0
      vertex -4.78017 5.77676 0.0250282
    endloop
  endfacet
  facet normal -0.682645 0.726941 0.0745196
    outer loop
      vertex -3.82595 4.62478 19.9705
      vertex -4.37381 4.10728 20
      vertex -3.82454 4.62308 20
    endloop
  endfacet
  facet normal -0.682612 0.72693 0.0749302
    outer loop
      vertex -4.37381 4.10728 20
      vertex -3.82595 4.62478 19.9705
      vertex -4.37438 4.1096 19.9723
    endloop
  endfacet
  facet normal 0.247989 -0.965869 0.0748269
    outer loop
      vertex 1.17053 -5.88466 19.9637
      vertex 1.8541 -5.70634 20
      vertex 1.12429 -5.89372 20
    endloop
  endfacet
  facet normal 0.247907 -0.965898 0.074716
    outer loop
      vertex 1.17053 -5.88466 19.9637
      vertex 1.12429 -5.89372 20
      vertex 1.12479 -5.89633 19.9646
    endloop
  endfacet
  facet normal 0.248002 -0.96588 0.0746336
    outer loop
      vertex 1.8541 -5.70634 20
      vertex 1.17053 -5.88466 19.9637
      vertex 1.85345 -5.70874 19.9711
    endloop
  endfacet
  facet normal 0.247979 -0.965886 0.0746416
    outer loop
      vertex 1.29239 -6.77494 8.03854
      vertex 1.50443 -7.00048 4.41553
      vertex 1.28497 -6.45997 12.139
    endloop
  endfacet
  facet normal 0.24801 -0.965878 0.0746429
    outer loop
      vertex 1.50443 -7.00048 4.41553
      vertex 1.29239 -6.77494 8.03854
      vertex 1.40536 -7.36715 0
    endloop
  endfacet
  facet normal 0.585931 -0.806897 0.0748467
    outer loop
      vertex 4.01851 -6.33082 0.0191677
      vertex 4.01793 -6.33124 0.0191803
      vertex 4.0187 -6.33246 0
    endloop
  endfacet
  facet normal 0.586148 -0.806755 0.0746786
    outer loop
      vertex 3.33093 -4.9851 19.9634
      vertex 3.82454 -4.62308 20
      vertex 3.21496 -5.06597 20
    endloop
  endfacet
  facet normal 0.586107 -0.806807 0.0744348
    outer loop
      vertex 3.33093 -4.9851 19.9634
      vertex 3.21496 -5.06597 20
      vertex 3.21633 -5.06813 19.9658
    endloop
  endfacet
  facet normal 0.586148 -0.806755 0.0746782
    outer loop
      vertex 3.82454 -4.62308 20
      vertex 3.33093 -4.9851 19.9634
      vertex 3.82483 -4.6256 19.9705
    endloop
  endfacet
  facet normal 0.586118 -0.80678 0.0746435
    outer loop
      vertex 3.95499 -5.77153 6.56298
      vertex 3.64672 -5.4577 12.3756
      vertex 4.01456 -6.29604 0.426089
    endloop
  endfacet
  facet normal -0.586148 -0.806755 0.0746782
    outer loop
      vertex -3.33093 -4.9851 19.9634
      vertex -3.82454 -4.62308 20
      vertex -3.82483 -4.6256 19.9705
    endloop
  endfacet
  facet normal -0.586148 -0.806755 0.0746786
    outer loop
      vertex -3.82454 -4.62308 20
      vertex -3.33093 -4.9851 19.9634
      vertex -3.21496 -5.06597 20
    endloop
  endfacet
  facet normal -0.586107 -0.806807 0.0744348
    outer loop
      vertex -3.21496 -5.06597 20
      vertex -3.33093 -4.9851 19.9634
      vertex -3.21633 -5.06813 19.9658
    endloop
  endfacet
  facet normal -0.585931 -0.806897 0.0748467
    outer loop
      vertex -4.01851 -6.33082 0.0191677
      vertex -4.0187 -6.33246 0
      vertex -4.01793 -6.33124 0.0191803
    endloop
  endfacet
  facet normal -0.586118 -0.80678 0.0746435
    outer loop
      vertex -3.95499 -5.77153 6.56298
      vertex -4.01456 -6.29604 0.426089
      vertex -3.64672 -5.4577 12.3756
    endloop
  endfacet
  facet normal 0.845731 0.528345 0.0747749
    outer loop
      vertex 6.5723 3.61315 0
      vertex 6.57023 3.61305 0.024119
      vertex 6.57071 3.61228 0.0241307
    endloop
  endfacet
  facet normal 0.841977 0.534313 0.0747278
    outer loop
      vertex 4.8541 3.52671 20
      vertex 4.98265 3.3293 19.9631
      vertex 4.85694 3.52685 19.967
    endloop
  endfacet
  facet normal 0.841974 0.534335 0.0745986
    outer loop
      vertex 5.25784 2.89052 20
      vertex 4.98265 3.3293 19.9631
      vertex 4.8541 3.52671 20
    endloop
  endfacet
  facet normal 0.841986 0.534333 0.0744886
    outer loop
      vertex 4.98265 3.3293 19.9631
      vertex 5.25784 2.89052 20
      vertex 5.25982 2.89161 19.9698
    endloop
  endfacet
  facet normal -0.948412 -0.308157 0.0745288
    outer loop
      vertex -7.26437 -1.86517 0
      vertex -6.97173 -2.75919 0.0274327
      vertex -7.26278 -1.86476 0.0219287
    endloop
  endfacet
  facet normal -0.948412 -0.308158 0.0745158
    outer loop
      vertex -6.97173 -2.75919 0.0274327
      vertex -7.26437 -1.86517 0
      vertex -6.97332 -2.76093 0
    endloop
  endfacet
  facet normal -0.94931 -0.305373 0.0745507
    outer loop
      vertex -5.8115 -1.49214 20
      vertex -5.81382 -1.49274 19.968
      vertex -5.81336 -1.49417 19.968
    endloop
  endfacet
  facet normal -0.367094 0.927179 0.0747081
    outer loop
      vertex -2.31763 7.13292 0
      vertex -3.19154 6.78475 0.0268858
      vertex -2.31703 7.13108 0.0257839
    endloop
  endfacet
  facet normal -0.367101 0.927186 0.0745822
    outer loop
      vertex -3.19154 6.78475 0.0268858
      vertex -2.31763 7.13292 0
      vertex -3.19334 6.7862 0
    endloop
  endfacet
  facet normal -0.365311 0.927891 0.0746095
    outer loop
      vertex -1.85477 5.7084 19.9711
      vertex -1.85604 5.7079 19.9711
      vertex -1.8541 5.70634 20
    endloop
  endfacet
  facet normal 0.586137 -0.806763 0.0746772
    outer loop
      vertex 4.0271 -6.3246 0.0189831
      vertex 4.0187 -6.33246 0
      vertex 4.30209 -6.12489 0.0181365
    endloop
  endfacet
  facet normal 0.585898 -0.806921 0.0748484
    outer loop
      vertex 4.0187 -6.33246 0
      vertex 4.0271 -6.3246 0.0189831
      vertex 4.01851 -6.33082 0.0191677
    endloop
  endfacet
  facet normal 0.58615 -0.806757 0.0746418
    outer loop
      vertex 4.01456 -6.29604 0.426089
      vertex 4.20747 -6.02856 1.80222
      vertex 3.95499 -5.77153 6.56298
    endloop
  endfacet
  facet normal 0.586138 -0.806765 0.0746522
    outer loop
      vertex 4.30209 -6.12489 0.0181365
      vertex 4.01456 -6.29604 0.426089
      vertex 4.0271 -6.3246 0.0189831
    endloop
  endfacet
  facet normal 0.586133 -0.806769 0.0746467
    outer loop
      vertex 4.01456 -6.29604 0.426089
      vertex 4.30209 -6.12489 0.0181365
      vertex 4.20747 -6.02856 1.80222
    endloop
  endfacet
  facet normal 0.58615 -0.806767 0.0745287
    outer loop
      vertex 4.78068 -5.77885 0
      vertex 4.30209 -6.12489 0.0181365
      vertex 4.0187 -6.33246 0
    endloop
  endfacet
  facet normal 0.586144 -0.806742 0.0748481
    outer loop
      vertex 4.30209 -6.12489 0.0181365
      vertex 4.78068 -5.77885 0
      vertex 4.77948 -5.7774 0.025026
    endloop
  endfacet
  facet normal 0.589096 -0.804619 0.0745247
    outer loop
      vertex 3.82595 -4.62478 19.9705
      vertex 3.82454 -4.62308 20
      vertex 3.82483 -4.6256 19.9705
    endloop
  endfacet
  facet normal -0.902309 0.424608 0.0744832
    outer loop
      vertex -5.54042 2.29492 19.9721
      vertex -5.25784 2.89052 20
      vertex -5.25982 2.89161 19.9698
    endloop
  endfacet
  facet normal -0.902337 0.424548 0.0744775
    outer loop
      vertex -5.57866 2.20875 20
      vertex -5.54042 2.29492 19.9721
      vertex -5.58003 2.21068 19.9724
    endloop
  endfacet
  facet normal -0.902299 0.424594 0.0746726
    outer loop
      vertex -5.54042 2.29492 19.9721
      vertex -5.57866 2.20875 20
      vertex -5.25784 2.89052 20
    endloop
  endfacet
  facet normal -0.900422 0.428541 0.0747804
    outer loop
      vertex -6.57071 3.61228 0.0241307
      vertex -6.5723 3.61315 0
      vertex -6.5711 3.61146 0.0241339
    endloop
  endfacet
  facet normal 0 -0.9972 0.0747778
    outer loop
      vertex -0.470928 -7.4852 0
      vertex 0.470804 -7.48322 0.0264043
      vertex -0.470804 -7.48322 0.0264043
    endloop
  endfacet
  facet normal 0 -0.9972 0.0747778
    outer loop
      vertex 0.470804 -7.48322 0.0264043
      vertex -0.470928 -7.4852 0
      vertex 0.470928 -7.4852 0
    endloop
  endfacet
  facet normal 0 -0.997199 0.0747899
    outer loop
      vertex -0.376876 -5.99029 19.9716
      vertex 0.376742 -5.98816 20
      vertex -0.376742 -5.98816 20
    endloop
  endfacet
  facet normal 0 -0.997199 0.0747899
    outer loop
      vertex 0.376742 -5.98816 20
      vertex -0.376876 -5.99029 19.9716
      vertex 0.376876 -5.99029 19.9716
    endloop
  endfacet
  facet normal -0.678006 -0.731233 0.0748779
    outer loop
      vertex -4.78017 -5.77676 0.0250282
      vertex -4.78068 -5.77885 0
      vertex -4.77948 -5.7774 0.025026
    endloop
  endfacet
  facet normal -0.682612 -0.72693 0.0749302
    outer loop
      vertex -3.82595 -4.62478 19.9705
      vertex -4.37381 -4.10728 20
      vertex -4.37438 -4.1096 19.9723
    endloop
  endfacet
  facet normal -0.682645 -0.726941 0.0745196
    outer loop
      vertex -4.37381 -4.10728 20
      vertex -3.82595 -4.62478 19.9705
      vertex -3.82454 -4.62308 20
    endloop
  endfacet
  facet normal -0.841986 -0.534333 0.0744886
    outer loop
      vertex -4.98265 -3.3293 19.9631
      vertex -5.25784 -2.89052 20
      vertex -5.25982 -2.89161 19.9698
    endloop
  endfacet
  facet normal -0.841974 -0.534335 0.0745986
    outer loop
      vertex -4.98265 -3.3293 19.9631
      vertex -4.8541 -3.52671 20
      vertex -5.25784 -2.89052 20
    endloop
  endfacet
  facet normal -0.841977 -0.534313 0.0747278
    outer loop
      vertex -4.8541 -3.52671 20
      vertex -4.98265 -3.3293 19.9631
      vertex -4.85694 -3.52685 19.967
    endloop
  endfacet
  facet normal -0.845731 -0.528345 0.0747749
    outer loop
      vertex -6.57071 -3.61228 0.0241307
      vertex -6.5723 -3.61315 0
      vertex -6.57023 -3.61305 0.024119
    endloop
  endfacet
  facet normal -0.585931 0.806897 0.0748467
    outer loop
      vertex -4.01793 6.33124 0.0191803
      vertex -4.0187 6.33246 0
      vertex -4.01851 6.33082 0.0191677
    endloop
  endfacet
  facet normal -0.586148 0.806755 0.0746786
    outer loop
      vertex -3.33093 4.9851 19.9634
      vertex -3.82454 4.62308 20
      vertex -3.21496 5.06597 20
    endloop
  endfacet
  facet normal -0.586107 0.806807 0.0744348
    outer loop
      vertex -3.33093 4.9851 19.9634
      vertex -3.21496 5.06597 20
      vertex -3.21633 5.06813 19.9658
    endloop
  endfacet
  facet normal -0.586148 0.806755 0.0746782
    outer loop
      vertex -3.82454 4.62308 20
      vertex -3.33093 4.9851 19.9634
      vertex -3.82483 4.6256 19.9705
    endloop
  endfacet
  facet normal -0.586118 0.80678 0.0746435
    outer loop
      vertex -3.64672 5.4577 12.3756
      vertex -4.01456 6.29604 0.426089
      vertex -3.95499 5.77153 6.56298
    endloop
  endfacet
  facet normal 0.585931 0.806897 0.0748467
    outer loop
      vertex 4.0187 6.33246 0
      vertex 4.01793 6.33124 0.0191803
      vertex 4.01851 6.33082 0.0191677
    endloop
  endfacet
  facet normal 0.586148 0.806755 0.0746782
    outer loop
      vertex 3.33093 4.9851 19.9634
      vertex 3.82454 4.62308 20
      vertex 3.82483 4.6256 19.9705
    endloop
  endfacet
  facet normal 0.586148 0.806755 0.0746786
    outer loop
      vertex 3.82454 4.62308 20
      vertex 3.33093 4.9851 19.9634
      vertex 3.21496 5.06597 20
    endloop
  endfacet
  facet normal 0.586107 0.806807 0.0744348
    outer loop
      vertex 3.21496 5.06597 20
      vertex 3.33093 4.9851 19.9634
      vertex 3.21633 5.06813 19.9658
    endloop
  endfacet
  facet normal 0.586118 0.80678 0.0746435
    outer loop
      vertex 4.01456 6.29604 0.426089
      vertex 3.64672 5.4577 12.3756
      vertex 3.95499 5.77153 6.56298
    endloop
  endfacet
  facet normal -0.484815 0.871405 0.0748904
    outer loop
      vertex -4.0173 6.33159 0.0191862
      vertex -4.0187 6.33246 0
      vertex -4.01793 6.33124 0.0191803
    endloop
  endfacet
  facet normal -0.480402 0.873852 0.0748077
    outer loop
      vertex -2.55673 5.43023 19.972
      vertex -3.21496 5.06597 20
      vertex -2.55468 5.42896 20
    endloop
  endfacet
  facet normal -0.480427 0.87387 0.074437
    outer loop
      vertex -3.21496 5.06597 20
      vertex -2.55673 5.43023 19.972
      vertex -3.21633 5.06813 19.9658
    endloop
  endfacet
  facet normal 0.484815 0.871405 0.0748904
    outer loop
      vertex 4.0187 6.33246 0
      vertex 4.0173 6.33159 0.0191862
      vertex 4.01793 6.33124 0.0191803
    endloop
  endfacet
  facet normal 0.480402 0.873852 0.0748077
    outer loop
      vertex 3.21496 5.06597 20
      vertex 2.55673 5.43023 19.972
      vertex 2.55468 5.42896 20
    endloop
  endfacet
  facet normal 0.480427 0.87387 0.074437
    outer loop
      vertex 2.55673 5.43023 19.972
      vertex 3.21496 5.06597 20
      vertex 3.21633 5.06813 19.9658
    endloop
  endfacet
  facet normal 0.902318 -0.424599 0.0744157
    outer loop
      vertex 6.5711 -3.61146 0.0241339
      vertex 6.97332 -2.76093 0
      vertex 6.97141 -2.76018 0.0274388
    endloop
  endfacet
  facet normal 0.902308 -0.424589 0.0745974
    outer loop
      vertex 6.97332 -2.76093 0
      vertex 6.5711 -3.61146 0.0241339
      vertex 6.5723 -3.61315 0
    endloop
  endfacet
  facet normal 0.902481 -0.424243 0.0744634
    outer loop
      vertex 5.58058 -2.20951 19.9724
      vertex 5.57866 -2.20875 20
      vertex 5.58003 -2.21068 19.9724
    endloop
  endfacet
  facet normal -0.979551 0.186885 0.0745192
    outer loop
      vertex -7.26437 1.86517 0
      vertex -7.30794 1.6295 0.0183052
      vertex -7.26278 1.86476 0.0219287
    endloop
  endfacet
  facet normal -0.979549 0.186848 0.0746451
    outer loop
      vertex -7.30794 1.6295 0.0183052
      vertex -7.37293 1.28886 0.0181324
      vertex -7.1829 1.57998 1.78313
    endloop
  endfacet
  facet normal -0.979591 0.186857 0.0740614
    outer loop
      vertex -7.26437 1.86517 0
      vertex -7.37293 1.28886 0.0181324
      vertex -7.30794 1.6295 0.0183052
    endloop
  endfacet
  facet normal -0.979554 0.186864 0.0745305
    outer loop
      vertex -7.44086 0.939999 0
      vertex -7.37293 1.28886 0.0181324
      vertex -7.26437 1.86517 0
    endloop
  endfacet
  facet normal -0.979549 0.186859 0.0746133
    outer loop
      vertex -7.37293 1.28886 0.0181324
      vertex -7.44086 0.939999 0
      vertex -7.43898 0.940636 0.023086
    endloop
  endfacet
  facet normal -0.979549 0.186845 0.0746458
    outer loop
      vertex -7.23662 1.28705 1.81141
      vertex -7.1829 1.57998 1.78313
      vertex -7.37293 1.28886 0.0181324
    endloop
  endfacet
  facet normal -0.97955 0.186844 0.074643
    outer loop
      vertex -6.44756 1.2766 12.1925
      vertex -7.1829 1.57998 1.78313
      vertex -7.23662 1.28705 1.81141
    endloop
  endfacet
  facet normal -0.979458 0.18732 0.0746504
    outer loop
      vertex -7.1829 1.57998 1.78313
      vertex -6.44756 1.2766 12.1925
      vertex -6.431 1.28221 12.3957
    endloop
  endfacet
  facet normal -0.978608 0.191754 0.0745445
    outer loop
      vertex -5.81382 1.49274 19.968
      vertex -5.81411 1.49126 19.968
      vertex -5.8115 1.49214 20
    endloop
  endfacet
  facet normal -0.480402 -0.873852 0.0748077
    outer loop
      vertex -3.21496 -5.06597 20
      vertex -2.55673 -5.43023 19.972
      vertex -2.55468 -5.42896 20
    endloop
  endfacet
  facet normal -0.480427 -0.87387 0.074437
    outer loop
      vertex -2.55673 -5.43023 19.972
      vertex -3.21496 -5.06597 20
      vertex -3.21633 -5.06813 19.9658
    endloop
  endfacet
  facet normal -0.484815 -0.871405 0.0748904
    outer loop
      vertex -4.01793 -6.33124 0.0191803
      vertex -4.0187 -6.33246 0
      vertex -4.0173 -6.33159 0.0191862
    endloop
  endfacet
  facet normal -0.841306 -0.535377 0.0746746
    outer loop
      vertex -4.8541 -3.52671 20
      vertex -4.85694 -3.52685 19.967
      vertex -4.8561 -3.52817 19.967
    endloop
  endfacet
  facet normal -0.841978 -0.534347 0.0744777
    outer loop
      vertex -6.5723 -3.61315 0
      vertex -6.31806 -4.01124 0.0180749
      vertex -6.57023 -3.61305 0.024119
    endloop
  endfacet
  facet normal -0.841983 -0.534315 0.0746451
    outer loop
      vertex -6.31806 -4.01124 0.0180749
      vertex -6.13345 -4.30208 0.0185898
      vertex -6.03913 -4.21112 1.7336
    endloop
  endfacet
  facet normal -0.841962 -0.53432 0.0748445
    outer loop
      vertex -6.06763 -4.40839 0
      vertex -6.31806 -4.01124 0.0180749
      vertex -6.5723 -3.61315 0
    endloop
  endfacet
  facet normal -0.841996 -0.534323 0.0744345
    outer loop
      vertex -6.31806 -4.01124 0.0180749
      vertex -6.06763 -4.40839 0
      vertex -6.13345 -4.30208 0.0185898
    endloop
  endfacet
  facet normal -0.841971 -0.534339 0.0746125
    outer loop
      vertex -6.13345 -4.30208 0.0185898
      vertex -6.06763 -4.40839 0
      vertex -6.06638 -4.40748 0.0206227
    endloop
  endfacet
  facet normal -0.841978 -0.534323 0.0746433
    outer loop
      vertex -5.44524 -3.63839 12.5325
      vertex -6.31806 -4.01124 0.0180749
      vertex -6.03913 -4.21112 1.7336
    endloop
  endfacet
  facet normal 0.979549 0.186845 0.0746458
    outer loop
      vertex 7.1829 1.57998 1.78313
      vertex 7.23662 1.28705 1.81141
      vertex 7.37293 1.28886 0.0181324
    endloop
  endfacet
  facet normal 0.979458 0.18732 0.0746504
    outer loop
      vertex 6.44756 1.2766 12.1925
      vertex 7.1829 1.57998 1.78313
      vertex 6.431 1.28221 12.3957
    endloop
  endfacet
  facet normal 0.97955 0.186844 0.074643
    outer loop
      vertex 7.1829 1.57998 1.78313
      vertex 6.44756 1.2766 12.1925
      vertex 7.23662 1.28705 1.81141
    endloop
  endfacet
  facet normal 0.979551 0.186885 0.0745192
    outer loop
      vertex 7.30794 1.6295 0.0183052
      vertex 7.26437 1.86517 0
      vertex 7.26278 1.86476 0.0219287
    endloop
  endfacet
  facet normal 0.979549 0.186848 0.0746451
    outer loop
      vertex 7.37293 1.28886 0.0181324
      vertex 7.30794 1.6295 0.0183052
      vertex 7.1829 1.57998 1.78313
    endloop
  endfacet
  facet normal 0.979591 0.186857 0.0740614
    outer loop
      vertex 7.37293 1.28886 0.0181324
      vertex 7.26437 1.86517 0
      vertex 7.30794 1.6295 0.0183052
    endloop
  endfacet
  facet normal 0.979549 0.186859 0.0746133
    outer loop
      vertex 7.44086 0.939999 0
      vertex 7.37293 1.28886 0.0181324
      vertex 7.43898 0.940636 0.023086
    endloop
  endfacet
  facet normal 0.979554 0.186864 0.0745305
    outer loop
      vertex 7.37293 1.28886 0.0181324
      vertex 7.44086 0.939999 0
      vertex 7.26437 1.86517 0
    endloop
  endfacet
  facet normal 0.978608 0.191754 0.0745445
    outer loop
      vertex 5.81382 1.49274 19.968
      vertex 5.8115 1.49214 20
      vertex 5.81411 1.49126 19.968
    endloop
  endfacet
  facet normal 0.948412 0.308158 0.0745158
    outer loop
      vertex 6.97173 2.75919 0.0274327
      vertex 7.26437 1.86517 0
      vertex 6.97332 2.76093 0
    endloop
  endfacet
  facet normal 0.948412 0.308157 0.0745288
    outer loop
      vertex 7.26437 1.86517 0
      vertex 6.97173 2.75919 0.0274327
      vertex 7.26278 1.86476 0.0219287
    endloop
  endfacet
  facet normal 0.94931 0.305373 0.0745507
    outer loop
      vertex 5.81336 1.49417 19.968
      vertex 5.8115 1.49214 20
      vertex 5.81382 1.49274 19.968
    endloop
  endfacet
  facet normal 0.949022 -0.306296 0.0744331
    outer loop
      vertex 6.97173 -2.75919 0.0274327
      vertex 6.97141 -2.76018 0.0274388
      vertex 6.97332 -2.76093 0
    endloop
  endfacet
  facet normal 0.948401 -0.308153 0.0746743
    outer loop
      vertex 5.57866 -2.20875 20
      vertex 5.81336 -1.49417 19.968
      vertex 5.8115 -1.49214 20
    endloop
  endfacet
  facet normal 0.948414 -0.308167 0.0744624
    outer loop
      vertex 5.81336 -1.49417 19.968
      vertex 5.57866 -2.20875 20
      vertex 5.58058 -2.20951 19.9724
    endloop
  endfacet
  facet normal 0.948412 -0.308157 0.0745288
    outer loop
      vertex 6.97173 -2.75919 0.0274327
      vertex 7.26437 -1.86517 0
      vertex 7.26278 -1.86476 0.0219287
    endloop
  endfacet
  facet normal 0.948412 -0.308158 0.0745158
    outer loop
      vertex 7.26437 -1.86517 0
      vertex 6.97173 -2.75919 0.0274327
      vertex 6.97332 -2.76093 0
    endloop
  endfacet
  facet normal 0.94931 -0.305373 0.0745507
    outer loop
      vertex 5.81382 -1.49274 19.968
      vertex 5.8115 -1.49214 20
      vertex 5.81336 -1.49417 19.968
    endloop
  endfacet
  facet normal -0.76641 0.638004 0.0746069
    outer loop
      vertex -6.06588 4.40808 0.0206281
      vertex -6.06763 4.40839 0
      vertex -6.06638 4.40748 0.0206227
    endloop
  endfacet
  facet normal -0.768357 0.635633 0.0748232
    outer loop
      vertex -4.8561 3.52817 19.967
      vertex -4.37381 4.10728 20
      vertex -4.37616 4.1077 19.9723
    endloop
  endfacet
  facet normal -0.768361 0.635644 0.0746897
    outer loop
      vertex -4.37381 4.10728 20
      vertex -4.8561 3.52817 19.967
      vertex -4.8541 3.52671 20
    endloop
  endfacet
  facet normal 0.994806 0.0691183 0.0747302
    outer loop
      vertex 7.44086 0.939999 0
      vertex 7.43914 0.939781 0.0230982
      vertex 7.4392 0.938913 0.0231023
    endloop
  endfacet
  facet normal 0.995235 0.0626071 0.0747508
    outer loop
      vertex 5.95269 0.751999 20
      vertex 6.00198 0.00129319 19.9725
      vertex 5.955 0.752291 19.969
    endloop
  endfacet
  facet normal 0.995246 0.0626132 0.0746021
    outer loop
      vertex 6.00198 0.00129319 19.9725
      vertex 5.95269 0.751999 20
      vertex 6 0 20
    endloop
  endfacet
  facet normal 0.900422 -0.428541 0.0747804
    outer loop
      vertex 6.5711 -3.61146 0.0241339
      vertex 6.57071 -3.61228 0.0241307
      vertex 6.5723 -3.61315 0
    endloop
  endfacet
  facet normal 0.902337 -0.424548 0.0744775
    outer loop
      vertex 5.57866 -2.20875 20
      vertex 5.54042 -2.29492 19.9721
      vertex 5.58003 -2.21068 19.9724
    endloop
  endfacet
  facet normal 0.902299 -0.424594 0.0746726
    outer loop
      vertex 5.25784 -2.89052 20
      vertex 5.54042 -2.29492 19.9721
      vertex 5.57866 -2.20875 20
    endloop
  endfacet
  facet normal 0.902309 -0.424608 0.0744832
    outer loop
      vertex 5.54042 -2.29492 19.9721
      vertex 5.25784 -2.89052 20
      vertex 5.25982 -2.89161 19.9698
    endloop
  endfacet
  facet normal 0.125027 0.989342 0.0746427
    outer loop
      vertex 1.2949 7.25275 1.70132
      vertex 1.40536 7.36715 0
      vertex 1.29556 7.37962 0.018634
    endloop
  endfacet
  facet normal 0.125036 0.98934 0.0746432
    outer loop
      vertex 1.40536 7.36715 0
      vertex 1.2949 7.25275 1.70132
      vertex 1.29239 6.77494 8.03854
    endloop
  endfacet
  facet normal 0.12499 0.989364 0.0744073
    outer loop
      vertex 0.470928 7.4852 0
      vertex 1.29556 7.37962 0.018634
      vertex 1.40536 7.36715 0
    endloop
  endfacet
  facet normal 0.124983 0.989348 0.0746314
    outer loop
      vertex 1.29556 7.37962 0.018634
      vertex 0.470928 7.4852 0
      vertex 0.47179 7.4831 0.026395
    endloop
  endfacet
  facet normal 0.125155 0.98932 0.0747091
    outer loop
      vertex 1.12479 5.89633 19.9646
      vertex 1.12313 5.89654 19.9646
      vertex 1.12429 5.89372 20
    endloop
  endfacet
  facet normal 0.979458 -0.18732 0.0746504
    outer loop
      vertex 7.1829 -1.57998 1.78313
      vertex 6.44756 -1.2766 12.1925
      vertex 6.431 -1.28221 12.3957
    endloop
  endfacet
  facet normal 0.97955 -0.186844 0.074643
    outer loop
      vertex 6.44756 -1.2766 12.1925
      vertex 7.1829 -1.57998 1.78313
      vertex 7.23662 -1.28705 1.81141
    endloop
  endfacet
  facet normal 0.979549 -0.186845 0.0746458
    outer loop
      vertex 7.23662 -1.28705 1.81141
      vertex 7.1829 -1.57998 1.78313
      vertex 7.37293 -1.28886 0.0181324
    endloop
  endfacet
  facet normal 0.979549 -0.186859 0.0746133
    outer loop
      vertex 7.37293 -1.28886 0.0181324
      vertex 7.44086 -0.939999 0
      vertex 7.43898 -0.940636 0.023086
    endloop
  endfacet
  facet normal 0.979549 -0.186848 0.0746451
    outer loop
      vertex 7.30794 -1.6295 0.0183052
      vertex 7.37293 -1.28886 0.0181324
      vertex 7.1829 -1.57998 1.78313
    endloop
  endfacet
  facet normal 0.979591 -0.186857 0.0740614
    outer loop
      vertex 7.26437 -1.86517 0
      vertex 7.37293 -1.28886 0.0181324
      vertex 7.30794 -1.6295 0.0183052
    endloop
  endfacet
  facet normal 0.979551 -0.186885 0.0745192
    outer loop
      vertex 7.26437 -1.86517 0
      vertex 7.30794 -1.6295 0.0183052
      vertex 7.26278 -1.86476 0.0219287
    endloop
  endfacet
  facet normal 0.979554 -0.186864 0.0745305
    outer loop
      vertex 7.37293 -1.28886 0.0181324
      vertex 7.26437 -1.86517 0
      vertex 7.44086 -0.939999 0
    endloop
  endfacet
  facet normal 0.978608 -0.191754 0.0745445
    outer loop
      vertex 5.81411 -1.49126 19.968
      vertex 5.8115 -1.49214 20
      vertex 5.81382 -1.49274 19.968
    endloop
  endfacet
  facet normal -0.979996 0.184457 0.074716
    outer loop
      vertex -7.43898 0.940636 0.023086
      vertex -7.44086 0.939999 0
      vertex -7.43914 0.939781 0.0230982
    endloop
  endfacet
  facet normal -0.979545 0.186821 0.0747566
    outer loop
      vertex -5.87599 1.16881 19.963
      vertex -5.8115 1.49214 20
      vertex -5.81411 1.49126 19.968
    endloop
  endfacet
  facet normal -0.979534 0.186886 0.0747514
    outer loop
      vertex -5.95269 0.751999 20
      vertex -5.87599 1.16881 19.963
      vertex -5.955 0.752291 19.969
    endloop
  endfacet
  facet normal -0.979563 0.186862 0.0744272
    outer loop
      vertex -5.87599 1.16881 19.963
      vertex -5.95269 0.751999 20
      vertex -5.8115 1.49214 20
    endloop
  endfacet
  facet normal -0.979261 0.188364 0.0746056
    outer loop
      vertex -6.431 1.28221 12.3957
      vertex -6.44756 1.2766 12.1925
      vertex -6.41578 1.27618 12.6107
    endloop
  endfacet
  facet normal -0.994806 0.0691183 0.0747302
    outer loop
      vertex -7.43914 0.939781 0.0230982
      vertex -7.44086 0.939999 0
      vertex -7.4392 0.938913 0.0231023
    endloop
  endfacet
  facet normal -0.995235 0.0626071 0.0747508
    outer loop
      vertex -6.00198 0.00129319 19.9725
      vertex -5.95269 0.751999 20
      vertex -5.955 0.752291 19.969
    endloop
  endfacet
  facet normal -0.995246 0.0626132 0.0746021
    outer loop
      vertex -5.95269 0.751999 20
      vertex -6.00198 0.00129319 19.9725
      vertex -6 0 20
    endloop
  endfacet
  facet normal 0.484815 -0.871405 0.0748904
    outer loop
      vertex 4.01793 -6.33124 0.0191803
      vertex 4.0173 -6.33159 0.0191862
      vertex 4.0187 -6.33246 0
    endloop
  endfacet
  facet normal 0.480402 -0.873852 0.0748077
    outer loop
      vertex 2.55673 -5.43023 19.972
      vertex 3.21496 -5.06597 20
      vertex 2.55468 -5.42896 20
    endloop
  endfacet
  facet normal 0.480427 -0.87387 0.074437
    outer loop
      vertex 3.21496 -5.06597 20
      vertex 2.55673 -5.43023 19.972
      vertex 3.21633 -5.06813 19.9658
    endloop
  endfacet
  facet normal -0.841971 0.534339 0.0746125
    outer loop
      vertex -6.06763 4.40839 0
      vertex -6.13345 4.30208 0.0185898
      vertex -6.06638 4.40748 0.0206227
    endloop
  endfacet
  facet normal -0.841983 0.534315 0.0746451
    outer loop
      vertex -6.13345 4.30208 0.0185898
      vertex -6.31806 4.01124 0.0180749
      vertex -6.03913 4.21112 1.7336
    endloop
  endfacet
  facet normal -0.841996 0.534323 0.0744345
    outer loop
      vertex -6.06763 4.40839 0
      vertex -6.31806 4.01124 0.0180749
      vertex -6.13345 4.30208 0.0185898
    endloop
  endfacet
  facet normal -0.841962 0.53432 0.0748445
    outer loop
      vertex -6.5723 3.61315 0
      vertex -6.31806 4.01124 0.0180749
      vertex -6.06763 4.40839 0
    endloop
  endfacet
  facet normal -0.841978 0.534347 0.0744777
    outer loop
      vertex -6.31806 4.01124 0.0180749
      vertex -6.5723 3.61315 0
      vertex -6.57023 3.61305 0.024119
    endloop
  endfacet
  facet normal -0.841978 0.534323 0.0746433
    outer loop
      vertex -6.03913 4.21112 1.7336
      vertex -6.31806 4.01124 0.0180749
      vertex -5.44524 3.63839 12.5325
    endloop
  endfacet
  facet normal -0.841306 0.535377 0.0746746
    outer loop
      vertex -4.8561 3.52817 19.967
      vertex -4.85694 3.52685 19.967
      vertex -4.8541 3.52671 20
    endloop
  endfacet
  facet normal -0.841977 0.534313 0.0747278
    outer loop
      vertex -4.98265 3.3293 19.9631
      vertex -4.8541 3.52671 20
      vertex -4.85694 3.52685 19.967
    endloop
  endfacet
  facet normal -0.841986 0.534333 0.0744886
    outer loop
      vertex -5.25784 2.89052 20
      vertex -4.98265 3.3293 19.9631
      vertex -5.25982 2.89161 19.9698
    endloop
  endfacet
  facet normal -0.841974 0.534335 0.0745986
    outer loop
      vertex -4.98265 3.3293 19.9631
      vertex -5.25784 2.89052 20
      vertex -4.8541 3.52671 20
    endloop
  endfacet
  facet normal -0.845731 0.528345 0.0747749
    outer loop
      vertex -6.57023 3.61305 0.024119
      vertex -6.5723 3.61315 0
      vertex -6.57071 3.61228 0.0241307
    endloop
  endfacet
  facet normal -0.586144 -0.806742 0.0748481
    outer loop
      vertex -4.77948 -5.7774 0.025026
      vertex -4.78068 -5.77885 0
      vertex -4.30209 -6.12489 0.0181365
    endloop
  endfacet
  facet normal -0.58615 -0.806757 0.0746418
    outer loop
      vertex -4.20747 -6.02856 1.80222
      vertex -4.01456 -6.29604 0.426089
      vertex -3.95499 -5.77153 6.56298
    endloop
  endfacet
  facet normal -0.586133 -0.806769 0.0746467
    outer loop
      vertex -4.30209 -6.12489 0.0181365
      vertex -4.01456 -6.29604 0.426089
      vertex -4.20747 -6.02856 1.80222
    endloop
  endfacet
  facet normal -0.586138 -0.806765 0.0746522
    outer loop
      vertex -4.01456 -6.29604 0.426089
      vertex -4.30209 -6.12489 0.0181365
      vertex -4.0271 -6.3246 0.0189831
    endloop
  endfacet
  facet normal -0.58615 -0.806767 0.0745287
    outer loop
      vertex -4.0187 -6.33246 0
      vertex -4.30209 -6.12489 0.0181365
      vertex -4.78068 -5.77885 0
    endloop
  endfacet
  facet normal -0.586137 -0.806763 0.0746772
    outer loop
      vertex -4.30209 -6.12489 0.0181365
      vertex -4.0187 -6.33246 0
      vertex -4.0271 -6.3246 0.0189831
    endloop
  endfacet
  facet normal -0.585898 -0.806921 0.0748484
    outer loop
      vertex -4.0271 -6.3246 0.0189831
      vertex -4.0187 -6.33246 0
      vertex -4.01851 -6.33082 0.0191677
    endloop
  endfacet
  facet normal -0.589096 -0.804619 0.0745247
    outer loop
      vertex -3.82454 -4.62308 20
      vertex -3.82595 -4.62478 19.9705
      vertex -3.82483 -4.6256 19.9705
    endloop
  endfacet
  facet normal -0.247979 0.965886 0.0746416
    outer loop
      vertex -1.29239 6.77494 8.03854
      vertex -1.50443 7.00048 4.41553
      vertex -1.28497 6.45997 12.139
    endloop
  endfacet
  facet normal -0.24801 0.965878 0.0746429
    outer loop
      vertex -1.50443 7.00048 4.41553
      vertex -1.29239 6.77494 8.03854
      vertex -1.40536 7.36715 0
    endloop
  endfacet
  facet normal -0.247989 0.965869 0.0748269
    outer loop
      vertex -1.17053 5.88466 19.9637
      vertex -1.8541 5.70634 20
      vertex -1.12429 5.89372 20
    endloop
  endfacet
  facet normal -0.247907 0.965898 0.074716
    outer loop
      vertex -1.17053 5.88466 19.9637
      vertex -1.12429 5.89372 20
      vertex -1.12479 5.89633 19.9646
    endloop
  endfacet
  facet normal -0.248002 0.96588 0.0746336
    outer loop
      vertex -1.8541 5.70634 20
      vertex -1.17053 5.88466 19.9637
      vertex -1.85345 5.70874 19.9711
    endloop
  endfacet
  facet normal 0 0 -1
    outer loop
      vertex 3.075 0 0
      vertex 7.5 0 0
      vertex 7.44086 -0.939999 0
    endloop
  endfacet
  facet normal 0 0 -1
    outer loop
      vertex 2.9245 -0.950227 0
      vertex 7.44086 -0.939999 0
      vertex 7.26437 -1.86517 0
    endloop
  endfacet
  facet normal 0 0 -1
    outer loop
      vertex 7.5 0 0
      vertex 3.075 0 0
      vertex 7.44086 0.939999 0
    endloop
  endfacet
  facet normal 0 0 -1
    outer loop
      vertex 2.9245 -0.950227 0
      vertex 7.26437 -1.86517 0
      vertex 6.97332 -2.76093 0
    endloop
  endfacet
  facet normal 0 0 -1
    outer loop
      vertex 2.9245 0.950227 0
      vertex 7.44086 0.939999 0
      vertex 3.075 0 0
    endloop
  endfacet
  facet normal 0 0 -1
    outer loop
      vertex 2.9245 -0.950227 0
      vertex 6.97332 -2.76093 0
      vertex 6.5723 -3.61315 0
    endloop
  endfacet
  facet normal 0 0 -1
    outer loop
      vertex 7.44086 0.939999 0
      vertex 2.9245 0.950227 0
      vertex 7.26437 1.86517 0
    endloop
  endfacet
  facet normal 0 0 -1
    outer loop
      vertex 2.48773 -1.80744 0
      vertex 6.5723 -3.61315 0
      vertex 6.06763 -4.40839 0
    endloop
  endfacet
  facet normal -0 0 -1
    outer loop
      vertex 7.26437 1.86517 0
      vertex 2.9245 0.950227 0
      vertex 6.97332 2.76093 0
    endloop
  endfacet
  facet normal 0 0 -1
    outer loop
      vertex 2.48773 -1.80744 0
      vertex 6.06763 -4.40839 0
      vertex 5.46726 -5.1341 0
    endloop
  endfacet
  facet normal -0 0 -1
    outer loop
      vertex 6.97332 2.76093 0
      vertex 2.9245 0.950227 0
      vertex 6.5723 3.61315 0
    endloop
  endfacet
  facet normal 0 0 -1
    outer loop
      vertex 1.80744 -2.48773 0
      vertex 5.46726 -5.1341 0
      vertex 4.78068 -5.77885 0
    endloop
  endfacet
  facet normal 0 0 -1
    outer loop
      vertex 2.48773 1.80744 0
      vertex 6.5723 3.61315 0
      vertex 2.9245 0.950227 0
    endloop
  endfacet
  facet normal 0 0 -1
    outer loop
      vertex 1.80744 -2.48773 0
      vertex 4.78068 -5.77885 0
      vertex 4.0187 -6.33246 0
    endloop
  endfacet
  facet normal -0 0 -1
    outer loop
      vertex 6.5723 3.61315 0
      vertex 2.48773 1.80744 0
      vertex 6.06763 4.40839 0
    endloop
  endfacet
  facet normal 0 0 -1
    outer loop
      vertex 1.80744 -2.48773 0
      vertex 4.0187 -6.33246 0
      vertex 3.19334 -6.7862 0
    endloop
  endfacet
  facet normal -0 0 -1
    outer loop
      vertex 6.06763 4.40839 0
      vertex 2.48773 1.80744 0
      vertex 5.46726 5.1341 0
    endloop
  endfacet
  facet normal 0 0 -1
    outer loop
      vertex 1.80744 2.48773 0
      vertex 5.46726 5.1341 0
      vertex 2.48773 1.80744 0
    endloop
  endfacet
  facet normal -0 0 -1
    outer loop
      vertex 7.44086 -0.939999 0
      vertex 2.9245 -0.950227 0
      vertex 3.075 0 0
    endloop
  endfacet
  facet normal 0 0 -1
    outer loop
      vertex 6.5723 -3.61315 0
      vertex 2.48773 -1.80744 0
      vertex 2.9245 -0.950227 0
    endloop
  endfacet
  facet normal 0 0 -1
    outer loop
      vertex 0.950227 -2.9245 0
      vertex 3.19334 -6.7862 0
      vertex 2.31763 -7.13292 0
    endloop
  endfacet
  facet normal 0 0 -1
    outer loop
      vertex 5.46726 -5.1341 0
      vertex 1.80744 -2.48773 0
      vertex 2.48773 -1.80744 0
    endloop
  endfacet
  facet normal 0 0 -1
    outer loop
      vertex 0.950227 -2.9245 0
      vertex 2.31763 -7.13292 0
      vertex 1.40536 -7.36715 0
    endloop
  endfacet
  facet normal 0 0 -1
    outer loop
      vertex 3.19334 -6.7862 0
      vertex 0.950227 -2.9245 0
      vertex 1.80744 -2.48773 0
    endloop
  endfacet
  facet normal 0 0 -1
    outer loop
      vertex 0 -3.075 0
      vertex 1.40536 -7.36715 0
      vertex 0.470928 -7.4852 0
    endloop
  endfacet
  facet normal 0 0 -1
    outer loop
      vertex 1.40536 -7.36715 0
      vertex 0 -3.075 0
      vertex 0.950227 -2.9245 0
    endloop
  endfacet
  facet normal 0 0 -1
    outer loop
      vertex -0.470928 -7.4852 0
      vertex 0 -3.075 0
      vertex 0.470928 -7.4852 0
    endloop
  endfacet
  facet normal 0 0 -1
    outer loop
      vertex -1.40536 -7.36715 0
      vertex 0 -3.075 0
      vertex -0.470928 -7.4852 0
    endloop
  endfacet
  facet normal -0 0 -1
    outer loop
      vertex 0 -3.075 0
      vertex -1.40536 -7.36715 0
      vertex -0.950227 -2.9245 0
    endloop
  endfacet
  facet normal 0 0 -1
    outer loop
      vertex -2.31763 -7.13292 0
      vertex -0.950227 -2.9245 0
      vertex -1.40536 -7.36715 0
    endloop
  endfacet
  facet normal 0 0 -1
    outer loop
      vertex -3.19334 -6.7862 0
      vertex -0.950227 -2.9245 0
      vertex -2.31763 -7.13292 0
    endloop
  endfacet
  facet normal -0 0 -1
    outer loop
      vertex -0.950227 -2.9245 0
      vertex -3.19334 -6.7862 0
      vertex -1.80744 -2.48773 0
    endloop
  endfacet
  facet normal 0 0 -1
    outer loop
      vertex -4.0187 -6.33246 0
      vertex -1.80744 -2.48773 0
      vertex -3.19334 -6.7862 0
    endloop
  endfacet
  facet normal 0 0 -1
    outer loop
      vertex -4.78068 -5.77885 0
      vertex -1.80744 -2.48773 0
      vertex -4.0187 -6.33246 0
    endloop
  endfacet
  facet normal 0 0 -1
    outer loop
      vertex -5.46726 -5.1341 0
      vertex -1.80744 -2.48773 0
      vertex -4.78068 -5.77885 0
    endloop
  endfacet
  facet normal -0 0 -1
    outer loop
      vertex 5.46726 5.1341 0
      vertex 1.80744 2.48773 0
      vertex 4.78068 5.77885 0
    endloop
  endfacet
  facet normal -0 0 -1
    outer loop
      vertex 4.78068 5.77885 0
      vertex 1.80744 2.48773 0
      vertex 4.0187 6.33246 0
    endloop
  endfacet
  facet normal -0 0 -1
    outer loop
      vertex 4.0187 6.33246 0
      vertex 1.80744 2.48773 0
      vertex 3.19334 6.7862 0
    endloop
  endfacet
  facet normal 0 0 -1
    outer loop
      vertex 0.950227 2.9245 0
      vertex 3.19334 6.7862 0
      vertex 1.80744 2.48773 0
    endloop
  endfacet
  facet normal -0 0 -1
    outer loop
      vertex 3.19334 6.7862 0
      vertex 0.950227 2.9245 0
      vertex 2.31763 7.13292 0
    endloop
  endfacet
  facet normal -0 0 -1
    outer loop
      vertex 2.31763 7.13292 0
      vertex 0.950227 2.9245 0
      vertex 1.40536 7.36715 0
    endloop
  endfacet
  facet normal 0 0 -1
    outer loop
      vertex 0 3.075 0
      vertex 1.40536 7.36715 0
      vertex 0.950227 2.9245 0
    endloop
  endfacet
  facet normal -0 0 -1
    outer loop
      vertex 1.40536 7.36715 0
      vertex 0 3.075 0
      vertex 0.470928 7.4852 0
    endloop
  endfacet
  facet normal 0 0 -1
    outer loop
      vertex 0 3.075 0
      vertex -0.470928 7.4852 0
      vertex 0.470928 7.4852 0
    endloop
  endfacet
  facet normal 0 0 -1
    outer loop
      vertex -1.40536 7.36715 0
      vertex 0 3.075 0
      vertex -0.950227 2.9245 0
    endloop
  endfacet
  facet normal 0 0 -1
    outer loop
      vertex 0 3.075 0
      vertex -1.40536 7.36715 0
      vertex -0.470928 7.4852 0
    endloop
  endfacet
  facet normal 0 0 -1
    outer loop
      vertex -3.19334 6.7862 0
      vertex -0.950227 2.9245 0
      vertex -1.80744 2.48773 0
    endloop
  endfacet
  facet normal 0 0 -1
    outer loop
      vertex -0.950227 2.9245 0
      vertex -2.31763 7.13292 0
      vertex -1.40536 7.36715 0
    endloop
  endfacet
  facet normal 0 0 -1
    outer loop
      vertex -5.46726 5.1341 0
      vertex -1.80744 2.48773 0
      vertex -2.48773 1.80744 0
    endloop
  endfacet
  facet normal 0 0 -1
    outer loop
      vertex -6.5723 3.61315 0
      vertex -2.48773 1.80744 0
      vertex -2.9245 0.950227 0
    endloop
  endfacet
  facet normal 0 0 -1
    outer loop
      vertex -7.44086 0.939999 0
      vertex -2.9245 0.950227 0
      vertex -3.075 0 0
    endloop
  endfacet
  facet normal 0 0 -1
    outer loop
      vertex -0.950227 2.9245 0
      vertex -3.19334 6.7862 0
      vertex -2.31763 7.13292 0
    endloop
  endfacet
  facet normal -0 0 -1
    outer loop
      vertex -1.80744 -2.48773 0
      vertex -5.46726 -5.1341 0
      vertex -2.48773 -1.80744 0
    endloop
  endfacet
  facet normal 0 0 -1
    outer loop
      vertex -6.06763 -4.40839 0
      vertex -2.48773 -1.80744 0
      vertex -5.46726 -5.1341 0
    endloop
  endfacet
  facet normal 0 0 -1
    outer loop
      vertex -1.80744 2.48773 0
      vertex -4.0187 6.33246 0
      vertex -3.19334 6.7862 0
    endloop
  endfacet
  facet normal 0 0 -1
    outer loop
      vertex -6.5723 -3.61315 0
      vertex -2.48773 -1.80744 0
      vertex -6.06763 -4.40839 0
    endloop
  endfacet
  facet normal 0 0 -1
    outer loop
      vertex -1.80744 2.48773 0
      vertex -4.78068 5.77885 0
      vertex -4.0187 6.33246 0
    endloop
  endfacet
  facet normal -0 0 -1
    outer loop
      vertex -2.48773 -1.80744 0
      vertex -6.5723 -3.61315 0
      vertex -2.9245 -0.950227 0
    endloop
  endfacet
  facet normal 0 0 -1
    outer loop
      vertex -1.80744 2.48773 0
      vertex -5.46726 5.1341 0
      vertex -4.78068 5.77885 0
    endloop
  endfacet
  facet normal 0 0 -1
    outer loop
      vertex -6.97332 -2.76093 0
      vertex -2.9245 -0.950227 0
      vertex -6.5723 -3.61315 0
    endloop
  endfacet
  facet normal 0 0 -1
    outer loop
      vertex -2.48773 1.80744 0
      vertex -6.06763 4.40839 0
      vertex -5.46726 5.1341 0
    endloop
  endfacet
  facet normal 0 0 -1
    outer loop
      vertex -7.26437 -1.86517 0
      vertex -2.9245 -0.950227 0
      vertex -6.97332 -2.76093 0
    endloop
  endfacet
  facet normal 0 0 -1
    outer loop
      vertex -2.48773 1.80744 0
      vertex -6.5723 3.61315 0
      vertex -6.06763 4.40839 0
    endloop
  endfacet
  facet normal 0 0 -1
    outer loop
      vertex -7.44086 -0.939999 0
      vertex -2.9245 -0.950227 0
      vertex -7.26437 -1.86517 0
    endloop
  endfacet
  facet normal 0 0 -1
    outer loop
      vertex -2.9245 0.950227 0
      vertex -6.97332 2.76093 0
      vertex -6.5723 3.61315 0
    endloop
  endfacet
  facet normal 0 0 -1
    outer loop
      vertex -2.9245 -0.950227 0
      vertex -7.44086 -0.939999 0
      vertex -3.075 0 0
    endloop
  endfacet
  facet normal 0 0 -1
    outer loop
      vertex -2.9245 0.950227 0
      vertex -7.26437 1.86517 0
      vertex -6.97332 2.76093 0
    endloop
  endfacet
  facet normal 0 0 -1
    outer loop
      vertex -7.5 0 0
      vertex -3.075 0 0
      vertex -7.44086 -0.939999 0
    endloop
  endfacet
  facet normal -0 0 -1
    outer loop
      vertex -2.9245 0.950227 0
      vertex -7.44086 0.939999 0
      vertex -7.26437 1.86517 0
    endloop
  endfacet
  facet normal 0 0 -1
    outer loop
      vertex -3.075 0 0
      vertex -7.5 0 0
      vertex -7.44086 0.939999 0
    endloop
  endfacet
  facet normal -0.475929 -0.876315 0.074592
    outer loop
      vertex -2.55468 -5.42896 20
      vertex -2.55673 -5.43023 19.972
      vertex -2.55557 -5.43086 19.972
    endloop
  endfacet
  facet normal -0.480404 -0.873862 0.07468
    outer loop
      vertex -3.19334 -6.7862 0
      vertex -4.0173 -6.33159 0.0191862
      vertex -4.0187 -6.33246 0
    endloop
  endfacet
  facet normal -0.480422 -0.873881 0.0743416
    outer loop
      vertex -4.0173 -6.33159 0.0191862
      vertex -3.19334 -6.7862 0
      vertex -3.19249 -6.78438 0.026887
    endloop
  endfacet
  facet normal 0.247979 0.965886 0.0746416
    outer loop
      vertex 1.50443 7.00048 4.41553
      vertex 1.29239 6.77494 8.03854
      vertex 1.28497 6.45997 12.139
    endloop
  endfacet
  facet normal 0.24801 0.965878 0.0746429
    outer loop
      vertex 1.29239 6.77494 8.03854
      vertex 1.50443 7.00048 4.41553
      vertex 1.40536 7.36715 0
    endloop
  endfacet
  facet normal 0.248002 0.96588 0.0746336
    outer loop
      vertex 1.17053 5.88466 19.9637
      vertex 1.8541 5.70634 20
      vertex 1.85345 5.70874 19.9711
    endloop
  endfacet
  facet normal 0.247989 0.965869 0.0748269
    outer loop
      vertex 1.8541 5.70634 20
      vertex 1.17053 5.88466 19.9637
      vertex 1.12429 5.89372 20
    endloop
  endfacet
  facet normal 0.247907 0.965898 0.074716
    outer loop
      vertex 1.12429 5.89372 20
      vertex 1.17053 5.88466 19.9637
      vertex 1.12479 5.89633 19.9646
    endloop
  endfacet
  facet normal 0.948414 0.308167 0.0744624
    outer loop
      vertex 5.57866 2.20875 20
      vertex 5.81336 1.49417 19.968
      vertex 5.58058 2.20951 19.9724
    endloop
  endfacet
  facet normal 0.948401 0.308153 0.0746743
    outer loop
      vertex 5.81336 1.49417 19.968
      vertex 5.57866 2.20875 20
      vertex 5.8115 1.49214 20
    endloop
  endfacet
  facet normal 0.949022 0.306296 0.0744331
    outer loop
      vertex 6.97332 2.76093 0
      vertex 6.97141 2.76018 0.0274388
      vertex 6.97173 2.75919 0.0274327
    endloop
  endfacet
  facet normal 0.841978 -0.534347 0.0744777
    outer loop
      vertex 6.31806 -4.01124 0.0180749
      vertex 6.5723 -3.61315 0
      vertex 6.57023 -3.61305 0.024119
    endloop
  endfacet
  facet normal 0.841983 -0.534315 0.0746451
    outer loop
      vertex 6.13345 -4.30208 0.0185898
      vertex 6.31806 -4.01124 0.0180749
      vertex 6.03913 -4.21112 1.7336
    endloop
  endfacet
  facet normal 0.841996 -0.534323 0.0744345
    outer loop
      vertex 6.06763 -4.40839 0
      vertex 6.31806 -4.01124 0.0180749
      vertex 6.13345 -4.30208 0.0185898
    endloop
  endfacet
  facet normal 0.841971 -0.534339 0.0746125
    outer loop
      vertex 6.06763 -4.40839 0
      vertex 6.13345 -4.30208 0.0185898
      vertex 6.06638 -4.40748 0.0206227
    endloop
  endfacet
  facet normal 0.841962 -0.53432 0.0748445
    outer loop
      vertex 6.31806 -4.01124 0.0180749
      vertex 6.06763 -4.40839 0
      vertex 6.5723 -3.61315 0
    endloop
  endfacet
  facet normal 0.841978 -0.534323 0.0746433
    outer loop
      vertex 5.44524 -3.63839 12.5325
      vertex 6.03913 -4.21112 1.7336
      vertex 6.31806 -4.01124 0.0180749
    endloop
  endfacet
  facet normal 0.841306 -0.535377 0.0746746
    outer loop
      vertex 4.85694 -3.52685 19.967
      vertex 4.8541 -3.52671 20
      vertex 4.8561 -3.52817 19.967
    endloop
  endfacet
  facet normal -0.248739 -0.965693 0.0746015
    outer loop
      vertex -1.8541 -5.70634 20
      vertex -1.85477 -5.7084 19.9711
      vertex -1.85345 -5.70874 19.9711
    endloop
  endfacet
  facet normal -0.248001 -0.965876 0.0746982
    outer loop
      vertex -2.31703 -7.13108 0.0257839
      vertex -2.31763 -7.13292 0
      vertex -1.62938 -7.30822 0.0183215
    endloop
  endfacet
  facet normal -0.247962 -0.96589 0.074645
    outer loop
      vertex -1.57979 -7.18608 1.76357
      vertex -1.40536 -7.36715 0
      vertex -1.50443 -7.00048 4.41553
    endloop
  endfacet
  facet normal -0.247978 -0.965886 0.074643
    outer loop
      vertex -1.62938 -7.30822 0.0183215
      vertex -1.40536 -7.36715 0
      vertex -1.57979 -7.18608 1.76357
    endloop
  endfacet
  facet normal -0.247999 -0.965897 0.0744247
    outer loop
      vertex -1.40536 -7.36715 0
      vertex -1.62938 -7.30822 0.0183215
      vertex -2.31763 -7.13292 0
    endloop
  endfacet
  facet normal -0.948401 -0.308153 0.0746743
    outer loop
      vertex -5.81336 -1.49417 19.968
      vertex -5.57866 -2.20875 20
      vertex -5.8115 -1.49214 20
    endloop
  endfacet
  facet normal -0.948414 -0.308167 0.0744624
    outer loop
      vertex -5.57866 -2.20875 20
      vertex -5.81336 -1.49417 19.968
      vertex -5.58058 -2.20951 19.9724
    endloop
  endfacet
  facet normal -0.949022 -0.306296 0.0744331
    outer loop
      vertex -6.97173 -2.75919 0.0274327
      vertex -6.97332 -2.76093 0
      vertex -6.97141 -2.76018 0.0274388
    endloop
  endfacet
  facet normal -0.902481 -0.424243 0.0744634
    outer loop
      vertex -5.57866 -2.20875 20
      vertex -5.58058 -2.20951 19.9724
      vertex -5.58003 -2.21068 19.9724
    endloop
  endfacet
  facet normal -0.902318 -0.424599 0.0744157
    outer loop
      vertex -6.97332 -2.76093 0
      vertex -6.5711 -3.61146 0.0241339
      vertex -6.97141 -2.76018 0.0274388
    endloop
  endfacet
  facet normal -0.902308 -0.424589 0.0745974
    outer loop
      vertex -6.5711 -3.61146 0.0241339
      vertex -6.97332 -2.76093 0
      vertex -6.5723 -3.61315 0
    endloop
  endfacet
  facet normal -0.367098 0.927182 0.0746548
    outer loop
      vertex -2.29266 5.53498 19.9717
      vertex -2.55468 5.42896 20
      vertex -1.8541 5.70634 20
    endloop
  endfacet
  facet normal -0.367107 0.927184 0.0745848
    outer loop
      vertex -2.55468 5.42896 20
      vertex -2.29266 5.53498 19.9717
      vertex -2.55557 5.43086 19.972
    endloop
  endfacet
  facet normal -0.367099 0.927178 0.074691
    outer loop
      vertex -2.29266 5.53498 19.9717
      vertex -1.8541 5.70634 20
      vertex -1.85604 5.7079 19.9711
    endloop
  endfacet
  facet normal -0.361834 0.929274 0.0743421
    outer loop
      vertex -3.19154 6.78475 0.0268858
      vertex -3.19334 6.7862 0
      vertex -3.19249 6.78438 0.026887
    endloop
  endfacet
  facet normal 0 0.997199 0.0747899
    outer loop
      vertex 0.376876 5.99029 19.9716
      vertex -0.376742 5.98816 20
      vertex 0.376742 5.98816 20
    endloop
  endfacet
  facet normal 0 0.997199 0.0747899
    outer loop
      vertex -0.376742 5.98816 20
      vertex 0.376876 5.99029 19.9716
      vertex -0.376876 5.99029 19.9716
    endloop
  endfacet
  facet normal 0 0.9972 0.0747778
    outer loop
      vertex 0.470928 7.4852 0
      vertex -0.470804 7.48322 0.0264043
      vertex 0.470804 7.48322 0.0264043
    endloop
  endfacet
  facet normal 0 0.9972 0.0747778
    outer loop
      vertex -0.470804 7.48322 0.0264043
      vertex 0.470928 7.4852 0
      vertex -0.470928 7.4852 0
    endloop
  endfacet
  facet normal 0.768357 0.635633 0.0748232
    outer loop
      vertex 4.37381 4.10728 20
      vertex 4.8561 3.52817 19.967
      vertex 4.37616 4.1077 19.9723
    endloop
  endfacet
  facet normal 0.768361 0.635644 0.0746897
    outer loop
      vertex 4.8561 3.52817 19.967
      vertex 4.37381 4.10728 20
      vertex 4.8541 3.52671 20
    endloop
  endfacet
  facet normal 0.76641 0.638004 0.0746069
    outer loop
      vertex 6.06763 4.40839 0
      vertex 6.06588 4.40808 0.0206281
      vertex 6.06638 4.40748 0.0206227
    endloop
  endfacet
  facet normal -0.365311 -0.927891 0.0746095
    outer loop
      vertex -1.8541 -5.70634 20
      vertex -1.85604 -5.7079 19.9711
      vertex -1.85477 -5.7084 19.9711
    endloop
  endfacet
  facet normal -0.367101 -0.927186 0.0745822
    outer loop
      vertex -2.31763 -7.13292 0
      vertex -3.19154 -6.78475 0.0268858
      vertex -3.19334 -6.7862 0
    endloop
  endfacet
  facet normal -0.367094 -0.927179 0.0747081
    outer loop
      vertex -3.19154 -6.78475 0.0268858
      vertex -2.31763 -7.13292 0
      vertex -2.31703 -7.13108 0.0257839
    endloop
  endfacet
  facet normal 0.979996 0.184457 0.074716
    outer loop
      vertex 7.44086 0.939999 0
      vertex 7.43898 0.940636 0.023086
      vertex 7.43914 0.939781 0.0230982
    endloop
  endfacet
  facet normal 0.979545 0.186821 0.0747566
    outer loop
      vertex 5.8115 1.49214 20
      vertex 5.87599 1.16881 19.963
      vertex 5.81411 1.49126 19.968
    endloop
  endfacet
  facet normal 0.979563 0.186862 0.0744272
    outer loop
      vertex 5.95269 0.751999 20
      vertex 5.87599 1.16881 19.963
      vertex 5.8115 1.49214 20
    endloop
  endfacet
  facet normal 0.979534 0.186886 0.0747514
    outer loop
      vertex 5.87599 1.16881 19.963
      vertex 5.95269 0.751999 20
      vertex 5.955 0.752291 19.969
    endloop
  endfacet
  facet normal 0.979261 0.188364 0.0746056
    outer loop
      vertex 6.431 1.28221 12.3957
      vertex 6.41578 1.27618 12.6107
      vertex 6.44756 1.2766 12.1925
    endloop
  endfacet
  facet normal 0.979996 -0.184457 0.074716
    outer loop
      vertex 7.43914 -0.939781 0.0230982
      vertex 7.43898 -0.940636 0.023086
      vertex 7.44086 -0.939999 0
    endloop
  endfacet
  facet normal 0.979534 -0.186886 0.0747514
    outer loop
      vertex 5.95269 -0.751999 20
      vertex 5.87599 -1.16881 19.963
      vertex 5.955 -0.752291 19.969
    endloop
  endfacet
  facet normal 0.979563 -0.186862 0.0744272
    outer loop
      vertex 5.8115 -1.49214 20
      vertex 5.87599 -1.16881 19.963
      vertex 5.95269 -0.751999 20
    endloop
  endfacet
  facet normal 0.979545 -0.186821 0.0747566
    outer loop
      vertex 5.87599 -1.16881 19.963
      vertex 5.8115 -1.49214 20
      vertex 5.81411 -1.49126 19.968
    endloop
  endfacet
  facet normal 0.979261 -0.188364 0.0746056
    outer loop
      vertex 6.44756 -1.2766 12.1925
      vertex 6.41578 -1.27618 12.6107
      vertex 6.431 -1.28221 12.3957
    endloop
  endfacet
  facet normal 0.995246 -0.0626132 0.0746021
    outer loop
      vertex 5.95269 -0.751999 20
      vertex 6.00198 -0.00129319 19.9725
      vertex 6 0 20
    endloop
  endfacet
  facet normal 0.995235 -0.0626071 0.0747508
    outer loop
      vertex 6.00198 -0.00129319 19.9725
      vertex 5.95269 -0.751999 20
      vertex 5.955 -0.752291 19.969
    endloop
  endfacet
  facet normal 0.994806 -0.0691183 0.0747302
    outer loop
      vertex 7.4392 -0.938913 0.0231023
      vertex 7.43914 -0.939781 0.0230982
      vertex 7.44086 -0.939999 0
    endloop
  endfacet
  facet normal -0.994806 -0.0691183 0.0747302
    outer loop
      vertex -7.4392 -0.938913 0.0231023
      vertex -7.44086 -0.939999 0
      vertex -7.43914 -0.939781 0.0230982
    endloop
  endfacet
  facet normal -0.995246 -0.0626132 0.0746021
    outer loop
      vertex -6.00198 -0.00129319 19.9725
      vertex -5.95269 -0.751999 20
      vertex -6 0 20
    endloop
  endfacet
  facet normal -0.995235 -0.0626071 0.0747508
    outer loop
      vertex -5.95269 -0.751999 20
      vertex -6.00198 -0.00129319 19.9725
      vertex -5.955 -0.752291 19.969
    endloop
  endfacet
  facet normal -0.979996 -0.184457 0.074716
    outer loop
      vertex -7.43914 -0.939781 0.0230982
      vertex -7.44086 -0.939999 0
      vertex -7.43898 -0.940636 0.023086
    endloop
  endfacet
  facet normal -0.979534 -0.186886 0.0747514
    outer loop
      vertex -5.87599 -1.16881 19.963
      vertex -5.95269 -0.751999 20
      vertex -5.955 -0.752291 19.969
    endloop
  endfacet
  facet normal -0.979545 -0.186821 0.0747566
    outer loop
      vertex -5.8115 -1.49214 20
      vertex -5.87599 -1.16881 19.963
      vertex -5.81411 -1.49126 19.968
    endloop
  endfacet
  facet normal -0.979563 -0.186862 0.0744272
    outer loop
      vertex -5.87599 -1.16881 19.963
      vertex -5.8115 -1.49214 20
      vertex -5.95269 -0.751999 20
    endloop
  endfacet
  facet normal -0.979261 -0.188364 0.0746056
    outer loop
      vertex -6.41578 -1.27618 12.6107
      vertex -6.44756 -1.2766 12.1925
      vertex -6.431 -1.28221 12.3957
    endloop
  endfacet
  facet normal 0.124989 -0.989335 0.0747899
    outer loop
      vertex 1.12313 -5.89654 19.9646
      vertex 0.376742 -5.98816 20
      vertex 0.376876 -5.99029 19.9716
    endloop
  endfacet
  facet normal 0.124986 -0.989341 0.0747163
    outer loop
      vertex 0.376742 -5.98816 20
      vertex 1.12313 -5.89654 19.9646
      vertex 1.12429 -5.89372 20
    endloop
  endfacet
  facet normal 0.121169 -0.98981 0.0747927
    outer loop
      vertex 0.47179 -7.4831 0.026395
      vertex 0.470804 -7.48322 0.0264043
      vertex 0.470928 -7.4852 0
    endloop
  endfacet
  facet normal 0.124983 -0.989348 0.0746314
    outer loop
      vertex 0.47179 -7.4831 0.026395
      vertex 0.470928 -7.4852 0
      vertex 1.29556 -7.37962 0.018634
    endloop
  endfacet
  facet normal 0.125036 -0.98934 0.0746432
    outer loop
      vertex 1.2949 -7.25275 1.70132
      vertex 1.40536 -7.36715 0
      vertex 1.29239 -6.77494 8.03854
    endloop
  endfacet
  facet normal 0.125027 -0.989342 0.0746427
    outer loop
      vertex 1.29556 -7.37962 0.018634
      vertex 1.40536 -7.36715 0
      vertex 1.2949 -7.25275 1.70132
    endloop
  endfacet
  facet normal 0.12499 -0.989364 0.0744073
    outer loop
      vertex 1.40536 -7.36715 0
      vertex 1.29556 -7.37962 0.018634
      vertex 0.470928 -7.4852 0
    endloop
  endfacet
  facet normal 0.125155 -0.98932 0.0747091
    outer loop
      vertex 1.12429 -5.89372 20
      vertex 1.12313 -5.89654 19.9646
      vertex 1.12479 -5.89633 19.9646
    endloop
  endfacet
  facet normal -0.891007 -0.453989 0
    outer loop
      vertex 2.9245 0.950227 0
      vertex 2.48773 1.80744 7.999
      vertex 2.48773 1.80744 0
    endloop
  endfacet
  facet normal -0.891007 -0.453989 0
    outer loop
      vertex 2.48773 1.80744 7.999
      vertex 2.9245 0.950227 0
      vertex 2.9245 0.950227 7.999
    endloop
  endfacet
  facet normal -0.987689 -0.156433 0
    outer loop
      vertex 3.075 0 0
      vertex 2.9245 0.950227 7.999
      vertex 2.9245 0.950227 0
    endloop
  endfacet
  facet normal -0.987689 -0.156433 0
    outer loop
      vertex 2.9245 0.950227 7.999
      vertex 3.075 0 0
      vertex 3.075 0 7.999
    endloop
  endfacet
  facet normal -0.707107 -0.707107 0
    outer loop
      vertex 2.48773 1.80744 0
      vertex 1.80744 2.48773 7.999
      vertex 1.80744 2.48773 0
    endloop
  endfacet
  facet normal -0.707107 -0.707107 0
    outer loop
      vertex 1.80744 2.48773 7.999
      vertex 2.48773 1.80744 0
      vertex 2.48773 1.80744 7.999
    endloop
  endfacet
  facet normal -0.156433 -0.987689 0
    outer loop
      vertex 0 3.075 0
      vertex 0.950227 2.9245 7.999
      vertex 0 3.075 7.999
    endloop
  endfacet
  facet normal -0.156433 -0.987689 -0
    outer loop
      vertex 0.950227 2.9245 7.999
      vertex 0 3.075 0
      vertex 0.950227 2.9245 0
    endloop
  endfacet
  facet normal 0.987689 -0.156433 0
    outer loop
      vertex -3.075 0 7.999
      vertex -2.9245 0.950227 0
      vertex -2.9245 0.950227 7.999
    endloop
  endfacet
  facet normal 0.987689 -0.156433 0
    outer loop
      vertex -2.9245 0.950227 0
      vertex -3.075 0 7.999
      vertex -3.075 0 0
    endloop
  endfacet
  facet normal -0.453989 -0.891007 0
    outer loop
      vertex 0.950227 2.9245 0
      vertex 1.80744 2.48773 7.999
      vertex 0.950227 2.9245 7.999
    endloop
  endfacet
  facet normal -0.453989 -0.891007 -0
    outer loop
      vertex 1.80744 2.48773 7.999
      vertex 0.950227 2.9245 0
      vertex 1.80744 2.48773 0
    endloop
  endfacet
  facet normal 0.453989 -0.891007 0
    outer loop
      vertex -1.80744 2.48773 0
      vertex -0.950227 2.9245 7.999
      vertex -1.80744 2.48773 7.999
    endloop
  endfacet
  facet normal 0.453989 -0.891007 0
    outer loop
      vertex -0.950227 2.9245 7.999
      vertex -1.80744 2.48773 0
      vertex -0.950227 2.9245 0
    endloop
  endfacet
  facet normal 0.156433 0.987689 -0
    outer loop
      vertex 0 -3.075 0
      vertex -0.950227 -2.9245 7.999
      vertex 0 -3.075 7.999
    endloop
  endfacet
  facet normal 0.156433 0.987689 0
    outer loop
      vertex -0.950227 -2.9245 7.999
      vertex 0 -3.075 0
      vertex -0.950227 -2.9245 0
    endloop
  endfacet
  facet normal -0.707107 0.707107 0
    outer loop
      vertex 1.80744 -2.48773 0
      vertex 2.48773 -1.80744 7.999
      vertex 2.48773 -1.80744 0
    endloop
  endfacet
  facet normal -0.707107 0.707107 0
    outer loop
      vertex 2.48773 -1.80744 7.999
      vertex 1.80744 -2.48773 0
      vertex 1.80744 -2.48773 7.999
    endloop
  endfacet
  facet normal 0.891007 0.453989 0
    outer loop
      vertex -2.48773 -1.80744 7.999
      vertex -2.9245 -0.950227 0
      vertex -2.9245 -0.950227 7.999
    endloop
  endfacet
  facet normal 0.891007 0.453989 0
    outer loop
      vertex -2.9245 -0.950227 0
      vertex -2.48773 -1.80744 7.999
      vertex -2.48773 -1.80744 0
    endloop
  endfacet
  facet normal 0.156433 -0.987689 0
    outer loop
      vertex -0.950227 2.9245 0
      vertex 0 3.075 7.999
      vertex -0.950227 2.9245 7.999
    endloop
  endfacet
  facet normal 0.156433 -0.987689 0
    outer loop
      vertex 0 3.075 7.999
      vertex -0.950227 2.9245 0
      vertex 0 3.075 0
    endloop
  endfacet
  facet normal -0.453989 0.891007 0
    outer loop
      vertex 1.80744 -2.48773 0
      vertex 0.950227 -2.9245 7.999
      vertex 1.80744 -2.48773 7.999
    endloop
  endfacet
  facet normal -0.453989 0.891007 0
    outer loop
      vertex 0.950227 -2.9245 7.999
      vertex 1.80744 -2.48773 0
      vertex 0.950227 -2.9245 0
    endloop
  endfacet
  facet normal -0.156433 0.987689 0
    outer loop
      vertex 0.950227 -2.9245 0
      vertex 0 -3.075 7.999
      vertex 0.950227 -2.9245 7.999
    endloop
  endfacet
  facet normal -0.156433 0.987689 0
    outer loop
      vertex 0 -3.075 7.999
      vertex 0.950227 -2.9245 0
      vertex 0 -3.075 0
    endloop
  endfacet
  facet normal 0.987689 0.156433 0
    outer loop
      vertex -2.9245 -0.950227 7.999
      vertex -3.075 0 0
      vertex -3.075 0 7.999
    endloop
  endfacet
  facet normal 0.987689 0.156433 0
    outer loop
      vertex -3.075 0 0
      vertex -2.9245 -0.950227 7.999
      vertex -2.9245 -0.950227 0
    endloop
  endfacet
  facet normal 0.891007 -0.453989 0
    outer loop
      vertex -2.9245 0.950227 7.999
      vertex -2.48773 1.80744 0
      vertex -2.48773 1.80744 7.999
    endloop
  endfacet
  facet normal 0.891007 -0.453989 0
    outer loop
      vertex -2.48773 1.80744 0
      vertex -2.9245 0.950227 7.999
      vertex -2.9245 0.950227 0
    endloop
  endfacet
  facet normal 0.707107 -0.707107 0
    outer loop
      vertex -2.48773 1.80744 7.999
      vertex -1.80744 2.48773 0
      vertex -1.80744 2.48773 7.999
    endloop
  endfacet
  facet normal 0.707107 -0.707107 0
    outer loop
      vertex -1.80744 2.48773 0
      vertex -2.48773 1.80744 7.999
      vertex -2.48773 1.80744 0
    endloop
  endfacet
  facet normal 0 0 -1
    outer loop
      vertex 2.9245 -0.950227 7.999
      vertex 2.9245 0.950227 7.999
      vertex 3.075 0 7.999
    endloop
  endfacet
  facet normal 0 0 -1
    outer loop
      vertex 2.48773 -1.80744 7.999
      vertex 2.9245 0.950227 7.999
      vertex 2.9245 -0.950227 7.999
    endloop
  endfacet
  facet normal 0 0 -1
    outer loop
      vertex 2.48773 -1.80744 7.999
      vertex 2.48773 1.80744 7.999
      vertex 2.9245 0.950227 7.999
    endloop
  endfacet
  facet normal 0 0 -1
    outer loop
      vertex 1.80744 -2.48773 7.999
      vertex 2.48773 1.80744 7.999
      vertex 2.48773 -1.80744 7.999
    endloop
  endfacet
  facet normal 0 0 -1
    outer loop
      vertex 1.80744 -2.48773 7.999
      vertex 1.80744 2.48773 7.999
      vertex 2.48773 1.80744 7.999
    endloop
  endfacet
  facet normal 0 0 -1
    outer loop
      vertex 0.950227 -2.9245 7.999
      vertex 1.80744 2.48773 7.999
      vertex 1.80744 -2.48773 7.999
    endloop
  endfacet
  facet normal 0 0 -1
    outer loop
      vertex 0.950227 -2.9245 7.999
      vertex 0.950227 2.9245 7.999
      vertex 1.80744 2.48773 7.999
    endloop
  endfacet
  facet normal 0 0 -1
    outer loop
      vertex 0 -3.075 7.999
      vertex 0.950227 2.9245 7.999
      vertex 0.950227 -2.9245 7.999
    endloop
  endfacet
  facet normal 0 0 -1
    outer loop
      vertex 0 -3.075 7.999
      vertex 0 3.075 7.999
      vertex 0.950227 2.9245 7.999
    endloop
  endfacet
  facet normal 0 0 -1
    outer loop
      vertex -0.950227 -2.9245 7.999
      vertex 0 3.075 7.999
      vertex 0 -3.075 7.999
    endloop
  endfacet
  facet normal 0 0 -1
    outer loop
      vertex -0.950227 -2.9245 7.999
      vertex -0.950227 2.9245 7.999
      vertex 0 3.075 7.999
    endloop
  endfacet
  facet normal 0 0 -1
    outer loop
      vertex -1.80744 -2.48773 7.999
      vertex -0.950227 2.9245 7.999
      vertex -0.950227 -2.9245 7.999
    endloop
  endfacet
  facet normal 0 0 -1
    outer loop
      vertex -1.80744 -2.48773 7.999
      vertex -1.80744 2.48773 7.999
      vertex -0.950227 2.9245 7.999
    endloop
  endfacet
  facet normal 0 0 -1
    outer loop
      vertex -2.48773 -1.80744 7.999
      vertex -1.80744 2.48773 7.999
      vertex -1.80744 -2.48773 7.999
    endloop
  endfacet
  facet normal 0 0 -1
    outer loop
      vertex -2.48773 -1.80744 7.999
      vertex -2.48773 1.80744 7.999
      vertex -1.80744 2.48773 7.999
    endloop
  endfacet
  facet normal 0 0 -1
    outer loop
      vertex -2.9245 -0.950227 7.999
      vertex -2.48773 1.80744 7.999
      vertex -2.48773 -1.80744 7.999
    endloop
  endfacet
  facet normal 0 0 -1
    outer loop
      vertex -2.9245 -0.950227 7.999
      vertex -2.9245 0.950227 7.999
      vertex -2.48773 1.80744 7.999
    endloop
  endfacet
  facet normal 0 -0 -1
    outer loop
      vertex -2.9245 0.950227 7.999
      vertex -2.9245 -0.950227 7.999
      vertex -3.075 0 7.999
    endloop
  endfacet
  facet normal -0.891007 0.453989 0
    outer loop
      vertex 2.48773 -1.80744 0
      vertex 2.9245 -0.950227 7.999
      vertex 2.9245 -0.950227 0
    endloop
  endfacet
  facet normal -0.891007 0.453989 0
    outer loop
      vertex 2.9245 -0.950227 7.999
      vertex 2.48773 -1.80744 0
      vertex 2.48773 -1.80744 7.999
    endloop
  endfacet
  facet normal -0.987689 0.156433 0
    outer loop
      vertex 2.9245 -0.950227 0
      vertex 3.075 0 7.999
      vertex 3.075 0 0
    endloop
  endfacet
  facet normal -0.987689 0.156433 0
    outer loop
      vertex 3.075 0 7.999
      vertex 2.9245 -0.950227 0
      vertex 2.9245 -0.950227 7.999
    endloop
  endfacet
  facet normal 0.707107 0.707107 0
    outer loop
      vertex -1.80744 -2.48773 7.999
      vertex -2.48773 -1.80744 0
      vertex -2.48773 -1.80744 7.999
    endloop
  endfacet
  facet normal 0.707107 0.707107 0
    outer loop
      vertex -2.48773 -1.80744 0
      vertex -1.80744 -2.48773 7.999
      vertex -1.80744 -2.48773 0
    endloop
  endfacet
  facet normal 0.453989 0.891007 -0
    outer loop
      vertex -0.950227 -2.9245 0
      vertex -1.80744 -2.48773 7.999
      vertex -0.950227 -2.9245 7.999
    endloop
  endfacet
  facet normal 0.453989 0.891007 0
    outer loop
      vertex -1.80744 -2.48773 7.999
      vertex -0.950227 -2.9245 0
      vertex -1.80744 -2.48773 0
    endloop
  endfacet
endsolid OpenSCAD_Model
