solid OpenSCAD_Model
  facet normal -0.0747909 7.07093e-05 0.997199
    outer loop
      vertex 5.21201 0.657021 29.9554
      vertex 6.66337 0 30.0643
      vertex 5.56043 1.10604 29.9815
    endloop
  endfacet
  facet normal -0.0748114 -2.52116e-05 0.997198
    outer loop
      vertex 5.21201 -0.657021 29.9554
      vertex 6.66337 0 30.0643
      vertex 5.25311 0 29.9585
    endloop
  endfacet
  facet normal -0.0748114 2.52116e-05 0.997198
    outer loop
      vertex 6.66337 0 30.0643
      vertex 5.21201 0.657021 29.9554
      vertex 5.25311 0 29.9585
    endloop
  endfacet
  facet normal -0.0690015 -0.00444533 0.997607
    outer loop
      vertex 5.56043 1.10604 29.9815
      vertex 5.21192 0.658418 29.9554
      vertex 5.21201 0.657021 29.9554
    endloop
  endfacet
  facet normal -0.0601601 -0.0113592 0.998124
    outer loop
      vertex 5.56043 1.10604 29.9815
      vertex 5.21166 0.659795 29.9554
      vertex 5.21192 0.658418 29.9554
    endloop
  endfacet
  facet normal -0.0747534 0.000100329 0.997202
    outer loop
      vertex 5.21166 0.659795 29.9554
      vertex 5.56043 1.10604 29.9815
      vertex 5.14278 1.02296 29.9502
    endloop
  endfacet
  facet normal -0.0747909 -7.07093e-05 0.997199
    outer loop
      vertex 6.66337 0 30.0643
      vertex 5.21201 -0.657021 29.9554
      vertex 5.56043 -1.10604 29.9815
    endloop
  endfacet
  facet normal -0.0690015 0.00444533 0.997607
    outer loop
      vertex 5.21192 -0.658418 29.9554
      vertex 5.56043 -1.10604 29.9815
      vertex 5.21201 -0.657021 29.9554
    endloop
  endfacet
  facet normal -0.0601601 0.0113592 0.998124
    outer loop
      vertex 5.21166 -0.659795 29.9554
      vertex 5.56043 -1.10604 29.9815
      vertex 5.21192 -0.658418 29.9554
    endloop
  endfacet
  facet normal -0.0747534 -0.000100329 0.997202
    outer loop
      vertex 5.56043 -1.10604 29.9815
      vertex 5.21166 -0.659795 29.9554
      vertex 5.14278 -1.02296 29.9502
    endloop
  endfacet
  facet normal -0.705114 0.707119 -0.052884
    outer loop
      vertex 7.10973 1.41421 5.20359
      vertex 7.1659 1.28611 2.74182
      vertex 6.41577 1.27618 12.6107
    endloop
  endfacet
  facet normal -0.705113 0.70712 -0.052884
    outer loop
      vertex 7.1659 1.28611 2.74182
      vertex 7.10973 1.41421 5.20359
      vertex 7.49689 1.41421 0.0415115
    endloop
  endfacet
  facet normal 0.705125 0.707108 0.0528842
    outer loop
      vertex 6.66337 0 30.0643
      vertex 7.10973 1.41421 5.20359
      vertex 5.56043 1.10604 29.9815
    endloop
  endfacet
  facet normal 0.705125 0.707108 0.0528842
    outer loop
      vertex 8.90714 0 0.147281
      vertex 7.10973 1.41421 5.20359
      vertex 6.66337 0 30.0643
    endloop
  endfacet
  facet normal 0.705126 0.707107 0.052885
    outer loop
      vertex 7.10973 1.41421 5.20359
      vertex 8.90714 0 0.147281
      vertex 7.49689 1.41421 0.0415115
    endloop
  endfacet
  facet normal 0.0747905 0 -0.997199
    outer loop
      vertex 7.49689 -6.06325e-06 0.0415115
      vertex 8.90714 0 0.147281
      vertex 7.49689 -1.41421 0.0415115
    endloop
  endfacet
  facet normal 0.0747803 0.0164444 -0.997064
    outer loop
      vertex 8.90714 0 0.147281
      vertex 7.49689 -6.06325e-06 0.0415115
      vertex 7.49689 0 0.0415116
    endloop
  endfacet
  facet normal 0.0747803 -0.0164444 -0.997064
    outer loop
      vertex 7.49689 6.06325e-06 0.0415115
      vertex 8.90714 0 0.147281
      vertex 7.49689 0 0.0415116
    endloop
  endfacet
  facet normal 0.0747905 0 -0.997199
    outer loop
      vertex 8.90714 0 0.147281
      vertex 7.49689 6.06325e-06 0.0415115
      vertex 7.49689 1.41421 0.0415115
    endloop
  endfacet
  facet normal -0.705114 -0.707119 -0.052884
    outer loop
      vertex 7.1659 -1.28611 2.74182
      vertex 7.10973 -1.41421 5.20359
      vertex 6.41577 -1.27618 12.6107
    endloop
  endfacet
  facet normal -0.705113 -0.70712 -0.052884
    outer loop
      vertex 7.10973 -1.41421 5.20359
      vertex 7.1659 -1.28611 2.74182
      vertex 7.49689 -1.41421 0.0415115
    endloop
  endfacet
  facet normal 0.0698291 0 -0.997559
    outer loop
      vertex 7.49683 0.000910392 0.0415073
      vertex 7.49689 1.41421 0.0415115
      vertex 7.49689 6.06325e-06 0.0415115
    endloop
  endfacet
  facet normal 0.0747874 -2.11567e-07 -0.997199
    outer loop
      vertex 7.4381 0.93965 0.0371025
      vertex 7.49689 1.41421 0.0415115
      vertex 7.49683 0.000910392 0.0415073
    endloop
  endfacet
  facet normal 0.0747896 -4.87017e-07 -0.997199
    outer loop
      vertex 7.49689 1.41421 0.0415115
      vertex 7.4381 0.93965 0.0371025
      vertex 7.37187 1.28884 0.0321351
    endloop
  endfacet
  facet normal 0.0698291 0 -0.997559
    outer loop
      vertex 7.49689 -1.41421 0.0415115
      vertex 7.49683 -0.000910392 0.0415073
      vertex 7.49689 -6.06325e-06 0.0415115
    endloop
  endfacet
  facet normal 0.0747874 2.11567e-07 -0.997199
    outer loop
      vertex 7.49689 -1.41421 0.0415115
      vertex 7.4381 -0.93965 0.0371025
      vertex 7.49683 -0.000910392 0.0415073
    endloop
  endfacet
  facet normal 0.0747896 4.87017e-07 -0.997199
    outer loop
      vertex 7.4381 -0.93965 0.0371025
      vertex 7.49689 -1.41421 0.0415115
      vertex 7.37187 -1.28884 0.0321351
    endloop
  endfacet
  facet normal 0.705125 -0.707108 0.0528842
    outer loop
      vertex 7.10973 -1.41421 5.20359
      vertex 6.66337 0 30.0643
      vertex 5.56043 -1.10604 29.9815
    endloop
  endfacet
  facet normal 0.705125 -0.707108 0.0528842
    outer loop
      vertex 7.10973 -1.41421 5.20359
      vertex 8.90714 0 0.147281
      vertex 6.66337 0 30.0643
    endloop
  endfacet
  facet normal 0.705126 -0.707107 0.052885
    outer loop
      vertex 8.90714 0 0.147281
      vertex 7.10973 -1.41421 5.20359
      vertex 7.49689 -1.41421 0.0415115
    endloop
  endfacet
  facet normal -0.705123 -0.70711 -0.0528858
    outer loop
      vertex 7.49689 -1.41421 0.0415115
      vertex 7.1659 -1.28611 2.74182
      vertex 7.37187 -1.28884 0.0321351
    endloop
  endfacet
  facet normal -0.705123 0.70711 -0.0528858
    outer loop
      vertex 7.37187 1.28884 0.0321351
      vertex 7.1659 1.28611 2.74182
      vertex 7.49689 1.41421 0.0415115
    endloop
  endfacet
  facet normal -0.0691438 -0.0286563 0.997195
    outer loop
      vertex 4.88422 1.9338 29.9584
      vertex 5.56043 1.10604 29.9815
      vertex 6.15615 2.54996 30.0643
    endloop
  endfacet
  facet normal -0.0690194 -0.0287246 0.997202
    outer loop
      vertex 5.56043 1.10604 29.9815
      vertex 5.08836 1.30647 29.9546
      vertex 5.14278 1.02296 29.9502
    endloop
  endfacet
  facet normal -0.0659754 -0.0215031 0.99759
    outer loop
      vertex 5.56043 1.10604 29.9815
      vertex 5.08792 1.30782 29.9546
      vertex 5.08836 1.30647 29.9546
    endloop
  endfacet
  facet normal -0.0689361 -0.028486 0.997214
    outer loop
      vertex 5.56043 1.10604 29.9815
      vertex 4.88422 1.9338 29.9584
      vertex 5.08792 1.30782 29.9546
    endloop
  endfacet
  facet normal -0.0692008 -0.0285385 0.997194
    outer loop
      vertex 4.88422 1.9338 29.9584
      vertex 6.15615 2.54996 30.0643
      vertex 4.84907 2.00855 29.9581
    endloop
  endfacet
  facet normal -0.380875 -0.923113 -0.0528856
    outer loop
      vertex 7.11775 1.55418 2.70267
      vertex 7.10973 1.41421 5.20359
      vertex 6.41577 1.27618 12.6107
    endloop
  endfacet
  facet normal -0.380865 -0.923117 -0.0528858
    outer loop
      vertex 7.10973 1.41421 5.20359
      vertex 7.11775 1.55418 2.70267
      vertex 7.46742 1.56237 0.0415115
    endloop
  endfacet
  facet normal -0.0691419 -0.0285976 0.997197
    outer loop
      vertex 4.60408 2.52955 29.9561
      vertex 6.15615 2.54996 30.0643
      vertex 4.7139 3.14973 29.9815
    endloop
  endfacet
  facet normal -0.0691406 -0.028684 0.997194
    outer loop
      vertex 6.15615 2.54996 30.0643
      vertex 4.60408 2.52955 29.9561
      vertex 4.84907 2.00855 29.9581
    endloop
  endfacet
  facet normal -0.0625798 -0.0297759 0.997596
    outer loop
      vertex 4.7139 3.14973 29.9815
      vertex 4.60349 2.53079 29.9561
      vertex 4.60408 2.52955 29.9561
    endloop
  endfacet
  facet normal -0.0510565 -0.0318558 0.998188
    outer loop
      vertex 4.7139 3.14973 29.9815
      vertex 4.60276 2.53196 29.9561
      vertex 4.60349 2.53079 29.9561
    endloop
  endfacet
  facet normal -0.0690416 -0.0285797 0.997204
    outer loop
      vertex 4.60276 2.53196 29.9561
      vertex 4.7139 3.14973 29.9815
      vertex 4.3609 2.91386 29.9503
    endloop
  endfacet
  facet normal -0.922048 0.383446 -0.0528833
    outer loop
      vertex 6.12764 3.9299 2.74827
      vertex 6.02734 4.02734 5.20357
      vertex 6.38502 4.1755 0.0415115
    endloop
  endfacet
  facet normal -0.922044 0.383456 -0.0528835
    outer loop
      vertex 5.47716 3.65203 12.0748
      vertex 6.02734 4.02734 5.20357
      vertex 6.12764 3.9299 2.74827
    endloop
  endfacet
  facet normal -0.922054 0.383432 -0.0528857
    outer loop
      vertex 6.02734 4.02734 5.20357
      vertex 5.47716 3.65203 12.0748
      vertex 5.44524 3.6384 12.5325
    endloop
  endfacet
  facet normal 0.0690909 0.028618 -0.9972
    outer loop
      vertex 7.26191 1.86373 0.0359213
      vertex 7.46742 1.56237 0.0415115
      vertex 7.30694 1.6291 0.0323077
    endloop
  endfacet
  facet normal 0.0696061 0.0289702 -0.997154
    outer loop
      vertex 7.26176 1.8645 0.0359332
      vertex 7.46742 1.56237 0.0415115
      vertex 7.26191 1.86373 0.0359213
    endloop
  endfacet
  facet normal 0.0690921 0.0286195 -0.9972
    outer loop
      vertex 6.97071 2.75892 0.0414372
      vertex 7.46742 1.56237 0.0415115
      vertex 7.26176 1.8645 0.0359332
    endloop
  endfacet
  facet normal 0.0658068 0.0272557 -0.99746
    outer loop
      vertex 6.97043 2.75979 0.0414425
      vertex 7.46742 1.56237 0.0415115
      vertex 6.97071 2.75892 0.0414372
    endloop
  endfacet
  facet normal 0.0688361 0.028513 -0.99722
    outer loop
      vertex 6.97043 2.75979 0.0414425
      vertex 6.38502 4.1755 0.0415115
      vertex 7.46742 1.56237 0.0415115
    endloop
  endfacet
  facet normal 0.0788852 0.0326684 -0.996348
    outer loop
      vertex 6.97005 2.76061 0.0414393
      vertex 6.38502 4.1755 0.0415115
      vertex 6.97043 2.75979 0.0414425
    endloop
  endfacet
  facet normal 0.0690884 0.0286176 -0.9972
    outer loop
      vertex 6.56979 3.61177 0.0381349
      vertex 6.38502 4.1755 0.0415115
      vertex 6.97005 2.76061 0.0414393
    endloop
  endfacet
  facet normal 0.0690962 0.0286202 -0.997199
    outer loop
      vertex 6.38502 4.1755 0.0415115
      vertex 6.56979 3.61177 0.0381349
      vertex 6.31708 4.01083 0.0320778
    endloop
  endfacet
  facet normal 0.380851 0.923123 0.0528844
    outer loop
      vertex 6.15615 2.54996 30.0643
      vertex 6.02734 4.02734 5.20357
      vertex 4.7139 3.14973 29.9815
    endloop
  endfacet
  facet normal 0.380856 0.923121 0.0528843
    outer loop
      vertex 8.22912 3.40861 0.147281
      vertex 6.02734 4.02734 5.20357
      vertex 6.15615 2.54996 30.0643
    endloop
  endfacet
  facet normal 0.380857 0.92312 0.0528848
    outer loop
      vertex 6.02734 4.02734 5.20357
      vertex 8.22912 3.40861 0.147281
      vertex 6.38502 4.1755 0.0415115
    endloop
  endfacet
  facet normal 0.0690975 0.0286213 -0.997199
    outer loop
      vertex 7.46742 1.56237 0.0415115
      vertex 6.38502 4.1755 0.0415115
      vertex 8.22912 3.40861 0.147281
    endloop
  endfacet
  facet normal 0.92205 -0.383441 0.0528843
    outer loop
      vertex 7.10973 1.41421 5.20359
      vertex 8.22912 3.40861 0.147281
      vertex 6.15615 2.54996 30.0643
    endloop
  endfacet
  facet normal 0.922051 -0.383439 0.0528853
    outer loop
      vertex 8.22912 3.40861 0.147281
      vertex 7.10973 1.41421 5.20359
      vertex 7.46742 1.56237 0.0415115
    endloop
  endfacet
  facet normal 0.922049 -0.383444 0.0528844
    outer loop
      vertex 7.10973 1.41421 5.20359
      vertex 6.15615 2.54996 30.0643
      vertex 5.56043 1.10604 29.9815
    endloop
  endfacet
  facet normal -0.380821 -0.923136 -0.05288
    outer loop
      vertex 7.46742 1.56237 0.0415115
      vertex 7.11775 1.55418 2.70267
      vertex 7.30694 1.6291 0.0323077
    endloop
  endfacet
  facet normal -0.922046 0.38345 -0.0528828
    outer loop
      vertex 6.31708 4.01083 0.0320778
      vertex 6.12764 3.9299 2.74827
      vertex 6.38502 4.1755 0.0415115
    endloop
  endfacet
  facet normal -0.0528522 -0.0529352 0.997198
    outer loop
      vertex 3.8302 3.595 29.9583
      vertex 4.7139 3.14973 29.9815
      vertex 4.71171 4.71171 30.0643
    endloop
  endfacet
  facet normal -0.0527105 -0.0530202 0.997201
    outer loop
      vertex 4.7139 3.14973 29.9815
      vertex 4.25015 3.08791 29.9537
      vertex 4.3609 2.91386 29.9503
    endloop
  endfacet
  facet normal -0.0527498 -0.0527312 0.997215
    outer loop
      vertex 4.7139 3.14973 29.9815
      vertex 3.8302 3.595 29.9583
      vertex 4.25015 3.08791 29.9537
    endloop
  endfacet
  facet normal -0.0583861 -0.0485587 0.997112
    outer loop
      vertex 4.71171 4.71171 30.0643
      vertex 3.82936 3.59601 29.9583
      vertex 3.8302 3.595 29.9583
    endloop
  endfacet
  facet normal -0.0513121 -0.0541627 0.997213
    outer loop
      vertex 4.71171 4.71171 30.0643
      vertex 3.82841 3.59691 29.9583
      vertex 3.82936 3.59601 29.9583
    endloop
  endfacet
  facet normal -0.0529779 -0.0528413 0.997197
    outer loop
      vertex 3.82841 3.59691 29.9583
      vertex 4.71171 4.71171 30.0643
      vertex 3.70904 3.70904 29.9579
    endloop
  endfacet
  facet normal 0.00138449 -0.9986 -0.0528854
    outer loop
      vertex 6.3011 4.3011 0.0415115
      vertex 6.02734 4.02734 5.20357
      vertex 5.98976 4.16351 2.63138
    endloop
  endfacet
  facet normal 0.00154376 -0.9986 -0.0528722
    outer loop
      vertex 5.53132 3.72141 10.9672
      vertex 6.02734 4.02734 5.20357
      vertex 5.44524 3.6384 12.5325
    endloop
  endfacet
  facet normal 0.00138944 -0.9986 -0.0528855
    outer loop
      vertex 6.02734 4.02734 5.20357
      vertex 5.53132 3.72141 10.9672
      vertex 5.98976 4.16351 2.63138
    endloop
  endfacet
  facet normal -0.0529676 -0.0528516 0.997197
    outer loop
      vertex 4.71171 4.71171 30.0643
      vertex 3.34854 4.04769 29.9567
      vertex 3.70904 3.70904 29.9579
    endloop
  endfacet
  facet normal -0.0529351 -0.0529179 0.997195
    outer loop
      vertex 4.71171 4.71171 30.0643
      vertex 3.14973 4.7139 29.9815
      vertex 3.34854 4.04769 29.9567
    endloop
  endfacet
  facet normal -0.0527491 -0.0528629 0.997208
    outer loop
      vertex 3.34854 4.04769 29.9567
      vertex 3.14973 4.7139 29.9815
      vertex 2.91529 4.36305 29.9505
    endloop
  endfacet
  facet normal -0.9986 0.0013828 -0.0528855
    outer loop
      vertex 4.15873 5.97894 2.72136
      vertex 4.02734 6.02734 5.20357
      vertex 4.3011 6.3011 0.0415115
    endloop
  endfacet
  facet normal -0.9986 0.00138682 -0.0528856
    outer loop
      vertex 4.02734 6.02734 5.20357
      vertex 4.15873 5.97894 2.72136
      vertex 3.64672 5.4577 12.3756
    endloop
  endfacet
  facet normal 0.0528826 0.0528844 -0.997199
    outer loop
      vertex 6.06593 4.40622 0.034615
      vertex 6.3011 4.3011 0.0415115
      vertex 6.13268 4.30133 0.0325922
    endloop
  endfacet
  facet normal 0.0525678 0.0521767 -0.997253
    outer loop
      vertex 6.06553 4.40686 0.0346274
      vertex 6.3011 4.3011 0.0415115
      vertex 6.06593 4.40622 0.034615
    endloop
  endfacet
  facet normal 0.0529996 0.0531434 -0.997179
    outer loop
      vertex 6.06504 4.40745 0.0346328
      vertex 6.3011 4.3011 0.0415115
      vertex 6.06553 4.40686 0.0346274
    endloop
  endfacet
  facet normal 0.0528827 0.0528826 -0.9972
    outer loop
      vertex 5.46501 5.13199 0.0412356
      vertex 6.3011 4.3011 0.0415115
      vertex 6.06504 4.40745 0.0346328
    endloop
  endfacet
  facet normal 0.0465205 0.0470902 -0.997807
    outer loop
      vertex 4.3011 6.3011 0.0415115
      vertex 4.77944 5.77601 0.0390321
      vertex 4.77881 5.77659 0.0390301
    endloop
  endfacet
  facet normal 0.0528841 0.052884 -0.997199
    outer loop
      vertex 4.3011 6.3011 0.0415115
      vertex 4.77812 5.7771 0.0390201
      vertex 4.30135 6.12413 0.0321396
    endloop
  endfacet
  facet normal 0.052909 0.052909 -0.997197
    outer loop
      vertex 5.46501 5.13199 0.0412356
      vertex 4.3011 6.3011 0.0415115
      vertex 6.3011 4.3011 0.0415115
    endloop
  endfacet
  facet normal 0.0528856 0.0528857 -0.997199
    outer loop
      vertex 4.77944 5.77601 0.0390321
      vertex 4.3011 6.3011 0.0415115
      vertex 5.46501 5.13199 0.0412356
    endloop
  endfacet
  facet normal 0.0548787 0.0546987 -0.996994
    outer loop
      vertex 4.77812 5.7771 0.0390201
      vertex 4.3011 6.3011 0.0415115
      vertex 4.77881 5.77659 0.0390301
    endloop
  endfacet
  facet normal -0.00140329 0.9986 0.0528845
    outer loop
      vertex 4.71171 4.71171 30.0643
      vertex 4.02734 6.02734 5.20357
      vertex 3.14973 4.7139 29.9815
    endloop
  endfacet
  facet normal -0.00140092 0.9986 0.0528845
    outer loop
      vertex 6.2983 6.2983 0.147281
      vertex 4.02734 6.02734 5.20357
      vertex 4.71171 4.71171 30.0643
    endloop
  endfacet
  facet normal -0.00140071 0.9986 0.0528846
    outer loop
      vertex 4.02734 6.02734 5.20357
      vertex 6.2983 6.2983 0.147281
      vertex 4.3011 6.3011 0.0415115
    endloop
  endfacet
  facet normal 0.0528847 0.0528847 -0.997199
    outer loop
      vertex 6.3011 4.3011 0.0415115
      vertex 4.3011 6.3011 0.0415115
      vertex 6.2983 6.2983 0.147281
    endloop
  endfacet
  facet normal 0.9986 -0.00140092 0.0528845
    outer loop
      vertex 6.02734 4.02734 5.20357
      vertex 6.2983 6.2983 0.147281
      vertex 4.71171 4.71171 30.0643
    endloop
  endfacet
  facet normal 0.9986 -0.00140071 0.0528846
    outer loop
      vertex 6.2983 6.2983 0.147281
      vertex 6.02734 4.02734 5.20357
      vertex 6.3011 4.3011 0.0415115
    endloop
  endfacet
  facet normal 0.9986 -0.00140329 0.0528845
    outer loop
      vertex 6.02734 4.02734 5.20357
      vertex 4.71171 4.71171 30.0643
      vertex 4.7139 3.14973 29.9815
    endloop
  endfacet
  facet normal 0.00143669 -0.9986 -0.0528792
    outer loop
      vertex 6.3011 4.3011 0.0415115
      vertex 5.98976 4.16351 2.63138
      vertex 6.13268 4.30133 0.0325922
    endloop
  endfacet
  facet normal -0.9986 0.00138995 -0.0528846
    outer loop
      vertex 4.30135 6.12413 0.0321396
      vertex 4.15873 5.97894 2.72136
      vertex 4.3011 6.3011 0.0415115
    endloop
  endfacet
  facet normal -0.0287772 -0.0688812 0.99721
    outer loop
      vertex 3.14973 4.7139 29.9815
      vertex 2.8162 4.43485 29.9526
      vertex 2.91529 4.36305 29.9505
    endloop
  endfacet
  facet normal 0.00437348 -0.108184 0.994121
    outer loop
      vertex 3.14973 4.7139 29.9815
      vertex 2.81499 4.43572 29.9527
      vertex 2.8162 4.43485 29.9526
    endloop
  endfacet
  facet normal -0.0340337 -0.0623153 0.997476
    outer loop
      vertex 3.14973 4.7139 29.9815
      vertex 2.81369 4.43643 29.9527
      vertex 2.81499 4.43572 29.9527
    endloop
  endfacet
  facet normal -0.0285307 -0.0691143 0.997201
    outer loop
      vertex 2.23668 4.75319 29.9581
      vertex 3.14973 4.7139 29.9815
      vertex 2.54996 6.15615 30.0643
    endloop
  endfacet
  facet normal -0.0285244 -0.0689601 0.997212
    outer loop
      vertex 3.14973 4.7139 29.9815
      vertex 2.23668 4.75319 29.9581
      vertex 2.81369 4.43643 29.9527
    endloop
  endfacet
  facet normal -0.027301 -0.0693901 0.997216
    outer loop
      vertex 2.54996 6.15615 30.0643
      vertex 2.23546 4.75367 29.9581
      vertex 2.23668 4.75319 29.9581
    endloop
  endfacet
  facet normal -0.028665 -0.0690829 0.997199
    outer loop
      vertex 2.23546 4.75367 29.9581
      vertex 2.54996 6.15615 30.0643
      vertex 2.00658 4.84431 29.9578
    endloop
  endfacet
  facet normal -0.923126 -0.380844 -0.0528831
    outer loop
      vertex 1.62898 7.30724 0.0323246
      vertex 1.55431 7.12333 2.66021
      vertex 1.56237 7.46742 0.0415115
    endloop
  endfacet
  facet normal -0.0286608 -0.0690846 0.997199
    outer loop
      vertex 2.54996 6.15615 30.0643
      vertex 1.62333 4.99609 29.9573
      vertex 2.00658 4.84431 29.9578
    endloop
  endfacet
  facet normal -0.0286909 -0.0690607 0.9972
    outer loop
      vertex 1.10604 5.56043 29.9815
      vertex 1.62333 4.99609 29.9573
      vertex 2.54996 6.15615 30.0643
    endloop
  endfacet
  facet normal -0.0147268 -0.0563082 0.998305
    outer loop
      vertex 1.62333 4.99609 29.9573
      vertex 1.10604 5.56043 29.9815
      vertex 1.62203 4.99643 29.9573
    endloop
  endfacet
  facet normal -0.0286124 -0.0689648 0.997209
    outer loop
      vertex 1.62203 4.99643 29.9573
      vertex 1.10604 5.56043 29.9815
      vertex 1.02447 5.15036 29.9508
    endloop
  endfacet
  facet normal -0.923117 -0.380864 -0.0528857
    outer loop
      vertex 1.55431 7.12333 2.66021
      vertex 1.41421 7.10973 5.20359
      vertex 1.56237 7.46742 0.0415115
    endloop
  endfacet
  facet normal -0.923111 -0.380879 -0.0528855
    outer loop
      vertex 1.41421 7.10973 5.20359
      vertex 1.55431 7.12333 2.66021
      vertex 1.45092 6.86868 6.29885
    endloop
  endfacet
  facet normal -0.92311 -0.380882 -0.0528864
    outer loop
      vertex 1.41421 7.10973 5.20359
      vertex 1.45092 6.86868 6.29885
      vertex 1.28497 6.45996 12.139
    endloop
  endfacet
  facet normal 0.383438 -0.922051 -0.0528851
    outer loop
      vertex 3.94985 6.14855 2.52844
      vertex 4.02734 6.02734 5.20357
      vertex 3.64672 5.4577 12.3756
    endloop
  endfacet
  facet normal 0.383419 -0.922059 -0.0528849
    outer loop
      vertex 4.02734 6.02734 5.20357
      vertex 3.94985 6.14855 2.52844
      vertex 4.1755 6.38502 0.0415115
    endloop
  endfacet
  facet normal -0.383444 0.922049 0.0528844
    outer loop
      vertex 2.54996 6.15615 30.0643
      vertex 1.41421 7.10973 5.20359
      vertex 1.10604 5.56043 29.9815
    endloop
  endfacet
  facet normal -0.383441 0.92205 0.0528843
    outer loop
      vertex 3.40861 8.22912 0.147281
      vertex 1.41421 7.10973 5.20359
      vertex 2.54996 6.15615 30.0643
    endloop
  endfacet
  facet normal -0.383439 0.922051 0.0528853
    outer loop
      vertex 1.41421 7.10973 5.20359
      vertex 3.40861 8.22912 0.147281
      vertex 1.56237 7.46742 0.0415115
    endloop
  endfacet
  facet normal 0.0286213 0.0690975 -0.997199
    outer loop
      vertex 4.1755 6.38502 0.0415115
      vertex 1.56237 7.46742 0.0415115
      vertex 3.40861 8.22912 0.147281
    endloop
  endfacet
  facet normal 0.0286257 0.0690889 -0.9972
    outer loop
      vertex 4.01737 6.33036 0.0331852
      vertex 4.1755 6.38502 0.0415115
      vertex 4.02667 6.32362 0.0329852
    endloop
  endfacet
  facet normal 0.0286222 0.0690989 -0.997199
    outer loop
      vertex 3.19283 6.783 0.0408835
      vertex 4.1755 6.38502 0.0415115
      vertex 4.01737 6.33036 0.0331852
    endloop
  endfacet
  facet normal 0.0292756 0.0707124 -0.997067
    outer loop
      vertex 3.19204 6.78343 0.0408908
      vertex 4.1755 6.38502 0.0415115
      vertex 3.19283 6.783 0.0408835
    endloop
  endfacet
  facet normal 0.0286309 0.0691207 -0.997197
    outer loop
      vertex 3.19204 6.78343 0.0408908
      vertex 1.56237 7.46742 0.0415115
      vertex 4.1755 6.38502 0.0415115
    endloop
  endfacet
  facet normal 0.0286127 0.0690773 -0.997201
    outer loop
      vertex 2.31752 7.12976 0.0397889
      vertex 1.56237 7.46742 0.0415115
      vertex 3.19204 6.78343 0.0408908
    endloop
  endfacet
  facet normal 0.0251732 0.0613883 -0.997796
    outer loop
      vertex 2.3167 7.13008 0.0397879
      vertex 1.56237 7.46742 0.0415115
      vertex 2.31752 7.12976 0.0397889
    endloop
  endfacet
  facet normal 0.028621 0.0690949 -0.997199
    outer loop
      vertex 1.56237 7.46742 0.0415115
      vertex 2.3167 7.13008 0.0397879
      vertex 1.62898 7.30724 0.0323246
    endloop
  endfacet
  facet normal 0.383425 -0.922057 -0.052884
    outer loop
      vertex 4.1755 6.38502 0.0415115
      vertex 3.94985 6.14855 2.52844
      vertex 4.02667 6.32362 0.0329852
    endloop
  endfacet
  facet normal 0.923123 0.380851 0.0528844
    outer loop
      vertex 2.54996 6.15615 30.0643
      vertex 3.14973 4.7139 29.9815
      vertex 4.02734 6.02734 5.20357
    endloop
  endfacet
  facet normal 0.923121 0.380856 0.0528843
    outer loop
      vertex 4.02734 6.02734 5.20357
      vertex 3.40861 8.22912 0.147281
      vertex 2.54996 6.15615 30.0643
    endloop
  endfacet
  facet normal 0.92312 0.380857 0.0528848
    outer loop
      vertex 3.40861 8.22912 0.147281
      vertex 4.02734 6.02734 5.20357
      vertex 4.1755 6.38502 0.0415115
    endloop
  endfacet
  facet normal -0.00154365 -0.0743509 0.997231
    outer loop
      vertex 1.10604 5.56043 29.9815
      vertex 0.984432 5.16058 29.9515
      vertex 1.02447 5.15036 29.9508
    endloop
  endfacet
  facet normal 6.35044e-05 -0.0748371 0.997196
    outer loop
      vertex 1.10604 5.56043 29.9815
      vertex 0.331167 5.24264 29.9577
      vertex 0.984432 5.16058 29.9515
    endloop
  endfacet
  facet normal 5.212e-05 -0.0748095 0.997198
    outer loop
      vertex 0 6.66337 30.0643
      vertex 0.331167 5.24264 29.9577
      vertex 1.10604 5.56043 29.9815
    endloop
  endfacet
  facet normal -0.00994763 -0.0771234 0.996972
    outer loop
      vertex 0.331167 5.24264 29.9577
      vertex 0 6.66337 30.0643
      vertex 0.329849 5.24281 29.9577
    endloop
  endfacet
  facet normal 0 -0.0748304 0.997196
    outer loop
      vertex 0 6.66337 30.0643
      vertex -0.329849 5.24281 29.9577
      vertex 0.329849 5.24281 29.9577
    endloop
  endfacet
  facet normal 0.00994763 -0.0771234 0.996972
    outer loop
      vertex 0 6.66337 30.0643
      vertex -0.331167 5.24264 29.9577
      vertex -0.329849 5.24281 29.9577
    endloop
  endfacet
  facet normal -5.212e-05 -0.0748095 0.997198
    outer loop
      vertex -1.10604 5.56043 29.9815
      vertex -0.331167 5.24264 29.9577
      vertex 0 6.66337 30.0643
    endloop
  endfacet
  facet normal -6.35044e-05 -0.0748371 0.997196
    outer loop
      vertex -0.331167 5.24264 29.9577
      vertex -1.10604 5.56043 29.9815
      vertex -0.984432 5.16058 29.9515
    endloop
  endfacet
  facet normal 0.00154365 -0.0743509 0.997231
    outer loop
      vertex -0.984432 5.16058 29.9515
      vertex -1.10604 5.56043 29.9815
      vertex -1.02447 5.15036 29.9508
    endloop
  endfacet
  facet normal -0.707214 -0.705019 -0.0528852
    outer loop
      vertex -1.41421 7.10973 5.20359
      vertex -1.29456 7.18772 2.56386
      vertex -1.29435 7.14759 3.09603
    endloop
  endfacet
  facet normal -0.707124 -0.705109 -0.0528838
    outer loop
      vertex -1.29456 7.18772 2.56386
      vertex -1.41421 7.10973 5.20359
      vertex -1.41421 7.49689 0.0415115
    endloop
  endfacet
  facet normal -0.707131 -0.705103 -0.0528819
    outer loop
      vertex -1.29239 6.77494 8.03856
      vertex -1.41421 7.10973 5.20359
      vertex -1.29435 7.14759 3.09603
    endloop
  endfacet
  facet normal -0.707109 -0.705124 -0.0528853
    outer loop
      vertex -1.41421 7.10973 5.20359
      vertex -1.29239 6.77494 8.03856
      vertex -1.28497 6.45996 12.139
    endloop
  endfacet
  facet normal -0.707107 0.705126 0.052885
    outer loop
      vertex -1.41421 7.10973 5.20359
      vertex 0 8.90714 0.147281
      vertex -1.41421 7.49689 0.0415115
    endloop
  endfacet
  facet normal -0.707108 0.705125 0.0528842
    outer loop
      vertex -1.41421 7.10973 5.20359
      vertex 0 6.66337 30.0643
      vertex 0 8.90714 0.147281
    endloop
  endfacet
  facet normal -0.707108 0.705125 0.0528842
    outer loop
      vertex -1.10604 5.56043 29.9815
      vertex 0 6.66337 30.0643
      vertex -1.41421 7.10973 5.20359
    endloop
  endfacet
  facet normal 0 0.0747905 -0.997199
    outer loop
      vertex 1.41421 7.49689 0.0415115
      vertex -1.41421 7.49689 0.0415115
      vertex 0 8.90714 0.147281
    endloop
  endfacet
  facet normal 0.707124 -0.705109 -0.0528838
    outer loop
      vertex 1.41421 7.10973 5.20359
      vertex 1.29456 7.18772 2.56386
      vertex 1.41421 7.49689 0.0415115
    endloop
  endfacet
  facet normal 0.707214 -0.705019 -0.0528852
    outer loop
      vertex 1.29456 7.18772 2.56386
      vertex 1.41421 7.10973 5.20359
      vertex 1.29435 7.14759 3.09603
    endloop
  endfacet
  facet normal 0.707131 -0.705103 -0.0528819
    outer loop
      vertex 1.41421 7.10973 5.20359
      vertex 1.29239 6.77494 8.03856
      vertex 1.29435 7.14759 3.09603
    endloop
  endfacet
  facet normal 0.707109 -0.705124 -0.0528853
    outer loop
      vertex 1.29239 6.77494 8.03856
      vertex 1.41421 7.10973 5.20359
      vertex 1.28497 6.45996 12.139
    endloop
  endfacet
  facet normal 1.271e-07 0.0747852 -0.9972
    outer loop
      vertex 0.470738 7.48218 0.0404082
      vertex 1.41421 7.49689 0.0415115
      vertex 1.29556 7.37856 0.0326373
    endloop
  endfacet
  facet normal 0 0.0747933 -0.997199
    outer loop
      vertex -0.470738 7.48218 0.0404082
      vertex 1.41421 7.49689 0.0415115
      vertex 0.470738 7.48218 0.0404082
    endloop
  endfacet
  facet normal 0 0.0747933 -0.997199
    outer loop
      vertex -0.470738 7.48218 0.0404082
      vertex -1.41421 7.49689 0.0415115
      vertex 1.41421 7.49689 0.0415115
    endloop
  endfacet
  facet normal -1.271e-07 0.0747852 -0.9972
    outer loop
      vertex -1.41421 7.49689 0.0415115
      vertex -0.470738 7.48218 0.0404082
      vertex -1.29556 7.37856 0.0326373
    endloop
  endfacet
  facet normal 0.707107 0.705126 0.052885
    outer loop
      vertex 0 8.90714 0.147281
      vertex 1.41421 7.10973 5.20359
      vertex 1.41421 7.49689 0.0415115
    endloop
  endfacet
  facet normal 0.707108 0.705125 0.0528842
    outer loop
      vertex 0 6.66337 30.0643
      vertex 1.41421 7.10973 5.20359
      vertex 0 8.90714 0.147281
    endloop
  endfacet
  facet normal 0.707108 0.705125 0.0528842
    outer loop
      vertex 0 6.66337 30.0643
      vertex 1.10604 5.56043 29.9815
      vertex 1.41421 7.10973 5.20359
    endloop
  endfacet
  facet normal 0.707143 -0.70509 -0.0528805
    outer loop
      vertex 1.41421 7.49689 0.0415115
      vertex 1.29456 7.18772 2.56386
      vertex 1.29556 7.37856 0.0326373
    endloop
  endfacet
  facet normal -0.707143 -0.70509 -0.0528805
    outer loop
      vertex -1.29456 7.18772 2.56386
      vertex -1.41421 7.49689 0.0415115
      vertex -1.29556 7.37856 0.0326373
    endloop
  endfacet
  facet normal 0.0147268 -0.0563082 0.998305
    outer loop
      vertex -1.10604 5.56043 29.9815
      vertex -1.62333 4.99609 29.9573
      vertex -1.62203 4.99643 29.9573
    endloop
  endfacet
  facet normal 0.0286909 -0.0690607 0.9972
    outer loop
      vertex -2.54996 6.15615 30.0643
      vertex -1.62333 4.99609 29.9573
      vertex -1.10604 5.56043 29.9815
    endloop
  endfacet
  facet normal 0.0286608 -0.0690846 0.997199
    outer loop
      vertex -1.62333 4.99609 29.9573
      vertex -2.54996 6.15615 30.0643
      vertex -2.00658 4.84431 29.9578
    endloop
  endfacet
  facet normal 0.0286124 -0.0689648 0.997209
    outer loop
      vertex -1.02447 5.15036 29.9508
      vertex -1.10604 5.56043 29.9815
      vertex -1.62203 4.99643 29.9573
    endloop
  endfacet
  facet normal 0.92311 -0.380882 -0.0528864
    outer loop
      vertex -1.45092 6.86868 6.29885
      vertex -1.41421 7.10973 5.20359
      vertex -1.28497 6.45996 12.139
    endloop
  endfacet
  facet normal 0.923117 -0.380864 -0.0528857
    outer loop
      vertex -1.41421 7.10973 5.20359
      vertex -1.55431 7.12333 2.66021
      vertex -1.56237 7.46742 0.0415115
    endloop
  endfacet
  facet normal 0.923111 -0.380879 -0.0528855
    outer loop
      vertex -1.55431 7.12333 2.66021
      vertex -1.41421 7.10973 5.20359
      vertex -1.45092 6.86868 6.29885
    endloop
  endfacet
  facet normal -0.92312 0.380857 0.0528848
    outer loop
      vertex -4.02734 6.02734 5.20357
      vertex -3.40861 8.22912 0.147281
      vertex -4.1755 6.38502 0.0415115
    endloop
  endfacet
  facet normal -0.923121 0.380856 0.0528843
    outer loop
      vertex -3.40861 8.22912 0.147281
      vertex -4.02734 6.02734 5.20357
      vertex -2.54996 6.15615 30.0643
    endloop
  endfacet
  facet normal -0.923123 0.380851 0.0528844
    outer loop
      vertex -3.14973 4.7139 29.9815
      vertex -2.54996 6.15615 30.0643
      vertex -4.02734 6.02734 5.20357
    endloop
  endfacet
  facet normal 0.028665 -0.0690829 0.997199
    outer loop
      vertex -2.54996 6.15615 30.0643
      vertex -2.23546 4.75367 29.9581
      vertex -2.00658 4.84431 29.9578
    endloop
  endfacet
  facet normal 0.027301 -0.0693901 0.997216
    outer loop
      vertex -2.54996 6.15615 30.0643
      vertex -2.23668 4.75319 29.9581
      vertex -2.23546 4.75367 29.9581
    endloop
  endfacet
  facet normal 0.0285307 -0.0691143 0.997201
    outer loop
      vertex -3.14973 4.7139 29.9815
      vertex -2.23668 4.75319 29.9581
      vertex -2.54996 6.15615 30.0643
    endloop
  endfacet
  facet normal 0.0285244 -0.0689601 0.997212
    outer loop
      vertex -2.23668 4.75319 29.9581
      vertex -3.14973 4.7139 29.9815
      vertex -2.81369 4.43643 29.9527
    endloop
  endfacet
  facet normal 0.0340337 -0.0623153 0.997476
    outer loop
      vertex -2.81369 4.43643 29.9527
      vertex -3.14973 4.7139 29.9815
      vertex -2.81499 4.43572 29.9527
    endloop
  endfacet
  facet normal -0.00437348 -0.108184 0.994121
    outer loop
      vertex -2.81499 4.43572 29.9527
      vertex -3.14973 4.7139 29.9815
      vertex -2.8162 4.43485 29.9526
    endloop
  endfacet
  facet normal 0.0287772 -0.0688812 0.99721
    outer loop
      vertex -2.8162 4.43485 29.9526
      vertex -3.14973 4.7139 29.9815
      vertex -2.91529 4.36305 29.9505
    endloop
  endfacet
  facet normal -0.383438 -0.922051 -0.0528851
    outer loop
      vertex -4.02734 6.02734 5.20357
      vertex -3.94985 6.14855 2.52844
      vertex -3.64672 5.4577 12.3756
    endloop
  endfacet
  facet normal -0.383419 -0.922059 -0.0528849
    outer loop
      vertex -3.94985 6.14855 2.52844
      vertex -4.02734 6.02734 5.20357
      vertex -4.1755 6.38502 0.0415115
    endloop
  endfacet
  facet normal -0.028621 0.0690949 -0.997199
    outer loop
      vertex -2.3167 7.13008 0.0397879
      vertex -1.56237 7.46742 0.0415115
      vertex -1.62898 7.30724 0.0323246
    endloop
  endfacet
  facet normal -0.0251732 0.0613883 -0.997796
    outer loop
      vertex -2.31752 7.12976 0.0397889
      vertex -1.56237 7.46742 0.0415115
      vertex -2.3167 7.13008 0.0397879
    endloop
  endfacet
  facet normal -0.0286127 0.0690773 -0.997201
    outer loop
      vertex -3.19204 6.78343 0.0408908
      vertex -1.56237 7.46742 0.0415115
      vertex -2.31752 7.12976 0.0397889
    endloop
  endfacet
  facet normal -0.0286222 0.0690989 -0.997199
    outer loop
      vertex -4.1755 6.38502 0.0415115
      vertex -3.19283 6.783 0.0408835
      vertex -4.01737 6.33036 0.0331852
    endloop
  endfacet
  facet normal -0.0286309 0.0691207 -0.997197
    outer loop
      vertex -3.19204 6.78343 0.0408908
      vertex -4.1755 6.38502 0.0415115
      vertex -1.56237 7.46742 0.0415115
    endloop
  endfacet
  facet normal -0.0292756 0.0707124 -0.997067
    outer loop
      vertex -3.19283 6.783 0.0408835
      vertex -4.1755 6.38502 0.0415115
      vertex -3.19204 6.78343 0.0408908
    endloop
  endfacet
  facet normal -0.0286257 0.0690889 -0.9972
    outer loop
      vertex -4.1755 6.38502 0.0415115
      vertex -4.01737 6.33036 0.0331852
      vertex -4.02667 6.32362 0.0329852
    endloop
  endfacet
  facet normal -0.0286213 0.0690975 -0.997199
    outer loop
      vertex -1.56237 7.46742 0.0415115
      vertex -4.1755 6.38502 0.0415115
      vertex -3.40861 8.22912 0.147281
    endloop
  endfacet
  facet normal 0.383444 0.922049 0.0528844
    outer loop
      vertex -1.41421 7.10973 5.20359
      vertex -2.54996 6.15615 30.0643
      vertex -1.10604 5.56043 29.9815
    endloop
  endfacet
  facet normal 0.383441 0.92205 0.0528843
    outer loop
      vertex -1.41421 7.10973 5.20359
      vertex -3.40861 8.22912 0.147281
      vertex -2.54996 6.15615 30.0643
    endloop
  endfacet
  facet normal 0.383439 0.922051 0.0528853
    outer loop
      vertex -3.40861 8.22912 0.147281
      vertex -1.41421 7.10973 5.20359
      vertex -1.56237 7.46742 0.0415115
    endloop
  endfacet
  facet normal 0.923126 -0.380844 -0.0528831
    outer loop
      vertex -1.55431 7.12333 2.66021
      vertex -1.62898 7.30724 0.0323246
      vertex -1.56237 7.46742 0.0415115
    endloop
  endfacet
  facet normal -0.383425 -0.922057 -0.052884
    outer loop
      vertex -3.94985 6.14855 2.52844
      vertex -4.1755 6.38502 0.0415115
      vertex -4.02667 6.32362 0.0329852
    endloop
  endfacet
  facet normal 0.0529351 -0.0529179 0.997195
    outer loop
      vertex -4.71171 4.71171 30.0643
      vertex -3.34854 4.04769 29.9567
      vertex -3.14973 4.7139 29.9815
    endloop
  endfacet
  facet normal 0.0529676 -0.0528516 0.997197
    outer loop
      vertex -3.34854 4.04769 29.9567
      vertex -4.71171 4.71171 30.0643
      vertex -3.70904 3.70904 29.9579
    endloop
  endfacet
  facet normal 0.0527491 -0.0528629 0.997208
    outer loop
      vertex -2.91529 4.36305 29.9505
      vertex -3.14973 4.7139 29.9815
      vertex -3.34854 4.04769 29.9567
    endloop
  endfacet
  facet normal 0.9986 0.0013828 -0.0528855
    outer loop
      vertex -4.02734 6.02734 5.20357
      vertex -4.15873 5.97894 2.72136
      vertex -4.3011 6.3011 0.0415115
    endloop
  endfacet
  facet normal 0.9986 0.00138682 -0.0528856
    outer loop
      vertex -4.15873 5.97894 2.72136
      vertex -4.02734 6.02734 5.20357
      vertex -3.64672 5.4577 12.3756
    endloop
  endfacet
  facet normal -0.9986 -0.00140071 0.0528846
    outer loop
      vertex -6.02734 4.02734 5.20357
      vertex -6.2983 6.2983 0.147281
      vertex -6.3011 4.3011 0.0415115
    endloop
  endfacet
  facet normal -0.9986 -0.00140092 0.0528845
    outer loop
      vertex -6.2983 6.2983 0.147281
      vertex -6.02734 4.02734 5.20357
      vertex -4.71171 4.71171 30.0643
    endloop
  endfacet
  facet normal -0.9986 -0.00140329 0.0528845
    outer loop
      vertex -4.71171 4.71171 30.0643
      vertex -6.02734 4.02734 5.20357
      vertex -4.7139 3.14973 29.9815
    endloop
  endfacet
  facet normal 0.0529779 -0.0528413 0.997197
    outer loop
      vertex -4.71171 4.71171 30.0643
      vertex -3.82841 3.59691 29.9583
      vertex -3.70904 3.70904 29.9579
    endloop
  endfacet
  facet normal 0.0583861 -0.0485587 0.997112
    outer loop
      vertex -4.71171 4.71171 30.0643
      vertex -3.8302 3.595 29.9583
      vertex -3.82936 3.59601 29.9583
    endloop
  endfacet
  facet normal 0.0513121 -0.0541627 0.997213
    outer loop
      vertex -3.82841 3.59691 29.9583
      vertex -4.71171 4.71171 30.0643
      vertex -3.82936 3.59601 29.9583
    endloop
  endfacet
  facet normal 0.0528522 -0.0529352 0.997198
    outer loop
      vertex -3.8302 3.595 29.9583
      vertex -4.71171 4.71171 30.0643
      vertex -4.7139 3.14973 29.9815
    endloop
  endfacet
  facet normal 0.0527498 -0.0527312 0.997215
    outer loop
      vertex -3.8302 3.595 29.9583
      vertex -4.7139 3.14973 29.9815
      vertex -4.25015 3.08791 29.9537
    endloop
  endfacet
  facet normal 0.0527105 -0.0530202 0.997201
    outer loop
      vertex -4.25015 3.08791 29.9537
      vertex -4.7139 3.14973 29.9815
      vertex -4.3609 2.91386 29.9503
    endloop
  endfacet
  facet normal -0.00138449 -0.9986 -0.0528854
    outer loop
      vertex -6.02734 4.02734 5.20357
      vertex -6.3011 4.3011 0.0415115
      vertex -5.98976 4.16351 2.63138
    endloop
  endfacet
  facet normal -0.00154376 -0.9986 -0.0528722
    outer loop
      vertex -6.02734 4.02734 5.20357
      vertex -5.53132 3.72141 10.9672
      vertex -5.44524 3.6384 12.5325
    endloop
  endfacet
  facet normal -0.00138944 -0.9986 -0.0528855
    outer loop
      vertex -5.53132 3.72141 10.9672
      vertex -6.02734 4.02734 5.20357
      vertex -5.98976 4.16351 2.63138
    endloop
  endfacet
  facet normal -0.0528841 0.052884 -0.997199
    outer loop
      vertex -4.77812 5.7771 0.0390201
      vertex -4.3011 6.3011 0.0415115
      vertex -4.30135 6.12413 0.0321396
    endloop
  endfacet
  facet normal -0.0548787 0.0546987 -0.996994
    outer loop
      vertex -4.77881 5.77659 0.0390301
      vertex -4.3011 6.3011 0.0415115
      vertex -4.77812 5.7771 0.0390201
    endloop
  endfacet
  facet normal -0.0465205 0.0470902 -0.997807
    outer loop
      vertex -4.77944 5.77601 0.0390321
      vertex -4.3011 6.3011 0.0415115
      vertex -4.77881 5.77659 0.0390301
    endloop
  endfacet
  facet normal -0.0528856 0.0528857 -0.997199
    outer loop
      vertex -5.46501 5.13199 0.0412356
      vertex -4.3011 6.3011 0.0415115
      vertex -4.77944 5.77601 0.0390321
    endloop
  endfacet
  facet normal -0.0529996 0.0531434 -0.997179
    outer loop
      vertex -6.3011 4.3011 0.0415115
      vertex -6.06504 4.40745 0.0346328
      vertex -6.06553 4.40686 0.0346274
    endloop
  endfacet
  facet normal -0.0528826 0.0528844 -0.997199
    outer loop
      vertex -6.3011 4.3011 0.0415115
      vertex -6.06593 4.40622 0.034615
      vertex -6.13268 4.30133 0.0325922
    endloop
  endfacet
  facet normal -0.052909 0.052909 -0.997197
    outer loop
      vertex -5.46501 5.13199 0.0412356
      vertex -6.3011 4.3011 0.0415115
      vertex -4.3011 6.3011 0.0415115
    endloop
  endfacet
  facet normal -0.0528827 0.0528826 -0.9972
    outer loop
      vertex -6.06504 4.40745 0.0346328
      vertex -6.3011 4.3011 0.0415115
      vertex -5.46501 5.13199 0.0412356
    endloop
  endfacet
  facet normal -0.0525678 0.0521767 -0.997253
    outer loop
      vertex -6.06593 4.40622 0.034615
      vertex -6.3011 4.3011 0.0415115
      vertex -6.06553 4.40686 0.0346274
    endloop
  endfacet
  facet normal -0.0528847 0.0528847 -0.997199
    outer loop
      vertex -4.3011 6.3011 0.0415115
      vertex -6.3011 4.3011 0.0415115
      vertex -6.2983 6.2983 0.147281
    endloop
  endfacet
  facet normal 0.00140329 0.9986 0.0528845
    outer loop
      vertex -4.02734 6.02734 5.20357
      vertex -4.71171 4.71171 30.0643
      vertex -3.14973 4.7139 29.9815
    endloop
  endfacet
  facet normal 0.00140092 0.9986 0.0528845
    outer loop
      vertex -4.02734 6.02734 5.20357
      vertex -6.2983 6.2983 0.147281
      vertex -4.71171 4.71171 30.0643
    endloop
  endfacet
  facet normal 0.00140071 0.9986 0.0528846
    outer loop
      vertex -6.2983 6.2983 0.147281
      vertex -4.02734 6.02734 5.20357
      vertex -4.3011 6.3011 0.0415115
    endloop
  endfacet
  facet normal 0.9986 0.00138995 -0.0528846
    outer loop
      vertex -4.15873 5.97894 2.72136
      vertex -4.30135 6.12413 0.0321396
      vertex -4.3011 6.3011 0.0415115
    endloop
  endfacet
  facet normal -0.00143669 -0.9986 -0.0528792
    outer loop
      vertex -5.98976 4.16351 2.63138
      vertex -6.3011 4.3011 0.0415115
      vertex -6.13268 4.30133 0.0325922
    endloop
  endfacet
  facet normal 0.0690416 -0.0285797 0.997204
    outer loop
      vertex -4.7139 3.14973 29.9815
      vertex -4.60276 2.53196 29.9561
      vertex -4.3609 2.91386 29.9503
    endloop
  endfacet
  facet normal 0.0510565 -0.0318558 0.998188
    outer loop
      vertex -4.7139 3.14973 29.9815
      vertex -4.60349 2.53079 29.9561
      vertex -4.60276 2.53196 29.9561
    endloop
  endfacet
  facet normal 0.0625798 -0.0297759 0.997596
    outer loop
      vertex -4.7139 3.14973 29.9815
      vertex -4.60408 2.52955 29.9561
      vertex -4.60349 2.53079 29.9561
    endloop
  endfacet
  facet normal 0.0691419 -0.0285976 0.997197
    outer loop
      vertex -6.15615 2.54996 30.0643
      vertex -4.60408 2.52955 29.9561
      vertex -4.7139 3.14973 29.9815
    endloop
  endfacet
  facet normal 0.0691406 -0.028684 0.997194
    outer loop
      vertex -4.60408 2.52955 29.9561
      vertex -6.15615 2.54996 30.0643
      vertex -4.84907 2.00855 29.9581
    endloop
  endfacet
  facet normal 0.380821 -0.923136 -0.05288
    outer loop
      vertex -7.11775 1.55418 2.70267
      vertex -7.46742 1.56237 0.0415115
      vertex -7.30694 1.6291 0.0323077
    endloop
  endfacet
  facet normal 0.0689361 -0.028486 0.997214
    outer loop
      vertex -5.56043 1.10604 29.9815
      vertex -5.08792 1.30782 29.9546
      vertex -4.88422 1.9338 29.9584
    endloop
  endfacet
  facet normal 0.0690194 -0.0287246 0.997202
    outer loop
      vertex -5.08836 1.30647 29.9546
      vertex -5.56043 1.10604 29.9815
      vertex -5.14278 1.02296 29.9502
    endloop
  endfacet
  facet normal 0.0659754 -0.0215031 0.99759
    outer loop
      vertex -5.08792 1.30782 29.9546
      vertex -5.56043 1.10604 29.9815
      vertex -5.08836 1.30647 29.9546
    endloop
  endfacet
  facet normal 0.0692008 -0.0285385 0.997194
    outer loop
      vertex -6.15615 2.54996 30.0643
      vertex -4.88422 1.9338 29.9584
      vertex -4.84907 2.00855 29.9581
    endloop
  endfacet
  facet normal 0.0691438 -0.0286563 0.997195
    outer loop
      vertex -4.88422 1.9338 29.9584
      vertex -6.15615 2.54996 30.0643
      vertex -5.56043 1.10604 29.9815
    endloop
  endfacet
  facet normal 0.380875 -0.923113 -0.0528856
    outer loop
      vertex -7.10973 1.41421 5.20359
      vertex -7.11775 1.55418 2.70267
      vertex -6.41577 1.27618 12.6107
    endloop
  endfacet
  facet normal 0.380865 -0.923117 -0.0528858
    outer loop
      vertex -7.11775 1.55418 2.70267
      vertex -7.10973 1.41421 5.20359
      vertex -7.46742 1.56237 0.0415115
    endloop
  endfacet
  facet normal 0.922048 0.383446 -0.0528833
    outer loop
      vertex -6.02734 4.02734 5.20357
      vertex -6.12764 3.9299 2.74827
      vertex -6.38502 4.1755 0.0415115
    endloop
  endfacet
  facet normal 0.922044 0.383456 -0.0528835
    outer loop
      vertex -6.02734 4.02734 5.20357
      vertex -5.47716 3.65203 12.0748
      vertex -6.12764 3.9299 2.74827
    endloop
  endfacet
  facet normal 0.922054 0.383432 -0.0528857
    outer loop
      vertex -5.47716 3.65203 12.0748
      vertex -6.02734 4.02734 5.20357
      vertex -5.44524 3.6384 12.5325
    endloop
  endfacet
  facet normal -0.922051 -0.383439 0.0528853
    outer loop
      vertex -7.10973 1.41421 5.20359
      vertex -8.22912 3.40861 0.147281
      vertex -7.46742 1.56237 0.0415115
    endloop
  endfacet
  facet normal -0.92205 -0.383441 0.0528843
    outer loop
      vertex -8.22912 3.40861 0.147281
      vertex -7.10973 1.41421 5.20359
      vertex -6.15615 2.54996 30.0643
    endloop
  endfacet
  facet normal -0.922049 -0.383444 0.0528844
    outer loop
      vertex -6.15615 2.54996 30.0643
      vertex -7.10973 1.41421 5.20359
      vertex -5.56043 1.10604 29.9815
    endloop
  endfacet
  facet normal -0.0690975 0.0286213 -0.997199
    outer loop
      vertex -7.46742 1.56237 0.0415115
      vertex -8.22912 3.40861 0.147281
      vertex -6.38502 4.1755 0.0415115
    endloop
  endfacet
  facet normal -0.0690962 0.0286202 -0.997199
    outer loop
      vertex -6.56979 3.61177 0.0381349
      vertex -6.38502 4.1755 0.0415115
      vertex -6.31708 4.01083 0.0320778
    endloop
  endfacet
  facet normal -0.0690884 0.0286176 -0.9972
    outer loop
      vertex -6.97005 2.76061 0.0414393
      vertex -6.38502 4.1755 0.0415115
      vertex -6.56979 3.61177 0.0381349
    endloop
  endfacet
  facet normal -0.0788852 0.0326684 -0.996348
    outer loop
      vertex -6.97043 2.75979 0.0414425
      vertex -6.38502 4.1755 0.0415115
      vertex -6.97005 2.76061 0.0414393
    endloop
  endfacet
  facet normal -0.0690909 0.028618 -0.9972
    outer loop
      vertex -7.46742 1.56237 0.0415115
      vertex -7.26191 1.86373 0.0359213
      vertex -7.30694 1.6291 0.0323077
    endloop
  endfacet
  facet normal -0.0688361 0.028513 -0.99722
    outer loop
      vertex -6.97043 2.75979 0.0414425
      vertex -7.46742 1.56237 0.0415115
      vertex -6.38502 4.1755 0.0415115
    endloop
  endfacet
  facet normal -0.0658068 0.0272557 -0.99746
    outer loop
      vertex -6.97071 2.75892 0.0414372
      vertex -7.46742 1.56237 0.0415115
      vertex -6.97043 2.75979 0.0414425
    endloop
  endfacet
  facet normal -0.0690921 0.0286195 -0.9972
    outer loop
      vertex -7.26176 1.8645 0.0359332
      vertex -7.46742 1.56237 0.0415115
      vertex -6.97071 2.75892 0.0414372
    endloop
  endfacet
  facet normal -0.0696061 0.0289702 -0.997154
    outer loop
      vertex -7.26191 1.86373 0.0359213
      vertex -7.46742 1.56237 0.0415115
      vertex -7.26176 1.8645 0.0359332
    endloop
  endfacet
  facet normal 0.922046 0.38345 -0.0528828
    outer loop
      vertex -6.31708 4.01083 0.0320778
      vertex -6.38502 4.1755 0.0415115
      vertex -6.12764 3.9299 2.74827
    endloop
  endfacet
  facet normal -0.380851 0.923123 0.0528844
    outer loop
      vertex -6.02734 4.02734 5.20357
      vertex -6.15615 2.54996 30.0643
      vertex -4.7139 3.14973 29.9815
    endloop
  endfacet
  facet normal -0.380856 0.923121 0.0528843
    outer loop
      vertex -6.02734 4.02734 5.20357
      vertex -8.22912 3.40861 0.147281
      vertex -6.15615 2.54996 30.0643
    endloop
  endfacet
  facet normal -0.380857 0.92312 0.0528848
    outer loop
      vertex -8.22912 3.40861 0.147281
      vertex -6.02734 4.02734 5.20357
      vertex -6.38502 4.1755 0.0415115
    endloop
  endfacet
  facet normal 0.705114 -0.707119 -0.052884
    outer loop
      vertex -7.10973 -1.41421 5.20359
      vertex -7.1659 -1.28611 2.74182
      vertex -6.41577 -1.27618 12.6107
    endloop
  endfacet
  facet normal 0.705113 -0.70712 -0.052884
    outer loop
      vertex -7.1659 -1.28611 2.74182
      vertex -7.10973 -1.41421 5.20359
      vertex -7.49689 -1.41421 0.0415115
    endloop
  endfacet
  facet normal -0.705125 -0.707108 0.0528842
    outer loop
      vertex -6.66337 0 30.0643
      vertex -7.10973 -1.41421 5.20359
      vertex -5.56043 -1.10604 29.9815
    endloop
  endfacet
  facet normal -0.705125 -0.707108 0.0528842
    outer loop
      vertex -8.90714 0 0.147281
      vertex -7.10973 -1.41421 5.20359
      vertex -6.66337 0 30.0643
    endloop
  endfacet
  facet normal -0.705126 -0.707107 0.052885
    outer loop
      vertex -7.10973 -1.41421 5.20359
      vertex -8.90714 0 0.147281
      vertex -7.49689 -1.41421 0.0415115
    endloop
  endfacet
  facet normal 0.0747534 0.000100329 0.997202
    outer loop
      vertex -5.56043 1.10604 29.9815
      vertex -5.21166 0.659795 29.9554
      vertex -5.14278 1.02296 29.9502
    endloop
  endfacet
  facet normal 0.0690015 -0.00444533 0.997607
    outer loop
      vertex -5.56043 1.10604 29.9815
      vertex -5.21201 0.657021 29.9554
      vertex -5.21192 0.658418 29.9554
    endloop
  endfacet
  facet normal 0.0747909 7.07093e-05 0.997199
    outer loop
      vertex -5.21201 0.657021 29.9554
      vertex -5.56043 1.10604 29.9815
      vertex -6.66337 0 30.0643
    endloop
  endfacet
  facet normal 0.0601601 -0.0113592 0.998124
    outer loop
      vertex -5.21166 0.659795 29.9554
      vertex -5.56043 1.10604 29.9815
      vertex -5.21192 0.658418 29.9554
    endloop
  endfacet
  facet normal 0.0601601 0.0113592 0.998124
    outer loop
      vertex -5.56043 -1.10604 29.9815
      vertex -5.21166 -0.659795 29.9554
      vertex -5.21192 -0.658418 29.9554
    endloop
  endfacet
  facet normal 0.0748114 -2.52116e-05 0.997198
    outer loop
      vertex -6.66337 0 30.0643
      vertex -5.21201 -0.657021 29.9554
      vertex -5.25311 0 29.9585
    endloop
  endfacet
  facet normal 0.0748114 2.52116e-05 0.997198
    outer loop
      vertex -5.21201 0.657021 29.9554
      vertex -6.66337 0 30.0643
      vertex -5.25311 0 29.9585
    endloop
  endfacet
  facet normal 0.0747909 -7.07093e-05 0.997199
    outer loop
      vertex -5.56043 -1.10604 29.9815
      vertex -5.21201 -0.657021 29.9554
      vertex -6.66337 0 30.0643
    endloop
  endfacet
  facet normal 0.0747534 -0.000100329 0.997202
    outer loop
      vertex -5.21166 -0.659795 29.9554
      vertex -5.56043 -1.10604 29.9815
      vertex -5.14278 -1.02296 29.9502
    endloop
  endfacet
  facet normal 0.0690015 0.00444533 0.997607
    outer loop
      vertex -5.21201 -0.657021 29.9554
      vertex -5.56043 -1.10604 29.9815
      vertex -5.21192 -0.658418 29.9554
    endloop
  endfacet
  facet normal -0.0747905 0 -0.997199
    outer loop
      vertex -8.90714 0 0.147281
      vertex -7.49689 -6.06325e-06 0.0415115
      vertex -7.49689 -1.41421 0.0415115
    endloop
  endfacet
  facet normal -0.0747803 0.0164444 -0.997064
    outer loop
      vertex -7.49689 -6.06325e-06 0.0415115
      vertex -8.90714 0 0.147281
      vertex -7.49689 0 0.0415116
    endloop
  endfacet
  facet normal -0.0747803 -0.0164444 -0.997064
    outer loop
      vertex -8.90714 0 0.147281
      vertex -7.49689 6.06325e-06 0.0415115
      vertex -7.49689 0 0.0415116
    endloop
  endfacet
  facet normal -0.0747905 0 -0.997199
    outer loop
      vertex -7.49689 6.06325e-06 0.0415115
      vertex -8.90714 0 0.147281
      vertex -7.49689 1.41421 0.0415115
    endloop
  endfacet
  facet normal 0.705114 0.707119 -0.052884
    outer loop
      vertex -7.1659 1.28611 2.74182
      vertex -7.10973 1.41421 5.20359
      vertex -6.41577 1.27618 12.6107
    endloop
  endfacet
  facet normal 0.705113 0.70712 -0.052884
    outer loop
      vertex -7.10973 1.41421 5.20359
      vertex -7.1659 1.28611 2.74182
      vertex -7.49689 1.41421 0.0415115
    endloop
  endfacet
  facet normal -0.0747896 4.87017e-07 -0.997199
    outer loop
      vertex -7.49689 -1.41421 0.0415115
      vertex -7.4381 -0.93965 0.0371025
      vertex -7.37187 -1.28884 0.0321351
    endloop
  endfacet
  facet normal -0.0747874 2.11567e-07 -0.997199
    outer loop
      vertex -7.49689 -1.41421 0.0415115
      vertex -7.49683 -0.000910392 0.0415073
      vertex -7.4381 -0.93965 0.0371025
    endloop
  endfacet
  facet normal -0.0698291 0 -0.997559
    outer loop
      vertex -7.49683 -0.000910392 0.0415073
      vertex -7.49689 -1.41421 0.0415115
      vertex -7.49689 -6.06325e-06 0.0415115
    endloop
  endfacet
  facet normal -0.0698291 -0 -0.997559
    outer loop
      vertex -7.49689 1.41421 0.0415115
      vertex -7.49683 0.000910392 0.0415073
      vertex -7.49689 6.06325e-06 0.0415115
    endloop
  endfacet
  facet normal -0.0747896 -4.87017e-07 -0.997199
    outer loop
      vertex -7.4381 0.93965 0.0371025
      vertex -7.49689 1.41421 0.0415115
      vertex -7.37187 1.28884 0.0321351
    endloop
  endfacet
  facet normal -0.0747874 -2.11567e-07 -0.997199
    outer loop
      vertex -7.49683 0.000910392 0.0415073
      vertex -7.49689 1.41421 0.0415115
      vertex -7.4381 0.93965 0.0371025
    endloop
  endfacet
  facet normal -0.705125 0.707108 0.0528842
    outer loop
      vertex -7.10973 1.41421 5.20359
      vertex -6.66337 0 30.0643
      vertex -5.56043 1.10604 29.9815
    endloop
  endfacet
  facet normal -0.705125 0.707108 0.0528842
    outer loop
      vertex -7.10973 1.41421 5.20359
      vertex -8.90714 0 0.147281
      vertex -6.66337 0 30.0643
    endloop
  endfacet
  facet normal -0.705126 0.707107 0.052885
    outer loop
      vertex -8.90714 0 0.147281
      vertex -7.10973 1.41421 5.20359
      vertex -7.49689 1.41421 0.0415115
    endloop
  endfacet
  facet normal 0.705123 0.70711 -0.0528858
    outer loop
      vertex -7.37187 1.28884 0.0321351
      vertex -7.49689 1.41421 0.0415115
      vertex -7.1659 1.28611 2.74182
    endloop
  endfacet
  facet normal 0.705123 -0.70711 -0.0528858
    outer loop
      vertex -7.1659 -1.28611 2.74182
      vertex -7.49689 -1.41421 0.0415115
      vertex -7.37187 -1.28884 0.0321351
    endloop
  endfacet
  facet normal 0.0659754 0.0215031 0.99759
    outer loop
      vertex -5.56043 -1.10604 29.9815
      vertex -5.08792 -1.30782 29.9546
      vertex -5.08836 -1.30647 29.9546
    endloop
  endfacet
  facet normal 0.0690194 0.0287246 0.997202
    outer loop
      vertex -5.56043 -1.10604 29.9815
      vertex -5.08836 -1.30647 29.9546
      vertex -5.14278 -1.02296 29.9502
    endloop
  endfacet
  facet normal 0.0689361 0.028486 0.997214
    outer loop
      vertex -5.08792 -1.30782 29.9546
      vertex -5.56043 -1.10604 29.9815
      vertex -4.88422 -1.9338 29.9584
    endloop
  endfacet
  facet normal 0.0691438 0.0286563 0.997195
    outer loop
      vertex -6.15615 -2.54996 30.0643
      vertex -4.88422 -1.9338 29.9584
      vertex -5.56043 -1.10604 29.9815
    endloop
  endfacet
  facet normal 0.0692008 0.0285385 0.997194
    outer loop
      vertex -4.88422 -1.9338 29.9584
      vertex -6.15615 -2.54996 30.0643
      vertex -4.84907 -2.00855 29.9581
    endloop
  endfacet
  facet normal 0.380875 0.923113 -0.0528856
    outer loop
      vertex -7.11775 -1.55418 2.70267
      vertex -7.10973 -1.41421 5.20359
      vertex -6.41577 -1.27618 12.6107
    endloop
  endfacet
  facet normal 0.380865 0.923117 -0.0528858
    outer loop
      vertex -7.10973 -1.41421 5.20359
      vertex -7.11775 -1.55418 2.70267
      vertex -7.46742 -1.56237 0.0415115
    endloop
  endfacet
  facet normal -0.380851 -0.923123 0.0528844
    outer loop
      vertex -6.15615 -2.54996 30.0643
      vertex -6.02734 -4.02734 5.20357
      vertex -4.7139 -3.14973 29.9815
    endloop
  endfacet
  facet normal -0.380856 -0.923121 0.0528843
    outer loop
      vertex -8.22912 -3.40861 0.147281
      vertex -6.02734 -4.02734 5.20357
      vertex -6.15615 -2.54996 30.0643
    endloop
  endfacet
  facet normal -0.380857 -0.92312 0.0528848
    outer loop
      vertex -6.02734 -4.02734 5.20357
      vertex -8.22912 -3.40861 0.147281
      vertex -6.38502 -4.1755 0.0415115
    endloop
  endfacet
  facet normal 0.0690416 0.0285797 0.997204
    outer loop
      vertex -4.60276 -2.53196 29.9561
      vertex -4.7139 -3.14973 29.9815
      vertex -4.3609 -2.91386 29.9503
    endloop
  endfacet
  facet normal 0.0510565 0.0318558 0.998188
    outer loop
      vertex -4.60349 -2.53079 29.9561
      vertex -4.7139 -3.14973 29.9815
      vertex -4.60276 -2.53196 29.9561
    endloop
  endfacet
  facet normal 0.0625798 0.0297759 0.997596
    outer loop
      vertex -4.60408 -2.52955 29.9561
      vertex -4.7139 -3.14973 29.9815
      vertex -4.60349 -2.53079 29.9561
    endloop
  endfacet
  facet normal 0.0691406 0.028684 0.997194
    outer loop
      vertex -6.15615 -2.54996 30.0643
      vertex -4.60408 -2.52955 29.9561
      vertex -4.84907 -2.00855 29.9581
    endloop
  endfacet
  facet normal 0.0691419 0.0285976 0.997197
    outer loop
      vertex -4.60408 -2.52955 29.9561
      vertex -6.15615 -2.54996 30.0643
      vertex -4.7139 -3.14973 29.9815
    endloop
  endfacet
  facet normal 0.922054 -0.383432 -0.0528857
    outer loop
      vertex -6.02734 -4.02734 5.20357
      vertex -5.47716 -3.65203 12.0748
      vertex -5.44524 -3.6384 12.5325
    endloop
  endfacet
  facet normal 0.922044 -0.383456 -0.0528835
    outer loop
      vertex -5.47716 -3.65203 12.0748
      vertex -6.02734 -4.02734 5.20357
      vertex -6.12764 -3.9299 2.74827
    endloop
  endfacet
  facet normal 0.922048 -0.383446 -0.0528833
    outer loop
      vertex -6.12764 -3.9299 2.74827
      vertex -6.02734 -4.02734 5.20357
      vertex -6.38502 -4.1755 0.0415115
    endloop
  endfacet
  facet normal -0.0690962 -0.0286202 -0.997199
    outer loop
      vertex -6.38502 -4.1755 0.0415115
      vertex -6.56979 -3.61177 0.0381349
      vertex -6.31708 -4.01083 0.0320778
    endloop
  endfacet
  facet normal -0.0690884 -0.0286176 -0.9972
    outer loop
      vertex -6.38502 -4.1755 0.0415115
      vertex -6.97005 -2.76061 0.0414393
      vertex -6.56979 -3.61177 0.0381349
    endloop
  endfacet
  facet normal -0.0788852 -0.0326684 -0.996348
    outer loop
      vertex -6.38502 -4.1755 0.0415115
      vertex -6.97043 -2.75979 0.0414425
      vertex -6.97005 -2.76061 0.0414393
    endloop
  endfacet
  facet normal -0.0696061 -0.0289702 -0.997154
    outer loop
      vertex -7.46742 -1.56237 0.0415115
      vertex -7.26191 -1.86373 0.0359213
      vertex -7.26176 -1.8645 0.0359332
    endloop
  endfacet
  facet normal -0.0690909 -0.028618 -0.9972
    outer loop
      vertex -7.26191 -1.86373 0.0359213
      vertex -7.46742 -1.56237 0.0415115
      vertex -7.30694 -1.6291 0.0323077
    endloop
  endfacet
  facet normal -0.0690921 -0.0286195 -0.9972
    outer loop
      vertex -6.97071 -2.75892 0.0414372
      vertex -7.46742 -1.56237 0.0415115
      vertex -7.26176 -1.8645 0.0359332
    endloop
  endfacet
  facet normal -0.0658068 -0.0272557 -0.99746
    outer loop
      vertex -6.97043 -2.75979 0.0414425
      vertex -7.46742 -1.56237 0.0415115
      vertex -6.97071 -2.75892 0.0414372
    endloop
  endfacet
  facet normal -0.0688361 -0.028513 -0.99722
    outer loop
      vertex -7.46742 -1.56237 0.0415115
      vertex -6.97043 -2.75979 0.0414425
      vertex -6.38502 -4.1755 0.0415115
    endloop
  endfacet
  facet normal -0.0690975 -0.0286213 -0.997199
    outer loop
      vertex -6.38502 -4.1755 0.0415115
      vertex -8.22912 -3.40861 0.147281
      vertex -7.46742 -1.56237 0.0415115
    endloop
  endfacet
  facet normal -0.922051 0.383439 0.0528853
    outer loop
      vertex -8.22912 -3.40861 0.147281
      vertex -7.10973 -1.41421 5.20359
      vertex -7.46742 -1.56237 0.0415115
    endloop
  endfacet
  facet normal -0.92205 0.383441 0.0528843
    outer loop
      vertex -6.15615 -2.54996 30.0643
      vertex -7.10973 -1.41421 5.20359
      vertex -8.22912 -3.40861 0.147281
    endloop
  endfacet
  facet normal -0.922049 0.383444 0.0528844
    outer loop
      vertex -7.10973 -1.41421 5.20359
      vertex -6.15615 -2.54996 30.0643
      vertex -5.56043 -1.10604 29.9815
    endloop
  endfacet
  facet normal 0.380821 0.923136 -0.05288
    outer loop
      vertex -7.30694 -1.6291 0.0323077
      vertex -7.46742 -1.56237 0.0415115
      vertex -7.11775 -1.55418 2.70267
    endloop
  endfacet
  facet normal 0.922046 -0.38345 -0.0528828
    outer loop
      vertex -6.12764 -3.9299 2.74827
      vertex -6.38502 -4.1755 0.0415115
      vertex -6.31708 -4.01083 0.0320778
    endloop
  endfacet
  facet normal 0.0513121 0.0541627 0.997213
    outer loop
      vertex -4.71171 -4.71171 30.0643
      vertex -3.82841 -3.59691 29.9583
      vertex -3.82936 -3.59601 29.9583
    endloop
  endfacet
  facet normal 0.0527498 0.0527312 0.997215
    outer loop
      vertex -4.7139 -3.14973 29.9815
      vertex -3.8302 -3.595 29.9583
      vertex -4.25015 -3.08791 29.9537
    endloop
  endfacet
  facet normal 0.0529779 0.0528413 0.997197
    outer loop
      vertex -3.82841 -3.59691 29.9583
      vertex -4.71171 -4.71171 30.0643
      vertex -3.70904 -3.70904 29.9579
    endloop
  endfacet
  facet normal 0.0528522 0.0529352 0.997198
    outer loop
      vertex -4.71171 -4.71171 30.0643
      vertex -3.8302 -3.595 29.9583
      vertex -4.7139 -3.14973 29.9815
    endloop
  endfacet
  facet normal 0.0527105 0.0530202 0.997201
    outer loop
      vertex -4.7139 -3.14973 29.9815
      vertex -4.25015 -3.08791 29.9537
      vertex -4.3609 -2.91386 29.9503
    endloop
  endfacet
  facet normal 0.0583861 0.0485587 0.997112
    outer loop
      vertex -3.8302 -3.595 29.9583
      vertex -4.71171 -4.71171 30.0643
      vertex -3.82936 -3.59601 29.9583
    endloop
  endfacet
  facet normal -0.00154376 0.9986 -0.0528722
    outer loop
      vertex -5.53132 -3.72141 10.9672
      vertex -6.02734 -4.02734 5.20357
      vertex -5.44524 -3.6384 12.5325
    endloop
  endfacet
  facet normal -0.00138944 0.9986 -0.0528855
    outer loop
      vertex -6.02734 -4.02734 5.20357
      vertex -5.53132 -3.72141 10.9672
      vertex -5.98976 -4.16351 2.63138
    endloop
  endfacet
  facet normal -0.00138449 0.9986 -0.0528854
    outer loop
      vertex -6.3011 -4.3011 0.0415115
      vertex -6.02734 -4.02734 5.20357
      vertex -5.98976 -4.16351 2.63138
    endloop
  endfacet
  facet normal 0.0527491 0.0528629 0.997208
    outer loop
      vertex -2.91529 -4.36305 29.9505
      vertex -3.34854 -4.04769 29.9567
      vertex -3.14973 -4.7139 29.9815
    endloop
  endfacet
  facet normal 0.0529676 0.0528516 0.997197
    outer loop
      vertex -4.71171 -4.71171 30.0643
      vertex -3.34854 -4.04769 29.9567
      vertex -3.70904 -3.70904 29.9579
    endloop
  endfacet
  facet normal 0.0529351 0.0529179 0.997195
    outer loop
      vertex -3.34854 -4.04769 29.9567
      vertex -4.71171 -4.71171 30.0643
      vertex -3.14973 -4.7139 29.9815
    endloop
  endfacet
  facet normal 0.9986 -0.00138682 -0.0528856
    outer loop
      vertex -4.02734 -6.02734 5.20357
      vertex -4.15873 -5.97894 2.72136
      vertex -3.64672 -5.4577 12.3756
    endloop
  endfacet
  facet normal 0.9986 -0.0013828 -0.0528855
    outer loop
      vertex -4.15873 -5.97894 2.72136
      vertex -4.02734 -6.02734 5.20357
      vertex -4.3011 -6.3011 0.0415115
    endloop
  endfacet
  facet normal -0.0528841 -0.052884 -0.997199
    outer loop
      vertex -4.3011 -6.3011 0.0415115
      vertex -4.77812 -5.7771 0.0390201
      vertex -4.30135 -6.12413 0.0321396
    endloop
  endfacet
  facet normal -0.0548787 -0.0546987 -0.996994
    outer loop
      vertex -4.3011 -6.3011 0.0415115
      vertex -4.77881 -5.77659 0.0390301
      vertex -4.77812 -5.7771 0.0390201
    endloop
  endfacet
  facet normal -0.0465205 -0.0470902 -0.997807
    outer loop
      vertex -4.3011 -6.3011 0.0415115
      vertex -4.77944 -5.77601 0.0390321
      vertex -4.77881 -5.77659 0.0390301
    endloop
  endfacet
  facet normal -0.0528856 -0.0528857 -0.997199
    outer loop
      vertex -4.3011 -6.3011 0.0415115
      vertex -5.46501 -5.13199 0.0412356
      vertex -4.77944 -5.77601 0.0390321
    endloop
  endfacet
  facet normal -0.0528827 -0.0528826 -0.9972
    outer loop
      vertex -6.3011 -4.3011 0.0415115
      vertex -6.06504 -4.40745 0.0346328
      vertex -5.46501 -5.13199 0.0412356
    endloop
  endfacet
  facet normal -0.0525678 -0.0521767 -0.997253
    outer loop
      vertex -6.3011 -4.3011 0.0415115
      vertex -6.06593 -4.40622 0.034615
      vertex -6.06553 -4.40686 0.0346274
    endloop
  endfacet
  facet normal -0.0528826 -0.0528844 -0.997199
    outer loop
      vertex -6.06593 -4.40622 0.034615
      vertex -6.3011 -4.3011 0.0415115
      vertex -6.13268 -4.30133 0.0325922
    endloop
  endfacet
  facet normal -0.0529996 -0.0531434 -0.997179
    outer loop
      vertex -6.06504 -4.40745 0.0346328
      vertex -6.3011 -4.3011 0.0415115
      vertex -6.06553 -4.40686 0.0346274
    endloop
  endfacet
  facet normal -0.052909 -0.052909 -0.997197
    outer loop
      vertex -6.3011 -4.3011 0.0415115
      vertex -5.46501 -5.13199 0.0412356
      vertex -4.3011 -6.3011 0.0415115
    endloop
  endfacet
  facet normal 0.00140329 -0.9986 0.0528845
    outer loop
      vertex -4.71171 -4.71171 30.0643
      vertex -4.02734 -6.02734 5.20357
      vertex -3.14973 -4.7139 29.9815
    endloop
  endfacet
  facet normal 0.00140092 -0.9986 0.0528845
    outer loop
      vertex -6.2983 -6.2983 0.147281
      vertex -4.02734 -6.02734 5.20357
      vertex -4.71171 -4.71171 30.0643
    endloop
  endfacet
  facet normal 0.00140071 -0.9986 0.0528846
    outer loop
      vertex -4.02734 -6.02734 5.20357
      vertex -6.2983 -6.2983 0.147281
      vertex -4.3011 -6.3011 0.0415115
    endloop
  endfacet
  facet normal -0.0528847 -0.0528847 -0.997199
    outer loop
      vertex -6.2983 -6.2983 0.147281
      vertex -6.3011 -4.3011 0.0415115
      vertex -4.3011 -6.3011 0.0415115
    endloop
  endfacet
  facet normal -0.9986 0.00140071 0.0528846
    outer loop
      vertex -6.2983 -6.2983 0.147281
      vertex -6.02734 -4.02734 5.20357
      vertex -6.3011 -4.3011 0.0415115
    endloop
  endfacet
  facet normal -0.9986 0.00140092 0.0528845
    outer loop
      vertex -4.71171 -4.71171 30.0643
      vertex -6.02734 -4.02734 5.20357
      vertex -6.2983 -6.2983 0.147281
    endloop
  endfacet
  facet normal -0.9986 0.00140329 0.0528845
    outer loop
      vertex -6.02734 -4.02734 5.20357
      vertex -4.71171 -4.71171 30.0643
      vertex -4.7139 -3.14973 29.9815
    endloop
  endfacet
  facet normal -0.00143669 0.9986 -0.0528792
    outer loop
      vertex -6.13268 -4.30133 0.0325922
      vertex -6.3011 -4.3011 0.0415115
      vertex -5.98976 -4.16351 2.63138
    endloop
  endfacet
  facet normal 0.9986 -0.00138995 -0.0528846
    outer loop
      vertex -4.3011 -6.3011 0.0415115
      vertex -4.30135 -6.12413 0.0321396
      vertex -4.15873 -5.97894 2.72136
    endloop
  endfacet
  facet normal 0.028665 0.0690829 0.997199
    outer loop
      vertex -2.23546 -4.75367 29.9581
      vertex -2.54996 -6.15615 30.0643
      vertex -2.00658 -4.84431 29.9578
    endloop
  endfacet
  facet normal 0.027301 0.0693901 0.997216
    outer loop
      vertex -2.23668 -4.75319 29.9581
      vertex -2.54996 -6.15615 30.0643
      vertex -2.23546 -4.75367 29.9581
    endloop
  endfacet
  facet normal 0.0285244 0.0689601 0.997212
    outer loop
      vertex -3.14973 -4.7139 29.9815
      vertex -2.23668 -4.75319 29.9581
      vertex -2.81369 -4.43643 29.9527
    endloop
  endfacet
  facet normal 0.0340337 0.0623153 0.997476
    outer loop
      vertex -3.14973 -4.7139 29.9815
      vertex -2.81369 -4.43643 29.9527
      vertex -2.81499 -4.43572 29.9527
    endloop
  endfacet
  facet normal -0.00437348 0.108184 0.994121
    outer loop
      vertex -3.14973 -4.7139 29.9815
      vertex -2.81499 -4.43572 29.9527
      vertex -2.8162 -4.43485 29.9526
    endloop
  endfacet
  facet normal 0.0287772 0.0688812 0.99721
    outer loop
      vertex -3.14973 -4.7139 29.9815
      vertex -2.8162 -4.43485 29.9526
      vertex -2.91529 -4.36305 29.9505
    endloop
  endfacet
  facet normal 0.0285307 0.0691143 0.997201
    outer loop
      vertex -2.23668 -4.75319 29.9581
      vertex -3.14973 -4.7139 29.9815
      vertex -2.54996 -6.15615 30.0643
    endloop
  endfacet
  facet normal 0.923126 0.380844 -0.0528831
    outer loop
      vertex -1.56237 -7.46742 0.0415115
      vertex -1.62898 -7.30724 0.0323246
      vertex -1.55431 -7.12333 2.66021
    endloop
  endfacet
  facet normal 0.383444 -0.922049 0.0528844
    outer loop
      vertex -2.54996 -6.15615 30.0643
      vertex -1.41421 -7.10973 5.20359
      vertex -1.10604 -5.56043 29.9815
    endloop
  endfacet
  facet normal 0.383441 -0.92205 0.0528843
    outer loop
      vertex -3.40861 -8.22912 0.147281
      vertex -1.41421 -7.10973 5.20359
      vertex -2.54996 -6.15615 30.0643
    endloop
  endfacet
  facet normal 0.383439 -0.922051 0.0528853
    outer loop
      vertex -1.41421 -7.10973 5.20359
      vertex -3.40861 -8.22912 0.147281
      vertex -1.56237 -7.46742 0.0415115
    endloop
  endfacet
  facet normal 0.0286124 0.0689648 0.997209
    outer loop
      vertex -1.02447 -5.15036 29.9508
      vertex -1.62203 -4.99643 29.9573
      vertex -1.10604 -5.56043 29.9815
    endloop
  endfacet
  facet normal 0.0147268 0.0563082 0.998305
    outer loop
      vertex -1.62333 -4.99609 29.9573
      vertex -1.10604 -5.56043 29.9815
      vertex -1.62203 -4.99643 29.9573
    endloop
  endfacet
  facet normal 0.0286608 0.0690846 0.997199
    outer loop
      vertex -2.54996 -6.15615 30.0643
      vertex -1.62333 -4.99609 29.9573
      vertex -2.00658 -4.84431 29.9578
    endloop
  endfacet
  facet normal 0.0286909 0.0690607 0.9972
    outer loop
      vertex -1.62333 -4.99609 29.9573
      vertex -2.54996 -6.15615 30.0643
      vertex -1.10604 -5.56043 29.9815
    endloop
  endfacet
  facet normal 0.92311 0.380882 -0.0528864
    outer loop
      vertex -1.28497 -6.45996 12.139
      vertex -1.41421 -7.10973 5.20359
      vertex -1.45092 -6.86868 6.29885
    endloop
  endfacet
  facet normal 0.923111 0.380879 -0.0528855
    outer loop
      vertex -1.41421 -7.10973 5.20359
      vertex -1.55431 -7.12333 2.66021
      vertex -1.45092 -6.86868 6.29885
    endloop
  endfacet
  facet normal 0.923117 0.380864 -0.0528857
    outer loop
      vertex -1.55431 -7.12333 2.66021
      vertex -1.41421 -7.10973 5.20359
      vertex -1.56237 -7.46742 0.0415115
    endloop
  endfacet
  facet normal -0.383438 0.922051 -0.0528851
    outer loop
      vertex -3.94985 -6.14855 2.52844
      vertex -4.02734 -6.02734 5.20357
      vertex -3.64672 -5.4577 12.3756
    endloop
  endfacet
  facet normal -0.383419 0.922059 -0.0528849
    outer loop
      vertex -4.02734 -6.02734 5.20357
      vertex -3.94985 -6.14855 2.52844
      vertex -4.1755 -6.38502 0.0415115
    endloop
  endfacet
  facet normal -0.0286213 -0.0690975 -0.997199
    outer loop
      vertex -3.40861 -8.22912 0.147281
      vertex -4.1755 -6.38502 0.0415115
      vertex -1.56237 -7.46742 0.0415115
    endloop
  endfacet
  facet normal -0.028621 -0.0690949 -0.997199
    outer loop
      vertex -1.56237 -7.46742 0.0415115
      vertex -2.3167 -7.13008 0.0397879
      vertex -1.62898 -7.30724 0.0323246
    endloop
  endfacet
  facet normal -0.0251732 -0.0613883 -0.997796
    outer loop
      vertex -1.56237 -7.46742 0.0415115
      vertex -2.31752 -7.12976 0.0397889
      vertex -2.3167 -7.13008 0.0397879
    endloop
  endfacet
  facet normal -0.0286127 -0.0690773 -0.997201
    outer loop
      vertex -1.56237 -7.46742 0.0415115
      vertex -3.19204 -6.78343 0.0408908
      vertex -2.31752 -7.12976 0.0397889
    endloop
  endfacet
  facet normal -0.0292756 -0.0707124 -0.997067
    outer loop
      vertex -4.1755 -6.38502 0.0415115
      vertex -3.19283 -6.783 0.0408835
      vertex -3.19204 -6.78343 0.0408908
    endloop
  endfacet
  facet normal -0.0286257 -0.0690889 -0.9972
    outer loop
      vertex -4.01737 -6.33036 0.0331852
      vertex -4.1755 -6.38502 0.0415115
      vertex -4.02667 -6.32362 0.0329852
    endloop
  endfacet
  facet normal -0.0286222 -0.0690989 -0.997199
    outer loop
      vertex -3.19283 -6.783 0.0408835
      vertex -4.1755 -6.38502 0.0415115
      vertex -4.01737 -6.33036 0.0331852
    endloop
  endfacet
  facet normal -0.0286309 -0.0691207 -0.997197
    outer loop
      vertex -4.1755 -6.38502 0.0415115
      vertex -3.19204 -6.78343 0.0408908
      vertex -1.56237 -7.46742 0.0415115
    endloop
  endfacet
  facet normal -0.383425 0.922057 -0.052884
    outer loop
      vertex -4.02667 -6.32362 0.0329852
      vertex -4.1755 -6.38502 0.0415115
      vertex -3.94985 -6.14855 2.52844
    endloop
  endfacet
  facet normal -0.92312 -0.380857 0.0528848
    outer loop
      vertex -3.40861 -8.22912 0.147281
      vertex -4.02734 -6.02734 5.20357
      vertex -4.1755 -6.38502 0.0415115
    endloop
  endfacet
  facet normal -0.923121 -0.380856 0.0528843
    outer loop
      vertex -4.02734 -6.02734 5.20357
      vertex -3.40861 -8.22912 0.147281
      vertex -2.54996 -6.15615 30.0643
    endloop
  endfacet
  facet normal -0.923123 -0.380851 0.0528844
    outer loop
      vertex -2.54996 -6.15615 30.0643
      vertex -3.14973 -4.7139 29.9815
      vertex -4.02734 -6.02734 5.20357
    endloop
  endfacet
  facet normal 0.707109 0.705124 -0.0528853
    outer loop
      vertex 1.41421 -7.10973 5.20359
      vertex 1.29239 -6.77494 8.03856
      vertex 1.28497 -6.45996 12.139
    endloop
  endfacet
  facet normal 0.707131 0.705103 -0.0528819
    outer loop
      vertex 1.41421 -7.10973 5.20359
      vertex 1.29435 -7.14759 3.09603
      vertex 1.29239 -6.77494 8.03856
    endloop
  endfacet
  facet normal 0.707214 0.705019 -0.0528852
    outer loop
      vertex 1.41421 -7.10973 5.20359
      vertex 1.29456 -7.18772 2.56386
      vertex 1.29435 -7.14759 3.09603
    endloop
  endfacet
  facet normal 0.707124 0.705109 -0.0528838
    outer loop
      vertex 1.29456 -7.18772 2.56386
      vertex 1.41421 -7.10973 5.20359
      vertex 1.41421 -7.49689 0.0415115
    endloop
  endfacet
  facet normal 0.707108 -0.705125 0.0528842
    outer loop
      vertex 0 -6.66337 30.0643
      vertex 1.41421 -7.10973 5.20359
      vertex 1.10604 -5.56043 29.9815
    endloop
  endfacet
  facet normal 0.707108 -0.705125 0.0528842
    outer loop
      vertex 0 -8.90714 0.147281
      vertex 1.41421 -7.10973 5.20359
      vertex 0 -6.66337 30.0643
    endloop
  endfacet
  facet normal 0.707107 -0.705126 0.052885
    outer loop
      vertex 1.41421 -7.10973 5.20359
      vertex 0 -8.90714 0.147281
      vertex 1.41421 -7.49689 0.0415115
    endloop
  endfacet
  facet normal -0.00154365 0.0743509 0.997231
    outer loop
      vertex 0.984432 -5.16058 29.9515
      vertex 1.10604 -5.56043 29.9815
      vertex 1.02447 -5.15036 29.9508
    endloop
  endfacet
  facet normal 6.35044e-05 0.0748371 0.997196
    outer loop
      vertex 0.331167 -5.24264 29.9577
      vertex 1.10604 -5.56043 29.9815
      vertex 0.984432 -5.16058 29.9515
    endloop
  endfacet
  facet normal -0.00994763 0.0771234 0.996972
    outer loop
      vertex 0 -6.66337 30.0643
      vertex 0.331167 -5.24264 29.9577
      vertex 0.329849 -5.24281 29.9577
    endloop
  endfacet
  facet normal 5.212e-05 0.0748095 0.997198
    outer loop
      vertex 0.331167 -5.24264 29.9577
      vertex 0 -6.66337 30.0643
      vertex 1.10604 -5.56043 29.9815
    endloop
  endfacet
  facet normal -0 0.0748304 0.997196
    outer loop
      vertex -0.329849 -5.24281 29.9577
      vertex 0 -6.66337 30.0643
      vertex 0.329849 -5.24281 29.9577
    endloop
  endfacet
  facet normal 0.00994763 0.0771234 0.996972
    outer loop
      vertex -0.331167 -5.24264 29.9577
      vertex 0 -6.66337 30.0643
      vertex -0.329849 -5.24281 29.9577
    endloop
  endfacet
  facet normal -6.35044e-05 0.0748371 0.997196
    outer loop
      vertex -1.10604 -5.56043 29.9815
      vertex -0.331167 -5.24264 29.9577
      vertex -0.984432 -5.16058 29.9515
    endloop
  endfacet
  facet normal 0.00154365 0.0743509 0.997231
    outer loop
      vertex -1.10604 -5.56043 29.9815
      vertex -0.984432 -5.16058 29.9515
      vertex -1.02447 -5.15036 29.9508
    endloop
  endfacet
  facet normal -5.212e-05 0.0748095 0.997198
    outer loop
      vertex -0.331167 -5.24264 29.9577
      vertex -1.10604 -5.56043 29.9815
      vertex 0 -6.66337 30.0643
    endloop
  endfacet
  facet normal 0 -0.0747905 -0.997199
    outer loop
      vertex 0 -8.90714 0.147281
      vertex -1.41421 -7.49689 0.0415115
      vertex 1.41421 -7.49689 0.0415115
    endloop
  endfacet
  facet normal -0.707109 0.705124 -0.0528853
    outer loop
      vertex -1.29239 -6.77494 8.03856
      vertex -1.41421 -7.10973 5.20359
      vertex -1.28497 -6.45996 12.139
    endloop
  endfacet
  facet normal -0.707131 0.705103 -0.0528819
    outer loop
      vertex -1.29435 -7.14759 3.09603
      vertex -1.41421 -7.10973 5.20359
      vertex -1.29239 -6.77494 8.03856
    endloop
  endfacet
  facet normal -0.707214 0.705019 -0.0528852
    outer loop
      vertex -1.29456 -7.18772 2.56386
      vertex -1.41421 -7.10973 5.20359
      vertex -1.29435 -7.14759 3.09603
    endloop
  endfacet
  facet normal -0.707124 0.705109 -0.0528838
    outer loop
      vertex -1.41421 -7.10973 5.20359
      vertex -1.29456 -7.18772 2.56386
      vertex -1.41421 -7.49689 0.0415115
    endloop
  endfacet
  facet normal 1.271e-07 -0.0747852 -0.9972
    outer loop
      vertex 1.41421 -7.49689 0.0415115
      vertex 0.470738 -7.48218 0.0404082
      vertex 1.29556 -7.37856 0.0326373
    endloop
  endfacet
  facet normal 0 -0.0747933 -0.997199
    outer loop
      vertex 1.41421 -7.49689 0.0415115
      vertex -0.470738 -7.48218 0.0404082
      vertex 0.470738 -7.48218 0.0404082
    endloop
  endfacet
  facet normal -1.271e-07 -0.0747852 -0.9972
    outer loop
      vertex -0.470738 -7.48218 0.0404082
      vertex -1.41421 -7.49689 0.0415115
      vertex -1.29556 -7.37856 0.0326373
    endloop
  endfacet
  facet normal 0 -0.0747933 -0.997199
    outer loop
      vertex -1.41421 -7.49689 0.0415115
      vertex -0.470738 -7.48218 0.0404082
      vertex 1.41421 -7.49689 0.0415115
    endloop
  endfacet
  facet normal -0.707108 -0.705125 0.0528842
    outer loop
      vertex -1.41421 -7.10973 5.20359
      vertex 0 -6.66337 30.0643
      vertex -1.10604 -5.56043 29.9815
    endloop
  endfacet
  facet normal -0.707107 -0.705126 0.052885
    outer loop
      vertex 0 -8.90714 0.147281
      vertex -1.41421 -7.10973 5.20359
      vertex -1.41421 -7.49689 0.0415115
    endloop
  endfacet
  facet normal -0.707108 -0.705125 0.0528842
    outer loop
      vertex -1.41421 -7.10973 5.20359
      vertex 0 -8.90714 0.147281
      vertex 0 -6.66337 30.0643
    endloop
  endfacet
  facet normal -0.707143 0.70509 -0.0528805
    outer loop
      vertex -1.29556 -7.37856 0.0326373
      vertex -1.41421 -7.49689 0.0415115
      vertex -1.29456 -7.18772 2.56386
    endloop
  endfacet
  facet normal 0.707143 0.70509 -0.0528805
    outer loop
      vertex 1.29556 -7.37856 0.0326373
      vertex 1.29456 -7.18772 2.56386
      vertex 1.41421 -7.49689 0.0415115
    endloop
  endfacet
  facet normal -0.0286124 0.0689648 0.997209
    outer loop
      vertex 1.62203 -4.99643 29.9573
      vertex 1.02447 -5.15036 29.9508
      vertex 1.10604 -5.56043 29.9815
    endloop
  endfacet
  facet normal -0.0286608 0.0690846 0.997199
    outer loop
      vertex 1.62333 -4.99609 29.9573
      vertex 2.54996 -6.15615 30.0643
      vertex 2.00658 -4.84431 29.9578
    endloop
  endfacet
  facet normal -0.0147268 0.0563082 0.998305
    outer loop
      vertex 1.10604 -5.56043 29.9815
      vertex 1.62333 -4.99609 29.9573
      vertex 1.62203 -4.99643 29.9573
    endloop
  endfacet
  facet normal -0.0286909 0.0690607 0.9972
    outer loop
      vertex 1.62333 -4.99609 29.9573
      vertex 1.10604 -5.56043 29.9815
      vertex 2.54996 -6.15615 30.0643
    endloop
  endfacet
  facet normal -0.923111 0.380879 -0.0528855
    outer loop
      vertex 1.55431 -7.12333 2.66021
      vertex 1.41421 -7.10973 5.20359
      vertex 1.45092 -6.86868 6.29885
    endloop
  endfacet
  facet normal -0.923117 0.380864 -0.0528857
    outer loop
      vertex 1.41421 -7.10973 5.20359
      vertex 1.55431 -7.12333 2.66021
      vertex 1.56237 -7.46742 0.0415115
    endloop
  endfacet
  facet normal -0.92311 0.380882 -0.0528864
    outer loop
      vertex 1.41421 -7.10973 5.20359
      vertex 1.28497 -6.45996 12.139
      vertex 1.45092 -6.86868 6.29885
    endloop
  endfacet
  facet normal -0.0287772 0.0688812 0.99721
    outer loop
      vertex 2.8162 -4.43485 29.9526
      vertex 3.14973 -4.7139 29.9815
      vertex 2.91529 -4.36305 29.9505
    endloop
  endfacet
  facet normal 0.00437348 0.108184 0.994121
    outer loop
      vertex 2.81499 -4.43572 29.9527
      vertex 3.14973 -4.7139 29.9815
      vertex 2.8162 -4.43485 29.9526
    endloop
  endfacet
  facet normal -0.0340337 0.0623153 0.997476
    outer loop
      vertex 2.81369 -4.43643 29.9527
      vertex 3.14973 -4.7139 29.9815
      vertex 2.81499 -4.43572 29.9527
    endloop
  endfacet
  facet normal -0.0285244 0.0689601 0.997212
    outer loop
      vertex 2.23668 -4.75319 29.9581
      vertex 3.14973 -4.7139 29.9815
      vertex 2.81369 -4.43643 29.9527
    endloop
  endfacet
  facet normal -0.0285307 0.0691143 0.997201
    outer loop
      vertex 3.14973 -4.7139 29.9815
      vertex 2.23668 -4.75319 29.9581
      vertex 2.54996 -6.15615 30.0643
    endloop
  endfacet
  facet normal -0.027301 0.0693901 0.997216
    outer loop
      vertex 2.23546 -4.75367 29.9581
      vertex 2.54996 -6.15615 30.0643
      vertex 2.23668 -4.75319 29.9581
    endloop
  endfacet
  facet normal -0.028665 0.0690829 0.997199
    outer loop
      vertex 2.54996 -6.15615 30.0643
      vertex 2.23546 -4.75367 29.9581
      vertex 2.00658 -4.84431 29.9578
    endloop
  endfacet
  facet normal 0.383438 0.922051 -0.0528851
    outer loop
      vertex 4.02734 -6.02734 5.20357
      vertex 3.94985 -6.14855 2.52844
      vertex 3.64672 -5.4577 12.3756
    endloop
  endfacet
  facet normal 0.383419 0.922059 -0.0528849
    outer loop
      vertex 3.94985 -6.14855 2.52844
      vertex 4.02734 -6.02734 5.20357
      vertex 4.1755 -6.38502 0.0415115
    endloop
  endfacet
  facet normal 0.0286257 -0.0690889 -0.9972
    outer loop
      vertex 4.1755 -6.38502 0.0415115
      vertex 4.01737 -6.33036 0.0331852
      vertex 4.02667 -6.32362 0.0329852
    endloop
  endfacet
  facet normal 0.0286222 -0.0690989 -0.997199
    outer loop
      vertex 4.1755 -6.38502 0.0415115
      vertex 3.19283 -6.783 0.0408835
      vertex 4.01737 -6.33036 0.0331852
    endloop
  endfacet
  facet normal 0.0292756 -0.0707124 -0.997067
    outer loop
      vertex 4.1755 -6.38502 0.0415115
      vertex 3.19204 -6.78343 0.0408908
      vertex 3.19283 -6.783 0.0408835
    endloop
  endfacet
  facet normal 0.028621 -0.0690949 -0.997199
    outer loop
      vertex 2.3167 -7.13008 0.0397879
      vertex 1.56237 -7.46742 0.0415115
      vertex 1.62898 -7.30724 0.0323246
    endloop
  endfacet
  facet normal 0.0251732 -0.0613883 -0.997796
    outer loop
      vertex 2.31752 -7.12976 0.0397889
      vertex 1.56237 -7.46742 0.0415115
      vertex 2.3167 -7.13008 0.0397879
    endloop
  endfacet
  facet normal 0.0286127 -0.0690773 -0.997201
    outer loop
      vertex 3.19204 -6.78343 0.0408908
      vertex 1.56237 -7.46742 0.0415115
      vertex 2.31752 -7.12976 0.0397889
    endloop
  endfacet
  facet normal 0.0286309 -0.0691207 -0.997197
    outer loop
      vertex 1.56237 -7.46742 0.0415115
      vertex 3.19204 -6.78343 0.0408908
      vertex 4.1755 -6.38502 0.0415115
    endloop
  endfacet
  facet normal 0.923123 -0.380851 0.0528844
    outer loop
      vertex 2.54996 -6.15615 30.0643
      vertex 4.02734 -6.02734 5.20357
      vertex 3.14973 -4.7139 29.9815
    endloop
  endfacet
  facet normal 0.923121 -0.380856 0.0528843
    outer loop
      vertex 3.40861 -8.22912 0.147281
      vertex 4.02734 -6.02734 5.20357
      vertex 2.54996 -6.15615 30.0643
    endloop
  endfacet
  facet normal 0.92312 -0.380857 0.0528848
    outer loop
      vertex 4.02734 -6.02734 5.20357
      vertex 3.40861 -8.22912 0.147281
      vertex 4.1755 -6.38502 0.0415115
    endloop
  endfacet
  facet normal 0.0286213 -0.0690975 -0.997199
    outer loop
      vertex 3.40861 -8.22912 0.147281
      vertex 1.56237 -7.46742 0.0415115
      vertex 4.1755 -6.38502 0.0415115
    endloop
  endfacet
  facet normal -0.383444 -0.922049 0.0528844
    outer loop
      vertex 1.41421 -7.10973 5.20359
      vertex 2.54996 -6.15615 30.0643
      vertex 1.10604 -5.56043 29.9815
    endloop
  endfacet
  facet normal -0.383441 -0.92205 0.0528843
    outer loop
      vertex 1.41421 -7.10973 5.20359
      vertex 3.40861 -8.22912 0.147281
      vertex 2.54996 -6.15615 30.0643
    endloop
  endfacet
  facet normal -0.383439 -0.922051 0.0528853
    outer loop
      vertex 3.40861 -8.22912 0.147281
      vertex 1.41421 -7.10973 5.20359
      vertex 1.56237 -7.46742 0.0415115
    endloop
  endfacet
  facet normal -0.923126 0.380844 -0.0528831
    outer loop
      vertex 1.56237 -7.46742 0.0415115
      vertex 1.55431 -7.12333 2.66021
      vertex 1.62898 -7.30724 0.0323246
    endloop
  endfacet
  facet normal 0.383425 0.922057 -0.052884
    outer loop
      vertex 4.02667 -6.32362 0.0329852
      vertex 3.94985 -6.14855 2.52844
      vertex 4.1755 -6.38502 0.0415115
    endloop
  endfacet
  facet normal -0.0527491 0.0528629 0.997208
    outer loop
      vertex 3.34854 -4.04769 29.9567
      vertex 2.91529 -4.36305 29.9505
      vertex 3.14973 -4.7139 29.9815
    endloop
  endfacet
  facet normal -0.0529676 0.0528516 0.997197
    outer loop
      vertex 3.34854 -4.04769 29.9567
      vertex 4.71171 -4.71171 30.0643
      vertex 3.70904 -3.70904 29.9579
    endloop
  endfacet
  facet normal -0.0529351 0.0529179 0.997195
    outer loop
      vertex 3.14973 -4.7139 29.9815
      vertex 4.71171 -4.71171 30.0643
      vertex 3.34854 -4.04769 29.9567
    endloop
  endfacet
  facet normal -0.9986 -0.00138682 -0.0528856
    outer loop
      vertex 4.15873 -5.97894 2.72136
      vertex 4.02734 -6.02734 5.20357
      vertex 3.64672 -5.4577 12.3756
    endloop
  endfacet
  facet normal -0.9986 -0.0013828 -0.0528855
    outer loop
      vertex 4.3011 -6.3011 0.0415115
      vertex 4.02734 -6.02734 5.20357
      vertex 4.15873 -5.97894 2.72136
    endloop
  endfacet
  facet normal -0.0527105 0.0530202 0.997201
    outer loop
      vertex 4.25015 -3.08791 29.9537
      vertex 4.7139 -3.14973 29.9815
      vertex 4.3609 -2.91386 29.9503
    endloop
  endfacet
  facet normal -0.0527498 0.0527312 0.997215
    outer loop
      vertex 3.8302 -3.595 29.9583
      vertex 4.7139 -3.14973 29.9815
      vertex 4.25015 -3.08791 29.9537
    endloop
  endfacet
  facet normal -0.0528522 0.0529352 0.997198
    outer loop
      vertex 4.7139 -3.14973 29.9815
      vertex 3.8302 -3.595 29.9583
      vertex 4.71171 -4.71171 30.0643
    endloop
  endfacet
  facet normal -0.0583861 0.0485587 0.997112
    outer loop
      vertex 3.82936 -3.59601 29.9583
      vertex 4.71171 -4.71171 30.0643
      vertex 3.8302 -3.595 29.9583
    endloop
  endfacet
  facet normal -0.0513121 0.0541627 0.997213
    outer loop
      vertex 3.82841 -3.59691 29.9583
      vertex 4.71171 -4.71171 30.0643
      vertex 3.82936 -3.59601 29.9583
    endloop
  endfacet
  facet normal -0.0529779 0.0528413 0.997197
    outer loop
      vertex 4.71171 -4.71171 30.0643
      vertex 3.82841 -3.59691 29.9583
      vertex 3.70904 -3.70904 29.9579
    endloop
  endfacet
  facet normal 0.00138449 0.9986 -0.0528854
    outer loop
      vertex 6.02734 -4.02734 5.20357
      vertex 6.3011 -4.3011 0.0415115
      vertex 5.98976 -4.16351 2.63138
    endloop
  endfacet
  facet normal 0.00154376 0.9986 -0.0528722
    outer loop
      vertex 6.02734 -4.02734 5.20357
      vertex 5.53132 -3.72141 10.9672
      vertex 5.44524 -3.6384 12.5325
    endloop
  endfacet
  facet normal 0.00138944 0.9986 -0.0528855
    outer loop
      vertex 5.53132 -3.72141 10.9672
      vertex 6.02734 -4.02734 5.20357
      vertex 5.98976 -4.16351 2.63138
    endloop
  endfacet
  facet normal 0.0528826 -0.0528844 -0.997199
    outer loop
      vertex 6.3011 -4.3011 0.0415115
      vertex 6.06593 -4.40622 0.034615
      vertex 6.13268 -4.30133 0.0325922
    endloop
  endfacet
  facet normal 0.0525678 -0.0521767 -0.997253
    outer loop
      vertex 6.3011 -4.3011 0.0415115
      vertex 6.06553 -4.40686 0.0346274
      vertex 6.06593 -4.40622 0.034615
    endloop
  endfacet
  facet normal 0.0529996 -0.0531434 -0.997179
    outer loop
      vertex 6.3011 -4.3011 0.0415115
      vertex 6.06504 -4.40745 0.0346328
      vertex 6.06553 -4.40686 0.0346274
    endloop
  endfacet
  facet normal 0.0528827 -0.0528826 -0.9972
    outer loop
      vertex 6.3011 -4.3011 0.0415115
      vertex 5.46501 -5.13199 0.0412356
      vertex 6.06504 -4.40745 0.0346328
    endloop
  endfacet
  facet normal 0.0528856 -0.0528857 -0.997199
    outer loop
      vertex 4.3011 -6.3011 0.0415115
      vertex 4.77944 -5.77601 0.0390321
      vertex 5.46501 -5.13199 0.0412356
    endloop
  endfacet
  facet normal 0.0548787 -0.0546987 -0.996994
    outer loop
      vertex 4.3011 -6.3011 0.0415115
      vertex 4.77812 -5.7771 0.0390201
      vertex 4.77881 -5.77659 0.0390301
    endloop
  endfacet
  facet normal 0.0528841 -0.052884 -0.997199
    outer loop
      vertex 4.77812 -5.7771 0.0390201
      vertex 4.3011 -6.3011 0.0415115
      vertex 4.30135 -6.12413 0.0321396
    endloop
  endfacet
  facet normal 0.0465205 -0.0470902 -0.997807
    outer loop
      vertex 4.77944 -5.77601 0.0390321
      vertex 4.3011 -6.3011 0.0415115
      vertex 4.77881 -5.77659 0.0390301
    endloop
  endfacet
  facet normal 0.052909 -0.052909 -0.997197
    outer loop
      vertex 4.3011 -6.3011 0.0415115
      vertex 5.46501 -5.13199 0.0412356
      vertex 6.3011 -4.3011 0.0415115
    endloop
  endfacet
  facet normal 0.9986 0.00140329 0.0528845
    outer loop
      vertex 4.71171 -4.71171 30.0643
      vertex 6.02734 -4.02734 5.20357
      vertex 4.7139 -3.14973 29.9815
    endloop
  endfacet
  facet normal 0.9986 0.00140092 0.0528845
    outer loop
      vertex 6.02734 -4.02734 5.20357
      vertex 4.71171 -4.71171 30.0643
      vertex 6.2983 -6.2983 0.147281
    endloop
  endfacet
  facet normal 0.9986 0.00140071 0.0528846
    outer loop
      vertex 6.02734 -4.02734 5.20357
      vertex 6.2983 -6.2983 0.147281
      vertex 6.3011 -4.3011 0.0415115
    endloop
  endfacet
  facet normal 0.0528847 -0.0528847 -0.997199
    outer loop
      vertex 6.2983 -6.2983 0.147281
      vertex 4.3011 -6.3011 0.0415115
      vertex 6.3011 -4.3011 0.0415115
    endloop
  endfacet
  facet normal -0.00140329 -0.9986 0.0528845
    outer loop
      vertex 4.02734 -6.02734 5.20357
      vertex 4.71171 -4.71171 30.0643
      vertex 3.14973 -4.7139 29.9815
    endloop
  endfacet
  facet normal -0.00140092 -0.9986 0.0528845
    outer loop
      vertex 4.02734 -6.02734 5.20357
      vertex 6.2983 -6.2983 0.147281
      vertex 4.71171 -4.71171 30.0643
    endloop
  endfacet
  facet normal -0.00140071 -0.9986 0.0528846
    outer loop
      vertex 6.2983 -6.2983 0.147281
      vertex 4.02734 -6.02734 5.20357
      vertex 4.3011 -6.3011 0.0415115
    endloop
  endfacet
  facet normal -0.9986 -0.00138995 -0.0528846
    outer loop
      vertex 4.3011 -6.3011 0.0415115
      vertex 4.15873 -5.97894 2.72136
      vertex 4.30135 -6.12413 0.0321396
    endloop
  endfacet
  facet normal 0.00143669 0.9986 -0.0528792
    outer loop
      vertex 6.13268 -4.30133 0.0325922
      vertex 5.98976 -4.16351 2.63138
      vertex 6.3011 -4.3011 0.0415115
    endloop
  endfacet
  facet normal -0.0691406 0.028684 0.997194
    outer loop
      vertex 4.60408 -2.52955 29.9561
      vertex 6.15615 -2.54996 30.0643
      vertex 4.84907 -2.00855 29.9581
    endloop
  endfacet
  facet normal -0.0691419 0.0285976 0.997197
    outer loop
      vertex 6.15615 -2.54996 30.0643
      vertex 4.60408 -2.52955 29.9561
      vertex 4.7139 -3.14973 29.9815
    endloop
  endfacet
  facet normal -0.0625798 0.0297759 0.997596
    outer loop
      vertex 4.60349 -2.53079 29.9561
      vertex 4.7139 -3.14973 29.9815
      vertex 4.60408 -2.52955 29.9561
    endloop
  endfacet
  facet normal -0.0510565 0.0318558 0.998188
    outer loop
      vertex 4.60276 -2.53196 29.9561
      vertex 4.7139 -3.14973 29.9815
      vertex 4.60349 -2.53079 29.9561
    endloop
  endfacet
  facet normal -0.0690416 0.0285797 0.997204
    outer loop
      vertex 4.7139 -3.14973 29.9815
      vertex 4.60276 -2.53196 29.9561
      vertex 4.3609 -2.91386 29.9503
    endloop
  endfacet
  facet normal -0.380821 0.923136 -0.05288
    outer loop
      vertex 7.30694 -1.6291 0.0323077
      vertex 7.11775 -1.55418 2.70267
      vertex 7.46742 -1.56237 0.0415115
    endloop
  endfacet
  facet normal -0.0690194 0.0287246 0.997202
    outer loop
      vertex 5.08836 -1.30647 29.9546
      vertex 5.56043 -1.10604 29.9815
      vertex 5.14278 -1.02296 29.9502
    endloop
  endfacet
  facet normal -0.0659754 0.0215031 0.99759
    outer loop
      vertex 5.08792 -1.30782 29.9546
      vertex 5.56043 -1.10604 29.9815
      vertex 5.08836 -1.30647 29.9546
    endloop
  endfacet
  facet normal -0.0689361 0.028486 0.997214
    outer loop
      vertex 4.88422 -1.9338 29.9584
      vertex 5.56043 -1.10604 29.9815
      vertex 5.08792 -1.30782 29.9546
    endloop
  endfacet
  facet normal -0.0691438 0.0286563 0.997195
    outer loop
      vertex 5.56043 -1.10604 29.9815
      vertex 4.88422 -1.9338 29.9584
      vertex 6.15615 -2.54996 30.0643
    endloop
  endfacet
  facet normal -0.0692008 0.0285385 0.997194
    outer loop
      vertex 6.15615 -2.54996 30.0643
      vertex 4.88422 -1.9338 29.9584
      vertex 4.84907 -2.00855 29.9581
    endloop
  endfacet
  facet normal -0.380875 0.923113 -0.0528856
    outer loop
      vertex 7.10973 -1.41421 5.20359
      vertex 7.11775 -1.55418 2.70267
      vertex 6.41577 -1.27618 12.6107
    endloop
  endfacet
  facet normal -0.380865 0.923117 -0.0528858
    outer loop
      vertex 7.11775 -1.55418 2.70267
      vertex 7.10973 -1.41421 5.20359
      vertex 7.46742 -1.56237 0.0415115
    endloop
  endfacet
  facet normal -0.922044 -0.383456 -0.0528835
    outer loop
      vertex 6.02734 -4.02734 5.20357
      vertex 5.47716 -3.65203 12.0748
      vertex 6.12764 -3.9299 2.74827
    endloop
  endfacet
  facet normal -0.922054 -0.383432 -0.0528857
    outer loop
      vertex 5.47716 -3.65203 12.0748
      vertex 6.02734 -4.02734 5.20357
      vertex 5.44524 -3.6384 12.5325
    endloop
  endfacet
  facet normal -0.922048 -0.383446 -0.0528833
    outer loop
      vertex 6.02734 -4.02734 5.20357
      vertex 6.12764 -3.9299 2.74827
      vertex 6.38502 -4.1755 0.0415115
    endloop
  endfacet
  facet normal 0.922049 0.383444 0.0528844
    outer loop
      vertex 6.15615 -2.54996 30.0643
      vertex 7.10973 -1.41421 5.20359
      vertex 5.56043 -1.10604 29.9815
    endloop
  endfacet
  facet normal 0.92205 0.383441 0.0528843
    outer loop
      vertex 7.10973 -1.41421 5.20359
      vertex 6.15615 -2.54996 30.0643
      vertex 8.22912 -3.40861 0.147281
    endloop
  endfacet
  facet normal 0.922051 0.383439 0.0528853
    outer loop
      vertex 7.10973 -1.41421 5.20359
      vertex 8.22912 -3.40861 0.147281
      vertex 7.46742 -1.56237 0.0415115
    endloop
  endfacet
  facet normal 0.0690975 -0.0286213 -0.997199
    outer loop
      vertex 8.22912 -3.40861 0.147281
      vertex 6.38502 -4.1755 0.0415115
      vertex 7.46742 -1.56237 0.0415115
    endloop
  endfacet
  facet normal 0.0690909 -0.028618 -0.9972
    outer loop
      vertex 7.46742 -1.56237 0.0415115
      vertex 7.26191 -1.86373 0.0359213
      vertex 7.30694 -1.6291 0.0323077
    endloop
  endfacet
  facet normal 0.0696061 -0.0289702 -0.997154
    outer loop
      vertex 7.46742 -1.56237 0.0415115
      vertex 7.26176 -1.8645 0.0359332
      vertex 7.26191 -1.86373 0.0359213
    endloop
  endfacet
  facet normal 0.0690921 -0.0286195 -0.9972
    outer loop
      vertex 7.46742 -1.56237 0.0415115
      vertex 6.97071 -2.75892 0.0414372
      vertex 7.26176 -1.8645 0.0359332
    endloop
  endfacet
  facet normal 0.0658068 -0.0272557 -0.99746
    outer loop
      vertex 7.46742 -1.56237 0.0415115
      vertex 6.97043 -2.75979 0.0414425
      vertex 6.97071 -2.75892 0.0414372
    endloop
  endfacet
  facet normal 0.0688361 -0.028513 -0.99722
    outer loop
      vertex 6.38502 -4.1755 0.0415115
      vertex 6.97043 -2.75979 0.0414425
      vertex 7.46742 -1.56237 0.0415115
    endloop
  endfacet
  facet normal 0.0788852 -0.0326684 -0.996348
    outer loop
      vertex 6.38502 -4.1755 0.0415115
      vertex 6.97005 -2.76061 0.0414393
      vertex 6.97043 -2.75979 0.0414425
    endloop
  endfacet
  facet normal 0.0690884 -0.0286176 -0.9972
    outer loop
      vertex 6.38502 -4.1755 0.0415115
      vertex 6.56979 -3.61177 0.0381349
      vertex 6.97005 -2.76061 0.0414393
    endloop
  endfacet
  facet normal 0.0690962 -0.0286202 -0.997199
    outer loop
      vertex 6.56979 -3.61177 0.0381349
      vertex 6.38502 -4.1755 0.0415115
      vertex 6.31708 -4.01083 0.0320778
    endloop
  endfacet
  facet normal -0.922046 -0.38345 -0.0528828
    outer loop
      vertex 6.38502 -4.1755 0.0415115
      vertex 6.12764 -3.9299 2.74827
      vertex 6.31708 -4.01083 0.0320778
    endloop
  endfacet
  facet normal 0.380851 -0.923123 0.0528844
    outer loop
      vertex 6.02734 -4.02734 5.20357
      vertex 6.15615 -2.54996 30.0643
      vertex 4.7139 -3.14973 29.9815
    endloop
  endfacet
  facet normal 0.380856 -0.923121 0.0528843
    outer loop
      vertex 6.02734 -4.02734 5.20357
      vertex 8.22912 -3.40861 0.147281
      vertex 6.15615 -2.54996 30.0643
    endloop
  endfacet
  facet normal 0.380857 -0.92312 0.0528848
    outer loop
      vertex 8.22912 -3.40861 0.147281
      vertex 6.02734 -4.02734 5.20357
      vertex 6.38502 -4.1755 0.0415115
    endloop
  endfacet
  facet normal 0.948416 0.308172 0.0744068
    outer loop
      vertex 4.88133 1.93265 30
      vertex 5.08792 1.30782 29.9546
      vertex 4.88422 1.9338 29.9584
    endloop
  endfacet
  facet normal 0.948403 0.308148 0.0746775
    outer loop
      vertex 5.08792 1.30782 29.9546
      vertex 4.88133 1.93265 30
      vertex 5.08506 1.30562 30
    endloop
  endfacet
  facet normal 0.949395 0.305098 0.0745988
    outer loop
      vertex 6.97332 2.76093 0
      vertex 6.97043 2.75979 0.0414425
      vertex 6.97071 2.75892 0.0414372
    endloop
  endfacet
  facet normal 0.367092 -0.927184 0.074651
    outer loop
      vertex 2.31763 -7.13292 0
      vertex 3.19204 -6.78343 0.0408908
      vertex 2.31752 -7.12976 0.0397889
    endloop
  endfacet
  facet normal 0.367104 -0.927193 0.0744803
    outer loop
      vertex 3.19204 -6.78343 0.0408908
      vertex 2.31763 -7.13292 0
      vertex 3.19334 -6.7862 0
    endloop
  endfacet
  facet normal 0.365099 -0.927959 0.0747951
    outer loop
      vertex 2.23668 -4.75319 29.9581
      vertex 2.23534 -4.75034 30
      vertex 2.23546 -4.75367 29.9581
    endloop
  endfacet
  facet normal 0.367107 -0.927183 0.0745969
    outer loop
      vertex 2.00658 -4.84431 29.9578
      vertex 2.23534 -4.75034 30
      vertex 1.62234 -4.99305 30
    endloop
  endfacet
  facet normal 0.36708 -0.927182 0.074739
    outer loop
      vertex 2.23534 -4.75034 30
      vertex 2.00658 -4.84431 29.9578
      vertex 2.23546 -4.75367 29.9581
    endloop
  endfacet
  facet normal 0.367102 -0.927191 0.074522
    outer loop
      vertex 2.00658 -4.84431 29.9578
      vertex 1.62234 -4.99305 30
      vertex 1.62333 -4.99609 29.9573
    endloop
  endfacet
  facet normal 0.362445 -0.929 0.0747824
    outer loop
      vertex 2.31752 -7.12976 0.0397889
      vertex 2.3167 -7.13008 0.0397879
      vertex 2.31763 -7.13292 0
    endloop
  endfacet
  facet normal 0.995008 0.0663625 0.0745353
    outer loop
      vertex 7.49689 6.06325e-06 0.0415115
      vertex 7.5 0 0
      vertex 7.49683 0.000910392 0.0415073
    endloop
  endfacet
  facet normal 0.997205 0.00123217 0.0747094
    outer loop
      vertex 7.5 0 0
      vertex 7.49689 6.06325e-06 0.0415115
      vertex 7.49689 0 0.0415116
    endloop
  endfacet
  facet normal 0.995237 0.0626183 0.0747201
    outer loop
      vertex 5.25 0 30
      vertex 5.21201 0.657021 29.9554
      vertex 5.2086 0.657999 30
    endloop
  endfacet
  facet normal 0.995247 0.0626097 0.0745836
    outer loop
      vertex 5.21201 0.657021 29.9554
      vertex 5.25 0 30
      vertex 5.25311 0 29.9585
    endloop
  endfacet
  facet normal 0.995244 0.0626152 0.0746237
    outer loop
      vertex 7.49683 0.000910392 0.0415073
      vertex 7.44086 0.939999 0
      vertex 7.4381 0.93965 0.0371025
    endloop
  endfacet
  facet normal 0.995243 0.0626157 0.0746354
    outer loop
      vertex 7.44086 0.939999 0
      vertex 7.49683 0.000910392 0.0415073
      vertex 7.5 0 0
    endloop
  endfacet
  facet normal 0.995145 0.064111 0.0746803
    outer loop
      vertex 5.21192 0.658418 29.9554
      vertex 5.2086 0.657999 30
      vertex 5.21201 0.657021 29.9554
    endloop
  endfacet
  facet normal 0.948403 -0.308157 0.0746329
    outer loop
      vertex 6.97071 -2.75892 0.0414372
      vertex 7.26437 -1.86517 0
      vertex 7.26176 -1.8645 0.0359332
    endloop
  endfacet
  facet normal 0.9484 -0.308154 0.0746845
    outer loop
      vertex 7.26437 -1.86517 0
      vertex 6.97071 -2.75892 0.0414372
      vertex 6.97332 -2.76093 0
    endloop
  endfacet
  facet normal 0.948118 -0.309016 0.0747016
    outer loop
      vertex 5.08836 -1.30647 29.9546
      vertex 5.08506 -1.30562 30
      vertex 5.08792 -1.30782 29.9546
    endloop
  endfacet
  facet normal -0.768359 0.635644 0.0747136
    outer loop
      vertex -4.25015 3.08791 29.9537
      vertex -3.82708 3.59387 30
      vertex -3.8302 3.595 29.9583
    endloop
  endfacet
  facet normal -0.76836 0.635651 0.0746397
    outer loop
      vertex -3.82708 3.59387 30
      vertex -4.25015 3.08791 29.9537
      vertex -4.24734 3.08587 30
    endloop
  endfacet
  facet normal -0.767477 0.636712 0.074677
    outer loop
      vertex -6.06504 4.40745 0.0346328
      vertex -6.06763 4.40839 0
      vertex -6.06553 4.40686 0.0346274
    endloop
  endfacet
  facet normal -0.948403 -0.308157 0.0746329
    outer loop
      vertex -7.26437 -1.86517 0
      vertex -6.97071 -2.75892 0.0414372
      vertex -7.26176 -1.8645 0.0359332
    endloop
  endfacet
  facet normal -0.9484 -0.308154 0.0746845
    outer loop
      vertex -6.97071 -2.75892 0.0414372
      vertex -7.26437 -1.86517 0
      vertex -6.97332 -2.76093 0
    endloop
  endfacet
  facet normal -0.948118 -0.309016 0.0747016
    outer loop
      vertex -5.08506 -1.30562 30
      vertex -5.08836 -1.30647 29.9546
      vertex -5.08792 -1.30782 29.9546
    endloop
  endfacet
  facet normal 0.586146 0.806761 0.0746375
    outer loop
      vertex 4.77812 5.7771 0.0390201
      vertex 4.78068 5.77885 0
      vertex 4.30135 6.12413 0.0321396
    endloop
  endfacet
  facet normal 0.586146 0.80676 0.0746437
    outer loop
      vertex 4.15873 5.97894 2.72136
      vertex 3.94985 6.14855 2.52844
      vertex 3.64672 5.4577 12.3756
    endloop
  endfacet
  facet normal 0.586147 0.806759 0.0746423
    outer loop
      vertex 4.30135 6.12413 0.0321396
      vertex 3.94985 6.14855 2.52844
      vertex 4.15873 5.97894 2.72136
    endloop
  endfacet
  facet normal 0.586148 0.806758 0.0746425
    outer loop
      vertex 3.94985 6.14855 2.52844
      vertex 4.30135 6.12413 0.0321396
      vertex 4.02667 6.32362 0.0329852
    endloop
  endfacet
  facet normal 0.586146 0.806761 0.0746296
    outer loop
      vertex 4.0187 6.33246 0
      vertex 4.30135 6.12413 0.0321396
      vertex 4.78068 5.77885 0
    endloop
  endfacet
  facet normal 0.586151 0.806762 0.0745834
    outer loop
      vertex 4.30135 6.12413 0.0321396
      vertex 4.0187 6.33246 0
      vertex 4.02667 6.32362 0.0329852
    endloop
  endfacet
  facet normal 0.586243 0.806699 0.0745444
    outer loop
      vertex 4.02667 6.32362 0.0329852
      vertex 4.0187 6.33246 0
      vertex 4.01737 6.33036 0.0331852
    endloop
  endfacet
  facet normal 0.586206 0.80671 0.0747129
    outer loop
      vertex 2.81499 4.43572 29.9527
      vertex 2.81309 4.43272 30
      vertex 2.8162 4.43485 29.9526
    endloop
  endfacet
  facet normal 0.682641 -0.726938 0.0745791
    outer loop
      vertex 4.78068 -5.77885 0
      vertex 5.46501 -5.13199 0.0412356
      vertex 4.77944 -5.77601 0.0390321
    endloop
  endfacet
  facet normal 0.682652 -0.726941 0.0744457
    outer loop
      vertex 5.46501 -5.13199 0.0412356
      vertex 4.78068 -5.77885 0
      vertex 5.46726 -5.1341 0
    endloop
  endfacet
  facet normal 0.685826 -0.723927 0.0746496
    outer loop
      vertex 3.82936 -3.59601 29.9583
      vertex 3.82708 -3.59387 30
      vertex 3.82841 -3.59691 29.9583
    endloop
  endfacet
  facet normal -0.367104 -0.927193 0.0744803
    outer loop
      vertex -2.31763 -7.13292 0
      vertex -3.19204 -6.78343 0.0408908
      vertex -3.19334 -6.7862 0
    endloop
  endfacet
  facet normal -0.367092 -0.927184 0.074651
    outer loop
      vertex -3.19204 -6.78343 0.0408908
      vertex -2.31763 -7.13292 0
      vertex -2.31752 -7.12976 0.0397889
    endloop
  endfacet
  facet normal -0.365099 -0.927959 0.0747951
    outer loop
      vertex -2.23534 -4.75034 30
      vertex -2.23668 -4.75319 29.9581
      vertex -2.23546 -4.75367 29.9581
    endloop
  endfacet
  facet normal -0.979026 -0.189566 0.074646
    outer loop
      vertex -7.26191 -1.86373 0.0359213
      vertex -7.26437 -1.86517 0
      vertex -7.26176 -1.8645 0.0359332
    endloop
  endfacet
  facet normal -0.979541 -0.186855 0.0747307
    outer loop
      vertex -5.14278 -1.02296 29.9502
      vertex -5.2086 -0.657999 30
      vertex -5.21166 -0.659795 29.9554
    endloop
  endfacet
  facet normal -0.97954 -0.186857 0.0747412
    outer loop
      vertex -5.14278 -1.02296 29.9502
      vertex -5.08506 -1.30562 30
      vertex -5.2086 -0.657999 30
    endloop
  endfacet
  facet normal -0.979542 -0.186865 0.0746987
    outer loop
      vertex -5.08506 -1.30562 30
      vertex -5.14278 -1.02296 29.9502
      vertex -5.08836 -1.30647 29.9546
    endloop
  endfacet
  facet normal -0.979542 0.186865 0.0746987
    outer loop
      vertex -5.14278 1.02296 29.9502
      vertex -5.08506 1.30562 30
      vertex -5.08836 1.30647 29.9546
    endloop
  endfacet
  facet normal -0.979541 0.186855 0.0747307
    outer loop
      vertex -5.2086 0.657999 30
      vertex -5.14278 1.02296 29.9502
      vertex -5.21166 0.659795 29.9554
    endloop
  endfacet
  facet normal -0.97954 0.186857 0.0747412
    outer loop
      vertex -5.14278 1.02296 29.9502
      vertex -5.2086 0.657999 30
      vertex -5.08506 1.30562 30
    endloop
  endfacet
  facet normal -0.979026 0.189566 0.074646
    outer loop
      vertex -7.26176 1.8645 0.0359332
      vertex -7.26437 1.86517 0
      vertex -7.26191 1.86373 0.0359213
    endloop
  endfacet
  facet normal 0.902311 0.42458 0.0746099
    outer loop
      vertex 4.60061 2.52921 30
      vertex 4.84907 2.00855 29.9581
      vertex 4.60408 2.52955 29.9561
    endloop
  endfacet
  facet normal 0.902318 0.424599 0.0744219
    outer loop
      vertex 4.88133 1.93265 30
      vertex 4.84907 2.00855 29.9581
      vertex 4.60061 2.52921 30
    endloop
  endfacet
  facet normal 0.902317 0.424599 0.0744228
    outer loop
      vertex 4.84907 2.00855 29.9581
      vertex 4.88133 1.93265 30
      vertex 4.88422 1.9338 29.9584
    endloop
  endfacet
  facet normal 0.904669 0.419528 0.0746277
    outer loop
      vertex 6.97332 2.76093 0
      vertex 6.97005 2.76061 0.0414393
      vertex 6.97043 2.75979 0.0414425
    endloop
  endfacet
  facet normal 0.948118 0.309016 0.0747016
    outer loop
      vertex 5.08792 1.30782 29.9546
      vertex 5.08506 1.30562 30
      vertex 5.08836 1.30647 29.9546
    endloop
  endfacet
  facet normal 0.9484 0.308154 0.0746845
    outer loop
      vertex 6.97071 2.75892 0.0414372
      vertex 7.26437 1.86517 0
      vertex 6.97332 2.76093 0
    endloop
  endfacet
  facet normal 0.948403 0.308157 0.0746329
    outer loop
      vertex 7.26437 1.86517 0
      vertex 6.97071 2.75892 0.0414372
      vertex 7.26176 1.8645 0.0359332
    endloop
  endfacet
  facet normal -0.12498 -0.989347 0.0746486
    outer loop
      vertex -0.983751 -5.15701 30
      vertex -0.331167 -5.24264 29.9577
      vertex -0.32965 -5.23964 30
    endloop
  endfacet
  facet normal -0.124985 -0.989352 0.0745794
    outer loop
      vertex -0.331167 -5.24264 29.9577
      vertex -0.983751 -5.15701 30
      vertex -0.984432 -5.16058 29.9515
    endloop
  endfacet
  facet normal -0.124996 -0.989345 0.0746429
    outer loop
      vertex -1.29239 -6.77494 8.03856
      vertex -1.40536 -7.36715 0
      vertex -1.29435 -7.14759 3.09603
    endloop
  endfacet
  facet normal 0 0.997219 0.0745294
    outer loop
      vertex 0.470928 7.4852 0
      vertex -0.470738 7.48218 0.0404082
      vertex 0.470738 7.48218 0.0404082
    endloop
  endfacet
  facet normal 0 0.997219 0.0745294
    outer loop
      vertex -0.470738 7.48218 0.0404082
      vertex 0.470928 7.4852 0
      vertex -0.470928 7.4852 0
    endloop
  endfacet
  facet normal 0 0.997204 0.0747313
    outer loop
      vertex 0.329849 5.24281 29.9577
      vertex -0.32965 5.23964 30
      vertex 0.32965 5.23964 30
    endloop
  endfacet
  facet normal 0 0.997204 0.0747313
    outer loop
      vertex -0.32965 5.23964 30
      vertex 0.329849 5.24281 29.9577
      vertex -0.329849 5.24281 29.9577
    endloop
  endfacet
  facet normal 0.979549 0.186846 0.0746463
    outer loop
      vertex 7.11775 1.55418 2.70267
      vertex 7.1659 1.28611 2.74182
      vertex 7.37187 1.28884 0.0321351
    endloop
  endfacet
  facet normal 0.97955 0.186845 0.0746432
    outer loop
      vertex 7.1659 1.28611 2.74182
      vertex 7.11775 1.55418 2.70267
      vertex 6.41577 1.27618 12.6107
    endloop
  endfacet
  facet normal 0.979555 0.186847 0.0745731
    outer loop
      vertex 7.30694 1.6291 0.0323077
      vertex 7.26437 1.86517 0
      vertex 7.26191 1.86373 0.0359213
    endloop
  endfacet
  facet normal 0.979542 0.186883 0.0746419
    outer loop
      vertex 7.37187 1.28884 0.0321351
      vertex 7.30694 1.6291 0.0323077
      vertex 7.11775 1.55418 2.70267
    endloop
  endfacet
  facet normal 0.979527 0.18688 0.0748516
    outer loop
      vertex 7.37187 1.28884 0.0321351
      vertex 7.26437 1.86517 0
      vertex 7.30694 1.6291 0.0323077
    endloop
  endfacet
  facet normal 0.979558 0.186865 0.0744821
    outer loop
      vertex 7.37187 1.28884 0.0321351
      vertex 7.44086 0.939999 0
      vertex 7.26437 1.86517 0
    endloop
  endfacet
  facet normal 0.97955 0.18685 0.0746249
    outer loop
      vertex 7.44086 0.939999 0
      vertex 7.37187 1.28884 0.0321351
      vertex 7.4381 0.93965 0.0371025
    endloop
  endfacet
  facet normal 0.979893 0.18502 0.0746809
    outer loop
      vertex 5.21166 0.659795 29.9554
      vertex 5.2086 0.657999 30
      vertex 5.21192 0.658418 29.9554
    endloop
  endfacet
  facet normal -0.995145 -0.064111 0.0746803
    outer loop
      vertex -5.2086 -0.657999 30
      vertex -5.21201 -0.657021 29.9554
      vertex -5.21192 -0.658418 29.9554
    endloop
  endfacet
  facet normal -0.995243 -0.0626152 0.0746355
    outer loop
      vertex -7.5 0 0
      vertex -7.4381 -0.93965 0.0371025
      vertex -7.49683 -0.000910392 0.0415073
    endloop
  endfacet
  facet normal -0.995244 -0.0626157 0.0746237
    outer loop
      vertex -7.4381 -0.93965 0.0371025
      vertex -7.5 0 0
      vertex -7.44086 -0.939999 0
    endloop
  endfacet
  facet normal -0.902311 -0.424603 0.0744807
    outer loop
      vertex -6.97332 -2.76093 0
      vertex -6.56979 -3.61177 0.0381349
      vertex -6.97005 -2.76061 0.0414393
    endloop
  endfacet
  facet normal -0.902297 -0.424584 0.0747528
    outer loop
      vertex -6.56979 -3.61177 0.0381349
      vertex -6.97332 -2.76093 0
      vertex -6.5723 -3.61315 0
    endloop
  endfacet
  facet normal -0.900486 -0.428457 0.0744957
    outer loop
      vertex -4.60061 -2.52921 30
      vertex -4.60408 -2.52955 29.9561
      vertex -4.60349 -2.53079 29.9561
    endloop
  endfacet
  facet normal 0.841954 -0.534362 0.0746427
    outer loop
      vertex 5.53132 -3.72141 10.9672
      vertex 6.12764 -3.9299 2.74827
      vertex 5.47716 -3.65203 12.0748
    endloop
  endfacet
  facet normal 0.84199 -0.534304 0.0746439
    outer loop
      vertex 5.98976 -4.16351 2.63138
      vertex 6.12764 -3.9299 2.74827
      vertex 5.53132 -3.72141 10.9672
    endloop
  endfacet
  facet normal 0.84199 -0.534304 0.0746441
    outer loop
      vertex 6.12764 -3.9299 2.74827
      vertex 5.98976 -4.16351 2.63138
      vertex 6.31708 -4.01083 0.0320778
    endloop
  endfacet
  facet normal 0.841969 -0.534322 0.0747532
    outer loop
      vertex 6.31708 -4.01083 0.0320778
      vertex 6.5723 -3.61315 0
      vertex 6.56979 -3.61177 0.0381349
    endloop
  endfacet
  facet normal 0.841976 -0.534327 0.074641
    outer loop
      vertex 6.13268 -4.30133 0.0325922
      vertex 6.31708 -4.01083 0.0320778
      vertex 5.98976 -4.16351 2.63138
    endloop
  endfacet
  facet normal 0.841973 -0.534325 0.0746953
    outer loop
      vertex 6.06763 -4.40839 0
      vertex 6.31708 -4.01083 0.0320778
      vertex 6.13268 -4.30133 0.0325922
    endloop
  endfacet
  facet normal 0.841942 -0.534352 0.0748475
    outer loop
      vertex 6.06763 -4.40839 0
      vertex 6.13268 -4.30133 0.0325922
      vertex 6.06593 -4.40622 0.034615
    endloop
  endfacet
  facet normal 0.84197 -0.534325 0.0747253
    outer loop
      vertex 6.31708 -4.01083 0.0320778
      vertex 6.06763 -4.40839 0
      vertex 6.5723 -3.61315 0
    endloop
  endfacet
  facet normal 0.846048 -0.527876 0.0745025
    outer loop
      vertex 4.60349 -2.53079 29.9561
      vertex 4.60061 -2.52921 30
      vertex 4.60276 -2.53196 29.9561
    endloop
  endfacet
  facet normal -0.586143 0.806758 0.074687
    outer loop
      vertex -2.91529 4.36305 29.9505
      vertex -3.34648 4.04519 30
      vertex -2.81309 4.43272 30
    endloop
  endfacet
  facet normal -0.58615 0.806751 0.0747111
    outer loop
      vertex -2.91529 4.36305 29.9505
      vertex -2.81309 4.43272 30
      vertex -2.8162 4.43485 29.9526
    endloop
  endfacet
  facet normal -0.586169 0.806759 0.0744667
    outer loop
      vertex -3.34648 4.04519 30
      vertex -2.91529 4.36305 29.9505
      vertex -3.34854 4.04769 29.9567
    endloop
  endfacet
  facet normal -0.592023 0.80244 0.0748293
    outer loop
      vertex -4.77812 5.7771 0.0390201
      vertex -4.78068 5.77885 0
      vertex -4.77881 5.77659 0.0390301
    endloop
  endfacet
  facet normal -0.248002 -0.965872 0.0747393
    outer loop
      vertex -2.3167 -7.13008 0.0397879
      vertex -2.31763 -7.13292 0
      vertex -1.62898 -7.30724 0.0323246
    endloop
  endfacet
  facet normal -0.24798 -0.965885 0.0746428
    outer loop
      vertex -1.40536 -7.36715 0
      vertex -1.55431 -7.12333 2.66021
      vertex -1.62898 -7.30724 0.0323246
    endloop
  endfacet
  facet normal -0.247971 -0.965888 0.0746435
    outer loop
      vertex -1.55431 -7.12333 2.66021
      vertex -1.40536 -7.36715 0
      vertex -1.45092 -6.86868 6.29885
    endloop
  endfacet
  facet normal -0.247997 -0.965889 0.0745355
    outer loop
      vertex -1.40536 -7.36715 0
      vertex -1.62898 -7.30724 0.0323246
      vertex -2.31763 -7.13292 0
    endloop
  endfacet
  facet normal -0.252324 -0.964768 0.0745362
    outer loop
      vertex -1.62234 -4.99305 30
      vertex -1.62333 -4.99609 29.9573
      vertex -1.62203 -4.99643 29.9573
    endloop
  endfacet
  facet normal 0.124995 0.989346 0.0746405
    outer loop
      vertex 1.29456 7.18772 2.56386
      vertex 1.40536 7.36715 0
      vertex 1.29556 7.37856 0.0326373
    endloop
  endfacet
  facet normal 0.125309 0.989305 0.0746512
    outer loop
      vertex 1.40536 7.36715 0
      vertex 1.29456 7.18772 2.56386
      vertex 1.29435 7.14759 3.09603
    endloop
  endfacet
  facet normal 0.124988 0.989349 0.0746138
    outer loop
      vertex 0.470928 7.4852 0
      vertex 1.29556 7.37856 0.0326373
      vertex 1.40536 7.36715 0
    endloop
  endfacet
  facet normal 0.124992 0.989355 0.0745294
    outer loop
      vertex 1.29556 7.37856 0.0326373
      vertex 0.470928 7.4852 0
      vertex 0.470738 7.48218 0.0404082
    endloop
  endfacet
  facet normal 0.127566 0.989012 0.0747176
    outer loop
      vertex 0.329849 5.24281 29.9577
      vertex 0.32965 5.23964 30
      vertex 0.331167 5.24264 29.9577
    endloop
  endfacet
  facet normal 0.995243 -0.0626152 0.0746355
    outer loop
      vertex 7.4381 -0.93965 0.0371025
      vertex 7.5 0 0
      vertex 7.49683 -0.000910392 0.0415073
    endloop
  endfacet
  facet normal 0.995244 -0.0626157 0.0746237
    outer loop
      vertex 7.5 0 0
      vertex 7.4381 -0.93965 0.0371025
      vertex 7.44086 -0.939999 0
    endloop
  endfacet
  facet normal 0.995145 -0.064111 0.0746803
    outer loop
      vertex 5.21201 -0.657021 29.9554
      vertex 5.2086 -0.657999 30
      vertex 5.21192 -0.658418 29.9554
    endloop
  endfacet
  facet normal 0.248002 0.965872 0.0747393
    outer loop
      vertex 2.3167 7.13008 0.0397879
      vertex 2.31763 7.13292 0
      vertex 1.62898 7.30724 0.0323246
    endloop
  endfacet
  facet normal 0.24798 0.965885 0.0746428
    outer loop
      vertex 1.40536 7.36715 0
      vertex 1.55431 7.12333 2.66021
      vertex 1.62898 7.30724 0.0323246
    endloop
  endfacet
  facet normal 0.247971 0.965888 0.0746435
    outer loop
      vertex 1.55431 7.12333 2.66021
      vertex 1.40536 7.36715 0
      vertex 1.45092 6.86868 6.29885
    endloop
  endfacet
  facet normal 0.247997 0.965889 0.0745355
    outer loop
      vertex 1.40536 7.36715 0
      vertex 1.62898 7.30724 0.0323246
      vertex 2.31763 7.13292 0
    endloop
  endfacet
  facet normal 0.252324 0.964768 0.0745362
    outer loop
      vertex 1.62333 4.99609 29.9573
      vertex 1.62203 4.99643 29.9573
      vertex 1.62234 4.99305 30
    endloop
  endfacet
  facet normal 0.682652 0.726941 0.0744457
    outer loop
      vertex 4.78068 5.77885 0
      vertex 5.46501 5.13199 0.0412356
      vertex 5.46726 5.1341 0
    endloop
  endfacet
  facet normal 0.682641 0.726938 0.0745791
    outer loop
      vertex 5.46501 5.13199 0.0412356
      vertex 4.78068 5.77885 0
      vertex 4.77944 5.77601 0.0390321
    endloop
  endfacet
  facet normal 0.685826 0.723927 0.0746496
    outer loop
      vertex 3.82841 3.59691 29.9583
      vertex 3.82708 3.59387 30
      vertex 3.82936 3.59601 29.9583
    endloop
  endfacet
  facet normal 0.367104 0.927193 0.0744803
    outer loop
      vertex 2.31763 7.13292 0
      vertex 3.19204 6.78343 0.0408908
      vertex 3.19334 6.7862 0
    endloop
  endfacet
  facet normal 0.367092 0.927184 0.074651
    outer loop
      vertex 3.19204 6.78343 0.0408908
      vertex 2.31763 7.13292 0
      vertex 2.31752 7.12976 0.0397889
    endloop
  endfacet
  facet normal 0.365099 0.927959 0.0747951
    outer loop
      vertex 2.23546 4.75367 29.9581
      vertex 2.23534 4.75034 30
      vertex 2.23668 4.75319 29.9581
    endloop
  endfacet
  facet normal 0.902297 0.424584 0.0747528
    outer loop
      vertex 6.56979 3.61177 0.0381349
      vertex 6.97332 2.76093 0
      vertex 6.5723 3.61315 0
    endloop
  endfacet
  facet normal 0.902311 0.424603 0.0744807
    outer loop
      vertex 6.97332 2.76093 0
      vertex 6.56979 3.61177 0.0381349
      vertex 6.97005 2.76061 0.0414393
    endloop
  endfacet
  facet normal 0.900486 0.428457 0.0744957
    outer loop
      vertex 4.60349 2.53079 29.9561
      vertex 4.60061 2.52921 30
      vertex 4.60408 2.52955 29.9561
    endloop
  endfacet
  facet normal -0.477986 0.875185 0.0747088
    outer loop
      vertex -2.81369 4.43643 29.9527
      vertex -2.81499 4.43572 29.9527
      vertex -2.81309 4.43272 30
    endloop
  endfacet
  facet normal -0.480419 0.873878 0.0743925
    outer loop
      vertex -3.19334 6.7862 0
      vertex -4.01737 6.33036 0.0331852
      vertex -3.19283 6.783 0.0408835
    endloop
  endfacet
  facet normal -0.480408 0.87387 0.0745534
    outer loop
      vertex -4.01737 6.33036 0.0331852
      vertex -3.19334 6.7862 0
      vertex -4.0187 6.33246 0
    endloop
  endfacet
  facet normal 0.682644 -0.726931 0.0746175
    outer loop
      vertex 3.70904 -3.70904 29.9579
      vertex 3.82708 -3.59387 30
      vertex 3.34648 -4.04519 30
    endloop
  endfacet
  facet normal 0.682608 -0.72695 0.0747673
    outer loop
      vertex 3.82708 -3.59387 30
      vertex 3.70904 -3.70904 29.9579
      vertex 3.82841 -3.59691 29.9583
    endloop
  endfacet
  facet normal 0.682642 -0.726951 0.0744485
    outer loop
      vertex 3.70904 -3.70904 29.9579
      vertex 3.34648 -4.04519 30
      vertex 3.34854 -4.04769 29.9567
    endloop
  endfacet
  facet normal 0.675281 -0.733753 0.0748412
    outer loop
      vertex 4.77944 -5.77601 0.0390321
      vertex 4.77881 -5.77659 0.0390301
      vertex 4.78068 -5.77885 0
    endloop
  endfacet
  facet normal -0.682652 -0.726941 0.0744457
    outer loop
      vertex -4.78068 -5.77885 0
      vertex -5.46501 -5.13199 0.0412356
      vertex -5.46726 -5.1341 0
    endloop
  endfacet
  facet normal -0.682641 -0.726938 0.0745791
    outer loop
      vertex -5.46501 -5.13199 0.0412356
      vertex -4.78068 -5.77885 0
      vertex -4.77944 -5.77601 0.0390321
    endloop
  endfacet
  facet normal -0.685826 -0.723927 0.0746496
    outer loop
      vertex -3.82708 -3.59387 30
      vertex -3.82936 -3.59601 29.9583
      vertex -3.82841 -3.59691 29.9583
    endloop
  endfacet
  facet normal 0.97955 -0.186845 0.0746432
    outer loop
      vertex 7.11775 -1.55418 2.70267
      vertex 7.1659 -1.28611 2.74182
      vertex 6.41577 -1.27618 12.6107
    endloop
  endfacet
  facet normal 0.979549 -0.186846 0.0746463
    outer loop
      vertex 7.1659 -1.28611 2.74182
      vertex 7.11775 -1.55418 2.70267
      vertex 7.37187 -1.28884 0.0321351
    endloop
  endfacet
  facet normal 0.97955 -0.18685 0.0746249
    outer loop
      vertex 7.37187 -1.28884 0.0321351
      vertex 7.44086 -0.939999 0
      vertex 7.4381 -0.93965 0.0371025
    endloop
  endfacet
  facet normal 0.979542 -0.186883 0.0746419
    outer loop
      vertex 7.30694 -1.6291 0.0323077
      vertex 7.37187 -1.28884 0.0321351
      vertex 7.11775 -1.55418 2.70267
    endloop
  endfacet
  facet normal 0.979527 -0.18688 0.0748516
    outer loop
      vertex 7.26437 -1.86517 0
      vertex 7.37187 -1.28884 0.0321351
      vertex 7.30694 -1.6291 0.0323077
    endloop
  endfacet
  facet normal 0.979555 -0.186847 0.0745731
    outer loop
      vertex 7.26437 -1.86517 0
      vertex 7.30694 -1.6291 0.0323077
      vertex 7.26191 -1.86373 0.0359213
    endloop
  endfacet
  facet normal 0.979558 -0.186865 0.0744821
    outer loop
      vertex 7.37187 -1.28884 0.0321351
      vertex 7.26437 -1.86517 0
      vertex 7.44086 -0.939999 0
    endloop
  endfacet
  facet normal 0.979893 -0.18502 0.0746809
    outer loop
      vertex 5.21192 -0.658418 29.9554
      vertex 5.2086 -0.657999 30
      vertex 5.21166 -0.659795 29.9554
    endloop
  endfacet
  facet normal -0.841942 0.534352 0.0748475
    outer loop
      vertex -6.06763 4.40839 0
      vertex -6.13268 4.30133 0.0325922
      vertex -6.06593 4.40622 0.034615
    endloop
  endfacet
  facet normal -0.841976 0.534327 0.074641
    outer loop
      vertex -6.13268 4.30133 0.0325922
      vertex -6.31708 4.01083 0.0320778
      vertex -5.98976 4.16351 2.63138
    endloop
  endfacet
  facet normal -0.841973 0.534325 0.0746953
    outer loop
      vertex -6.06763 4.40839 0
      vertex -6.31708 4.01083 0.0320778
      vertex -6.13268 4.30133 0.0325922
    endloop
  endfacet
  facet normal -0.84197 0.534325 0.0747253
    outer loop
      vertex -6.5723 3.61315 0
      vertex -6.31708 4.01083 0.0320778
      vertex -6.06763 4.40839 0
    endloop
  endfacet
  facet normal -0.841969 0.534322 0.0747532
    outer loop
      vertex -6.31708 4.01083 0.0320778
      vertex -6.5723 3.61315 0
      vertex -6.56979 3.61177 0.0381349
    endloop
  endfacet
  facet normal -0.84199 0.534304 0.0746441
    outer loop
      vertex -6.12764 3.9299 2.74827
      vertex -5.98976 4.16351 2.63138
      vertex -6.31708 4.01083 0.0320778
    endloop
  endfacet
  facet normal -0.84199 0.534304 0.0746439
    outer loop
      vertex -6.12764 3.9299 2.74827
      vertex -5.53132 3.72141 10.9672
      vertex -5.98976 4.16351 2.63138
    endloop
  endfacet
  facet normal -0.841954 0.534362 0.0746427
    outer loop
      vertex -5.53132 3.72141 10.9672
      vertex -6.12764 3.9299 2.74827
      vertex -5.47716 3.65203 12.0748
    endloop
  endfacet
  facet normal -0.846048 0.527876 0.0745025
    outer loop
      vertex -4.60276 2.53196 29.9561
      vertex -4.60349 2.53079 29.9561
      vertex -4.60061 2.52921 30
    endloop
  endfacet
  facet normal 0.592023 0.80244 0.0748293
    outer loop
      vertex 4.78068 5.77885 0
      vertex 4.77812 5.7771 0.0390201
      vertex 4.77881 5.77659 0.0390301
    endloop
  endfacet
  facet normal 0.586169 0.806759 0.0744667
    outer loop
      vertex 2.91529 4.36305 29.9505
      vertex 3.34648 4.04519 30
      vertex 3.34854 4.04769 29.9567
    endloop
  endfacet
  facet normal 0.586143 0.806758 0.074687
    outer loop
      vertex 3.34648 4.04519 30
      vertex 2.91529 4.36305 29.9505
      vertex 2.81309 4.43272 30
    endloop
  endfacet
  facet normal 0.58615 0.806751 0.0747111
    outer loop
      vertex 2.81309 4.43272 30
      vertex 2.91529 4.36305 29.9505
      vertex 2.8162 4.43485 29.9526
    endloop
  endfacet
  facet normal 0.902317 -0.424599 0.0744228
    outer loop
      vertex 4.88133 -1.93265 30
      vertex 4.84907 -2.00855 29.9581
      vertex 4.88422 -1.9338 29.9584
    endloop
  endfacet
  facet normal 0.902318 -0.424599 0.0744219
    outer loop
      vertex 4.60061 -2.52921 30
      vertex 4.84907 -2.00855 29.9581
      vertex 4.88133 -1.93265 30
    endloop
  endfacet
  facet normal 0.902311 -0.42458 0.0746099
    outer loop
      vertex 4.84907 -2.00855 29.9581
      vertex 4.60061 -2.52921 30
      vertex 4.60408 -2.52955 29.9561
    endloop
  endfacet
  facet normal 0.904669 -0.419528 0.0746277
    outer loop
      vertex 6.97043 -2.75979 0.0414425
      vertex 6.97005 -2.76061 0.0414393
      vertex 6.97332 -2.76093 0
    endloop
  endfacet
  facet normal 0.124996 0.989345 0.0746429
    outer loop
      vertex 1.29435 7.14759 3.09603
      vertex 1.29239 6.77494 8.03856
      vertex 1.40536 7.36715 0
    endloop
  endfacet
  facet normal 0.12498 0.989347 0.0746486
    outer loop
      vertex 0.983751 5.15701 30
      vertex 0.331167 5.24264 29.9577
      vertex 0.32965 5.23964 30
    endloop
  endfacet
  facet normal 0.124985 0.989352 0.0745794
    outer loop
      vertex 0.331167 5.24264 29.9577
      vertex 0.983751 5.15701 30
      vertex 0.984432 5.16058 29.9515
    endloop
  endfacet
  facet normal -0.841969 -0.534322 0.0747532
    outer loop
      vertex -6.5723 -3.61315 0
      vertex -6.31708 -4.01083 0.0320778
      vertex -6.56979 -3.61177 0.0381349
    endloop
  endfacet
  facet normal -0.841976 -0.534327 0.074641
    outer loop
      vertex -6.31708 -4.01083 0.0320778
      vertex -6.13268 -4.30133 0.0325922
      vertex -5.98976 -4.16351 2.63138
    endloop
  endfacet
  facet normal -0.84197 -0.534325 0.0747253
    outer loop
      vertex -6.06763 -4.40839 0
      vertex -6.31708 -4.01083 0.0320778
      vertex -6.5723 -3.61315 0
    endloop
  endfacet
  facet normal -0.841973 -0.534325 0.0746953
    outer loop
      vertex -6.31708 -4.01083 0.0320778
      vertex -6.06763 -4.40839 0
      vertex -6.13268 -4.30133 0.0325922
    endloop
  endfacet
  facet normal -0.841942 -0.534352 0.0748475
    outer loop
      vertex -6.13268 -4.30133 0.0325922
      vertex -6.06763 -4.40839 0
      vertex -6.06593 -4.40622 0.034615
    endloop
  endfacet
  facet normal -0.841954 -0.534362 0.0746427
    outer loop
      vertex -6.12764 -3.9299 2.74827
      vertex -5.53132 -3.72141 10.9672
      vertex -5.47716 -3.65203 12.0748
    endloop
  endfacet
  facet normal -0.84199 -0.534304 0.0746441
    outer loop
      vertex -5.98976 -4.16351 2.63138
      vertex -6.12764 -3.9299 2.74827
      vertex -6.31708 -4.01083 0.0320778
    endloop
  endfacet
  facet normal -0.84199 -0.534304 0.0746439
    outer loop
      vertex -6.12764 -3.9299 2.74827
      vertex -5.98976 -4.16351 2.63138
      vertex -5.53132 -3.72141 10.9672
    endloop
  endfacet
  facet normal -0.846048 -0.527876 0.0745025
    outer loop
      vertex -4.60061 -2.52921 30
      vertex -4.60349 -2.53079 29.9561
      vertex -4.60276 -2.53196 29.9561
    endloop
  endfacet
  facet normal 0.902311 -0.424603 0.0744807
    outer loop
      vertex 6.56979 -3.61177 0.0381349
      vertex 6.97332 -2.76093 0
      vertex 6.97005 -2.76061 0.0414393
    endloop
  endfacet
  facet normal 0.902297 -0.424584 0.0747528
    outer loop
      vertex 6.97332 -2.76093 0
      vertex 6.56979 -3.61177 0.0381349
      vertex 6.5723 -3.61315 0
    endloop
  endfacet
  facet normal 0.900486 -0.428457 0.0744957
    outer loop
      vertex 4.60408 -2.52955 29.9561
      vertex 4.60061 -2.52921 30
      vertex 4.60349 -2.53079 29.9561
    endloop
  endfacet
  facet normal -0.248011 0.965877 0.0746438
    outer loop
      vertex -1.29239 6.77494 8.03856
      vertex -1.45092 6.86868 6.29885
      vertex -1.28497 6.45996 12.139
    endloop
  endfacet
  facet normal -0.247998 0.965881 0.0746428
    outer loop
      vertex -1.45092 6.86868 6.29885
      vertex -1.29239 6.77494 8.03856
      vertex -1.40536 7.36715 0
    endloop
  endfacet
  facet normal -0.247993 0.965878 0.0746936
    outer loop
      vertex -1.02447 5.15036 29.9508
      vertex -1.62234 4.99305 30
      vertex -0.983751 5.15701 30
    endloop
  endfacet
  facet normal -0.247862 0.96592 0.07458
    outer loop
      vertex -1.02447 5.15036 29.9508
      vertex -0.983751 5.15701 30
      vertex -0.984432 5.16058 29.9515
    endloop
  endfacet
  facet normal -0.247996 0.96588 0.0746556
    outer loop
      vertex -1.62234 4.99305 30
      vertex -1.02447 5.15036 29.9508
      vertex -1.62203 4.99643 29.9573
    endloop
  endfacet
  facet normal -0.995247 -0.0626097 0.0745836
    outer loop
      vertex -5.21201 -0.657021 29.9554
      vertex -5.25 0 30
      vertex -5.25311 0 29.9585
    endloop
  endfacet
  facet normal -0.995237 -0.0626183 0.0747201
    outer loop
      vertex -5.25 0 30
      vertex -5.21201 -0.657021 29.9554
      vertex -5.2086 -0.657999 30
    endloop
  endfacet
  facet normal -0.997205 -0.00123217 0.0747094
    outer loop
      vertex -7.5 0 0
      vertex -7.49689 -6.06325e-06 0.0415115
      vertex -7.49689 0 0.0415116
    endloop
  endfacet
  facet normal -0.995008 -0.0663625 0.0745353
    outer loop
      vertex -7.49689 -6.06325e-06 0.0415115
      vertex -7.5 0 0
      vertex -7.49683 -0.000910392 0.0415073
    endloop
  endfacet
  facet normal -0.124992 0.989355 0.0745294
    outer loop
      vertex -0.470738 7.48218 0.0404082
      vertex -0.470928 7.4852 0
      vertex -1.29556 7.37856 0.0326373
    endloop
  endfacet
  facet normal -0.125309 0.989305 0.0746512
    outer loop
      vertex -1.29456 7.18772 2.56386
      vertex -1.40536 7.36715 0
      vertex -1.29435 7.14759 3.09603
    endloop
  endfacet
  facet normal -0.124995 0.989346 0.0746405
    outer loop
      vertex -1.29556 7.37856 0.0326373
      vertex -1.40536 7.36715 0
      vertex -1.29456 7.18772 2.56386
    endloop
  endfacet
  facet normal -0.124988 0.989349 0.0746138
    outer loop
      vertex -1.40536 7.36715 0
      vertex -1.29556 7.37856 0.0326373
      vertex -0.470928 7.4852 0
    endloop
  endfacet
  facet normal -0.127566 0.989012 0.0747176
    outer loop
      vertex -0.329849 5.24281 29.9577
      vertex -0.331167 5.24264 29.9577
      vertex -0.32965 5.23964 30
    endloop
  endfacet
  facet normal -0.367107 0.927183 0.0745969
    outer loop
      vertex -2.00658 4.84431 29.9578
      vertex -2.23534 4.75034 30
      vertex -1.62234 4.99305 30
    endloop
  endfacet
  facet normal -0.36708 0.927182 0.074739
    outer loop
      vertex -2.23534 4.75034 30
      vertex -2.00658 4.84431 29.9578
      vertex -2.23546 4.75367 29.9581
    endloop
  endfacet
  facet normal -0.367102 0.927191 0.074522
    outer loop
      vertex -2.00658 4.84431 29.9578
      vertex -1.62234 4.99305 30
      vertex -1.62333 4.99609 29.9573
    endloop
  endfacet
  facet normal -0.362445 0.929 0.0747824
    outer loop
      vertex -2.3167 7.13008 0.0397879
      vertex -2.31763 7.13292 0
      vertex -2.31752 7.12976 0.0397889
    endloop
  endfacet
  facet normal 0.979542 0.186865 0.0746987
    outer loop
      vertex 5.08506 1.30562 30
      vertex 5.14278 1.02296 29.9502
      vertex 5.08836 1.30647 29.9546
    endloop
  endfacet
  facet normal 0.97954 0.186857 0.0747412
    outer loop
      vertex 5.2086 0.657999 30
      vertex 5.14278 1.02296 29.9502
      vertex 5.08506 1.30562 30
    endloop
  endfacet
  facet normal 0.979541 0.186855 0.0747307
    outer loop
      vertex 5.14278 1.02296 29.9502
      vertex 5.2086 0.657999 30
      vertex 5.21166 0.659795 29.9554
    endloop
  endfacet
  facet normal 0.979026 0.189566 0.074646
    outer loop
      vertex 7.26437 1.86517 0
      vertex 7.26176 1.8645 0.0359332
      vertex 7.26191 1.86373 0.0359213
    endloop
  endfacet
  facet normal 0.675281 0.733753 0.0748412
    outer loop
      vertex 4.78068 5.77885 0
      vertex 4.77881 5.77659 0.0390301
      vertex 4.77944 5.77601 0.0390321
    endloop
  endfacet
  facet normal 0.682608 0.72695 0.0747673
    outer loop
      vertex 3.70904 3.70904 29.9579
      vertex 3.82708 3.59387 30
      vertex 3.82841 3.59691 29.9583
    endloop
  endfacet
  facet normal 0.682644 0.726931 0.0746175
    outer loop
      vertex 3.82708 3.59387 30
      vertex 3.70904 3.70904 29.9579
      vertex 3.34648 4.04519 30
    endloop
  endfacet
  facet normal 0.682642 0.726951 0.0744485
    outer loop
      vertex 3.34648 4.04519 30
      vertex 3.70904 3.70904 29.9579
      vertex 3.34854 4.04769 29.9567
    endloop
  endfacet
  facet normal 0.252324 -0.964768 0.0745362
    outer loop
      vertex 1.62234 -4.99305 30
      vertex 1.62203 -4.99643 29.9573
      vertex 1.62333 -4.99609 29.9573
    endloop
  endfacet
  facet normal 0.247971 -0.965888 0.0746435
    outer loop
      vertex 1.40536 -7.36715 0
      vertex 1.55431 -7.12333 2.66021
      vertex 1.45092 -6.86868 6.29885
    endloop
  endfacet
  facet normal 0.24798 -0.965885 0.0746428
    outer loop
      vertex 1.55431 -7.12333 2.66021
      vertex 1.40536 -7.36715 0
      vertex 1.62898 -7.30724 0.0323246
    endloop
  endfacet
  facet normal 0.247997 -0.965889 0.0745355
    outer loop
      vertex 2.31763 -7.13292 0
      vertex 1.62898 -7.30724 0.0323246
      vertex 1.40536 -7.36715 0
    endloop
  endfacet
  facet normal 0.248002 -0.965872 0.0747393
    outer loop
      vertex 1.62898 -7.30724 0.0323246
      vertex 2.31763 -7.13292 0
      vertex 2.3167 -7.13008 0.0397879
    endloop
  endfacet
  facet normal 0.248011 0.965877 0.0746438
    outer loop
      vertex 1.45092 6.86868 6.29885
      vertex 1.29239 6.77494 8.03856
      vertex 1.28497 6.45996 12.139
    endloop
  endfacet
  facet normal 0.247998 0.965881 0.0746428
    outer loop
      vertex 1.29239 6.77494 8.03856
      vertex 1.45092 6.86868 6.29885
      vertex 1.40536 7.36715 0
    endloop
  endfacet
  facet normal 0.247996 0.96588 0.0746556
    outer loop
      vertex 1.02447 5.15036 29.9508
      vertex 1.62234 4.99305 30
      vertex 1.62203 4.99643 29.9573
    endloop
  endfacet
  facet normal 0.247993 0.965878 0.0746936
    outer loop
      vertex 1.62234 4.99305 30
      vertex 1.02447 5.15036 29.9508
      vertex 0.983751 5.15701 30
    endloop
  endfacet
  facet normal 0.247862 0.96592 0.07458
    outer loop
      vertex 0.983751 5.15701 30
      vertex 1.02447 5.15036 29.9508
      vertex 0.984432 5.16058 29.9515
    endloop
  endfacet
  facet normal 0.125309 -0.989305 0.0746512
    outer loop
      vertex 1.29456 -7.18772 2.56386
      vertex 1.40536 -7.36715 0
      vertex 1.29435 -7.14759 3.09603
    endloop
  endfacet
  facet normal 0.124995 -0.989346 0.0746405
    outer loop
      vertex 1.29556 -7.37856 0.0326373
      vertex 1.40536 -7.36715 0
      vertex 1.29456 -7.18772 2.56386
    endloop
  endfacet
  facet normal 0.124988 -0.989349 0.0746138
    outer loop
      vertex 1.40536 -7.36715 0
      vertex 1.29556 -7.37856 0.0326373
      vertex 0.470928 -7.4852 0
    endloop
  endfacet
  facet normal 0.124992 -0.989355 0.0745294
    outer loop
      vertex 0.470738 -7.48218 0.0404082
      vertex 0.470928 -7.4852 0
      vertex 1.29556 -7.37856 0.0326373
    endloop
  endfacet
  facet normal 0.127566 -0.989012 0.0747176
    outer loop
      vertex 0.331167 -5.24264 29.9577
      vertex 0.32965 -5.23964 30
      vertex 0.329849 -5.24281 29.9577
    endloop
  endfacet
  facet normal 0.997205 -0.00123217 0.0747094
    outer loop
      vertex 7.49689 -6.06325e-06 0.0415115
      vertex 7.5 0 0
      vertex 7.49689 0 0.0415116
    endloop
  endfacet
  facet normal 0.995008 -0.0663625 0.0745353
    outer loop
      vertex 7.5 0 0
      vertex 7.49689 -6.06325e-06 0.0415115
      vertex 7.49683 -0.000910392 0.0415073
    endloop
  endfacet
  facet normal 0.995247 -0.0626097 0.0745836
    outer loop
      vertex 5.25 0 30
      vertex 5.21201 -0.657021 29.9554
      vertex 5.25311 0 29.9585
    endloop
  endfacet
  facet normal 0.995237 -0.0626183 0.0747201
    outer loop
      vertex 5.21201 -0.657021 29.9554
      vertex 5.25 0 30
      vertex 5.2086 -0.657999 30
    endloop
  endfacet
  facet normal -0.97955 -0.18685 0.0746249
    outer loop
      vertex -7.44086 -0.939999 0
      vertex -7.37187 -1.28884 0.0321351
      vertex -7.4381 -0.93965 0.0371025
    endloop
  endfacet
  facet normal -0.979542 -0.186883 0.0746419
    outer loop
      vertex -7.37187 -1.28884 0.0321351
      vertex -7.30694 -1.6291 0.0323077
      vertex -7.11775 -1.55418 2.70267
    endloop
  endfacet
  facet normal -0.979558 -0.186865 0.0744821
    outer loop
      vertex -7.26437 -1.86517 0
      vertex -7.37187 -1.28884 0.0321351
      vertex -7.44086 -0.939999 0
    endloop
  endfacet
  facet normal -0.979527 -0.18688 0.0748516
    outer loop
      vertex -7.37187 -1.28884 0.0321351
      vertex -7.26437 -1.86517 0
      vertex -7.30694 -1.6291 0.0323077
    endloop
  endfacet
  facet normal -0.979555 -0.186847 0.0745731
    outer loop
      vertex -7.30694 -1.6291 0.0323077
      vertex -7.26437 -1.86517 0
      vertex -7.26191 -1.86373 0.0359213
    endloop
  endfacet
  facet normal -0.979549 -0.186846 0.0746463
    outer loop
      vertex -7.11775 -1.55418 2.70267
      vertex -7.1659 -1.28611 2.74182
      vertex -7.37187 -1.28884 0.0321351
    endloop
  endfacet
  facet normal -0.97955 -0.186845 0.0746432
    outer loop
      vertex -7.1659 -1.28611 2.74182
      vertex -7.11775 -1.55418 2.70267
      vertex -6.41577 -1.27618 12.6107
    endloop
  endfacet
  facet normal -0.979893 -0.18502 0.0746809
    outer loop
      vertex -5.2086 -0.657999 30
      vertex -5.21192 -0.658418 29.9554
      vertex -5.21166 -0.659795 29.9554
    endloop
  endfacet
  facet normal -0.362445 -0.929 0.0747824
    outer loop
      vertex -2.31752 -7.12976 0.0397889
      vertex -2.31763 -7.13292 0
      vertex -2.3167 -7.13008 0.0397879
    endloop
  endfacet
  facet normal -0.36708 -0.927182 0.074739
    outer loop
      vertex -2.00658 -4.84431 29.9578
      vertex -2.23534 -4.75034 30
      vertex -2.23546 -4.75367 29.9581
    endloop
  endfacet
  facet normal -0.367107 -0.927183 0.0745969
    outer loop
      vertex -2.23534 -4.75034 30
      vertex -2.00658 -4.84431 29.9578
      vertex -1.62234 -4.99305 30
    endloop
  endfacet
  facet normal -0.367102 -0.927191 0.074522
    outer loop
      vertex -1.62234 -4.99305 30
      vertex -2.00658 -4.84431 29.9578
      vertex -1.62333 -4.99609 29.9573
    endloop
  endfacet
  facet normal -0.682608 -0.72695 0.0747673
    outer loop
      vertex -3.70904 -3.70904 29.9579
      vertex -3.82708 -3.59387 30
      vertex -3.82841 -3.59691 29.9583
    endloop
  endfacet
  facet normal -0.682644 -0.726931 0.0746175
    outer loop
      vertex -3.82708 -3.59387 30
      vertex -3.70904 -3.70904 29.9579
      vertex -3.34648 -4.04519 30
    endloop
  endfacet
  facet normal -0.682642 -0.726951 0.0744485
    outer loop
      vertex -3.34648 -4.04519 30
      vertex -3.70904 -3.70904 29.9579
      vertex -3.34854 -4.04769 29.9567
    endloop
  endfacet
  facet normal -0.675281 -0.733753 0.0748412
    outer loop
      vertex -4.77944 -5.77601 0.0390321
      vertex -4.78068 -5.77885 0
      vertex -4.77881 -5.77659 0.0390301
    endloop
  endfacet
  facet normal 0.362445 0.929 0.0747824
    outer loop
      vertex 2.31763 7.13292 0
      vertex 2.3167 7.13008 0.0397879
      vertex 2.31752 7.12976 0.0397889
    endloop
  endfacet
  facet normal 0.36708 0.927182 0.074739
    outer loop
      vertex 2.00658 4.84431 29.9578
      vertex 2.23534 4.75034 30
      vertex 2.23546 4.75367 29.9581
    endloop
  endfacet
  facet normal 0.367107 0.927183 0.0745969
    outer loop
      vertex 2.23534 4.75034 30
      vertex 2.00658 4.84431 29.9578
      vertex 1.62234 4.99305 30
    endloop
  endfacet
  facet normal 0.367102 0.927191 0.074522
    outer loop
      vertex 1.62234 4.99305 30
      vertex 2.00658 4.84431 29.9578
      vertex 1.62333 4.99609 29.9573
    endloop
  endfacet
  facet normal 0.12498 -0.989347 0.0746486
    outer loop
      vertex 0.331167 -5.24264 29.9577
      vertex 0.983751 -5.15701 30
      vertex 0.32965 -5.23964 30
    endloop
  endfacet
  facet normal 0.124985 -0.989352 0.0745794
    outer loop
      vertex 0.983751 -5.15701 30
      vertex 0.331167 -5.24264 29.9577
      vertex 0.984432 -5.16058 29.9515
    endloop
  endfacet
  facet normal 0.124996 -0.989345 0.0746429
    outer loop
      vertex 1.40536 -7.36715 0
      vertex 1.29239 -6.77494 8.03856
      vertex 1.29435 -7.14759 3.09603
    endloop
  endfacet
  facet normal 0.247993 -0.965878 0.0746936
    outer loop
      vertex 1.02447 -5.15036 29.9508
      vertex 1.62234 -4.99305 30
      vertex 0.983751 -5.15701 30
    endloop
  endfacet
  facet normal 0.247862 -0.96592 0.07458
    outer loop
      vertex 1.02447 -5.15036 29.9508
      vertex 0.983751 -5.15701 30
      vertex 0.984432 -5.16058 29.9515
    endloop
  endfacet
  facet normal 0.247996 -0.96588 0.0746556
    outer loop
      vertex 1.62234 -4.99305 30
      vertex 1.02447 -5.15036 29.9508
      vertex 1.62203 -4.99643 29.9573
    endloop
  endfacet
  facet normal 0.248011 -0.965877 0.0746438
    outer loop
      vertex 1.29239 -6.77494 8.03856
      vertex 1.45092 -6.86868 6.29885
      vertex 1.28497 -6.45996 12.139
    endloop
  endfacet
  facet normal 0.247998 -0.965881 0.0746428
    outer loop
      vertex 1.45092 -6.86868 6.29885
      vertex 1.29239 -6.77494 8.03856
      vertex 1.40536 -7.36715 0
    endloop
  endfacet
  facet normal -0.124995 -0.989346 0.0746405
    outer loop
      vertex -1.29456 -7.18772 2.56386
      vertex -1.40536 -7.36715 0
      vertex -1.29556 -7.37856 0.0326373
    endloop
  endfacet
  facet normal -0.125309 -0.989305 0.0746512
    outer loop
      vertex -1.40536 -7.36715 0
      vertex -1.29456 -7.18772 2.56386
      vertex -1.29435 -7.14759 3.09603
    endloop
  endfacet
  facet normal -0.124988 -0.989349 0.0746138
    outer loop
      vertex -0.470928 -7.4852 0
      vertex -1.29556 -7.37856 0.0326373
      vertex -1.40536 -7.36715 0
    endloop
  endfacet
  facet normal -0.124992 -0.989355 0.0745294
    outer loop
      vertex -1.29556 -7.37856 0.0326373
      vertex -0.470928 -7.4852 0
      vertex -0.470738 -7.48218 0.0404082
    endloop
  endfacet
  facet normal -0.127566 -0.989012 0.0747176
    outer loop
      vertex -0.32965 -5.23964 30
      vertex -0.331167 -5.24264 29.9577
      vertex -0.329849 -5.24281 29.9577
    endloop
  endfacet
  facet normal -0.948416 0.308172 0.0744068
    outer loop
      vertex -5.08792 1.30782 29.9546
      vertex -4.88133 1.93265 30
      vertex -4.88422 1.9338 29.9584
    endloop
  endfacet
  facet normal -0.948403 0.308148 0.0746775
    outer loop
      vertex -4.88133 1.93265 30
      vertex -5.08792 1.30782 29.9546
      vertex -5.08506 1.30562 30
    endloop
  endfacet
  facet normal -0.949395 0.305098 0.0745988
    outer loop
      vertex -6.97043 2.75979 0.0414425
      vertex -6.97332 2.76093 0
      vertex -6.97071 2.75892 0.0414372
    endloop
  endfacet
  facet normal 0.768369 0.635661 0.0744521
    outer loop
      vertex 5.46501 5.13199 0.0412356
      vertex 6.06763 4.40839 0
      vertex 5.46726 5.1341 0
    endloop
  endfacet
  facet normal 0.768362 0.63564 0.0747141
    outer loop
      vertex 6.06763 4.40839 0
      vertex 5.46501 5.13199 0.0412356
      vertex 6.06504 4.40745 0.0346328
    endloop
  endfacet
  facet normal 0.7667 0.637651 0.0746439
    outer loop
      vertex 3.82936 3.59601 29.9583
      vertex 3.82708 3.59387 30
      vertex 3.8302 3.595 29.9583
    endloop
  endfacet
  facet normal -0.685826 0.723927 0.0746496
    outer loop
      vertex -3.82841 3.59691 29.9583
      vertex -3.82936 3.59601 29.9583
      vertex -3.82708 3.59387 30
    endloop
  endfacet
  facet normal -0.682641 0.726938 0.0745791
    outer loop
      vertex -4.78068 5.77885 0
      vertex -5.46501 5.13199 0.0412356
      vertex -4.77944 5.77601 0.0390321
    endloop
  endfacet
  facet normal -0.682652 0.726941 0.0744457
    outer loop
      vertex -5.46501 5.13199 0.0412356
      vertex -4.78068 5.77885 0
      vertex -5.46726 5.1341 0
    endloop
  endfacet
  facet normal 0.477276 -0.875591 0.0744873
    outer loop
      vertex 3.19283 -6.783 0.0408835
      vertex 3.19204 -6.78343 0.0408908
      vertex 3.19334 -6.7862 0
    endloop
  endfacet
  facet normal 0.480403 -0.873852 0.0748024
    outer loop
      vertex 2.23668 -4.75319 29.9581
      vertex 2.81309 -4.43272 30
      vertex 2.23534 -4.75034 30
    endloop
  endfacet
  facet normal 0.480418 -0.873858 0.0746356
    outer loop
      vertex 2.81309 -4.43272 30
      vertex 2.23668 -4.75319 29.9581
      vertex 2.81369 -4.43643 29.9527
    endloop
  endfacet
  facet normal 0.84199 0.534304 0.0746441
    outer loop
      vertex 5.98976 4.16351 2.63138
      vertex 6.12764 3.9299 2.74827
      vertex 6.31708 4.01083 0.0320778
    endloop
  endfacet
  facet normal 0.84199 0.534304 0.0746439
    outer loop
      vertex 5.53132 3.72141 10.9672
      vertex 6.12764 3.9299 2.74827
      vertex 5.98976 4.16351 2.63138
    endloop
  endfacet
  facet normal 0.841954 0.534362 0.0746427
    outer loop
      vertex 6.12764 3.9299 2.74827
      vertex 5.53132 3.72141 10.9672
      vertex 5.47716 3.65203 12.0748
    endloop
  endfacet
  facet normal 0.841942 0.534352 0.0748475
    outer loop
      vertex 6.13268 4.30133 0.0325922
      vertex 6.06763 4.40839 0
      vertex 6.06593 4.40622 0.034615
    endloop
  endfacet
  facet normal 0.841976 0.534327 0.074641
    outer loop
      vertex 6.31708 4.01083 0.0320778
      vertex 6.13268 4.30133 0.0325922
      vertex 5.98976 4.16351 2.63138
    endloop
  endfacet
  facet normal 0.841973 0.534325 0.0746953
    outer loop
      vertex 6.31708 4.01083 0.0320778
      vertex 6.06763 4.40839 0
      vertex 6.13268 4.30133 0.0325922
    endloop
  endfacet
  facet normal 0.84197 0.534325 0.0747253
    outer loop
      vertex 6.31708 4.01083 0.0320778
      vertex 6.5723 3.61315 0
      vertex 6.06763 4.40839 0
    endloop
  endfacet
  facet normal 0.841969 0.534322 0.0747532
    outer loop
      vertex 6.5723 3.61315 0
      vertex 6.31708 4.01083 0.0320778
      vertex 6.56979 3.61177 0.0381349
    endloop
  endfacet
  facet normal 0.846048 0.527876 0.0745025
    outer loop
      vertex 4.60276 2.53196 29.9561
      vertex 4.60061 2.52921 30
      vertex 4.60349 2.53079 29.9561
    endloop
  endfacet
  facet normal -0.768362 -0.63564 0.0747141
    outer loop
      vertex -6.06763 -4.40839 0
      vertex -5.46501 -5.13199 0.0412356
      vertex -6.06504 -4.40745 0.0346328
    endloop
  endfacet
  facet normal -0.768369 -0.635661 0.0744521
    outer loop
      vertex -5.46501 -5.13199 0.0412356
      vertex -6.06763 -4.40839 0
      vertex -5.46726 -5.1341 0
    endloop
  endfacet
  facet normal -0.7667 -0.637651 0.0746439
    outer loop
      vertex -3.82708 -3.59387 30
      vertex -3.8302 -3.595 29.9583
      vertex -3.82936 -3.59601 29.9583
    endloop
  endfacet
  facet normal -0.948118 0.309016 0.0747016
    outer loop
      vertex -5.08792 1.30782 29.9546
      vertex -5.08836 1.30647 29.9546
      vertex -5.08506 1.30562 30
    endloop
  endfacet
  facet normal -0.9484 0.308154 0.0746845
    outer loop
      vertex -7.26437 1.86517 0
      vertex -6.97071 2.75892 0.0414372
      vertex -6.97332 2.76093 0
    endloop
  endfacet
  facet normal -0.948403 0.308157 0.0746329
    outer loop
      vertex -6.97071 2.75892 0.0414372
      vertex -7.26437 1.86517 0
      vertex -7.26176 1.8645 0.0359332
    endloop
  endfacet
  facet normal 0 -0.997219 0.0745294
    outer loop
      vertex -0.470928 -7.4852 0
      vertex 0.470738 -7.48218 0.0404082
      vertex -0.470738 -7.48218 0.0404082
    endloop
  endfacet
  facet normal 0 -0.997219 0.0745294
    outer loop
      vertex 0.470738 -7.48218 0.0404082
      vertex -0.470928 -7.4852 0
      vertex 0.470928 -7.4852 0
    endloop
  endfacet
  facet normal 0 -0.997204 0.0747313
    outer loop
      vertex -0.329849 -5.24281 29.9577
      vertex 0.32965 -5.23964 30
      vertex -0.32965 -5.23964 30
    endloop
  endfacet
  facet normal 0 -0.997204 0.0747313
    outer loop
      vertex 0.32965 -5.23964 30
      vertex -0.329849 -5.24281 29.9577
      vertex 0.329849 -5.24281 29.9577
    endloop
  endfacet
  facet normal -0.902311 0.42458 0.0746099
    outer loop
      vertex -4.84907 2.00855 29.9581
      vertex -4.60061 2.52921 30
      vertex -4.60408 2.52955 29.9561
    endloop
  endfacet
  facet normal -0.902317 0.424599 0.0744228
    outer loop
      vertex -4.88133 1.93265 30
      vertex -4.84907 2.00855 29.9581
      vertex -4.88422 1.9338 29.9584
    endloop
  endfacet
  facet normal -0.902318 0.424599 0.0744219
    outer loop
      vertex -4.84907 2.00855 29.9581
      vertex -4.88133 1.93265 30
      vertex -4.60061 2.52921 30
    endloop
  endfacet
  facet normal -0.904669 0.419528 0.0746277
    outer loop
      vertex -6.97005 2.76061 0.0414393
      vertex -6.97332 2.76093 0
      vertex -6.97043 2.75979 0.0414425
    endloop
  endfacet
  facet normal -0.995247 0.0626097 0.0745836
    outer loop
      vertex -5.25 0 30
      vertex -5.21201 0.657021 29.9554
      vertex -5.25311 0 29.9585
    endloop
  endfacet
  facet normal -0.995237 0.0626183 0.0747201
    outer loop
      vertex -5.21201 0.657021 29.9554
      vertex -5.25 0 30
      vertex -5.2086 0.657999 30
    endloop
  endfacet
  facet normal -0.995008 0.0663625 0.0745353
    outer loop
      vertex -7.5 0 0
      vertex -7.49689 6.06325e-06 0.0415115
      vertex -7.49683 0.000910392 0.0415073
    endloop
  endfacet
  facet normal -0.997205 0.00123217 0.0747094
    outer loop
      vertex -7.49689 6.06325e-06 0.0415115
      vertex -7.5 0 0
      vertex -7.49689 0 0.0415116
    endloop
  endfacet
  facet normal 0.480419 -0.873878 0.0743925
    outer loop
      vertex 3.19334 -6.7862 0
      vertex 4.01737 -6.33036 0.0331852
      vertex 3.19283 -6.783 0.0408835
    endloop
  endfacet
  facet normal 0.480408 -0.87387 0.0745534
    outer loop
      vertex 4.01737 -6.33036 0.0331852
      vertex 3.19334 -6.7862 0
      vertex 4.0187 -6.33246 0
    endloop
  endfacet
  facet normal 0.477986 -0.875185 0.0747088
    outer loop
      vertex 2.81499 -4.43572 29.9527
      vertex 2.81309 -4.43272 30
      vertex 2.81369 -4.43643 29.9527
    endloop
  endfacet
  facet normal 0.768362 -0.63564 0.0747141
    outer loop
      vertex 5.46501 -5.13199 0.0412356
      vertex 6.06763 -4.40839 0
      vertex 6.06504 -4.40745 0.0346328
    endloop
  endfacet
  facet normal 0.768369 -0.635661 0.0744521
    outer loop
      vertex 6.06763 -4.40839 0
      vertex 5.46501 -5.13199 0.0412356
      vertex 5.46726 -5.1341 0
    endloop
  endfacet
  facet normal 0.7667 -0.637651 0.0746439
    outer loop
      vertex 3.8302 -3.595 29.9583
      vertex 3.82708 -3.59387 30
      vertex 3.82936 -3.59601 29.9583
    endloop
  endfacet
  facet normal -0.247971 0.965888 0.0746435
    outer loop
      vertex -1.40536 7.36715 0
      vertex -1.55431 7.12333 2.66021
      vertex -1.45092 6.86868 6.29885
    endloop
  endfacet
  facet normal -0.24798 0.965885 0.0746428
    outer loop
      vertex -1.55431 7.12333 2.66021
      vertex -1.40536 7.36715 0
      vertex -1.62898 7.30724 0.0323246
    endloop
  endfacet
  facet normal -0.247997 0.965889 0.0745355
    outer loop
      vertex -2.31763 7.13292 0
      vertex -1.62898 7.30724 0.0323246
      vertex -1.40536 7.36715 0
    endloop
  endfacet
  facet normal -0.248002 0.965872 0.0747393
    outer loop
      vertex -1.62898 7.30724 0.0323246
      vertex -2.31763 7.13292 0
      vertex -2.3167 7.13008 0.0397879
    endloop
  endfacet
  facet normal -0.252324 0.964768 0.0745362
    outer loop
      vertex -1.62203 4.99643 29.9573
      vertex -1.62333 4.99609 29.9573
      vertex -1.62234 4.99305 30
    endloop
  endfacet
  facet normal 0.586151 -0.806762 0.0745834
    outer loop
      vertex 4.02667 -6.32362 0.0329852
      vertex 4.0187 -6.33246 0
      vertex 4.30135 -6.12413 0.0321396
    endloop
  endfacet
  facet normal 0.586243 -0.806699 0.0745444
    outer loop
      vertex 4.0187 -6.33246 0
      vertex 4.02667 -6.32362 0.0329852
      vertex 4.01737 -6.33036 0.0331852
    endloop
  endfacet
  facet normal 0.586146 -0.80676 0.0746437
    outer loop
      vertex 3.94985 -6.14855 2.52844
      vertex 4.15873 -5.97894 2.72136
      vertex 3.64672 -5.4577 12.3756
    endloop
  endfacet
  facet normal 0.586148 -0.806758 0.0746425
    outer loop
      vertex 4.30135 -6.12413 0.0321396
      vertex 3.94985 -6.14855 2.52844
      vertex 4.02667 -6.32362 0.0329852
    endloop
  endfacet
  facet normal 0.586147 -0.806759 0.0746423
    outer loop
      vertex 3.94985 -6.14855 2.52844
      vertex 4.30135 -6.12413 0.0321396
      vertex 4.15873 -5.97894 2.72136
    endloop
  endfacet
  facet normal 0.586146 -0.806761 0.0746296
    outer loop
      vertex 4.78068 -5.77885 0
      vertex 4.30135 -6.12413 0.0321396
      vertex 4.0187 -6.33246 0
    endloop
  endfacet
  facet normal 0.586146 -0.806761 0.0746375
    outer loop
      vertex 4.30135 -6.12413 0.0321396
      vertex 4.78068 -5.77885 0
      vertex 4.77812 -5.7771 0.0390201
    endloop
  endfacet
  facet normal 0.586206 -0.80671 0.0747129
    outer loop
      vertex 2.8162 -4.43485 29.9526
      vertex 2.81309 -4.43272 30
      vertex 2.81499 -4.43572 29.9527
    endloop
  endfacet
  facet normal 0.949395 -0.305098 0.0745988
    outer loop
      vertex 6.97071 -2.75892 0.0414372
      vertex 6.97043 -2.75979 0.0414425
      vertex 6.97332 -2.76093 0
    endloop
  endfacet
  facet normal 0.948403 -0.308148 0.0746775
    outer loop
      vertex 4.88133 -1.93265 30
      vertex 5.08792 -1.30782 29.9546
      vertex 5.08506 -1.30562 30
    endloop
  endfacet
  facet normal 0.948416 -0.308172 0.0744068
    outer loop
      vertex 5.08792 -1.30782 29.9546
      vertex 4.88133 -1.93265 30
      vertex 4.88422 -1.9338 29.9584
    endloop
  endfacet
  facet normal -0.247996 -0.96588 0.0746556
    outer loop
      vertex -1.02447 -5.15036 29.9508
      vertex -1.62234 -4.99305 30
      vertex -1.62203 -4.99643 29.9573
    endloop
  endfacet
  facet normal -0.247993 -0.965878 0.0746936
    outer loop
      vertex -1.62234 -4.99305 30
      vertex -1.02447 -5.15036 29.9508
      vertex -0.983751 -5.15701 30
    endloop
  endfacet
  facet normal -0.247862 -0.96592 0.07458
    outer loop
      vertex -0.983751 -5.15701 30
      vertex -1.02447 -5.15036 29.9508
      vertex -0.984432 -5.16058 29.9515
    endloop
  endfacet
  facet normal -0.248011 -0.965877 0.0746438
    outer loop
      vertex -1.45092 -6.86868 6.29885
      vertex -1.29239 -6.77494 8.03856
      vertex -1.28497 -6.45996 12.139
    endloop
  endfacet
  facet normal -0.247998 -0.965881 0.0746428
    outer loop
      vertex -1.29239 -6.77494 8.03856
      vertex -1.45092 -6.86868 6.29885
      vertex -1.40536 -7.36715 0
    endloop
  endfacet
  facet normal -0.948403 -0.308148 0.0746775
    outer loop
      vertex -5.08792 -1.30782 29.9546
      vertex -4.88133 -1.93265 30
      vertex -5.08506 -1.30562 30
    endloop
  endfacet
  facet normal -0.948416 -0.308172 0.0744068
    outer loop
      vertex -4.88133 -1.93265 30
      vertex -5.08792 -1.30782 29.9546
      vertex -4.88422 -1.9338 29.9584
    endloop
  endfacet
  facet normal -0.949395 -0.305098 0.0745988
    outer loop
      vertex -6.97071 -2.75892 0.0414372
      vertex -6.97332 -2.76093 0
      vertex -6.97043 -2.75979 0.0414425
    endloop
  endfacet
  facet normal -0.841955 -0.534351 0.0747077
    outer loop
      vertex -4.3609 -2.91386 29.9503
      vertex -4.60061 -2.52921 30
      vertex -4.60276 -2.53196 29.9561
    endloop
  endfacet
  facet normal -0.841979 -0.53434 0.074512
    outer loop
      vertex -4.3609 -2.91386 29.9503
      vertex -4.24734 -3.08587 30
      vertex -4.60061 -2.52921 30
    endloop
  endfacet
  facet normal -0.841988 -0.534308 0.0746431
    outer loop
      vertex -4.24734 -3.08587 30
      vertex -4.3609 -2.91386 29.9503
      vertex -4.25015 -3.08791 29.9537
    endloop
  endfacet
  facet normal -0.846283 -0.527481 0.0746299
    outer loop
      vertex -6.06593 -4.40622 0.034615
      vertex -6.06763 -4.40839 0
      vertex -6.06553 -4.40686 0.0346274
    endloop
  endfacet
  facet normal -0.842118 -0.534104 0.0746346
    outer loop
      vertex -5.47716 -3.65203 12.0748
      vertex -5.53132 -3.72141 10.9672
      vertex -5.44524 -3.6384 12.5325
    endloop
  endfacet
  facet normal -0.902317 -0.424599 0.0744228
    outer loop
      vertex -4.84907 -2.00855 29.9581
      vertex -4.88133 -1.93265 30
      vertex -4.88422 -1.9338 29.9584
    endloop
  endfacet
  facet normal -0.902318 -0.424599 0.0744219
    outer loop
      vertex -4.84907 -2.00855 29.9581
      vertex -4.60061 -2.52921 30
      vertex -4.88133 -1.93265 30
    endloop
  endfacet
  facet normal -0.902311 -0.42458 0.0746099
    outer loop
      vertex -4.60061 -2.52921 30
      vertex -4.84907 -2.00855 29.9581
      vertex -4.60408 -2.52955 29.9561
    endloop
  endfacet
  facet normal -0.904669 -0.419528 0.0746277
    outer loop
      vertex -6.97043 -2.75979 0.0414425
      vertex -6.97332 -2.76093 0
      vertex -6.97005 -2.76061 0.0414393
    endloop
  endfacet
  facet normal -0.586146 -0.806761 0.0746375
    outer loop
      vertex -4.77812 -5.7771 0.0390201
      vertex -4.78068 -5.77885 0
      vertex -4.30135 -6.12413 0.0321396
    endloop
  endfacet
  facet normal -0.586146 -0.80676 0.0746437
    outer loop
      vertex -4.15873 -5.97894 2.72136
      vertex -3.94985 -6.14855 2.52844
      vertex -3.64672 -5.4577 12.3756
    endloop
  endfacet
  facet normal -0.586147 -0.806759 0.0746423
    outer loop
      vertex -4.30135 -6.12413 0.0321396
      vertex -3.94985 -6.14855 2.52844
      vertex -4.15873 -5.97894 2.72136
    endloop
  endfacet
  facet normal -0.586148 -0.806758 0.0746425
    outer loop
      vertex -3.94985 -6.14855 2.52844
      vertex -4.30135 -6.12413 0.0321396
      vertex -4.02667 -6.32362 0.0329852
    endloop
  endfacet
  facet normal -0.586146 -0.806761 0.0746296
    outer loop
      vertex -4.0187 -6.33246 0
      vertex -4.30135 -6.12413 0.0321396
      vertex -4.78068 -5.77885 0
    endloop
  endfacet
  facet normal -0.586151 -0.806762 0.0745834
    outer loop
      vertex -4.30135 -6.12413 0.0321396
      vertex -4.0187 -6.33246 0
      vertex -4.02667 -6.32362 0.0329852
    endloop
  endfacet
  facet normal -0.586243 -0.806699 0.0745444
    outer loop
      vertex -4.02667 -6.32362 0.0329852
      vertex -4.0187 -6.33246 0
      vertex -4.01737 -6.33036 0.0331852
    endloop
  endfacet
  facet normal -0.586206 -0.80671 0.0747129
    outer loop
      vertex -2.81309 -4.43272 30
      vertex -2.8162 -4.43485 29.9526
      vertex -2.81499 -4.43572 29.9527
    endloop
  endfacet
  facet normal -0.124996 0.989345 0.0746429
    outer loop
      vertex -1.29435 7.14759 3.09603
      vertex -1.40536 7.36715 0
      vertex -1.29239 6.77494 8.03856
    endloop
  endfacet
  facet normal -0.12498 0.989347 0.0746486
    outer loop
      vertex -0.331167 5.24264 29.9577
      vertex -0.983751 5.15701 30
      vertex -0.32965 5.23964 30
    endloop
  endfacet
  facet normal -0.124985 0.989352 0.0745794
    outer loop
      vertex -0.983751 5.15701 30
      vertex -0.331167 5.24264 29.9577
      vertex -0.984432 5.16058 29.9515
    endloop
  endfacet
  facet normal 0.979026 -0.189566 0.074646
    outer loop
      vertex 7.26191 -1.86373 0.0359213
      vertex 7.26176 -1.8645 0.0359332
      vertex 7.26437 -1.86517 0
    endloop
  endfacet
  facet normal 0.979541 -0.186855 0.0747307
    outer loop
      vertex 5.2086 -0.657999 30
      vertex 5.14278 -1.02296 29.9502
      vertex 5.21166 -0.659795 29.9554
    endloop
  endfacet
  facet normal 0.97954 -0.186857 0.0747412
    outer loop
      vertex 5.08506 -1.30562 30
      vertex 5.14278 -1.02296 29.9502
      vertex 5.2086 -0.657999 30
    endloop
  endfacet
  facet normal 0.979542 -0.186865 0.0746987
    outer loop
      vertex 5.14278 -1.02296 29.9502
      vertex 5.08506 -1.30562 30
      vertex 5.08836 -1.30647 29.9546
    endloop
  endfacet
  facet normal 0.841955 -0.534351 0.0747077
    outer loop
      vertex 4.60061 -2.52921 30
      vertex 4.3609 -2.91386 29.9503
      vertex 4.60276 -2.53196 29.9561
    endloop
  endfacet
  facet normal 0.841979 -0.53434 0.074512
    outer loop
      vertex 4.24734 -3.08587 30
      vertex 4.3609 -2.91386 29.9503
      vertex 4.60061 -2.52921 30
    endloop
  endfacet
  facet normal 0.841988 -0.534308 0.0746431
    outer loop
      vertex 4.3609 -2.91386 29.9503
      vertex 4.24734 -3.08587 30
      vertex 4.25015 -3.08791 29.9537
    endloop
  endfacet
  facet normal 0.846283 -0.527481 0.0746299
    outer loop
      vertex 6.06593 -4.40622 0.034615
      vertex 6.06553 -4.40686 0.0346274
      vertex 6.06763 -4.40839 0
    endloop
  endfacet
  facet normal 0.842118 -0.534104 0.0746346
    outer loop
      vertex 5.47716 -3.65203 12.0748
      vertex 5.44524 -3.6384 12.5325
      vertex 5.53132 -3.72141 10.9672
    endloop
  endfacet
  facet normal -0.586169 -0.806759 0.0744667
    outer loop
      vertex -2.91529 -4.36305 29.9505
      vertex -3.34648 -4.04519 30
      vertex -3.34854 -4.04769 29.9567
    endloop
  endfacet
  facet normal -0.586143 -0.806758 0.074687
    outer loop
      vertex -3.34648 -4.04519 30
      vertex -2.91529 -4.36305 29.9505
      vertex -2.81309 -4.43272 30
    endloop
  endfacet
  facet normal -0.58615 -0.806751 0.0747111
    outer loop
      vertex -2.81309 -4.43272 30
      vertex -2.91529 -4.36305 29.9505
      vertex -2.8162 -4.43485 29.9526
    endloop
  endfacet
  facet normal -0.592023 -0.80244 0.0748293
    outer loop
      vertex -4.77881 -5.77659 0.0390301
      vertex -4.78068 -5.77885 0
      vertex -4.77812 -5.7771 0.0390201
    endloop
  endfacet
  facet normal 0.767477 0.636712 0.074677
    outer loop
      vertex 6.06763 4.40839 0
      vertex 6.06504 4.40745 0.0346328
      vertex 6.06553 4.40686 0.0346274
    endloop
  endfacet
  facet normal 0.768359 0.635644 0.0747136
    outer loop
      vertex 3.82708 3.59387 30
      vertex 4.25015 3.08791 29.9537
      vertex 3.8302 3.595 29.9583
    endloop
  endfacet
  facet normal 0.76836 0.635651 0.0746397
    outer loop
      vertex 4.25015 3.08791 29.9537
      vertex 3.82708 3.59387 30
      vertex 4.24734 3.08587 30
    endloop
  endfacet
  facet normal 0.846283 0.527481 0.0746299
    outer loop
      vertex 6.06763 4.40839 0
      vertex 6.06553 4.40686 0.0346274
      vertex 6.06593 4.40622 0.034615
    endloop
  endfacet
  facet normal 0.841988 0.534308 0.0746431
    outer loop
      vertex 4.24734 3.08587 30
      vertex 4.3609 2.91386 29.9503
      vertex 4.25015 3.08791 29.9537
    endloop
  endfacet
  facet normal 0.841979 0.53434 0.074512
    outer loop
      vertex 4.60061 2.52921 30
      vertex 4.3609 2.91386 29.9503
      vertex 4.24734 3.08587 30
    endloop
  endfacet
  facet normal 0.841955 0.534351 0.0747077
    outer loop
      vertex 4.3609 2.91386 29.9503
      vertex 4.60061 2.52921 30
      vertex 4.60276 2.53196 29.9561
    endloop
  endfacet
  facet normal 0.842118 0.534104 0.0746346
    outer loop
      vertex 5.53132 3.72141 10.9672
      vertex 5.44524 3.6384 12.5325
      vertex 5.47716 3.65203 12.0748
    endloop
  endfacet
  facet normal -0.7667 0.637651 0.0746439
    outer loop
      vertex -3.82936 3.59601 29.9583
      vertex -3.8302 3.595 29.9583
      vertex -3.82708 3.59387 30
    endloop
  endfacet
  facet normal -0.768369 0.635661 0.0744521
    outer loop
      vertex -6.06763 4.40839 0
      vertex -5.46501 5.13199 0.0412356
      vertex -5.46726 5.1341 0
    endloop
  endfacet
  facet normal -0.768362 0.63564 0.0747141
    outer loop
      vertex -5.46501 5.13199 0.0412356
      vertex -6.06763 4.40839 0
      vertex -6.06504 4.40745 0.0346328
    endloop
  endfacet
  facet normal -0.682644 0.726931 0.0746175
    outer loop
      vertex -3.70904 3.70904 29.9579
      vertex -3.82708 3.59387 30
      vertex -3.34648 4.04519 30
    endloop
  endfacet
  facet normal -0.682608 0.72695 0.0747673
    outer loop
      vertex -3.82708 3.59387 30
      vertex -3.70904 3.70904 29.9579
      vertex -3.82841 3.59691 29.9583
    endloop
  endfacet
  facet normal -0.682642 0.726951 0.0744485
    outer loop
      vertex -3.70904 3.70904 29.9579
      vertex -3.34648 4.04519 30
      vertex -3.34854 4.04769 29.9567
    endloop
  endfacet
  facet normal -0.675281 0.733753 0.0748412
    outer loop
      vertex -4.77881 5.77659 0.0390301
      vertex -4.78068 5.77885 0
      vertex -4.77944 5.77601 0.0390321
    endloop
  endfacet
  facet normal 0.480403 0.873852 0.0748024
    outer loop
      vertex 2.81309 4.43272 30
      vertex 2.23668 4.75319 29.9581
      vertex 2.23534 4.75034 30
    endloop
  endfacet
  facet normal 0.480418 0.873858 0.0746356
    outer loop
      vertex 2.23668 4.75319 29.9581
      vertex 2.81309 4.43272 30
      vertex 2.81369 4.43643 29.9527
    endloop
  endfacet
  facet normal 0.477276 0.875591 0.0744873
    outer loop
      vertex 3.19334 6.7862 0
      vertex 3.19204 6.78343 0.0408908
      vertex 3.19283 6.783 0.0408835
    endloop
  endfacet
  facet normal 0.480408 0.87387 0.0745534
    outer loop
      vertex 3.19334 6.7862 0
      vertex 4.01737 6.33036 0.0331852
      vertex 4.0187 6.33246 0
    endloop
  endfacet
  facet normal 0.480419 0.873878 0.0743925
    outer loop
      vertex 4.01737 6.33036 0.0331852
      vertex 3.19334 6.7862 0
      vertex 3.19283 6.783 0.0408835
    endloop
  endfacet
  facet normal 0.477986 0.875185 0.0747088
    outer loop
      vertex 2.81369 4.43643 29.9527
      vertex 2.81309 4.43272 30
      vertex 2.81499 4.43572 29.9527
    endloop
  endfacet
  facet normal 0.586143 -0.806758 0.074687
    outer loop
      vertex 2.91529 -4.36305 29.9505
      vertex 3.34648 -4.04519 30
      vertex 2.81309 -4.43272 30
    endloop
  endfacet
  facet normal 0.58615 -0.806751 0.0747111
    outer loop
      vertex 2.91529 -4.36305 29.9505
      vertex 2.81309 -4.43272 30
      vertex 2.8162 -4.43485 29.9526
    endloop
  endfacet
  facet normal 0.586169 -0.806759 0.0744667
    outer loop
      vertex 3.34648 -4.04519 30
      vertex 2.91529 -4.36305 29.9505
      vertex 3.34854 -4.04769 29.9567
    endloop
  endfacet
  facet normal 0.592023 -0.80244 0.0748293
    outer loop
      vertex 4.77881 -5.77659 0.0390301
      vertex 4.77812 -5.7771 0.0390201
      vertex 4.78068 -5.77885 0
    endloop
  endfacet
  facet normal 0 0 -1
    outer loop
      vertex 3.075 0 0
      vertex 7.5 0 0
      vertex 7.44086 -0.939999 0
    endloop
  endfacet
  facet normal 0 0 -1
    outer loop
      vertex 2.9245 -0.950227 0
      vertex 7.44086 -0.939999 0
      vertex 7.26437 -1.86517 0
    endloop
  endfacet
  facet normal 0 0 -1
    outer loop
      vertex 7.5 0 0
      vertex 3.075 0 0
      vertex 7.44086 0.939999 0
    endloop
  endfacet
  facet normal 0 0 -1
    outer loop
      vertex 2.9245 -0.950227 0
      vertex 7.26437 -1.86517 0
      vertex 6.97332 -2.76093 0
    endloop
  endfacet
  facet normal 0 0 -1
    outer loop
      vertex 2.9245 0.950227 0
      vertex 7.44086 0.939999 0
      vertex 3.075 0 0
    endloop
  endfacet
  facet normal 0 0 -1
    outer loop
      vertex 2.9245 -0.950227 0
      vertex 6.97332 -2.76093 0
      vertex 6.5723 -3.61315 0
    endloop
  endfacet
  facet normal 0 0 -1
    outer loop
      vertex 7.44086 0.939999 0
      vertex 2.9245 0.950227 0
      vertex 7.26437 1.86517 0
    endloop
  endfacet
  facet normal 0 0 -1
    outer loop
      vertex 2.48773 -1.80744 0
      vertex 6.5723 -3.61315 0
      vertex 6.06763 -4.40839 0
    endloop
  endfacet
  facet normal -0 0 -1
    outer loop
      vertex 7.26437 1.86517 0
      vertex 2.9245 0.950227 0
      vertex 6.97332 2.76093 0
    endloop
  endfacet
  facet normal 0 0 -1
    outer loop
      vertex 2.48773 -1.80744 0
      vertex 6.06763 -4.40839 0
      vertex 5.46726 -5.1341 0
    endloop
  endfacet
  facet normal -0 0 -1
    outer loop
      vertex 6.97332 2.76093 0
      vertex 2.9245 0.950227 0
      vertex 6.5723 3.61315 0
    endloop
  endfacet
  facet normal 0 0 -1
    outer loop
      vertex 1.80744 -2.48773 0
      vertex 5.46726 -5.1341 0
      vertex 4.78068 -5.77885 0
    endloop
  endfacet
  facet normal 0 0 -1
    outer loop
      vertex 2.48773 1.80744 0
      vertex 6.5723 3.61315 0
      vertex 2.9245 0.950227 0
    endloop
  endfacet
  facet normal 0 0 -1
    outer loop
      vertex 1.80744 -2.48773 0
      vertex 4.78068 -5.77885 0
      vertex 4.0187 -6.33246 0
    endloop
  endfacet
  facet normal -0 0 -1
    outer loop
      vertex 6.5723 3.61315 0
      vertex 2.48773 1.80744 0
      vertex 6.06763 4.40839 0
    endloop
  endfacet
  facet normal 0 0 -1
    outer loop
      vertex 1.80744 -2.48773 0
      vertex 4.0187 -6.33246 0
      vertex 3.19334 -6.7862 0
    endloop
  endfacet
  facet normal -0 0 -1
    outer loop
      vertex 6.06763 4.40839 0
      vertex 2.48773 1.80744 0
      vertex 5.46726 5.1341 0
    endloop
  endfacet
  facet normal 0 0 -1
    outer loop
      vertex 1.80744 2.48773 0
      vertex 5.46726 5.1341 0
      vertex 2.48773 1.80744 0
    endloop
  endfacet
  facet normal -0 0 -1
    outer loop
      vertex 7.44086 -0.939999 0
      vertex 2.9245 -0.950227 0
      vertex 3.075 0 0
    endloop
  endfacet
  facet normal 0 0 -1
    outer loop
      vertex 6.5723 -3.61315 0
      vertex 2.48773 -1.80744 0
      vertex 2.9245 -0.950227 0
    endloop
  endfacet
  facet normal 0 0 -1
    outer loop
      vertex 0.950227 -2.9245 0
      vertex 3.19334 -6.7862 0
      vertex 2.31763 -7.13292 0
    endloop
  endfacet
  facet normal 0 0 -1
    outer loop
      vertex 5.46726 -5.1341 0
      vertex 1.80744 -2.48773 0
      vertex 2.48773 -1.80744 0
    endloop
  endfacet
  facet normal 0 0 -1
    outer loop
      vertex 0.950227 -2.9245 0
      vertex 2.31763 -7.13292 0
      vertex 1.40536 -7.36715 0
    endloop
  endfacet
  facet normal 0 0 -1
    outer loop
      vertex 3.19334 -6.7862 0
      vertex 0.950227 -2.9245 0
      vertex 1.80744 -2.48773 0
    endloop
  endfacet
  facet normal 0 0 -1
    outer loop
      vertex 0 -3.075 0
      vertex 1.40536 -7.36715 0
      vertex 0.470928 -7.4852 0
    endloop
  endfacet
  facet normal 0 0 -1
    outer loop
      vertex 1.40536 -7.36715 0
      vertex 0 -3.075 0
      vertex 0.950227 -2.9245 0
    endloop
  endfacet
  facet normal 0 0 -1
    outer loop
      vertex -0.470928 -7.4852 0
      vertex 0 -3.075 0
      vertex 0.470928 -7.4852 0
    endloop
  endfacet
  facet normal 0 0 -1
    outer loop
      vertex -1.40536 -7.36715 0
      vertex 0 -3.075 0
      vertex -0.470928 -7.4852 0
    endloop
  endfacet
  facet normal -0 0 -1
    outer loop
      vertex 0 -3.075 0
      vertex -1.40536 -7.36715 0
      vertex -0.950227 -2.9245 0
    endloop
  endfacet
  facet normal 0 0 -1
    outer loop
      vertex -2.31763 -7.13292 0
      vertex -0.950227 -2.9245 0
      vertex -1.40536 -7.36715 0
    endloop
  endfacet
  facet normal 0 0 -1
    outer loop
      vertex -3.19334 -6.7862 0
      vertex -0.950227 -2.9245 0
      vertex -2.31763 -7.13292 0
    endloop
  endfacet
  facet normal -0 0 -1
    outer loop
      vertex -0.950227 -2.9245 0
      vertex -3.19334 -6.7862 0
      vertex -1.80744 -2.48773 0
    endloop
  endfacet
  facet normal 0 0 -1
    outer loop
      vertex -4.0187 -6.33246 0
      vertex -1.80744 -2.48773 0
      vertex -3.19334 -6.7862 0
    endloop
  endfacet
  facet normal 0 0 -1
    outer loop
      vertex -4.78068 -5.77885 0
      vertex -1.80744 -2.48773 0
      vertex -4.0187 -6.33246 0
    endloop
  endfacet
  facet normal 0 0 -1
    outer loop
      vertex -5.46726 -5.1341 0
      vertex -1.80744 -2.48773 0
      vertex -4.78068 -5.77885 0
    endloop
  endfacet
  facet normal -0 0 -1
    outer loop
      vertex 5.46726 5.1341 0
      vertex 1.80744 2.48773 0
      vertex 4.78068 5.77885 0
    endloop
  endfacet
  facet normal -0 0 -1
    outer loop
      vertex 4.78068 5.77885 0
      vertex 1.80744 2.48773 0
      vertex 4.0187 6.33246 0
    endloop
  endfacet
  facet normal -0 0 -1
    outer loop
      vertex 4.0187 6.33246 0
      vertex 1.80744 2.48773 0
      vertex 3.19334 6.7862 0
    endloop
  endfacet
  facet normal 0 0 -1
    outer loop
      vertex 0.950227 2.9245 0
      vertex 3.19334 6.7862 0
      vertex 1.80744 2.48773 0
    endloop
  endfacet
  facet normal -0 0 -1
    outer loop
      vertex 3.19334 6.7862 0
      vertex 0.950227 2.9245 0
      vertex 2.31763 7.13292 0
    endloop
  endfacet
  facet normal -0 0 -1
    outer loop
      vertex 2.31763 7.13292 0
      vertex 0.950227 2.9245 0
      vertex 1.40536 7.36715 0
    endloop
  endfacet
  facet normal 0 0 -1
    outer loop
      vertex 0 3.075 0
      vertex 1.40536 7.36715 0
      vertex 0.950227 2.9245 0
    endloop
  endfacet
  facet normal -0 0 -1
    outer loop
      vertex 1.40536 7.36715 0
      vertex 0 3.075 0
      vertex 0.470928 7.4852 0
    endloop
  endfacet
  facet normal 0 0 -1
    outer loop
      vertex 0 3.075 0
      vertex -0.470928 7.4852 0
      vertex 0.470928 7.4852 0
    endloop
  endfacet
  facet normal 0 0 -1
    outer loop
      vertex -1.40536 7.36715 0
      vertex 0 3.075 0
      vertex -0.950227 2.9245 0
    endloop
  endfacet
  facet normal 0 0 -1
    outer loop
      vertex 0 3.075 0
      vertex -1.40536 7.36715 0
      vertex -0.470928 7.4852 0
    endloop
  endfacet
  facet normal 0 0 -1
    outer loop
      vertex -3.19334 6.7862 0
      vertex -0.950227 2.9245 0
      vertex -1.80744 2.48773 0
    endloop
  endfacet
  facet normal 0 0 -1
    outer loop
      vertex -0.950227 2.9245 0
      vertex -2.31763 7.13292 0
      vertex -1.40536 7.36715 0
    endloop
  endfacet
  facet normal 0 0 -1
    outer loop
      vertex -5.46726 5.1341 0
      vertex -1.80744 2.48773 0
      vertex -2.48773 1.80744 0
    endloop
  endfacet
  facet normal 0 0 -1
    outer loop
      vertex -6.5723 3.61315 0
      vertex -2.48773 1.80744 0
      vertex -2.9245 0.950227 0
    endloop
  endfacet
  facet normal 0 0 -1
    outer loop
      vertex -7.44086 0.939999 0
      vertex -2.9245 0.950227 0
      vertex -3.075 0 0
    endloop
  endfacet
  facet normal 0 0 -1
    outer loop
      vertex -0.950227 2.9245 0
      vertex -3.19334 6.7862 0
      vertex -2.31763 7.13292 0
    endloop
  endfacet
  facet normal -0 0 -1
    outer loop
      vertex -1.80744 -2.48773 0
      vertex -5.46726 -5.1341 0
      vertex -2.48773 -1.80744 0
    endloop
  endfacet
  facet normal 0 0 -1
    outer loop
      vertex -6.06763 -4.40839 0
      vertex -2.48773 -1.80744 0
      vertex -5.46726 -5.1341 0
    endloop
  endfacet
  facet normal 0 0 -1
    outer loop
      vertex -1.80744 2.48773 0
      vertex -4.0187 6.33246 0
      vertex -3.19334 6.7862 0
    endloop
  endfacet
  facet normal 0 0 -1
    outer loop
      vertex -6.5723 -3.61315 0
      vertex -2.48773 -1.80744 0
      vertex -6.06763 -4.40839 0
    endloop
  endfacet
  facet normal 0 0 -1
    outer loop
      vertex -1.80744 2.48773 0
      vertex -4.78068 5.77885 0
      vertex -4.0187 6.33246 0
    endloop
  endfacet
  facet normal -0 0 -1
    outer loop
      vertex -2.48773 -1.80744 0
      vertex -6.5723 -3.61315 0
      vertex -2.9245 -0.950227 0
    endloop
  endfacet
  facet normal 0 0 -1
    outer loop
      vertex -1.80744 2.48773 0
      vertex -5.46726 5.1341 0
      vertex -4.78068 5.77885 0
    endloop
  endfacet
  facet normal 0 0 -1
    outer loop
      vertex -6.97332 -2.76093 0
      vertex -2.9245 -0.950227 0
      vertex -6.5723 -3.61315 0
    endloop
  endfacet
  facet normal 0 0 -1
    outer loop
      vertex -2.48773 1.80744 0
      vertex -6.06763 4.40839 0
      vertex -5.46726 5.1341 0
    endloop
  endfacet
  facet normal 0 0 -1
    outer loop
      vertex -7.26437 -1.86517 0
      vertex -2.9245 -0.950227 0
      vertex -6.97332 -2.76093 0
    endloop
  endfacet
  facet normal 0 0 -1
    outer loop
      vertex -2.48773 1.80744 0
      vertex -6.5723 3.61315 0
      vertex -6.06763 4.40839 0
    endloop
  endfacet
  facet normal 0 0 -1
    outer loop
      vertex -7.44086 -0.939999 0
      vertex -2.9245 -0.950227 0
      vertex -7.26437 -1.86517 0
    endloop
  endfacet
  facet normal 0 0 -1
    outer loop
      vertex -2.9245 0.950227 0
      vertex -6.97332 2.76093 0
      vertex -6.5723 3.61315 0
    endloop
  endfacet
  facet normal 0 0 -1
    outer loop
      vertex -2.9245 -0.950227 0
      vertex -7.44086 -0.939999 0
      vertex -3.075 0 0
    endloop
  endfacet
  facet normal 0 0 -1
    outer loop
      vertex -2.9245 0.950227 0
      vertex -7.26437 1.86517 0
      vertex -6.97332 2.76093 0
    endloop
  endfacet
  facet normal 0 0 -1
    outer loop
      vertex -7.5 0 0
      vertex -3.075 0 0
      vertex -7.44086 -0.939999 0
    endloop
  endfacet
  facet normal -0 0 -1
    outer loop
      vertex -2.9245 0.950227 0
      vertex -7.44086 0.939999 0
      vertex -7.26437 1.86517 0
    endloop
  endfacet
  facet normal 0 0 -1
    outer loop
      vertex -3.075 0 0
      vertex -7.5 0 0
      vertex -7.44086 0.939999 0
    endloop
  endfacet
  facet normal -0.477276 -0.875591 0.0744873
    outer loop
      vertex -3.19283 -6.783 0.0408835
      vertex -3.19334 -6.7862 0
      vertex -3.19204 -6.78343 0.0408908
    endloop
  endfacet
  facet normal -0.480403 -0.873852 0.0748024
    outer loop
      vertex -2.81309 -4.43272 30
      vertex -2.23668 -4.75319 29.9581
      vertex -2.23534 -4.75034 30
    endloop
  endfacet
  facet normal -0.480418 -0.873858 0.0746356
    outer loop
      vertex -2.23668 -4.75319 29.9581
      vertex -2.81309 -4.43272 30
      vertex -2.81369 -4.43643 29.9527
    endloop
  endfacet
  facet normal -0.480408 -0.87387 0.0745534
    outer loop
      vertex -3.19334 -6.7862 0
      vertex -4.01737 -6.33036 0.0331852
      vertex -4.0187 -6.33246 0
    endloop
  endfacet
  facet normal -0.480419 -0.873878 0.0743925
    outer loop
      vertex -4.01737 -6.33036 0.0331852
      vertex -3.19334 -6.7862 0
      vertex -3.19283 -6.783 0.0408835
    endloop
  endfacet
  facet normal -0.477986 -0.875185 0.0747088
    outer loop
      vertex -2.81309 -4.43272 30
      vertex -2.81499 -4.43572 29.9527
      vertex -2.81369 -4.43643 29.9527
    endloop
  endfacet
  facet normal -0.480403 0.873852 0.0748024
    outer loop
      vertex -2.23668 4.75319 29.9581
      vertex -2.81309 4.43272 30
      vertex -2.23534 4.75034 30
    endloop
  endfacet
  facet normal -0.480418 0.873858 0.0746356
    outer loop
      vertex -2.81309 4.43272 30
      vertex -2.23668 4.75319 29.9581
      vertex -2.81369 4.43643 29.9527
    endloop
  endfacet
  facet normal -0.477276 0.875591 0.0744873
    outer loop
      vertex -3.19204 6.78343 0.0408908
      vertex -3.19334 6.7862 0
      vertex -3.19283 6.783 0.0408835
    endloop
  endfacet
  facet normal -0.367092 0.927184 0.074651
    outer loop
      vertex -2.31763 7.13292 0
      vertex -3.19204 6.78343 0.0408908
      vertex -2.31752 7.12976 0.0397889
    endloop
  endfacet
  facet normal -0.367104 0.927193 0.0744803
    outer loop
      vertex -3.19204 6.78343 0.0408908
      vertex -2.31763 7.13292 0
      vertex -3.19334 6.7862 0
    endloop
  endfacet
  facet normal -0.365099 0.927959 0.0747951
    outer loop
      vertex -2.23546 4.75367 29.9581
      vertex -2.23668 4.75319 29.9581
      vertex -2.23534 4.75034 30
    endloop
  endfacet
  facet normal -0.76836 -0.635651 0.0746397
    outer loop
      vertex -4.25015 -3.08791 29.9537
      vertex -3.82708 -3.59387 30
      vertex -4.24734 -3.08587 30
    endloop
  endfacet
  facet normal -0.768359 -0.635644 0.0747136
    outer loop
      vertex -3.82708 -3.59387 30
      vertex -4.25015 -3.08791 29.9537
      vertex -3.8302 -3.595 29.9583
    endloop
  endfacet
  facet normal -0.767477 -0.636712 0.074677
    outer loop
      vertex -6.06553 -4.40686 0.0346274
      vertex -6.06763 -4.40839 0
      vertex -6.06504 -4.40745 0.0346328
    endloop
  endfacet
  facet normal -0.995244 0.0626152 0.0746237
    outer loop
      vertex -7.44086 0.939999 0
      vertex -7.49683 0.000910392 0.0415073
      vertex -7.4381 0.93965 0.0371025
    endloop
  endfacet
  facet normal -0.995243 0.0626157 0.0746354
    outer loop
      vertex -7.49683 0.000910392 0.0415073
      vertex -7.44086 0.939999 0
      vertex -7.5 0 0
    endloop
  endfacet
  facet normal -0.995145 0.064111 0.0746803
    outer loop
      vertex -5.21192 0.658418 29.9554
      vertex -5.21201 0.657021 29.9554
      vertex -5.2086 0.657999 30
    endloop
  endfacet
  facet normal -0.586206 0.80671 0.0747129
    outer loop
      vertex -2.81499 4.43572 29.9527
      vertex -2.8162 4.43485 29.9526
      vertex -2.81309 4.43272 30
    endloop
  endfacet
  facet normal -0.586151 0.806762 0.0745834
    outer loop
      vertex -4.02667 6.32362 0.0329852
      vertex -4.0187 6.33246 0
      vertex -4.30135 6.12413 0.0321396
    endloop
  endfacet
  facet normal -0.586243 0.806699 0.0745444
    outer loop
      vertex -4.0187 6.33246 0
      vertex -4.02667 6.32362 0.0329852
      vertex -4.01737 6.33036 0.0331852
    endloop
  endfacet
  facet normal -0.586146 0.80676 0.0746437
    outer loop
      vertex -3.94985 6.14855 2.52844
      vertex -4.15873 5.97894 2.72136
      vertex -3.64672 5.4577 12.3756
    endloop
  endfacet
  facet normal -0.586148 0.806758 0.0746425
    outer loop
      vertex -4.30135 6.12413 0.0321396
      vertex -3.94985 6.14855 2.52844
      vertex -4.02667 6.32362 0.0329852
    endloop
  endfacet
  facet normal -0.586147 0.806759 0.0746423
    outer loop
      vertex -3.94985 6.14855 2.52844
      vertex -4.30135 6.12413 0.0321396
      vertex -4.15873 5.97894 2.72136
    endloop
  endfacet
  facet normal -0.586146 0.806761 0.0746296
    outer loop
      vertex -4.78068 5.77885 0
      vertex -4.30135 6.12413 0.0321396
      vertex -4.0187 6.33246 0
    endloop
  endfacet
  facet normal -0.586146 0.806761 0.0746375
    outer loop
      vertex -4.30135 6.12413 0.0321396
      vertex -4.78068 5.77885 0
      vertex -4.77812 5.7771 0.0390201
    endloop
  endfacet
  facet normal -0.979555 0.186847 0.0745731
    outer loop
      vertex -7.26437 1.86517 0
      vertex -7.30694 1.6291 0.0323077
      vertex -7.26191 1.86373 0.0359213
    endloop
  endfacet
  facet normal -0.979542 0.186883 0.0746419
    outer loop
      vertex -7.30694 1.6291 0.0323077
      vertex -7.37187 1.28884 0.0321351
      vertex -7.11775 1.55418 2.70267
    endloop
  endfacet
  facet normal -0.979527 0.18688 0.0748516
    outer loop
      vertex -7.26437 1.86517 0
      vertex -7.37187 1.28884 0.0321351
      vertex -7.30694 1.6291 0.0323077
    endloop
  endfacet
  facet normal -0.979558 0.186865 0.0744821
    outer loop
      vertex -7.44086 0.939999 0
      vertex -7.37187 1.28884 0.0321351
      vertex -7.26437 1.86517 0
    endloop
  endfacet
  facet normal -0.97955 0.18685 0.0746249
    outer loop
      vertex -7.37187 1.28884 0.0321351
      vertex -7.44086 0.939999 0
      vertex -7.4381 0.93965 0.0371025
    endloop
  endfacet
  facet normal -0.979549 0.186846 0.0746463
    outer loop
      vertex -7.1659 1.28611 2.74182
      vertex -7.11775 1.55418 2.70267
      vertex -7.37187 1.28884 0.0321351
    endloop
  endfacet
  facet normal -0.97955 0.186845 0.0746432
    outer loop
      vertex -7.11775 1.55418 2.70267
      vertex -7.1659 1.28611 2.74182
      vertex -6.41577 1.27618 12.6107
    endloop
  endfacet
  facet normal -0.979893 0.18502 0.0746809
    outer loop
      vertex -5.21166 0.659795 29.9554
      vertex -5.21192 0.658418 29.9554
      vertex -5.2086 0.657999 30
    endloop
  endfacet
  facet normal 0 0 1
    outer loop
      vertex 3.75 0 30
      vertex 5.25 0 30
      vertex 5.2086 0.657999 30
    endloop
  endfacet
  facet normal 0 0 1
    outer loop
      vertex 3.72043 0.469999 30
      vertex 5.2086 0.657999 30
      vertex 5.08506 1.30562 30
    endloop
  endfacet
  facet normal 0 0 1
    outer loop
      vertex 5.25 0 30
      vertex 3.75 0 30
      vertex 5.2086 -0.657999 30
    endloop
  endfacet
  facet normal 0 0 1
    outer loop
      vertex 3.63219 0.932587 30
      vertex 5.08506 1.30562 30
      vertex 4.88133 1.93265 30
    endloop
  endfacet
  facet normal -0 0 1
    outer loop
      vertex 3.72043 -0.469999 30
      vertex 5.2086 -0.657999 30
      vertex 3.75 0 30
    endloop
  endfacet
  facet normal 0 0 1
    outer loop
      vertex 3.48666 1.38047 30
      vertex 4.88133 1.93265 30
      vertex 4.60061 2.52921 30
    endloop
  endfacet
  facet normal 0 0 1
    outer loop
      vertex 5.2086 -0.657999 30
      vertex 3.72043 -0.469999 30
      vertex 5.08506 -1.30562 30
    endloop
  endfacet
  facet normal 0 0 1
    outer loop
      vertex 3.28615 1.80658 30
      vertex 4.60061 2.52921 30
      vertex 4.24734 3.08587 30
    endloop
  endfacet
  facet normal -0 0 1
    outer loop
      vertex 3.63219 -0.932587 30
      vertex 5.08506 -1.30562 30
      vertex 3.72043 -0.469999 30
    endloop
  endfacet
  facet normal 0 0 1
    outer loop
      vertex 3.03381 2.20419 30
      vertex 4.24734 3.08587 30
      vertex 3.82708 3.59387 30
    endloop
  endfacet
  facet normal 0 0 1
    outer loop
      vertex 5.08506 -1.30562 30
      vertex 3.63219 -0.932587 30
      vertex 4.88133 -1.93265 30
    endloop
  endfacet
  facet normal -0 0 1
    outer loop
      vertex 3.48666 -1.38047 30
      vertex 4.88133 -1.93265 30
      vertex 3.63219 -0.932587 30
    endloop
  endfacet
  facet normal 0 0 1
    outer loop
      vertex 5.2086 0.657999 30
      vertex 3.72043 0.469999 30
      vertex 3.75 0 30
    endloop
  endfacet
  facet normal 0 0 1
    outer loop
      vertex 5.08506 1.30562 30
      vertex 3.63219 0.932587 30
      vertex 3.72043 0.469999 30
    endloop
  endfacet
  facet normal 0 0 1
    outer loop
      vertex 4.88133 1.93265 30
      vertex 3.48666 1.38047 30
      vertex 3.63219 0.932587 30
    endloop
  endfacet
  facet normal 0 0 1
    outer loop
      vertex 2.73363 2.56705 30
      vertex 3.82708 3.59387 30
      vertex 3.34648 4.04519 30
    endloop
  endfacet
  facet normal 0 0 1
    outer loop
      vertex 4.60061 2.52921 30
      vertex 3.28615 1.80658 30
      vertex 3.48666 1.38047 30
    endloop
  endfacet
  facet normal 0 0 1
    outer loop
      vertex 4.24734 3.08587 30
      vertex 3.03381 2.20419 30
      vertex 3.28615 1.80658 30
    endloop
  endfacet
  facet normal 0 0 1
    outer loop
      vertex 2.39034 2.88942 30
      vertex 3.34648 4.04519 30
      vertex 2.81309 4.43272 30
    endloop
  endfacet
  facet normal 0 0 1
    outer loop
      vertex 3.82708 3.59387 30
      vertex 2.73363 2.56705 30
      vertex 3.03381 2.20419 30
    endloop
  endfacet
  facet normal 0 0 1
    outer loop
      vertex 3.34648 4.04519 30
      vertex 2.39034 2.88942 30
      vertex 2.73363 2.56705 30
    endloop
  endfacet
  facet normal 0 0 1
    outer loop
      vertex 2.00935 3.16623 30
      vertex 2.81309 4.43272 30
      vertex 2.23534 4.75034 30
    endloop
  endfacet
  facet normal 0 0 1
    outer loop
      vertex 2.81309 4.43272 30
      vertex 2.00935 3.16623 30
      vertex 2.39034 2.88942 30
    endloop
  endfacet
  facet normal 0 0 1
    outer loop
      vertex 1.59667 3.3931 30
      vertex 2.23534 4.75034 30
      vertex 1.62234 4.99305 30
    endloop
  endfacet
  facet normal 0 0 1
    outer loop
      vertex 2.23534 4.75034 30
      vertex 1.59667 3.3931 30
      vertex 2.00935 3.16623 30
    endloop
  endfacet
  facet normal 0 0 1
    outer loop
      vertex 1.62234 4.99305 30
      vertex 1.15881 3.56646 30
      vertex 1.59667 3.3931 30
    endloop
  endfacet
  facet normal 0 0 1
    outer loop
      vertex 0.983751 5.15701 30
      vertex 1.15881 3.56646 30
      vertex 1.62234 4.99305 30
    endloop
  endfacet
  facet normal 0 0 1
    outer loop
      vertex 0.983751 5.15701 30
      vertex 0.70268 3.68358 30
      vertex 1.15881 3.56646 30
    endloop
  endfacet
  facet normal 0 0 1
    outer loop
      vertex 0.32965 5.23964 30
      vertex 0.70268 3.68358 30
      vertex 0.983751 5.15701 30
    endloop
  endfacet
  facet normal 0 0 1
    outer loop
      vertex 0.32965 5.23964 30
      vertex 0.235464 3.7426 30
      vertex 0.70268 3.68358 30
    endloop
  endfacet
  facet normal 0 0 1
    outer loop
      vertex 0.32965 5.23964 30
      vertex -0.235464 3.7426 30
      vertex 0.235464 3.7426 30
    endloop
  endfacet
  facet normal -0 0 1
    outer loop
      vertex -0.32965 5.23964 30
      vertex -0.235464 3.7426 30
      vertex 0.32965 5.23964 30
    endloop
  endfacet
  facet normal 0 0 1
    outer loop
      vertex -0.32965 5.23964 30
      vertex -0.70268 3.68358 30
      vertex -0.235464 3.7426 30
    endloop
  endfacet
  facet normal -0 0 1
    outer loop
      vertex -0.983751 5.15701 30
      vertex -0.70268 3.68358 30
      vertex -0.32965 5.23964 30
    endloop
  endfacet
  facet normal 0 0 1
    outer loop
      vertex -0.983751 5.15701 30
      vertex -1.15881 3.56646 30
      vertex -0.70268 3.68358 30
    endloop
  endfacet
  facet normal -0 0 1
    outer loop
      vertex -1.62234 4.99305 30
      vertex -1.15881 3.56646 30
      vertex -0.983751 5.15701 30
    endloop
  endfacet
  facet normal 0 0 1
    outer loop
      vertex -1.15881 3.56646 30
      vertex -1.62234 4.99305 30
      vertex -1.59667 3.3931 30
    endloop
  endfacet
  facet normal -0 0 1
    outer loop
      vertex -2.23534 4.75034 30
      vertex -1.59667 3.3931 30
      vertex -1.62234 4.99305 30
    endloop
  endfacet
  facet normal 0 0 1
    outer loop
      vertex -1.59667 3.3931 30
      vertex -2.23534 4.75034 30
      vertex -2.00935 3.16623 30
    endloop
  endfacet
  facet normal -0 0 1
    outer loop
      vertex -2.81309 4.43272 30
      vertex -2.00935 3.16623 30
      vertex -2.23534 4.75034 30
    endloop
  endfacet
  facet normal 0 0 1
    outer loop
      vertex -2.00935 3.16623 30
      vertex -2.81309 4.43272 30
      vertex -2.39034 2.88942 30
    endloop
  endfacet
  facet normal -0 0 1
    outer loop
      vertex -3.34648 4.04519 30
      vertex -2.39034 2.88942 30
      vertex -2.81309 4.43272 30
    endloop
  endfacet
  facet normal 0 0 1
    outer loop
      vertex -2.39034 2.88942 30
      vertex -3.34648 4.04519 30
      vertex -2.73363 2.56705 30
    endloop
  endfacet
  facet normal -0 0 1
    outer loop
      vertex -3.82708 3.59387 30
      vertex -2.73363 2.56705 30
      vertex -3.34648 4.04519 30
    endloop
  endfacet
  facet normal 0 0 1
    outer loop
      vertex -2.73363 2.56705 30
      vertex -3.82708 3.59387 30
      vertex -3.03381 2.20419 30
    endloop
  endfacet
  facet normal -0 0 1
    outer loop
      vertex -4.24734 3.08587 30
      vertex -3.03381 2.20419 30
      vertex -3.82708 3.59387 30
    endloop
  endfacet
  facet normal 0 0 1
    outer loop
      vertex -3.03381 2.20419 30
      vertex -4.24734 3.08587 30
      vertex -3.28615 1.80658 30
    endloop
  endfacet
  facet normal -0 0 1
    outer loop
      vertex -4.60061 2.52921 30
      vertex -3.28615 1.80658 30
      vertex -4.24734 3.08587 30
    endloop
  endfacet
  facet normal -0 0 1
    outer loop
      vertex -4.88133 1.93265 30
      vertex -3.48666 1.38047 30
      vertex -4.60061 2.52921 30
    endloop
  endfacet
  facet normal 0 0 1
    outer loop
      vertex -3.28615 1.80658 30
      vertex -4.60061 2.52921 30
      vertex -3.48666 1.38047 30
    endloop
  endfacet
  facet normal 0 0 1
    outer loop
      vertex 4.88133 -1.93265 30
      vertex 3.48666 -1.38047 30
      vertex 4.60061 -2.52921 30
    endloop
  endfacet
  facet normal -0 0 1
    outer loop
      vertex 3.28615 -1.80658 30
      vertex 4.60061 -2.52921 30
      vertex 3.48666 -1.38047 30
    endloop
  endfacet
  facet normal 0 0 1
    outer loop
      vertex 4.60061 -2.52921 30
      vertex 3.28615 -1.80658 30
      vertex 4.24734 -3.08587 30
    endloop
  endfacet
  facet normal -0 0 1
    outer loop
      vertex 3.03381 -2.20419 30
      vertex 4.24734 -3.08587 30
      vertex 3.28615 -1.80658 30
    endloop
  endfacet
  facet normal 0 0 1
    outer loop
      vertex 4.24734 -3.08587 30
      vertex 3.03381 -2.20419 30
      vertex 3.82708 -3.59387 30
    endloop
  endfacet
  facet normal -0 0 1
    outer loop
      vertex 2.73363 -2.56705 30
      vertex 3.82708 -3.59387 30
      vertex 3.03381 -2.20419 30
    endloop
  endfacet
  facet normal 0 0 1
    outer loop
      vertex 3.82708 -3.59387 30
      vertex 2.73363 -2.56705 30
      vertex 3.34648 -4.04519 30
    endloop
  endfacet
  facet normal -0 0 1
    outer loop
      vertex 2.39034 -2.88942 30
      vertex 3.34648 -4.04519 30
      vertex 2.73363 -2.56705 30
    endloop
  endfacet
  facet normal 0 0 1
    outer loop
      vertex 3.34648 -4.04519 30
      vertex 2.39034 -2.88942 30
      vertex 2.81309 -4.43272 30
    endloop
  endfacet
  facet normal -0 0 1
    outer loop
      vertex 2.00935 -3.16623 30
      vertex 2.81309 -4.43272 30
      vertex 2.39034 -2.88942 30
    endloop
  endfacet
  facet normal 0 0 1
    outer loop
      vertex 2.81309 -4.43272 30
      vertex 2.00935 -3.16623 30
      vertex 2.23534 -4.75034 30
    endloop
  endfacet
  facet normal -0 0 1
    outer loop
      vertex 1.59667 -3.3931 30
      vertex 2.23534 -4.75034 30
      vertex 2.00935 -3.16623 30
    endloop
  endfacet
  facet normal 0 0 1
    outer loop
      vertex 2.23534 -4.75034 30
      vertex 1.59667 -3.3931 30
      vertex 1.62234 -4.99305 30
    endloop
  endfacet
  facet normal -0 0 1
    outer loop
      vertex 1.15881 -3.56646 30
      vertex 1.62234 -4.99305 30
      vertex 1.59667 -3.3931 30
    endloop
  endfacet
  facet normal 0 0 1
    outer loop
      vertex 1.15881 -3.56646 30
      vertex 0.983751 -5.15701 30
      vertex 1.62234 -4.99305 30
    endloop
  endfacet
  facet normal -0 0 1
    outer loop
      vertex 0.70268 -3.68358 30
      vertex 0.983751 -5.15701 30
      vertex 1.15881 -3.56646 30
    endloop
  endfacet
  facet normal 0 0 1
    outer loop
      vertex 0.70268 -3.68358 30
      vertex 0.32965 -5.23964 30
      vertex 0.983751 -5.15701 30
    endloop
  endfacet
  facet normal -0 0 1
    outer loop
      vertex 0.235464 -3.7426 30
      vertex 0.32965 -5.23964 30
      vertex 0.70268 -3.68358 30
    endloop
  endfacet
  facet normal -0 0 1
    outer loop
      vertex -0.235464 -3.7426 30
      vertex 0.32965 -5.23964 30
      vertex 0.235464 -3.7426 30
    endloop
  endfacet
  facet normal 0 0 1
    outer loop
      vertex -0.235464 -3.7426 30
      vertex -0.32965 -5.23964 30
      vertex 0.32965 -5.23964 30
    endloop
  endfacet
  facet normal 0 0 1
    outer loop
      vertex -0.70268 -3.68358 30
      vertex -0.32965 -5.23964 30
      vertex -0.235464 -3.7426 30
    endloop
  endfacet
  facet normal 0 0 1
    outer loop
      vertex -0.70268 -3.68358 30
      vertex -0.983751 -5.15701 30
      vertex -0.32965 -5.23964 30
    endloop
  endfacet
  facet normal 0 0 1
    outer loop
      vertex -1.15881 -3.56646 30
      vertex -0.983751 -5.15701 30
      vertex -0.70268 -3.68358 30
    endloop
  endfacet
  facet normal 0 0 1
    outer loop
      vertex -1.62234 -4.99305 30
      vertex -1.15881 -3.56646 30
      vertex -1.59667 -3.3931 30
    endloop
  endfacet
  facet normal 0 0 1
    outer loop
      vertex -1.15881 -3.56646 30
      vertex -1.62234 -4.99305 30
      vertex -0.983751 -5.15701 30
    endloop
  endfacet
  facet normal 0 0 1
    outer loop
      vertex -2.23534 -4.75034 30
      vertex -1.59667 -3.3931 30
      vertex -2.00935 -3.16623 30
    endloop
  endfacet
  facet normal 0 0 1
    outer loop
      vertex -1.59667 -3.3931 30
      vertex -2.23534 -4.75034 30
      vertex -1.62234 -4.99305 30
    endloop
  endfacet
  facet normal 0 0 1
    outer loop
      vertex -2.81309 -4.43272 30
      vertex -2.00935 -3.16623 30
      vertex -2.39034 -2.88942 30
    endloop
  endfacet
  facet normal 0 0 1
    outer loop
      vertex -3.34648 -4.04519 30
      vertex -2.39034 -2.88942 30
      vertex -2.73363 -2.56705 30
    endloop
  endfacet
  facet normal 0 0 1
    outer loop
      vertex -2.00935 -3.16623 30
      vertex -2.81309 -4.43272 30
      vertex -2.23534 -4.75034 30
    endloop
  endfacet
  facet normal 0 0 1
    outer loop
      vertex -3.82708 -3.59387 30
      vertex -2.73363 -2.56705 30
      vertex -3.03381 -2.20419 30
    endloop
  endfacet
  facet normal 0 0 1
    outer loop
      vertex -4.24734 -3.08587 30
      vertex -3.03381 -2.20419 30
      vertex -3.28615 -1.80658 30
    endloop
  endfacet
  facet normal 0 0 1
    outer loop
      vertex -2.39034 -2.88942 30
      vertex -3.34648 -4.04519 30
      vertex -2.81309 -4.43272 30
    endloop
  endfacet
  facet normal 0 0 1
    outer loop
      vertex -4.60061 -2.52921 30
      vertex -3.28615 -1.80658 30
      vertex -3.48666 -1.38047 30
    endloop
  endfacet
  facet normal 0 0 1
    outer loop
      vertex -4.88133 -1.93265 30
      vertex -3.48666 -1.38047 30
      vertex -3.63219 -0.932587 30
    endloop
  endfacet
  facet normal 0 0 1
    outer loop
      vertex -5.08506 -1.30562 30
      vertex -3.63219 -0.932587 30
      vertex -3.72043 -0.469999 30
    endloop
  endfacet
  facet normal 0 0 1
    outer loop
      vertex -2.73363 -2.56705 30
      vertex -3.82708 -3.59387 30
      vertex -3.34648 -4.04519 30
    endloop
  endfacet
  facet normal 0 0 1
    outer loop
      vertex -5.2086 -0.657999 30
      vertex -3.72043 -0.469999 30
      vertex -3.75 0 30
    endloop
  endfacet
  facet normal 0 0 1
    outer loop
      vertex -3.48666 1.38047 30
      vertex -4.88133 1.93265 30
      vertex -3.63219 0.932587 30
    endloop
  endfacet
  facet normal -0 0 1
    outer loop
      vertex -5.08506 1.30562 30
      vertex -3.63219 0.932587 30
      vertex -4.88133 1.93265 30
    endloop
  endfacet
  facet normal 0 0 1
    outer loop
      vertex -3.03381 -2.20419 30
      vertex -4.24734 -3.08587 30
      vertex -3.82708 -3.59387 30
    endloop
  endfacet
  facet normal 0 0 1
    outer loop
      vertex -3.63219 0.932587 30
      vertex -5.08506 1.30562 30
      vertex -3.72043 0.469999 30
    endloop
  endfacet
  facet normal 0 0 1
    outer loop
      vertex -3.28615 -1.80658 30
      vertex -4.60061 -2.52921 30
      vertex -4.24734 -3.08587 30
    endloop
  endfacet
  facet normal -0 0 1
    outer loop
      vertex -5.2086 0.657999 30
      vertex -3.72043 0.469999 30
      vertex -5.08506 1.30562 30
    endloop
  endfacet
  facet normal 0 0 1
    outer loop
      vertex -3.48666 -1.38047 30
      vertex -4.88133 -1.93265 30
      vertex -4.60061 -2.52921 30
    endloop
  endfacet
  facet normal 0 0 1
    outer loop
      vertex -3.72043 0.469999 30
      vertex -5.2086 0.657999 30
      vertex -3.75 0 30
    endloop
  endfacet
  facet normal 0 0 1
    outer loop
      vertex -3.63219 -0.932587 30
      vertex -5.08506 -1.30562 30
      vertex -4.88133 -1.93265 30
    endloop
  endfacet
  facet normal 0 0 1
    outer loop
      vertex -5.25 0 30
      vertex -3.75 0 30
      vertex -5.2086 0.657999 30
    endloop
  endfacet
  facet normal 0 0 1
    outer loop
      vertex -3.72043 -0.469999 30
      vertex -5.2086 -0.657999 30
      vertex -5.08506 -1.30562 30
    endloop
  endfacet
  facet normal 0 0 1
    outer loop
      vertex -3.75 0 30
      vertex -5.25 0 30
      vertex -5.2086 -0.657999 30
    endloop
  endfacet
  facet normal 0.76836 -0.635651 0.0746397
    outer loop
      vertex 3.82708 -3.59387 30
      vertex 4.25015 -3.08791 29.9537
      vertex 4.24734 -3.08587 30
    endloop
  endfacet
  facet normal 0.768359 -0.635644 0.0747136
    outer loop
      vertex 4.25015 -3.08791 29.9537
      vertex 3.82708 -3.59387 30
      vertex 3.8302 -3.595 29.9583
    endloop
  endfacet
  facet normal 0.767477 -0.636712 0.074677
    outer loop
      vertex 6.06553 -4.40686 0.0346274
      vertex 6.06504 -4.40745 0.0346328
      vertex 6.06763 -4.40839 0
    endloop
  endfacet
  facet normal -0.902297 0.424584 0.0747528
    outer loop
      vertex -6.97332 2.76093 0
      vertex -6.56979 3.61177 0.0381349
      vertex -6.5723 3.61315 0
    endloop
  endfacet
  facet normal -0.902311 0.424603 0.0744807
    outer loop
      vertex -6.56979 3.61177 0.0381349
      vertex -6.97332 2.76093 0
      vertex -6.97005 2.76061 0.0414393
    endloop
  endfacet
  facet normal -0.900486 0.428457 0.0744957
    outer loop
      vertex -4.60349 2.53079 29.9561
      vertex -4.60408 2.52955 29.9561
      vertex -4.60061 2.52921 30
    endloop
  endfacet
  facet normal -0.841988 0.534308 0.0746431
    outer loop
      vertex -4.3609 2.91386 29.9503
      vertex -4.24734 3.08587 30
      vertex -4.25015 3.08791 29.9537
    endloop
  endfacet
  facet normal -0.841955 0.534351 0.0747077
    outer loop
      vertex -4.60061 2.52921 30
      vertex -4.3609 2.91386 29.9503
      vertex -4.60276 2.53196 29.9561
    endloop
  endfacet
  facet normal -0.841979 0.53434 0.074512
    outer loop
      vertex -4.3609 2.91386 29.9503
      vertex -4.60061 2.52921 30
      vertex -4.24734 3.08587 30
    endloop
  endfacet
  facet normal -0.846283 0.527481 0.0746299
    outer loop
      vertex -6.06553 4.40686 0.0346274
      vertex -6.06763 4.40839 0
      vertex -6.06593 4.40622 0.034615
    endloop
  endfacet
  facet normal -0.842118 0.534104 0.0746346
    outer loop
      vertex -5.44524 3.6384 12.5325
      vertex -5.53132 3.72141 10.9672
      vertex -5.47716 3.65203 12.0748
    endloop
  endfacet
  facet normal -0.891007 -0.453989 0
    outer loop
      vertex 2.9245 0.950227 0
      vertex 2.48773 1.80744 7.999
      vertex 2.48773 1.80744 0
    endloop
  endfacet
  facet normal -0.891007 -0.453989 0
    outer loop
      vertex 2.48773 1.80744 7.999
      vertex 2.9245 0.950227 0
      vertex 2.9245 0.950227 7.999
    endloop
  endfacet
  facet normal -0.987689 -0.156433 0
    outer loop
      vertex 3.075 0 0
      vertex 2.9245 0.950227 7.999
      vertex 2.9245 0.950227 0
    endloop
  endfacet
  facet normal -0.987689 -0.156433 0
    outer loop
      vertex 2.9245 0.950227 7.999
      vertex 3.075 0 0
      vertex 3.075 0 7.999
    endloop
  endfacet
  facet normal -0.707107 -0.707107 0
    outer loop
      vertex 2.48773 1.80744 0
      vertex 1.80744 2.48773 7.999
      vertex 1.80744 2.48773 0
    endloop
  endfacet
  facet normal -0.707107 -0.707107 0
    outer loop
      vertex 1.80744 2.48773 7.999
      vertex 2.48773 1.80744 0
      vertex 2.48773 1.80744 7.999
    endloop
  endfacet
  facet normal -0.156433 -0.987689 0
    outer loop
      vertex 0 3.075 0
      vertex 0.950227 2.9245 7.999
      vertex 0 3.075 7.999
    endloop
  endfacet
  facet normal -0.156433 -0.987689 -0
    outer loop
      vertex 0.950227 2.9245 7.999
      vertex 0 3.075 0
      vertex 0.950227 2.9245 0
    endloop
  endfacet
  facet normal 0.987689 -0.156433 0
    outer loop
      vertex -3.075 0 7.999
      vertex -2.9245 0.950227 0
      vertex -2.9245 0.950227 7.999
    endloop
  endfacet
  facet normal 0.987689 -0.156433 0
    outer loop
      vertex -2.9245 0.950227 0
      vertex -3.075 0 7.999
      vertex -3.075 0 0
    endloop
  endfacet
  facet normal -0.453989 -0.891007 0
    outer loop
      vertex 0.950227 2.9245 0
      vertex 1.80744 2.48773 7.999
      vertex 0.950227 2.9245 7.999
    endloop
  endfacet
  facet normal -0.453989 -0.891007 -0
    outer loop
      vertex 1.80744 2.48773 7.999
      vertex 0.950227 2.9245 0
      vertex 1.80744 2.48773 0
    endloop
  endfacet
  facet normal 0.453989 -0.891007 0
    outer loop
      vertex -1.80744 2.48773 0
      vertex -0.950227 2.9245 7.999
      vertex -1.80744 2.48773 7.999
    endloop
  endfacet
  facet normal 0.453989 -0.891007 0
    outer loop
      vertex -0.950227 2.9245 7.999
      vertex -1.80744 2.48773 0
      vertex -0.950227 2.9245 0
    endloop
  endfacet
  facet normal 0.156433 0.987689 -0
    outer loop
      vertex 0 -3.075 0
      vertex -0.950227 -2.9245 7.999
      vertex 0 -3.075 7.999
    endloop
  endfacet
  facet normal 0.156433 0.987689 0
    outer loop
      vertex -0.950227 -2.9245 7.999
      vertex 0 -3.075 0
      vertex -0.950227 -2.9245 0
    endloop
  endfacet
  facet normal -0.707107 0.707107 0
    outer loop
      vertex 1.80744 -2.48773 0
      vertex 2.48773 -1.80744 7.999
      vertex 2.48773 -1.80744 0
    endloop
  endfacet
  facet normal -0.707107 0.707107 0
    outer loop
      vertex 2.48773 -1.80744 7.999
      vertex 1.80744 -2.48773 0
      vertex 1.80744 -2.48773 7.999
    endloop
  endfacet
  facet normal 0.891007 0.453989 0
    outer loop
      vertex -2.48773 -1.80744 7.999
      vertex -2.9245 -0.950227 0
      vertex -2.9245 -0.950227 7.999
    endloop
  endfacet
  facet normal 0.891007 0.453989 0
    outer loop
      vertex -2.9245 -0.950227 0
      vertex -2.48773 -1.80744 7.999
      vertex -2.48773 -1.80744 0
    endloop
  endfacet
  facet normal 0.156433 -0.987689 0
    outer loop
      vertex -0.950227 2.9245 0
      vertex 0 3.075 7.999
      vertex -0.950227 2.9245 7.999
    endloop
  endfacet
  facet normal 0.156433 -0.987689 0
    outer loop
      vertex 0 3.075 7.999
      vertex -0.950227 2.9245 0
      vertex 0 3.075 0
    endloop
  endfacet
  facet normal -0.453989 0.891007 0
    outer loop
      vertex 1.80744 -2.48773 0
      vertex 0.950227 -2.9245 7.999
      vertex 1.80744 -2.48773 7.999
    endloop
  endfacet
  facet normal -0.453989 0.891007 0
    outer loop
      vertex 0.950227 -2.9245 7.999
      vertex 1.80744 -2.48773 0
      vertex 0.950227 -2.9245 0
    endloop
  endfacet
  facet normal -0.156433 0.987689 0
    outer loop
      vertex 0.950227 -2.9245 0
      vertex 0 -3.075 7.999
      vertex 0.950227 -2.9245 7.999
    endloop
  endfacet
  facet normal -0.156433 0.987689 0
    outer loop
      vertex 0 -3.075 7.999
      vertex 0.950227 -2.9245 0
      vertex 0 -3.075 0
    endloop
  endfacet
  facet normal 0.987689 0.156433 0
    outer loop
      vertex -2.9245 -0.950227 7.999
      vertex -3.075 0 0
      vertex -3.075 0 7.999
    endloop
  endfacet
  facet normal 0.987689 0.156433 0
    outer loop
      vertex -3.075 0 0
      vertex -2.9245 -0.950227 7.999
      vertex -2.9245 -0.950227 0
    endloop
  endfacet
  facet normal 0.891007 -0.453989 0
    outer loop
      vertex -2.9245 0.950227 7.999
      vertex -2.48773 1.80744 0
      vertex -2.48773 1.80744 7.999
    endloop
  endfacet
  facet normal 0.891007 -0.453989 0
    outer loop
      vertex -2.48773 1.80744 0
      vertex -2.9245 0.950227 7.999
      vertex -2.9245 0.950227 0
    endloop
  endfacet
  facet normal 0.707107 -0.707107 0
    outer loop
      vertex -2.48773 1.80744 7.999
      vertex -1.80744 2.48773 0
      vertex -1.80744 2.48773 7.999
    endloop
  endfacet
  facet normal 0.707107 -0.707107 0
    outer loop
      vertex -1.80744 2.48773 0
      vertex -2.48773 1.80744 7.999
      vertex -2.48773 1.80744 0
    endloop
  endfacet
  facet normal 0 0 -1
    outer loop
      vertex 2.9245 -0.950227 7.999
      vertex 2.9245 0.950227 7.999
      vertex 3.075 0 7.999
    endloop
  endfacet
  facet normal 0 0 -1
    outer loop
      vertex 2.48773 -1.80744 7.999
      vertex 2.9245 0.950227 7.999
      vertex 2.9245 -0.950227 7.999
    endloop
  endfacet
  facet normal 0 0 -1
    outer loop
      vertex 2.48773 -1.80744 7.999
      vertex 2.48773 1.80744 7.999
      vertex 2.9245 0.950227 7.999
    endloop
  endfacet
  facet normal 0 0 -1
    outer loop
      vertex 1.80744 -2.48773 7.999
      vertex 2.48773 1.80744 7.999
      vertex 2.48773 -1.80744 7.999
    endloop
  endfacet
  facet normal 0 0 -1
    outer loop
      vertex 1.80744 -2.48773 7.999
      vertex 1.80744 2.48773 7.999
      vertex 2.48773 1.80744 7.999
    endloop
  endfacet
  facet normal 0 0 -1
    outer loop
      vertex 0.950227 -2.9245 7.999
      vertex 1.80744 2.48773 7.999
      vertex 1.80744 -2.48773 7.999
    endloop
  endfacet
  facet normal 0 0 -1
    outer loop
      vertex 0.950227 -2.9245 7.999
      vertex 0.950227 2.9245 7.999
      vertex 1.80744 2.48773 7.999
    endloop
  endfacet
  facet normal 0 0 -1
    outer loop
      vertex 0 -3.075 7.999
      vertex 0.950227 2.9245 7.999
      vertex 0.950227 -2.9245 7.999
    endloop
  endfacet
  facet normal 0 0 -1
    outer loop
      vertex 0 -3.075 7.999
      vertex 0 3.075 7.999
      vertex 0.950227 2.9245 7.999
    endloop
  endfacet
  facet normal 0 0 -1
    outer loop
      vertex -0.950227 -2.9245 7.999
      vertex 0 3.075 7.999
      vertex 0 -3.075 7.999
    endloop
  endfacet
  facet normal 0 0 -1
    outer loop
      vertex -0.950227 -2.9245 7.999
      vertex -0.950227 2.9245 7.999
      vertex 0 3.075 7.999
    endloop
  endfacet
  facet normal 0 0 -1
    outer loop
      vertex -1.80744 -2.48773 7.999
      vertex -0.950227 2.9245 7.999
      vertex -0.950227 -2.9245 7.999
    endloop
  endfacet
  facet normal 0 0 -1
    outer loop
      vertex -1.80744 -2.48773 7.999
      vertex -1.80744 2.48773 7.999
      vertex -0.950227 2.9245 7.999
    endloop
  endfacet
  facet normal 0 0 -1
    outer loop
      vertex -2.48773 -1.80744 7.999
      vertex -1.80744 2.48773 7.999
      vertex -1.80744 -2.48773 7.999
    endloop
  endfacet
  facet normal 0 0 -1
    outer loop
      vertex -2.48773 -1.80744 7.999
      vertex -2.48773 1.80744 7.999
      vertex -1.80744 2.48773 7.999
    endloop
  endfacet
  facet normal 0 0 -1
    outer loop
      vertex -2.9245 -0.950227 7.999
      vertex -2.48773 1.80744 7.999
      vertex -2.48773 -1.80744 7.999
    endloop
  endfacet
  facet normal 0 0 -1
    outer loop
      vertex -2.9245 -0.950227 7.999
      vertex -2.9245 0.950227 7.999
      vertex -2.48773 1.80744 7.999
    endloop
  endfacet
  facet normal 0 -0 -1
    outer loop
      vertex -2.9245 0.950227 7.999
      vertex -2.9245 -0.950227 7.999
      vertex -3.075 0 7.999
    endloop
  endfacet
  facet normal -0.891007 0.453989 0
    outer loop
      vertex 2.48773 -1.80744 0
      vertex 2.9245 -0.950227 7.999
      vertex 2.9245 -0.950227 0
    endloop
  endfacet
  facet normal -0.891007 0.453989 0
    outer loop
      vertex 2.9245 -0.950227 7.999
      vertex 2.48773 -1.80744 0
      vertex 2.48773 -1.80744 7.999
    endloop
  endfacet
  facet normal -0.987689 0.156433 0
    outer loop
      vertex 2.9245 -0.950227 0
      vertex 3.075 0 7.999
      vertex 3.075 0 0
    endloop
  endfacet
  facet normal -0.987689 0.156433 0
    outer loop
      vertex 3.075 0 7.999
      vertex 2.9245 -0.950227 0
      vertex 2.9245 -0.950227 7.999
    endloop
  endfacet
  facet normal 0.707107 0.707107 0
    outer loop
      vertex -1.80744 -2.48773 7.999
      vertex -2.48773 -1.80744 0
      vertex -2.48773 -1.80744 7.999
    endloop
  endfacet
  facet normal 0.707107 0.707107 0
    outer loop
      vertex -2.48773 -1.80744 0
      vertex -1.80744 -2.48773 7.999
      vertex -1.80744 -2.48773 0
    endloop
  endfacet
  facet normal 0.453989 0.891007 -0
    outer loop
      vertex -0.950227 -2.9245 0
      vertex -1.80744 -2.48773 7.999
      vertex -0.950227 -2.9245 7.999
    endloop
  endfacet
  facet normal 0.453989 0.891007 0
    outer loop
      vertex -1.80744 -2.48773 7.999
      vertex -0.950227 -2.9245 0
      vertex -1.80744 -2.48773 0
    endloop
  endfacet
  facet normal 0.904829 0.425776 0
    outer loop
      vertex -3.28615 -1.80658 30
      vertex -3.48666 -1.38047 28.5
      vertex -3.48666 -1.38047 30
    endloop
  endfacet
  facet normal 0.904829 0.425776 0
    outer loop
      vertex -3.48666 -1.38047 28.5
      vertex -3.28615 -1.80658 30
      vertex -3.28615 -1.80658 28.5
    endloop
  endfacet
  facet normal -0.368123 -0.929777 0
    outer loop
      vertex 1.15881 3.56646 28.5
      vertex 1.59667 3.3931 30
      vertex 1.15881 3.56646 30
    endloop
  endfacet
  facet normal -0.368123 -0.929777 -0
    outer loop
      vertex 1.59667 3.3931 30
      vertex 1.15881 3.56646 28.5
      vertex 1.59667 3.3931 28.5
    endloop
  endfacet
  facet normal -0.125327 0.992116 0
    outer loop
      vertex 0.70268 -3.68358 28.5
      vertex 0.235464 -3.7426 30
      vertex 0.70268 -3.68358 30
    endloop
  endfacet
  facet normal -0.125327 0.992116 0
    outer loop
      vertex 0.235464 -3.7426 30
      vertex 0.70268 -3.68358 28.5
      vertex 0.235464 -3.7426 28.5
    endloop
  endfacet
  facet normal -0.844319 -0.53584 0
    outer loop
      vertex 3.28615 1.80658 28.5
      vertex 3.03381 2.20419 30
      vertex 3.03381 2.20419 28.5
    endloop
  endfacet
  facet normal -0.844319 -0.53584 0
    outer loop
      vertex 3.03381 2.20419 30
      vertex 3.28615 1.80658 28.5
      vertex 3.28615 1.80658 30
    endloop
  endfacet
  facet normal -0.844319 0.53584 0
    outer loop
      vertex 3.03381 -2.20419 28.5
      vertex 3.28615 -1.80658 30
      vertex 3.28615 -1.80658 28.5
    endloop
  endfacet
  facet normal -0.844319 0.53584 0
    outer loop
      vertex 3.28615 -1.80658 30
      vertex 3.03381 -2.20419 28.5
      vertex 3.03381 -2.20419 30
    endloop
  endfacet
  facet normal -0.982289 0.187374 0
    outer loop
      vertex 3.63219 -0.932587 28.5
      vertex 3.72043 -0.469999 30
      vertex 3.72043 -0.469999 28.5
    endloop
  endfacet
  facet normal -0.982289 0.187374 0
    outer loop
      vertex 3.72043 -0.469999 30
      vertex 3.63219 -0.932587 28.5
      vertex 3.63219 -0.932587 30
    endloop
  endfacet
  facet normal 0.368123 0.929777 -0
    outer loop
      vertex -1.15881 -3.56646 28.5
      vertex -1.59667 -3.3931 30
      vertex -1.15881 -3.56646 30
    endloop
  endfacet
  facet normal 0.368123 0.929777 0
    outer loop
      vertex -1.59667 -3.3931 30
      vertex -1.15881 -3.56646 28.5
      vertex -1.59667 -3.3931 28.5
    endloop
  endfacet
  facet normal 0.248701 -0.96858 0
    outer loop
      vertex -1.15881 3.56646 28.5
      vertex -0.70268 3.68358 30
      vertex -1.15881 3.56646 30
    endloop
  endfacet
  facet normal 0.248701 -0.96858 0
    outer loop
      vertex -0.70268 3.68358 30
      vertex -1.15881 3.56646 28.5
      vertex -0.70268 3.68358 28.5
    endloop
  endfacet
  facet normal -0.125327 -0.992116 0
    outer loop
      vertex 0.235464 3.7426 28.5
      vertex 0.70268 3.68358 30
      vertex 0.235464 3.7426 30
    endloop
  endfacet
  facet normal -0.125327 -0.992116 -0
    outer loop
      vertex 0.70268 3.68358 30
      vertex 0.235464 3.7426 28.5
      vertex 0.70268 3.68358 28.5
    endloop
  endfacet
  facet normal -0.770517 0.637419 0
    outer loop
      vertex 2.73363 -2.56705 28.5
      vertex 3.03381 -2.20419 30
      vertex 3.03381 -2.20419 28.5
    endloop
  endfacet
  facet normal -0.770517 0.637419 0
    outer loop
      vertex 3.03381 -2.20419 30
      vertex 2.73363 -2.56705 28.5
      vertex 2.73363 -2.56705 30
    endloop
  endfacet
  facet normal -0.998027 -0.0627909 0
    outer loop
      vertex 3.75 0 28.5
      vertex 3.72043 0.469999 30
      vertex 3.72043 0.469999 28.5
    endloop
  endfacet
  facet normal -0.998027 -0.0627909 0
    outer loop
      vertex 3.72043 0.469999 30
      vertex 3.75 0 28.5
      vertex 3.75 0 30
    endloop
  endfacet
  facet normal -0.481749 0.876309 0
    outer loop
      vertex 2.00935 -3.16623 28.5
      vertex 1.59667 -3.3931 30
      vertex 2.00935 -3.16623 30
    endloop
  endfacet
  facet normal -0.481749 0.876309 0
    outer loop
      vertex 1.59667 -3.3931 30
      vertex 2.00935 -3.16623 28.5
      vertex 1.59667 -3.3931 28.5
    endloop
  endfacet
  facet normal -0.684546 0.728969 0
    outer loop
      vertex 2.73363 -2.56705 28.5
      vertex 2.39034 -2.88942 30
      vertex 2.73363 -2.56705 30
    endloop
  endfacet
  facet normal -0.684546 0.728969 0
    outer loop
      vertex 2.39034 -2.88942 30
      vertex 2.73363 -2.56705 28.5
      vertex 2.39034 -2.88942 28.5
    endloop
  endfacet
  facet normal -0.904829 -0.425776 0
    outer loop
      vertex 3.48666 1.38047 28.5
      vertex 3.28615 1.80658 30
      vertex 3.28615 1.80658 28.5
    endloop
  endfacet
  facet normal -0.904829 -0.425776 0
    outer loop
      vertex 3.28615 1.80658 30
      vertex 3.48666 1.38047 28.5
      vertex 3.48666 1.38047 30
    endloop
  endfacet
  facet normal -0.904829 0.425776 0
    outer loop
      vertex 3.28615 -1.80658 28.5
      vertex 3.48666 -1.38047 30
      vertex 3.48666 -1.38047 28.5
    endloop
  endfacet
  facet normal -0.904829 0.425776 0
    outer loop
      vertex 3.48666 -1.38047 30
      vertex 3.28615 -1.80658 28.5
      vertex 3.28615 -1.80658 30
    endloop
  endfacet
  facet normal -0.684546 -0.728969 0
    outer loop
      vertex 2.39034 2.88942 28.5
      vertex 2.73363 2.56705 30
      vertex 2.39034 2.88942 30
    endloop
  endfacet
  facet normal -0.684546 -0.728969 -0
    outer loop
      vertex 2.73363 2.56705 30
      vertex 2.39034 2.88942 28.5
      vertex 2.73363 2.56705 28.5
    endloop
  endfacet
  facet normal -0.982289 -0.187374 0
    outer loop
      vertex 3.72043 0.469999 28.5
      vertex 3.63219 0.932587 30
      vertex 3.63219 0.932587 28.5
    endloop
  endfacet
  facet normal -0.982289 -0.187374 0
    outer loop
      vertex 3.63219 0.932587 30
      vertex 3.72043 0.469999 28.5
      vertex 3.72043 0.469999 30
    endloop
  endfacet
  facet normal 0.587792 0.809012 -0
    outer loop
      vertex -2.00935 -3.16623 28.5
      vertex -2.39034 -2.88942 30
      vertex -2.00935 -3.16623 30
    endloop
  endfacet
  facet normal 0.587792 0.809012 0
    outer loop
      vertex -2.39034 -2.88942 30
      vertex -2.00935 -3.16623 28.5
      vertex -2.39034 -2.88942 28.5
    endloop
  endfacet
  facet normal -0.951054 0.309025 0
    outer loop
      vertex 3.48666 -1.38047 28.5
      vertex 3.63219 -0.932587 30
      vertex 3.63219 -0.932587 28.5
    endloop
  endfacet
  facet normal -0.951054 0.309025 0
    outer loop
      vertex 3.63219 -0.932587 30
      vertex 3.48666 -1.38047 28.5
      vertex 3.48666 -1.38047 30
    endloop
  endfacet
  facet normal 0.481749 0.876309 -0
    outer loop
      vertex -1.59667 -3.3931 28.5
      vertex -2.00935 -3.16623 30
      vertex -1.59667 -3.3931 30
    endloop
  endfacet
  facet normal 0.481749 0.876309 0
    outer loop
      vertex -2.00935 -3.16623 30
      vertex -1.59667 -3.3931 28.5
      vertex -2.00935 -3.16623 28.5
    endloop
  endfacet
  facet normal 0 1 -0
    outer loop
      vertex 0.235464 -3.7426 28.5
      vertex -0.235464 -3.7426 30
      vertex 0.235464 -3.7426 30
    endloop
  endfacet
  facet normal 0 1 0
    outer loop
      vertex -0.235464 -3.7426 30
      vertex 0.235464 -3.7426 28.5
      vertex -0.235464 -3.7426 28.5
    endloop
  endfacet
  facet normal 0.587792 -0.809012 0
    outer loop
      vertex -2.39034 2.88942 28.5
      vertex -2.00935 3.16623 30
      vertex -2.39034 2.88942 30
    endloop
  endfacet
  facet normal 0.587792 -0.809012 0
    outer loop
      vertex -2.00935 3.16623 30
      vertex -2.39034 2.88942 28.5
      vertex -2.00935 3.16623 28.5
    endloop
  endfacet
  facet normal 0.904829 -0.425776 0
    outer loop
      vertex -3.48666 1.38047 30
      vertex -3.28615 1.80658 28.5
      vertex -3.28615 1.80658 30
    endloop
  endfacet
  facet normal 0.904829 -0.425776 0
    outer loop
      vertex -3.28615 1.80658 28.5
      vertex -3.48666 1.38047 30
      vertex -3.48666 1.38047 28.5
    endloop
  endfacet
  facet normal -0.770517 -0.637419 0
    outer loop
      vertex 3.03381 2.20419 28.5
      vertex 2.73363 2.56705 30
      vertex 2.73363 2.56705 28.5
    endloop
  endfacet
  facet normal -0.770517 -0.637419 0
    outer loop
      vertex 2.73363 2.56705 30
      vertex 3.03381 2.20419 28.5
      vertex 3.03381 2.20419 30
    endloop
  endfacet
  facet normal 0.844319 0.53584 0
    outer loop
      vertex -3.03381 -2.20419 30
      vertex -3.28615 -1.80658 28.5
      vertex -3.28615 -1.80658 30
    endloop
  endfacet
  facet normal 0.844319 0.53584 0
    outer loop
      vertex -3.28615 -1.80658 28.5
      vertex -3.03381 -2.20419 30
      vertex -3.03381 -2.20419 28.5
    endloop
  endfacet
  facet normal 0.684546 0.728969 -0
    outer loop
      vertex -2.39034 -2.88942 28.5
      vertex -2.73363 -2.56705 30
      vertex -2.39034 -2.88942 30
    endloop
  endfacet
  facet normal 0.684546 0.728969 0
    outer loop
      vertex -2.73363 -2.56705 30
      vertex -2.39034 -2.88942 28.5
      vertex -2.73363 -2.56705 28.5
    endloop
  endfacet
  facet normal -0.481749 -0.876309 0
    outer loop
      vertex 1.59667 3.3931 28.5
      vertex 2.00935 3.16623 30
      vertex 1.59667 3.3931 30
    endloop
  endfacet
  facet normal -0.481749 -0.876309 -0
    outer loop
      vertex 2.00935 3.16623 30
      vertex 1.59667 3.3931 28.5
      vertex 2.00935 3.16623 28.5
    endloop
  endfacet
  facet normal 0.982289 0.187374 0
    outer loop
      vertex -3.63219 -0.932587 30
      vertex -3.72043 -0.469999 28.5
      vertex -3.72043 -0.469999 30
    endloop
  endfacet
  facet normal 0.982289 0.187374 0
    outer loop
      vertex -3.72043 -0.469999 28.5
      vertex -3.63219 -0.932587 30
      vertex -3.63219 -0.932587 28.5
    endloop
  endfacet
  facet normal 0.770517 -0.637419 0
    outer loop
      vertex -3.03381 2.20419 30
      vertex -2.73363 2.56705 28.5
      vertex -2.73363 2.56705 30
    endloop
  endfacet
  facet normal 0.770517 -0.637419 0
    outer loop
      vertex -2.73363 2.56705 28.5
      vertex -3.03381 2.20419 30
      vertex -3.03381 2.20419 28.5
    endloop
  endfacet
  facet normal -0.587792 -0.809012 0
    outer loop
      vertex 2.00935 3.16623 28.5
      vertex 2.39034 2.88942 30
      vertex 2.00935 3.16623 30
    endloop
  endfacet
  facet normal -0.587792 -0.809012 -0
    outer loop
      vertex 2.39034 2.88942 30
      vertex 2.00935 3.16623 28.5
      vertex 2.39034 2.88942 28.5
    endloop
  endfacet
  facet normal -0.998027 0.0627909 0
    outer loop
      vertex 3.72043 -0.469999 28.5
      vertex 3.75 0 30
      vertex 3.75 0 28.5
    endloop
  endfacet
  facet normal -0.998027 0.0627909 0
    outer loop
      vertex 3.75 0 30
      vertex 3.72043 -0.469999 28.5
      vertex 3.72043 -0.469999 30
    endloop
  endfacet
  facet normal 0.125327 0.992116 -0
    outer loop
      vertex -0.235464 -3.7426 28.5
      vertex -0.70268 -3.68358 30
      vertex -0.235464 -3.7426 30
    endloop
  endfacet
  facet normal 0.125327 0.992116 0
    outer loop
      vertex -0.70268 -3.68358 30
      vertex -0.235464 -3.7426 28.5
      vertex -0.70268 -3.68358 28.5
    endloop
  endfacet
  facet normal 0.684546 -0.728969 0
    outer loop
      vertex -2.73363 2.56705 28.5
      vertex -2.39034 2.88942 30
      vertex -2.73363 2.56705 30
    endloop
  endfacet
  facet normal 0.684546 -0.728969 0
    outer loop
      vertex -2.39034 2.88942 30
      vertex -2.73363 2.56705 28.5
      vertex -2.39034 2.88942 28.5
    endloop
  endfacet
  facet normal 0.770517 0.637419 0
    outer loop
      vertex -2.73363 -2.56705 30
      vertex -3.03381 -2.20419 28.5
      vertex -3.03381 -2.20419 30
    endloop
  endfacet
  facet normal 0.770517 0.637419 0
    outer loop
      vertex -3.03381 -2.20419 28.5
      vertex -2.73363 -2.56705 30
      vertex -2.73363 -2.56705 28.5
    endloop
  endfacet
  facet normal -0.248701 -0.96858 0
    outer loop
      vertex 0.70268 3.68358 28.5
      vertex 1.15881 3.56646 30
      vertex 0.70268 3.68358 30
    endloop
  endfacet
  facet normal -0.248701 -0.96858 -0
    outer loop
      vertex 1.15881 3.56646 30
      vertex 0.70268 3.68358 28.5
      vertex 1.15881 3.56646 28.5
    endloop
  endfacet
  facet normal 0.368123 -0.929777 0
    outer loop
      vertex -1.59667 3.3931 28.5
      vertex -1.15881 3.56646 30
      vertex -1.59667 3.3931 30
    endloop
  endfacet
  facet normal 0.368123 -0.929777 0
    outer loop
      vertex -1.15881 3.56646 30
      vertex -1.59667 3.3931 28.5
      vertex -1.15881 3.56646 28.5
    endloop
  endfacet
  facet normal -0.368123 0.929777 0
    outer loop
      vertex 1.59667 -3.3931 28.5
      vertex 1.15881 -3.56646 30
      vertex 1.59667 -3.3931 30
    endloop
  endfacet
  facet normal -0.368123 0.929777 0
    outer loop
      vertex 1.15881 -3.56646 30
      vertex 1.59667 -3.3931 28.5
      vertex 1.15881 -3.56646 28.5
    endloop
  endfacet
  facet normal 0.125327 -0.992116 0
    outer loop
      vertex -0.70268 3.68358 28.5
      vertex -0.235464 3.7426 30
      vertex -0.70268 3.68358 30
    endloop
  endfacet
  facet normal 0.125327 -0.992116 0
    outer loop
      vertex -0.235464 3.7426 30
      vertex -0.70268 3.68358 28.5
      vertex -0.235464 3.7426 28.5
    endloop
  endfacet
  facet normal 0.998027 -0.0627909 0
    outer loop
      vertex -3.75 0 30
      vertex -3.72043 0.469999 28.5
      vertex -3.72043 0.469999 30
    endloop
  endfacet
  facet normal 0.998027 -0.0627909 0
    outer loop
      vertex -3.72043 0.469999 28.5
      vertex -3.75 0 30
      vertex -3.75 0 28.5
    endloop
  endfacet
  facet normal 0.481749 -0.876309 0
    outer loop
      vertex -2.00935 3.16623 28.5
      vertex -1.59667 3.3931 30
      vertex -2.00935 3.16623 30
    endloop
  endfacet
  facet normal 0.481749 -0.876309 0
    outer loop
      vertex -1.59667 3.3931 30
      vertex -2.00935 3.16623 28.5
      vertex -1.59667 3.3931 28.5
    endloop
  endfacet
  facet normal -0.951054 -0.309025 0
    outer loop
      vertex 3.63219 0.932587 28.5
      vertex 3.48666 1.38047 30
      vertex 3.48666 1.38047 28.5
    endloop
  endfacet
  facet normal -0.951054 -0.309025 0
    outer loop
      vertex 3.48666 1.38047 30
      vertex 3.63219 0.932587 28.5
      vertex 3.63219 0.932587 30
    endloop
  endfacet
  facet normal 0 -1 0
    outer loop
      vertex -0.235464 3.7426 28.5
      vertex 0.235464 3.7426 30
      vertex -0.235464 3.7426 30
    endloop
  endfacet
  facet normal 0 -1 -0
    outer loop
      vertex 0.235464 3.7426 30
      vertex -0.235464 3.7426 28.5
      vertex 0.235464 3.7426 28.5
    endloop
  endfacet
  facet normal -0.248701 0.96858 0
    outer loop
      vertex 1.15881 -3.56646 28.5
      vertex 0.70268 -3.68358 30
      vertex 1.15881 -3.56646 30
    endloop
  endfacet
  facet normal -0.248701 0.96858 0
    outer loop
      vertex 0.70268 -3.68358 30
      vertex 1.15881 -3.56646 28.5
      vertex 0.70268 -3.68358 28.5
    endloop
  endfacet
  facet normal 0.844319 -0.53584 0
    outer loop
      vertex -3.28615 1.80658 30
      vertex -3.03381 2.20419 28.5
      vertex -3.03381 2.20419 30
    endloop
  endfacet
  facet normal 0.844319 -0.53584 0
    outer loop
      vertex -3.03381 2.20419 28.5
      vertex -3.28615 1.80658 30
      vertex -3.28615 1.80658 28.5
    endloop
  endfacet
  facet normal 0.951054 -0.309025 0
    outer loop
      vertex -3.63219 0.932587 30
      vertex -3.48666 1.38047 28.5
      vertex -3.48666 1.38047 30
    endloop
  endfacet
  facet normal 0.951054 -0.309025 0
    outer loop
      vertex -3.48666 1.38047 28.5
      vertex -3.63219 0.932587 30
      vertex -3.63219 0.932587 28.5
    endloop
  endfacet
  facet normal 0.998027 0.0627909 0
    outer loop
      vertex -3.72043 -0.469999 30
      vertex -3.75 0 28.5
      vertex -3.75 0 30
    endloop
  endfacet
  facet normal 0.998027 0.0627909 0
    outer loop
      vertex -3.75 0 28.5
      vertex -3.72043 -0.469999 30
      vertex -3.72043 -0.469999 28.5
    endloop
  endfacet
  facet normal -0.587792 0.809012 0
    outer loop
      vertex 2.39034 -2.88942 28.5
      vertex 2.00935 -3.16623 30
      vertex 2.39034 -2.88942 30
    endloop
  endfacet
  facet normal -0.587792 0.809012 0
    outer loop
      vertex 2.00935 -3.16623 30
      vertex 2.39034 -2.88942 28.5
      vertex 2.00935 -3.16623 28.5
    endloop
  endfacet
  facet normal 0.951054 0.309025 0
    outer loop
      vertex -3.48666 -1.38047 30
      vertex -3.63219 -0.932587 28.5
      vertex -3.63219 -0.932587 30
    endloop
  endfacet
  facet normal 0.951054 0.309025 0
    outer loop
      vertex -3.63219 -0.932587 28.5
      vertex -3.48666 -1.38047 30
      vertex -3.48666 -1.38047 28.5
    endloop
  endfacet
  facet normal 0.982289 -0.187374 0
    outer loop
      vertex -3.72043 0.469999 30
      vertex -3.63219 0.932587 28.5
      vertex -3.63219 0.932587 30
    endloop
  endfacet
  facet normal 0.982289 -0.187374 0
    outer loop
      vertex -3.63219 0.932587 28.5
      vertex -3.72043 0.469999 30
      vertex -3.72043 0.469999 28.5
    endloop
  endfacet
  facet normal 0.248701 0.96858 -0
    outer loop
      vertex -0.70268 -3.68358 28.5
      vertex -1.15881 -3.56646 30
      vertex -0.70268 -3.68358 30
    endloop
  endfacet
  facet normal 0.248701 0.96858 0
    outer loop
      vertex -1.15881 -3.56646 30
      vertex -0.70268 -3.68358 28.5
      vertex -1.15881 -3.56646 28.5
    endloop
  endfacet
  facet normal 0 0 1
    outer loop
      vertex 3.72043 0.469999 28.5
      vertex 3.72043 -0.469999 28.5
      vertex 3.75 0 28.5
    endloop
  endfacet
  facet normal 0 0 1
    outer loop
      vertex 3.63219 0.932587 28.5
      vertex 3.72043 -0.469999 28.5
      vertex 3.72043 0.469999 28.5
    endloop
  endfacet
  facet normal 0 0 1
    outer loop
      vertex 3.63219 0.932587 28.5
      vertex 3.63219 -0.932587 28.5
      vertex 3.72043 -0.469999 28.5
    endloop
  endfacet
  facet normal 0 0 1
    outer loop
      vertex 3.48666 1.38047 28.5
      vertex 3.63219 -0.932587 28.5
      vertex 3.63219 0.932587 28.5
    endloop
  endfacet
  facet normal 0 0 1
    outer loop
      vertex 3.48666 1.38047 28.5
      vertex 3.48666 -1.38047 28.5
      vertex 3.63219 -0.932587 28.5
    endloop
  endfacet
  facet normal 0 0 1
    outer loop
      vertex 3.28615 1.80658 28.5
      vertex 3.48666 -1.38047 28.5
      vertex 3.48666 1.38047 28.5
    endloop
  endfacet
  facet normal 0 0 1
    outer loop
      vertex 3.28615 1.80658 28.5
      vertex 3.28615 -1.80658 28.5
      vertex 3.48666 -1.38047 28.5
    endloop
  endfacet
  facet normal 0 0 1
    outer loop
      vertex 3.03381 2.20419 28.5
      vertex 3.28615 -1.80658 28.5
      vertex 3.28615 1.80658 28.5
    endloop
  endfacet
  facet normal 0 0 1
    outer loop
      vertex 3.03381 2.20419 28.5
      vertex 3.03381 -2.20419 28.5
      vertex 3.28615 -1.80658 28.5
    endloop
  endfacet
  facet normal 0 0 1
    outer loop
      vertex 2.73363 2.56705 28.5
      vertex 3.03381 -2.20419 28.5
      vertex 3.03381 2.20419 28.5
    endloop
  endfacet
  facet normal 0 0 1
    outer loop
      vertex 2.73363 2.56705 28.5
      vertex 2.73363 -2.56705 28.5
      vertex 3.03381 -2.20419 28.5
    endloop
  endfacet
  facet normal 0 0 1
    outer loop
      vertex 2.39034 2.88942 28.5
      vertex 2.73363 -2.56705 28.5
      vertex 2.73363 2.56705 28.5
    endloop
  endfacet
  facet normal 0 0 1
    outer loop
      vertex 2.39034 2.88942 28.5
      vertex 2.39034 -2.88942 28.5
      vertex 2.73363 -2.56705 28.5
    endloop
  endfacet
  facet normal 0 0 1
    outer loop
      vertex 2.00935 3.16623 28.5
      vertex 2.39034 -2.88942 28.5
      vertex 2.39034 2.88942 28.5
    endloop
  endfacet
  facet normal 0 0 1
    outer loop
      vertex 2.00935 3.16623 28.5
      vertex 2.00935 -3.16623 28.5
      vertex 2.39034 -2.88942 28.5
    endloop
  endfacet
  facet normal 0 0 1
    outer loop
      vertex 1.59667 3.3931 28.5
      vertex 2.00935 -3.16623 28.5
      vertex 2.00935 3.16623 28.5
    endloop
  endfacet
  facet normal 0 0 1
    outer loop
      vertex 1.59667 3.3931 28.5
      vertex 1.59667 -3.3931 28.5
      vertex 2.00935 -3.16623 28.5
    endloop
  endfacet
  facet normal 0 0 1
    outer loop
      vertex 1.15881 3.56646 28.5
      vertex 1.59667 -3.3931 28.5
      vertex 1.59667 3.3931 28.5
    endloop
  endfacet
  facet normal 0 0 1
    outer loop
      vertex 1.15881 3.56646 28.5
      vertex 1.15881 -3.56646 28.5
      vertex 1.59667 -3.3931 28.5
    endloop
  endfacet
  facet normal 0 0 1
    outer loop
      vertex 0.70268 3.68358 28.5
      vertex 1.15881 -3.56646 28.5
      vertex 1.15881 3.56646 28.5
    endloop
  endfacet
  facet normal 0 0 1
    outer loop
      vertex 0.70268 3.68358 28.5
      vertex 0.70268 -3.68358 28.5
      vertex 1.15881 -3.56646 28.5
    endloop
  endfacet
  facet normal 0 0 1
    outer loop
      vertex 0.235464 3.7426 28.5
      vertex 0.70268 -3.68358 28.5
      vertex 0.70268 3.68358 28.5
    endloop
  endfacet
  facet normal 0 0 1
    outer loop
      vertex 0.235464 3.7426 28.5
      vertex 0.235464 -3.7426 28.5
      vertex 0.70268 -3.68358 28.5
    endloop
  endfacet
  facet normal -0 0 1
    outer loop
      vertex -0.235464 3.7426 28.5
      vertex 0.235464 -3.7426 28.5
      vertex 0.235464 3.7426 28.5
    endloop
  endfacet
  facet normal 0 0 1
    outer loop
      vertex -0.235464 3.7426 28.5
      vertex -0.235464 -3.7426 28.5
      vertex 0.235464 -3.7426 28.5
    endloop
  endfacet
  facet normal -0 0 1
    outer loop
      vertex -0.70268 3.68358 28.5
      vertex -0.235464 -3.7426 28.5
      vertex -0.235464 3.7426 28.5
    endloop
  endfacet
  facet normal 0 0 1
    outer loop
      vertex -0.70268 3.68358 28.5
      vertex -0.70268 -3.68358 28.5
      vertex -0.235464 -3.7426 28.5
    endloop
  endfacet
  facet normal -0 0 1
    outer loop
      vertex -1.15881 3.56646 28.5
      vertex -0.70268 -3.68358 28.5
      vertex -0.70268 3.68358 28.5
    endloop
  endfacet
  facet normal 0 0 1
    outer loop
      vertex -1.15881 3.56646 28.5
      vertex -1.15881 -3.56646 28.5
      vertex -0.70268 -3.68358 28.5
    endloop
  endfacet
  facet normal -0 0 1
    outer loop
      vertex -1.59667 3.3931 28.5
      vertex -1.15881 -3.56646 28.5
      vertex -1.15881 3.56646 28.5
    endloop
  endfacet
  facet normal 0 0 1
    outer loop
      vertex -1.59667 3.3931 28.5
      vertex -1.59667 -3.3931 28.5
      vertex -1.15881 -3.56646 28.5
    endloop
  endfacet
  facet normal -0 0 1
    outer loop
      vertex -2.00935 3.16623 28.5
      vertex -1.59667 -3.3931 28.5
      vertex -1.59667 3.3931 28.5
    endloop
  endfacet
  facet normal 0 0 1
    outer loop
      vertex -2.00935 3.16623 28.5
      vertex -2.00935 -3.16623 28.5
      vertex -1.59667 -3.3931 28.5
    endloop
  endfacet
  facet normal -0 0 1
    outer loop
      vertex -2.39034 2.88942 28.5
      vertex -2.00935 -3.16623 28.5
      vertex -2.00935 3.16623 28.5
    endloop
  endfacet
  facet normal 0 0 1
    outer loop
      vertex -2.39034 2.88942 28.5
      vertex -2.39034 -2.88942 28.5
      vertex -2.00935 -3.16623 28.5
    endloop
  endfacet
  facet normal -0 0 1
    outer loop
      vertex -2.73363 2.56705 28.5
      vertex -2.39034 -2.88942 28.5
      vertex -2.39034 2.88942 28.5
    endloop
  endfacet
  facet normal 0 0 1
    outer loop
      vertex -2.73363 2.56705 28.5
      vertex -2.73363 -2.56705 28.5
      vertex -2.39034 -2.88942 28.5
    endloop
  endfacet
  facet normal -0 0 1
    outer loop
      vertex -3.03381 2.20419 28.5
      vertex -2.73363 -2.56705 28.5
      vertex -2.73363 2.56705 28.5
    endloop
  endfacet
  facet normal 0 0 1
    outer loop
      vertex -3.03381 2.20419 28.5
      vertex -3.03381 -2.20419 28.5
      vertex -2.73363 -2.56705 28.5
    endloop
  endfacet
  facet normal -0 0 1
    outer loop
      vertex -3.28615 1.80658 28.5
      vertex -3.03381 -2.20419 28.5
      vertex -3.03381 2.20419 28.5
    endloop
  endfacet
  facet normal 0 0 1
    outer loop
      vertex -3.28615 1.80658 28.5
      vertex -3.28615 -1.80658 28.5
      vertex -3.03381 -2.20419 28.5
    endloop
  endfacet
  facet normal -0 0 1
    outer loop
      vertex -3.48666 1.38047 28.5
      vertex -3.28615 -1.80658 28.5
      vertex -3.28615 1.80658 28.5
    endloop
  endfacet
  facet normal 0 0 1
    outer loop
      vertex -3.48666 1.38047 28.5
      vertex -3.48666 -1.38047 28.5
      vertex -3.28615 -1.80658 28.5
    endloop
  endfacet
  facet normal -0 0 1
    outer loop
      vertex -3.63219 0.932587 28.5
      vertex -3.48666 -1.38047 28.5
      vertex -3.48666 1.38047 28.5
    endloop
  endfacet
  facet normal 0 0 1
    outer loop
      vertex -3.63219 0.932587 28.5
      vertex -3.63219 -0.932587 28.5
      vertex -3.48666 -1.38047 28.5
    endloop
  endfacet
  facet normal -0 0 1
    outer loop
      vertex -3.72043 0.469999 28.5
      vertex -3.63219 -0.932587 28.5
      vertex -3.63219 0.932587 28.5
    endloop
  endfacet
  facet normal 0 0 1
    outer loop
      vertex -3.72043 0.469999 28.5
      vertex -3.72043 -0.469999 28.5
      vertex -3.63219 -0.932587 28.5
    endloop
  endfacet
  facet normal 0 -0 1
    outer loop
      vertex -3.72043 -0.469999 28.5
      vertex -3.72043 0.469999 28.5
      vertex -3.75 0 28.5
    endloop
  endfacet
endsolid OpenSCAD_Model
