solid OpenSCAD_Model
  facet normal -0.0249866 4.00515e-05 0.999688
    outer loop
      vertex 6.69691 0.846016 29.9945
      vertex 8.16388 0 30.0312
      vertex 6.80975 1.35454 29.9973
    endloop
  endfacet
  facet normal -0.0250314 0 0.999687
    outer loop
      vertex 6.7501 -0.000131157 29.9958
      vertex 8.16388 0 30.0312
      vertex 6.7501 0 29.9958
    endloop
  endfacet
  facet normal -0.0250314 0 0.999687
    outer loop
      vertex 8.16388 0 30.0312
      vertex 6.7501 0.000131157 29.9958
      vertex 6.7501 0 29.9958
    endloop
  endfacet
  facet normal -0.0250314 -3.76272e-05 0.999687
    outer loop
      vertex 8.16388 0 30.0312
      vertex 6.69691 0.846016 29.9945
      vertex 6.7501 0.000131157 29.9958
    endloop
  endfacet
  facet normal -0.0245851 -0.00127968 0.999697
    outer loop
      vertex 6.61446 1.27852 29.9924
      vertex 6.80975 1.35454 29.9973
      vertex 6.66084 1.32492 29.9936
    endloop
  endfacet
  facet normal -0.0251092 6.72542e-05 0.999685
    outer loop
      vertex 6.80975 1.35454 29.9973
      vertex 6.61446 1.27852 29.9924
      vertex 6.69691 0.846016 29.9945
    endloop
  endfacet
  facet normal -0.0250314 3.76272e-05 0.999687
    outer loop
      vertex 6.69691 -0.846016 29.9945
      vertex 8.16388 0 30.0312
      vertex 6.7501 -0.000131157 29.9958
    endloop
  endfacet
  facet normal -0.0249866 -4.00515e-05 0.999688
    outer loop
      vertex 8.16388 0 30.0312
      vertex 6.69691 -0.846016 29.9945
      vertex 6.80975 -1.35454 29.9973
    endloop
  endfacet
  facet normal -0.0251092 -6.72542e-05 0.999685
    outer loop
      vertex 6.61446 -1.27852 29.9924
      vertex 6.80975 -1.35454 29.9973
      vertex 6.69691 -0.846016 29.9945
    endloop
  endfacet
  facet normal -0.0245851 0.00127968 0.999697
    outer loop
      vertex 6.80975 -1.35454 29.9973
      vertex 6.61446 -1.27852 29.9924
      vertex 6.66084 -1.32492 29.9936
    endloop
  endfacet
  facet normal -0.70692 0.707073 -0.0176731
    outer loop
      vertex 6.71306 1.33531 28.3205
      vertex 6.61446 1.27852 29.9924
      vertex 6.66084 1.32492 29.9936
    endloop
  endfacet
  facet normal -0.706881 0.707111 -0.017672
    outer loop
      vertex 7.02046 1.28391 13.9678
      vertex 6.71306 1.33531 28.3205
      vertex 7.10973 1.41421 15.6107
    endloop
  endfacet
  facet normal -0.706914 0.707078 -0.0176726
    outer loop
      vertex 6.71306 1.33531 28.3205
      vertex 7.02046 1.28391 13.9678
      vertex 6.61446 1.27852 29.9924
    endloop
  endfacet
  facet normal -0.706881 0.707112 -0.017672
    outer loop
      vertex 7.10973 1.41421 15.6107
      vertex 7.30636 1.28771 2.68385
      vertex 7.02046 1.28391 13.9678
    endloop
  endfacet
  facet normal -0.706865 0.707128 -0.0176719
    outer loop
      vertex 7.30636 1.28771 2.68385
      vertex 7.10973 1.41421 15.6107
      vertex 7.4999 1.41421 0.00418472
    endloop
  endfacet
  facet normal 0.706882 0.707111 0.0176791
    outer loop
      vertex 8.16388 0 30.0312
      vertex 6.83401 1.35937 28.8341
      vertex 6.80975 1.35454 29.9973
    endloop
  endfacet
  facet normal 0.706885 0.707107 0.0176717
    outer loop
      vertex 8.16388 0 30.0312
      vertex 7.10973 1.41421 15.6107
      vertex 6.83401 1.35937 28.8341
    endloop
  endfacet
  facet normal 0.706883 0.707109 0.017672
    outer loop
      vertex 8.91367 0 0.0395288
      vertex 7.10973 1.41421 15.6107
      vertex 8.16388 0 30.0312
    endloop
  endfacet
  facet normal 0.706885 0.707107 0.0176725
    outer loop
      vertex 7.10973 1.41421 15.6107
      vertex 8.91367 0 0.0395288
      vertex 7.4999 1.41421 0.00418472
    endloop
  endfacet
  facet normal 0.0249921 0 -0.999688
    outer loop
      vertex 7.4999 -4.54743e-06 0.00418472
      vertex 8.91367 0 0.0395288
      vertex 7.4999 -1.41421 0.00418472
    endloop
  endfacet
  facet normal 0.024992 0.00219835 -0.999685
    outer loop
      vertex 8.91367 0 0.0395288
      vertex 7.4999 -4.54743e-06 0.00418472
      vertex 7.4999 0 0.00418473
    endloop
  endfacet
  facet normal 0.024992 -0.00219835 -0.999685
    outer loop
      vertex 7.4999 4.54743e-06 0.00418472
      vertex 8.91367 0 0.0395288
      vertex 7.4999 0 0.00418473
    endloop
  endfacet
  facet normal 0.0249921 0 -0.999688
    outer loop
      vertex 8.91367 0 0.0395288
      vertex 7.4999 4.54743e-06 0.00418472
      vertex 7.4999 1.41421 0.00418472
    endloop
  endfacet
  facet normal -0.70692 -0.707073 -0.0176731
    outer loop
      vertex 6.61446 -1.27852 29.9924
      vertex 6.71306 -1.33531 28.3205
      vertex 6.66084 -1.32492 29.9936
    endloop
  endfacet
  facet normal -0.706914 -0.707078 -0.0176726
    outer loop
      vertex 7.02046 -1.28391 13.9678
      vertex 6.71306 -1.33531 28.3205
      vertex 6.61446 -1.27852 29.9924
    endloop
  endfacet
  facet normal -0.706881 -0.707111 -0.017672
    outer loop
      vertex 6.71306 -1.33531 28.3205
      vertex 7.02046 -1.28391 13.9678
      vertex 7.10973 -1.41421 15.6107
    endloop
  endfacet
  facet normal -0.706881 -0.707112 -0.017672
    outer loop
      vertex 7.30636 -1.28771 2.68385
      vertex 7.10973 -1.41421 15.6107
      vertex 7.02046 -1.28391 13.9678
    endloop
  endfacet
  facet normal -0.706865 -0.707128 -0.0176719
    outer loop
      vertex 7.10973 -1.41421 15.6107
      vertex 7.30636 -1.28771 2.68385
      vertex 7.4999 -1.41421 0.00418472
    endloop
  endfacet
  facet normal 0.0249903 0 -0.999688
    outer loop
      vertex 7.4408 0.939914 0.00270733
      vertex 7.4999 1.41421 0.00418472
      vertex 7.4999 4.54743e-06 0.00418472
    endloop
  endfacet
  facet normal 0.0183191 0.000831724 -0.999832
    outer loop
      vertex 7.44079 0.93999 0.00270721
      vertex 7.4999 1.41421 0.00418472
      vertex 7.4408 0.939914 0.00270733
    endloop
  endfacet
  facet normal 0.0306688 -0.000708569 -0.999529
    outer loop
      vertex 7.44078 0.940065 0.00270685
      vertex 7.4999 1.41421 0.00418472
      vertex 7.44079 0.93999 0.00270721
    endloop
  endfacet
  facet normal 0.02499 -6.93853e-09 -0.999688
    outer loop
      vertex 7.4999 1.41421 0.00418472
      vertex 7.44078 0.940065 0.00270685
      vertex 7.37433 1.28861 0.00104574
    endloop
  endfacet
  facet normal 0.0249903 0 -0.999688
    outer loop
      vertex 7.4999 -1.41421 0.00418472
      vertex 7.4408 -0.939914 0.00270733
      vertex 7.4999 -4.54743e-06 0.00418472
    endloop
  endfacet
  facet normal 0.0183191 -0.000831724 -0.999832
    outer loop
      vertex 7.4999 -1.41421 0.00418472
      vertex 7.44079 -0.93999 0.00270721
      vertex 7.4408 -0.939914 0.00270733
    endloop
  endfacet
  facet normal 0.0306688 0.000708569 -0.999529
    outer loop
      vertex 7.4999 -1.41421 0.00418472
      vertex 7.44078 -0.940065 0.00270685
      vertex 7.44079 -0.93999 0.00270721
    endloop
  endfacet
  facet normal 0.02499 6.93853e-09 -0.999688
    outer loop
      vertex 7.44078 -0.940065 0.00270685
      vertex 7.4999 -1.41421 0.00418472
      vertex 7.37433 -1.28861 0.00104574
    endloop
  endfacet
  facet normal 0.706882 -0.707111 0.0176791
    outer loop
      vertex 6.83401 -1.35937 28.8341
      vertex 8.16388 0 30.0312
      vertex 6.80975 -1.35454 29.9973
    endloop
  endfacet
  facet normal 0.706885 -0.707107 0.0176717
    outer loop
      vertex 7.10973 -1.41421 15.6107
      vertex 8.16388 0 30.0312
      vertex 6.83401 -1.35937 28.8341
    endloop
  endfacet
  facet normal 0.706883 -0.707109 0.017672
    outer loop
      vertex 7.10973 -1.41421 15.6107
      vertex 8.91367 0 0.0395288
      vertex 8.16388 0 30.0312
    endloop
  endfacet
  facet normal 0.706885 -0.707107 0.0176725
    outer loop
      vertex 8.91367 0 0.0395288
      vertex 7.10973 -1.41421 15.6107
      vertex 7.4999 -1.41421 0.00418472
    endloop
  endfacet
  facet normal -0.70686 -0.707133 -0.0176714
    outer loop
      vertex 7.4999 -1.41421 0.00418472
      vertex 7.30636 -1.28771 2.68385
      vertex 7.37433 -1.28861 0.00104574
    endloop
  endfacet
  facet normal -0.70686 0.707133 -0.0176714
    outer loop
      vertex 7.37433 1.28861 0.00104574
      vertex 7.30636 1.28771 2.68385
      vertex 7.4999 1.41421 0.00418472
    endloop
  endfacet
  facet normal -0.0231767 -0.00955449 0.999686
    outer loop
      vertex 6.53802 1.67887 29.9941
      vertex 6.80975 1.35454 29.9973
      vertex 7.54244 3.12418 30.0312
    endloop
  endfacet
  facet normal -0.0232311 -0.00960427 0.999684
    outer loop
      vertex 6.60086 1.34978 29.9924
      vertex 6.80975 1.35454 29.9973
      vertex 6.53811 1.67851 29.9941
    endloop
  endfacet
  facet normal -0.0232705 -0.00788918 0.999698
    outer loop
      vertex 6.80975 1.35454 29.9973
      vertex 6.60086 1.34978 29.9924
      vertex 6.66084 1.32492 29.9936
    endloop
  endfacet
  facet normal -0.0147012 -0.0024502 0.999889
    outer loop
      vertex 6.80975 1.35454 29.9973
      vertex 6.53808 1.67869 29.9941
      vertex 6.53811 1.67851 29.9941
    endloop
  endfacet
  facet normal -0.0195534 -0.00651779 0.999788
    outer loop
      vertex 6.80975 1.35454 29.9973
      vertex 6.53802 1.67887 29.9941
      vertex 6.53808 1.67869 29.9941
    endloop
  endfacet
  facet normal -0.0230926 -0.00961294 0.999687
    outer loop
      vertex 7.54244 3.12418 30.0312
      vertex 6.27609 2.48488 29.9958
      vertex 6.53802 1.67887 29.9941
    endloop
  endfacet
  facet normal -0.0223134 -0.0111567 0.999689
    outer loop
      vertex 7.54244 3.12418 30.0312
      vertex 6.27603 2.485 29.9958
      vertex 6.27609 2.48488 29.9958
    endloop
  endfacet
  facet normal -0.0231132 -0.00957191 0.999687
    outer loop
      vertex 7.54244 3.12418 30.0312
      vertex 5.91518 3.2519 29.9948
      vertex 6.27603 2.485 29.9958
    endloop
  endfacet
  facet normal -0.0231117 -0.00955302 0.999687
    outer loop
      vertex 5.77303 3.85742 29.9973
      vertex 5.91518 3.2519 29.9948
      vertex 7.54244 3.12418 30.0312
    endloop
  endfacet
  facet normal -0.0218481 -0.0111533 0.999699
    outer loop
      vertex 5.6222 3.71368 29.9924
      vertex 5.77303 3.85742 29.9973
      vertex 5.64679 3.77307 29.9936
    endloop
  endfacet
  facet normal -0.0233249 -0.00960306 0.999682
    outer loop
      vertex 5.77303 3.85742 29.9973
      vertex 5.6222 3.71368 29.9924
      vertex 5.91518 3.2519 29.9948
    endloop
  endfacet
  facet normal 0.923677 -0.382764 0.0176726
    outer loop
      vertex 8.23515 3.41111 0.0395288
      vertex 7.10973 1.41421 15.6107
      vertex 7.4702 1.56352 0.00418472
    endloop
  endfacet
  facet normal 0.923676 -0.382767 0.0176721
    outer loop
      vertex 7.10973 1.41421 15.6107
      vertex 8.23515 3.41111 0.0395288
      vertex 6.83401 1.35937 28.8341
    endloop
  endfacet
  facet normal -0.923677 0.382765 -0.0176701
    outer loop
      vertex 6.31944 4.01154 0.00102634
      vertex 6.25677 3.98477 2.69711
      vertex 6.3878 4.17665 0.00418472
    endloop
  endfacet
  facet normal 0.923675 -0.382769 0.0176719
    outer loop
      vertex 7.54244 3.12418 30.0312
      vertex 6.83401 1.35937 28.8341
      vertex 8.23515 3.41111 0.0395288
    endloop
  endfacet
  facet normal 0.923674 -0.382771 0.017675
    outer loop
      vertex 6.83401 1.35937 28.8341
      vertex 7.54244 3.12418 30.0312
      vertex 6.80975 1.35454 29.9973
    endloop
  endfacet
  facet normal 0.0230897 0.00956412 -0.999688
    outer loop
      vertex 7.4702 1.56352 0.00418472
      vertex 6.3878 4.17665 0.00418472
      vertex 8.23515 3.41111 0.0395288
    endloop
  endfacet
  facet normal -0.382463 -0.923802 -0.0176723
    outer loop
      vertex 6.82935 1.44026 20.3176
      vertex 6.71306 1.33531 28.3205
      vertex 6.66801 1.37637 27.1491
    endloop
  endfacet
  facet normal -0.38251 -0.923782 -0.0176727
    outer loop
      vertex 6.82935 1.44026 20.3176
      vertex 7.10973 1.41421 15.6107
      vertex 6.71306 1.33531 28.3205
    endloop
  endfacet
  facet normal -0.382514 -0.923781 -0.0176729
    outer loop
      vertex 7.30916 1.63026 0.00110378
      vertex 7.10973 1.41421 15.6107
      vertex 6.82935 1.44026 20.3176
    endloop
  endfacet
  facet normal -0.382507 -0.923784 -0.0176729
    outer loop
      vertex 7.10973 1.41421 15.6107
      vertex 7.30916 1.63026 0.00110378
      vertex 7.4702 1.56352 0.00418472
    endloop
  endfacet
  facet normal 0.0230891 0.0095638 -0.999688
    outer loop
      vertex 7.26432 1.86516 0.00231538
      vertex 7.4702 1.56352 0.00418472
      vertex 7.30916 1.63026 0.00110378
    endloop
  endfacet
  facet normal 0.0230897 0.00956421 -0.999688
    outer loop
      vertex 6.97326 2.76078 0.00416137
      vertex 7.4702 1.56352 0.00418472
      vertex 7.26432 1.86516 0.00231538
    endloop
  endfacet
  facet normal 0.0117288 0.00484872 -0.999919
    outer loop
      vertex 6.97323 2.7609 0.0041616
      vertex 7.4702 1.56352 0.00418472
      vertex 6.97326 2.76078 0.00416137
    endloop
  endfacet
  facet normal 0.0188583 0.00817942 -0.999789
    outer loop
      vertex 6.3878 4.17665 0.00418472
      vertex 6.57227 3.61304 0.00305327
      vertex 6.57223 3.61312 0.00305317
    endloop
  endfacet
  facet normal 0.0232017 0.00961052 -0.999685
    outer loop
      vertex 6.97323 2.7609 0.0041616
      vertex 6.3878 4.17665 0.00418472
      vertex 7.4702 1.56352 0.00418472
    endloop
  endfacet
  facet normal 0.0230892 0.00956399 -0.999688
    outer loop
      vertex 6.57227 3.61304 0.00305327
      vertex 6.3878 4.17665 0.00418472
      vertex 6.97323 2.7609 0.0041616
    endloop
  endfacet
  facet normal 0.0298581 0.0117788 -0.999485
    outer loop
      vertex 6.57219 3.61319 0.0030528
      vertex 6.3878 4.17665 0.00418472
      vertex 6.57223 3.61312 0.00305317
    endloop
  endfacet
  facet normal 0.0230883 0.0095638 -0.999688
    outer loop
      vertex 6.3878 4.17665 0.00418472
      vertex 6.57219 3.61319 0.0030528
      vertex 6.31944 4.01154 0.00102634
    endloop
  endfacet
  facet normal -0.382525 -0.923776 -0.0176759
    outer loop
      vertex 6.60086 1.34978 29.9924
      vertex 6.71306 1.33531 28.3205
      vertex 6.66084 1.32492 29.9936
    endloop
  endfacet
  facet normal -0.38247 -0.923799 -0.017672
    outer loop
      vertex 6.71306 1.33531 28.3205
      vertex 6.60086 1.34978 29.9924
      vertex 6.66801 1.37637 27.1491
    endloop
  endfacet
  facet normal -0.923687 0.38274 -0.0176724
    outer loop
      vertex 6.25677 3.98477 2.69711
      vertex 6.02734 4.02734 15.6107
      vertex 6.3878 4.17665 0.00418472
    endloop
  endfacet
  facet normal -0.923678 0.382762 -0.0176724
    outer loop
      vertex 5.89353 3.82959 18.3215
      vertex 6.02734 4.02734 15.6107
      vertex 6.25677 3.98477 2.69711
    endloop
  endfacet
  facet normal -0.923677 0.382765 -0.0176721
    outer loop
      vertex 5.89353 3.82959 18.3215
      vertex 5.64679 3.77306 29.9936
      vertex 6.02734 4.02734 15.6107
    endloop
  endfacet
  facet normal -0.923642 0.382849 -0.0176709
    outer loop
      vertex 5.64679 3.77306 29.9936
      vertex 5.89353 3.82959 18.3215
      vertex 5.6222 3.71368 29.9924
    endloop
  endfacet
  facet normal 0.0487423 0 -0.998811
    outer loop
      vertex 5.6222 3.71368 29.9924
      vertex 5.64679 3.77307 29.9936
      vertex 5.64679 3.77306 29.9936
    endloop
  endfacet
  facet normal 0.38248 0.923795 0.0176721
    outer loop
      vertex 7.54244 3.12418 30.0312
      vertex 6.02734 4.02734 15.6108
      vertex 5.77303 3.85742 29.9973
    endloop
  endfacet
  facet normal 0.512034 0.858965 0
    outer loop
      vertex 7.54244 3.12418 30.0312
      vertex 6.02734 4.02734 15.6107
      vertex 6.02734 4.02734 15.6108
    endloop
  endfacet
  facet normal 0.38248 0.923795 0.017672
    outer loop
      vertex 8.23515 3.41111 0.0395288
      vertex 6.02734 4.02734 15.6107
      vertex 7.54244 3.12418 30.0312
    endloop
  endfacet
  facet normal 0.382481 0.923794 0.0176722
    outer loop
      vertex 6.02734 4.02734 15.6107
      vertex 8.23515 3.41111 0.0395288
      vertex 6.3878 4.17665 0.00418472
    endloop
  endfacet
  facet normal -0.0177842 -0.0176967 0.999685
    outer loop
      vertex 5.46099 3.96764 29.9937
      vertex 5.77303 3.85742 29.9973
      vertex 5.77273 5.77273 30.0312
    endloop
  endfacet
  facet normal -0.0152346 -0.0104738 0.999829
    outer loop
      vertex 5.4611 3.96748 29.9937
      vertex 5.77303 3.85742 29.9973
      vertex 5.46099 3.96764 29.9937
    endloop
  endfacet
  facet normal -0.0176759 -0.0173973 0.999692
    outer loop
      vertex 5.77303 3.85742 29.9973
      vertex 5.4611 3.96748 29.9937
      vertex 5.64679 3.77307 29.9936
    endloop
  endfacet
  facet normal -0.0176566 0 0.999844
    outer loop
      vertex 5.64679 3.77307 29.9936
      vertex 5.5845 3.77307 29.9925
      vertex 5.64679 3.77306 29.9936
    endloop
  endfacet
  facet normal -0.0176539 -0.0173763 0.999693
    outer loop
      vertex 5.5845 3.77307 29.9925
      vertex 5.64679 3.77307 29.9936
      vertex 5.4611 3.96748 29.9937
    endloop
  endfacet
  facet normal -0.0177051 -0.0177104 0.999686
    outer loop
      vertex 5.77273 5.77273 30.0312
      vertex 4.9207 4.62066 29.9957
      vertex 5.46099 3.96764 29.9937
    endloop
  endfacet
  facet normal -0.0210001 -0.0152728 0.999663
    outer loop
      vertex 5.77273 5.77273 30.0312
      vertex 4.92062 4.62077 29.9957
      vertex 4.9207 4.62066 29.9957
    endloop
  endfacet
  facet normal -0.0166454 -0.0184948 0.99969
    outer loop
      vertex 5.77273 5.77273 30.0312
      vertex 4.92052 4.62086 29.9957
      vertex 4.92062 4.62077 29.9957
    endloop
  endfacet
  facet normal -0.0174531 -0.0178972 0.999687
    outer loop
      vertex 4.92052 4.62086 29.9957
      vertex 5.77273 5.77273 30.0312
      vertex 4.76598 4.76598 29.9956
    endloop
  endfacet
  facet normal 0.000151589 -0.999844 -0.0176736
    outer loop
      vertex 5.70534 3.8896 23.4011
      vertex 5.64679 3.77306 29.9936
      vertex 5.5845 3.77307 29.9925
    endloop
  endfacet
  facet normal 9.46262e-05 -0.999844 -0.0176741
    outer loop
      vertex 5.70534 3.8896 23.4011
      vertex 6.02734 4.02734 15.6107
      vertex 5.64679 3.77306 29.9936
    endloop
  endfacet
  facet normal 0.000149771 -0.999844 -0.0176718
    outer loop
      vertex 6.02734 4.02734 15.6107
      vertex 5.70534 3.8896 23.4011
      vertex 6.08741 4.25802 2.55967
    endloop
  endfacet
  facet normal 0.707107 -0.707107 0
    outer loop
      vertex 6.02734 4.02734 15.6107
      vertex 6.30323 4.30323 0.00418472
      vertex 6.02734 4.02734 15.6108
    endloop
  endfacet
  facet normal 0.000201879 -0.999844 -0.0176715
    outer loop
      vertex 6.30323 4.30323 0.00418472
      vertex 6.02734 4.02734 15.6107
      vertex 6.08741 4.25802 2.55967
    endloop
  endfacet
  facet normal -0.0176765 -0.0176738 0.999688
    outer loop
      vertex 5.77273 5.77273 30.0312
      vertex 4.30269 5.20106 29.9951
      vertex 4.76598 4.76598 29.9956
    endloop
  endfacet
  facet normal -0.0176967 -0.0176218 0.999688
    outer loop
      vertex 5.77273 5.77273 30.0312
      vertex 3.85742 5.77303 29.9973
      vertex 4.30269 5.20106 29.9951
    endloop
  endfacet
  facet normal -0.0177347 -0.0176514 0.999687
    outer loop
      vertex 3.85742 5.77303 29.9973
      vertex 3.77307 5.58593 29.9925
      vertex 4.30269 5.20106 29.9951
    endloop
  endfacet
  facet normal -0.0168094 -0.0180688 0.999695
    outer loop
      vertex 3.77307 5.64679 29.9936
      vertex 3.77307 5.58593 29.9925
      vertex 3.85742 5.77303 29.9973
    endloop
  endfacet
  facet normal 0 -0.0180713 0.999837
    outer loop
      vertex 3.77307 5.58593 29.9925
      vertex 3.77307 5.64679 29.9936
      vertex 3.77306 5.64679 29.9936
    endloop
  endfacet
  facet normal -0.999844 0.000170027 -0.0176724
    outer loop
      vertex 3.90362 5.71884 22.6074
      vertex 4.02734 6.02734 15.6107
      vertex 4.25596 6.07753 2.67662
    endloop
  endfacet
  facet normal -0.999844 0.000186788 -0.0176716
    outer loop
      vertex 3.90362 5.71884 22.6074
      vertex 3.77306 5.64679 29.9936
      vertex 4.02734 6.02734 15.6107
    endloop
  endfacet
  facet normal -0.999844 0.000155121 -0.0176719
    outer loop
      vertex 3.77306 5.64679 29.9936
      vertex 3.90362 5.71884 22.6074
      vertex 3.77307 5.58593 29.9925
    endloop
  endfacet
  facet normal -0.999844 0.000151428 -0.0176724
    outer loop
      vertex 4.02734 6.02734 15.6107
      vertex 4.30323 6.30323 0.00418472
      vertex 4.25596 6.07753 2.67662
    endloop
  endfacet
  facet normal -0.707107 0.707107 0
    outer loop
      vertex 4.30323 6.30323 0.00418472
      vertex 4.02734 6.02734 15.6107
      vertex 4.02734 6.02734 15.6108
    endloop
  endfacet
  facet normal 0.0176702 0.0176698 -0.999688
    outer loop
      vertex 6.06759 4.40836 0.00187782
      vertex 6.30323 4.30323 0.00418472
      vertex 6.13431 4.30325 0.00119929
    endloop
  endfacet
  facet normal 0.0200832 0.0230818 -0.999532
    outer loop
      vertex 6.06755 4.4084 0.00187794
      vertex 6.30323 4.30323 0.00418472
      vertex 6.06759 4.40836 0.00187782
    endloop
  endfacet
  facet normal 0.0176698 0.0176699 -0.999688
    outer loop
      vertex 5.46719 5.13403 0.00409226
      vertex 6.30323 4.30323 0.00418472
      vertex 6.06755 4.4084 0.00187794
    endloop
  endfacet
  facet normal 0.017671 0.0176709 -0.999688
    outer loop
      vertex 4.30323 6.30323 0.00418472
      vertex 4.78055 5.77884 0.00335278
      vertex 4.30325 6.12569 0.00104681
    endloop
  endfacet
  facet normal 0.0176395 0.0176395 -0.999689
    outer loop
      vertex 5.46719 5.13403 0.00409226
      vertex 4.30323 6.30323 0.00418472
      vertex 6.30323 4.30323 0.00418472
    endloop
  endfacet
  facet normal 0.0176726 0.0176724 -0.999688
    outer loop
      vertex 4.7807 5.77872 0.00335322
      vertex 4.30323 6.30323 0.00418472
      vertex 5.46719 5.13403 0.00409226
    endloop
  endfacet
  facet normal 0.0107338 0.0113563 -0.999878
    outer loop
      vertex 4.78063 5.77878 0.00335315
      vertex 4.30323 6.30323 0.00418472
      vertex 4.7807 5.77872 0.00335322
    endloop
  endfacet
  facet normal 0.0183187 0.0182604 -0.999665
    outer loop
      vertex 4.78055 5.77884 0.00335278
      vertex 4.30323 6.30323 0.00418472
      vertex 4.78063 5.77878 0.00335315
    endloop
  endfacet
  facet normal -0.000156184 0.999844 0.0176724
    outer loop
      vertex 5.77273 5.77273 30.0312
      vertex 4.02734 6.02734 15.6108
      vertex 3.85742 5.77303 29.9973
    endloop
  endfacet
  facet normal -0.000153799 0.999844 0.0176721
    outer loop
      vertex 6.30291 6.30291 0.0395288
      vertex 4.02734 6.02734 15.6108
      vertex 5.77273 5.77273 30.0312
    endloop
  endfacet
  facet normal -0.000152355 0.999844 0.0176723
    outer loop
      vertex 4.02734 6.02734 15.6108
      vertex 6.30291 6.30291 0.0395288
      vertex 4.30323 6.30323 0.00418472
    endloop
  endfacet
  facet normal 0.0176722 0.0176722 -0.999688
    outer loop
      vertex 6.30323 4.30323 0.00418472
      vertex 4.30323 6.30323 0.00418472
      vertex 6.30291 6.30291 0.0395288
    endloop
  endfacet
  facet normal 0.999844 -0.000153799 0.0176721
    outer loop
      vertex 6.02734 4.02734 15.6108
      vertex 6.30291 6.30291 0.0395288
      vertex 5.77273 5.77273 30.0312
    endloop
  endfacet
  facet normal 0.999844 -0.000152355 0.0176723
    outer loop
      vertex 6.30291 6.30291 0.0395288
      vertex 6.02734 4.02734 15.6108
      vertex 6.30323 4.30323 0.00418472
    endloop
  endfacet
  facet normal 0.999844 -0.000156184 0.0176724
    outer loop
      vertex 6.02734 4.02734 15.6108
      vertex 5.77273 5.77273 30.0312
      vertex 5.77303 3.85742 29.9973
    endloop
  endfacet
  facet normal 0.000193951 -0.999844 -0.0176722
    outer loop
      vertex 6.30323 4.30323 0.00418472
      vertex 6.08741 4.25802 2.55967
      vertex 6.13431 4.30325 0.00119929
    endloop
  endfacet
  facet normal -0.999844 0.000199644 -0.0176684
    outer loop
      vertex 4.30325 6.12569 0.00104681
      vertex 4.25596 6.07753 2.67662
      vertex 4.30323 6.30323 0.00418472
    endloop
  endfacet
  facet normal -0.00961377 -0.0228766 0.999692
    outer loop
      vertex 3.61709 5.69923 29.9933
      vertex 3.77307 5.64679 29.9936
      vertex 3.85742 5.77303 29.9973
    endloop
  endfacet
  facet normal -0.00945731 -0.0224111 0.999704
    outer loop
      vertex 3.77307 5.64679 29.9936
      vertex 3.61709 5.69923 29.9933
      vertex 3.71971 5.6247 29.9926
    endloop
  endfacet
  facet normal -0.0115959 -0.0164275 0.999798
    outer loop
      vertex 3.85742 5.77303 29.9973
      vertex 3.61692 5.69935 29.9933
      vertex 3.61709 5.69923 29.9933
    endloop
  endfacet
  facet normal -0.0110758 -0.018124 0.999774
    outer loop
      vertex 3.85742 5.77303 29.9973
      vertex 3.61674 5.69946 29.9933
      vertex 3.61692 5.69935 29.9933
    endloop
  endfacet
  facet normal -0.00960006 -0.0231312 0.999686
    outer loop
      vertex 2.87406 6.10768 29.9956
      vertex 3.85742 5.77303 29.9973
      vertex 3.12418 7.54244 30.0312
    endloop
  endfacet
  facet normal -0.00957041 -0.023044 0.999689
    outer loop
      vertex 3.85742 5.77303 29.9973
      vertex 2.87406 6.10768 29.9956
      vertex 3.61674 5.69946 29.9933
    endloop
  endfacet
  facet normal -0.00954311 -0.0231411 0.999687
    outer loop
      vertex 3.12418 7.54244 30.0312
      vertex 2.08604 6.41969 29.9953
      vertex 2.87406 6.10768 29.9956
    endloop
  endfacet
  facet normal -0.00858194 -0.0240294 0.999674
    outer loop
      vertex 3.12418 7.54244 30.0312
      vertex 2.0859 6.41974 29.9953
      vertex 2.08604 6.41969 29.9953
    endloop
  endfacet
  facet normal -0.00722414 -0.0252845 0.999654
    outer loop
      vertex 3.12418 7.54244 30.0312
      vertex 2.08576 6.41978 29.9953
      vertex 2.0859 6.41974 29.9953
    endloop
  endfacet
  facet normal -0.00958583 -0.0231011 0.999687
    outer loop
      vertex 3.12418 7.54244 30.0312
      vertex 1.35454 6.80975 29.9973
      vertex 2.08576 6.41978 29.9953
    endloop
  endfacet
  facet normal -0.00957943 -0.0230891 0.999688
    outer loop
      vertex 1.35454 6.80975 29.9973
      vertex 1.34609 6.60976 29.9926
      vertex 2.08576 6.41978 29.9953
    endloop
  endfacet
  facet normal -0.00858955 -0.0231311 0.999696
    outer loop
      vertex 1.32492 6.66084 29.9936
      vertex 1.34609 6.60976 29.9926
      vertex 1.35454 6.80975 29.9973
    endloop
  endfacet
  facet normal -0.923787 -0.382498 -0.017673
    outer loop
      vertex 1.37178 6.67304 27.2799
      vertex 1.41421 7.10973 15.6107
      vertex 1.56395 7.14634 6.99126
    endloop
  endfacet
  facet normal -0.923821 -0.382417 -0.01767
    outer loop
      vertex 1.41421 7.10973 15.6107
      vertex 1.37178 6.67304 27.2799
      vertex 1.33531 6.71306 28.3205
    endloop
  endfacet
  facet normal -0.923797 -0.382475 -0.0176714
    outer loop
      vertex 1.56395 7.14634 6.99126
      vertex 1.56352 7.4702 0.00418472
      vertex 1.63015 7.30941 0.00110857
    endloop
  endfacet
  facet normal -0.923783 -0.382509 -0.0176729
    outer loop
      vertex 1.41421 7.10973 15.6107
      vertex 1.56352 7.4702 0.00418472
      vertex 1.56395 7.14634 6.99126
    endloop
  endfacet
  facet normal -0.382767 0.923676 0.0176721
    outer loop
      vertex 3.41111 8.23515 0.0395288
      vertex 1.41421 7.10973 15.6107
      vertex 1.35937 6.83401 28.8341
    endloop
  endfacet
  facet normal -0.382764 0.923677 0.0176726
    outer loop
      vertex 1.41421 7.10973 15.6107
      vertex 3.41111 8.23515 0.0395288
      vertex 1.56352 7.4702 0.00418472
    endloop
  endfacet
  facet normal -0.382771 0.923674 0.017675
    outer loop
      vertex 3.12418 7.54244 30.0312
      vertex 1.35937 6.83401 28.8341
      vertex 1.35454 6.80975 29.9973
    endloop
  endfacet
  facet normal -0.382769 0.923675 0.0176719
    outer loop
      vertex 1.35937 6.83401 28.8341
      vertex 3.12418 7.54244 30.0312
      vertex 3.41111 8.23515 0.0395288
    endloop
  endfacet
  facet normal 0.00956412 0.0230897 -0.999688
    outer loop
      vertex 4.17665 6.3878 0.00418472
      vertex 1.56352 7.4702 0.00418472
      vertex 3.41111 8.23515 0.0395288
    endloop
  endfacet
  facet normal 0.382723 -0.923694 -0.0176736
    outer loop
      vertex 3.7566 5.70878 26.3971
      vertex 3.77307 5.64679 29.9936
      vertex 3.71971 5.6247 29.9926
    endloop
  endfacet
  facet normal 0.382719 -0.923696 -0.0176736
    outer loop
      vertex 3.7566 5.70878 26.3971
      vertex 4.02734 6.02734 15.6107
      vertex 3.77307 5.64679 29.9936
    endloop
  endfacet
  facet normal 0.382755 -0.923681 -0.0176723
    outer loop
      vertex 4.00234 6.26877 2.4504
      vertex 4.02734 6.02734 15.6107
      vertex 3.7566 5.70878 26.3971
    endloop
  endfacet
  facet normal 0.382743 -0.923686 -0.0176724
    outer loop
      vertex 4.02734 6.02734 15.6107
      vertex 4.00234 6.26877 2.4504
      vertex 4.17665 6.3878 0.00418472
    endloop
  endfacet
  facet normal 0 0.99965 0.0264492
    outer loop
      vertex 4.02734 6.02734 15.6107
      vertex 3.77306 5.64679 29.9936
      vertex 3.77307 5.64679 29.9936
    endloop
  endfacet
  facet normal 0.382763 -0.923678 -0.0176705
    outer loop
      vertex 4.17665 6.3878 0.00418472
      vertex 4.00234 6.26877 2.4504
      vertex 4.02748 6.32604 0.00133117
    endloop
  endfacet
  facet normal -0.923818 -0.382423 -0.0176697
    outer loop
      vertex 1.34609 6.60976 29.9926
      vertex 1.33531 6.71306 28.3205
      vertex 1.37178 6.67304 27.2799
    endloop
  endfacet
  facet normal -0.923781 -0.382513 -0.0176755
    outer loop
      vertex 1.33531 6.71306 28.3205
      vertex 1.34609 6.60976 29.9926
      vertex 1.32492 6.66084 29.9936
    endloop
  endfacet
  facet normal 0.00956431 0.0230886 -0.999688
    outer loop
      vertex 4.01868 6.33243 0.00139456
      vertex 4.17665 6.3878 0.00418472
      vertex 4.02748 6.32604 0.00133117
    endloop
  endfacet
  facet normal 0.00956402 0.0230894 -0.999688
    outer loop
      vertex 3.1934 6.78606 0.00397641
      vertex 4.17665 6.3878 0.00418472
      vertex 4.01868 6.33243 0.00139456
    endloop
  endfacet
  facet normal 0.0139031 0.0338023 -0.999332
    outer loop
      vertex 3.1933 6.78611 0.00397671
      vertex 4.17665 6.3878 0.00418472
      vertex 3.1934 6.78606 0.00397641
    endloop
  endfacet
  facet normal 0.00956068 0.0230814 -0.999688
    outer loop
      vertex 3.1933 6.78611 0.00397671
      vertex 1.56352 7.4702 0.00418472
      vertex 4.17665 6.3878 0.00418472
    endloop
  endfacet
  facet normal 0.0110849 0.0267127 -0.999582
    outer loop
      vertex 3.1932 6.78615 0.00397667
      vertex 1.56352 7.4702 0.00418472
      vertex 3.1933 6.78611 0.00397671
    endloop
  endfacet
  facet normal 0.00956501 0.0230917 -0.999688
    outer loop
      vertex 2.3176 7.13284 0.0036071
      vertex 1.56352 7.4702 0.00418472
      vertex 3.1932 6.78615 0.00397667
    endloop
  endfacet
  facet normal 0.0095636 0.0230886 -0.999688
    outer loop
      vertex 1.56352 7.4702 0.00418472
      vertex 2.3176 7.13284 0.0036071
      vertex 1.63015 7.30941 0.00110857
    endloop
  endfacet
  facet normal 0.923795 0.38248 0.017672
    outer loop
      vertex 4.02734 6.02734 15.6107
      vertex 3.41111 8.23515 0.0395288
      vertex 3.12418 7.54244 30.0312
    endloop
  endfacet
  facet normal 0.923794 0.382481 0.0176722
    outer loop
      vertex 3.41111 8.23515 0.0395288
      vertex 4.02734 6.02734 15.6107
      vertex 4.17665 6.3878 0.00418472
    endloop
  endfacet
  facet normal 0.858965 0.512034 0
    outer loop
      vertex 3.12418 7.54244 30.0312
      vertex 4.02734 6.02734 15.6108
      vertex 4.02734 6.02734 15.6107
    endloop
  endfacet
  facet normal 0.923795 0.38248 0.0176721
    outer loop
      vertex 3.12418 7.54244 30.0312
      vertex 3.85742 5.77303 29.9973
      vertex 4.02734 6.02734 15.6108
    endloop
  endfacet
  facet normal -0.000903911 -0.0246599 0.999695
    outer loop
      vertex 1.26486 6.63061 29.9928
      vertex 1.32492 6.66084 29.9936
      vertex 1.35454 6.80975 29.9973
    endloop
  endfacet
  facet normal -0.00170664 -0.023066 0.999732
    outer loop
      vertex 1.32492 6.66084 29.9936
      vertex 1.26486 6.63061 29.9928
      vertex 1.28859 6.62452 29.9927
    endloop
  endfacet
  facet normal 3.71897e-05 -0.0251307 0.999684
    outer loop
      vertex 1.35454 6.80975 29.9973
      vertex 0.423984 6.73677 29.9955
      vertex 1.26486 6.63061 29.9928
    endloop
  endfacet
  facet normal 2.69154e-05 -0.0249998 0.999687
    outer loop
      vertex 0 8.16388 30.0312
      vertex 0.423984 6.73677 29.9955
      vertex 1.35454 6.80975 29.9973
    endloop
  endfacet
  facet normal -0.00370313 -0.0261071 0.999652
    outer loop
      vertex 0.423984 6.73677 29.9955
      vertex 0 8.16388 30.0312
      vertex 0.423843 6.73679 29.9955
    endloop
  endfacet
  facet normal 0 -0.0250081 0.999687
    outer loop
      vertex 0 8.16388 30.0312
      vertex -0.423843 6.73679 29.9955
      vertex 0.423843 6.73679 29.9955
    endloop
  endfacet
  facet normal 0.00370313 -0.0261071 0.999652
    outer loop
      vertex 0 8.16388 30.0312
      vertex -0.423984 6.73677 29.9955
      vertex -0.423843 6.73679 29.9955
    endloop
  endfacet
  facet normal -2.69154e-05 -0.0249998 0.999687
    outer loop
      vertex -1.35454 6.80975 29.9973
      vertex -0.423984 6.73677 29.9955
      vertex 0 8.16388 30.0312
    endloop
  endfacet
  facet normal -3.71897e-05 -0.0251307 0.999684
    outer loop
      vertex -0.423984 6.73677 29.9955
      vertex -1.35454 6.80975 29.9973
      vertex -1.26486 6.63061 29.9928
    endloop
  endfacet
  facet normal 0.000903911 -0.0246599 0.999695
    outer loop
      vertex -1.32492 6.66084 29.9936
      vertex -1.26486 6.63061 29.9928
      vertex -1.35454 6.80975 29.9973
    endloop
  endfacet
  facet normal 0.00170664 -0.023066 0.999732
    outer loop
      vertex -1.26486 6.63061 29.9928
      vertex -1.32492 6.66084 29.9936
      vertex -1.28859 6.62452 29.9927
    endloop
  endfacet
  facet normal -0.707171 -0.706822 -0.0176667
    outer loop
      vertex -1.29486 7.29618 3.37735
      vertex -1.41421 7.4999 0.00418472
      vertex -1.29497 7.31747 2.52997
    endloop
  endfacet
  facet normal -0.707113 -0.70688 -0.0176723
    outer loop
      vertex -1.29486 7.29618 3.37735
      vertex -1.41421 7.10973 15.6107
      vertex -1.41421 7.4999 0.00418472
    endloop
  endfacet
  facet normal -0.707101 -0.706891 -0.0176724
    outer loop
      vertex -1.29211 6.77349 24.1748
      vertex -1.41421 7.10973 15.6107
      vertex -1.29486 7.29618 3.37735
    endloop
  endfacet
  facet normal -0.707102 -0.70689 -0.0176723
    outer loop
      vertex -1.29211 6.77349 24.1748
      vertex -1.33531 6.71306 28.3205
      vertex -1.41421 7.10973 15.6107
    endloop
  endfacet
  facet normal -0.707107 -0.706886 -0.0176723
    outer loop
      vertex -1.28859 6.62452 29.9927
      vertex -1.33531 6.71306 28.3205
      vertex -1.29211 6.77349 24.1748
    endloop
  endfacet
  facet normal -0.707118 -0.706875 -0.0176714
    outer loop
      vertex -1.33531 6.71306 28.3205
      vertex -1.28859 6.62452 29.9927
      vertex -1.32492 6.66084 29.9936
    endloop
  endfacet
  facet normal -0.707107 0.706885 0.0176725
    outer loop
      vertex -1.41421 7.10973 15.6107
      vertex 0 8.91367 0.0395288
      vertex -1.41421 7.4999 0.00418472
    endloop
  endfacet
  facet normal -0.707109 0.706883 0.017672
    outer loop
      vertex 0 8.91367 0.0395288
      vertex -1.41421 7.10973 15.6107
      vertex 0 8.16388 30.0312
    endloop
  endfacet
  facet normal -0.707107 0.706885 0.0176717
    outer loop
      vertex -1.35937 6.83401 28.8341
      vertex 0 8.16388 30.0312
      vertex -1.41421 7.10973 15.6107
    endloop
  endfacet
  facet normal -0.707111 0.706882 0.0176791
    outer loop
      vertex -1.35454 6.80975 29.9973
      vertex 0 8.16388 30.0312
      vertex -1.35937 6.83401 28.8341
    endloop
  endfacet
  facet normal 0 0.0249921 -0.999688
    outer loop
      vertex 1.41421 7.4999 0.00418472
      vertex -1.41421 7.4999 0.00418472
      vertex 0 8.91367 0.0395288
    endloop
  endfacet
  facet normal 0.707171 -0.706822 -0.0176667
    outer loop
      vertex 1.41421 7.4999 0.00418472
      vertex 1.29486 7.29618 3.37735
      vertex 1.29497 7.31747 2.52997
    endloop
  endfacet
  facet normal 0.707113 -0.70688 -0.0176723
    outer loop
      vertex 1.41421 7.10973 15.6107
      vertex 1.29486 7.29618 3.37735
      vertex 1.41421 7.4999 0.00418472
    endloop
  endfacet
  facet normal 0.707101 -0.706891 -0.0176724
    outer loop
      vertex 1.41421 7.10973 15.6107
      vertex 1.29211 6.77349 24.1748
      vertex 1.29486 7.29618 3.37735
    endloop
  endfacet
  facet normal 0.707102 -0.70689 -0.0176723
    outer loop
      vertex 1.33531 6.71306 28.3205
      vertex 1.29211 6.77349 24.1748
      vertex 1.41421 7.10973 15.6107
    endloop
  endfacet
  facet normal 0.707118 -0.706875 -0.0176714
    outer loop
      vertex 1.28859 6.62452 29.9927
      vertex 1.33531 6.71306 28.3205
      vertex 1.32492 6.66084 29.9936
    endloop
  endfacet
  facet normal 0.707107 -0.706886 -0.0176723
    outer loop
      vertex 1.33531 6.71306 28.3205
      vertex 1.28859 6.62452 29.9927
      vertex 1.29211 6.77349 24.1748
    endloop
  endfacet
  facet normal -2.62512e-07 0.0249914 -0.999688
    outer loop
      vertex 0.470922 7.4851 0.00381498
      vertex 1.41421 7.4999 0.00418472
      vertex 1.29531 7.38103 0.0012131
    endloop
  endfacet
  facet normal 0 0.0249746 -0.999688
    outer loop
      vertex -0.470922 7.4851 0.00381498
      vertex 1.41421 7.4999 0.00418472
      vertex 0.470922 7.4851 0.00381498
    endloop
  endfacet
  facet normal 0 0.0249746 -0.999688
    outer loop
      vertex -0.470922 7.4851 0.00381498
      vertex -1.41421 7.4999 0.00418472
      vertex 1.41421 7.4999 0.00418472
    endloop
  endfacet
  facet normal 2.62512e-07 0.0249914 -0.999688
    outer loop
      vertex -1.41421 7.4999 0.00418472
      vertex -0.470922 7.4851 0.00381498
      vertex -1.29531 7.38103 0.0012131
    endloop
  endfacet
  facet normal 0.707109 0.706883 0.017672
    outer loop
      vertex 1.41421 7.10973 15.6107
      vertex 0 8.91367 0.0395288
      vertex 0 8.16388 30.0312
    endloop
  endfacet
  facet normal 0.707107 0.706885 0.0176717
    outer loop
      vertex 0 8.16388 30.0312
      vertex 1.35937 6.83401 28.8341
      vertex 1.41421 7.10973 15.6107
    endloop
  endfacet
  facet normal 0.707111 0.706882 0.0176791
    outer loop
      vertex 0 8.16388 30.0312
      vertex 1.35454 6.80975 29.9973
      vertex 1.35937 6.83401 28.8341
    endloop
  endfacet
  facet normal 0.707107 0.706885 0.0176725
    outer loop
      vertex 0 8.91367 0.0395288
      vertex 1.41421 7.10973 15.6107
      vertex 1.41421 7.4999 0.00418472
    endloop
  endfacet
  facet normal 0.707128 -0.706865 -0.0176719
    outer loop
      vertex 1.41421 7.4999 0.00418472
      vertex 1.29497 7.31747 2.52997
      vertex 1.29531 7.38103 0.0012131
    endloop
  endfacet
  facet normal -0.707128 -0.706865 -0.0176719
    outer loop
      vertex -1.29497 7.31747 2.52997
      vertex -1.41421 7.4999 0.00418472
      vertex -1.29531 7.38103 0.0012131
    endloop
  endfacet
  facet normal 0.00958583 -0.0231011 0.999687
    outer loop
      vertex -3.12418 7.54244 30.0312
      vertex -2.08576 6.41978 29.9953
      vertex -1.35454 6.80975 29.9973
    endloop
  endfacet
  facet normal 0.00722414 -0.0252845 0.999654
    outer loop
      vertex -2.08576 6.41978 29.9953
      vertex -3.12418 7.54244 30.0312
      vertex -2.0859 6.41974 29.9953
    endloop
  endfacet
  facet normal 0.00858194 -0.0240294 0.999674
    outer loop
      vertex -2.0859 6.41974 29.9953
      vertex -3.12418 7.54244 30.0312
      vertex -2.08604 6.41969 29.9953
    endloop
  endfacet
  facet normal 0.00954311 -0.0231411 0.999687
    outer loop
      vertex -2.08604 6.41969 29.9953
      vertex -3.12418 7.54244 30.0312
      vertex -2.87406 6.10768 29.9956
    endloop
  endfacet
  facet normal 0.00960006 -0.0231312 0.999686
    outer loop
      vertex -3.85742 5.77303 29.9973
      vertex -2.87406 6.10768 29.9956
      vertex -3.12418 7.54244 30.0312
    endloop
  endfacet
  facet normal 0.00957041 -0.023044 0.999689
    outer loop
      vertex -2.87406 6.10768 29.9956
      vertex -3.85742 5.77303 29.9973
      vertex -3.61674 5.69946 29.9933
    endloop
  endfacet
  facet normal 0.0110758 -0.018124 0.999774
    outer loop
      vertex -3.61674 5.69946 29.9933
      vertex -3.85742 5.77303 29.9973
      vertex -3.61692 5.69935 29.9933
    endloop
  endfacet
  facet normal 0.0115959 -0.0164275 0.999798
    outer loop
      vertex -3.61692 5.69935 29.9933
      vertex -3.85742 5.77303 29.9973
      vertex -3.61709 5.69923 29.9933
    endloop
  endfacet
  facet normal 0.00961377 -0.0228766 0.999692
    outer loop
      vertex -3.77307 5.64679 29.9936
      vertex -3.61709 5.69923 29.9933
      vertex -3.85742 5.77303 29.9973
    endloop
  endfacet
  facet normal 0.00945731 -0.0224111 0.999704
    outer loop
      vertex -3.61709 5.69923 29.9933
      vertex -3.77307 5.64679 29.9936
      vertex -3.71971 5.6247 29.9926
    endloop
  endfacet
  facet normal 0.00858955 -0.0231311 0.999696
    outer loop
      vertex -1.35454 6.80975 29.9973
      vertex -1.34609 6.60976 29.9926
      vertex -1.32492 6.66084 29.9936
    endloop
  endfacet
  facet normal 0.00957943 -0.0230891 0.999688
    outer loop
      vertex -1.34609 6.60976 29.9926
      vertex -1.35454 6.80975 29.9973
      vertex -2.08576 6.41978 29.9953
    endloop
  endfacet
  facet normal 0.382767 0.923676 0.0176721
    outer loop
      vertex -1.41421 7.10973 15.6107
      vertex -3.41111 8.23515 0.0395288
      vertex -1.35937 6.83401 28.8341
    endloop
  endfacet
  facet normal 0.382764 0.923677 0.0176726
    outer loop
      vertex -3.41111 8.23515 0.0395288
      vertex -1.41421 7.10973 15.6107
      vertex -1.56352 7.4702 0.00418472
    endloop
  endfacet
  facet normal -0.382763 -0.923678 -0.0176705
    outer loop
      vertex -4.00234 6.26877 2.4504
      vertex -4.17665 6.3878 0.00418472
      vertex -4.02748 6.32604 0.00133117
    endloop
  endfacet
  facet normal 0.382771 0.923674 0.017675
    outer loop
      vertex -1.35937 6.83401 28.8341
      vertex -3.12418 7.54244 30.0312
      vertex -1.35454 6.80975 29.9973
    endloop
  endfacet
  facet normal 0.382769 0.923675 0.0176719
    outer loop
      vertex -3.12418 7.54244 30.0312
      vertex -1.35937 6.83401 28.8341
      vertex -3.41111 8.23515 0.0395288
    endloop
  endfacet
  facet normal -0.00956412 0.0230897 -0.999688
    outer loop
      vertex -1.56352 7.4702 0.00418472
      vertex -4.17665 6.3878 0.00418472
      vertex -3.41111 8.23515 0.0395288
    endloop
  endfacet
  facet normal 0.923797 -0.382475 -0.0176714
    outer loop
      vertex -1.56352 7.4702 0.00418472
      vertex -1.56395 7.14634 6.99126
      vertex -1.63015 7.30941 0.00110857
    endloop
  endfacet
  facet normal 0.923783 -0.382509 -0.0176729
    outer loop
      vertex -1.56352 7.4702 0.00418472
      vertex -1.41421 7.10973 15.6107
      vertex -1.56395 7.14634 6.99126
    endloop
  endfacet
  facet normal 0.923821 -0.382417 -0.01767
    outer loop
      vertex -1.37178 6.67304 27.2799
      vertex -1.41421 7.10973 15.6107
      vertex -1.33531 6.71306 28.3205
    endloop
  endfacet
  facet normal 0.923787 -0.382498 -0.017673
    outer loop
      vertex -1.41421 7.10973 15.6107
      vertex -1.37178 6.67304 27.2799
      vertex -1.56395 7.14634 6.99126
    endloop
  endfacet
  facet normal -0.0095636 0.0230886 -0.999688
    outer loop
      vertex -2.3176 7.13284 0.0036071
      vertex -1.56352 7.4702 0.00418472
      vertex -1.63015 7.30941 0.00110857
    endloop
  endfacet
  facet normal -0.00956501 0.0230917 -0.999688
    outer loop
      vertex -3.1932 6.78615 0.00397667
      vertex -1.56352 7.4702 0.00418472
      vertex -2.3176 7.13284 0.0036071
    endloop
  endfacet
  facet normal -0.0110849 0.0267127 -0.999582
    outer loop
      vertex -3.1933 6.78611 0.00397671
      vertex -1.56352 7.4702 0.00418472
      vertex -3.1932 6.78615 0.00397667
    endloop
  endfacet
  facet normal -0.00956068 0.0230814 -0.999688
    outer loop
      vertex -3.1933 6.78611 0.00397671
      vertex -4.17665 6.3878 0.00418472
      vertex -1.56352 7.4702 0.00418472
    endloop
  endfacet
  facet normal -0.0139031 0.0338023 -0.999332
    outer loop
      vertex -3.1934 6.78606 0.00397641
      vertex -4.17665 6.3878 0.00418472
      vertex -3.1933 6.78611 0.00397671
    endloop
  endfacet
  facet normal -0.00956402 0.0230894 -0.999688
    outer loop
      vertex -4.01868 6.33243 0.00139456
      vertex -4.17665 6.3878 0.00418472
      vertex -3.1934 6.78606 0.00397641
    endloop
  endfacet
  facet normal -0.00956431 0.0230886 -0.999688
    outer loop
      vertex -4.17665 6.3878 0.00418472
      vertex -4.01868 6.33243 0.00139456
      vertex -4.02748 6.32604 0.00133117
    endloop
  endfacet
  facet normal 0.923781 -0.382513 -0.0176755
    outer loop
      vertex -1.34609 6.60976 29.9926
      vertex -1.33531 6.71306 28.3205
      vertex -1.32492 6.66084 29.9936
    endloop
  endfacet
  facet normal 0.923818 -0.382423 -0.0176697
    outer loop
      vertex -1.33531 6.71306 28.3205
      vertex -1.34609 6.60976 29.9926
      vertex -1.37178 6.67304 27.2799
    endloop
  endfacet
  facet normal -0.382784 -0.923669 -0.0176724
    outer loop
      vertex -3.77306 5.64679 29.9936
      vertex -3.7566 5.70878 26.3971
      vertex -3.71971 5.6247 29.9926
    endloop
  endfacet
  facet normal -0.38275 -0.923683 -0.0176725
    outer loop
      vertex -4.02734 6.02734 15.6107
      vertex -3.7566 5.70878 26.3971
      vertex -3.77306 5.64679 29.9936
    endloop
  endfacet
  facet normal -0.382755 -0.923681 -0.0176723
    outer loop
      vertex -4.02734 6.02734 15.6107
      vertex -4.00234 6.26877 2.4504
      vertex -3.7566 5.70878 26.3971
    endloop
  endfacet
  facet normal -0.382743 -0.923686 -0.0176724
    outer loop
      vertex -4.00234 6.26877 2.4504
      vertex -4.02734 6.02734 15.6107
      vertex -4.17665 6.3878 0.00418472
    endloop
  endfacet
  facet normal 0 0.045223 -0.998977
    outer loop
      vertex -3.77306 5.64679 29.9936
      vertex -3.71971 5.6247 29.9926
      vertex -3.77307 5.64679 29.9936
    endloop
  endfacet
  facet normal -0.923794 0.382481 0.0176722
    outer loop
      vertex -4.02734 6.02734 15.6107
      vertex -3.41111 8.23515 0.0395288
      vertex -4.17665 6.3878 0.00418472
    endloop
  endfacet
  facet normal -0.923795 0.38248 0.017672
    outer loop
      vertex -3.41111 8.23515 0.0395288
      vertex -4.02734 6.02734 15.6107
      vertex -3.12418 7.54244 30.0312
    endloop
  endfacet
  facet normal -0.858965 0.512034 0
    outer loop
      vertex -4.02734 6.02734 15.6108
      vertex -3.12418 7.54244 30.0312
      vertex -4.02734 6.02734 15.6107
    endloop
  endfacet
  facet normal -0.923795 0.38248 0.0176721
    outer loop
      vertex -3.85742 5.77303 29.9973
      vertex -3.12418 7.54244 30.0312
      vertex -4.02734 6.02734 15.6108
    endloop
  endfacet
  facet normal 0.0176967 -0.0176218 0.999688
    outer loop
      vertex -3.85742 5.77303 29.9973
      vertex -5.77273 5.77273 30.0312
      vertex -4.30269 5.20106 29.9951
    endloop
  endfacet
  facet normal 0.0176765 -0.0176738 0.999688
    outer loop
      vertex -4.30269 5.20106 29.9951
      vertex -5.77273 5.77273 30.0312
      vertex -4.76598 4.76598 29.9956
    endloop
  endfacet
  facet normal 0 -0.0180713 0.999837
    outer loop
      vertex -3.77307 5.64679 29.9936
      vertex -3.77307 5.58593 29.9925
      vertex -3.77306 5.64679 29.9936
    endloop
  endfacet
  facet normal 0.0168094 -0.0180688 0.999695
    outer loop
      vertex -3.85742 5.77303 29.9973
      vertex -3.77307 5.58593 29.9925
      vertex -3.77307 5.64679 29.9936
    endloop
  endfacet
  facet normal 0.0177347 -0.0176514 0.999687
    outer loop
      vertex -3.77307 5.58593 29.9925
      vertex -3.85742 5.77303 29.9973
      vertex -4.30269 5.20106 29.9951
    endloop
  endfacet
  facet normal 0.999844 0.000151428 -0.0176724
    outer loop
      vertex -4.30323 6.30323 0.00418472
      vertex -4.02734 6.02734 15.6107
      vertex -4.25596 6.07753 2.67662
    endloop
  endfacet
  facet normal 0.707107 0.707107 -0
    outer loop
      vertex -4.02734 6.02734 15.6107
      vertex -4.30323 6.30323 0.00418472
      vertex -4.02734 6.02734 15.6108
    endloop
  endfacet
  facet normal 0.999844 0.000170027 -0.0176724
    outer loop
      vertex -4.02734 6.02734 15.6107
      vertex -3.90362 5.71884 22.6074
      vertex -4.25596 6.07753 2.67662
    endloop
  endfacet
  facet normal 0.999844 0.000186788 -0.0176716
    outer loop
      vertex -3.77306 5.64679 29.9936
      vertex -3.90362 5.71884 22.6074
      vertex -4.02734 6.02734 15.6107
    endloop
  endfacet
  facet normal 0.999844 0.000155121 -0.0176719
    outer loop
      vertex -3.90362 5.71884 22.6074
      vertex -3.77306 5.64679 29.9936
      vertex -3.77307 5.58593 29.9925
    endloop
  endfacet
  facet normal -0.999844 -0.000152355 0.0176723
    outer loop
      vertex -6.02734 4.02734 15.6108
      vertex -6.30291 6.30291 0.0395288
      vertex -6.30323 4.30323 0.00418472
    endloop
  endfacet
  facet normal -0.999844 -0.000153799 0.0176721
    outer loop
      vertex -6.30291 6.30291 0.0395288
      vertex -6.02734 4.02734 15.6108
      vertex -5.77273 5.77273 30.0312
    endloop
  endfacet
  facet normal -0.999844 -0.000156184 0.0176724
    outer loop
      vertex -5.77273 5.77273 30.0312
      vertex -6.02734 4.02734 15.6108
      vertex -5.77303 3.85742 29.9973
    endloop
  endfacet
  facet normal 0.0176539 -0.0173763 0.999693
    outer loop
      vertex -5.64679 3.77307 29.9936
      vertex -5.5845 3.77307 29.9925
      vertex -5.4611 3.96748 29.9937
    endloop
  endfacet
  facet normal 0.0152346 -0.0104738 0.999829
    outer loop
      vertex -5.77303 3.85742 29.9973
      vertex -5.4611 3.96748 29.9937
      vertex -5.46099 3.96764 29.9937
    endloop
  endfacet
  facet normal 0.0177051 -0.0177104 0.999686
    outer loop
      vertex -5.77273 5.77273 30.0312
      vertex -5.46099 3.96764 29.9937
      vertex -4.9207 4.62066 29.9957
    endloop
  endfacet
  facet normal 0.0210001 -0.0152728 0.999663
    outer loop
      vertex -5.77273 5.77273 30.0312
      vertex -4.9207 4.62066 29.9957
      vertex -4.92062 4.62077 29.9957
    endloop
  endfacet
  facet normal 0.0176566 0 0.999844
    outer loop
      vertex -5.5845 3.77307 29.9925
      vertex -5.64679 3.77307 29.9936
      vertex -5.64679 3.77306 29.9936
    endloop
  endfacet
  facet normal 0.0174531 -0.0178972 0.999687
    outer loop
      vertex -5.77273 5.77273 30.0312
      vertex -4.92052 4.62086 29.9957
      vertex -4.76598 4.76598 29.9956
    endloop
  endfacet
  facet normal 0.0166454 -0.0184948 0.99969
    outer loop
      vertex -5.77273 5.77273 30.0312
      vertex -4.92062 4.62077 29.9957
      vertex -4.92052 4.62086 29.9957
    endloop
  endfacet
  facet normal 0.0177842 -0.0176967 0.999685
    outer loop
      vertex -5.46099 3.96764 29.9937
      vertex -5.77273 5.77273 30.0312
      vertex -5.77303 3.85742 29.9973
    endloop
  endfacet
  facet normal 0.0176759 -0.0173973 0.999692
    outer loop
      vertex -5.4611 3.96748 29.9937
      vertex -5.77303 3.85742 29.9973
      vertex -5.64679 3.77307 29.9936
    endloop
  endfacet
  facet normal -0.000201879 -0.999844 -0.0176715
    outer loop
      vertex -6.02734 4.02734 15.6107
      vertex -6.30323 4.30323 0.00418472
      vertex -6.08741 4.25802 2.55967
    endloop
  endfacet
  facet normal -0.707107 -0.707107 0
    outer loop
      vertex -6.30323 4.30323 0.00418472
      vertex -6.02734 4.02734 15.6107
      vertex -6.02734 4.02734 15.6108
    endloop
  endfacet
  facet normal -0.000151589 -0.999844 -0.0176736
    outer loop
      vertex -5.64679 3.77306 29.9936
      vertex -5.70534 3.8896 23.4011
      vertex -5.5845 3.77307 29.9925
    endloop
  endfacet
  facet normal -9.46262e-05 -0.999844 -0.0176741
    outer loop
      vertex -6.02734 4.02734 15.6107
      vertex -5.70534 3.8896 23.4011
      vertex -5.64679 3.77306 29.9936
    endloop
  endfacet
  facet normal -0.000149771 -0.999844 -0.0176718
    outer loop
      vertex -5.70534 3.8896 23.4011
      vertex -6.02734 4.02734 15.6107
      vertex -6.08741 4.25802 2.55967
    endloop
  endfacet
  facet normal -0.017671 0.0176709 -0.999688
    outer loop
      vertex -4.78055 5.77884 0.00335278
      vertex -4.30323 6.30323 0.00418472
      vertex -4.30325 6.12569 0.00104681
    endloop
  endfacet
  facet normal -0.0183187 0.0182604 -0.999665
    outer loop
      vertex -4.78063 5.77878 0.00335315
      vertex -4.30323 6.30323 0.00418472
      vertex -4.78055 5.77884 0.00335278
    endloop
  endfacet
  facet normal -0.0107338 0.0113563 -0.999878
    outer loop
      vertex -4.7807 5.77872 0.00335322
      vertex -4.30323 6.30323 0.00418472
      vertex -4.78063 5.77878 0.00335315
    endloop
  endfacet
  facet normal -0.0176726 0.0176724 -0.999688
    outer loop
      vertex -5.46719 5.13403 0.00409226
      vertex -4.30323 6.30323 0.00418472
      vertex -4.7807 5.77872 0.00335322
    endloop
  endfacet
  facet normal -0.0176395 0.0176395 -0.999689
    outer loop
      vertex -5.46719 5.13403 0.00409226
      vertex -6.30323 4.30323 0.00418472
      vertex -4.30323 6.30323 0.00418472
    endloop
  endfacet
  facet normal -0.0176698 0.0176699 -0.999688
    outer loop
      vertex -6.06755 4.4084 0.00187794
      vertex -6.30323 4.30323 0.00418472
      vertex -5.46719 5.13403 0.00409226
    endloop
  endfacet
  facet normal -0.0200832 0.0230818 -0.999532
    outer loop
      vertex -6.06759 4.40836 0.00187782
      vertex -6.30323 4.30323 0.00418472
      vertex -6.06755 4.4084 0.00187794
    endloop
  endfacet
  facet normal -0.0176702 0.0176698 -0.999688
    outer loop
      vertex -6.30323 4.30323 0.00418472
      vertex -6.06759 4.40836 0.00187782
      vertex -6.13431 4.30325 0.00119929
    endloop
  endfacet
  facet normal -0.0176722 0.0176722 -0.999688
    outer loop
      vertex -4.30323 6.30323 0.00418472
      vertex -6.30323 4.30323 0.00418472
      vertex -6.30291 6.30291 0.0395288
    endloop
  endfacet
  facet normal 0.000156184 0.999844 0.0176724
    outer loop
      vertex -4.02734 6.02734 15.6108
      vertex -5.77273 5.77273 30.0312
      vertex -3.85742 5.77303 29.9973
    endloop
  endfacet
  facet normal 0.000153799 0.999844 0.0176721
    outer loop
      vertex -4.02734 6.02734 15.6108
      vertex -6.30291 6.30291 0.0395288
      vertex -5.77273 5.77273 30.0312
    endloop
  endfacet
  facet normal 0.000152355 0.999844 0.0176723
    outer loop
      vertex -6.30291 6.30291 0.0395288
      vertex -4.02734 6.02734 15.6108
      vertex -4.30323 6.30323 0.00418472
    endloop
  endfacet
  facet normal 0.999844 0.000199644 -0.0176684
    outer loop
      vertex -4.25596 6.07753 2.67662
      vertex -4.30325 6.12569 0.00104681
      vertex -4.30323 6.30323 0.00418472
    endloop
  endfacet
  facet normal -0.000193951 -0.999844 -0.0176722
    outer loop
      vertex -6.08741 4.25802 2.55967
      vertex -6.30323 4.30323 0.00418472
      vertex -6.13431 4.30325 0.00119929
    endloop
  endfacet
  facet normal 0.382463 -0.923802 -0.0176723
    outer loop
      vertex -6.71306 1.33531 28.3205
      vertex -6.82935 1.44026 20.3176
      vertex -6.66801 1.37637 27.1491
    endloop
  endfacet
  facet normal 0.38251 -0.923782 -0.0176727
    outer loop
      vertex -7.10973 1.41421 15.6107
      vertex -6.82935 1.44026 20.3176
      vertex -6.71306 1.33531 28.3205
    endloop
  endfacet
  facet normal 0.382507 -0.923784 -0.0176729
    outer loop
      vertex -7.30916 1.63026 0.00110378
      vertex -7.10973 1.41421 15.6107
      vertex -7.4702 1.56352 0.00418472
    endloop
  endfacet
  facet normal 0.382514 -0.923781 -0.0176729
    outer loop
      vertex -7.10973 1.41421 15.6107
      vertex -7.30916 1.63026 0.00110378
      vertex -6.82935 1.44026 20.3176
    endloop
  endfacet
  facet normal -0.923677 -0.382764 0.0176726
    outer loop
      vertex -7.10973 1.41421 15.6107
      vertex -8.23515 3.41111 0.0395288
      vertex -7.4702 1.56352 0.00418472
    endloop
  endfacet
  facet normal -0.923676 -0.382767 0.0176721
    outer loop
      vertex -8.23515 3.41111 0.0395288
      vertex -7.10973 1.41421 15.6107
      vertex -6.83401 1.35937 28.8341
    endloop
  endfacet
  facet normal 0.0218481 -0.0111533 0.999699
    outer loop
      vertex -5.77303 3.85742 29.9973
      vertex -5.6222 3.71368 29.9924
      vertex -5.64679 3.77307 29.9936
    endloop
  endfacet
  facet normal 0.0233249 -0.00960306 0.999682
    outer loop
      vertex -5.77303 3.85742 29.9973
      vertex -5.91518 3.2519 29.9948
      vertex -5.6222 3.71368 29.9924
    endloop
  endfacet
  facet normal 0.0231117 -0.00955302 0.999687
    outer loop
      vertex -7.54244 3.12418 30.0312
      vertex -5.91518 3.2519 29.9948
      vertex -5.77303 3.85742 29.9973
    endloop
  endfacet
  facet normal 0.0231132 -0.00957191 0.999687
    outer loop
      vertex -5.91518 3.2519 29.9948
      vertex -7.54244 3.12418 30.0312
      vertex -6.27603 2.485 29.9958
    endloop
  endfacet
  facet normal 0.0147012 -0.0024502 0.999889
    outer loop
      vertex -6.80975 1.35454 29.9973
      vertex -6.53811 1.67851 29.9941
      vertex -6.53808 1.67869 29.9941
    endloop
  endfacet
  facet normal 0.0232311 -0.00960427 0.999684
    outer loop
      vertex -6.53811 1.67851 29.9941
      vertex -6.80975 1.35454 29.9973
      vertex -6.60086 1.34978 29.9924
    endloop
  endfacet
  facet normal 0.0195534 -0.00651779 0.999788
    outer loop
      vertex -6.80975 1.35454 29.9973
      vertex -6.53808 1.67869 29.9941
      vertex -6.53802 1.67887 29.9941
    endloop
  endfacet
  facet normal 0.0230926 -0.00961294 0.999687
    outer loop
      vertex -7.54244 3.12418 30.0312
      vertex -6.53802 1.67887 29.9941
      vertex -6.27609 2.48488 29.9958
    endloop
  endfacet
  facet normal 0.0232705 -0.00788918 0.999698
    outer loop
      vertex -6.60086 1.34978 29.9924
      vertex -6.80975 1.35454 29.9973
      vertex -6.66084 1.32492 29.9936
    endloop
  endfacet
  facet normal 0.0223134 -0.0111567 0.999689
    outer loop
      vertex -6.27603 2.485 29.9958
      vertex -7.54244 3.12418 30.0312
      vertex -6.27609 2.48488 29.9958
    endloop
  endfacet
  facet normal 0.0231767 -0.00955449 0.999686
    outer loop
      vertex -6.80975 1.35454 29.9973
      vertex -6.53802 1.67887 29.9941
      vertex -7.54244 3.12418 30.0312
    endloop
  endfacet
  facet normal -0.923675 -0.382769 0.0176719
    outer loop
      vertex -6.83401 1.35937 28.8341
      vertex -7.54244 3.12418 30.0312
      vertex -8.23515 3.41111 0.0395288
    endloop
  endfacet
  facet normal -0.923674 -0.382771 0.017675
    outer loop
      vertex -7.54244 3.12418 30.0312
      vertex -6.83401 1.35937 28.8341
      vertex -6.80975 1.35454 29.9973
    endloop
  endfacet
  facet normal -0.0230897 0.00956412 -0.999688
    outer loop
      vertex -7.4702 1.56352 0.00418472
      vertex -8.23515 3.41111 0.0395288
      vertex -6.3878 4.17665 0.00418472
    endloop
  endfacet
  facet normal 0.923687 0.38274 -0.0176724
    outer loop
      vertex -6.02734 4.02734 15.6107
      vertex -6.25677 3.98477 2.69711
      vertex -6.3878 4.17665 0.00418472
    endloop
  endfacet
  facet normal 0.923678 0.382762 -0.0176724
    outer loop
      vertex -6.02734 4.02734 15.6107
      vertex -5.89353 3.82959 18.3215
      vertex -6.25677 3.98477 2.69711
    endloop
  endfacet
  facet normal 0.923677 0.382765 -0.0176721
    outer loop
      vertex -5.64679 3.77306 29.9936
      vertex -5.89353 3.82959 18.3215
      vertex -6.02734 4.02734 15.6107
    endloop
  endfacet
  facet normal 0.923642 0.382849 -0.0176709
    outer loop
      vertex -5.89353 3.82959 18.3215
      vertex -5.64679 3.77306 29.9936
      vertex -5.6222 3.71368 29.9924
    endloop
  endfacet
  facet normal -0.0487423 0 -0.998811
    outer loop
      vertex -5.6222 3.71368 29.9924
      vertex -5.64679 3.77306 29.9936
      vertex -5.64679 3.77307 29.9936
    endloop
  endfacet
  facet normal 0.923677 0.382765 -0.0176701
    outer loop
      vertex -6.31944 4.01154 0.00102634
      vertex -6.3878 4.17665 0.00418472
      vertex -6.25677 3.98477 2.69711
    endloop
  endfacet
  facet normal 0.382525 -0.923776 -0.0176759
    outer loop
      vertex -6.71306 1.33531 28.3205
      vertex -6.60086 1.34978 29.9924
      vertex -6.66084 1.32492 29.9936
    endloop
  endfacet
  facet normal 0.38247 -0.923799 -0.017672
    outer loop
      vertex -6.60086 1.34978 29.9924
      vertex -6.71306 1.33531 28.3205
      vertex -6.66801 1.37637 27.1491
    endloop
  endfacet
  facet normal -0.0230883 0.0095638 -0.999688
    outer loop
      vertex -6.57219 3.61319 0.0030528
      vertex -6.3878 4.17665 0.00418472
      vertex -6.31944 4.01154 0.00102634
    endloop
  endfacet
  facet normal -0.0298581 0.0117788 -0.999485
    outer loop
      vertex -6.57223 3.61312 0.00305317
      vertex -6.3878 4.17665 0.00418472
      vertex -6.57219 3.61319 0.0030528
    endloop
  endfacet
  facet normal -0.0188583 0.00817942 -0.999789
    outer loop
      vertex -6.57227 3.61304 0.00305327
      vertex -6.3878 4.17665 0.00418472
      vertex -6.57223 3.61312 0.00305317
    endloop
  endfacet
  facet normal -0.0230892 0.00956399 -0.999688
    outer loop
      vertex -6.97323 2.7609 0.0041616
      vertex -6.3878 4.17665 0.00418472
      vertex -6.57227 3.61304 0.00305327
    endloop
  endfacet
  facet normal -0.0230897 0.00956421 -0.999688
    outer loop
      vertex -7.4702 1.56352 0.00418472
      vertex -6.97326 2.76078 0.00416137
      vertex -7.26432 1.86516 0.00231538
    endloop
  endfacet
  facet normal -0.0232017 0.00961052 -0.999685
    outer loop
      vertex -6.97323 2.7609 0.0041616
      vertex -7.4702 1.56352 0.00418472
      vertex -6.3878 4.17665 0.00418472
    endloop
  endfacet
  facet normal -0.0117288 0.00484872 -0.999919
    outer loop
      vertex -6.97326 2.76078 0.00416137
      vertex -7.4702 1.56352 0.00418472
      vertex -6.97323 2.7609 0.0041616
    endloop
  endfacet
  facet normal -0.0230891 0.0095638 -0.999688
    outer loop
      vertex -7.4702 1.56352 0.00418472
      vertex -7.26432 1.86516 0.00231538
      vertex -7.30916 1.63026 0.00110378
    endloop
  endfacet
  facet normal -0.38248 0.923795 0.0176721
    outer loop
      vertex -6.02734 4.02734 15.6108
      vertex -7.54244 3.12418 30.0312
      vertex -5.77303 3.85742 29.9973
    endloop
  endfacet
  facet normal -0.512034 0.858965 0
    outer loop
      vertex -6.02734 4.02734 15.6107
      vertex -7.54244 3.12418 30.0312
      vertex -6.02734 4.02734 15.6108
    endloop
  endfacet
  facet normal -0.38248 0.923795 0.017672
    outer loop
      vertex -6.02734 4.02734 15.6107
      vertex -8.23515 3.41111 0.0395288
      vertex -7.54244 3.12418 30.0312
    endloop
  endfacet
  facet normal -0.382481 0.923794 0.0176722
    outer loop
      vertex -8.23515 3.41111 0.0395288
      vertex -6.02734 4.02734 15.6107
      vertex -6.3878 4.17665 0.00418472
    endloop
  endfacet
  facet normal 0.70692 -0.707073 -0.0176731
    outer loop
      vertex -6.71306 -1.33531 28.3205
      vertex -6.61446 -1.27852 29.9924
      vertex -6.66084 -1.32492 29.9936
    endloop
  endfacet
  facet normal 0.706881 -0.707111 -0.017672
    outer loop
      vertex -7.02046 -1.28391 13.9678
      vertex -6.71306 -1.33531 28.3205
      vertex -7.10973 -1.41421 15.6107
    endloop
  endfacet
  facet normal 0.706914 -0.707078 -0.0176726
    outer loop
      vertex -6.71306 -1.33531 28.3205
      vertex -7.02046 -1.28391 13.9678
      vertex -6.61446 -1.27852 29.9924
    endloop
  endfacet
  facet normal 0.706881 -0.707112 -0.017672
    outer loop
      vertex -7.10973 -1.41421 15.6107
      vertex -7.30636 -1.28771 2.68385
      vertex -7.02046 -1.28391 13.9678
    endloop
  endfacet
  facet normal 0.706865 -0.707128 -0.0176719
    outer loop
      vertex -7.30636 -1.28771 2.68385
      vertex -7.10973 -1.41421 15.6107
      vertex -7.4999 -1.41421 0.00418472
    endloop
  endfacet
  facet normal -0.706882 -0.707111 0.0176791
    outer loop
      vertex -8.16388 0 30.0312
      vertex -6.83401 -1.35937 28.8341
      vertex -6.80975 -1.35454 29.9973
    endloop
  endfacet
  facet normal -0.706885 -0.707107 0.0176717
    outer loop
      vertex -8.16388 0 30.0312
      vertex -7.10973 -1.41421 15.6107
      vertex -6.83401 -1.35937 28.8341
    endloop
  endfacet
  facet normal -0.706883 -0.707109 0.017672
    outer loop
      vertex -8.91367 0 0.0395288
      vertex -7.10973 -1.41421 15.6107
      vertex -8.16388 0 30.0312
    endloop
  endfacet
  facet normal -0.706885 -0.707107 0.0176725
    outer loop
      vertex -7.10973 -1.41421 15.6107
      vertex -8.91367 0 0.0395288
      vertex -7.4999 -1.41421 0.00418472
    endloop
  endfacet
  facet normal 0.0245851 -0.00127968 0.999697
    outer loop
      vertex -6.80975 1.35454 29.9973
      vertex -6.61446 1.27852 29.9924
      vertex -6.66084 1.32492 29.9936
    endloop
  endfacet
  facet normal 0.0250314 -3.76272e-05 0.999687
    outer loop
      vertex -6.69691 0.846016 29.9945
      vertex -8.16388 0 30.0312
      vertex -6.7501 0.000131157 29.9958
    endloop
  endfacet
  facet normal 0.0249866 4.00515e-05 0.999688
    outer loop
      vertex -8.16388 0 30.0312
      vertex -6.69691 0.846016 29.9945
      vertex -6.80975 1.35454 29.9973
    endloop
  endfacet
  facet normal 0.0251092 6.72542e-05 0.999685
    outer loop
      vertex -6.61446 1.27852 29.9924
      vertex -6.80975 1.35454 29.9973
      vertex -6.69691 0.846016 29.9945
    endloop
  endfacet
  facet normal 0.0251092 -6.72542e-05 0.999685
    outer loop
      vertex -6.80975 -1.35454 29.9973
      vertex -6.61446 -1.27852 29.9924
      vertex -6.69691 -0.846016 29.9945
    endloop
  endfacet
  facet normal 0.0245851 0.00127968 0.999697
    outer loop
      vertex -6.61446 -1.27852 29.9924
      vertex -6.80975 -1.35454 29.9973
      vertex -6.66084 -1.32492 29.9936
    endloop
  endfacet
  facet normal 0.0250314 3.76272e-05 0.999687
    outer loop
      vertex -8.16388 0 30.0312
      vertex -6.69691 -0.846016 29.9945
      vertex -6.7501 -0.000131157 29.9958
    endloop
  endfacet
  facet normal 0.0250314 0 0.999687
    outer loop
      vertex -8.16388 0 30.0312
      vertex -6.7501 -0.000131157 29.9958
      vertex -6.7501 0 29.9958
    endloop
  endfacet
  facet normal 0.0250314 0 0.999687
    outer loop
      vertex -6.7501 0.000131157 29.9958
      vertex -8.16388 0 30.0312
      vertex -6.7501 0 29.9958
    endloop
  endfacet
  facet normal 0.0249866 -4.00515e-05 0.999688
    outer loop
      vertex -6.69691 -0.846016 29.9945
      vertex -8.16388 0 30.0312
      vertex -6.80975 -1.35454 29.9973
    endloop
  endfacet
  facet normal -0.0249921 0 -0.999688
    outer loop
      vertex -8.91367 0 0.0395288
      vertex -7.4999 -4.54743e-06 0.00418472
      vertex -7.4999 -1.41421 0.00418472
    endloop
  endfacet
  facet normal -0.024992 0.00219835 -0.999685
    outer loop
      vertex -7.4999 -4.54743e-06 0.00418472
      vertex -8.91367 0 0.0395288
      vertex -7.4999 0 0.00418473
    endloop
  endfacet
  facet normal -0.024992 -0.00219835 -0.999685
    outer loop
      vertex -8.91367 0 0.0395288
      vertex -7.4999 4.54743e-06 0.00418472
      vertex -7.4999 0 0.00418473
    endloop
  endfacet
  facet normal -0.0249921 0 -0.999688
    outer loop
      vertex -7.4999 4.54743e-06 0.00418472
      vertex -8.91367 0 0.0395288
      vertex -7.4999 1.41421 0.00418472
    endloop
  endfacet
  facet normal 0.70692 0.707073 -0.0176731
    outer loop
      vertex -6.61446 1.27852 29.9924
      vertex -6.71306 1.33531 28.3205
      vertex -6.66084 1.32492 29.9936
    endloop
  endfacet
  facet normal 0.706914 0.707078 -0.0176726
    outer loop
      vertex -7.02046 1.28391 13.9678
      vertex -6.71306 1.33531 28.3205
      vertex -6.61446 1.27852 29.9924
    endloop
  endfacet
  facet normal 0.706881 0.707111 -0.017672
    outer loop
      vertex -6.71306 1.33531 28.3205
      vertex -7.02046 1.28391 13.9678
      vertex -7.10973 1.41421 15.6107
    endloop
  endfacet
  facet normal 0.706881 0.707112 -0.017672
    outer loop
      vertex -7.30636 1.28771 2.68385
      vertex -7.10973 1.41421 15.6107
      vertex -7.02046 1.28391 13.9678
    endloop
  endfacet
  facet normal 0.706865 0.707128 -0.0176719
    outer loop
      vertex -7.10973 1.41421 15.6107
      vertex -7.30636 1.28771 2.68385
      vertex -7.4999 1.41421 0.00418472
    endloop
  endfacet
  facet normal -0.02499 6.93853e-09 -0.999688
    outer loop
      vertex -7.4999 -1.41421 0.00418472
      vertex -7.44078 -0.940065 0.00270685
      vertex -7.37433 -1.28861 0.00104574
    endloop
  endfacet
  facet normal -0.0306688 0.000708569 -0.999529
    outer loop
      vertex -7.4999 -1.41421 0.00418472
      vertex -7.44079 -0.93999 0.00270721
      vertex -7.44078 -0.940065 0.00270685
    endloop
  endfacet
  facet normal -0.0183191 -0.000831724 -0.999832
    outer loop
      vertex -7.4999 -1.41421 0.00418472
      vertex -7.4408 -0.939914 0.00270733
      vertex -7.44079 -0.93999 0.00270721
    endloop
  endfacet
  facet normal -0.0249903 0 -0.999688
    outer loop
      vertex -7.4408 -0.939914 0.00270733
      vertex -7.4999 -1.41421 0.00418472
      vertex -7.4999 -4.54743e-06 0.00418472
    endloop
  endfacet
  facet normal -0.0249903 -0 -0.999688
    outer loop
      vertex -7.4999 1.41421 0.00418472
      vertex -7.4408 0.939914 0.00270733
      vertex -7.4999 4.54743e-06 0.00418472
    endloop
  endfacet
  facet normal -0.02499 -6.93853e-09 -0.999688
    outer loop
      vertex -7.44078 0.940065 0.00270685
      vertex -7.4999 1.41421 0.00418472
      vertex -7.37433 1.28861 0.00104574
    endloop
  endfacet
  facet normal -0.0306688 -0.000708569 -0.999529
    outer loop
      vertex -7.44079 0.93999 0.00270721
      vertex -7.4999 1.41421 0.00418472
      vertex -7.44078 0.940065 0.00270685
    endloop
  endfacet
  facet normal -0.0183191 0.000831724 -0.999832
    outer loop
      vertex -7.4408 0.939914 0.00270733
      vertex -7.4999 1.41421 0.00418472
      vertex -7.44079 0.93999 0.00270721
    endloop
  endfacet
  facet normal -0.706882 0.707111 0.0176791
    outer loop
      vertex -6.83401 1.35937 28.8341
      vertex -8.16388 0 30.0312
      vertex -6.80975 1.35454 29.9973
    endloop
  endfacet
  facet normal -0.706885 0.707107 0.0176717
    outer loop
      vertex -7.10973 1.41421 15.6107
      vertex -8.16388 0 30.0312
      vertex -6.83401 1.35937 28.8341
    endloop
  endfacet
  facet normal -0.706883 0.707109 0.017672
    outer loop
      vertex -7.10973 1.41421 15.6107
      vertex -8.91367 0 0.0395288
      vertex -8.16388 0 30.0312
    endloop
  endfacet
  facet normal -0.706885 0.707107 0.0176725
    outer loop
      vertex -8.91367 0 0.0395288
      vertex -7.10973 1.41421 15.6107
      vertex -7.4999 1.41421 0.00418472
    endloop
  endfacet
  facet normal 0.70686 0.707133 -0.0176714
    outer loop
      vertex -7.37433 1.28861 0.00104574
      vertex -7.4999 1.41421 0.00418472
      vertex -7.30636 1.28771 2.68385
    endloop
  endfacet
  facet normal 0.70686 -0.707133 -0.0176714
    outer loop
      vertex -7.30636 -1.28771 2.68385
      vertex -7.4999 -1.41421 0.00418472
      vertex -7.37433 -1.28861 0.00104574
    endloop
  endfacet
  facet normal -0.923677 0.382764 0.0176726
    outer loop
      vertex -8.23515 -3.41111 0.0395288
      vertex -7.10973 -1.41421 15.6107
      vertex -7.4702 -1.56352 0.00418472
    endloop
  endfacet
  facet normal -0.923676 0.382767 0.0176721
    outer loop
      vertex -7.10973 -1.41421 15.6107
      vertex -8.23515 -3.41111 0.0395288
      vertex -6.83401 -1.35937 28.8341
    endloop
  endfacet
  facet normal -0.38248 -0.923795 0.0176721
    outer loop
      vertex -7.54244 -3.12418 30.0312
      vertex -6.02734 -4.02734 15.6108
      vertex -5.77303 -3.85742 29.9973
    endloop
  endfacet
  facet normal -0.512034 -0.858965 0
    outer loop
      vertex -7.54244 -3.12418 30.0312
      vertex -6.02734 -4.02734 15.6107
      vertex -6.02734 -4.02734 15.6108
    endloop
  endfacet
  facet normal -0.38248 -0.923795 0.017672
    outer loop
      vertex -8.23515 -3.41111 0.0395288
      vertex -6.02734 -4.02734 15.6107
      vertex -7.54244 -3.12418 30.0312
    endloop
  endfacet
  facet normal -0.382481 -0.923794 0.0176722
    outer loop
      vertex -6.02734 -4.02734 15.6107
      vertex -8.23515 -3.41111 0.0395288
      vertex -6.3878 -4.17665 0.00418472
    endloop
  endfacet
  facet normal 0.0218481 0.0111533 0.999699
    outer loop
      vertex -5.6222 -3.71368 29.9924
      vertex -5.77303 -3.85742 29.9973
      vertex -5.64679 -3.77307 29.9936
    endloop
  endfacet
  facet normal 0.0233249 0.00960306 0.999682
    outer loop
      vertex -5.91518 -3.2519 29.9948
      vertex -5.77303 -3.85742 29.9973
      vertex -5.6222 -3.71368 29.9924
    endloop
  endfacet
  facet normal 0.0231132 0.00957191 0.999687
    outer loop
      vertex -7.54244 -3.12418 30.0312
      vertex -5.91518 -3.2519 29.9948
      vertex -6.27603 -2.485 29.9958
    endloop
  endfacet
  facet normal 0.0223134 0.0111567 0.999689
    outer loop
      vertex -7.54244 -3.12418 30.0312
      vertex -6.27603 -2.485 29.9958
      vertex -6.27609 -2.48488 29.9958
    endloop
  endfacet
  facet normal 0.0232311 0.00960427 0.999684
    outer loop
      vertex -6.80975 -1.35454 29.9973
      vertex -6.53811 -1.67851 29.9941
      vertex -6.60086 -1.34978 29.9924
    endloop
  endfacet
  facet normal 0.0232705 0.00788918 0.999698
    outer loop
      vertex -6.80975 -1.35454 29.9973
      vertex -6.60086 -1.34978 29.9924
      vertex -6.66084 -1.32492 29.9936
    endloop
  endfacet
  facet normal 0.0147012 0.0024502 0.999889
    outer loop
      vertex -6.53811 -1.67851 29.9941
      vertex -6.80975 -1.35454 29.9973
      vertex -6.53808 -1.67869 29.9941
    endloop
  endfacet
  facet normal 0.0195534 0.00651779 0.999788
    outer loop
      vertex -6.53808 -1.67869 29.9941
      vertex -6.80975 -1.35454 29.9973
      vertex -6.53802 -1.67887 29.9941
    endloop
  endfacet
  facet normal 0.0230926 0.00961294 0.999687
    outer loop
      vertex -6.53802 -1.67887 29.9941
      vertex -7.54244 -3.12418 30.0312
      vertex -6.27609 -2.48488 29.9958
    endloop
  endfacet
  facet normal 0.0231767 0.00955449 0.999686
    outer loop
      vertex -6.53802 -1.67887 29.9941
      vertex -6.80975 -1.35454 29.9973
      vertex -7.54244 -3.12418 30.0312
    endloop
  endfacet
  facet normal 0.0231117 0.00955302 0.999687
    outer loop
      vertex -5.91518 -3.2519 29.9948
      vertex -7.54244 -3.12418 30.0312
      vertex -5.77303 -3.85742 29.9973
    endloop
  endfacet
  facet normal 0.923677 -0.382765 -0.0176701
    outer loop
      vertex -6.25677 -3.98477 2.69711
      vertex -6.3878 -4.17665 0.00418472
      vertex -6.31944 -4.01154 0.00102634
    endloop
  endfacet
  facet normal -0.923674 0.382771 0.017675
    outer loop
      vertex -6.83401 -1.35937 28.8341
      vertex -7.54244 -3.12418 30.0312
      vertex -6.80975 -1.35454 29.9973
    endloop
  endfacet
  facet normal -0.923675 0.382769 0.0176719
    outer loop
      vertex -7.54244 -3.12418 30.0312
      vertex -6.83401 -1.35937 28.8341
      vertex -8.23515 -3.41111 0.0395288
    endloop
  endfacet
  facet normal -0.0230897 -0.00956412 -0.999688
    outer loop
      vertex -6.3878 -4.17665 0.00418472
      vertex -8.23515 -3.41111 0.0395288
      vertex -7.4702 -1.56352 0.00418472
    endloop
  endfacet
  facet normal 0.382463 0.923802 -0.0176723
    outer loop
      vertex -6.82935 -1.44026 20.3176
      vertex -6.71306 -1.33531 28.3205
      vertex -6.66801 -1.37637 27.1491
    endloop
  endfacet
  facet normal 0.38251 0.923782 -0.0176727
    outer loop
      vertex -6.82935 -1.44026 20.3176
      vertex -7.10973 -1.41421 15.6107
      vertex -6.71306 -1.33531 28.3205
    endloop
  endfacet
  facet normal 0.382514 0.923781 -0.0176729
    outer loop
      vertex -7.30916 -1.63026 0.00110378
      vertex -7.10973 -1.41421 15.6107
      vertex -6.82935 -1.44026 20.3176
    endloop
  endfacet
  facet normal 0.382507 0.923784 -0.0176729
    outer loop
      vertex -7.10973 -1.41421 15.6107
      vertex -7.30916 -1.63026 0.00110378
      vertex -7.4702 -1.56352 0.00418472
    endloop
  endfacet
  facet normal -0.0230883 -0.0095638 -0.999688
    outer loop
      vertex -6.3878 -4.17665 0.00418472
      vertex -6.57219 -3.61319 0.0030528
      vertex -6.31944 -4.01154 0.00102634
    endloop
  endfacet
  facet normal -0.0298581 -0.0117788 -0.999485
    outer loop
      vertex -6.3878 -4.17665 0.00418472
      vertex -6.57223 -3.61312 0.00305317
      vertex -6.57219 -3.61319 0.0030528
    endloop
  endfacet
  facet normal -0.0188583 -0.00817942 -0.999789
    outer loop
      vertex -6.3878 -4.17665 0.00418472
      vertex -6.57227 -3.61304 0.00305327
      vertex -6.57223 -3.61312 0.00305317
    endloop
  endfacet
  facet normal -0.0230892 -0.00956399 -0.999688
    outer loop
      vertex -6.3878 -4.17665 0.00418472
      vertex -6.97323 -2.7609 0.0041616
      vertex -6.57227 -3.61304 0.00305327
    endloop
  endfacet
  facet normal -0.0117288 -0.00484872 -0.999919
    outer loop
      vertex -7.4702 -1.56352 0.00418472
      vertex -6.97326 -2.76078 0.00416137
      vertex -6.97323 -2.7609 0.0041616
    endloop
  endfacet
  facet normal -0.0230891 -0.0095638 -0.999688
    outer loop
      vertex -7.26432 -1.86516 0.00231538
      vertex -7.4702 -1.56352 0.00418472
      vertex -7.30916 -1.63026 0.00110378
    endloop
  endfacet
  facet normal -0.0230897 -0.00956421 -0.999688
    outer loop
      vertex -6.97326 -2.76078 0.00416137
      vertex -7.4702 -1.56352 0.00418472
      vertex -7.26432 -1.86516 0.00231538
    endloop
  endfacet
  facet normal -0.0232017 -0.00961052 -0.999685
    outer loop
      vertex -7.4702 -1.56352 0.00418472
      vertex -6.97323 -2.7609 0.0041616
      vertex -6.3878 -4.17665 0.00418472
    endloop
  endfacet
  facet normal 0.382525 0.923776 -0.0176759
    outer loop
      vertex -6.60086 -1.34978 29.9924
      vertex -6.71306 -1.33531 28.3205
      vertex -6.66084 -1.32492 29.9936
    endloop
  endfacet
  facet normal 0.38247 0.923799 -0.017672
    outer loop
      vertex -6.71306 -1.33531 28.3205
      vertex -6.60086 -1.34978 29.9924
      vertex -6.66801 -1.37637 27.1491
    endloop
  endfacet
  facet normal 0.923642 -0.382849 -0.0176709
    outer loop
      vertex -5.64679 -3.77306 29.9936
      vertex -5.89353 -3.82959 18.3215
      vertex -5.6222 -3.71368 29.9924
    endloop
  endfacet
  facet normal 0.923677 -0.382765 -0.0176721
    outer loop
      vertex -6.02734 -4.02734 15.6107
      vertex -5.89353 -3.82959 18.3215
      vertex -5.64679 -3.77306 29.9936
    endloop
  endfacet
  facet normal 0.923678 -0.382762 -0.0176724
    outer loop
      vertex -5.89353 -3.82959 18.3215
      vertex -6.02734 -4.02734 15.6107
      vertex -6.25677 -3.98477 2.69711
    endloop
  endfacet
  facet normal 0.923687 -0.38274 -0.0176724
    outer loop
      vertex -6.25677 -3.98477 2.69711
      vertex -6.02734 -4.02734 15.6107
      vertex -6.3878 -4.17665 0.00418472
    endloop
  endfacet
  facet normal -0.0487423 0 -0.998811
    outer loop
      vertex -5.6222 -3.71368 29.9924
      vertex -5.64679 -3.77307 29.9936
      vertex -5.64679 -3.77306 29.9936
    endloop
  endfacet
  facet normal 0.0176566 -0 0.999844
    outer loop
      vertex -5.64679 -3.77307 29.9936
      vertex -5.5845 -3.77307 29.9925
      vertex -5.64679 -3.77306 29.9936
    endloop
  endfacet
  facet normal 0.0176539 0.0173763 0.999693
    outer loop
      vertex -5.5845 -3.77307 29.9925
      vertex -5.64679 -3.77307 29.9936
      vertex -5.4611 -3.96748 29.9937
    endloop
  endfacet
  facet normal 0.0176759 0.0173973 0.999692
    outer loop
      vertex -5.77303 -3.85742 29.9973
      vertex -5.4611 -3.96748 29.9937
      vertex -5.64679 -3.77307 29.9936
    endloop
  endfacet
  facet normal 0.0152346 0.0104738 0.999829
    outer loop
      vertex -5.4611 -3.96748 29.9937
      vertex -5.77303 -3.85742 29.9973
      vertex -5.46099 -3.96764 29.9937
    endloop
  endfacet
  facet normal 0.0177842 0.0176967 0.999685
    outer loop
      vertex -5.77273 -5.77273 30.0312
      vertex -5.46099 -3.96764 29.9937
      vertex -5.77303 -3.85742 29.9973
    endloop
  endfacet
  facet normal 0.0174531 0.0178972 0.999687
    outer loop
      vertex -4.92052 -4.62086 29.9957
      vertex -5.77273 -5.77273 30.0312
      vertex -4.76598 -4.76598 29.9956
    endloop
  endfacet
  facet normal 0.0166454 0.0184948 0.99969
    outer loop
      vertex -4.92062 -4.62077 29.9957
      vertex -5.77273 -5.77273 30.0312
      vertex -4.92052 -4.62086 29.9957
    endloop
  endfacet
  facet normal 0.0177051 0.0177104 0.999686
    outer loop
      vertex -5.46099 -3.96764 29.9937
      vertex -5.77273 -5.77273 30.0312
      vertex -4.9207 -4.62066 29.9957
    endloop
  endfacet
  facet normal 0.0210001 0.0152728 0.999663
    outer loop
      vertex -4.9207 -4.62066 29.9957
      vertex -5.77273 -5.77273 30.0312
      vertex -4.92062 -4.62077 29.9957
    endloop
  endfacet
  facet normal -0.000151589 0.999844 -0.0176736
    outer loop
      vertex -5.70534 -3.8896 23.4011
      vertex -5.64679 -3.77306 29.9936
      vertex -5.5845 -3.77307 29.9925
    endloop
  endfacet
  facet normal -9.46262e-05 0.999844 -0.0176741
    outer loop
      vertex -5.70534 -3.8896 23.4011
      vertex -6.02734 -4.02734 15.6107
      vertex -5.64679 -3.77306 29.9936
    endloop
  endfacet
  facet normal -0.000149771 0.999844 -0.0176718
    outer loop
      vertex -6.02734 -4.02734 15.6107
      vertex -5.70534 -3.8896 23.4011
      vertex -6.08741 -4.25802 2.55967
    endloop
  endfacet
  facet normal -0.707107 0.707107 0
    outer loop
      vertex -6.02734 -4.02734 15.6107
      vertex -6.30323 -4.30323 0.00418472
      vertex -6.02734 -4.02734 15.6108
    endloop
  endfacet
  facet normal -0.000201879 0.999844 -0.0176715
    outer loop
      vertex -6.30323 -4.30323 0.00418472
      vertex -6.02734 -4.02734 15.6107
      vertex -6.08741 -4.25802 2.55967
    endloop
  endfacet
  facet normal 0.000156184 -0.999844 0.0176724
    outer loop
      vertex -5.77273 -5.77273 30.0312
      vertex -4.02734 -6.02734 15.6108
      vertex -3.85742 -5.77303 29.9973
    endloop
  endfacet
  facet normal 0.000153799 -0.999844 0.0176721
    outer loop
      vertex -6.30291 -6.30291 0.0395288
      vertex -4.02734 -6.02734 15.6108
      vertex -5.77273 -5.77273 30.0312
    endloop
  endfacet
  facet normal 0.000152355 -0.999844 0.0176723
    outer loop
      vertex -4.02734 -6.02734 15.6108
      vertex -6.30291 -6.30291 0.0395288
      vertex -4.30323 -6.30323 0.00418472
    endloop
  endfacet
  facet normal 0 0.0180713 0.999837
    outer loop
      vertex -3.77307 -5.58593 29.9925
      vertex -3.77307 -5.64679 29.9936
      vertex -3.77306 -5.64679 29.9936
    endloop
  endfacet
  facet normal 0.0168094 0.0180688 0.999695
    outer loop
      vertex -3.77307 -5.58593 29.9925
      vertex -3.85742 -5.77303 29.9973
      vertex -3.77307 -5.64679 29.9936
    endloop
  endfacet
  facet normal 0.0177347 0.0176514 0.999687
    outer loop
      vertex -3.85742 -5.77303 29.9973
      vertex -3.77307 -5.58593 29.9925
      vertex -4.30269 -5.20106 29.9951
    endloop
  endfacet
  facet normal 0.0176967 0.0176218 0.999688
    outer loop
      vertex -5.77273 -5.77273 30.0312
      vertex -3.85742 -5.77303 29.9973
      vertex -4.30269 -5.20106 29.9951
    endloop
  endfacet
  facet normal 0.0176765 0.0176738 0.999688
    outer loop
      vertex -5.77273 -5.77273 30.0312
      vertex -4.30269 -5.20106 29.9951
      vertex -4.76598 -4.76598 29.9956
    endloop
  endfacet
  facet normal 0.999844 -0.000151428 -0.0176724
    outer loop
      vertex -4.02734 -6.02734 15.6107
      vertex -4.30323 -6.30323 0.00418472
      vertex -4.25596 -6.07753 2.67662
    endloop
  endfacet
  facet normal 0.707107 -0.707107 0
    outer loop
      vertex -4.30323 -6.30323 0.00418472
      vertex -4.02734 -6.02734 15.6107
      vertex -4.02734 -6.02734 15.6108
    endloop
  endfacet
  facet normal 0.999844 -0.000155121 -0.0176719
    outer loop
      vertex -3.77306 -5.64679 29.9936
      vertex -3.90362 -5.71884 22.6074
      vertex -3.77307 -5.58593 29.9925
    endloop
  endfacet
  facet normal 0.999844 -0.000186788 -0.0176716
    outer loop
      vertex -4.02734 -6.02734 15.6107
      vertex -3.90362 -5.71884 22.6074
      vertex -3.77306 -5.64679 29.9936
    endloop
  endfacet
  facet normal 0.999844 -0.000170027 -0.0176724
    outer loop
      vertex -3.90362 -5.71884 22.6074
      vertex -4.02734 -6.02734 15.6107
      vertex -4.25596 -6.07753 2.67662
    endloop
  endfacet
  facet normal -0.017671 -0.0176709 -0.999688
    outer loop
      vertex -4.30323 -6.30323 0.00418472
      vertex -4.78055 -5.77884 0.00335278
      vertex -4.30325 -6.12569 0.00104681
    endloop
  endfacet
  facet normal -0.0183187 -0.0182604 -0.999665
    outer loop
      vertex -4.30323 -6.30323 0.00418472
      vertex -4.78063 -5.77878 0.00335315
      vertex -4.78055 -5.77884 0.00335278
    endloop
  endfacet
  facet normal -0.0107338 -0.0113563 -0.999878
    outer loop
      vertex -4.30323 -6.30323 0.00418472
      vertex -4.7807 -5.77872 0.00335322
      vertex -4.78063 -5.77878 0.00335315
    endloop
  endfacet
  facet normal -0.0176726 -0.0176724 -0.999688
    outer loop
      vertex -4.30323 -6.30323 0.00418472
      vertex -5.46719 -5.13403 0.00409226
      vertex -4.7807 -5.77872 0.00335322
    endloop
  endfacet
  facet normal -0.0176702 -0.0176698 -0.999688
    outer loop
      vertex -6.06759 -4.40836 0.00187782
      vertex -6.30323 -4.30323 0.00418472
      vertex -6.13431 -4.30325 0.00119929
    endloop
  endfacet
  facet normal -0.0200832 -0.0230818 -0.999532
    outer loop
      vertex -6.06755 -4.4084 0.00187794
      vertex -6.30323 -4.30323 0.00418472
      vertex -6.06759 -4.40836 0.00187782
    endloop
  endfacet
  facet normal -0.0176698 -0.0176699 -0.999688
    outer loop
      vertex -5.46719 -5.13403 0.00409226
      vertex -6.30323 -4.30323 0.00418472
      vertex -6.06755 -4.4084 0.00187794
    endloop
  endfacet
  facet normal -0.0176395 -0.0176395 -0.999689
    outer loop
      vertex -6.30323 -4.30323 0.00418472
      vertex -5.46719 -5.13403 0.00409226
      vertex -4.30323 -6.30323 0.00418472
    endloop
  endfacet
  facet normal -0.0176722 -0.0176722 -0.999688
    outer loop
      vertex -6.30291 -6.30291 0.0395288
      vertex -6.30323 -4.30323 0.00418472
      vertex -4.30323 -6.30323 0.00418472
    endloop
  endfacet
  facet normal -0.999844 0.000152355 0.0176723
    outer loop
      vertex -6.30291 -6.30291 0.0395288
      vertex -6.02734 -4.02734 15.6108
      vertex -6.30323 -4.30323 0.00418472
    endloop
  endfacet
  facet normal -0.999844 0.000156184 0.0176724
    outer loop
      vertex -6.02734 -4.02734 15.6108
      vertex -5.77273 -5.77273 30.0312
      vertex -5.77303 -3.85742 29.9973
    endloop
  endfacet
  facet normal -0.999844 0.000153799 0.0176721
    outer loop
      vertex -6.02734 -4.02734 15.6108
      vertex -6.30291 -6.30291 0.0395288
      vertex -5.77273 -5.77273 30.0312
    endloop
  endfacet
  facet normal -0.000193951 0.999844 -0.0176722
    outer loop
      vertex -6.13431 -4.30325 0.00119929
      vertex -6.30323 -4.30323 0.00418472
      vertex -6.08741 -4.25802 2.55967
    endloop
  endfacet
  facet normal 0.999844 -0.000199644 -0.0176684
    outer loop
      vertex -4.30323 -6.30323 0.00418472
      vertex -4.30325 -6.12569 0.00104681
      vertex -4.25596 -6.07753 2.67662
    endloop
  endfacet
  facet normal 0.923783 0.382509 -0.0176729
    outer loop
      vertex -1.41421 -7.10973 15.6107
      vertex -1.56352 -7.4702 0.00418472
      vertex -1.56395 -7.14634 6.99126
    endloop
  endfacet
  facet normal 0.923797 0.382475 -0.0176714
    outer loop
      vertex -1.56395 -7.14634 6.99126
      vertex -1.56352 -7.4702 0.00418472
      vertex -1.63015 -7.30941 0.00110857
    endloop
  endfacet
  facet normal 0.923821 0.382417 -0.01767
    outer loop
      vertex -1.41421 -7.10973 15.6107
      vertex -1.37178 -6.67304 27.2799
      vertex -1.33531 -6.71306 28.3205
    endloop
  endfacet
  facet normal 0.923787 0.382498 -0.017673
    outer loop
      vertex -1.37178 -6.67304 27.2799
      vertex -1.41421 -7.10973 15.6107
      vertex -1.56395 -7.14634 6.99126
    endloop
  endfacet
  facet normal 0.382767 -0.923676 0.0176721
    outer loop
      vertex -3.41111 -8.23515 0.0395288
      vertex -1.41421 -7.10973 15.6107
      vertex -1.35937 -6.83401 28.8341
    endloop
  endfacet
  facet normal 0.382764 -0.923677 0.0176726
    outer loop
      vertex -1.41421 -7.10973 15.6107
      vertex -3.41111 -8.23515 0.0395288
      vertex -1.56352 -7.4702 0.00418472
    endloop
  endfacet
  facet normal 0.00858955 0.0231311 0.999696
    outer loop
      vertex -1.34609 -6.60976 29.9926
      vertex -1.35454 -6.80975 29.9973
      vertex -1.32492 -6.66084 29.9936
    endloop
  endfacet
  facet normal 0.00957943 0.0230891 0.999688
    outer loop
      vertex -1.35454 -6.80975 29.9973
      vertex -1.34609 -6.60976 29.9926
      vertex -2.08576 -6.41978 29.9953
    endloop
  endfacet
  facet normal 0.00722414 0.0252845 0.999654
    outer loop
      vertex -3.12418 -7.54244 30.0312
      vertex -2.08576 -6.41978 29.9953
      vertex -2.0859 -6.41974 29.9953
    endloop
  endfacet
  facet normal 0.00858194 0.0240294 0.999674
    outer loop
      vertex -3.12418 -7.54244 30.0312
      vertex -2.0859 -6.41974 29.9953
      vertex -2.08604 -6.41969 29.9953
    endloop
  endfacet
  facet normal 0.00954311 0.0231411 0.999687
    outer loop
      vertex -3.12418 -7.54244 30.0312
      vertex -2.08604 -6.41969 29.9953
      vertex -2.87406 -6.10768 29.9956
    endloop
  endfacet
  facet normal 0.00958583 0.0231011 0.999687
    outer loop
      vertex -2.08576 -6.41978 29.9953
      vertex -3.12418 -7.54244 30.0312
      vertex -1.35454 -6.80975 29.9973
    endloop
  endfacet
  facet normal 0.00957041 0.023044 0.999689
    outer loop
      vertex -3.85742 -5.77303 29.9973
      vertex -2.87406 -6.10768 29.9956
      vertex -3.61674 -5.69946 29.9933
    endloop
  endfacet
  facet normal 0.0110758 0.018124 0.999774
    outer loop
      vertex -3.85742 -5.77303 29.9973
      vertex -3.61674 -5.69946 29.9933
      vertex -3.61692 -5.69935 29.9933
    endloop
  endfacet
  facet normal 0.0115959 0.0164275 0.999798
    outer loop
      vertex -3.85742 -5.77303 29.9973
      vertex -3.61692 -5.69935 29.9933
      vertex -3.61709 -5.69923 29.9933
    endloop
  endfacet
  facet normal 0.00945731 0.0224111 0.999704
    outer loop
      vertex -3.77307 -5.64679 29.9936
      vertex -3.61709 -5.69923 29.9933
      vertex -3.71971 -5.6247 29.9926
    endloop
  endfacet
  facet normal 0.00961377 0.0228766 0.999692
    outer loop
      vertex -3.61709 -5.69923 29.9933
      vertex -3.77307 -5.64679 29.9936
      vertex -3.85742 -5.77303 29.9973
    endloop
  endfacet
  facet normal 0.00960006 0.0231312 0.999686
    outer loop
      vertex -2.87406 -6.10768 29.9956
      vertex -3.85742 -5.77303 29.9973
      vertex -3.12418 -7.54244 30.0312
    endloop
  endfacet
  facet normal 0.382771 -0.923674 0.017675
    outer loop
      vertex -3.12418 -7.54244 30.0312
      vertex -1.35937 -6.83401 28.8341
      vertex -1.35454 -6.80975 29.9973
    endloop
  endfacet
  facet normal 0.382769 -0.923675 0.0176719
    outer loop
      vertex -1.35937 -6.83401 28.8341
      vertex -3.12418 -7.54244 30.0312
      vertex -3.41111 -8.23515 0.0395288
    endloop
  endfacet
  facet normal -0.00956412 -0.0230897 -0.999688
    outer loop
      vertex -3.41111 -8.23515 0.0395288
      vertex -4.17665 -6.3878 0.00418472
      vertex -1.56352 -7.4702 0.00418472
    endloop
  endfacet
  facet normal -0.382723 0.923694 -0.0176736
    outer loop
      vertex -3.7566 -5.70878 26.3971
      vertex -3.77307 -5.64679 29.9936
      vertex -3.71971 -5.6247 29.9926
    endloop
  endfacet
  facet normal -0.382719 0.923696 -0.0176736
    outer loop
      vertex -3.7566 -5.70878 26.3971
      vertex -4.02734 -6.02734 15.6107
      vertex -3.77307 -5.64679 29.9936
    endloop
  endfacet
  facet normal -0.382755 0.923681 -0.0176723
    outer loop
      vertex -4.00234 -6.26877 2.4504
      vertex -4.02734 -6.02734 15.6107
      vertex -3.7566 -5.70878 26.3971
    endloop
  endfacet
  facet normal -0.382743 0.923686 -0.0176724
    outer loop
      vertex -4.02734 -6.02734 15.6107
      vertex -4.00234 -6.26877 2.4504
      vertex -4.17665 -6.3878 0.00418472
    endloop
  endfacet
  facet normal 0 -0.99965 0.0264492
    outer loop
      vertex -3.77307 -5.64679 29.9936
      vertex -4.02734 -6.02734 15.6107
      vertex -3.77306 -5.64679 29.9936
    endloop
  endfacet
  facet normal -0.382763 0.923678 -0.0176705
    outer loop
      vertex -4.02748 -6.32604 0.00133117
      vertex -4.17665 -6.3878 0.00418472
      vertex -4.00234 -6.26877 2.4504
    endloop
  endfacet
  facet normal 0.923781 0.382513 -0.0176755
    outer loop
      vertex -1.33531 -6.71306 28.3205
      vertex -1.34609 -6.60976 29.9926
      vertex -1.32492 -6.66084 29.9936
    endloop
  endfacet
  facet normal 0.923818 0.382423 -0.0176697
    outer loop
      vertex -1.34609 -6.60976 29.9926
      vertex -1.33531 -6.71306 28.3205
      vertex -1.37178 -6.67304 27.2799
    endloop
  endfacet
  facet normal -0.0095636 -0.0230886 -0.999688
    outer loop
      vertex -1.56352 -7.4702 0.00418472
      vertex -2.3176 -7.13284 0.0036071
      vertex -1.63015 -7.30941 0.00110857
    endloop
  endfacet
  facet normal -0.00956501 -0.0230917 -0.999688
    outer loop
      vertex -1.56352 -7.4702 0.00418472
      vertex -3.1932 -6.78615 0.00397667
      vertex -2.3176 -7.13284 0.0036071
    endloop
  endfacet
  facet normal -0.0110849 -0.0267127 -0.999582
    outer loop
      vertex -1.56352 -7.4702 0.00418472
      vertex -3.1933 -6.78611 0.00397671
      vertex -3.1932 -6.78615 0.00397667
    endloop
  endfacet
  facet normal -0.00956431 -0.0230886 -0.999688
    outer loop
      vertex -4.01868 -6.33243 0.00139456
      vertex -4.17665 -6.3878 0.00418472
      vertex -4.02748 -6.32604 0.00133117
    endloop
  endfacet
  facet normal -0.00956402 -0.0230894 -0.999688
    outer loop
      vertex -3.1934 -6.78606 0.00397641
      vertex -4.17665 -6.3878 0.00418472
      vertex -4.01868 -6.33243 0.00139456
    endloop
  endfacet
  facet normal -0.0139031 -0.0338023 -0.999332
    outer loop
      vertex -3.1933 -6.78611 0.00397671
      vertex -4.17665 -6.3878 0.00418472
      vertex -3.1934 -6.78606 0.00397641
    endloop
  endfacet
  facet normal -0.00956068 -0.0230814 -0.999688
    outer loop
      vertex -4.17665 -6.3878 0.00418472
      vertex -3.1933 -6.78611 0.00397671
      vertex -1.56352 -7.4702 0.00418472
    endloop
  endfacet
  facet normal -0.923794 -0.382481 0.0176722
    outer loop
      vertex -3.41111 -8.23515 0.0395288
      vertex -4.02734 -6.02734 15.6107
      vertex -4.17665 -6.3878 0.00418472
    endloop
  endfacet
  facet normal -0.963185 -0.268838 0
    outer loop
      vertex -4.02734 -6.02734 15.6107
      vertex -3.41111 -8.23515 0.0395288
      vertex -4.02734 -6.02734 15.6108
    endloop
  endfacet
  facet normal -0.923795 -0.38248 0.0176721
    outer loop
      vertex -4.02734 -6.02734 15.6108
      vertex -3.12418 -7.54244 30.0312
      vertex -3.85742 -5.77303 29.9973
    endloop
  endfacet
  facet normal -0.923794 -0.382481 0.017672
    outer loop
      vertex -4.02734 -6.02734 15.6108
      vertex -3.41111 -8.23515 0.0395288
      vertex -3.12418 -7.54244 30.0312
    endloop
  endfacet
  facet normal 0.707118 0.706875 -0.0176714
    outer loop
      vertex 1.33531 -6.71306 28.3205
      vertex 1.28859 -6.62452 29.9927
      vertex 1.32492 -6.66084 29.9936
    endloop
  endfacet
  facet normal 0.707107 0.706886 -0.0176723
    outer loop
      vertex 1.33531 -6.71306 28.3205
      vertex 1.29211 -6.77349 24.1748
      vertex 1.28859 -6.62452 29.9927
    endloop
  endfacet
  facet normal 0.707102 0.70689 -0.0176723
    outer loop
      vertex 1.41421 -7.10973 15.6107
      vertex 1.29211 -6.77349 24.1748
      vertex 1.33531 -6.71306 28.3205
    endloop
  endfacet
  facet normal 0.707101 0.706891 -0.0176724
    outer loop
      vertex 1.41421 -7.10973 15.6107
      vertex 1.29486 -7.29618 3.37735
      vertex 1.29211 -6.77349 24.1748
    endloop
  endfacet
  facet normal 0.707113 0.70688 -0.0176723
    outer loop
      vertex 1.41421 -7.4999 0.00418472
      vertex 1.29486 -7.29618 3.37735
      vertex 1.41421 -7.10973 15.6107
    endloop
  endfacet
  facet normal 0.707171 0.706822 -0.0176667
    outer loop
      vertex 1.29486 -7.29618 3.37735
      vertex 1.41421 -7.4999 0.00418472
      vertex 1.29497 -7.31747 2.52997
    endloop
  endfacet
  facet normal 0.707111 -0.706882 0.0176791
    outer loop
      vertex 0 -8.16388 30.0312
      vertex 1.35937 -6.83401 28.8341
      vertex 1.35454 -6.80975 29.9973
    endloop
  endfacet
  facet normal 0.707107 -0.706885 0.0176717
    outer loop
      vertex 1.35937 -6.83401 28.8341
      vertex 0 -8.16388 30.0312
      vertex 1.41421 -7.10973 15.6107
    endloop
  endfacet
  facet normal 0.707109 -0.706883 0.017672
    outer loop
      vertex 0 -8.91367 0.0395288
      vertex 1.41421 -7.10973 15.6107
      vertex 0 -8.16388 30.0312
    endloop
  endfacet
  facet normal 0.707107 -0.706885 0.0176725
    outer loop
      vertex 1.41421 -7.10973 15.6107
      vertex 0 -8.91367 0.0395288
      vertex 1.41421 -7.4999 0.00418472
    endloop
  endfacet
  facet normal -0.00170664 0.023066 0.999732
    outer loop
      vertex 1.26486 -6.63061 29.9928
      vertex 1.32492 -6.66084 29.9936
      vertex 1.28859 -6.62452 29.9927
    endloop
  endfacet
  facet normal -0.000903911 0.0246599 0.999695
    outer loop
      vertex 1.32492 -6.66084 29.9936
      vertex 1.26486 -6.63061 29.9928
      vertex 1.35454 -6.80975 29.9973
    endloop
  endfacet
  facet normal 3.71897e-05 0.0251307 0.999684
    outer loop
      vertex 0.423984 -6.73677 29.9955
      vertex 1.35454 -6.80975 29.9973
      vertex 1.26486 -6.63061 29.9928
    endloop
  endfacet
  facet normal -0.00370313 0.0261071 0.999652
    outer loop
      vertex 0 -8.16388 30.0312
      vertex 0.423984 -6.73677 29.9955
      vertex 0.423843 -6.73679 29.9955
    endloop
  endfacet
  facet normal 2.69154e-05 0.0249998 0.999687
    outer loop
      vertex 0.423984 -6.73677 29.9955
      vertex 0 -8.16388 30.0312
      vertex 1.35454 -6.80975 29.9973
    endloop
  endfacet
  facet normal -0 0.0250081 0.999687
    outer loop
      vertex -0.423843 -6.73679 29.9955
      vertex 0 -8.16388 30.0312
      vertex 0.423843 -6.73679 29.9955
    endloop
  endfacet
  facet normal 0.00370313 0.0261071 0.999652
    outer loop
      vertex -0.423984 -6.73677 29.9955
      vertex 0 -8.16388 30.0312
      vertex -0.423843 -6.73679 29.9955
    endloop
  endfacet
  facet normal -3.71897e-05 0.0251307 0.999684
    outer loop
      vertex -1.35454 -6.80975 29.9973
      vertex -0.423984 -6.73677 29.9955
      vertex -1.26486 -6.63061 29.9928
    endloop
  endfacet
  facet normal 0.00170664 0.023066 0.999732
    outer loop
      vertex -1.32492 -6.66084 29.9936
      vertex -1.26486 -6.63061 29.9928
      vertex -1.28859 -6.62452 29.9927
    endloop
  endfacet
  facet normal 0.000903911 0.0246599 0.999695
    outer loop
      vertex -1.26486 -6.63061 29.9928
      vertex -1.32492 -6.66084 29.9936
      vertex -1.35454 -6.80975 29.9973
    endloop
  endfacet
  facet normal -2.69154e-05 0.0249998 0.999687
    outer loop
      vertex -0.423984 -6.73677 29.9955
      vertex -1.35454 -6.80975 29.9973
      vertex 0 -8.16388 30.0312
    endloop
  endfacet
  facet normal 0 -0.0249921 -0.999688
    outer loop
      vertex 0 -8.91367 0.0395288
      vertex -1.41421 -7.4999 0.00418472
      vertex 1.41421 -7.4999 0.00418472
    endloop
  endfacet
  facet normal -0.707118 0.706875 -0.0176714
    outer loop
      vertex -1.28859 -6.62452 29.9927
      vertex -1.33531 -6.71306 28.3205
      vertex -1.32492 -6.66084 29.9936
    endloop
  endfacet
  facet normal -0.707107 0.706886 -0.0176723
    outer loop
      vertex -1.29211 -6.77349 24.1748
      vertex -1.33531 -6.71306 28.3205
      vertex -1.28859 -6.62452 29.9927
    endloop
  endfacet
  facet normal -0.707102 0.70689 -0.0176723
    outer loop
      vertex -1.29211 -6.77349 24.1748
      vertex -1.41421 -7.10973 15.6107
      vertex -1.33531 -6.71306 28.3205
    endloop
  endfacet
  facet normal -0.707101 0.706891 -0.0176724
    outer loop
      vertex -1.29486 -7.29618 3.37735
      vertex -1.41421 -7.10973 15.6107
      vertex -1.29211 -6.77349 24.1748
    endloop
  endfacet
  facet normal -0.707171 0.706822 -0.0176667
    outer loop
      vertex -1.41421 -7.4999 0.00418472
      vertex -1.29486 -7.29618 3.37735
      vertex -1.29497 -7.31747 2.52997
    endloop
  endfacet
  facet normal -0.707113 0.70688 -0.0176723
    outer loop
      vertex -1.29486 -7.29618 3.37735
      vertex -1.41421 -7.4999 0.00418472
      vertex -1.41421 -7.10973 15.6107
    endloop
  endfacet
  facet normal -2.62512e-07 -0.0249914 -0.999688
    outer loop
      vertex 1.41421 -7.4999 0.00418472
      vertex 0.470922 -7.4851 0.00381498
      vertex 1.29531 -7.38103 0.0012131
    endloop
  endfacet
  facet normal 0 -0.0249746 -0.999688
    outer loop
      vertex 1.41421 -7.4999 0.00418472
      vertex -0.470922 -7.4851 0.00381498
      vertex 0.470922 -7.4851 0.00381498
    endloop
  endfacet
  facet normal 2.62512e-07 -0.0249914 -0.999688
    outer loop
      vertex -0.470922 -7.4851 0.00381498
      vertex -1.41421 -7.4999 0.00418472
      vertex -1.29531 -7.38103 0.0012131
    endloop
  endfacet
  facet normal 0 -0.0249746 -0.999688
    outer loop
      vertex -1.41421 -7.4999 0.00418472
      vertex -0.470922 -7.4851 0.00381498
      vertex 1.41421 -7.4999 0.00418472
    endloop
  endfacet
  facet normal -0.707107 -0.706885 0.0176725
    outer loop
      vertex 0 -8.91367 0.0395288
      vertex -1.41421 -7.10973 15.6107
      vertex -1.41421 -7.4999 0.00418472
    endloop
  endfacet
  facet normal -0.707107 -0.706885 0.0176717
    outer loop
      vertex 0 -8.16388 30.0312
      vertex -1.35937 -6.83401 28.8341
      vertex -1.41421 -7.10973 15.6107
    endloop
  endfacet
  facet normal -0.707111 -0.706882 0.0176791
    outer loop
      vertex -1.35937 -6.83401 28.8341
      vertex 0 -8.16388 30.0312
      vertex -1.35454 -6.80975 29.9973
    endloop
  endfacet
  facet normal -0.707109 -0.706883 0.017672
    outer loop
      vertex -1.41421 -7.10973 15.6107
      vertex 0 -8.91367 0.0395288
      vertex 0 -8.16388 30.0312
    endloop
  endfacet
  facet normal -0.707128 0.706865 -0.0176719
    outer loop
      vertex -1.29531 -7.38103 0.0012131
      vertex -1.41421 -7.4999 0.00418472
      vertex -1.29497 -7.31747 2.52997
    endloop
  endfacet
  facet normal 0.707128 0.706865 -0.0176719
    outer loop
      vertex 1.29531 -7.38103 0.0012131
      vertex 1.29497 -7.31747 2.52997
      vertex 1.41421 -7.4999 0.00418472
    endloop
  endfacet
  facet normal -0.382767 -0.923676 0.0176721
    outer loop
      vertex 1.41421 -7.10973 15.6107
      vertex 3.41111 -8.23515 0.0395288
      vertex 1.35937 -6.83401 28.8341
    endloop
  endfacet
  facet normal -0.382764 -0.923677 0.0176726
    outer loop
      vertex 3.41111 -8.23515 0.0395288
      vertex 1.41421 -7.10973 15.6107
      vertex 1.56352 -7.4702 0.00418472
    endloop
  endfacet
  facet normal 0.963185 -0.268838 0
    outer loop
      vertex 3.41111 -8.23515 0.0395288
      vertex 4.02734 -6.02734 15.6107
      vertex 4.02734 -6.02734 15.6108
    endloop
  endfacet
  facet normal 0.923795 -0.38248 0.0176721
    outer loop
      vertex 3.12418 -7.54244 30.0312
      vertex 4.02734 -6.02734 15.6108
      vertex 3.85742 -5.77303 29.9973
    endloop
  endfacet
  facet normal 0.923794 -0.382481 0.017672
    outer loop
      vertex 3.41111 -8.23515 0.0395288
      vertex 4.02734 -6.02734 15.6108
      vertex 3.12418 -7.54244 30.0312
    endloop
  endfacet
  facet normal 0.923794 -0.382481 0.0176722
    outer loop
      vertex 4.02734 -6.02734 15.6107
      vertex 3.41111 -8.23515 0.0395288
      vertex 4.17665 -6.3878 0.00418472
    endloop
  endfacet
  facet normal -0.00957943 0.0230891 0.999688
    outer loop
      vertex 1.34609 -6.60976 29.9926
      vertex 1.35454 -6.80975 29.9973
      vertex 2.08576 -6.41978 29.9953
    endloop
  endfacet
  facet normal -0.00858955 0.0231311 0.999696
    outer loop
      vertex 1.34609 -6.60976 29.9926
      vertex 1.32492 -6.66084 29.9936
      vertex 1.35454 -6.80975 29.9973
    endloop
  endfacet
  facet normal -0.00945731 0.0224111 0.999704
    outer loop
      vertex 3.61709 -5.69923 29.9933
      vertex 3.77307 -5.64679 29.9936
      vertex 3.71971 -5.6247 29.9926
    endloop
  endfacet
  facet normal -0.00961377 0.0228766 0.999692
    outer loop
      vertex 3.77307 -5.64679 29.9936
      vertex 3.61709 -5.69923 29.9933
      vertex 3.85742 -5.77303 29.9973
    endloop
  endfacet
  facet normal -0.0115959 0.0164275 0.999798
    outer loop
      vertex 3.61692 -5.69935 29.9933
      vertex 3.85742 -5.77303 29.9973
      vertex 3.61709 -5.69923 29.9933
    endloop
  endfacet
  facet normal -0.0110758 0.018124 0.999774
    outer loop
      vertex 3.61674 -5.69946 29.9933
      vertex 3.85742 -5.77303 29.9973
      vertex 3.61692 -5.69935 29.9933
    endloop
  endfacet
  facet normal -0.00957041 0.023044 0.999689
    outer loop
      vertex 2.87406 -6.10768 29.9956
      vertex 3.85742 -5.77303 29.9973
      vertex 3.61674 -5.69946 29.9933
    endloop
  endfacet
  facet normal -0.00960006 0.0231312 0.999686
    outer loop
      vertex 3.85742 -5.77303 29.9973
      vertex 2.87406 -6.10768 29.9956
      vertex 3.12418 -7.54244 30.0312
    endloop
  endfacet
  facet normal -0.00954311 0.0231411 0.999687
    outer loop
      vertex 2.08604 -6.41969 29.9953
      vertex 3.12418 -7.54244 30.0312
      vertex 2.87406 -6.10768 29.9956
    endloop
  endfacet
  facet normal -0.00858194 0.0240294 0.999674
    outer loop
      vertex 2.0859 -6.41974 29.9953
      vertex 3.12418 -7.54244 30.0312
      vertex 2.08604 -6.41969 29.9953
    endloop
  endfacet
  facet normal -0.00722414 0.0252845 0.999654
    outer loop
      vertex 2.08576 -6.41978 29.9953
      vertex 3.12418 -7.54244 30.0312
      vertex 2.0859 -6.41974 29.9953
    endloop
  endfacet
  facet normal -0.00958583 0.0231011 0.999687
    outer loop
      vertex 1.35454 -6.80975 29.9973
      vertex 3.12418 -7.54244 30.0312
      vertex 2.08576 -6.41978 29.9953
    endloop
  endfacet
  facet normal 0.382763 0.923678 -0.0176705
    outer loop
      vertex 4.02748 -6.32604 0.00133117
      vertex 4.00234 -6.26877 2.4504
      vertex 4.17665 -6.3878 0.00418472
    endloop
  endfacet
  facet normal -0.382771 -0.923674 0.017675
    outer loop
      vertex 1.35937 -6.83401 28.8341
      vertex 3.12418 -7.54244 30.0312
      vertex 1.35454 -6.80975 29.9973
    endloop
  endfacet
  facet normal -0.382769 -0.923675 0.0176719
    outer loop
      vertex 3.12418 -7.54244 30.0312
      vertex 1.35937 -6.83401 28.8341
      vertex 3.41111 -8.23515 0.0395288
    endloop
  endfacet
  facet normal 0.00956412 -0.0230897 -0.999688
    outer loop
      vertex 3.41111 -8.23515 0.0395288
      vertex 1.56352 -7.4702 0.00418472
      vertex 4.17665 -6.3878 0.00418472
    endloop
  endfacet
  facet normal -0.923821 0.382417 -0.01767
    outer loop
      vertex 1.37178 -6.67304 27.2799
      vertex 1.41421 -7.10973 15.6107
      vertex 1.33531 -6.71306 28.3205
    endloop
  endfacet
  facet normal -0.923787 0.382498 -0.017673
    outer loop
      vertex 1.56395 -7.14634 6.99126
      vertex 1.41421 -7.10973 15.6107
      vertex 1.37178 -6.67304 27.2799
    endloop
  endfacet
  facet normal -0.923783 0.382509 -0.0176729
    outer loop
      vertex 1.56352 -7.4702 0.00418472
      vertex 1.41421 -7.10973 15.6107
      vertex 1.56395 -7.14634 6.99126
    endloop
  endfacet
  facet normal -0.923797 0.382475 -0.0176714
    outer loop
      vertex 1.56352 -7.4702 0.00418472
      vertex 1.56395 -7.14634 6.99126
      vertex 1.63015 -7.30941 0.00110857
    endloop
  endfacet
  facet normal 0.00956431 -0.0230886 -0.999688
    outer loop
      vertex 4.17665 -6.3878 0.00418472
      vertex 4.01868 -6.33243 0.00139456
      vertex 4.02748 -6.32604 0.00133117
    endloop
  endfacet
  facet normal 0.00956402 -0.0230894 -0.999688
    outer loop
      vertex 4.17665 -6.3878 0.00418472
      vertex 3.1934 -6.78606 0.00397641
      vertex 4.01868 -6.33243 0.00139456
    endloop
  endfacet
  facet normal 0.0139031 -0.0338023 -0.999332
    outer loop
      vertex 4.17665 -6.3878 0.00418472
      vertex 3.1933 -6.78611 0.00397671
      vertex 3.1934 -6.78606 0.00397641
    endloop
  endfacet
  facet normal 0.0095636 -0.0230886 -0.999688
    outer loop
      vertex 2.3176 -7.13284 0.0036071
      vertex 1.56352 -7.4702 0.00418472
      vertex 1.63015 -7.30941 0.00110857
    endloop
  endfacet
  facet normal 0.00956501 -0.0230917 -0.999688
    outer loop
      vertex 3.1932 -6.78615 0.00397667
      vertex 1.56352 -7.4702 0.00418472
      vertex 2.3176 -7.13284 0.0036071
    endloop
  endfacet
  facet normal 0.0110849 -0.0267127 -0.999582
    outer loop
      vertex 3.1933 -6.78611 0.00397671
      vertex 1.56352 -7.4702 0.00418472
      vertex 3.1932 -6.78615 0.00397667
    endloop
  endfacet
  facet normal 0.00956068 -0.0230814 -0.999688
    outer loop
      vertex 1.56352 -7.4702 0.00418472
      vertex 3.1933 -6.78611 0.00397671
      vertex 4.17665 -6.3878 0.00418472
    endloop
  endfacet
  facet normal -0.923818 0.382423 -0.0176697
    outer loop
      vertex 1.33531 -6.71306 28.3205
      vertex 1.34609 -6.60976 29.9926
      vertex 1.37178 -6.67304 27.2799
    endloop
  endfacet
  facet normal -0.923781 0.382513 -0.0176755
    outer loop
      vertex 1.34609 -6.60976 29.9926
      vertex 1.33531 -6.71306 28.3205
      vertex 1.32492 -6.66084 29.9936
    endloop
  endfacet
  facet normal 0.382784 0.923669 -0.0176724
    outer loop
      vertex 3.77306 -5.64679 29.9936
      vertex 3.7566 -5.70878 26.3971
      vertex 3.71971 -5.6247 29.9926
    endloop
  endfacet
  facet normal 0.38275 0.923683 -0.0176725
    outer loop
      vertex 4.02734 -6.02734 15.6107
      vertex 3.7566 -5.70878 26.3971
      vertex 3.77306 -5.64679 29.9936
    endloop
  endfacet
  facet normal 0.382755 0.923681 -0.0176723
    outer loop
      vertex 4.02734 -6.02734 15.6107
      vertex 4.00234 -6.26877 2.4504
      vertex 3.7566 -5.70878 26.3971
    endloop
  endfacet
  facet normal 0.382743 0.923686 -0.0176724
    outer loop
      vertex 4.00234 -6.26877 2.4504
      vertex 4.02734 -6.02734 15.6107
      vertex 4.17665 -6.3878 0.00418472
    endloop
  endfacet
  facet normal 0 -0.045223 -0.998977
    outer loop
      vertex 3.77306 -5.64679 29.9936
      vertex 3.71971 -5.6247 29.9926
      vertex 3.77307 -5.64679 29.9936
    endloop
  endfacet
  facet normal -0.0177347 0.0176514 0.999687
    outer loop
      vertex 3.77307 -5.58593 29.9925
      vertex 3.85742 -5.77303 29.9973
      vertex 4.30269 -5.20106 29.9951
    endloop
  endfacet
  facet normal -0.0168094 0.0180688 0.999695
    outer loop
      vertex 3.77307 -5.58593 29.9925
      vertex 3.77307 -5.64679 29.9936
      vertex 3.85742 -5.77303 29.9973
    endloop
  endfacet
  facet normal 0 0.0180713 0.999837
    outer loop
      vertex 3.77307 -5.64679 29.9936
      vertex 3.77307 -5.58593 29.9925
      vertex 3.77306 -5.64679 29.9936
    endloop
  endfacet
  facet normal -0.0176765 0.0176738 0.999688
    outer loop
      vertex 4.30269 -5.20106 29.9951
      vertex 5.77273 -5.77273 30.0312
      vertex 4.76598 -4.76598 29.9956
    endloop
  endfacet
  facet normal -0.0176967 0.0176218 0.999688
    outer loop
      vertex 3.85742 -5.77303 29.9973
      vertex 5.77273 -5.77273 30.0312
      vertex 4.30269 -5.20106 29.9951
    endloop
  endfacet
  facet normal -0.707107 -0.707107 0
    outer loop
      vertex 4.02734 -6.02734 15.6107
      vertex 4.30323 -6.30323 0.00418472
      vertex 4.02734 -6.02734 15.6108
    endloop
  endfacet
  facet normal -0.999844 -0.000151428 -0.0176724
    outer loop
      vertex 4.30323 -6.30323 0.00418472
      vertex 4.02734 -6.02734 15.6107
      vertex 4.25596 -6.07753 2.67662
    endloop
  endfacet
  facet normal -0.999844 -0.000155121 -0.0176719
    outer loop
      vertex 3.90362 -5.71884 22.6074
      vertex 3.77306 -5.64679 29.9936
      vertex 3.77307 -5.58593 29.9925
    endloop
  endfacet
  facet normal -0.999844 -0.000186788 -0.0176716
    outer loop
      vertex 3.90362 -5.71884 22.6074
      vertex 4.02734 -6.02734 15.6107
      vertex 3.77306 -5.64679 29.9936
    endloop
  endfacet
  facet normal -0.999844 -0.000170027 -0.0176724
    outer loop
      vertex 4.02734 -6.02734 15.6107
      vertex 3.90362 -5.71884 22.6074
      vertex 4.25596 -6.07753 2.67662
    endloop
  endfacet
  facet normal -0.0176759 0.0173973 0.999692
    outer loop
      vertex 5.4611 -3.96748 29.9937
      vertex 5.77303 -3.85742 29.9973
      vertex 5.64679 -3.77307 29.9936
    endloop
  endfacet
  facet normal -0.0176566 0 0.999844
    outer loop
      vertex 5.5845 -3.77307 29.9925
      vertex 5.64679 -3.77307 29.9936
      vertex 5.64679 -3.77306 29.9936
    endloop
  endfacet
  facet normal -0.0176539 0.0173763 0.999693
    outer loop
      vertex 5.64679 -3.77307 29.9936
      vertex 5.5845 -3.77307 29.9925
      vertex 5.4611 -3.96748 29.9937
    endloop
  endfacet
  facet normal -0.0152346 0.0104738 0.999829
    outer loop
      vertex 5.77303 -3.85742 29.9973
      vertex 5.4611 -3.96748 29.9937
      vertex 5.46099 -3.96764 29.9937
    endloop
  endfacet
  facet normal -0.0177842 0.0176967 0.999685
    outer loop
      vertex 5.77303 -3.85742 29.9973
      vertex 5.46099 -3.96764 29.9937
      vertex 5.77273 -5.77273 30.0312
    endloop
  endfacet
  facet normal -0.0177051 0.0177104 0.999686
    outer loop
      vertex 4.9207 -4.62066 29.9957
      vertex 5.77273 -5.77273 30.0312
      vertex 5.46099 -3.96764 29.9937
    endloop
  endfacet
  facet normal -0.0210001 0.0152728 0.999663
    outer loop
      vertex 4.92062 -4.62077 29.9957
      vertex 5.77273 -5.77273 30.0312
      vertex 4.9207 -4.62066 29.9957
    endloop
  endfacet
  facet normal -0.0166454 0.0184948 0.99969
    outer loop
      vertex 4.92052 -4.62086 29.9957
      vertex 5.77273 -5.77273 30.0312
      vertex 4.92062 -4.62077 29.9957
    endloop
  endfacet
  facet normal -0.0174531 0.0178972 0.999687
    outer loop
      vertex 5.77273 -5.77273 30.0312
      vertex 4.92052 -4.62086 29.9957
      vertex 4.76598 -4.76598 29.9956
    endloop
  endfacet
  facet normal 0.000201879 0.999844 -0.0176715
    outer loop
      vertex 6.02734 -4.02734 15.6107
      vertex 6.30323 -4.30323 0.00418472
      vertex 6.08741 -4.25802 2.55967
    endloop
  endfacet
  facet normal 0.707107 0.707107 0
    outer loop
      vertex 6.30323 -4.30323 0.00418472
      vertex 6.02734 -4.02734 15.6107
      vertex 6.02734 -4.02734 15.6108
    endloop
  endfacet
  facet normal 0.000151589 0.999844 -0.0176736
    outer loop
      vertex 5.64679 -3.77306 29.9936
      vertex 5.70534 -3.8896 23.4011
      vertex 5.5845 -3.77307 29.9925
    endloop
  endfacet
  facet normal 9.46262e-05 0.999844 -0.0176741
    outer loop
      vertex 6.02734 -4.02734 15.6107
      vertex 5.70534 -3.8896 23.4011
      vertex 5.64679 -3.77306 29.9936
    endloop
  endfacet
  facet normal 0.000149771 0.999844 -0.0176718
    outer loop
      vertex 5.70534 -3.8896 23.4011
      vertex 6.02734 -4.02734 15.6107
      vertex 6.08741 -4.25802 2.55967
    endloop
  endfacet
  facet normal 0.0176702 -0.0176698 -0.999688
    outer loop
      vertex 6.30323 -4.30323 0.00418472
      vertex 6.06759 -4.40836 0.00187782
      vertex 6.13431 -4.30325 0.00119929
    endloop
  endfacet
  facet normal 0.0200832 -0.0230818 -0.999532
    outer loop
      vertex 6.30323 -4.30323 0.00418472
      vertex 6.06755 -4.4084 0.00187794
      vertex 6.06759 -4.40836 0.00187782
    endloop
  endfacet
  facet normal 0.0176698 -0.0176699 -0.999688
    outer loop
      vertex 6.30323 -4.30323 0.00418472
      vertex 5.46719 -5.13403 0.00409226
      vertex 6.06755 -4.4084 0.00187794
    endloop
  endfacet
  facet normal 0.0183187 -0.0182604 -0.999665
    outer loop
      vertex 4.30323 -6.30323 0.00418472
      vertex 4.78055 -5.77884 0.00335278
      vertex 4.78063 -5.77878 0.00335315
    endloop
  endfacet
  facet normal 0.017671 -0.0176709 -0.999688
    outer loop
      vertex 4.78055 -5.77884 0.00335278
      vertex 4.30323 -6.30323 0.00418472
      vertex 4.30325 -6.12569 0.00104681
    endloop
  endfacet
  facet normal 0.0107338 -0.0113563 -0.999878
    outer loop
      vertex 4.7807 -5.77872 0.00335322
      vertex 4.30323 -6.30323 0.00418472
      vertex 4.78063 -5.77878 0.00335315
    endloop
  endfacet
  facet normal 0.0176726 -0.0176724 -0.999688
    outer loop
      vertex 5.46719 -5.13403 0.00409226
      vertex 4.30323 -6.30323 0.00418472
      vertex 4.7807 -5.77872 0.00335322
    endloop
  endfacet
  facet normal 0.0176395 -0.0176395 -0.999689
    outer loop
      vertex 4.30323 -6.30323 0.00418472
      vertex 5.46719 -5.13403 0.00409226
      vertex 6.30323 -4.30323 0.00418472
    endloop
  endfacet
  facet normal 0.999844 0.000156184 0.0176724
    outer loop
      vertex 5.77273 -5.77273 30.0312
      vertex 6.02734 -4.02734 15.6108
      vertex 5.77303 -3.85742 29.9973
    endloop
  endfacet
  facet normal 0.999844 0.000153799 0.0176721
    outer loop
      vertex 6.30291 -6.30291 0.0395288
      vertex 6.02734 -4.02734 15.6108
      vertex 5.77273 -5.77273 30.0312
    endloop
  endfacet
  facet normal 0.999844 0.000152355 0.0176723
    outer loop
      vertex 6.02734 -4.02734 15.6108
      vertex 6.30291 -6.30291 0.0395288
      vertex 6.30323 -4.30323 0.00418472
    endloop
  endfacet
  facet normal 0.0176722 -0.0176722 -0.999688
    outer loop
      vertex 6.30291 -6.30291 0.0395288
      vertex 4.30323 -6.30323 0.00418472
      vertex 6.30323 -4.30323 0.00418472
    endloop
  endfacet
  facet normal -0.000156184 -0.999844 0.0176724
    outer loop
      vertex 4.02734 -6.02734 15.6108
      vertex 5.77273 -5.77273 30.0312
      vertex 3.85742 -5.77303 29.9973
    endloop
  endfacet
  facet normal -0.000153799 -0.999844 0.0176721
    outer loop
      vertex 4.02734 -6.02734 15.6108
      vertex 6.30291 -6.30291 0.0395288
      vertex 5.77273 -5.77273 30.0312
    endloop
  endfacet
  facet normal -0.000152355 -0.999844 0.0176723
    outer loop
      vertex 6.30291 -6.30291 0.0395288
      vertex 4.02734 -6.02734 15.6108
      vertex 4.30323 -6.30323 0.00418472
    endloop
  endfacet
  facet normal -0.999844 -0.000199644 -0.0176684
    outer loop
      vertex 4.30323 -6.30323 0.00418472
      vertex 4.25596 -6.07753 2.67662
      vertex 4.30325 -6.12569 0.00104681
    endloop
  endfacet
  facet normal 0.000193951 0.999844 -0.0176722
    outer loop
      vertex 6.13431 -4.30325 0.00119929
      vertex 6.08741 -4.25802 2.55967
      vertex 6.30323 -4.30323 0.00418472
    endloop
  endfacet
  facet normal -0.0232705 0.00788918 0.999698
    outer loop
      vertex 6.60086 -1.34978 29.9924
      vertex 6.80975 -1.35454 29.9973
      vertex 6.66084 -1.32492 29.9936
    endloop
  endfacet
  facet normal -0.0232311 0.00960427 0.999684
    outer loop
      vertex 6.80975 -1.35454 29.9973
      vertex 6.60086 -1.34978 29.9924
      vertex 6.53811 -1.67851 29.9941
    endloop
  endfacet
  facet normal -0.0147012 0.0024502 0.999889
    outer loop
      vertex 6.53808 -1.67869 29.9941
      vertex 6.80975 -1.35454 29.9973
      vertex 6.53811 -1.67851 29.9941
    endloop
  endfacet
  facet normal -0.0195534 0.00651779 0.999788
    outer loop
      vertex 6.53802 -1.67887 29.9941
      vertex 6.80975 -1.35454 29.9973
      vertex 6.53808 -1.67869 29.9941
    endloop
  endfacet
  facet normal -0.0231767 0.00955449 0.999686
    outer loop
      vertex 6.80975 -1.35454 29.9973
      vertex 6.53802 -1.67887 29.9941
      vertex 7.54244 -3.12418 30.0312
    endloop
  endfacet
  facet normal -0.0230926 0.00961294 0.999687
    outer loop
      vertex 6.27609 -2.48488 29.9958
      vertex 7.54244 -3.12418 30.0312
      vertex 6.53802 -1.67887 29.9941
    endloop
  endfacet
  facet normal -0.0223134 0.0111567 0.999689
    outer loop
      vertex 6.27603 -2.485 29.9958
      vertex 7.54244 -3.12418 30.0312
      vertex 6.27609 -2.48488 29.9958
    endloop
  endfacet
  facet normal -0.0231132 0.00957191 0.999687
    outer loop
      vertex 5.91518 -3.2519 29.9948
      vertex 7.54244 -3.12418 30.0312
      vertex 6.27603 -2.485 29.9958
    endloop
  endfacet
  facet normal -0.0231117 0.00955302 0.999687
    outer loop
      vertex 5.91518 -3.2519 29.9948
      vertex 5.77303 -3.85742 29.9973
      vertex 7.54244 -3.12418 30.0312
    endloop
  endfacet
  facet normal -0.0233249 0.00960306 0.999682
    outer loop
      vertex 5.6222 -3.71368 29.9924
      vertex 5.77303 -3.85742 29.9973
      vertex 5.91518 -3.2519 29.9948
    endloop
  endfacet
  facet normal -0.0218481 0.0111533 0.999699
    outer loop
      vertex 5.77303 -3.85742 29.9973
      vertex 5.6222 -3.71368 29.9924
      vertex 5.64679 -3.77307 29.9936
    endloop
  endfacet
  facet normal -0.382463 0.923802 -0.0176723
    outer loop
      vertex 6.71306 -1.33531 28.3205
      vertex 6.82935 -1.44026 20.3176
      vertex 6.66801 -1.37637 27.1491
    endloop
  endfacet
  facet normal -0.38251 0.923782 -0.0176727
    outer loop
      vertex 7.10973 -1.41421 15.6107
      vertex 6.82935 -1.44026 20.3176
      vertex 6.71306 -1.33531 28.3205
    endloop
  endfacet
  facet normal -0.382507 0.923784 -0.0176729
    outer loop
      vertex 7.30916 -1.63026 0.00110378
      vertex 7.10973 -1.41421 15.6107
      vertex 7.4702 -1.56352 0.00418472
    endloop
  endfacet
  facet normal -0.382514 0.923781 -0.0176729
    outer loop
      vertex 7.10973 -1.41421 15.6107
      vertex 7.30916 -1.63026 0.00110378
      vertex 6.82935 -1.44026 20.3176
    endloop
  endfacet
  facet normal 0.923676 0.382767 0.0176721
    outer loop
      vertex 8.23515 -3.41111 0.0395288
      vertex 7.10973 -1.41421 15.6107
      vertex 6.83401 -1.35937 28.8341
    endloop
  endfacet
  facet normal 0.923677 0.382764 0.0176726
    outer loop
      vertex 7.10973 -1.41421 15.6107
      vertex 8.23515 -3.41111 0.0395288
      vertex 7.4702 -1.56352 0.00418472
    endloop
  endfacet
  facet normal 0.923674 0.382771 0.017675
    outer loop
      vertex 7.54244 -3.12418 30.0312
      vertex 6.83401 -1.35937 28.8341
      vertex 6.80975 -1.35454 29.9973
    endloop
  endfacet
  facet normal 0.923675 0.382769 0.0176719
    outer loop
      vertex 6.83401 -1.35937 28.8341
      vertex 7.54244 -3.12418 30.0312
      vertex 8.23515 -3.41111 0.0395288
    endloop
  endfacet
  facet normal 0.0230897 -0.00956412 -0.999688
    outer loop
      vertex 8.23515 -3.41111 0.0395288
      vertex 6.3878 -4.17665 0.00418472
      vertex 7.4702 -1.56352 0.00418472
    endloop
  endfacet
  facet normal -0.923642 -0.382849 -0.0176709
    outer loop
      vertex 5.89353 -3.82959 18.3215
      vertex 5.64679 -3.77306 29.9936
      vertex 5.6222 -3.71368 29.9924
    endloop
  endfacet
  facet normal -0.923678 -0.382762 -0.0176724
    outer loop
      vertex 6.02734 -4.02734 15.6107
      vertex 5.89353 -3.82959 18.3215
      vertex 6.25677 -3.98477 2.69711
    endloop
  endfacet
  facet normal -0.923677 -0.382765 -0.0176721
    outer loop
      vertex 5.89353 -3.82959 18.3215
      vertex 6.02734 -4.02734 15.6107
      vertex 5.64679 -3.77306 29.9936
    endloop
  endfacet
  facet normal -0.923687 -0.38274 -0.0176724
    outer loop
      vertex 6.02734 -4.02734 15.6107
      vertex 6.25677 -3.98477 2.69711
      vertex 6.3878 -4.17665 0.00418472
    endloop
  endfacet
  facet normal 0.0487423 0 -0.998811
    outer loop
      vertex 5.64679 -3.77306 29.9936
      vertex 5.64679 -3.77307 29.9936
      vertex 5.6222 -3.71368 29.9924
    endloop
  endfacet
  facet normal -0.923677 -0.382765 -0.0176701
    outer loop
      vertex 6.3878 -4.17665 0.00418472
      vertex 6.25677 -3.98477 2.69711
      vertex 6.31944 -4.01154 0.00102634
    endloop
  endfacet
  facet normal -0.382525 0.923776 -0.0176759
    outer loop
      vertex 6.71306 -1.33531 28.3205
      vertex 6.60086 -1.34978 29.9924
      vertex 6.66084 -1.32492 29.9936
    endloop
  endfacet
  facet normal -0.38247 0.923799 -0.017672
    outer loop
      vertex 6.60086 -1.34978 29.9924
      vertex 6.71306 -1.33531 28.3205
      vertex 6.66801 -1.37637 27.1491
    endloop
  endfacet
  facet normal 0.0230891 -0.0095638 -0.999688
    outer loop
      vertex 7.4702 -1.56352 0.00418472
      vertex 7.26432 -1.86516 0.00231538
      vertex 7.30916 -1.63026 0.00110378
    endloop
  endfacet
  facet normal 0.0230897 -0.00956421 -0.999688
    outer loop
      vertex 7.4702 -1.56352 0.00418472
      vertex 6.97326 -2.76078 0.00416137
      vertex 7.26432 -1.86516 0.00231538
    endloop
  endfacet
  facet normal 0.0117288 -0.00484872 -0.999919
    outer loop
      vertex 7.4702 -1.56352 0.00418472
      vertex 6.97323 -2.7609 0.0041616
      vertex 6.97326 -2.76078 0.00416137
    endloop
  endfacet
  facet normal 0.0230892 -0.00956399 -0.999688
    outer loop
      vertex 6.3878 -4.17665 0.00418472
      vertex 6.57227 -3.61304 0.00305327
      vertex 6.97323 -2.7609 0.0041616
    endloop
  endfacet
  facet normal 0.0232017 -0.00961052 -0.999685
    outer loop
      vertex 6.3878 -4.17665 0.00418472
      vertex 6.97323 -2.7609 0.0041616
      vertex 7.4702 -1.56352 0.00418472
    endloop
  endfacet
  facet normal 0.0188583 -0.00817942 -0.999789
    outer loop
      vertex 6.57227 -3.61304 0.00305327
      vertex 6.3878 -4.17665 0.00418472
      vertex 6.57223 -3.61312 0.00305317
    endloop
  endfacet
  facet normal 0.0298581 -0.0117788 -0.999485
    outer loop
      vertex 6.3878 -4.17665 0.00418472
      vertex 6.57219 -3.61319 0.0030528
      vertex 6.57223 -3.61312 0.00305317
    endloop
  endfacet
  facet normal 0.0230883 -0.0095638 -0.999688
    outer loop
      vertex 6.57219 -3.61319 0.0030528
      vertex 6.3878 -4.17665 0.00418472
      vertex 6.31944 -4.01154 0.00102634
    endloop
  endfacet
  facet normal 0.38248 -0.923795 0.0176721
    outer loop
      vertex 6.02734 -4.02734 15.6108
      vertex 7.54244 -3.12418 30.0312
      vertex 5.77303 -3.85742 29.9973
    endloop
  endfacet
  facet normal 0.512034 -0.858965 0
    outer loop
      vertex 6.02734 -4.02734 15.6107
      vertex 7.54244 -3.12418 30.0312
      vertex 6.02734 -4.02734 15.6108
    endloop
  endfacet
  facet normal 0.38248 -0.923795 0.017672
    outer loop
      vertex 6.02734 -4.02734 15.6107
      vertex 8.23515 -3.41111 0.0395288
      vertex 7.54244 -3.12418 30.0312
    endloop
  endfacet
  facet normal 0.382481 -0.923794 0.0176722
    outer loop
      vertex 8.23515 -3.41111 0.0395288
      vertex 6.02734 -4.02734 15.6107
      vertex 6.3878 -4.17665 0.00418472
    endloop
  endfacet
  facet normal -0.328068 0.271401 0.904827
    outer loop
      vertex -3.58692 3.36834 32.3103
      vertex -3.9808 2.89222 32.3103
      vertex -3.13647 2.94534 32.6005
    endloop
  endfacet
  facet normal -0.164765 -0.299698 0.939699
    outer loop
      vertex -1.93799 -3.05379 32.8496
      vertex -2.30545 -3.63282 32.6005
      vertex -1.53997 -3.27261 32.8496
    endloop
  endfacet
  facet normal -0.0571298 -0.0268832 0.998005
    outer loop
      vertex -0.394073 -0.156024 33.3683
      vertex -1.176 -0.465612 33.3152
      vertex -1.10837 -0.609333 33.3152
    endloop
  endfacet
  facet normal -0.364232 0.501326 0.784861
    outer loop
      vertex -3.16945 4.99426 31.6259
      vertex -3.48089 4.20767 31.9838
      vertex -2.92608 4.61076 31.9838
    endloop
  endfacet
  facet normal -0.105155 -0.83239 0.544123
    outer loop
      vertex -1.176 -6.16483 31.2424
      vertex -1.22509 -6.42213 30.8393
      vertex -0.394073 -6.26361 31.2424
    endloop
  endfacet
  facet normal 0.291466 -0.31038 0.904827
    outer loop
      vertex 3.58692 -3.36834 32.3103
      vertex 2.74259 -3.31522 32.6005
      vertex 3.13647 -3.79134 32.3103
    endloop
  endfacet
  facet normal 0.468635 0.220523 0.855424
    outer loop
      vertex 4.78539 2.63079 31.9838
      vertex 4.3119 2.37049 32.3103
      vertex 5.07738 2.01028 31.9838
    endloop
  endfacet
  facet normal 0.252557 -0.0820629 0.964096
    outer loop
      vertex 3.5032 -0.899468 32.8496
      vertex 2.67219 -1.05799 33.0538
      vertex 3.36284 -1.33144 32.8496
    endloop
  endfacet
  facet normal 0.837345 -0.0526879 0.54413
    outer loop
      vertex 6.53794 0 30.8393
      vertex 6.2265 -0.78659 31.2424
      vertex 6.48638 -0.81942 30.8393
    endloop
  endfacet
  facet normal 0.789056 0.500754 0.355859
    outer loop
      vertex 5.4178 3.93626 30.423
      vertex 5.2893 3.8429 30.8393
      vertex 5.72924 3.14967 30.8393
    endloop
  endfacet
  facet normal 0.181265 0.705994 0.684628
    outer loop
      vertex 1.176 6.16483 31.2424
      vertex 1.10837 5.8103 31.6259
      vertex 1.82786 5.62557 31.6259
    endloop
  endfacet
  facet normal 0.76451 -0.632453 0.124608
    outer loop
      vertex 5.4178 -3.93626 30.423
      vertex 4.92054 -4.62069 30
      vertex 5.46086 -3.96755 30
    endloop
  endfacet
  facet normal -0.990248 -0.062294 0.124612
    outer loop
      vertex -6.69677 0 30.423
      vertex -6.75 0 30
      vertex -6.64397 -0.839328 30.423
    endloop
  endfacet
  facet normal -0.837742 0.531662 0.124596
    outer loop
      vertex -5.4178 3.93626 30.423
      vertex -5.91507 3.25184 30
      vertex -5.86843 3.2262 30.423
    endloop
  endfacet
  facet normal 0.249513 -0.453863 0.855425
    outer loop
      vertex 2.63656 -4.15455 32.3103
      vertex 2.32512 -4.94114 31.9838
      vertex 2.92608 -4.61076 31.9838
    endloop
  endfacet
  facet normal -0.437301 -0.27752 0.855424
    outer loop
      vertex -4.3119 -2.37049 32.3103
      vertex -4.78539 -2.63079 31.9838
      vertex -3.9808 -2.89222 32.3103
    endloop
  endfacet
  facet normal 0.19066 0.481557 0.855425
    outer loop
      vertex 2.32512 4.94114 31.9838
      vertex 1.52053 4.67971 32.3103
      vertex 2.09506 4.45224 32.3103
    endloop
  endfacet
  facet normal -0.82414 -0.15721 0.54413
    outer loop
      vertex -6.2265 -0.78659 31.2424
      vertex -6.48638 -0.81942 30.8393
      vertex -6.07882 -1.56077 31.2424
    endloop
  endfacet
  facet normal -0.608689 0.116113 0.784866
    outer loop
      vertex -5.72924 1.47102 31.6259
      vertex -5.86843 0.741354 31.6259
      vertex -5.4178 0.684427 31.9838
    endloop
  endfacet
  facet normal -0.789047 -0.500758 0.355874
    outer loop
      vertex -5.72924 -3.14967 30.8393
      vertex -5.86843 -3.2262 30.423
      vertex -5.4178 -3.93626 30.423
    endloop
  endfacet
  facet normal 0.91798 -0.175119 0.355875
    outer loop
      vertex 6.48638 -0.81942 30.8393
      vertex 6.48638 -1.66542 30.423
      vertex 6.64397 -0.839328 30.423
    endloop
  endfacet
  facet normal 0.0977547 0.246907 0.964096
    outer loop
      vertex 1.11766 3.43981 32.8496
      vertex 0.888118 2.73335 33.0538
      vertex 1.53997 3.27261 32.8496
    endloop
  endfacet
  facet normal 0.265029 0.0166743 0.964096
    outer loop
      vertex 3.58831 0.453309 32.8496
      vertex 2.87401 0 33.0538
      vertex 3.61683 0 32.8496
    endloop
  endfacet
  facet normal -0.583206 -0.802711 0.124604
    outer loop
      vertex -4.26868 -5.15995 30.423
      vertex -4.30261 -5.20096 30
      vertex -3.61683 -5.69921 30
    endloop
  endfacet
  facet normal -0.450219 -0.81894 0.355865
    outer loop
      vertex -2.78372 -5.9157 30.8393
      vertex -3.58831 -5.65427 30.423
      vertex -2.85135 -6.05942 30.423
    endloop
  endfacet
  facet normal -0.897778 -0.422455 0.124603
    outer loop
      vertex -6.2265 -2.46525 30.423
      vertex -6.27599 -2.48484 30
      vertex -5.86843 -3.2262 30.423
    endloop
  endfacet
  facet normal 0.0776654 -0.614784 0.784862
    outer loop
      vertex 1.02326 -5.36414 31.9838
      vertex 0.371409 -5.9034 31.6259
      vertex 1.10837 -5.8103 31.6259
    endloop
  endfacet
  facet normal -0.0304174 0.0553284 0.998005
    outer loop
      vertex -0.18046 0.383498 33.3683
      vertex -0.677726 1.06793 33.3152
      vertex -0.227102 0.357856 33.3683
    endloop
  endfacet
  facet normal -0.341333 -0.021475 0.939697
    outer loop
      vertex -3.61683 0 32.8496
      vertex -4.26868 -0.53926 32.6005
      vertex -3.58831 -0.453309 32.8496
    endloop
  endfacet
  facet normal -0.693215 -0.225236 0.684632
    outer loop
      vertex -5.49969 -2.17748 31.6259
      vertex -6.07882 -1.56077 31.2424
      vertex -5.83527 -2.31035 31.2424
    endloop
  endfacet
  facet normal -0.0486499 -0.0402454 0.998005
    outer loop
      vertex -0.308963 -0.290135 33.3683
      vertex -1.02326 -0.743444 33.3152
      vertex -0.922016 -0.865831 33.3152
    endloop
  endfacet
  facet normal 0.194152 0.0122137 0.980895
    outer loop
      vertex 2.85135 0.360209 33.0538
      vertex 2.06942 0.261428 33.2098
      vertex 2.87401 0 33.0538
    endloop
  endfacet
  facet normal 0.0317258 0.123568 0.991829
    outer loop
      vertex 0.644567 1.98378 33.2098
      vertex 0.237004 1.24242 33.3152
      vertex 0.390852 1.20292 33.3152
    endloop
  endfacet
  facet normal 0.583206 -0.802711 0.124603
    outer loop
      vertex 4.26868 -5.15995 30.423
      vertex 3.58831 -5.65427 30.423
      vertex 3.61683 -5.69921 30
    endloop
  endfacet
  facet normal -0.288763 0.183255 0.939699
    outer loop
      vertex -3.48089 2.52901 32.6005
      vertex -3.77041 2.0728 32.6005
      vertex -3.16945 1.74242 32.8496
    endloop
  endfacet
  facet normal 0.646459 0.534798 0.544134
    outer loop
      vertex 5.2893 3.8429 30.8393
      vertex 4.76595 4.47552 30.8393
      vertex 5.07738 3.68893 31.2424
    endloop
  endfacet
  facet normal -0.341332 -0.0214765 0.939697
    outer loop
      vertex -3.61683 0 32.8496
      vertex -4.30261 0 32.6005
      vertex -4.26868 -0.53926 32.6005
    endloop
  endfacet
  facet normal -0.125316 -0.0239029 0.991829
    outer loop
      vertex -1.25485 -0.158524 33.3152
      vertex -2.06942 -0.261428 33.2098
      vertex -1.22509 -0.314548 33.3152
    endloop
  endfacet
  facet normal 0.759152 0.357237 0.544124
    outer loop
      vertex 6.07882 2.40677 30.8393
      vertex 5.49969 3.02348 31.2424
      vertex 5.83527 2.31035 31.2424
    endloop
  endfacet
  facet normal -0.428433 0.589694 0.684621
    outer loop
      vertex -3.36284 5.29899 31.2424
      vertex -4.00047 4.83573 31.2424
      vertex -3.16945 4.99426 31.6259
    endloop
  endfacet
  facet normal 0.450219 -0.81894 0.355865
    outer loop
      vertex 3.58831 -5.65427 30.423
      vertex 2.78372 -5.9157 30.8393
      vertex 2.85135 -6.05942 30.423
    endloop
  endfacet
  facet normal 0.759152 -0.357237 0.544124
    outer loop
      vertex 5.83527 -2.31035 31.2424
      vertex 5.49969 -3.02348 31.2424
      vertex 6.07882 -2.40677 30.8393
    endloop
  endfacet
  facet normal 0 -0.934533 0.355877
    outer loop
      vertex -0.420493 -6.68356 30.423
      vertex 0.41052 -6.52503 30.8393
      vertex -0.41052 -6.52503 30.8393
    endloop
  endfacet
  facet normal 0 -0.934533 0.355877
    outer loop
      vertex 0.41052 -6.52503 30.8393
      vertex -0.420493 -6.68356 30.423
      vertex 0.420493 -6.68356 30.423
    endloop
  endfacet
  facet normal 0.298529 -0.543022 0.784861
    outer loop
      vertex 2.92608 -4.61076 31.9838
      vertex 2.32512 -4.94114 31.9838
      vertex 3.16945 -4.99426 31.6259
    endloop
  endfacet
  facet normal 0.897778 -0.422455 0.124603
    outer loop
      vertex 6.2265 -2.46525 30.423
      vertex 5.86843 -3.2262 30.423
      vertex 6.27599 -2.48484 30
    endloop
  endfacet
  facet normal 0.341332 0.0214765 0.939697
    outer loop
      vertex 4.26868 0.53926 32.6005
      vertex 3.61683 0 32.8496
      vertex 4.30261 0 32.6005
    endloop
  endfacet
  facet normal 0.4042 -0.735214 0.544135
    outer loop
      vertex 3.36284 -5.29899 31.2424
      vertex 2.67219 -5.67869 31.2424
      vertex 3.5032 -5.52016 30.8393
    endloop
  endfacet
  facet normal -0.943642 -0.306615 0.124604
    outer loop
      vertex -6.2265 -2.46525 30.423
      vertex -6.53794 -1.67866 30
      vertex -6.27599 -2.48484 30
    endloop
  endfacet
  facet normal 0.0977547 -0.246907 0.964096
    outer loop
      vertex 1.53997 -3.27261 32.8496
      vertex 0.888118 -2.73335 33.0538
      vertex 1.11766 -3.43981 32.8496
    endloop
  endfacet
  facet normal -0.1288 -0.501652 0.855427
    outer loop
      vertex -0.922016 -4.83338 32.3103
      vertex -1.52053 -4.67971 32.3103
      vertex -1.02326 -5.36414 31.9838
    endloop
  endfacet
  facet normal -0.117124 -0.927164 0.355877
    outer loop
      vertex -0.41052 -6.52503 30.8393
      vertex -1.25485 -6.57816 30.423
      vertex -0.420493 -6.68356 30.423
    endloop
  endfacet
  facet normal 0.437301 -0.27752 0.855424
    outer loop
      vertex 4.3119 -2.37049 32.3103
      vertex 3.9808 -2.89222 32.3103
      vertex 4.78539 -2.63079 31.9838
    endloop
  endfacet
  facet normal -0.0428598 -0.339312 0.939697
    outer loop
      vertex -0.677726 -3.55277 32.8496
      vertex -0.806229 -4.2264 32.6005
      vertex -0.227102 -3.60969 32.8496
    endloop
  endfacet
  facet normal -0.309454 -0.145616 0.939699
    outer loop
      vertex -3.36284 -1.33144 32.8496
      vertex -4.00047 -1.5839 32.6005
      vertex -3.16945 -1.74242 32.8496
    endloop
  endfacet
  facet normal -0.492577 0.160049 0.855425
    outer loop
      vertex -4.575 1.81137 32.3103
      vertex -5.07738 2.01028 31.9838
      vertex -4.76595 1.22369 32.3103
    endloop
  endfacet
  facet normal 0.0620204 0.0118298 0.998005
    outer loop
      vertex 1.22509 0.314548 33.3152
      vertex 0.420493 0.0531206 33.3683
      vertex 1.25485 0.158524 33.3152
    endloop
  endfacet
  facet normal 0.0630143 -0.00396314 0.998005
    outer loop
      vertex 1.26482 0 33.3152
      vertex 0.423836 0 33.3683
      vertex 1.25485 -0.158524 33.3152
    endloop
  endfacet
  facet normal -0.0600484 0.01951 0.998005
    outer loop
      vertex -0.394073 0.156024 33.3683
      vertex -1.22509 0.314548 33.3152
      vertex -0.41052 0.105403 33.3683
    endloop
  endfacet
  facet normal 0.5232 0.33203 0.784868
    outer loop
      vertex 5.18342 2.84961 31.6259
      vertex 4.41793 3.20982 31.9838
      vertex 4.78539 2.63079 31.9838
    endloop
  endfacet
  facet normal -0.0600478 -0.0195132 0.998005
    outer loop
      vertex -0.394073 -0.156024 33.3683
      vertex -1.22509 -0.314548 33.3152
      vertex -1.176 -0.465612 33.3152
    endloop
  endfacet
  facet normal 0.359498 0.228144 0.904827
    outer loop
      vertex 4.3119 2.37049 32.3103
      vertex 3.48089 2.52901 32.6005
      vertex 3.77041 2.0728 32.6005
    endloop
  endfacet
  facet normal 0.399068 0.330138 0.855426
    outer loop
      vertex 3.9808 3.73822 31.9838
      vertex 3.9808 2.89222 32.3103
      vertex 4.41793 3.20982 31.9838
    endloop
  endfacet
  facet normal 0.265029 -0.0166743 0.964096
    outer loop
      vertex 3.61683 0 32.8496
      vertex 2.87401 0 33.0538
      vertex 3.58831 -0.453309 32.8496
    endloop
  endfacet
  facet normal -0.727457 -0.0457695 0.684625
    outer loop
      vertex -5.91507 0 31.6259
      vertex -6.27599 0 31.2424
      vertex -6.2265 -0.78659 31.2424
    endloop
  endfacet
  facet normal -0.943643 -0.306608 0.124619
    outer loop
      vertex -6.48638 -1.66542 30.423
      vertex -6.53794 -1.67866 30
      vertex -6.2265 -2.46525 30.423
    endloop
  endfacet
  facet normal -0.549305 0.756067 0.355847
    outer loop
      vertex -3.5032 5.52016 30.8393
      vertex -4.26868 5.15995 30.423
      vertex -4.16744 5.03757 30.8393
    endloop
  endfacet
  facet normal -0.932689 0.0586872 0.355875
    outer loop
      vertex -6.48638 0.81942 30.8393
      vertex -6.64397 0.839328 30.423
      vertex -6.53794 0 30.8393
    endloop
  endfacet
  facet normal -0.424935 -0.0267347 0.904829
    outer loop
      vertex -4.26868 -0.53926 32.6005
      vertex -4.92054 0 32.3103
      vertex -4.88174 -0.616707 32.3103
    endloop
  endfacet
  facet normal -0.185013 0.0601145 0.980896
    outer loop
      vertex -2.67219 1.05799 33.0538
      vertex -2.78372 0.714737 33.0538
      vertex -2.02033 0.518733 33.2098
    endloop
  endfacet
  facet normal -0.201026 0.276689 0.939698
    outer loop
      vertex -2.30545 3.63282 32.6005
      vertex -2.74259 3.31522 32.6005
      vertex -2.30545 2.78682 32.8496
    endloop
  endfacet
  facet normal -0.249512 0.453863 0.855425
    outer loop
      vertex -2.32512 4.94114 31.9838
      vertex -2.63656 4.15455 32.3103
      vertex -2.09506 4.45224 32.3103
    endloop
  endfacet
  facet normal -0.99025 -0.0623062 0.124588
    outer loop
      vertex -6.64397 -0.839328 30.423
      vertex -6.75 0 30
      vertex -6.69677 -0.845999 30
    endloop
  endfacet
  facet normal -0.498962 0.53134 0.684628
    outer loop
      vertex -4.00047 4.83573 31.2424
      vertex -4.575 4.29621 31.2424
      vertex -4.3119 4.04914 31.6259
    endloop
  endfacet
  facet normal 0.424937 0.0267368 0.904828
    outer loop
      vertex 4.92054 0 32.3103
      vertex 4.26868 0.53926 32.6005
      vertex 4.30261 0 32.6005
    endloop
  endfacet
  facet normal 0.932689 -0.0586872 0.355875
    outer loop
      vertex 6.53794 0 30.8393
      vertex 6.48638 -0.81942 30.8393
      vertex 6.64397 -0.839328 30.423
    endloop
  endfacet
  facet normal 0.646466 -0.534797 0.544126
    outer loop
      vertex 5.07738 -3.68893 31.2424
      vertex 4.575 -4.29621 31.2424
      vertex 4.76595 -4.47552 30.8393
    endloop
  endfacet
  facet normal -0.0649127 -0.513842 0.855426
    outer loop
      vertex -0.308963 -4.91083 32.3103
      vertex -1.02326 -5.36414 31.9838
      vertex -0.34289 -5.45009 31.9838
    endloop
  endfacet
  facet normal -0.249513 -0.453863 0.855425
    outer loop
      vertex -2.63656 -4.15455 32.3103
      vertex -2.92608 -4.61076 31.9838
      vertex -2.32512 -4.94114 31.9838
    endloop
  endfacet
  facet normal -0.493143 -0.678766 0.544138
    outer loop
      vertex -4.00047 -4.83573 31.2424
      vertex -4.16744 -5.03757 30.8393
      vertex -3.5032 -5.52016 30.8393
    endloop
  endfacet
  facet normal 0.516907 0.0325211 0.855423
    outer loop
      vertex 5.4178 0.684427 31.9838
      vertex 4.88174 0.616707 32.3103
      vertex 4.92054 0 32.3103
    endloop
  endfacet
  facet normal 0.615432 -0.390567 0.684617
    outer loop
      vertex 5.18342 -2.84961 31.6259
      vertex 5.07738 -3.68893 31.2424
      vertex 5.49969 -3.02348 31.2424
    endloop
  endfacet
  facet normal -0.0332786 -0.26346 0.964096
    outer loop
      vertex -0.18046 -2.86834 33.0538
      vertex -0.677726 -3.55277 32.8496
      vertex -0.227102 -3.60969 32.8496
    endloop
  endfacet
  facet normal -0.0232421 0.0587049 0.998005
    outer loop
      vertex -0.130972 0.403091 33.3683
      vertex -0.390852 1.20292 33.3152
      vertex -0.18046 0.383498 33.3683
    endloop
  endfacet
  facet normal -0.365258 -0.92253 0.1246
    outer loop
      vertex -2.85135 -6.05942 30.423
      vertex -2.87401 -6.10758 30
      vertex -2.06942 -6.36901 30.423
    endloop
  endfacet
  facet normal -0.0850517 -0.331264 0.939697
    outer loop
      vertex -0.677726 -3.55277 32.8496
      vertex -1.32958 -4.09203 32.6005
      vertex -0.806229 -4.2264 32.6005
    endloop
  endfacet
  facet normal 0.156085 -0.214837 0.964097
    outer loop
      vertex 2.30545 -2.78682 32.8496
      vertex 1.83196 -2.21446 33.0538
      vertex 1.93799 -3.05379 32.8496
    endloop
  endfacet
  facet normal 0.492577 -0.160049 0.855425
    outer loop
      vertex 4.76595 -1.22369 32.3103
      vertex 4.575 -1.81137 32.3103
      vertex 5.07738 -2.01028 31.9838
    endloop
  endfacet
  facet normal -0.888798 -0.288788 0.355864
    outer loop
      vertex -6.07882 -2.40677 30.8393
      vertex -6.48638 -1.66542 30.423
      vertex -6.2265 -2.46525 30.423
    endloop
  endfacet
  facet normal -0.659528 -0.310357 0.684617
    outer loop
      vertex -5.18342 -2.84961 31.6259
      vertex -5.83527 -2.31035 31.2424
      vertex -5.49969 -3.02348 31.2424
    endloop
  endfacet
  facet normal -0.424198 -0.451719 0.784861
    outer loop
      vertex -3.48089 -4.20767 31.9838
      vertex -4.3119 -4.04914 31.6259
      vertex -3.77041 -4.55764 31.6259
    endloop
  endfacet
  facet normal 0.205119 0.373113 0.904828
    outer loop
      vertex 2.63656 4.15455 32.3103
      vertex 2.09506 4.45224 32.3103
      vertex 2.30545 3.63282 32.6005
    endloop
  endfacet
  facet normal 0 -0.425777 0.904828
    outer loop
      vertex -0.270163 -4.29412 32.6005
      vertex 0.308963 -4.91083 32.3103
      vertex 0.270163 -4.29412 32.6005
    endloop
  endfacet
  facet normal 0 -0.425777 0.904828
    outer loop
      vertex 0.308963 -4.91083 32.3103
      vertex -0.270163 -4.29412 32.6005
      vertex -0.308963 -4.91083 32.3103
    endloop
  endfacet
  facet normal 0.341333 -0.021475 0.939697
    outer loop
      vertex 3.61683 0 32.8496
      vertex 3.58831 -0.453309 32.8496
      vertex 4.26868 -0.53926 32.6005
    endloop
  endfacet
  facet normal 0.404942 0.131574 0.904826
    outer loop
      vertex 4.575 1.81137 32.3103
      vertex 4.00047 1.5839 32.6005
      vertex 4.76595 1.22369 32.3103
    endloop
  endfacet
  facet normal 0.185016 0.0601111 0.980895
    outer loop
      vertex 2.67219 1.05799 33.0538
      vertex 1.93939 0.767858 33.2098
      vertex 2.02033 0.518733 33.2098
    endloop
  endfacet
  facet normal -0.181783 0.193577 0.964097
    outer loop
      vertex -1.83196 2.21446 33.0538
      vertex -2.30545 2.78682 32.8496
      vertex -2.09506 1.96739 33.0538
    endloop
  endfacet
  facet normal 0.0157014 0.061155 0.998005
    outer loop
      vertex 0.237004 1.24242 33.3152
      vertex 0.130972 0.403091 33.3683
      vertex 0.390852 1.20292 33.3152
    endloop
  endfacet
  facet normal -0.154103 0.600203 0.784862
    outer loop
      vertex -1.10837 5.8103 31.6259
      vertex -1.82786 5.62557 31.6259
      vertex -1.02326 5.36414 31.9838
    endloop
  endfacet
  facet normal -0.252557 0.0820629 0.964096
    outer loop
      vertex -3.36284 1.33144 32.8496
      vertex -3.5032 0.899468 32.8496
      vertex -2.67219 1.05799 33.0538
    endloop
  endfacet
  facet normal 0.615432 0.390567 0.684617
    outer loop
      vertex 5.49969 3.02348 31.2424
      vertex 5.07738 3.68893 31.2424
      vertex 5.18342 2.84961 31.6259
    endloop
  endfacet
  facet normal -0.181265 0.705994 0.684628
    outer loop
      vertex -1.176 6.16483 31.2424
      vertex -1.82786 5.62557 31.6259
      vertex -1.10837 5.8103 31.6259
    endloop
  endfacet
  facet normal 0.205118 0.373112 0.904828
    outer loop
      vertex 2.09506 4.45224 32.3103
      vertex 1.83196 3.89312 32.6005
      vertex 2.30545 3.63282 32.6005
    endloop
  endfacet
  facet normal 0.468634 0.220521 0.855425
    outer loop
      vertex 5.07738 2.01028 31.9838
      vertex 4.3119 2.37049 32.3103
      vertex 4.575 1.81137 32.3103
    endloop
  endfacet
  facet normal 0.943643 0.306608 0.124619
    outer loop
      vertex 6.53794 1.67866 30
      vertex 6.2265 2.46525 30.423
      vertex 6.48638 1.66542 30.423
    endloop
  endfacet
  facet normal 0.437301 0.27752 0.855424
    outer loop
      vertex 4.78539 2.63079 31.9838
      vertex 3.9808 2.89222 32.3103
      vertex 4.3119 2.37049 32.3103
    endloop
  endfacet
  facet normal 0.309454 0.145616 0.939699
    outer loop
      vertex 4.00047 1.5839 32.6005
      vertex 3.16945 1.74242 32.8496
      vertex 3.36284 1.33144 32.8496
    endloop
  endfacet
  facet normal 0.974629 -0.185926 0.124618
    outer loop
      vertex 6.64397 -0.839328 30.423
      vertex 6.48638 -1.66542 30.423
      vertex 6.53794 -1.67866 30
    endloop
  endfacet
  facet normal 0.932699 0.0586737 0.355851
    outer loop
      vertex 6.64397 0.839328 30.423
      vertex 6.53794 0 30.8393
      vertex 6.69677 0 30.423
    endloop
  endfacet
  facet normal -0.797941 -0.259263 0.544125
    outer loop
      vertex -6.07882 -1.56077 31.2424
      vertex -6.33253 -1.62592 30.8393
      vertex -5.83527 -2.31035 31.2424
    endloop
  endfacet
  facet normal -0.91798 -0.175119 0.355875
    outer loop
      vertex -6.48638 -0.81942 30.8393
      vertex -6.64397 -0.839328 30.423
      vertex -6.48638 -1.66542 30.423
    endloop
  endfacet
  facet normal -0.618443 -0.0389074 0.784866
    outer loop
      vertex -5.4178 -0.684427 31.9838
      vertex -5.91507 0 31.6259
      vertex -5.86843 -0.741354 31.6259
    endloop
  endfacet
  facet normal -0.693222 -0.225248 0.684622
    outer loop
      vertex -5.72924 -1.47102 31.6259
      vertex -6.07882 -1.56077 31.2424
      vertex -5.49969 -2.17748 31.6259
    endloop
  endfacet
  facet normal -0.727457 0.0457695 0.684625
    outer loop
      vertex -6.2265 0.78659 31.2424
      vertex -6.27599 0 31.2424
      vertex -5.91507 0 31.6259
    endloop
  endfacet
  facet normal -0.560698 0.263836 0.784862
    outer loop
      vertex -5.18342 2.84961 31.6259
      vertex -5.49969 2.17748 31.6259
      vertex -5.07738 2.01028 31.9838
    endloop
  endfacet
  facet normal -0.252556 0.0820608 0.964096
    outer loop
      vertex -2.67219 1.05799 33.0538
      vertex -3.5032 0.899468 32.8496
      vertex -2.78372 0.714737 33.0538
    endloop
  endfacet
  facet normal -0.437301 0.27752 0.855424
    outer loop
      vertex -3.9808 2.89222 32.3103
      vertex -4.78539 2.63079 31.9838
      vertex -4.3119 2.37049 32.3103
    endloop
  endfacet
  facet normal -0.589342 0.19149 0.784862
    outer loop
      vertex -5.07738 2.01028 31.9838
      vertex -5.49969 2.17748 31.6259
      vertex -5.2893 1.35806 31.9838
    endloop
  endfacet
  facet normal -0.325263 0.105687 0.939699
    outer loop
      vertex -3.36284 1.33144 32.8496
      vertex -4.00047 1.5839 32.6005
      vertex -3.5032 0.899468 32.8496
    endloop
  endfacet
  facet normal -0.205119 0.373113 0.904828
    outer loop
      vertex -2.09506 4.45224 32.3103
      vertex -2.63656 4.15455 32.3103
      vertex -2.30545 3.63282 32.6005
    endloop
  endfacet
  facet normal 0.154103 0.600203 0.784862
    outer loop
      vertex 1.10837 5.8103 31.6259
      vertex 1.02326 5.36414 31.9838
      vertex 1.82786 5.62557 31.6259
    endloop
  endfacet
  facet normal -0.359498 0.228144 0.904827
    outer loop
      vertex -3.9808 2.89222 32.3103
      vertex -4.3119 2.37049 32.3103
      vertex -3.48089 2.52901 32.6005
    endloop
  endfacet
  facet normal -0.249513 0.453863 0.855425
    outer loop
      vertex -2.32512 4.94114 31.9838
      vertex -2.92608 4.61076 31.9838
      vertex -2.63656 4.15455 32.3103
    endloop
  endfacet
  facet normal -0.639747 0.681247 0.355847
    outer loop
      vertex -4.26868 5.15995 30.423
      vertex -4.76595 4.47552 30.8393
      vertex -4.16744 5.03757 30.8393
    endloop
  endfacet
  facet normal -0.404196 0.735225 0.544122
    outer loop
      vertex -2.78372 5.9157 30.8393
      vertex -3.5032 5.52016 30.8393
      vertex -2.67219 5.67869 31.2424
    endloop
  endfacet
  facet normal -0.30885 0.780083 0.544134
    outer loop
      vertex -2.02033 6.21795 30.8393
      vertex -2.67219 5.67869 31.2424
      vertex -1.93939 5.96882 31.2424
    endloop
  endfacet
  facet normal -0.493147 0.678766 0.544135
    outer loop
      vertex -3.5032 5.52016 30.8393
      vertex -4.00047 4.83573 31.2424
      vertex -3.36284 5.29899 31.2424
    endloop
  endfacet
  facet normal 0 0.728893 0.684627
    outer loop
      vertex 0.394073 6.26361 31.2424
      vertex -0.371409 5.9034 31.6259
      vertex 0.371409 5.9034 31.6259
    endloop
  endfacet
  facet normal 0 0.728893 0.684627
    outer loop
      vertex -0.371409 5.9034 31.6259
      vertex 0.394073 6.26361 31.2424
      vertex -0.394073 6.26361 31.2424
    endloop
  endfacet
  facet normal -0.365258 0.92253 0.1246
    outer loop
      vertex -2.06942 6.36901 30.423
      vertex -2.87401 6.10758 30
      vertex -2.85135 6.05942 30.423
    endloop
  endfacet
  facet normal 0.309454 -0.145619 0.939699
    outer loop
      vertex 4.00047 -1.5839 32.6005
      vertex 3.16945 -1.74242 32.8496
      vertex 3.77041 -2.0728 32.6005
    endloop
  endfacet
  facet normal 0.424198 -0.451719 0.784861
    outer loop
      vertex 4.3119 -4.04914 31.6259
      vertex 3.48089 -4.20767 31.9838
      vertex 3.77041 -4.55764 31.6259
    endloop
  endfacet
  facet normal 0.720076 -0.595685 0.355879
    outer loop
      vertex 5.4178 -3.93626 30.423
      vertex 4.76595 -4.47552 30.8393
      vertex 4.88174 -4.58426 30.423
    endloop
  endfacet
  facet normal 0.639747 -0.681247 0.355847
    outer loop
      vertex 4.76595 -4.47552 30.8393
      vertex 4.16744 -5.03757 30.8393
      vertex 4.26868 -5.15995 30.423
    endloop
  endfacet
  facet normal 0.608691 -0.116112 0.784865
    outer loop
      vertex 5.4178 -0.684427 31.9838
      vertex 5.2893 -1.35806 31.9838
      vertex 5.72924 -1.47102 31.6259
    endloop
  endfacet
  facet normal 0.4373 -0.277517 0.855426
    outer loop
      vertex 4.78539 -2.63079 31.9838
      vertex 3.9808 -2.89222 32.3103
      vertex 4.41793 -3.20982 31.9838
    endloop
  endfacet
  facet normal 0.478002 -0.869476 0.124599
    outer loop
      vertex 3.58831 -5.65427 30.423
      vertex 2.85135 -6.05942 30.423
      vertex 2.87401 -6.10758 30
    endloop
  endfacet
  facet normal 0.498968 -0.53134 0.684623
    outer loop
      vertex 4.3119 -4.04914 31.6259
      vertex 3.77041 -4.55764 31.6259
      vertex 4.00047 -4.83573 31.2424
    endloop
  endfacet
  facet normal 0.30443 -0.419007 0.855427
    outer loop
      vertex 3.13647 -3.79134 32.3103
      vertex 2.63656 -4.15455 32.3103
      vertex 3.48089 -4.20767 31.9838
    endloop
  endfacet
  facet normal 0.364232 -0.501326 0.784861
    outer loop
      vertex 3.48089 -4.20767 31.9838
      vertex 2.92608 -4.61076 31.9838
      vertex 3.16945 -4.99426 31.6259
    endloop
  endfacet
  facet normal 0.897777 -0.422459 0.124596
    outer loop
      vertex 6.27599 -2.48484 30
      vertex 5.86843 -3.2262 30.423
      vertex 5.91507 -3.25184 30
    endloop
  endfacet
  facet normal 0.932699 -0.0586737 0.355851
    outer loop
      vertex 6.69677 0 30.423
      vertex 6.53794 0 30.8393
      vertex 6.64397 -0.839328 30.423
    endloop
  endfacet
  facet normal 0.659528 0.310357 0.684617
    outer loop
      vertex 5.49969 3.02348 31.2424
      vertex 5.18342 2.84961 31.6259
      vertex 5.83527 2.31035 31.2424
    endloop
  endfacet
  facet normal 0.185013 -0.0601145 0.980896
    outer loop
      vertex 2.78372 -0.714737 33.0538
      vertex 2.02033 -0.518733 33.2098
      vertex 2.67219 -1.05799 33.0538
    endloop
  endfacet
  facet normal 0.191087 -0.0364566 0.980896
    outer loop
      vertex 2.06942 -0.261428 33.2098
      vertex 2.02033 -0.518733 33.2098
      vertex 2.78372 -0.714737 33.0538
    endloop
  endfacet
  facet normal -0.0243843 -0.193002 0.980895
    outer loop
      vertex -0.390852 -2.04892 33.2098
      vertex -0.538535 -2.8231 33.0538
      vertex -0.18046 -2.86834 33.0538
    endloop
  endfacet
  facet normal -0.133171 -0.141811 0.980895
    outer loop
      vertex -1.32958 -1.60719 33.2098
      vertex -2.09506 -1.96739 33.0538
      vertex -1.83196 -2.21446 33.0538
    endloop
  endfacet
  facet normal 0 -0.265554 0.964096
    outer loop
      vertex -0.18046 -2.86834 33.0538
      vertex 0.227102 -3.60969 32.8496
      vertex 0.18046 -2.86834 33.0538
    endloop
  endfacet
  facet normal 0 -0.265554 0.964096
    outer loop
      vertex 0.227102 -3.60969 32.8496
      vertex -0.18046 -2.86834 33.0538
      vertex -0.227102 -3.60969 32.8496
    endloop
  endfacet
  facet normal 0.1288 -0.501652 0.855427
    outer loop
      vertex 1.52053 -4.67971 32.3103
      vertex 0.922016 -4.83338 32.3103
      vertex 1.02326 -5.36414 31.9838
    endloop
  endfacet
  facet normal 0.201022 -0.276689 0.939698
    outer loop
      vertex 2.30545 -2.78682 32.8496
      vertex 1.93799 -3.05379 32.8496
      vertex 2.30545 -3.63282 32.6005
    endloop
  endfacet
  facet normal -0.0533634 -0.42242 0.904828
    outer loop
      vertex -0.270163 -4.29412 32.6005
      vertex -0.806229 -4.2264 32.6005
      vertex -0.308963 -4.91083 32.3103
    endloop
  endfacet
  facet normal 0.124352 -0.984384 0.124594
    outer loop
      vertex 1.25485 -6.57816 30.423
      vertex 0.420493 -6.68356 30.423
      vertex 1.26482 -6.63044 30
    endloop
  endfacet
  facet normal -0.549305 -0.756067 0.355847
    outer loop
      vertex -4.16744 -5.03757 30.8393
      vertex -4.26868 -5.15995 30.423
      vertex -3.5032 -5.52016 30.8393
    endloop
  endfacet
  facet normal -0.354545 -0.37755 0.855426
    outer loop
      vertex -3.58692 -3.36834 32.3103
      vertex -3.9808 -3.73822 31.9838
      vertex -3.48089 -4.20767 31.9838
    endloop
  endfacet
  facet normal -0.478 -0.869477 0.124602
    outer loop
      vertex -3.58831 -5.65427 30.423
      vertex -3.61683 -5.69921 30
      vertex -2.87401 -6.10758 30
    endloop
  endfacet
  facet normal -0.268321 -0.677716 0.68462
    outer loop
      vertex -1.82786 -5.62557 31.6259
      vertex -2.67219 -5.67869 31.2424
      vertex -1.93939 -5.96882 31.2424
    endloop
  endfacet
  facet normal -0.759152 -0.357237 0.544124
    outer loop
      vertex -5.83527 -2.31035 31.2424
      vertex -6.07882 -2.40677 30.8393
      vertex -5.49969 -3.02348 31.2424
    endloop
  endfacet
  facet normal -0.679209 -0.72329 0.124604
    outer loop
      vertex -4.26868 -5.15995 30.423
      vertex -4.92054 -4.62069 30
      vertex -4.30261 -5.20096 30
    endloop
  endfacet
  facet normal -0.789056 -0.500754 0.355859
    outer loop
      vertex -5.2893 -3.8429 30.8393
      vertex -5.72924 -3.14967 30.8393
      vertex -5.4178 -3.93626 30.423
    endloop
  endfacet
  facet normal -0.897777 -0.422459 0.124596
    outer loop
      vertex -5.86843 -3.2262 30.423
      vertex -6.27599 -2.48484 30
      vertex -5.91507 -3.25184 30
    endloop
  endfacet
  facet normal 0.246756 -0.961035 0.124594
    outer loop
      vertex 2.06942 -6.36901 30.423
      vertex 1.25485 -6.57816 30.423
      vertex 1.26482 -6.63044 30
    endloop
  endfacet
  facet normal 0.344028 -0.86891 0.355865
    outer loop
      vertex 2.78372 -5.9157 30.8393
      vertex 2.06942 -6.36901 30.423
      vertex 2.85135 -6.05942 30.423
    endloop
  endfacet
  facet normal 0.364232 -0.501326 0.784861
    outer loop
      vertex 3.48089 -4.20767 31.9838
      vertex 3.16945 -4.99426 31.6259
      vertex 3.77041 -4.55764 31.6259
    endloop
  endfacet
  facet normal 0.0913547 -0.723145 0.684628
    outer loop
      vertex 1.10837 -5.8103 31.6259
      vertex 0.371409 -5.9034 31.6259
      vertex 0.394073 -6.26361 31.2424
    endloop
  endfacet
  facet normal -0.0913547 -0.723145 0.684628
    outer loop
      vertex -0.371409 -5.9034 31.6259
      vertex -1.10837 -5.8103 31.6259
      vertex -0.394073 -6.26361 31.2424
    endloop
  endfacet
  facet normal 0.708388 -0.44956 0.544134
    outer loop
      vertex 5.49969 -3.02348 31.2424
      vertex 5.07738 -3.68893 31.2424
      vertex 5.2893 -3.8429 30.8393
    endloop
  endfacet
  facet normal 0.26352 -0.218004 0.939698
    outer loop
      vertex 3.48089 -2.52901 32.6005
      vertex 2.92608 -2.12592 32.8496
      vertex 3.13647 -2.94534 32.6005
    endloop
  endfacet
  facet normal 0.468635 -0.220523 0.855424
    outer loop
      vertex 5.07738 -2.01028 31.9838
      vertex 4.3119 -2.37049 32.3103
      vertex 4.78539 -2.63079 31.9838
    endloop
  endfacet
  facet normal 0.240281 -0.113066 0.964096
    outer loop
      vertex 3.36284 -1.33144 32.8496
      vertex 2.67219 -1.05799 33.0538
      vertex 3.16945 -1.74242 32.8496
    endloop
  endfacet
  facet normal -0.639724 -0.681251 0.35588
    outer loop
      vertex -4.76595 -4.47552 30.8393
      vertex -4.88174 -4.58426 30.423
      vertex -4.26868 -5.15995 30.423
    endloop
  endfacet
  facet normal -0.824144 -0.157216 0.544123
    outer loop
      vertex -6.07882 -1.56077 31.2424
      vertex -6.48638 -0.81942 30.8393
      vertex -6.33253 -1.62592 30.8393
    endloop
  endfacet
  facet normal -0.917982 -0.175117 0.35587
    outer loop
      vertex -6.48638 -0.81942 30.8393
      vertex -6.48638 -1.66542 30.423
      vertex -6.33253 -1.62592 30.8393
    endloop
  endfacet
  facet normal 0.121332 0.0394282 0.991829
    outer loop
      vertex 2.02033 0.518733 33.2098
      vertex 1.176 0.465612 33.3152
      vertex 1.22509 0.314548 33.3152
    endloop
  endfacet
  facet normal 0.0630139 0.00396561 0.998005
    outer loop
      vertex 1.25485 0.158524 33.3152
      vertex 0.420493 0.0531206 33.3683
      vertex 0.423836 0 33.3683
    endloop
  endfacet
  facet normal 0.252556 -0.0820608 0.964096
    outer loop
      vertex 2.78372 -0.714737 33.0538
      vertex 2.67219 -1.05799 33.0538
      vertex 3.5032 -0.899468 32.8496
    endloop
  endfacet
  facet normal 0.508753 0.0970481 0.855425
    outer loop
      vertex 5.2893 1.35806 31.9838
      vertex 4.76595 1.22369 32.3103
      vertex 5.4178 0.684427 31.9838
    endloop
  endfacet
  facet normal 0.240276 0.113071 0.964097
    outer loop
      vertex 3.16945 1.74242 32.8496
      vertex 2.51851 1.38456 33.0538
      vertex 2.67219 1.05799 33.0538
    endloop
  endfacet
  facet normal 0.33595 0.0640863 0.939697
    outer loop
      vertex 4.26868 0.53926 32.6005
      vertex 3.5032 0.899468 32.8496
      vertex 3.58831 0.453309 32.8496
    endloop
  endfacet
  facet normal 0.125317 0.0239086 0.991829
    outer loop
      vertex 2.02033 0.518733 33.2098
      vertex 1.22509 0.314548 33.3152
      vertex 2.06942 0.261428 33.2098
    endloop
  endfacet
  facet normal 0.125316 0.0239029 0.991829
    outer loop
      vertex 2.06942 0.261428 33.2098
      vertex 1.22509 0.314548 33.3152
      vertex 1.25485 0.158524 33.3152
    endloop
  endfacet
  facet normal -0.048649 0.0402467 0.998005
    outer loop
      vertex -0.308963 0.290135 33.3683
      vertex -1.02326 0.743444 33.3152
      vertex -0.34289 0.249125 33.3683
    endloop
  endfacet
  facet normal -0.0157014 0.061155 0.998005
    outer loop
      vertex -0.237004 1.24242 33.3152
      vertex -0.390852 1.20292 33.3152
      vertex -0.130972 0.403091 33.3683
    endloop
  endfacet
  facet normal 0.201026 0.276689 0.939698
    outer loop
      vertex 2.30545 3.63282 32.6005
      vertex 2.30545 2.78682 32.8496
      vertex 2.74259 3.31522 32.6005
    endloop
  endfacet
  facet normal -0.240281 0.113066 0.964096
    outer loop
      vertex -3.16945 1.74242 32.8496
      vertex -3.36284 1.33144 32.8496
      vertex -2.67219 1.05799 33.0538
    endloop
  endfacet
  facet normal 0.0332786 0.26346 0.964096
    outer loop
      vertex 0.227102 3.60969 32.8496
      vertex 0.18046 2.86834 33.0538
      vertex 0.677726 3.55277 32.8496
    endloop
  endfacet
  facet normal -0.250265 0.344461 0.904828
    outer loop
      vertex -2.63656 4.15455 32.3103
      vertex -2.74259 3.31522 32.6005
      vertex -2.30545 3.63282 32.6005
    endloop
  endfacet
  facet normal 0.574338 0.611607 0.544126
    outer loop
      vertex 4.76595 4.47552 30.8393
      vertex 4.00047 4.83573 31.2424
      vertex 4.575 4.29621 31.2424
    endloop
  endfacet
  facet normal 0.156738 0.395878 0.904828
    outer loop
      vertex 2.09506 4.45224 32.3103
      vertex 1.52053 4.67971 32.3103
      vertex 1.83196 3.89312 32.6005
    endloop
  endfacet
  facet normal 0.82414 0.15721 0.54413
    outer loop
      vertex 6.48638 0.81942 30.8393
      vertex 6.07882 1.56077 31.2424
      vertex 6.2265 0.78659 31.2424
    endloop
  endfacet
  facet normal 0.974629 0.185926 0.124618
    outer loop
      vertex 6.53794 1.67866 30
      vertex 6.48638 1.66542 30.423
      vertex 6.64397 0.839328 30.423
    endloop
  endfacet
  facet normal 0.508755 0.0970518 0.855423
    outer loop
      vertex 5.4178 0.684427 31.9838
      vertex 4.76595 1.22369 32.3103
      vertex 4.88174 0.616707 32.3103
    endloop
  endfacet
  facet normal 0.492577 0.160049 0.855425
    outer loop
      vertex 5.07738 2.01028 31.9838
      vertex 4.575 1.81137 32.3103
      vertex 4.76595 1.22369 32.3103
    endloop
  endfacet
  facet normal 0.888797 0.288784 0.355869
    outer loop
      vertex 6.48638 1.66542 30.423
      vertex 6.07882 2.40677 30.8393
      vertex 6.33253 1.62592 30.8393
    endloop
  endfacet
  facet normal 0.608689 0.116113 0.784866
    outer loop
      vertex 5.72924 1.47102 31.6259
      vertex 5.4178 0.684427 31.9838
      vertex 5.86843 0.741354 31.6259
    endloop
  endfacet
  facet normal 0.837744 0.531656 0.124607
    outer loop
      vertex 5.46086 3.96755 30
      vertex 5.4178 3.93626 30.423
      vertex 5.91507 3.25184 30
    endloop
  endfacet
  facet normal -0.789047 0.500758 0.355874
    outer loop
      vertex -5.4178 3.93626 30.423
      vertex -5.86843 3.2262 30.423
      vertex -5.72924 3.14967 30.8393
    endloop
  endfacet
  facet normal -0.124355 0.984383 0.124601
    outer loop
      vertex -0.423836 6.73668 30
      vertex -1.26482 6.63044 30
      vertex -0.420493 6.68356 30.423
    endloop
  endfacet
  facet normal 0.124355 0.984383 0.124601
    outer loop
      vertex 0.423836 6.73668 30
      vertex 0.420493 6.68356 30.423
      vertex 1.26482 6.63044 30
    endloop
  endfacet
  facet normal 0.154106 0.600197 0.784866
    outer loop
      vertex 1.82786 5.62557 31.6259
      vertex 1.02326 5.36414 31.9838
      vertex 1.6875 5.19359 31.9838
    endloop
  endfacet
  facet normal 0.0428598 0.339312 0.939697
    outer loop
      vertex 0.806229 4.2264 32.6005
      vertex 0.227102 3.60969 32.8496
      vertex 0.677726 3.55277 32.8496
    endloop
  endfacet
  facet normal 0.105152 0.832394 0.544118
    outer loop
      vertex 0.41052 6.52503 30.8393
      vertex 0.394073 6.26361 31.2424
      vertex 1.22509 6.42213 30.8393
    endloop
  endfacet
  facet normal -0.888797 -0.288784 0.355869
    outer loop
      vertex -6.33253 -1.62592 30.8393
      vertex -6.48638 -1.66542 30.423
      vertex -6.07882 -2.40677 30.8393
    endloop
  endfacet
  facet normal -0.797941 -0.259263 0.544125
    outer loop
      vertex -5.83527 -2.31035 31.2424
      vertex -6.33253 -1.62592 30.8393
      vertex -6.07882 -2.40677 30.8393
    endloop
  endfacet
  facet normal -0.715988 -0.13658 0.684621
    outer loop
      vertex -5.86843 -0.741354 31.6259
      vertex -6.2265 -0.78659 31.2424
      vertex -6.07882 -1.56077 31.2424
    endloop
  endfacet
  facet normal -0.618444 0.0389087 0.784865
    outer loop
      vertex -5.4178 0.684427 31.9838
      vertex -5.91507 0 31.6259
      vertex -5.46086 0 31.9838
    endloop
  endfacet
  facet normal -0.759149 -0.357226 0.544135
    outer loop
      vertex -5.49969 -3.02348 31.2424
      vertex -6.07882 -2.40677 30.8393
      vertex -5.72924 -3.14967 30.8393
    endloop
  endfacet
  facet normal -0.715987 -0.136581 0.684623
    outer loop
      vertex -5.86843 -0.741354 31.6259
      vertex -6.07882 -1.56077 31.2424
      vertex -5.72924 -1.47102 31.6259
    endloop
  endfacet
  facet normal -0.932699 -0.0586737 0.355851
    outer loop
      vertex -6.53794 0 30.8393
      vertex -6.69677 0 30.423
      vertex -6.64397 -0.839328 30.423
    endloop
  endfacet
  facet normal -0.990248 0.062294 0.124612
    outer loop
      vertex -6.64397 0.839328 30.423
      vertex -6.75 0 30
      vertex -6.69677 0 30.423
    endloop
  endfacet
  facet normal -0.837345 0.0526879 0.54413
    outer loop
      vertex -6.48638 0.81942 30.8393
      vertex -6.53794 0 30.8393
      vertex -6.2265 0.78659 31.2424
    endloop
  endfacet
  facet normal -0.759149 0.357226 0.544135
    outer loop
      vertex -5.72924 3.14967 30.8393
      vertex -6.07882 2.40677 30.8393
      vertex -5.49969 3.02348 31.2424
    endloop
  endfacet
  facet normal -0.659522 0.310337 0.684633
    outer loop
      vertex -5.18342 2.84961 31.6259
      vertex -5.83527 2.31035 31.2424
      vertex -5.49969 2.17748 31.6259
    endloop
  endfacet
  facet normal -0.693215 0.225236 0.684632
    outer loop
      vertex -5.83527 2.31035 31.2424
      vertex -6.07882 1.56077 31.2424
      vertex -5.49969 2.17748 31.6259
    endloop
  endfacet
  facet normal -0.508755 0.0970518 0.855423
    outer loop
      vertex -4.76595 1.22369 32.3103
      vertex -5.4178 0.684427 31.9838
      vertex -4.88174 0.616707 32.3103
    endloop
  endfacet
  facet normal -0.265029 0.0166743 0.964096
    outer loop
      vertex -3.58831 0.453309 32.8496
      vertex -3.61683 0 32.8496
      vertex -2.87401 0 33.0538
    endloop
  endfacet
  facet normal -0.404942 -0.131574 0.904826
    outer loop
      vertex -4.00047 -1.5839 32.6005
      vertex -4.76595 -1.22369 32.3103
      vertex -4.575 -1.81137 32.3103
    endloop
  endfacet
  facet normal -0.492578 -0.160049 0.855425
    outer loop
      vertex -4.76595 -1.22369 32.3103
      vertex -5.2893 -1.35806 31.9838
      vertex -5.07738 -2.01028 31.9838
    endloop
  endfacet
  facet normal -0.727461 -0.045766 0.684621
    outer loop
      vertex -5.91507 0 31.6259
      vertex -6.2265 -0.78659 31.2424
      vertex -5.86843 -0.741354 31.6259
    endloop
  endfacet
  facet normal -0.516908 0.0325207 0.855423
    outer loop
      vertex -5.4178 0.684427 31.9838
      vertex -5.46086 0 31.9838
      vertex -4.92054 0 32.3103
    endloop
  endfacet
  facet normal -0.26085 0.0497601 0.964096
    outer loop
      vertex -3.5032 0.899468 32.8496
      vertex -3.58831 0.453309 32.8496
      vertex -2.78372 0.714737 33.0538
    endloop
  endfacet
  facet normal -0.309454 0.145619 0.939699
    outer loop
      vertex -3.77041 2.0728 32.6005
      vertex -4.00047 1.5839 32.6005
      vertex -3.16945 1.74242 32.8496
    endloop
  endfacet
  facet normal -0.498968 0.53134 0.684623
    outer loop
      vertex -4.00047 4.83573 31.2424
      vertex -4.3119 4.04914 31.6259
      vertex -3.77041 4.55764 31.6259
    endloop
  endfacet
  facet normal -0.0428598 0.339312 0.939697
    outer loop
      vertex -0.227102 3.60969 32.8496
      vertex -0.806229 4.2264 32.6005
      vertex -0.677726 3.55277 32.8496
    endloop
  endfacet
  facet normal 0.0660428 0.25721 0.964096
    outer loop
      vertex 1.11766 3.43981 32.8496
      vertex 0.677726 3.55277 32.8496
      vertex 0.888118 2.73335 33.0538
    endloop
  endfacet
  facet normal 0.125897 0.317989 0.939698
    outer loop
      vertex 1.32958 4.09203 32.6005
      vertex 1.11766 3.43981 32.8496
      vertex 1.53997 3.27261 32.8496
    endloop
  endfacet
  facet normal -0.468635 0.220523 0.855424
    outer loop
      vertex -4.78539 2.63079 31.9838
      vertex -5.07738 2.01028 31.9838
      vertex -4.3119 2.37049 32.3103
    endloop
  endfacet
  facet normal -0.615424 0.390569 0.684623
    outer loop
      vertex -5.07738 3.68893 31.2424
      vertex -5.18342 2.84961 31.6259
      vertex -4.78539 3.47679 31.6259
    endloop
  endfacet
  facet normal -0.404942 0.131574 0.904826
    outer loop
      vertex -4.575 1.81137 32.3103
      vertex -4.76595 1.22369 32.3103
      vertex -4.00047 1.5839 32.6005
    endloop
  endfacet
  facet normal -0.385257 0.181289 0.904827
    outer loop
      vertex -3.77041 2.0728 32.6005
      vertex -4.3119 2.37049 32.3103
      vertex -4.00047 1.5839 32.6005
    endloop
  endfacet
  facet normal -0.759152 0.357237 0.544124
    outer loop
      vertex -5.49969 3.02348 31.2424
      vertex -6.07882 2.40677 30.8393
      vertex -5.83527 2.31035 31.2424
    endloop
  endfacet
  facet normal -0.720075 0.595699 0.355859
    outer loop
      vertex -4.76595 4.47552 30.8393
      vertex -5.4178 3.93626 30.423
      vertex -5.2893 3.8429 30.8393
    endloop
  endfacet
  facet normal -0.837744 0.531656 0.124607
    outer loop
      vertex -5.46086 3.96755 30
      vertex -5.91507 3.25184 30
      vertex -5.4178 3.93626 30.423
    endloop
  endfacet
  facet normal -0.974629 -0.185926 0.124618
    outer loop
      vertex -6.48638 -1.66542 30.423
      vertex -6.64397 -0.839328 30.423
      vertex -6.53794 -1.67866 30
    endloop
  endfacet
  facet normal -0.974636 -0.185912 0.124589
    outer loop
      vertex -6.64397 -0.839328 30.423
      vertex -6.69677 -0.845999 30
      vertex -6.53794 -1.67866 30
    endloop
  endfacet
  facet normal -0.549309 0.756056 0.355864
    outer loop
      vertex -3.58831 5.65427 30.423
      vertex -4.26868 5.15995 30.423
      vertex -3.5032 5.52016 30.8393
    endloop
  endfacet
  facet normal -0.679206 0.723295 0.124593
    outer loop
      vertex -4.26868 5.15995 30.423
      vertex -4.92054 4.62069 30
      vertex -4.88174 4.58426 30.423
    endloop
  endfacet
  facet normal -0.308861 0.780087 0.544122
    outer loop
      vertex -2.02033 6.21795 30.8393
      vertex -2.78372 5.9157 30.8393
      vertex -2.67219 5.67869 31.2424
    endloop
  endfacet
  facet normal -0.117123 0.927165 0.355876
    outer loop
      vertex -0.41052 6.52503 30.8393
      vertex -1.25485 6.57816 30.423
      vertex -1.22509 6.42213 30.8393
    endloop
  endfacet
  facet normal -0.228127 0.576157 0.784858
    outer loop
      vertex -1.82786 5.62557 31.6259
      vertex -2.51851 5.35211 31.6259
      vertex -2.32512 4.94114 31.9838
    endloop
  endfacet
  facet normal 0 0.992207 0.124601
    outer loop
      vertex 0.423836 6.73668 30
      vertex -0.420493 6.68356 30.423
      vertex 0.420493 6.68356 30.423
    endloop
  endfacet
  facet normal 0 0.992207 0.124601
    outer loop
      vertex -0.420493 6.68356 30.423
      vertex 0.423836 6.73668 30
      vertex -0.423836 6.73668 30
    endloop
  endfacet
  facet normal 0.477466 -0.394994 0.78486
    outer loop
      vertex 4.41793 -3.20982 31.9838
      vertex 3.9808 -3.73822 31.9838
      vertex 4.78539 -3.47679 31.6259
    endloop
  endfacet
  facet normal 0.328068 -0.271403 0.904827
    outer loop
      vertex 3.48089 -2.52901 32.6005
      vertex 3.13647 -2.94534 32.6005
      vertex 3.9808 -2.89222 32.3103
    endloop
  endfacet
  facet normal 0.646459 -0.534798 0.544134
    outer loop
      vertex 5.07738 -3.68893 31.2424
      vertex 4.76595 -4.47552 30.8393
      vertex 5.2893 -3.8429 30.8393
    endloop
  endfacet
  facet normal 0.720075 -0.595699 0.355859
    outer loop
      vertex 5.2893 -3.8429 30.8393
      vertex 4.76595 -4.47552 30.8393
      vertex 5.4178 -3.93626 30.423
    endloop
  endfacet
  facet normal 0.561624 -0.464611 0.684628
    outer loop
      vertex 5.07738 -3.68893 31.2424
      vertex 4.3119 -4.04914 31.6259
      vertex 4.575 -4.29621 31.2424
    endloop
  endfacet
  facet normal 0.574338 -0.611607 0.544126
    outer loop
      vertex 4.575 -4.29621 31.2424
      vertex 4.00047 -4.83573 31.2424
      vertex 4.76595 -4.47552 30.8393
    endloop
  endfacet
  facet normal 0.450219 -0.81894 0.355864
    outer loop
      vertex 3.5032 -5.52016 30.8393
      vertex 2.78372 -5.9157 30.8393
      vertex 3.58831 -5.65427 30.423
    endloop
  endfacet
  facet normal 0.888797 -0.288784 0.355869
    outer loop
      vertex 6.33253 -1.62592 30.8393
      vertex 6.07882 -2.40677 30.8393
      vertex 6.48638 -1.66542 30.423
    endloop
  endfacet
  facet normal 0.759149 -0.357226 0.544135
    outer loop
      vertex 6.07882 -2.40677 30.8393
      vertex 5.49969 -3.02348 31.2424
      vertex 5.72924 -3.14967 30.8393
    endloop
  endfacet
  facet normal 0.990248 -0.062294 0.124612
    outer loop
      vertex 6.69677 0 30.423
      vertex 6.64397 -0.839328 30.423
      vertex 6.75 0 30
    endloop
  endfacet
  facet normal 0.974636 0.185912 0.124589
    outer loop
      vertex 6.69677 0.845999 30
      vertex 6.53794 1.67866 30
      vertex 6.64397 0.839328 30.423
    endloop
  endfacet
  facet normal 0.845597 -0.397901 0.355866
    outer loop
      vertex 6.07882 -2.40677 30.8393
      vertex 5.86843 -3.2262 30.423
      vertex 6.2265 -2.46525 30.423
    endloop
  endfacet
  facet normal 0.659528 -0.310357 0.684617
    outer loop
      vertex 5.83527 -2.31035 31.2424
      vertex 5.18342 -2.84961 31.6259
      vertex 5.49969 -3.02348 31.2424
    endloop
  endfacet
  facet normal 0.498962 -0.53134 0.684628
    outer loop
      vertex 4.3119 -4.04914 31.6259
      vertex 4.00047 -4.83573 31.2424
      vertex 4.575 -4.29621 31.2424
    endloop
  endfacet
  facet normal 0.304429 -0.419013 0.855425
    outer loop
      vertex 3.48089 -4.20767 31.9838
      vertex 2.63656 -4.15455 32.3103
      vertex 2.92608 -4.61076 31.9838
    endloop
  endfacet
  facet normal 0.943642 -0.306615 0.124604
    outer loop
      vertex 6.53794 -1.67866 30
      vertex 6.2265 -2.46525 30.423
      vertex 6.27599 -2.48484 30
    endloop
  endfacet
  facet normal 0.618444 0.0389087 0.784865
    outer loop
      vertex 5.91507 0 31.6259
      vertex 5.4178 0.684427 31.9838
      vertex 5.46086 0 31.9838
    endloop
  endfacet
  facet normal 0.516908 0.0325207 0.855423
    outer loop
      vertex 5.4178 0.684427 31.9838
      vertex 4.92054 0 32.3103
      vertex 5.46086 0 31.9838
    endloop
  endfacet
  facet normal 0.618443 0.0389074 0.784866
    outer loop
      vertex 5.86843 0.741354 31.6259
      vertex 5.4178 0.684427 31.9838
      vertex 5.91507 0 31.6259
    endloop
  endfacet
  facet normal 0.516907 -0.0325211 0.855423
    outer loop
      vertex 4.92054 0 32.3103
      vertex 4.88174 -0.616707 32.3103
      vertex 5.4178 -0.684427 31.9838
    endloop
  endfacet
  facet normal -0.335948 -0.0640804 0.939698
    outer loop
      vertex -3.5032 -0.899468 32.8496
      vertex -4.26868 -0.53926 32.6005
      vertex -4.16744 -1.07002 32.6005
    endloop
  endfacet
  facet normal -0.0533098 0.0338316 0.998005
    outer loop
      vertex -1.02326 0.743444 33.3152
      vertex -1.10837 0.609333 33.3152
      vertex -0.371409 0.204185 33.3683
    endloop
  endfacet
  facet normal 0.0749893 -0.103209 0.991829
    outer loop
      vertex 0.806229 -0.974563 33.3152
      vertex 0.677726 -1.06793 33.3152
      vertex 1.32958 -1.60719 33.2098
    endloop
  endfacet
  facet normal -0.0614639 -0.111795 0.991829
    outer loop
      vertex -0.677726 -1.06793 33.3152
      vertex -1.11766 -1.76115 33.2098
      vertex -0.888118 -1.88735 33.2098
    endloop
  endfacet
  facet normal -0.185013 -0.0601145 0.980896
    outer loop
      vertex -2.02033 -0.518733 33.2098
      vertex -2.78372 -0.714737 33.0538
      vertex -2.67219 -1.05799 33.0538
    endloop
  endfacet
  facet normal -0.121332 -0.0394282 0.991829
    outer loop
      vertex -1.22509 -0.314548 33.3152
      vertex -2.02033 -0.518733 33.2098
      vertex -1.176 -0.465612 33.3152
    endloop
  endfacet
  facet normal -0.224214 -0.142287 0.964097
    outer loop
      vertex -2.32512 -1.6893 33.0538
      vertex -3.16945 -1.74242 32.8496
      vertex -2.92608 -2.12592 32.8496
    endloop
  endfacet
  facet normal 0.0649127 -0.513842 0.855426
    outer loop
      vertex 1.02326 -5.36414 31.9838
      vertex 0.308963 -4.91083 32.3103
      vertex 0.34289 -5.45009 31.9838
    endloop
  endfacet
  facet normal -0.250265 -0.344461 0.904828
    outer loop
      vertex -2.30545 -3.63282 32.6005
      vertex -2.74259 -3.31522 32.6005
      vertex -2.63656 -4.15455 32.3103
    endloop
  endfacet
  facet normal 0.228113 -0.576151 0.784866
    outer loop
      vertex 2.32512 -4.94114 31.9838
      vertex 1.6875 -5.19359 31.9838
      vertex 1.82786 -5.62557 31.6259
    endloop
  endfacet
  facet normal 0.26833 -0.677695 0.684638
    outer loop
      vertex 2.51851 -5.35211 31.6259
      vertex 1.82786 -5.62557 31.6259
      vertex 2.67219 -5.67869 31.2424
    endloop
  endfacet
  facet normal -0.583206 -0.802711 0.124603
    outer loop
      vertex -3.58831 -5.65427 30.423
      vertex -4.26868 -5.15995 30.423
      vertex -3.61683 -5.69921 30
    endloop
  endfacet
  facet normal -0.450219 -0.81894 0.355864
    outer loop
      vertex -3.5032 -5.52016 30.8393
      vertex -3.58831 -5.65427 30.423
      vertex -2.78372 -5.9157 30.8393
    endloop
  endfacet
  facet normal -0.208649 -0.812646 0.544124
    outer loop
      vertex -1.176 -6.16483 31.2424
      vertex -2.02033 -6.21795 30.8393
      vertex -1.22509 -6.42213 30.8393
    endloop
  endfacet
  facet normal -0.549309 -0.756056 0.355864
    outer loop
      vertex -3.5032 -5.52016 30.8393
      vertex -4.26868 -5.15995 30.423
      vertex -3.58831 -5.65427 30.423
    endloop
  endfacet
  facet normal -0.354543 -0.37755 0.855427
    outer loop
      vertex -3.13647 -3.79134 32.3103
      vertex -3.58692 -3.36834 32.3103
      vertex -3.48089 -4.20767 31.9838
    endloop
  endfacet
  facet normal 0.117124 -0.927164 0.355877
    outer loop
      vertex 1.25485 -6.57816 30.423
      vertex 0.41052 -6.52503 30.8393
      vertex 0.420493 -6.68356 30.423
    endloop
  endfacet
  facet normal -0.498968 -0.53134 0.684623
    outer loop
      vertex -3.77041 -4.55764 31.6259
      vertex -4.3119 -4.04914 31.6259
      vertex -4.00047 -4.83573 31.2424
    endloop
  endfacet
  facet normal -0.298529 -0.543022 0.784861
    outer loop
      vertex -2.92608 -4.61076 31.9838
      vertex -3.16945 -4.99426 31.6259
      vertex -2.32512 -4.94114 31.9838
    endloop
  endfacet
  facet normal -0.708388 -0.44956 0.544134
    outer loop
      vertex -5.49969 -3.02348 31.2424
      vertex -5.72924 -3.14967 30.8393
      vertex -5.2893 -3.8429 30.8393
    endloop
  endfacet
  facet normal -0.646466 -0.534797 0.544126
    outer loop
      vertex -4.575 -4.29621 31.2424
      vertex -5.07738 -3.68893 31.2424
      vertex -4.76595 -4.47552 30.8393
    endloop
  endfacet
  facet normal 0.478 -0.869477 0.124602
    outer loop
      vertex 3.58831 -5.65427 30.423
      vertex 2.87401 -6.10758 30
      vertex 3.61683 -5.69921 30
    endloop
  endfacet
  facet normal 0.232414 -0.905177 0.355862
    outer loop
      vertex 2.02033 -6.21795 30.8393
      vertex 1.25485 -6.57816 30.423
      vertex 2.06942 -6.36901 30.423
    endloop
  endfacet
  facet normal 0.549309 -0.756056 0.355864
    outer loop
      vertex 4.26868 -5.15995 30.423
      vertex 3.5032 -5.52016 30.8393
      vertex 3.58831 -5.65427 30.423
    endloop
  endfacet
  facet normal 0.404196 -0.735225 0.544122
    outer loop
      vertex 3.5032 -5.52016 30.8393
      vertex 2.67219 -5.67869 31.2424
      vertex 2.78372 -5.9157 30.8393
    endloop
  endfacet
  facet normal 0 -0.992207 0.124601
    outer loop
      vertex -0.423836 -6.73668 30
      vertex 0.420493 -6.68356 30.423
      vertex -0.420493 -6.68356 30.423
    endloop
  endfacet
  facet normal 0 -0.992207 0.124601
    outer loop
      vertex 0.420493 -6.68356 30.423
      vertex -0.423836 -6.73668 30
      vertex 0.423836 -6.73668 30
    endloop
  endfacet
  facet normal -0.117123 -0.927165 0.355876
    outer loop
      vertex -1.22509 -6.42213 30.8393
      vertex -1.25485 -6.57816 30.423
      vertex -0.41052 -6.52503 30.8393
    endloop
  endfacet
  facet normal 0.0913541 -0.723145 0.684628
    outer loop
      vertex 1.10837 -5.8103 31.6259
      vertex 0.394073 -6.26361 31.2424
      vertex 1.176 -6.16483 31.2424
    endloop
  endfacet
  facet normal 0.128804 -0.501654 0.855425
    outer loop
      vertex 1.52053 -4.67971 32.3103
      vertex 1.02326 -5.36414 31.9838
      vertex 1.6875 -5.19359 31.9838
    endloop
  endfacet
  facet normal -0.0776646 -0.614783 0.784863
    outer loop
      vertex -0.34289 -5.45009 31.9838
      vertex -1.02326 -5.36414 31.9838
      vertex -0.371409 -5.9034 31.6259
    endloop
  endfacet
  facet normal -0.0776654 -0.614784 0.784862
    outer loop
      vertex -1.02326 -5.36414 31.9838
      vertex -1.10837 -5.8103 31.6259
      vertex -0.371409 -5.9034 31.6259
    endloop
  endfacet
  facet normal -0.124355 -0.984383 0.124601
    outer loop
      vertex -0.420493 -6.68356 30.423
      vertex -1.26482 -6.63044 30
      vertex -0.423836 -6.73668 30
    endloop
  endfacet
  facet normal -0.344029 -0.86891 0.355864
    outer loop
      vertex -2.02033 -6.21795 30.8393
      vertex -2.78372 -5.9157 30.8393
      vertex -2.06942 -6.36901 30.423
    endloop
  endfacet
  facet normal 0.508755 -0.0970518 0.855423
    outer loop
      vertex 4.88174 -0.616707 32.3103
      vertex 4.76595 -1.22369 32.3103
      vertex 5.4178 -0.684427 31.9838
    endloop
  endfacet
  facet normal 0.715987 -0.136581 0.684623
    outer loop
      vertex 5.86843 -0.741354 31.6259
      vertex 5.72924 -1.47102 31.6259
      vertex 6.07882 -1.56077 31.2424
    endloop
  endfacet
  facet normal 0.424937 -0.0267368 0.904828
    outer loop
      vertex 4.30261 0 32.6005
      vertex 4.26868 -0.53926 32.6005
      vertex 4.92054 0 32.3103
    endloop
  endfacet
  facet normal 0.309454 -0.145616 0.939699
    outer loop
      vertex 3.36284 -1.33144 32.8496
      vertex 3.16945 -1.74242 32.8496
      vertex 4.00047 -1.5839 32.6005
    endloop
  endfacet
  facet normal -0.679206 -0.723295 0.124593
    outer loop
      vertex -4.88174 -4.58426 30.423
      vertex -4.92054 -4.62069 30
      vertex -4.26868 -5.15995 30.423
    endloop
  endfacet
  facet normal 0.0937238 0.170472 0.980895
    outer loop
      vertex 1.22369 2.60048 33.0538
      vertex 0.888118 1.88735 33.2098
      vertex 1.11766 1.76115 33.2098
    endloop
  endfacet
  facet normal -0.0469625 -0.118618 0.991829
    outer loop
      vertex -0.538535 -1.14445 33.3152
      vertex -0.644567 -1.98378 33.2098
      vertex -0.390852 -1.20292 33.3152
    endloop
  endfacet
  facet normal 0.164762 0.299705 0.939697
    outer loop
      vertex 1.83196 3.89312 32.6005
      vertex 1.53997 3.27261 32.8496
      vertex 2.30545 3.63282 32.6005
    endloop
  endfacet
  facet normal 0.0977603 0.2469 0.964097
    outer loop
      vertex 1.53997 3.27261 32.8496
      vertex 0.888118 2.73335 33.0538
      vertex 1.22369 2.60048 33.0538
    endloop
  endfacet
  facet normal 0.618443 -0.0389074 0.784866
    outer loop
      vertex 5.91507 0 31.6259
      vertex 5.4178 -0.684427 31.9838
      vertex 5.86843 -0.741354 31.6259
    endloop
  endfacet
  facet normal 0.424935 0.0267347 0.904829
    outer loop
      vertex 4.88174 0.616707 32.3103
      vertex 4.26868 0.53926 32.6005
      vertex 4.92054 0 32.3103
    endloop
  endfacet
  facet normal 0.0232422 0.0587049 0.998005
    outer loop
      vertex 0.390852 1.20292 33.3152
      vertex 0.18046 0.383498 33.3683
      vertex 0.538535 1.14445 33.3152
    endloop
  endfacet
  facet normal 0.240281 0.113066 0.964096
    outer loop
      vertex 3.16945 1.74242 32.8496
      vertex 2.67219 1.05799 33.0538
      vertex 3.36284 1.33144 32.8496
    endloop
  endfacet
  facet normal 0.194151 0.0122092 0.980896
    outer loop
      vertex 2.87401 0 33.0538
      vertex 2.06942 0.261428 33.2098
      vertex 2.08586 0 33.2098
    endloop
  endfacet
  facet normal 0.26085 -0.0497601 0.964096
    outer loop
      vertex 3.58831 -0.453309 32.8496
      vertex 2.78372 -0.714737 33.0538
      vertex 3.5032 -0.899468 32.8496
    endloop
  endfacet
  facet normal 0.325265 0.105685 0.939698
    outer loop
      vertex 4.00047 1.5839 32.6005
      vertex 3.5032 0.899468 32.8496
      vertex 4.16744 1.07002 32.6005
    endloop
  endfacet
  facet normal 0.164252 0.104238 0.980895
    outer loop
      vertex 2.32512 1.6893 33.0538
      vertex 1.6875 1.22604 33.2098
      vertex 1.82786 1.00487 33.2098
    endloop
  endfacet
  facet normal 0.468634 -0.220521 0.855425
    outer loop
      vertex 4.575 -1.81137 32.3103
      vertex 4.3119 -2.37049 32.3103
      vertex 5.07738 -2.01028 31.9838
    endloop
  endfacet
  facet normal 0.19109 -0.0364524 0.980895
    outer loop
      vertex 2.85135 -0.360209 33.0538
      vertex 2.06942 -0.261428 33.2098
      vertex 2.78372 -0.714737 33.0538
    endloop
  endfacet
  facet normal 0.0243814 0.193002 0.980895
    outer loop
      vertex 0.18046 2.86834 33.0538
      vertex 0.130972 2.08175 33.2098
      vertex 0.390852 2.04892 33.2098
    endloop
  endfacet
  facet normal 0.071617 0.180873 0.980895
    outer loop
      vertex 0.888118 2.73335 33.0538
      vertex 0.644567 1.98378 33.2098
      vertex 1.22369 2.60048 33.0538
    endloop
  endfacet
  facet normal 0.0533104 0.0338309 0.998005
    outer loop
      vertex 1.02326 0.743444 33.3152
      vertex 0.34289 0.249125 33.3683
      vertex 0.371409 0.204185 33.3683
    endloop
  endfacet
  facet normal -0.0600478 0.0195132 0.998005
    outer loop
      vertex -1.176 0.465612 33.3152
      vertex -1.22509 0.314548 33.3152
      vertex -0.394073 0.156024 33.3683
    endloop
  endfacet
  facet normal 0.127933 0.232702 0.964097
    outer loop
      vertex 1.53997 3.27261 32.8496
      vertex 1.22369 2.60048 33.0538
      vertex 1.93799 3.05379 32.8496
    endloop
  endfacet
  facet normal -0.0428641 0.339309 0.939698
    outer loop
      vertex -0.270163 4.29412 32.6005
      vertex -0.806229 4.2264 32.6005
      vertex -0.227102 3.60969 32.8496
    endloop
  endfacet
  facet normal -0.224214 0.142287 0.964097
    outer loop
      vertex -2.32512 1.6893 33.0538
      vertex -3.16945 1.74242 32.8496
      vertex -2.51851 1.38456 33.0538
    endloop
  endfacet
  facet normal -0.121332 0.0394282 0.991829
    outer loop
      vertex -1.176 0.465612 33.3152
      vertex -2.02033 0.518733 33.2098
      vertex -1.22509 0.314548 33.3152
    endloop
  endfacet
  facet normal -0.26085 0.0497599 0.964096
    outer loop
      vertex -2.78372 0.714737 33.0538
      vertex -3.58831 0.453309 32.8496
      vertex -2.85135 0.360209 33.0538
    endloop
  endfacet
  facet normal -0.194151 0.0122092 0.980896
    outer loop
      vertex -2.06942 0.261428 33.2098
      vertex -2.87401 0 33.0538
      vertex -2.08586 0 33.2098
    endloop
  endfacet
  facet normal 0.837742 0.531662 0.124596
    outer loop
      vertex 5.91507 3.25184 30
      vertex 5.4178 3.93626 30.423
      vertex 5.86843 3.2262 30.423
    endloop
  endfacet
  facet normal 0.0982985 0.0813205 0.991829
    outer loop
      vertex 1.52053 1.42787 33.2098
      vertex 1.02326 0.743444 33.3152
      vertex 1.6875 1.22604 33.2098
    endloop
  endfacet
  facet normal 0.164765 0.299698 0.939699
    outer loop
      vertex 2.30545 3.63282 32.6005
      vertex 1.53997 3.27261 32.8496
      vertex 1.93799 3.05379 32.8496
    endloop
  endfacet
  facet normal 0.845597 0.397901 0.355866
    outer loop
      vertex 6.2265 2.46525 30.423
      vertex 5.86843 3.2262 30.423
      vertex 6.07882 2.40677 30.8393
    endloop
  endfacet
  facet normal 0.943642 0.306615 0.124604
    outer loop
      vertex 6.27599 2.48484 30
      vertex 6.2265 2.46525 30.423
      vertex 6.53794 1.67866 30
    endloop
  endfacet
  facet normal 0.715987 0.136581 0.684623
    outer loop
      vertex 6.07882 1.56077 31.2424
      vertex 5.72924 1.47102 31.6259
      vertex 5.86843 0.741354 31.6259
    endloop
  endfacet
  facet normal 0.82414 -0.15721 0.54413
    outer loop
      vertex 6.2265 -0.78659 31.2424
      vertex 6.07882 -1.56077 31.2424
      vertex 6.48638 -0.81942 30.8393
    endloop
  endfacet
  facet normal 0.359498 0.228144 0.904827
    outer loop
      vertex 3.9808 2.89222 32.3103
      vertex 3.48089 2.52901 32.6005
      vertex 4.3119 2.37049 32.3103
    endloop
  endfacet
  facet normal 0.252557 0.0820629 0.964096
    outer loop
      vertex 3.36284 1.33144 32.8496
      vertex 2.67219 1.05799 33.0538
      vertex 3.5032 0.899468 32.8496
    endloop
  endfacet
  facet normal 0.4373 0.277517 0.855426
    outer loop
      vertex 4.41793 3.20982 31.9838
      vertex 3.9808 2.89222 32.3103
      vertex 4.78539 2.63079 31.9838
    endloop
  endfacet
  facet normal 0.615424 0.390569 0.684623
    outer loop
      vertex 5.07738 3.68893 31.2424
      vertex 4.78539 3.47679 31.6259
      vertex 5.18342 2.84961 31.6259
    endloop
  endfacet
  facet normal 0.589336 0.191493 0.784866
    outer loop
      vertex 5.49969 2.17748 31.6259
      vertex 5.2893 1.35806 31.9838
      vertex 5.72924 1.47102 31.6259
    endloop
  endfacet
  facet normal 0.693222 0.225248 0.684622
    outer loop
      vertex 6.07882 1.56077 31.2424
      vertex 5.49969 2.17748 31.6259
      vertex 5.72924 1.47102 31.6259
    endloop
  endfacet
  facet normal -0.91798 0.175119 0.355875
    outer loop
      vertex -6.48638 1.66542 30.423
      vertex -6.64397 0.839328 30.423
      vertex -6.48638 0.81942 30.8393
    endloop
  endfacet
  facet normal 0.250265 0.344461 0.904828
    outer loop
      vertex 2.63656 4.15455 32.3103
      vertex 2.30545 3.63282 32.6005
      vertex 2.74259 3.31522 32.6005
    endloop
  endfacet
  facet normal 0.19066 0.481556 0.855425
    outer loop
      vertex 1.6875 5.19359 31.9838
      vertex 1.52053 4.67971 32.3103
      vertex 2.32512 4.94114 31.9838
    endloop
  endfacet
  facet normal 0.124352 0.984384 0.124594
    outer loop
      vertex 1.26482 6.63044 30
      vertex 0.420493 6.68356 30.423
      vertex 1.25485 6.57816 30.423
    endloop
  endfacet
  facet normal 0.0913547 0.723145 0.684628
    outer loop
      vertex 0.394073 6.26361 31.2424
      vertex 0.371409 5.9034 31.6259
      vertex 1.10837 5.8103 31.6259
    endloop
  endfacet
  facet normal 0.228113 0.576151 0.784866
    outer loop
      vertex 1.82786 5.62557 31.6259
      vertex 1.6875 5.19359 31.9838
      vertex 2.32512 4.94114 31.9838
    endloop
  endfacet
  facet normal 0.117123 0.927165 0.355876
    outer loop
      vertex 1.25485 6.57816 30.423
      vertex 0.41052 6.52503 30.8393
      vertex 1.22509 6.42213 30.8393
    endloop
  endfacet
  facet normal 0.720075 0.595699 0.355859
    outer loop
      vertex 5.4178 3.93626 30.423
      vertex 4.76595 4.47552 30.8393
      vertex 5.2893 3.8429 30.8393
    endloop
  endfacet
  facet normal 0.76451 0.632453 0.124608
    outer loop
      vertex 5.46086 3.96755 30
      vertex 4.92054 4.62069 30
      vertex 5.4178 3.93626 30.423
    endloop
  endfacet
  facet normal 0.181274 0.705999 0.68462
    outer loop
      vertex 1.93939 5.96882 31.2424
      vertex 1.176 6.16483 31.2424
      vertex 1.82786 5.62557 31.6259
    endloop
  endfacet
  facet normal -0.516907 -0.0325211 0.855423
    outer loop
      vertex -4.92054 0 32.3103
      vertex -5.4178 -0.684427 31.9838
      vertex -4.88174 -0.616707 32.3103
    endloop
  endfacet
  facet normal -0.837345 -0.0526879 0.54413
    outer loop
      vertex -6.2265 -0.78659 31.2424
      vertex -6.53794 0 30.8393
      vertex -6.48638 -0.81942 30.8393
    endloop
  endfacet
  facet normal -0.508755 -0.0970518 0.855423
    outer loop
      vertex -4.88174 -0.616707 32.3103
      vertex -5.4178 -0.684427 31.9838
      vertex -4.76595 -1.22369 32.3103
    endloop
  endfacet
  facet normal -0.325265 -0.105685 0.939698
    outer loop
      vertex -3.5032 -0.899468 32.8496
      vertex -4.16744 -1.07002 32.6005
      vertex -4.00047 -1.5839 32.6005
    endloop
  endfacet
  facet normal -0.615432 -0.390567 0.684617
    outer loop
      vertex -5.18342 -2.84961 31.6259
      vertex -5.49969 -3.02348 31.2424
      vertex -5.07738 -3.68893 31.2424
    endloop
  endfacet
  facet normal -0.498962 -0.53134 0.684628
    outer loop
      vertex -4.3119 -4.04914 31.6259
      vertex -4.575 -4.29621 31.2424
      vertex -4.00047 -4.83573 31.2424
    endloop
  endfacet
  facet normal -0.932699 0.0586737 0.355851
    outer loop
      vertex -6.64397 0.839328 30.423
      vertex -6.69677 0 30.423
      vertex -6.53794 0 30.8393
    endloop
  endfacet
  facet normal -0.932689 -0.0586872 0.355875
    outer loop
      vertex -6.53794 0 30.8393
      vertex -6.64397 -0.839328 30.423
      vertex -6.48638 -0.81942 30.8393
    endloop
  endfacet
  facet normal -0.727461 0.045766 0.684621
    outer loop
      vertex -5.86843 0.741354 31.6259
      vertex -6.2265 0.78659 31.2424
      vertex -5.91507 0 31.6259
    endloop
  endfacet
  facet normal -0.618443 0.0389074 0.784866
    outer loop
      vertex -5.86843 0.741354 31.6259
      vertex -5.91507 0 31.6259
      vertex -5.4178 0.684427 31.9838
    endloop
  endfacet
  facet normal -0.328068 -0.271401 0.904827
    outer loop
      vertex -3.13647 -2.94534 32.6005
      vertex -3.9808 -2.89222 32.3103
      vertex -3.58692 -3.36834 32.3103
    endloop
  endfacet
  facet normal -0.5232 -0.33203 0.784868
    outer loop
      vertex -4.78539 -2.63079 31.9838
      vertex -5.18342 -2.84961 31.6259
      vertex -4.41793 -3.20982 31.9838
    endloop
  endfacet
  facet normal -0.0232421 -0.0587049 0.998005
    outer loop
      vertex -0.18046 -0.383498 33.3683
      vertex -0.390852 -1.20292 33.3152
      vertex -0.130972 -0.403091 33.3683
    endloop
  endfacet
  facet normal -0.252556 -0.0820608 0.964096
    outer loop
      vertex -2.78372 -0.714737 33.0538
      vertex -3.5032 -0.899468 32.8496
      vertex -2.67219 -1.05799 33.0538
    endloop
  endfacet
  facet normal -0.0982985 -0.0813205 0.991829
    outer loop
      vertex -1.02326 -0.743444 33.3152
      vertex -1.6875 -1.22604 33.2098
      vertex -1.52053 -1.42787 33.2098
    endloop
  endfacet
  facet normal -0.492577 -0.160049 0.855425
    outer loop
      vertex -4.76595 -1.22369 32.3103
      vertex -5.07738 -2.01028 31.9838
      vertex -4.575 -1.81137 32.3103
    endloop
  endfacet
  facet normal -0.341332 0.0214765 0.939697
    outer loop
      vertex -4.26868 0.53926 32.6005
      vertex -4.30261 0 32.6005
      vertex -3.61683 0 32.8496
    endloop
  endfacet
  facet normal -0.341333 0.021475 0.939697
    outer loop
      vertex -3.58831 0.453309 32.8496
      vertex -4.26868 0.53926 32.6005
      vertex -3.61683 0 32.8496
    endloop
  endfacet
  facet normal -0.309454 0.145616 0.939699
    outer loop
      vertex -3.16945 1.74242 32.8496
      vertex -4.00047 1.5839 32.6005
      vertex -3.36284 1.33144 32.8496
    endloop
  endfacet
  facet normal -0.404942 0.131574 0.904826
    outer loop
      vertex -4.00047 1.5839 32.6005
      vertex -4.76595 1.22369 32.3103
      vertex -4.16744 1.07002 32.6005
    endloop
  endfacet
  facet normal -0.399068 0.330138 0.855426
    outer loop
      vertex -3.9808 3.73822 31.9838
      vertex -4.41793 3.20982 31.9838
      vertex -3.9808 2.89222 32.3103
    endloop
  endfacet
  facet normal -0.30443 0.419007 0.855427
    outer loop
      vertex -2.63656 4.15455 32.3103
      vertex -3.48089 4.20767 31.9838
      vertex -3.13647 3.79134 32.3103
    endloop
  endfacet
  facet normal 0.0159914 0.12657 0.991829
    outer loop
      vertex 0.130972 2.08175 33.2098
      vertex 0.0794182 1.26233 33.3152
      vertex 0.237004 1.24242 33.3152
    endloop
  endfacet
  facet normal -0.071617 0.180873 0.980895
    outer loop
      vertex -0.888118 2.73335 33.0538
      vertex -1.22369 2.60048 33.0538
      vertex -0.644567 1.98378 33.2098
    endloop
  endfacet
  facet normal -0.164762 0.299705 0.939697
    outer loop
      vertex -1.83196 3.89312 32.6005
      vertex -2.30545 3.63282 32.6005
      vertex -1.53997 3.27261 32.8496
    endloop
  endfacet
  facet normal 0.0776646 0.614783 0.784863
    outer loop
      vertex 0.371409 5.9034 31.6259
      vertex 0.34289 5.45009 31.9838
      vertex 1.02326 5.36414 31.9838
    endloop
  endfacet
  facet normal -0.1288 0.501652 0.855427
    outer loop
      vertex -1.02326 5.36414 31.9838
      vertex -1.52053 4.67971 32.3103
      vertex -0.922016 4.83338 32.3103
    endloop
  endfacet
  facet normal -0.797941 0.259263 0.544125
    outer loop
      vertex -5.83527 2.31035 31.2424
      vertex -6.33253 1.62592 30.8393
      vertex -6.07882 1.56077 31.2424
    endloop
  endfacet
  facet normal -0.608691 0.116112 0.784865
    outer loop
      vertex -5.2893 1.35806 31.9838
      vertex -5.72924 1.47102 31.6259
      vertex -5.4178 0.684427 31.9838
    endloop
  endfacet
  facet normal -0.561625 0.464617 0.684623
    outer loop
      vertex -4.3119 4.04914 31.6259
      vertex -5.07738 3.68893 31.2424
      vertex -4.78539 3.47679 31.6259
    endloop
  endfacet
  facet normal -0.477467 0.394995 0.784859
    outer loop
      vertex -4.3119 4.04914 31.6259
      vertex -4.78539 3.47679 31.6259
      vertex -3.9808 3.73822 31.9838
    endloop
  endfacet
  facet normal -0.385259 0.181288 0.904826
    outer loop
      vertex -4.3119 2.37049 32.3103
      vertex -4.575 1.81137 32.3103
      vertex -4.00047 1.5839 32.6005
    endloop
  endfacet
  facet normal -0.468634 0.220521 0.855425
    outer loop
      vertex -4.3119 2.37049 32.3103
      vertex -5.07738 2.01028 31.9838
      vertex -4.575 1.81137 32.3103
    endloop
  endfacet
  facet normal -0.399069 0.330138 0.855426
    outer loop
      vertex -3.9808 3.73822 31.9838
      vertex -3.9808 2.89222 32.3103
      vertex -3.58692 3.36834 32.3103
    endloop
  endfacet
  facet normal -0.424198 0.451722 0.784859
    outer loop
      vertex -3.48089 4.20767 31.9838
      vertex -4.3119 4.04914 31.6259
      vertex -3.9808 3.73822 31.9838
    endloop
  endfacet
  facet normal -0.917982 0.175117 0.35587
    outer loop
      vertex -6.48638 1.66542 30.423
      vertex -6.48638 0.81942 30.8393
      vertex -6.33253 1.62592 30.8393
    endloop
  endfacet
  facet normal -0.789056 0.500754 0.355859
    outer loop
      vertex -5.4178 3.93626 30.423
      vertex -5.72924 3.14967 30.8393
      vertex -5.2893 3.8429 30.8393
    endloop
  endfacet
  facet normal -0.943642 0.306615 0.124604
    outer loop
      vertex -6.27599 2.48484 30
      vertex -6.53794 1.67866 30
      vertex -6.2265 2.46525 30.423
    endloop
  endfacet
  facet normal -0.365255 0.922532 0.124594
    outer loop
      vertex -2.08586 6.41963 30
      vertex -2.87401 6.10758 30
      vertex -2.06942 6.36901 30.423
    endloop
  endfacet
  facet normal -0.246755 0.961035 0.124596
    outer loop
      vertex -1.26482 6.63044 30
      vertex -2.08586 6.41963 30
      vertex -2.06942 6.36901 30.423
    endloop
  endfacet
  facet normal -0.646459 0.534798 0.544134
    outer loop
      vertex -4.76595 4.47552 30.8393
      vertex -5.2893 3.8429 30.8393
      vertex -5.07738 3.68893 31.2424
    endloop
  endfacet
  facet normal -0.845593 0.397903 0.355872
    outer loop
      vertex -5.86843 3.2262 30.423
      vertex -6.07882 2.40677 30.8393
      vertex -5.72924 3.14967 30.8393
    endloop
  endfacet
  facet normal -0.478 0.869477 0.124602
    outer loop
      vertex -2.87401 6.10758 30
      vertex -3.61683 5.69921 30
      vertex -3.58831 5.65427 30.423
    endloop
  endfacet
  facet normal -0.583206 0.802711 0.124603
    outer loop
      vertex -3.61683 5.69921 30
      vertex -4.26868 5.15995 30.423
      vertex -3.58831 5.65427 30.423
    endloop
  endfacet
  facet normal -0.845597 0.397901 0.355866
    outer loop
      vertex -5.86843 3.2262 30.423
      vertex -6.2265 2.46525 30.423
      vertex -6.07882 2.40677 30.8393
    endloop
  endfacet
  facet normal -0.679209 0.72329 0.124604
    outer loop
      vertex -4.30261 5.20096 30
      vertex -4.92054 4.62069 30
      vertex -4.26868 5.15995 30.423
    endloop
  endfacet
  facet normal -0.344028 0.86891 0.355865
    outer loop
      vertex -2.06942 6.36901 30.423
      vertex -2.85135 6.05942 30.423
      vertex -2.78372 5.9157 30.8393
    endloop
  endfacet
  facet normal -0.208655 0.812638 0.544135
    outer loop
      vertex -1.176 6.16483 31.2424
      vertex -2.02033 6.21795 30.8393
      vertex -1.93939 5.96882 31.2424
    endloop
  endfacet
  facet normal -0.154106 0.600197 0.784866
    outer loop
      vertex -1.02326 5.36414 31.9838
      vertex -1.82786 5.62557 31.6259
      vertex -1.6875 5.19359 31.9838
    endloop
  endfacet
  facet normal -0.26833 0.677695 0.684638
    outer loop
      vertex -1.82786 5.62557 31.6259
      vertex -2.67219 5.67869 31.2424
      vertex -2.51851 5.35211 31.6259
    endloop
  endfacet
  facet normal 0.679206 -0.723295 0.124593
    outer loop
      vertex 4.88174 -4.58426 30.423
      vertex 4.26868 -5.15995 30.423
      vertex 4.92054 -4.62069 30
    endloop
  endfacet
  facet normal 0.328068 -0.271401 0.904827
    outer loop
      vertex 3.9808 -2.89222 32.3103
      vertex 3.13647 -2.94534 32.6005
      vertex 3.58692 -3.36834 32.3103
    endloop
  endfacet
  facet normal 0.693222 -0.225248 0.684622
    outer loop
      vertex 5.72924 -1.47102 31.6259
      vertex 5.49969 -2.17748 31.6259
      vertex 6.07882 -1.56077 31.2424
    endloop
  endfacet
  facet normal 0.20461 -0.169268 0.964097
    outer loop
      vertex 2.92608 -2.12592 32.8496
      vertex 2.09506 -1.96739 33.0538
      vertex 2.63656 -2.47589 32.8496
    endloop
  endfacet
  facet normal 0.291466 -0.310378 0.904828
    outer loop
      vertex 3.13647 -2.94534 32.6005
      vertex 2.74259 -3.31522 32.6005
      vertex 3.58692 -3.36834 32.3103
    endloop
  endfacet
  facet normal 0.708388 -0.44956 0.544134
    outer loop
      vertex 5.49969 -3.02348 31.2424
      vertex 5.2893 -3.8429 30.8393
      vertex 5.72924 -3.14967 30.8393
    endloop
  endfacet
  facet normal 0.789056 -0.500754 0.355859
    outer loop
      vertex 5.72924 -3.14967 30.8393
      vertex 5.2893 -3.8429 30.8393
      vertex 5.4178 -3.93626 30.423
    endloop
  endfacet
  facet normal 0.493147 -0.678766 0.544135
    outer loop
      vertex 4.00047 -4.83573 31.2424
      vertex 3.36284 -5.29899 31.2424
      vertex 3.5032 -5.52016 30.8393
    endloop
  endfacet
  facet normal 0.493143 -0.678766 0.544138
    outer loop
      vertex 4.00047 -4.83573 31.2424
      vertex 3.5032 -5.52016 30.8393
      vertex 4.16744 -5.03757 30.8393
    endloop
  endfacet
  facet normal 0.764516 -0.632448 0.124594
    outer loop
      vertex 5.4178 -3.93626 30.423
      vertex 4.88174 -4.58426 30.423
      vertex 4.92054 -4.62069 30
    endloop
  endfacet
  facet normal 0.639724 -0.681251 0.35588
    outer loop
      vertex 4.76595 -4.47552 30.8393
      vertex 4.26868 -5.15995 30.423
      vertex 4.88174 -4.58426 30.423
    endloop
  endfacet
  facet normal 0.837742 -0.531662 0.124596
    outer loop
      vertex 5.86843 -3.2262 30.423
      vertex 5.4178 -3.93626 30.423
      vertex 5.91507 -3.25184 30
    endloop
  endfacet
  facet normal 0.824144 -0.157216 0.544123
    outer loop
      vertex 6.48638 -0.81942 30.8393
      vertex 6.07882 -1.56077 31.2424
      vertex 6.33253 -1.62592 30.8393
    endloop
  endfacet
  facet normal 0.917982 -0.175117 0.35587
    outer loop
      vertex 6.48638 -0.81942 30.8393
      vertex 6.33253 -1.62592 30.8393
      vertex 6.48638 -1.66542 30.423
    endloop
  endfacet
  facet normal 0.99025 -0.0623062 0.124588
    outer loop
      vertex 6.75 0 30
      vertex 6.64397 -0.839328 30.423
      vertex 6.69677 -0.845999 30
    endloop
  endfacet
  facet normal 0.974636 -0.185912 0.124589
    outer loop
      vertex 6.64397 -0.839328 30.423
      vertex 6.53794 -1.67866 30
      vertex 6.69677 -0.845999 30
    endloop
  endfacet
  facet normal 0.797941 -0.259263 0.544125
    outer loop
      vertex 6.33253 -1.62592 30.8393
      vertex 5.83527 -2.31035 31.2424
      vertex 6.07882 -2.40677 30.8393
    endloop
  endfacet
  facet normal 0.797941 -0.259263 0.544125
    outer loop
      vertex 6.07882 -1.56077 31.2424
      vertex 5.83527 -2.31035 31.2424
      vertex 6.33253 -1.62592 30.8393
    endloop
  endfacet
  facet normal 0.615424 -0.390569 0.684623
    outer loop
      vertex 5.18342 -2.84961 31.6259
      vertex 4.78539 -3.47679 31.6259
      vertex 5.07738 -3.68893 31.2424
    endloop
  endfacet
  facet normal 0.354543 -0.37755 0.855427
    outer loop
      vertex 3.58692 -3.36834 32.3103
      vertex 3.13647 -3.79134 32.3103
      vertex 3.48089 -4.20767 31.9838
    endloop
  endfacet
  facet normal 0.608691 0.116112 0.784865
    outer loop
      vertex 5.72924 1.47102 31.6259
      vertex 5.2893 1.35806 31.9838
      vertex 5.4178 0.684427 31.9838
    endloop
  endfacet
  facet normal 0.589342 0.19149 0.784862
    outer loop
      vertex 5.49969 2.17748 31.6259
      vertex 5.07738 2.01028 31.9838
      vertex 5.2893 1.35806 31.9838
    endloop
  endfacet
  facet normal 0.508753 -0.0970481 0.855425
    outer loop
      vertex 5.4178 -0.684427 31.9838
      vertex 4.76595 -1.22369 32.3103
      vertex 5.2893 -1.35806 31.9838
    endloop
  endfacet
  facet normal 0.608689 -0.116113 0.784866
    outer loop
      vertex 5.86843 -0.741354 31.6259
      vertex 5.4178 -0.684427 31.9838
      vertex 5.72924 -1.47102 31.6259
    endloop
  endfacet
  facet normal 0.990248 0.062294 0.124612
    outer loop
      vertex 6.75 0 30
      vertex 6.64397 0.839328 30.423
      vertex 6.69677 0 30.423
    endloop
  endfacet
  facet normal 0.99025 0.0623062 0.124588
    outer loop
      vertex 6.69677 0.845999 30
      vertex 6.64397 0.839328 30.423
      vertex 6.75 0 30
    endloop
  endfacet
  facet normal 0.91798 0.175119 0.355875
    outer loop
      vertex 6.48638 1.66542 30.423
      vertex 6.48638 0.81942 30.8393
      vertex 6.64397 0.839328 30.423
    endloop
  endfacet
  facet normal 0.932689 0.0586872 0.355875
    outer loop
      vertex 6.64397 0.839328 30.423
      vertex 6.48638 0.81942 30.8393
      vertex 6.53794 0 30.8393
    endloop
  endfacet
  facet normal 0.0571291 0.0268843 0.998005
    outer loop
      vertex 1.10837 0.609333 33.3152
      vertex 0.371409 0.204185 33.3683
      vertex 0.394073 0.156024 33.3683
    endloop
  endfacet
  facet normal -0.114348 -0.157382 0.980895
    outer loop
      vertex -1.32958 -1.60719 33.2098
      vertex -1.83196 -2.21446 33.0538
      vertex -1.53997 -2.42661 33.0538
    endloop
  endfacet
  facet normal -0.0432216 -0.0460259 0.998005
    outer loop
      vertex -0.308963 -0.290135 33.3683
      vertex -0.806229 -0.974563 33.3152
      vertex -0.270163 -0.326571 33.3683
    endloop
  endfacet
  facet normal 0.048377 0.188425 0.980895
    outer loop
      vertex 0.888118 2.73335 33.0538
      vertex 0.390852 2.04892 33.2098
      vertex 0.644567 1.98378 33.2098
    endloop
  endfacet
  facet normal 0.0332856 -0.263456 0.964097
    outer loop
      vertex 0.538535 -2.8231 33.0538
      vertex 0.18046 -2.86834 33.0538
      vertex 0.677726 -3.55277 32.8496
    endloop
  endfacet
  facet normal 0.0159893 -0.12657 0.991829
    outer loop
      vertex 0.237004 -1.24242 33.3152
      vertex 0.130972 -2.08175 33.2098
      vertex 0.390852 -2.04892 33.2098
    endloop
  endfacet
  facet normal 0.204609 -0.16927 0.964097
    outer loop
      vertex 2.32512 -1.6893 33.0538
      vertex 2.09506 -1.96739 33.0538
      vertex 2.92608 -2.12592 32.8496
    endloop
  endfacet
  facet normal 0.133171 -0.141811 0.980895
    outer loop
      vertex 2.09506 -1.96739 33.0538
      vertex 1.32958 -1.60719 33.2098
      vertex 1.83196 -2.21446 33.0538
    endloop
  endfacet
  facet normal -0.194152 -0.0122137 0.980895
    outer loop
      vertex -2.06942 -0.261428 33.2098
      vertex -2.87401 0 33.0538
      vertex -2.85135 -0.360209 33.0538
    endloop
  endfacet
  facet normal -0.194152 0.0122137 0.980895
    outer loop
      vertex -2.85135 0.360209 33.0538
      vertex -2.87401 0 33.0538
      vertex -2.06942 0.261428 33.2098
    endloop
  endfacet
  facet normal -0.0977547 -0.246907 0.964096
    outer loop
      vertex -0.888118 -2.73335 33.0538
      vertex -1.53997 -3.27261 32.8496
      vertex -1.11766 -3.43981 32.8496
    endloop
  endfacet
  facet normal 0.154106 -0.600197 0.784866
    outer loop
      vertex 1.6875 -5.19359 31.9838
      vertex 1.02326 -5.36414 31.9838
      vertex 1.82786 -5.62557 31.6259
    endloop
  endfacet
  facet normal 0.201026 -0.276689 0.939698
    outer loop
      vertex 2.30545 -2.78682 32.8496
      vertex 2.30545 -3.63282 32.6005
      vertex 2.74259 -3.31522 32.6005
    endloop
  endfacet
  facet normal 0.0243843 -0.193002 0.980895
    outer loop
      vertex 0.390852 -2.04892 33.2098
      vertex 0.18046 -2.86834 33.0538
      vertex 0.538535 -2.8231 33.0538
    endloop
  endfacet
  facet normal -0.105886 -0.412403 0.904827
    outer loop
      vertex -0.806229 -4.2264 32.6005
      vertex -1.52053 -4.67971 32.3103
      vertex -0.922016 -4.83338 32.3103
    endloop
  endfacet
  facet normal -0.26833 -0.677695 0.684638
    outer loop
      vertex -2.51851 -5.35211 31.6259
      vertex -2.67219 -5.67869 31.2424
      vertex -1.82786 -5.62557 31.6259
    endloop
  endfacet
  facet normal -0.125897 -0.317989 0.939698
    outer loop
      vertex -1.11766 -3.43981 32.8496
      vertex -1.53997 -3.27261 32.8496
      vertex -1.32958 -4.09203 32.6005
    endloop
  endfacet
  facet normal -0.071617 -0.180873 0.980895
    outer loop
      vertex -0.644567 -1.98378 33.2098
      vertex -1.22369 -2.60048 33.0538
      vertex -0.888118 -2.73335 33.0538
    endloop
  endfacet
  facet normal 0.205118 -0.373112 0.904828
    outer loop
      vertex 2.30545 -3.63282 32.6005
      vertex 1.83196 -3.89312 32.6005
      vertex 2.09506 -4.45224 32.3103
    endloop
  endfacet
  facet normal 0.19066 -0.481556 0.855425
    outer loop
      vertex 2.32512 -4.94114 31.9838
      vertex 1.52053 -4.67971 32.3103
      vertex 1.6875 -5.19359 31.9838
    endloop
  endfacet
  facet normal -0.4042 -0.735214 0.544135
    outer loop
      vertex -3.36284 -5.29899 31.2424
      vertex -3.5032 -5.52016 30.8393
      vertex -2.67219 -5.67869 31.2424
    endloop
  endfacet
  facet normal -0.298527 -0.543029 0.784858
    outer loop
      vertex -2.32512 -4.94114 31.9838
      vertex -3.16945 -4.99426 31.6259
      vertex -2.51851 -5.35211 31.6259
    endloop
  endfacet
  facet normal -0.404196 -0.735225 0.544122
    outer loop
      vertex -2.67219 -5.67869 31.2424
      vertex -3.5032 -5.52016 30.8393
      vertex -2.78372 -5.9157 30.8393
    endloop
  endfacet
  facet normal -0.308861 -0.780087 0.544122
    outer loop
      vertex -2.67219 -5.67869 31.2424
      vertex -2.78372 -5.9157 30.8393
      vertex -2.02033 -6.21795 30.8393
    endloop
  endfacet
  facet normal -0.0977603 -0.2469 0.964097
    outer loop
      vertex -1.22369 -2.60048 33.0538
      vertex -1.53997 -3.27261 32.8496
      vertex -0.888118 -2.73335 33.0538
    endloop
  endfacet
  facet normal -0.359498 -0.228144 0.904827
    outer loop
      vertex -3.48089 -2.52901 32.6005
      vertex -4.3119 -2.37049 32.3103
      vertex -3.9808 -2.89222 32.3103
    endloop
  endfacet
  facet normal -0.30443 -0.419007 0.855427
    outer loop
      vertex -3.13647 -3.79134 32.3103
      vertex -3.48089 -4.20767 31.9838
      vertex -2.63656 -4.15455 32.3103
    endloop
  endfacet
  facet normal -0.428433 -0.589692 0.684623
    outer loop
      vertex -3.77041 -4.55764 31.6259
      vertex -4.00047 -4.83573 31.2424
      vertex -3.16945 -4.99426 31.6259
    endloop
  endfacet
  facet normal -0.560688 -0.26384 0.784868
    outer loop
      vertex -5.07738 -2.01028 31.9838
      vertex -5.18342 -2.84961 31.6259
      vertex -4.78539 -2.63079 31.9838
    endloop
  endfacet
  facet normal -0.708388 -0.44956 0.544134
    outer loop
      vertex -5.07738 -3.68893 31.2424
      vertex -5.49969 -3.02348 31.2424
      vertex -5.2893 -3.8429 30.8393
    endloop
  endfacet
  facet normal -0.837742 -0.531662 0.124596
    outer loop
      vertex -5.86843 -3.2262 30.423
      vertex -5.91507 -3.25184 30
      vertex -5.4178 -3.93626 30.423
    endloop
  endfacet
  facet normal -0.639747 -0.681247 0.355847
    outer loop
      vertex -4.16744 -5.03757 30.8393
      vertex -4.76595 -4.47552 30.8393
      vertex -4.26868 -5.15995 30.423
    endloop
  endfacet
  facet normal -0.845593 -0.397903 0.355872
    outer loop
      vertex -5.72924 -3.14967 30.8393
      vertex -6.07882 -2.40677 30.8393
      vertex -5.86843 -3.2262 30.423
    endloop
  endfacet
  facet normal -0.845597 -0.397901 0.355866
    outer loop
      vertex -6.07882 -2.40677 30.8393
      vertex -6.2265 -2.46525 30.423
      vertex -5.86843 -3.2262 30.423
    endloop
  endfacet
  facet normal 0.365258 -0.92253 0.1246
    outer loop
      vertex 2.85135 -6.05942 30.423
      vertex 2.06942 -6.36901 30.423
      vertex 2.87401 -6.10758 30
    endloop
  endfacet
  facet normal 0.351137 -0.638728 0.684638
    outer loop
      vertex 3.16945 -4.99426 31.6259
      vertex 2.51851 -5.35211 31.6259
      vertex 2.67219 -5.67869 31.2424
    endloop
  endfacet
  facet normal 0.351158 -0.638735 0.684621
    outer loop
      vertex 3.16945 -4.99426 31.6259
      vertex 2.67219 -5.67869 31.2424
      vertex 3.36284 -5.29899 31.2424
    endloop
  endfacet
  facet normal 0.268321 -0.677716 0.68462
    outer loop
      vertex 2.67219 -5.67869 31.2424
      vertex 1.82786 -5.62557 31.6259
      vertex 1.93939 -5.96882 31.2424
    endloop
  endfacet
  facet normal 0.181274 -0.705999 0.68462
    outer loop
      vertex 1.82786 -5.62557 31.6259
      vertex 1.176 -6.16483 31.2424
      vertex 1.93939 -5.96882 31.2424
    endloop
  endfacet
  facet normal 0.105155 -0.83239 0.544123
    outer loop
      vertex 1.176 -6.16483 31.2424
      vertex 0.394073 -6.26361 31.2424
      vertex 1.22509 -6.42213 30.8393
    endloop
  endfacet
  facet normal -0.105152 -0.832394 0.544118
    outer loop
      vertex -0.394073 -6.26361 31.2424
      vertex -1.22509 -6.42213 30.8393
      vertex -0.41052 -6.52503 30.8393
    endloop
  endfacet
  facet normal 0.181265 -0.705994 0.684628
    outer loop
      vertex 1.82786 -5.62557 31.6259
      vertex 1.10837 -5.8103 31.6259
      vertex 1.176 -6.16483 31.2424
    endloop
  endfacet
  facet normal 0.154103 -0.600203 0.784862
    outer loop
      vertex 1.82786 -5.62557 31.6259
      vertex 1.02326 -5.36414 31.9838
      vertex 1.10837 -5.8103 31.6259
    endloop
  endfacet
  facet normal -0.128804 -0.501654 0.855425
    outer loop
      vertex -1.52053 -4.67971 32.3103
      vertex -1.6875 -5.19359 31.9838
      vertex -1.02326 -5.36414 31.9838
    endloop
  endfacet
  facet normal 0 -0.728893 0.684627
    outer loop
      vertex -0.394073 -6.26361 31.2424
      vertex 0.371409 -5.9034 31.6259
      vertex -0.371409 -5.9034 31.6259
    endloop
  endfacet
  facet normal 0 -0.728893 0.684627
    outer loop
      vertex 0.371409 -5.9034 31.6259
      vertex -0.394073 -6.26361 31.2424
      vertex 0.394073 -6.26361 31.2424
    endloop
  endfacet
  facet normal 0.0776646 -0.614783 0.784863
    outer loop
      vertex 1.02326 -5.36414 31.9838
      vertex 0.34289 -5.45009 31.9838
      vertex 0.371409 -5.9034 31.6259
    endloop
  endfacet
  facet normal 0.124355 -0.984383 0.124601
    outer loop
      vertex 1.26482 -6.63044 30
      vertex 0.420493 -6.68356 30.423
      vertex 0.423836 -6.73668 30
    endloop
  endfacet
  facet normal -0.181265 -0.705994 0.684628
    outer loop
      vertex -1.10837 -5.8103 31.6259
      vertex -1.82786 -5.62557 31.6259
      vertex -1.176 -6.16483 31.2424
    endloop
  endfacet
  facet normal -0.0913541 -0.723145 0.684628
    outer loop
      vertex -1.10837 -5.8103 31.6259
      vertex -1.176 -6.16483 31.2424
      vertex -0.394073 -6.26361 31.2424
    endloop
  endfacet
  facet normal -0.478002 -0.869476 0.124599
    outer loop
      vertex -2.85135 -6.05942 30.423
      vertex -3.58831 -5.65427 30.423
      vertex -2.87401 -6.10758 30
    endloop
  endfacet
  facet normal -0.344028 -0.86891 0.355865
    outer loop
      vertex -2.78372 -5.9157 30.8393
      vertex -2.85135 -6.05942 30.423
      vertex -2.06942 -6.36901 30.423
    endloop
  endfacet
  facet normal 0.618444 -0.0389087 0.784865
    outer loop
      vertex 5.46086 0 31.9838
      vertex 5.4178 -0.684427 31.9838
      vertex 5.91507 0 31.6259
    endloop
  endfacet
  facet normal 0.516908 -0.0325207 0.855423
    outer loop
      vertex 5.46086 0 31.9838
      vertex 4.92054 0 32.3103
      vertex 5.4178 -0.684427 31.9838
    endloop
  endfacet
  facet normal 0.589336 -0.191493 0.784866
    outer loop
      vertex 5.72924 -1.47102 31.6259
      vertex 5.2893 -1.35806 31.9838
      vertex 5.49969 -2.17748 31.6259
    endloop
  endfacet
  facet normal 0.492578 -0.160049 0.855425
    outer loop
      vertex 5.2893 -1.35806 31.9838
      vertex 4.76595 -1.22369 32.3103
      vertex 5.07738 -2.01028 31.9838
    endloop
  endfacet
  facet normal 0.204609 0.16927 0.964097
    outer loop
      vertex 2.92608 2.12592 32.8496
      vertex 2.09506 1.96739 33.0538
      vertex 2.32512 1.6893 33.0538
    endloop
  endfacet
  facet normal -0.0749893 0.103209 0.991829
    outer loop
      vertex -0.677726 1.06793 33.3152
      vertex -1.32958 1.60719 33.2098
      vertex -0.806229 0.974563 33.3152
    endloop
  endfacet
  facet normal 0.107716 0.068359 0.991829
    outer loop
      vertex 1.6875 1.22604 33.2098
      vertex 1.02326 0.743444 33.3152
      vertex 1.82786 1.00487 33.2098
    endloop
  endfacet
  facet normal 0.149892 0.124003 0.980895
    outer loop
      vertex 2.09506 1.96739 33.0538
      vertex 1.6875 1.22604 33.2098
      vertex 2.32512 1.6893 33.0538
    endloop
  endfacet
  facet normal -0.127325 0.00800778 0.991829
    outer loop
      vertex -1.25485 0.158524 33.3152
      vertex -2.06942 0.261428 33.2098
      vertex -1.26482 0 33.3152
    endloop
  endfacet
  facet normal 0.26352 0.218004 0.939698
    outer loop
      vertex 3.13647 2.94534 32.6005
      vertex 2.92608 2.12592 32.8496
      vertex 3.48089 2.52901 32.6005
    endloop
  endfacet
  facet normal 0.291466 0.310378 0.904828
    outer loop
      vertex 3.58692 3.36834 32.3103
      vertex 2.74259 3.31522 32.6005
      vertex 3.13647 2.94534 32.6005
    endloop
  endfacet
  facet normal 0.354545 0.37755 0.855426
    outer loop
      vertex 3.9808 3.73822 31.9838
      vertex 3.48089 4.20767 31.9838
      vertex 3.58692 3.36834 32.3103
    endloop
  endfacet
  facet normal 0.354543 0.37755 0.855427
    outer loop
      vertex 3.48089 4.20767 31.9838
      vertex 3.13647 3.79134 32.3103
      vertex 3.58692 3.36834 32.3103
    endloop
  endfacet
  facet normal 0.325263 0.105687 0.939699
    outer loop
      vertex 4.00047 1.5839 32.6005
      vertex 3.36284 1.33144 32.8496
      vertex 3.5032 0.899468 32.8496
    endloop
  endfacet
  facet normal 0.404942 0.131574 0.904826
    outer loop
      vertex 4.76595 1.22369 32.3103
      vertex 4.00047 1.5839 32.6005
      vertex 4.16744 1.07002 32.6005
    endloop
  endfacet
  facet normal 0.26085 -0.0497599 0.964096
    outer loop
      vertex 2.85135 -0.360209 33.0538
      vertex 2.78372 -0.714737 33.0538
      vertex 3.58831 -0.453309 32.8496
    endloop
  endfacet
  facet normal 0.0630139 -0.00396561 0.998005
    outer loop
      vertex 0.423836 0 33.3683
      vertex 0.420493 -0.0531206 33.3683
      vertex 1.25485 -0.158524 33.3152
    endloop
  endfacet
  facet normal 0.341332 -0.0214765 0.939697
    outer loop
      vertex 4.30261 0 32.6005
      vertex 3.61683 0 32.8496
      vertex 4.26868 -0.53926 32.6005
    endloop
  endfacet
  facet normal 0.341333 0.021475 0.939697
    outer loop
      vertex 4.26868 0.53926 32.6005
      vertex 3.58831 0.453309 32.8496
      vertex 3.61683 0 32.8496
    endloop
  endfacet
  facet normal 0.335948 0.0640804 0.939698
    outer loop
      vertex 4.16744 1.07002 32.6005
      vertex 3.5032 0.899468 32.8496
      vertex 4.26868 0.53926 32.6005
    endloop
  endfacet
  facet normal 0.185013 0.0601145 0.980896
    outer loop
      vertex 2.67219 1.05799 33.0538
      vertex 2.02033 0.518733 33.2098
      vertex 2.78372 0.714737 33.0538
    endloop
  endfacet
  facet normal 0.194151 -0.0122092 0.980896
    outer loop
      vertex 2.08586 0 33.2098
      vertex 2.06942 -0.261428 33.2098
      vertex 2.87401 0 33.0538
    endloop
  endfacet
  facet normal 0.26503 0.0166725 0.964096
    outer loop
      vertex 3.58831 0.453309 32.8496
      vertex 2.85135 0.360209 33.0538
      vertex 2.87401 0 33.0538
    endloop
  endfacet
  facet normal 0.385257 0.181289 0.904827
    outer loop
      vertex 4.3119 2.37049 32.3103
      vertex 3.77041 2.0728 32.6005
      vertex 4.00047 1.5839 32.6005
    endloop
  endfacet
  facet normal 0.288768 0.183253 0.939698
    outer loop
      vertex 3.48089 2.52901 32.6005
      vertex 2.92608 2.12592 32.8496
      vertex 3.16945 1.74242 32.8496
    endloop
  endfacet
  facet normal 0.33595 -0.0640863 0.939697
    outer loop
      vertex 3.58831 -0.453309 32.8496
      vertex 3.5032 -0.899468 32.8496
      vertex 4.26868 -0.53926 32.6005
    endloop
  endfacet
  facet normal 0.325263 -0.105687 0.939699
    outer loop
      vertex 3.5032 -0.899468 32.8496
      vertex 3.36284 -1.33144 32.8496
      vertex 4.00047 -1.5839 32.6005
    endloop
  endfacet
  facet normal -0.164254 0.104237 0.980895
    outer loop
      vertex -2.32512 1.6893 33.0538
      vertex -2.51851 1.38456 33.0538
      vertex -1.82786 1.00487 33.2098
    endloop
  endfacet
  facet normal -0.0660428 0.25721 0.964096
    outer loop
      vertex -0.677726 3.55277 32.8496
      vertex -1.11766 3.43981 32.8496
      vertex -0.888118 2.73335 33.0538
    endloop
  endfacet
  facet normal 0.0716147 0.180876 0.980895
    outer loop
      vertex 1.22369 2.60048 33.0538
      vertex 0.644567 1.98378 33.2098
      vertex 0.888118 1.88735 33.2098
    endloop
  endfacet
  facet normal 0.149892 0.124003 0.980895
    outer loop
      vertex 2.09506 1.96739 33.0538
      vertex 1.52053 1.42787 33.2098
      vertex 1.6875 1.22604 33.2098
    endloop
  endfacet
  facet normal 0.0660343 0.257208 0.964097
    outer loop
      vertex 0.677726 3.55277 32.8496
      vertex 0.538535 2.8231 33.0538
      vertex 0.888118 2.73335 33.0538
    endloop
  endfacet
  facet normal 0.0332856 0.263456 0.964097
    outer loop
      vertex 0.677726 3.55277 32.8496
      vertex 0.18046 2.86834 33.0538
      vertex 0.538535 2.8231 33.0538
    endloop
  endfacet
  facet normal -0.191087 0.0364566 0.980896
    outer loop
      vertex -2.02033 0.518733 33.2098
      vertex -2.78372 0.714737 33.0538
      vertex -2.06942 0.261428 33.2098
    endloop
  endfacet
  facet normal -0.0620202 -0.0118305 0.998005
    outer loop
      vertex -0.420493 -0.0531206 33.3683
      vertex -1.22509 -0.314548 33.3152
      vertex -0.41052 -0.105403 33.3683
    endloop
  endfacet
  facet normal -0.240276 0.113071 0.964097
    outer loop
      vertex -2.51851 1.38456 33.0538
      vertex -3.16945 1.74242 32.8496
      vertex -2.67219 1.05799 33.0538
    endloop
  endfacet
  facet normal 0.583206 0.802711 0.124603
    outer loop
      vertex 3.61683 5.69921 30
      vertex 3.58831 5.65427 30.423
      vertex 4.26868 5.15995 30.423
    endloop
  endfacet
  facet normal 0.18178 0.193578 0.964097
    outer loop
      vertex 2.30545 2.78682 32.8496
      vertex 2.09506 1.96739 33.0538
      vertex 2.63656 2.47589 32.8496
    endloop
  endfacet
  facet normal 0.085056 0.331259 0.939698
    outer loop
      vertex 1.32958 4.09203 32.6005
      vertex 0.677726 3.55277 32.8496
      vertex 1.11766 3.43981 32.8496
    endloop
  endfacet
  facet normal 0.11434 0.157384 0.980896
    outer loop
      vertex 1.53997 2.42661 33.0538
      vertex 1.11766 1.76115 33.2098
      vertex 1.32958 1.60719 33.2098
    endloop
  endfacet
  facet normal 0.114348 0.157382 0.980895
    outer loop
      vertex 1.53997 2.42661 33.0538
      vertex 1.32958 1.60719 33.2098
      vertex 1.83196 2.21446 33.0538
    endloop
  endfacet
  facet normal 0.789047 0.500758 0.355874
    outer loop
      vertex 5.86843 3.2262 30.423
      vertex 5.4178 3.93626 30.423
      vertex 5.72924 3.14967 30.8393
    endloop
  endfacet
  facet normal 0.708388 0.44956 0.544134
    outer loop
      vertex 5.2893 3.8429 30.8393
      vertex 5.07738 3.68893 31.2424
      vertex 5.49969 3.02348 31.2424
    endloop
  endfacet
  facet normal 0.418241 0.0797774 0.904826
    outer loop
      vertex 4.76595 1.22369 32.3103
      vertex 4.16744 1.07002 32.6005
      vertex 4.26868 0.53926 32.6005
    endloop
  endfacet
  facet normal 0.418234 0.0797836 0.904829
    outer loop
      vertex 4.76595 1.22369 32.3103
      vertex 4.26868 0.53926 32.6005
      vertex 4.88174 0.616707 32.3103
    endloop
  endfacet
  facet normal 0.385259 0.181288 0.904826
    outer loop
      vertex 4.3119 2.37049 32.3103
      vertex 4.00047 1.5839 32.6005
      vertex 4.575 1.81137 32.3103
    endloop
  endfacet
  facet normal 0.492578 0.160049 0.855425
    outer loop
      vertex 5.07738 2.01028 31.9838
      vertex 4.76595 1.22369 32.3103
      vertex 5.2893 1.35806 31.9838
    endloop
  endfacet
  facet normal 0.523203 0.332043 0.784861
    outer loop
      vertex 4.78539 3.47679 31.6259
      vertex 4.41793 3.20982 31.9838
      vertex 5.18342 2.84961 31.6259
    endloop
  endfacet
  facet normal 0.477466 0.394994 0.78486
    outer loop
      vertex 4.78539 3.47679 31.6259
      vertex 3.9808 3.73822 31.9838
      vertex 4.41793 3.20982 31.9838
    endloop
  endfacet
  facet normal 0.560698 0.263836 0.784862
    outer loop
      vertex 5.18342 2.84961 31.6259
      vertex 5.07738 2.01028 31.9838
      vertex 5.49969 2.17748 31.6259
    endloop
  endfacet
  facet normal 0.560688 0.26384 0.784868
    outer loop
      vertex 5.18342 2.84961 31.6259
      vertex 4.78539 2.63079 31.9838
      vertex 5.07738 2.01028 31.9838
    endloop
  endfacet
  facet normal 0.298529 0.543022 0.784861
    outer loop
      vertex 3.16945 4.99426 31.6259
      vertex 2.32512 4.94114 31.9838
      vertex 2.92608 4.61076 31.9838
    endloop
  endfacet
  facet normal 0.424198 0.451722 0.784859
    outer loop
      vertex 4.3119 4.04914 31.6259
      vertex 3.48089 4.20767 31.9838
      vertex 3.9808 3.73822 31.9838
    endloop
  endfacet
  facet normal 0.128804 0.501654 0.855425
    outer loop
      vertex 1.6875 5.19359 31.9838
      vertex 1.02326 5.36414 31.9838
      vertex 1.52053 4.67971 32.3103
    endloop
  endfacet
  facet normal -0.0649157 0.513838 0.855428
    outer loop
      vertex -0.308963 4.91083 32.3103
      vertex -1.02326 5.36414 31.9838
      vertex -0.922016 4.83338 32.3103
    endloop
  endfacet
  facet normal 0.498968 0.53134 0.684623
    outer loop
      vertex 4.00047 4.83573 31.2424
      vertex 3.77041 4.55764 31.6259
      vertex 4.3119 4.04914 31.6259
    endloop
  endfacet
  facet normal -0.246756 0.961035 0.124594
    outer loop
      vertex -1.26482 6.63044 30
      vertex -2.06942 6.36901 30.423
      vertex -1.25485 6.57816 30.423
    endloop
  endfacet
  facet normal 0 0.934533 0.355877
    outer loop
      vertex 0.420493 6.68356 30.423
      vertex -0.41052 6.52503 30.8393
      vertex 0.41052 6.52503 30.8393
    endloop
  endfacet
  facet normal 0 0.934533 0.355877
    outer loop
      vertex -0.41052 6.52503 30.8393
      vertex 0.420493 6.68356 30.423
      vertex -0.420493 6.68356 30.423
    endloop
  endfacet
  facet normal 0.117124 0.927164 0.355877
    outer loop
      vertex 0.420493 6.68356 30.423
      vertex 0.41052 6.52503 30.8393
      vertex 1.25485 6.57816 30.423
    endloop
  endfacet
  facet normal -0.0649127 0.513842 0.855426
    outer loop
      vertex -0.34289 5.45009 31.9838
      vertex -1.02326 5.36414 31.9838
      vertex -0.308963 4.91083 32.3103
    endloop
  endfacet
  facet normal -0.0776646 0.614783 0.784863
    outer loop
      vertex -0.371409 5.9034 31.6259
      vertex -1.02326 5.36414 31.9838
      vertex -0.34289 5.45009 31.9838
    endloop
  endfacet
  facet normal -0.0977547 0.246907 0.964096
    outer loop
      vertex -1.11766 3.43981 32.8496
      vertex -1.53997 3.27261 32.8496
      vertex -0.888118 2.73335 33.0538
    endloop
  endfacet
  facet normal 0.1288 0.501652 0.855427
    outer loop
      vertex 1.02326 5.36414 31.9838
      vertex 0.922016 4.83338 32.3103
      vertex 1.52053 4.67971 32.3103
    endloop
  endfacet
  facet normal 0.708388 0.44956 0.544134
    outer loop
      vertex 5.72924 3.14967 30.8393
      vertex 5.2893 3.8429 30.8393
      vertex 5.49969 3.02348 31.2424
    endloop
  endfacet
  facet normal 0.679209 0.72329 0.124604
    outer loop
      vertex 4.30261 5.20096 30
      vertex 4.26868 5.15995 30.423
      vertex 4.92054 4.62069 30
    endloop
  endfacet
  facet normal 0.549309 0.756056 0.355864
    outer loop
      vertex 3.58831 5.65427 30.423
      vertex 3.5032 5.52016 30.8393
      vertex 4.26868 5.15995 30.423
    endloop
  endfacet
  facet normal 0.365258 0.92253 0.1246
    outer loop
      vertex 2.87401 6.10758 30
      vertex 2.06942 6.36901 30.423
      vertex 2.85135 6.05942 30.423
    endloop
  endfacet
  facet normal -0.589336 -0.191493 0.784866
    outer loop
      vertex -5.2893 -1.35806 31.9838
      vertex -5.72924 -1.47102 31.6259
      vertex -5.49969 -2.17748 31.6259
    endloop
  endfacet
  facet normal -0.608689 -0.116113 0.784866
    outer loop
      vertex -5.4178 -0.684427 31.9838
      vertex -5.86843 -0.741354 31.6259
      vertex -5.72924 -1.47102 31.6259
    endloop
  endfacet
  facet normal -0.589342 -0.19149 0.784862
    outer loop
      vertex -5.2893 -1.35806 31.9838
      vertex -5.49969 -2.17748 31.6259
      vertex -5.07738 -2.01028 31.9838
    endloop
  endfacet
  facet normal -0.561624 -0.464611 0.684628
    outer loop
      vertex -4.3119 -4.04914 31.6259
      vertex -5.07738 -3.68893 31.2424
      vertex -4.575 -4.29621 31.2424
    endloop
  endfacet
  facet normal -0.560698 -0.263836 0.784862
    outer loop
      vertex -5.07738 -2.01028 31.9838
      vertex -5.49969 -2.17748 31.6259
      vertex -5.18342 -2.84961 31.6259
    endloop
  endfacet
  facet normal -0.659522 -0.310337 0.684633
    outer loop
      vertex -5.49969 -2.17748 31.6259
      vertex -5.83527 -2.31035 31.2424
      vertex -5.18342 -2.84961 31.6259
    endloop
  endfacet
  facet normal -0.888798 0.288788 0.355864
    outer loop
      vertex -6.2265 2.46525 30.423
      vertex -6.48638 1.66542 30.423
      vertex -6.07882 2.40677 30.8393
    endloop
  endfacet
  facet normal -0.693222 0.225248 0.684622
    outer loop
      vertex -5.49969 2.17748 31.6259
      vertex -6.07882 1.56077 31.2424
      vertex -5.72924 1.47102 31.6259
    endloop
  endfacet
  facet normal -0.837341 -0.0526831 0.544137
    outer loop
      vertex -6.27599 0 31.2424
      vertex -6.53794 0 30.8393
      vertex -6.2265 -0.78659 31.2424
    endloop
  endfacet
  facet normal -0.837341 0.0526831 0.544137
    outer loop
      vertex -6.2265 0.78659 31.2424
      vertex -6.53794 0 30.8393
      vertex -6.27599 0 31.2424
    endloop
  endfacet
  facet normal -0.608691 -0.116112 0.784865
    outer loop
      vertex -5.4178 -0.684427 31.9838
      vertex -5.72924 -1.47102 31.6259
      vertex -5.2893 -1.35806 31.9838
    endloop
  endfacet
  facet normal -0.404942 -0.131574 0.904826
    outer loop
      vertex -4.16744 -1.07002 32.6005
      vertex -4.76595 -1.22369 32.3103
      vertex -4.00047 -1.5839 32.6005
    endloop
  endfacet
  facet normal -0.516907 0.0325211 0.855423
    outer loop
      vertex -4.88174 0.616707 32.3103
      vertex -5.4178 0.684427 31.9838
      vertex -4.92054 0 32.3103
    endloop
  endfacet
  facet normal -0.589336 0.191493 0.784866
    outer loop
      vertex -5.49969 2.17748 31.6259
      vertex -5.72924 1.47102 31.6259
      vertex -5.2893 1.35806 31.9838
    endloop
  endfacet
  facet normal -0.328068 -0.271403 0.904827
    outer loop
      vertex -3.48089 -2.52901 32.6005
      vertex -3.9808 -2.89222 32.3103
      vertex -3.13647 -2.94534 32.6005
    endloop
  endfacet
  facet normal -0.291466 -0.31038 0.904827
    outer loop
      vertex -2.74259 -3.31522 32.6005
      vertex -3.58692 -3.36834 32.3103
      vertex -3.13647 -3.79134 32.3103
    endloop
  endfacet
  facet normal -0.477466 -0.394994 0.78486
    outer loop
      vertex -4.41793 -3.20982 31.9838
      vertex -4.78539 -3.47679 31.6259
      vertex -3.9808 -3.73822 31.9838
    endloop
  endfacet
  facet normal -0.428433 -0.589694 0.684621
    outer loop
      vertex -3.16945 -4.99426 31.6259
      vertex -4.00047 -4.83573 31.2424
      vertex -3.36284 -5.29899 31.2424
    endloop
  endfacet
  facet normal -0.385257 -0.181289 0.904827
    outer loop
      vertex -4.00047 -1.5839 32.6005
      vertex -4.3119 -2.37049 32.3103
      vertex -3.77041 -2.0728 32.6005
    endloop
  endfacet
  facet normal -0.240276 -0.113071 0.964097
    outer loop
      vertex -2.67219 -1.05799 33.0538
      vertex -3.16945 -1.74242 32.8496
      vertex -2.51851 -1.38456 33.0538
    endloop
  endfacet
  facet normal -0.107716 -0.0683589 0.991829
    outer loop
      vertex -1.10837 -0.609333 33.3152
      vertex -1.82786 -1.00487 33.2098
      vertex -1.02326 -0.743444 33.3152
    endloop
  endfacet
  facet normal -0.26085 -0.0497599 0.964096
    outer loop
      vertex -2.85135 -0.360209 33.0538
      vertex -3.58831 -0.453309 32.8496
      vertex -2.78372 -0.714737 33.0538
    endloop
  endfacet
  facet normal -0.418241 0.0797774 0.904826
    outer loop
      vertex -4.16744 1.07002 32.6005
      vertex -4.76595 1.22369 32.3103
      vertex -4.26868 0.53926 32.6005
    endloop
  endfacet
  facet normal -0.325265 0.105685 0.939698
    outer loop
      vertex -4.00047 1.5839 32.6005
      vertex -4.16744 1.07002 32.6005
      vertex -3.5032 0.899468 32.8496
    endloop
  endfacet
  facet normal -0.424935 0.0267347 0.904829
    outer loop
      vertex -4.88174 0.616707 32.3103
      vertex -4.92054 0 32.3103
      vertex -4.26868 0.53926 32.6005
    endloop
  endfacet
  facet normal -0.418234 0.0797836 0.904829
    outer loop
      vertex -4.76595 1.22369 32.3103
      vertex -4.88174 0.616707 32.3103
      vertex -4.26868 0.53926 32.6005
    endloop
  endfacet
  facet normal -0.424937 0.0267368 0.904828
    outer loop
      vertex -4.26868 0.53926 32.6005
      vertex -4.92054 0 32.3103
      vertex -4.30261 0 32.6005
    endloop
  endfacet
  facet normal -0.424937 -0.0267368 0.904828
    outer loop
      vertex -4.30261 0 32.6005
      vertex -4.92054 0 32.3103
      vertex -4.26868 -0.53926 32.6005
    endloop
  endfacet
  facet normal -0.335948 0.0640804 0.939698
    outer loop
      vertex -4.16744 1.07002 32.6005
      vertex -4.26868 0.53926 32.6005
      vertex -3.5032 0.899468 32.8496
    endloop
  endfacet
  facet normal -0.33595 0.0640863 0.939697
    outer loop
      vertex -3.5032 0.899468 32.8496
      vertex -4.26868 0.53926 32.6005
      vertex -3.58831 0.453309 32.8496
    endloop
  endfacet
  facet normal -0.477466 0.394994 0.78486
    outer loop
      vertex -3.9808 3.73822 31.9838
      vertex -4.78539 3.47679 31.6259
      vertex -4.41793 3.20982 31.9838
    endloop
  endfacet
  facet normal -0.359498 0.228144 0.904827
    outer loop
      vertex -3.48089 2.52901 32.6005
      vertex -4.3119 2.37049 32.3103
      vertex -3.77041 2.0728 32.6005
    endloop
  endfacet
  facet normal -0.263521 0.218003 0.939697
    outer loop
      vertex -2.63656 2.47589 32.8496
      vertex -3.13647 2.94534 32.6005
      vertex -2.92608 2.12592 32.8496
    endloop
  endfacet
  facet normal -0.26352 0.218004 0.939698
    outer loop
      vertex -3.13647 2.94534 32.6005
      vertex -3.48089 2.52901 32.6005
      vertex -2.92608 2.12592 32.8496
    endloop
  endfacet
  facet normal -0.128804 0.501654 0.855425
    outer loop
      vertex -1.02326 5.36414 31.9838
      vertex -1.6875 5.19359 31.9838
      vertex -1.52053 4.67971 32.3103
    endloop
  endfacet
  facet normal -0.149892 0.124003 0.980895
    outer loop
      vertex -2.09506 1.96739 33.0538
      vertex -2.32512 1.6893 33.0538
      vertex -1.6875 1.22604 33.2098
    endloop
  endfacet
  facet normal -0.133171 0.141811 0.980895
    outer loop
      vertex -1.83196 2.21446 33.0538
      vertex -2.09506 1.96739 33.0538
      vertex -1.32958 1.60719 33.2098
    endloop
  endfacet
  facet normal -0.304429 0.419013 0.855425
    outer loop
      vertex -2.92608 4.61076 31.9838
      vertex -3.48089 4.20767 31.9838
      vertex -2.63656 4.15455 32.3103
    endloop
  endfacet
  facet normal 0.125903 0.31799 0.939697
    outer loop
      vertex 1.83196 3.89312 32.6005
      vertex 1.32958 4.09203 32.6005
      vertex 1.53997 3.27261 32.8496
    endloop
  endfacet
  facet normal 0.156743 0.39588 0.904826
    outer loop
      vertex 1.52053 4.67971 32.3103
      vertex 1.32958 4.09203 32.6005
      vertex 1.83196 3.89312 32.6005
    endloop
  endfacet
  facet normal -0.523203 0.332043 0.784861
    outer loop
      vertex -4.78539 3.47679 31.6259
      vertex -5.18342 2.84961 31.6259
      vertex -4.41793 3.20982 31.9838
    endloop
  endfacet
  facet normal -0.4373 0.277517 0.855426
    outer loop
      vertex -4.41793 3.20982 31.9838
      vertex -4.78539 2.63079 31.9838
      vertex -3.9808 2.89222 32.3103
    endloop
  endfacet
  facet normal -0.424198 0.451719 0.784861
    outer loop
      vertex -3.77041 4.55764 31.6259
      vertex -4.3119 4.04914 31.6259
      vertex -3.48089 4.20767 31.9838
    endloop
  endfacet
  facet normal -0.561624 0.464611 0.684628
    outer loop
      vertex -4.575 4.29621 31.2424
      vertex -5.07738 3.68893 31.2424
      vertex -4.3119 4.04914 31.6259
    endloop
  endfacet
  facet normal -0.351137 0.638728 0.684638
    outer loop
      vertex -2.67219 5.67869 31.2424
      vertex -3.16945 4.99426 31.6259
      vertex -2.51851 5.35211 31.6259
    endloop
  endfacet
  facet normal -0.19066 0.481557 0.855425
    outer loop
      vertex -1.52053 4.67971 32.3103
      vertex -2.32512 4.94114 31.9838
      vertex -2.09506 4.45224 32.3103
    endloop
  endfacet
  facet normal -0.351158 0.638735 0.684621
    outer loop
      vertex -2.67219 5.67869 31.2424
      vertex -3.36284 5.29899 31.2424
      vertex -3.16945 4.99426 31.6259
    endloop
  endfacet
  facet normal -0.4042 0.735214 0.544135
    outer loop
      vertex -2.67219 5.67869 31.2424
      vertex -3.5032 5.52016 30.8393
      vertex -3.36284 5.29899 31.2424
    endloop
  endfacet
  facet normal -0.659528 0.310357 0.684617
    outer loop
      vertex -5.49969 3.02348 31.2424
      vertex -5.83527 2.31035 31.2424
      vertex -5.18342 2.84961 31.6259
    endloop
  endfacet
  facet normal -0.615432 0.390567 0.684617
    outer loop
      vertex -5.07738 3.68893 31.2424
      vertex -5.49969 3.02348 31.2424
      vertex -5.18342 2.84961 31.6259
    endloop
  endfacet
  facet normal -0.974636 0.185912 0.124589
    outer loop
      vertex -6.53794 1.67866 30
      vertex -6.69677 0.845999 30
      vertex -6.64397 0.839328 30.423
    endloop
  endfacet
  facet normal -0.943643 0.306608 0.124619
    outer loop
      vertex -6.2265 2.46525 30.423
      vertex -6.53794 1.67866 30
      vertex -6.48638 1.66542 30.423
    endloop
  endfacet
  facet normal -0.974629 0.185926 0.124618
    outer loop
      vertex -6.53794 1.67866 30
      vertex -6.64397 0.839328 30.423
      vertex -6.48638 1.66542 30.423
    endloop
  endfacet
  facet normal -0.574339 0.611596 0.544138
    outer loop
      vertex -4.16744 5.03757 30.8393
      vertex -4.76595 4.47552 30.8393
      vertex -4.00047 4.83573 31.2424
    endloop
  endfacet
  facet normal -0.493143 0.678766 0.544138
    outer loop
      vertex -3.5032 5.52016 30.8393
      vertex -4.16744 5.03757 30.8393
      vertex -4.00047 4.83573 31.2424
    endloop
  endfacet
  facet normal -0.708388 0.44956 0.544134
    outer loop
      vertex -5.2893 3.8429 30.8393
      vertex -5.72924 3.14967 30.8393
      vertex -5.49969 3.02348 31.2424
    endloop
  endfacet
  facet normal -0.708388 0.44956 0.544134
    outer loop
      vertex -5.2893 3.8429 30.8393
      vertex -5.49969 3.02348 31.2424
      vertex -5.07738 3.68893 31.2424
    endloop
  endfacet
  facet normal -0.764516 0.632448 0.124594
    outer loop
      vertex -4.92054 4.62069 30
      vertex -5.4178 3.93626 30.423
      vertex -4.88174 4.58426 30.423
    endloop
  endfacet
  facet normal -0.76451 0.632453 0.124608
    outer loop
      vertex -4.92054 4.62069 30
      vertex -5.46086 3.96755 30
      vertex -5.4178 3.93626 30.423
    endloop
  endfacet
  facet normal -0.232414 0.905177 0.355862
    outer loop
      vertex -1.25485 6.57816 30.423
      vertex -2.06942 6.36901 30.423
      vertex -2.02033 6.21795 30.8393
    endloop
  endfacet
  facet normal -0.208649 0.812646 0.544124
    outer loop
      vertex -1.22509 6.42213 30.8393
      vertex -2.02033 6.21795 30.8393
      vertex -1.176 6.16483 31.2424
    endloop
  endfacet
  facet normal -0.478002 0.869476 0.124599
    outer loop
      vertex -2.87401 6.10758 30
      vertex -3.58831 5.65427 30.423
      vertex -2.85135 6.05942 30.423
    endloop
  endfacet
  facet normal -0.344029 0.86891 0.355864
    outer loop
      vertex -2.06942 6.36901 30.423
      vertex -2.78372 5.9157 30.8393
      vertex -2.02033 6.21795 30.8393
    endloop
  endfacet
  facet normal -0.268321 0.677716 0.68462
    outer loop
      vertex -1.93939 5.96882 31.2424
      vertex -2.67219 5.67869 31.2424
      vertex -1.82786 5.62557 31.6259
    endloop
  endfacet
  facet normal -0.181274 0.705999 0.68462
    outer loop
      vertex -1.176 6.16483 31.2424
      vertex -1.93939 5.96882 31.2424
      vertex -1.82786 5.62557 31.6259
    endloop
  endfacet
  facet normal -0.19066 0.481556 0.855425
    outer loop
      vertex -1.6875 5.19359 31.9838
      vertex -2.32512 4.94114 31.9838
      vertex -1.52053 4.67971 32.3103
    endloop
  endfacet
  facet normal -0.228113 0.576151 0.784866
    outer loop
      vertex -1.82786 5.62557 31.6259
      vertex -2.32512 4.94114 31.9838
      vertex -1.6875 5.19359 31.9838
    endloop
  endfacet
  facet normal -0.124352 -0.984384 0.124594
    outer loop
      vertex -1.25485 -6.57816 30.423
      vertex -1.26482 -6.63044 30
      vertex -0.420493 -6.68356 30.423
    endloop
  endfacet
  facet normal -0.246755 -0.961035 0.124596
    outer loop
      vertex -2.06942 -6.36901 30.423
      vertex -2.08586 -6.41963 30
      vertex -1.26482 -6.63044 30
    endloop
  endfacet
  facet normal 0.399069 -0.330138 0.855426
    outer loop
      vertex 3.9808 -2.89222 32.3103
      vertex 3.58692 -3.36834 32.3103
      vertex 3.9808 -3.73822 31.9838
    endloop
  endfacet
  facet normal 0.399068 -0.330138 0.855426
    outer loop
      vertex 3.9808 -2.89222 32.3103
      vertex 3.9808 -3.73822 31.9838
      vertex 4.41793 -3.20982 31.9838
    endloop
  endfacet
  facet normal 0.404942 -0.131574 0.904826
    outer loop
      vertex 4.76595 -1.22369 32.3103
      vertex 4.00047 -1.5839 32.6005
      vertex 4.575 -1.81137 32.3103
    endloop
  endfacet
  facet normal 0.560688 -0.26384 0.784868
    outer loop
      vertex 5.07738 -2.01028 31.9838
      vertex 4.78539 -2.63079 31.9838
      vertex 5.18342 -2.84961 31.6259
    endloop
  endfacet
  facet normal 0.359498 -0.228144 0.904827
    outer loop
      vertex 3.77041 -2.0728 32.6005
      vertex 3.48089 -2.52901 32.6005
      vertex 4.3119 -2.37049 32.3103
    endloop
  endfacet
  facet normal 0.359498 -0.228144 0.904827
    outer loop
      vertex 4.3119 -2.37049 32.3103
      vertex 3.48089 -2.52901 32.6005
      vertex 3.9808 -2.89222 32.3103
    endloop
  endfacet
  facet normal 0.250265 -0.344461 0.904828
    outer loop
      vertex 2.74259 -3.31522 32.6005
      vertex 2.30545 -3.63282 32.6005
      vertex 2.63656 -4.15455 32.3103
    endloop
  endfacet
  facet normal 0.250269 -0.344461 0.904827
    outer loop
      vertex 2.74259 -3.31522 32.6005
      vertex 2.63656 -4.15455 32.3103
      vertex 3.13647 -3.79134 32.3103
    endloop
  endfacet
  facet normal 0.549305 -0.756067 0.355847
    outer loop
      vertex 4.16744 -5.03757 30.8393
      vertex 3.5032 -5.52016 30.8393
      vertex 4.26868 -5.15995 30.423
    endloop
  endfacet
  facet normal 0.574339 -0.611596 0.544138
    outer loop
      vertex 4.76595 -4.47552 30.8393
      vertex 4.00047 -4.83573 31.2424
      vertex 4.16744 -5.03757 30.8393
    endloop
  endfacet
  facet normal 0.428433 -0.589692 0.684623
    outer loop
      vertex 3.77041 -4.55764 31.6259
      vertex 3.16945 -4.99426 31.6259
      vertex 4.00047 -4.83573 31.2424
    endloop
  endfacet
  facet normal 0.428433 -0.589694 0.684621
    outer loop
      vertex 4.00047 -4.83573 31.2424
      vertex 3.16945 -4.99426 31.6259
      vertex 3.36284 -5.29899 31.2424
    endloop
  endfacet
  facet normal 0.845593 -0.397903 0.355872
    outer loop
      vertex 6.07882 -2.40677 30.8393
      vertex 5.72924 -3.14967 30.8393
      vertex 5.86843 -3.2262 30.423
    endloop
  endfacet
  facet normal 0.789047 -0.500758 0.355874
    outer loop
      vertex 5.72924 -3.14967 30.8393
      vertex 5.4178 -3.93626 30.423
      vertex 5.86843 -3.2262 30.423
    endloop
  endfacet
  facet normal 0.888798 -0.288788 0.355864
    outer loop
      vertex 6.48638 -1.66542 30.423
      vertex 6.07882 -2.40677 30.8393
      vertex 6.2265 -2.46525 30.423
    endloop
  endfacet
  facet normal 0.943643 -0.306608 0.124619
    outer loop
      vertex 6.48638 -1.66542 30.423
      vertex 6.2265 -2.46525 30.423
      vertex 6.53794 -1.67866 30
    endloop
  endfacet
  facet normal 0.837341 0.0526831 0.544137
    outer loop
      vertex 6.53794 0 30.8393
      vertex 6.2265 0.78659 31.2424
      vertex 6.27599 0 31.2424
    endloop
  endfacet
  facet normal 0.727457 0.0457695 0.684625
    outer loop
      vertex 6.2265 0.78659 31.2424
      vertex 5.91507 0 31.6259
      vertex 6.27599 0 31.2424
    endloop
  endfacet
  facet normal 0.354545 -0.37755 0.855426
    outer loop
      vertex 3.58692 -3.36834 32.3103
      vertex 3.48089 -4.20767 31.9838
      vertex 3.9808 -3.73822 31.9838
    endloop
  endfacet
  facet normal 0.424198 -0.451722 0.784859
    outer loop
      vertex 3.9808 -3.73822 31.9838
      vertex 3.48089 -4.20767 31.9838
      vertex 4.3119 -4.04914 31.6259
    endloop
  endfacet
  facet normal 0.727461 0.045766 0.684621
    outer loop
      vertex 6.2265 0.78659 31.2424
      vertex 5.86843 0.741354 31.6259
      vertex 5.91507 0 31.6259
    endloop
  endfacet
  facet normal 0.715988 0.13658 0.684621
    outer loop
      vertex 6.07882 1.56077 31.2424
      vertex 5.86843 0.741354 31.6259
      vertex 6.2265 0.78659 31.2424
    endloop
  endfacet
  facet normal 0.418241 -0.0797774 0.904826
    outer loop
      vertex 4.26868 -0.53926 32.6005
      vertex 4.16744 -1.07002 32.6005
      vertex 4.76595 -1.22369 32.3103
    endloop
  endfacet
  facet normal 0.335948 -0.0640804 0.939698
    outer loop
      vertex 4.26868 -0.53926 32.6005
      vertex 3.5032 -0.899468 32.8496
      vertex 4.16744 -1.07002 32.6005
    endloop
  endfacet
  facet normal 0.888798 0.288788 0.355864
    outer loop
      vertex 6.2265 2.46525 30.423
      vertex 6.07882 2.40677 30.8393
      vertex 6.48638 1.66542 30.423
    endloop
  endfacet
  facet normal 0.837345 0.0526879 0.54413
    outer loop
      vertex 6.48638 0.81942 30.8393
      vertex 6.2265 0.78659 31.2424
      vertex 6.53794 0 30.8393
    endloop
  endfacet
  facet normal 0.727457 -0.0457695 0.684625
    outer loop
      vertex 6.27599 0 31.2424
      vertex 5.91507 0 31.6259
      vertex 6.2265 -0.78659 31.2424
    endloop
  endfacet
  facet normal 0.837341 -0.0526831 0.544137
    outer loop
      vertex 6.27599 0 31.2424
      vertex 6.2265 -0.78659 31.2424
      vertex 6.53794 0 30.8393
    endloop
  endfacet
  facet normal 0.0232421 0.0587049 0.998005
    outer loop
      vertex 0.390852 1.20292 33.3152
      vertex 0.130972 0.403091 33.3683
      vertex 0.18046 0.383498 33.3683
    endloop
  endfacet
  facet normal -0.149892 -0.124003 0.980895
    outer loop
      vertex -1.6875 -1.22604 33.2098
      vertex -2.09506 -1.96739 33.0538
      vertex -1.52053 -1.42787 33.2098
    endloop
  endfacet
  facet normal -0.00791344 0.0626407 0.998005
    outer loop
      vertex -0.0266123 0.422999 33.3683
      vertex -0.237004 1.24242 33.3152
      vertex -0.0794182 0.416328 33.3683
    endloop
  endfacet
  facet normal -0.107716 0.0683589 0.991829
    outer loop
      vertex -1.02326 0.743444 33.3152
      vertex -1.82786 1.00487 33.2098
      vertex -1.10837 0.609333 33.3152
    endloop
  endfacet
  facet normal 0.107716 -0.068359 0.991829
    outer loop
      vertex 1.82786 -1.00487 33.2098
      vertex 1.02326 -0.743444 33.3152
      vertex 1.6875 -1.22604 33.2098
    endloop
  endfacet
  facet normal 0.0232422 -0.0587049 0.998005
    outer loop
      vertex 0.538535 -1.14445 33.3152
      vertex 0.18046 -0.383498 33.3683
      vertex 0.390852 -1.20292 33.3152
    endloop
  endfacet
  facet normal 0.0600484 -0.01951 0.998005
    outer loop
      vertex 0.41052 -0.105403 33.3683
      vertex 0.394073 -0.156024 33.3683
      vertex 1.22509 -0.314548 33.3152
    endloop
  endfacet
  facet normal 0.156092 -0.214836 0.964096
    outer loop
      vertex 1.83196 -2.21446 33.0538
      vertex 1.53997 -2.42661 33.0538
      vertex 1.93799 -3.05379 32.8496
    endloop
  endfacet
  facet normal -0.0232422 -0.0587049 0.998005
    outer loop
      vertex -0.18046 -0.383498 33.3683
      vertex -0.538535 -1.14445 33.3152
      vertex -0.390852 -1.20292 33.3152
    endloop
  endfacet
  facet normal 0.0332786 -0.26346 0.964096
    outer loop
      vertex 0.677726 -3.55277 32.8496
      vertex 0.18046 -2.86834 33.0538
      vertex 0.227102 -3.60969 32.8496
    endloop
  endfacet
  facet normal 0.0614598 -0.111796 0.991829
    outer loop
      vertex 0.677726 -1.06793 33.3152
      vertex 0.538535 -1.14445 33.3152
      vertex 0.888118 -1.88735 33.2098
    endloop
  endfacet
  facet normal -0.0317255 -0.123568 0.991829
    outer loop
      vertex -0.237004 -1.24242 33.3152
      vertex -0.644567 -1.98378 33.2098
      vertex -0.390852 -2.04892 33.2098
    endloop
  endfacet
  facet normal -0.0469645 -0.118617 0.991829
    outer loop
      vertex -0.538535 -1.14445 33.3152
      vertex -0.888118 -1.88735 33.2098
      vertex -0.644567 -1.98378 33.2098
    endloop
  endfacet
  facet normal 0.164252 -0.104238 0.980895
    outer loop
      vertex 1.82786 -1.00487 33.2098
      vertex 1.6875 -1.22604 33.2098
      vertex 2.32512 -1.6893 33.0538
    endloop
  endfacet
  facet normal 0.149892 -0.124003 0.980895
    outer loop
      vertex 1.6875 -1.22604 33.2098
      vertex 1.52053 -1.42787 33.2098
      vertex 2.09506 -1.96739 33.0538
    endloop
  endfacet
  facet normal -0.19109 0.0364524 0.980895
    outer loop
      vertex -2.78372 0.714737 33.0538
      vertex -2.85135 0.360209 33.0538
      vertex -2.06942 0.261428 33.2098
    endloop
  endfacet
  facet normal -0.127325 0.00800687 0.991829
    outer loop
      vertex -2.06942 0.261428 33.2098
      vertex -2.08586 0 33.2098
      vertex -1.26482 0 33.3152
    endloop
  endfacet
  facet normal -0.26503 0.0166725 0.964096
    outer loop
      vertex -2.85135 0.360209 33.0538
      vertex -3.58831 0.453309 32.8496
      vertex -2.87401 0 33.0538
    endloop
  endfacet
  facet normal -0.194151 -0.0122092 0.980896
    outer loop
      vertex -2.08586 0 33.2098
      vertex -2.87401 0 33.0538
      vertex -2.06942 -0.261428 33.2098
    endloop
  endfacet
  facet normal 0.156738 -0.395878 0.904828
    outer loop
      vertex 1.83196 -3.89312 32.6005
      vertex 1.52053 -4.67971 32.3103
      vertex 2.09506 -4.45224 32.3103
    endloop
  endfacet
  facet normal 0.19066 -0.481557 0.855425
    outer loop
      vertex 2.09506 -4.45224 32.3103
      vertex 1.52053 -4.67971 32.3103
      vertex 2.32512 -4.94114 31.9838
    endloop
  endfacet
  facet normal -0.0649157 -0.513838 0.855428
    outer loop
      vertex -0.922016 -4.83338 32.3103
      vertex -1.02326 -5.36414 31.9838
      vertex -0.308963 -4.91083 32.3103
    endloop
  endfacet
  facet normal -0.0533666 -0.422422 0.904827
    outer loop
      vertex -0.806229 -4.2264 32.6005
      vertex -0.922016 -4.83338 32.3103
      vertex -0.308963 -4.91083 32.3103
    endloop
  endfacet
  facet normal -0.205119 -0.373113 0.904828
    outer loop
      vertex -2.30545 -3.63282 32.6005
      vertex -2.63656 -4.15455 32.3103
      vertex -2.09506 -4.45224 32.3103
    endloop
  endfacet
  facet normal -0.185016 -0.0601111 0.980895
    outer loop
      vertex -2.02033 -0.518733 33.2098
      vertex -2.67219 -1.05799 33.0538
      vertex -1.93939 -0.767858 33.2098
    endloop
  endfacet
  facet normal -0.125903 -0.31799 0.939697
    outer loop
      vertex -1.53997 -3.27261 32.8496
      vertex -1.83196 -3.89312 32.6005
      vertex -1.32958 -4.09203 32.6005
    endloop
  endfacet
  facet normal -0.085056 -0.331259 0.939698
    outer loop
      vertex -1.11766 -3.43981 32.8496
      vertex -1.32958 -4.09203 32.6005
      vertex -0.677726 -3.55277 32.8496
    endloop
  endfacet
  facet normal 0.249512 -0.453863 0.855425
    outer loop
      vertex 2.63656 -4.15455 32.3103
      vertex 2.09506 -4.45224 32.3103
      vertex 2.32512 -4.94114 31.9838
    endloop
  endfacet
  facet normal 0.205119 -0.373113 0.904828
    outer loop
      vertex 2.30545 -3.63282 32.6005
      vertex 2.09506 -4.45224 32.3103
      vertex 2.63656 -4.15455 32.3103
    endloop
  endfacet
  facet normal -0.154103 -0.600203 0.784862
    outer loop
      vertex -1.02326 -5.36414 31.9838
      vertex -1.82786 -5.62557 31.6259
      vertex -1.10837 -5.8103 31.6259
    endloop
  endfacet
  facet normal -0.30885 -0.780083 0.544134
    outer loop
      vertex -1.93939 -5.96882 31.2424
      vertex -2.67219 -5.67869 31.2424
      vertex -2.02033 -6.21795 30.8393
    endloop
  endfacet
  facet normal -0.364232 -0.501326 0.784861
    outer loop
      vertex -3.48089 -4.20767 31.9838
      vertex -3.77041 -4.55764 31.6259
      vertex -3.16945 -4.99426 31.6259
    endloop
  endfacet
  facet normal -0.493147 -0.678766 0.544135
    outer loop
      vertex -3.36284 -5.29899 31.2424
      vertex -4.00047 -4.83573 31.2424
      vertex -3.5032 -5.52016 30.8393
    endloop
  endfacet
  facet normal -0.156743 -0.39588 0.904826
    outer loop
      vertex -1.32958 -4.09203 32.6005
      vertex -1.83196 -3.89312 32.6005
      vertex -1.52053 -4.67971 32.3103
    endloop
  endfacet
  facet normal -0.105885 -0.412405 0.904826
    outer loop
      vertex -1.32958 -4.09203 32.6005
      vertex -1.52053 -4.67971 32.3103
      vertex -0.806229 -4.2264 32.6005
    endloop
  endfacet
  facet normal -0.304429 -0.419013 0.855425
    outer loop
      vertex -2.63656 -4.15455 32.3103
      vertex -3.48089 -4.20767 31.9838
      vertex -2.92608 -4.61076 31.9838
    endloop
  endfacet
  facet normal -0.19066 -0.481557 0.855425
    outer loop
      vertex -2.09506 -4.45224 32.3103
      vertex -2.32512 -4.94114 31.9838
      vertex -1.52053 -4.67971 32.3103
    endloop
  endfacet
  facet normal -0.156738 -0.395878 0.904828
    outer loop
      vertex -1.83196 -3.89312 32.6005
      vertex -2.09506 -4.45224 32.3103
      vertex -1.52053 -4.67971 32.3103
    endloop
  endfacet
  facet normal -0.204609 -0.16927 0.964097
    outer loop
      vertex -2.32512 -1.6893 33.0538
      vertex -2.92608 -2.12592 32.8496
      vertex -2.09506 -1.96739 33.0538
    endloop
  endfacet
  facet normal -0.720075 -0.595699 0.355859
    outer loop
      vertex -5.2893 -3.8429 30.8393
      vertex -5.4178 -3.93626 30.423
      vertex -4.76595 -4.47552 30.8393
    endloop
  endfacet
  facet normal -0.646459 -0.534798 0.544134
    outer loop
      vertex -5.07738 -3.68893 31.2424
      vertex -5.2893 -3.8429 30.8393
      vertex -4.76595 -4.47552 30.8393
    endloop
  endfacet
  facet normal -0.837744 -0.531656 0.124607
    outer loop
      vertex -5.4178 -3.93626 30.423
      vertex -5.91507 -3.25184 30
      vertex -5.46086 -3.96755 30
    endloop
  endfacet
  facet normal -0.76451 -0.632453 0.124608
    outer loop
      vertex -5.4178 -3.93626 30.423
      vertex -5.46086 -3.96755 30
      vertex -4.92054 -4.62069 30
    endloop
  endfacet
  facet normal 0.365255 -0.922532 0.124594
    outer loop
      vertex 2.87401 -6.10758 30
      vertex 2.06942 -6.36901 30.423
      vertex 2.08586 -6.41963 30
    endloop
  endfacet
  facet normal 0.246755 -0.961035 0.124596
    outer loop
      vertex 2.06942 -6.36901 30.423
      vertex 1.26482 -6.63044 30
      vertex 2.08586 -6.41963 30
    endloop
  endfacet
  facet normal 0.298527 -0.543029 0.784858
    outer loop
      vertex 3.16945 -4.99426 31.6259
      vertex 2.32512 -4.94114 31.9838
      vertex 2.51851 -5.35211 31.6259
    endloop
  endfacet
  facet normal 0.228127 -0.576157 0.784858
    outer loop
      vertex 2.32512 -4.94114 31.9838
      vertex 1.82786 -5.62557 31.6259
      vertex 2.51851 -5.35211 31.6259
    endloop
  endfacet
  facet normal 0.30885 -0.780083 0.544134
    outer loop
      vertex 2.67219 -5.67869 31.2424
      vertex 1.93939 -5.96882 31.2424
      vertex 2.02033 -6.21795 30.8393
    endloop
  endfacet
  facet normal 0.208655 -0.812638 0.544135
    outer loop
      vertex 1.93939 -5.96882 31.2424
      vertex 1.176 -6.16483 31.2424
      vertex 2.02033 -6.21795 30.8393
    endloop
  endfacet
  facet normal 0.0533666 -0.422422 0.904827
    outer loop
      vertex 0.806229 -4.2264 32.6005
      vertex 0.308963 -4.91083 32.3103
      vertex 0.922016 -4.83338 32.3103
    endloop
  endfacet
  facet normal 0 -0.61967 0.784863
    outer loop
      vertex -0.34289 -5.45009 31.9838
      vertex 0.371409 -5.9034 31.6259
      vertex 0.34289 -5.45009 31.9838
    endloop
  endfacet
  facet normal 0 -0.61967 0.784863
    outer loop
      vertex 0.371409 -5.9034 31.6259
      vertex -0.34289 -5.45009 31.9838
      vertex -0.371409 -5.9034 31.6259
    endloop
  endfacet
  facet normal -0.19066 -0.481556 0.855425
    outer loop
      vertex -1.52053 -4.67971 32.3103
      vertex -2.32512 -4.94114 31.9838
      vertex -1.6875 -5.19359 31.9838
    endloop
  endfacet
  facet normal -0.181274 -0.705999 0.68462
    outer loop
      vertex -1.82786 -5.62557 31.6259
      vertex -1.93939 -5.96882 31.2424
      vertex -1.176 -6.16483 31.2424
    endloop
  endfacet
  facet normal 0.117123 -0.927165 0.355876
    outer loop
      vertex 1.22509 -6.42213 30.8393
      vertex 0.41052 -6.52503 30.8393
      vertex 1.25485 -6.57816 30.423
    endloop
  endfacet
  facet normal 0.105152 -0.832394 0.544118
    outer loop
      vertex 1.22509 -6.42213 30.8393
      vertex 0.394073 -6.26361 31.2424
      vertex 0.41052 -6.52503 30.8393
    endloop
  endfacet
  facet normal 0.0600484 0.01951 0.998005
    outer loop
      vertex 1.22509 0.314548 33.3152
      vertex 0.394073 0.156024 33.3683
      vertex 0.41052 0.105403 33.3683
    endloop
  endfacet
  facet normal 0.0620202 0.0118305 0.998005
    outer loop
      vertex 1.22509 0.314548 33.3152
      vertex 0.41052 0.105403 33.3683
      vertex 0.420493 0.0531206 33.3683
    endloop
  endfacet
  facet normal -0.0157022 -0.0611549 0.998005
    outer loop
      vertex -0.130972 -0.403091 33.3683
      vertex -0.237004 -1.24242 33.3152
      vertex -0.0794182 -0.416328 33.3683
    endloop
  endfacet
  facet normal -0.0533098 -0.0338316 0.998005
    outer loop
      vertex -0.371409 -0.204185 33.3683
      vertex -1.10837 -0.609333 33.3152
      vertex -1.02326 -0.743444 33.3152
    endloop
  endfacet
  facet normal 0.0533098 0.0338316 0.998005
    outer loop
      vertex 1.02326 0.743444 33.3152
      vertex 0.371409 0.204185 33.3683
      vertex 1.10837 0.609333 33.3152
    endloop
  endfacet
  facet normal 0.176021 0.0828296 0.980895
    outer loop
      vertex 2.67219 1.05799 33.0538
      vertex 1.82786 1.00487 33.2098
      vertex 1.93939 0.767858 33.2098
    endloop
  endfacet
  facet normal 0.224214 0.142287 0.964097
    outer loop
      vertex 3.16945 1.74242 32.8496
      vertex 2.32512 1.6893 33.0538
      vertex 2.51851 1.38456 33.0538
    endloop
  endfacet
  facet normal 0.224214 0.142287 0.964097
    outer loop
      vertex 2.92608 2.12592 32.8496
      vertex 2.32512 1.6893 33.0538
      vertex 3.16945 1.74242 32.8496
    endloop
  endfacet
  facet normal 0.133171 0.141811 0.980895
    outer loop
      vertex 1.83196 2.21446 33.0538
      vertex 1.32958 1.60719 33.2098
      vertex 2.09506 1.96739 33.0538
    endloop
  endfacet
  facet normal 0.156092 0.214836 0.964096
    outer loop
      vertex 1.93799 3.05379 32.8496
      vertex 1.53997 2.42661 33.0538
      vertex 1.83196 2.21446 33.0538
    endloop
  endfacet
  facet normal 0.0232421 -0.0587049 0.998005
    outer loop
      vertex 0.18046 -0.383498 33.3683
      vertex 0.130972 -0.403091 33.3683
      vertex 0.390852 -1.20292 33.3152
    endloop
  endfacet
  facet normal 0.201022 0.276689 0.939698
    outer loop
      vertex 2.30545 3.63282 32.6005
      vertex 1.93799 3.05379 32.8496
      vertex 2.30545 2.78682 32.8496
    endloop
  endfacet
  facet normal 0.20461 0.169268 0.964097
    outer loop
      vertex 2.63656 2.47589 32.8496
      vertex 2.09506 1.96739 33.0538
      vertex 2.92608 2.12592 32.8496
    endloop
  endfacet
  facet normal 0.364232 0.501326 0.784861
    outer loop
      vertex 3.16945 4.99426 31.6259
      vertex 2.92608 4.61076 31.9838
      vertex 3.48089 4.20767 31.9838
    endloop
  endfacet
  facet normal 0.328068 0.271403 0.904827
    outer loop
      vertex 3.9808 2.89222 32.3103
      vertex 3.13647 2.94534 32.6005
      vertex 3.48089 2.52901 32.6005
    endloop
  endfacet
  facet normal 0.291466 0.31038 0.904827
    outer loop
      vertex 3.13647 3.79134 32.3103
      vertex 2.74259 3.31522 32.6005
      vertex 3.58692 3.36834 32.3103
    endloop
  endfacet
  facet normal 0.30443 0.419007 0.855427
    outer loop
      vertex 3.48089 4.20767 31.9838
      vertex 2.63656 4.15455 32.3103
      vertex 3.13647 3.79134 32.3103
    endloop
  endfacet
  facet normal 0.23412 0.249311 0.939698
    outer loop
      vertex 2.74259 3.31522 32.6005
      vertex 2.30545 2.78682 32.8496
      vertex 3.13647 2.94534 32.6005
    endloop
  endfacet
  facet normal 0.399069 0.330138 0.855426
    outer loop
      vertex 3.9808 3.73822 31.9838
      vertex 3.58692 3.36834 32.3103
      vertex 3.9808 2.89222 32.3103
    endloop
  endfacet
  facet normal 0.26503 -0.0166725 0.964096
    outer loop
      vertex 2.87401 0 33.0538
      vertex 2.85135 -0.360209 33.0538
      vertex 3.58831 -0.453309 32.8496
    endloop
  endfacet
  facet normal 0.194152 -0.0122137 0.980895
    outer loop
      vertex 2.87401 0 33.0538
      vertex 2.06942 -0.261428 33.2098
      vertex 2.85135 -0.360209 33.0538
    endloop
  endfacet
  facet normal 0.26085 0.0497599 0.964096
    outer loop
      vertex 3.58831 0.453309 32.8496
      vertex 2.78372 0.714737 33.0538
      vertex 2.85135 0.360209 33.0538
    endloop
  endfacet
  facet normal 0.127325 0.00800687 0.991829
    outer loop
      vertex 2.06942 0.261428 33.2098
      vertex 1.26482 0 33.3152
      vertex 2.08586 0 33.2098
    endloop
  endfacet
  facet normal 0.252556 0.0820608 0.964096
    outer loop
      vertex 3.5032 0.899468 32.8496
      vertex 2.67219 1.05799 33.0538
      vertex 2.78372 0.714737 33.0538
    endloop
  endfacet
  facet normal 0.26085 0.0497601 0.964096
    outer loop
      vertex 3.5032 0.899468 32.8496
      vertex 2.78372 0.714737 33.0538
      vertex 3.58831 0.453309 32.8496
    endloop
  endfacet
  facet normal 0.288763 0.183255 0.939699
    outer loop
      vertex 3.48089 2.52901 32.6005
      vertex 3.16945 1.74242 32.8496
      vertex 3.77041 2.0728 32.6005
    endloop
  endfacet
  facet normal 0.309454 0.145619 0.939699
    outer loop
      vertex 3.77041 2.0728 32.6005
      vertex 3.16945 1.74242 32.8496
      vertex 4.00047 1.5839 32.6005
    endloop
  endfacet
  facet normal -0.0317255 0.123568 0.991829
    outer loop
      vertex -0.390852 2.04892 33.2098
      vertex -0.644567 1.98378 33.2098
      vertex -0.237004 1.24242 33.3152
    endloop
  endfacet
  facet normal -0.156085 0.214837 0.964097
    outer loop
      vertex -1.93799 3.05379 32.8496
      vertex -2.30545 2.78682 32.8496
      vertex -1.83196 2.21446 33.0538
    endloop
  endfacet
  facet normal 0.0614598 0.111796 0.991829
    outer loop
      vertex 0.888118 1.88735 33.2098
      vertex 0.538535 1.14445 33.3152
      vertex 0.677726 1.06793 33.3152
    endloop
  endfacet
  facet normal 0.0157022 0.0611549 0.998005
    outer loop
      vertex 0.237004 1.24242 33.3152
      vertex 0.0794182 0.416328 33.3683
      vertex 0.130972 0.403091 33.3683
    endloop
  endfacet
  facet normal 0.0873336 0.0929977 0.991829
    outer loop
      vertex 1.32958 1.60719 33.2098
      vertex 0.922016 0.865831 33.3152
      vertex 1.52053 1.42787 33.2098
    endloop
  endfacet
  facet normal 0.0749852 0.103214 0.991829
    outer loop
      vertex 1.11766 1.76115 33.2098
      vertex 0.677726 1.06793 33.3152
      vertex 1.32958 1.60719 33.2098
    endloop
  endfacet
  facet normal -0.127325 -0.00800687 0.991829
    outer loop
      vertex -1.26482 0 33.3152
      vertex -2.08586 0 33.2098
      vertex -2.06942 -0.261428 33.2098
    endloop
  endfacet
  facet normal -0.127325 -0.00800778 0.991829
    outer loop
      vertex -1.26482 0 33.3152
      vertex -2.06942 -0.261428 33.2098
      vertex -1.25485 -0.158524 33.3152
    endloop
  endfacet
  facet normal 0.0317255 -0.123568 0.991829
    outer loop
      vertex 0.644567 -1.98378 33.2098
      vertex 0.237004 -1.24242 33.3152
      vertex 0.390852 -2.04892 33.2098
    endloop
  endfacet
  facet normal 0.176021 -0.0828296 0.980895
    outer loop
      vertex 1.93939 -0.767858 33.2098
      vertex 1.82786 -1.00487 33.2098
      vertex 2.67219 -1.05799 33.0538
    endloop
  endfacet
  facet normal -0.115434 0.0543193 0.991829
    outer loop
      vertex -1.82786 1.00487 33.2098
      vertex -1.93939 0.767858 33.2098
      vertex -1.176 0.465612 33.3152
    endloop
  endfacet
  facet normal -0.121333 0.0394206 0.991829
    outer loop
      vertex -1.93939 0.767858 33.2098
      vertex -2.02033 0.518733 33.2098
      vertex -1.176 0.465612 33.3152
    endloop
  endfacet
  facet normal -0.185016 0.0601111 0.980895
    outer loop
      vertex -1.93939 0.767858 33.2098
      vertex -2.67219 1.05799 33.0538
      vertex -2.02033 0.518733 33.2098
    endloop
  endfacet
  facet normal -0.115434 0.0543191 0.991829
    outer loop
      vertex -1.10837 0.609333 33.3152
      vertex -1.82786 1.00487 33.2098
      vertex -1.176 0.465612 33.3152
    endloop
  endfacet
  facet normal 0.127928 0.232709 0.964096
    outer loop
      vertex 1.93799 3.05379 32.8496
      vertex 1.22369 2.60048 33.0538
      vertex 1.53997 2.42661 33.0538
    endloop
  endfacet
  facet normal 0.0937149 0.170473 0.980896
    outer loop
      vertex 1.22369 2.60048 33.0538
      vertex 1.11766 1.76115 33.2098
      vertex 1.53997 2.42661 33.0538
    endloop
  endfacet
  facet normal 0.659522 0.310337 0.684633
    outer loop
      vertex 5.83527 2.31035 31.2424
      vertex 5.18342 2.84961 31.6259
      vertex 5.49969 2.17748 31.6259
    endloop
  endfacet
  facet normal 0.693215 0.225236 0.684632
    outer loop
      vertex 5.83527 2.31035 31.2424
      vertex 5.49969 2.17748 31.6259
      vertex 6.07882 1.56077 31.2424
    endloop
  endfacet
  facet normal 0.759149 0.357226 0.544135
    outer loop
      vertex 5.72924 3.14967 30.8393
      vertex 5.49969 3.02348 31.2424
      vertex 6.07882 2.40677 30.8393
    endloop
  endfacet
  facet normal 0.845593 0.397903 0.355872
    outer loop
      vertex 5.86843 3.2262 30.423
      vertex 5.72924 3.14967 30.8393
      vertex 6.07882 2.40677 30.8393
    endloop
  endfacet
  facet normal 0.583206 0.802711 0.124604
    outer loop
      vertex 4.30261 5.20096 30
      vertex 3.61683 5.69921 30
      vertex 4.26868 5.15995 30.423
    endloop
  endfacet
  facet normal 0.646466 0.534797 0.544126
    outer loop
      vertex 4.76595 4.47552 30.8393
      vertex 4.575 4.29621 31.2424
      vertex 5.07738 3.68893 31.2424
    endloop
  endfacet
  facet normal 0.574339 0.611596 0.544138
    outer loop
      vertex 4.16744 5.03757 30.8393
      vertex 4.00047 4.83573 31.2424
      vertex 4.76595 4.47552 30.8393
    endloop
  endfacet
  facet normal 0.0649127 0.513842 0.855426
    outer loop
      vertex 0.34289 5.45009 31.9838
      vertex 0.308963 4.91083 32.3103
      vertex 1.02326 5.36414 31.9838
    endloop
  endfacet
  facet normal 0.0428641 0.339309 0.939698
    outer loop
      vertex 0.270163 4.29412 32.6005
      vertex 0.227102 3.60969 32.8496
      vertex 0.806229 4.2264 32.6005
    endloop
  endfacet
  facet normal -0.0913541 0.723145 0.684628
    outer loop
      vertex -0.394073 6.26361 31.2424
      vertex -1.176 6.16483 31.2424
      vertex -1.10837 5.8103 31.6259
    endloop
  endfacet
  facet normal 0.344028 0.86891 0.355865
    outer loop
      vertex 2.85135 6.05942 30.423
      vertex 2.06942 6.36901 30.423
      vertex 2.78372 5.9157 30.8393
    endloop
  endfacet
  facet normal -0.508753 -0.0970481 0.855425
    outer loop
      vertex -4.76595 -1.22369 32.3103
      vertex -5.4178 -0.684427 31.9838
      vertex -5.2893 -1.35806 31.9838
    endloop
  endfacet
  facet normal -0.468635 -0.220523 0.855424
    outer loop
      vertex -4.3119 -2.37049 32.3103
      vertex -5.07738 -2.01028 31.9838
      vertex -4.78539 -2.63079 31.9838
    endloop
  endfacet
  facet normal -0.418241 -0.0797774 0.904826
    outer loop
      vertex -4.26868 -0.53926 32.6005
      vertex -4.76595 -1.22369 32.3103
      vertex -4.16744 -1.07002 32.6005
    endloop
  endfacet
  facet normal -0.418234 -0.0797836 0.904829
    outer loop
      vertex -4.26868 -0.53926 32.6005
      vertex -4.88174 -0.616707 32.3103
      vertex -4.76595 -1.22369 32.3103
    endloop
  endfacet
  facet normal -0.824144 0.157216 0.544123
    outer loop
      vertex -6.33253 1.62592 30.8393
      vertex -6.48638 0.81942 30.8393
      vertex -6.07882 1.56077 31.2424
    endloop
  endfacet
  facet normal -0.82414 0.15721 0.54413
    outer loop
      vertex -6.07882 1.56077 31.2424
      vertex -6.48638 0.81942 30.8393
      vertex -6.2265 0.78659 31.2424
    endloop
  endfacet
  facet normal -0.888797 0.288784 0.355869
    outer loop
      vertex -6.07882 2.40677 30.8393
      vertex -6.48638 1.66542 30.423
      vertex -6.33253 1.62592 30.8393
    endloop
  endfacet
  facet normal -0.797941 0.259263 0.544125
    outer loop
      vertex -6.07882 2.40677 30.8393
      vertex -6.33253 1.62592 30.8393
      vertex -5.83527 2.31035 31.2424
    endloop
  endfacet
  facet normal -0.508753 0.0970481 0.855425
    outer loop
      vertex -5.2893 1.35806 31.9838
      vertex -5.4178 0.684427 31.9838
      vertex -4.76595 1.22369 32.3103
    endloop
  endfacet
  facet normal -0.492578 0.160049 0.855425
    outer loop
      vertex -5.07738 2.01028 31.9838
      vertex -5.2893 1.35806 31.9838
      vertex -4.76595 1.22369 32.3103
    endloop
  endfacet
  facet normal -0.715987 0.136581 0.684623
    outer loop
      vertex -5.72924 1.47102 31.6259
      vertex -6.07882 1.56077 31.2424
      vertex -5.86843 0.741354 31.6259
    endloop
  endfacet
  facet normal -0.715988 0.13658 0.684621
    outer loop
      vertex -6.07882 1.56077 31.2424
      vertex -6.2265 0.78659 31.2424
      vertex -5.86843 0.741354 31.6259
    endloop
  endfacet
  facet normal -0.618444 -0.0389087 0.784865
    outer loop
      vertex -5.46086 0 31.9838
      vertex -5.91507 0 31.6259
      vertex -5.4178 -0.684427 31.9838
    endloop
  endfacet
  facet normal -0.516908 -0.0325207 0.855423
    outer loop
      vertex -4.92054 0 32.3103
      vertex -5.46086 0 31.9838
      vertex -5.4178 -0.684427 31.9838
    endloop
  endfacet
  facet normal -0.127933 -0.232702 0.964097
    outer loop
      vertex -1.22369 -2.60048 33.0538
      vertex -1.93799 -3.05379 32.8496
      vertex -1.53997 -3.27261 32.8496
    endloop
  endfacet
  facet normal -0.291466 -0.310378 0.904828
    outer loop
      vertex -3.13647 -2.94534 32.6005
      vertex -3.58692 -3.36834 32.3103
      vertex -2.74259 -3.31522 32.6005
    endloop
  endfacet
  facet normal -0.399069 -0.330138 0.855426
    outer loop
      vertex -3.9808 -2.89222 32.3103
      vertex -3.9808 -3.73822 31.9838
      vertex -3.58692 -3.36834 32.3103
    endloop
  endfacet
  facet normal -0.424198 -0.451722 0.784859
    outer loop
      vertex -3.9808 -3.73822 31.9838
      vertex -4.3119 -4.04914 31.6259
      vertex -3.48089 -4.20767 31.9838
    endloop
  endfacet
  facet normal -0.399068 -0.330138 0.855426
    outer loop
      vertex -3.9808 -2.89222 32.3103
      vertex -4.41793 -3.20982 31.9838
      vertex -3.9808 -3.73822 31.9838
    endloop
  endfacet
  facet normal -0.4373 -0.277517 0.855426
    outer loop
      vertex -3.9808 -2.89222 32.3103
      vertex -4.78539 -2.63079 31.9838
      vertex -4.41793 -3.20982 31.9838
    endloop
  endfacet
  facet normal -0.176021 -0.0828333 0.980895
    outer loop
      vertex -1.82786 -1.00487 33.2098
      vertex -2.67219 -1.05799 33.0538
      vertex -2.51851 -1.38456 33.0538
    endloop
  endfacet
  facet normal -0.107716 -0.068359 0.991829
    outer loop
      vertex -1.02326 -0.743444 33.3152
      vertex -1.82786 -1.00487 33.2098
      vertex -1.6875 -1.22604 33.2098
    endloop
  endfacet
  facet normal -0.288763 -0.183255 0.939699
    outer loop
      vertex -3.16945 -1.74242 32.8496
      vertex -3.77041 -2.0728 32.6005
      vertex -3.48089 -2.52901 32.6005
    endloop
  endfacet
  facet normal -0.18178 -0.193578 0.964097
    outer loop
      vertex -2.09506 -1.96739 33.0538
      vertex -2.63656 -2.47589 32.8496
      vertex -2.30545 -2.78682 32.8496
    endloop
  endfacet
  facet normal -0.224214 -0.142287 0.964097
    outer loop
      vertex -2.51851 -1.38456 33.0538
      vertex -3.16945 -1.74242 32.8496
      vertex -2.32512 -1.6893 33.0538
    endloop
  endfacet
  facet normal -0.359498 -0.228144 0.904827
    outer loop
      vertex -3.77041 -2.0728 32.6005
      vertex -4.3119 -2.37049 32.3103
      vertex -3.48089 -2.52901 32.6005
    endloop
  endfacet
  facet normal -0.33595 -0.0640863 0.939697
    outer loop
      vertex -3.58831 -0.453309 32.8496
      vertex -4.26868 -0.53926 32.6005
      vertex -3.5032 -0.899468 32.8496
    endloop
  endfacet
  facet normal -0.26085 -0.0497601 0.964096
    outer loop
      vertex -2.78372 -0.714737 33.0538
      vertex -3.58831 -0.453309 32.8496
      vertex -3.5032 -0.899468 32.8496
    endloop
  endfacet
  facet normal -0.191087 -0.0364566 0.980896
    outer loop
      vertex -2.06942 -0.261428 33.2098
      vertex -2.78372 -0.714737 33.0538
      vertex -2.02033 -0.518733 33.2098
    endloop
  endfacet
  facet normal -0.19109 -0.0364524 0.980895
    outer loop
      vertex -2.06942 -0.261428 33.2098
      vertex -2.85135 -0.360209 33.0538
      vertex -2.78372 -0.714737 33.0538
    endloop
  endfacet
  facet normal -0.328068 0.271403 0.904827
    outer loop
      vertex -3.13647 2.94534 32.6005
      vertex -3.9808 2.89222 32.3103
      vertex -3.48089 2.52901 32.6005
    endloop
  endfacet
  facet normal -0.291466 0.310378 0.904828
    outer loop
      vertex -2.74259 3.31522 32.6005
      vertex -3.58692 3.36834 32.3103
      vertex -3.13647 2.94534 32.6005
    endloop
  endfacet
  facet normal -0.201022 0.276689 0.939698
    outer loop
      vertex -2.30545 3.63282 32.6005
      vertex -2.30545 2.78682 32.8496
      vertex -1.93799 3.05379 32.8496
    endloop
  endfacet
  facet normal -0.23412 0.249311 0.939698
    outer loop
      vertex -2.74259 3.31522 32.6005
      vertex -3.13647 2.94534 32.6005
      vertex -2.30545 2.78682 32.8496
    endloop
  endfacet
  facet normal -0.234119 0.249314 0.939697
    outer loop
      vertex -2.30545 2.78682 32.8496
      vertex -3.13647 2.94534 32.6005
      vertex -2.63656 2.47589 32.8496
    endloop
  endfacet
  facet normal -0.288768 0.183253 0.939698
    outer loop
      vertex -2.92608 2.12592 32.8496
      vertex -3.48089 2.52901 32.6005
      vertex -3.16945 1.74242 32.8496
    endloop
  endfacet
  facet normal -0.224214 0.142287 0.964097
    outer loop
      vertex -2.92608 2.12592 32.8496
      vertex -3.16945 1.74242 32.8496
      vertex -2.32512 1.6893 33.0538
    endloop
  endfacet
  facet normal -0.085056 0.331259 0.939698
    outer loop
      vertex -0.677726 3.55277 32.8496
      vertex -1.32958 4.09203 32.6005
      vertex -1.11766 3.43981 32.8496
    endloop
  endfacet
  facet normal -0.0332786 0.26346 0.964096
    outer loop
      vertex -0.227102 3.60969 32.8496
      vertex -0.677726 3.55277 32.8496
      vertex -0.18046 2.86834 33.0538
    endloop
  endfacet
  facet normal 0 0.425777 0.904828
    outer loop
      vertex 0.308963 4.91083 32.3103
      vertex -0.270163 4.29412 32.6005
      vertex 0.270163 4.29412 32.6005
    endloop
  endfacet
  facet normal 0 0.425777 0.904828
    outer loop
      vertex -0.270163 4.29412 32.6005
      vertex 0.308963 4.91083 32.3103
      vertex -0.308963 4.91083 32.3103
    endloop
  endfacet
  facet normal -0.0533666 0.422422 0.904827
    outer loop
      vertex -0.308963 4.91083 32.3103
      vertex -0.922016 4.83338 32.3103
      vertex -0.806229 4.2264 32.6005
    endloop
  endfacet
  facet normal -0.354543 0.37755 0.855427
    outer loop
      vertex -3.48089 4.20767 31.9838
      vertex -3.58692 3.36834 32.3103
      vertex -3.13647 3.79134 32.3103
    endloop
  endfacet
  facet normal -0.354545 0.37755 0.855426
    outer loop
      vertex -3.48089 4.20767 31.9838
      vertex -3.9808 3.73822 31.9838
      vertex -3.58692 3.36834 32.3103
    endloop
  endfacet
  facet normal 0.0850517 0.331264 0.939697
    outer loop
      vertex 0.806229 4.2264 32.6005
      vertex 0.677726 3.55277 32.8496
      vertex 1.32958 4.09203 32.6005
    endloop
  endfacet
  facet normal 0.105885 0.412405 0.904826
    outer loop
      vertex 1.52053 4.67971 32.3103
      vertex 0.806229 4.2264 32.6005
      vertex 1.32958 4.09203 32.6005
    endloop
  endfacet
  facet normal -0.5232 0.33203 0.784868
    outer loop
      vertex -4.41793 3.20982 31.9838
      vertex -5.18342 2.84961 31.6259
      vertex -4.78539 2.63079 31.9838
    endloop
  endfacet
  facet normal -0.560688 0.26384 0.784868
    outer loop
      vertex -4.78539 2.63079 31.9838
      vertex -5.18342 2.84961 31.6259
      vertex -5.07738 2.01028 31.9838
    endloop
  endfacet
  facet normal -0.364232 0.501326 0.784861
    outer loop
      vertex -3.16945 4.99426 31.6259
      vertex -3.77041 4.55764 31.6259
      vertex -3.48089 4.20767 31.9838
    endloop
  endfacet
  facet normal -0.428433 0.589692 0.684623
    outer loop
      vertex -3.16945 4.99426 31.6259
      vertex -4.00047 4.83573 31.2424
      vertex -3.77041 4.55764 31.6259
    endloop
  endfacet
  facet normal -0.574338 0.611607 0.544126
    outer loop
      vertex -4.00047 4.83573 31.2424
      vertex -4.76595 4.47552 30.8393
      vertex -4.575 4.29621 31.2424
    endloop
  endfacet
  facet normal -0.646466 0.534797 0.544126
    outer loop
      vertex -4.76595 4.47552 30.8393
      vertex -5.07738 3.68893 31.2424
      vertex -4.575 4.29621 31.2424
    endloop
  endfacet
  facet normal -0.298527 0.543029 0.784858
    outer loop
      vertex -2.51851 5.35211 31.6259
      vertex -3.16945 4.99426 31.6259
      vertex -2.32512 4.94114 31.9838
    endloop
  endfacet
  facet normal -0.298529 0.543022 0.784861
    outer loop
      vertex -2.32512 4.94114 31.9838
      vertex -3.16945 4.99426 31.6259
      vertex -2.92608 4.61076 31.9838
    endloop
  endfacet
  facet normal -0.99025 0.0623062 0.124588
    outer loop
      vertex -6.69677 0.845999 30
      vertex -6.75 0 30
      vertex -6.64397 0.839328 30.423
    endloop
  endfacet
  facet normal -0.583206 0.802711 0.124604
    outer loop
      vertex -3.61683 5.69921 30
      vertex -4.30261 5.20096 30
      vertex -4.26868 5.15995 30.423
    endloop
  endfacet
  facet normal -0.897777 0.422459 0.124596
    outer loop
      vertex -5.91507 3.25184 30
      vertex -6.27599 2.48484 30
      vertex -5.86843 3.2262 30.423
    endloop
  endfacet
  facet normal -0.897778 0.422455 0.124603
    outer loop
      vertex -5.86843 3.2262 30.423
      vertex -6.27599 2.48484 30
      vertex -6.2265 2.46525 30.423
    endloop
  endfacet
  facet normal -0.720076 0.595685 0.355879
    outer loop
      vertex -4.88174 4.58426 30.423
      vertex -5.4178 3.93626 30.423
      vertex -4.76595 4.47552 30.8393
    endloop
  endfacet
  facet normal -0.639724 0.681251 0.35588
    outer loop
      vertex -4.26868 5.15995 30.423
      vertex -4.88174 4.58426 30.423
      vertex -4.76595 4.47552 30.8393
    endloop
  endfacet
  facet normal -0.232406 0.905174 0.355875
    outer loop
      vertex -1.25485 6.57816 30.423
      vertex -2.02033 6.21795 30.8393
      vertex -1.22509 6.42213 30.8393
    endloop
  endfacet
  facet normal 0 0.839009 0.544117
    outer loop
      vertex 0.41052 6.52503 30.8393
      vertex -0.394073 6.26361 31.2424
      vertex 0.394073 6.26361 31.2424
    endloop
  endfacet
  facet normal 0 0.839009 0.544117
    outer loop
      vertex -0.394073 6.26361 31.2424
      vertex 0.41052 6.52503 30.8393
      vertex -0.41052 6.52503 30.8393
    endloop
  endfacet
  facet normal -0.117124 0.927164 0.355877
    outer loop
      vertex -0.420493 6.68356 30.423
      vertex -1.25485 6.57816 30.423
      vertex -0.41052 6.52503 30.8393
    endloop
  endfacet
  facet normal -0.124352 0.984384 0.124594
    outer loop
      vertex -0.420493 6.68356 30.423
      vertex -1.26482 6.63044 30
      vertex -1.25485 6.57816 30.423
    endloop
  endfacet
  facet normal -0.450219 0.81894 0.355865
    outer loop
      vertex -2.85135 6.05942 30.423
      vertex -3.58831 5.65427 30.423
      vertex -2.78372 5.9157 30.8393
    endloop
  endfacet
  facet normal -0.450219 0.81894 0.355864
    outer loop
      vertex -2.78372 5.9157 30.8393
      vertex -3.58831 5.65427 30.423
      vertex -3.5032 5.52016 30.8393
    endloop
  endfacet
  facet normal -0.232406 -0.905174 0.355875
    outer loop
      vertex -1.22509 -6.42213 30.8393
      vertex -2.02033 -6.21795 30.8393
      vertex -1.25485 -6.57816 30.423
    endloop
  endfacet
  facet normal 0.659522 -0.310337 0.684633
    outer loop
      vertex 5.49969 -2.17748 31.6259
      vertex 5.18342 -2.84961 31.6259
      vertex 5.83527 -2.31035 31.2424
    endloop
  endfacet
  facet normal 0.693215 -0.225236 0.684632
    outer loop
      vertex 6.07882 -1.56077 31.2424
      vertex 5.49969 -2.17748 31.6259
      vertex 5.83527 -2.31035 31.2424
    endloop
  endfacet
  facet normal 0.288763 -0.183255 0.939699
    outer loop
      vertex 3.77041 -2.0728 32.6005
      vertex 3.16945 -1.74242 32.8496
      vertex 3.48089 -2.52901 32.6005
    endloop
  endfacet
  facet normal 0.288768 -0.183253 0.939698
    outer loop
      vertex 3.16945 -1.74242 32.8496
      vertex 2.92608 -2.12592 32.8496
      vertex 3.48089 -2.52901 32.6005
    endloop
  endfacet
  facet normal 0.385259 -0.181288 0.904826
    outer loop
      vertex 4.575 -1.81137 32.3103
      vertex 4.00047 -1.5839 32.6005
      vertex 4.3119 -2.37049 32.3103
    endloop
  endfacet
  facet normal 0.385257 -0.181289 0.904827
    outer loop
      vertex 4.00047 -1.5839 32.6005
      vertex 3.77041 -2.0728 32.6005
      vertex 4.3119 -2.37049 32.3103
    endloop
  endfacet
  facet normal 0.23412 -0.249311 0.939698
    outer loop
      vertex 3.13647 -2.94534 32.6005
      vertex 2.30545 -2.78682 32.8496
      vertex 2.74259 -3.31522 32.6005
    endloop
  endfacet
  facet normal 0.18178 -0.193578 0.964097
    outer loop
      vertex 2.63656 -2.47589 32.8496
      vertex 2.09506 -1.96739 33.0538
      vertex 2.30545 -2.78682 32.8496
    endloop
  endfacet
  facet normal 0.477467 -0.394995 0.784859
    outer loop
      vertex 4.78539 -3.47679 31.6259
      vertex 3.9808 -3.73822 31.9838
      vertex 4.3119 -4.04914 31.6259
    endloop
  endfacet
  facet normal 0.561625 -0.464617 0.684623
    outer loop
      vertex 4.78539 -3.47679 31.6259
      vertex 4.3119 -4.04914 31.6259
      vertex 5.07738 -3.68893 31.2424
    endloop
  endfacet
  facet normal 0.418234 -0.0797836 0.904829
    outer loop
      vertex 4.88174 -0.616707 32.3103
      vertex 4.26868 -0.53926 32.6005
      vertex 4.76595 -1.22369 32.3103
    endloop
  endfacet
  facet normal 0.424935 -0.0267347 0.904829
    outer loop
      vertex 4.92054 0 32.3103
      vertex 4.26868 -0.53926 32.6005
      vertex 4.88174 -0.616707 32.3103
    endloop
  endfacet
  facet normal 0.824144 0.157216 0.544123
    outer loop
      vertex 6.33253 1.62592 30.8393
      vertex 6.07882 1.56077 31.2424
      vertex 6.48638 0.81942 30.8393
    endloop
  endfacet
  facet normal 0.917982 0.175117 0.35587
    outer loop
      vertex 6.48638 1.66542 30.423
      vertex 6.33253 1.62592 30.8393
      vertex 6.48638 0.81942 30.8393
    endloop
  endfacet
  facet normal 0.727461 -0.045766 0.684621
    outer loop
      vertex 5.91507 0 31.6259
      vertex 5.86843 -0.741354 31.6259
      vertex 6.2265 -0.78659 31.2424
    endloop
  endfacet
  facet normal 0.715988 -0.13658 0.684621
    outer loop
      vertex 6.2265 -0.78659 31.2424
      vertex 5.86843 -0.741354 31.6259
      vertex 6.07882 -1.56077 31.2424
    endloop
  endfacet
  facet normal -0.0304169 -0.0553288 0.998005
    outer loop
      vertex -0.18046 -0.383498 33.3683
      vertex -0.677726 -1.06793 33.3152
      vertex -0.538535 -1.14445 33.3152
    endloop
  endfacet
  facet normal -0.125317 -0.0239086 0.991829
    outer loop
      vertex -1.22509 -0.314548 33.3152
      vertex -2.06942 -0.261428 33.2098
      vertex -2.02033 -0.518733 33.2098
    endloop
  endfacet
  facet normal -0.0317258 -0.123568 0.991829
    outer loop
      vertex -0.390852 -1.20292 33.3152
      vertex -0.644567 -1.98378 33.2098
      vertex -0.237004 -1.24242 33.3152
    endloop
  endfacet
  facet normal -0.0571291 -0.0268843 0.998005
    outer loop
      vertex -0.394073 -0.156024 33.3683
      vertex -1.10837 -0.609333 33.3152
      vertex -0.371409 -0.204185 33.3683
    endloop
  endfacet
  facet normal -0.127928 0.232709 0.964096
    outer loop
      vertex -1.22369 2.60048 33.0538
      vertex -1.93799 3.05379 32.8496
      vertex -1.53997 2.42661 33.0538
    endloop
  endfacet
  facet normal -0.0371115 0.0510806 0.998005
    outer loop
      vertex -0.227102 0.357856 33.3683
      vertex -0.806229 0.974563 33.3152
      vertex -0.270163 0.326571 33.3683
    endloop
  endfacet
  facet normal -0.0614598 -0.111796 0.991829
    outer loop
      vertex -0.677726 -1.06793 33.3152
      vertex -0.888118 -1.88735 33.2098
      vertex -0.538535 -1.14445 33.3152
    endloop
  endfacet
  facet normal 0.0600478 0.0195132 0.998005
    outer loop
      vertex 1.176 0.465612 33.3152
      vertex 0.394073 0.156024 33.3683
      vertex 1.22509 0.314548 33.3152
    endloop
  endfacet
  facet normal -0.0232422 0.0587049 0.998005
    outer loop
      vertex -0.390852 1.20292 33.3152
      vertex -0.538535 1.14445 33.3152
      vertex -0.18046 0.383498 33.3683
    endloop
  endfacet
  facet normal -0.0432215 -0.0460259 0.998005
    outer loop
      vertex -0.308963 -0.290135 33.3683
      vertex -0.922016 -0.865831 33.3152
      vertex -0.806229 -0.974563 33.3152
    endloop
  endfacet
  facet normal 0.0571298 0.0268832 0.998005
    outer loop
      vertex 1.10837 0.609333 33.3152
      vertex 0.394073 0.156024 33.3683
      vertex 1.176 0.465612 33.3152
    endloop
  endfacet
  facet normal 0.0533098 -0.0338316 0.998005
    outer loop
      vertex 1.10837 -0.609333 33.3152
      vertex 0.371409 -0.204185 33.3683
      vertex 1.02326 -0.743444 33.3152
    endloop
  endfacet
  facet normal 0.125317 -0.0239086 0.991829
    outer loop
      vertex 2.06942 -0.261428 33.2098
      vertex 1.22509 -0.314548 33.3152
      vertex 2.02033 -0.518733 33.2098
    endloop
  endfacet
  facet normal 0.0660428 -0.25721 0.964096
    outer loop
      vertex 0.888118 -2.73335 33.0538
      vertex 0.677726 -3.55277 32.8496
      vertex 1.11766 -3.43981 32.8496
    endloop
  endfacet
  facet normal 0.071617 -0.180873 0.980895
    outer loop
      vertex 1.22369 -2.60048 33.0538
      vertex 0.644567 -1.98378 33.2098
      vertex 0.888118 -2.73335 33.0538
    endloop
  endfacet
  facet normal 0.0614639 -0.111795 0.991829
    outer loop
      vertex 1.11766 -1.76115 33.2098
      vertex 0.677726 -1.06793 33.3152
      vertex 0.888118 -1.88735 33.2098
    endloop
  endfacet
  facet normal -0.0159893 -0.12657 0.991829
    outer loop
      vertex -0.237004 -1.24242 33.3152
      vertex -0.390852 -2.04892 33.2098
      vertex -0.130972 -2.08175 33.2098
    endloop
  endfacet
  facet normal -0.0243814 -0.193002 0.980895
    outer loop
      vertex -0.130972 -2.08175 33.2098
      vertex -0.390852 -2.04892 33.2098
      vertex -0.18046 -2.86834 33.0538
    endloop
  endfacet
  facet normal -0.0716147 -0.180876 0.980895
    outer loop
      vertex -0.888118 -1.88735 33.2098
      vertex -1.22369 -2.60048 33.0538
      vertex -0.644567 -1.98378 33.2098
    endloop
  endfacet
  facet normal -0.048377 -0.188425 0.980895
    outer loop
      vertex -0.644567 -1.98378 33.2098
      vertex -0.888118 -2.73335 33.0538
      vertex -0.390852 -2.04892 33.2098
    endloop
  endfacet
  facet normal 0.0571291 -0.0268843 0.998005
    outer loop
      vertex 0.394073 -0.156024 33.3683
      vertex 0.371409 -0.204185 33.3683
      vertex 1.10837 -0.609333 33.3152
    endloop
  endfacet
  facet normal 0.185016 -0.0601111 0.980895
    outer loop
      vertex 2.02033 -0.518733 33.2098
      vertex 1.93939 -0.767858 33.2098
      vertex 2.67219 -1.05799 33.0538
    endloop
  endfacet
  facet normal -0.00791425 -0.0626405 0.998005
    outer loop
      vertex -0.0266123 -0.422999 33.3683
      vertex -0.237004 -1.24242 33.3152
      vertex -0.0794182 -1.26233 33.3152
    endloop
  endfacet
  facet normal 0.0620202 -0.0118305 0.998005
    outer loop
      vertex 0.420493 -0.0531206 33.3683
      vertex 0.41052 -0.105403 33.3683
      vertex 1.22509 -0.314548 33.3152
    endloop
  endfacet
  facet normal 0.224214 -0.142287 0.964097
    outer loop
      vertex 3.16945 -1.74242 32.8496
      vertex 2.32512 -1.6893 33.0538
      vertex 2.92608 -2.12592 32.8496
    endloop
  endfacet
  facet normal 0.107716 -0.0683589 0.991829
    outer loop
      vertex 1.10837 -0.609333 33.3152
      vertex 1.02326 -0.743444 33.3152
      vertex 1.82786 -1.00487 33.2098
    endloop
  endfacet
  facet normal -0.265029 -0.0166743 0.964096
    outer loop
      vertex -2.87401 0 33.0538
      vertex -3.61683 0 32.8496
      vertex -3.58831 -0.453309 32.8496
    endloop
  endfacet
  facet normal -0.26503 -0.0166725 0.964096
    outer loop
      vertex -2.87401 0 33.0538
      vertex -3.58831 -0.453309 32.8496
      vertex -2.85135 -0.360209 33.0538
    endloop
  endfacet
  facet normal -0.127928 -0.232709 0.964096
    outer loop
      vertex -1.53997 -2.42661 33.0538
      vertex -1.93799 -3.05379 32.8496
      vertex -1.22369 -2.60048 33.0538
    endloop
  endfacet
  facet normal -0.11434 -0.157384 0.980896
    outer loop
      vertex -1.32958 -1.60719 33.2098
      vertex -1.53997 -2.42661 33.0538
      vertex -1.11766 -1.76115 33.2098
    endloop
  endfacet
  facet normal -0.154106 -0.600197 0.784866
    outer loop
      vertex -1.6875 -5.19359 31.9838
      vertex -1.82786 -5.62557 31.6259
      vertex -1.02326 -5.36414 31.9838
    endloop
  endfacet
  facet normal -0.208655 -0.812638 0.544135
    outer loop
      vertex -1.93939 -5.96882 31.2424
      vertex -2.02033 -6.21795 30.8393
      vertex -1.176 -6.16483 31.2424
    endloop
  endfacet
  facet normal -0.574338 -0.611607 0.544126
    outer loop
      vertex -4.575 -4.29621 31.2424
      vertex -4.76595 -4.47552 30.8393
      vertex -4.00047 -4.83573 31.2424
    endloop
  endfacet
  facet normal -0.574339 -0.611596 0.544138
    outer loop
      vertex -4.00047 -4.83573 31.2424
      vertex -4.76595 -4.47552 30.8393
      vertex -4.16744 -5.03757 30.8393
    endloop
  endfacet
  facet normal -0.351158 -0.638735 0.684621
    outer loop
      vertex -3.16945 -4.99426 31.6259
      vertex -3.36284 -5.29899 31.2424
      vertex -2.67219 -5.67869 31.2424
    endloop
  endfacet
  facet normal -0.351137 -0.638728 0.684638
    outer loop
      vertex -2.51851 -5.35211 31.6259
      vertex -3.16945 -4.99426 31.6259
      vertex -2.67219 -5.67869 31.2424
    endloop
  endfacet
  facet normal -0.364232 -0.501326 0.784861
    outer loop
      vertex -2.92608 -4.61076 31.9838
      vertex -3.48089 -4.20767 31.9838
      vertex -3.16945 -4.99426 31.6259
    endloop
  endfacet
  facet normal -0.249512 -0.453863 0.855425
    outer loop
      vertex -2.09506 -4.45224 32.3103
      vertex -2.63656 -4.15455 32.3103
      vertex -2.32512 -4.94114 31.9838
    endloop
  endfacet
  facet normal -0.201026 -0.276689 0.939698
    outer loop
      vertex -2.30545 -2.78682 32.8496
      vertex -2.74259 -3.31522 32.6005
      vertex -2.30545 -3.63282 32.6005
    endloop
  endfacet
  facet normal -0.250269 -0.344461 0.904827
    outer loop
      vertex -2.74259 -3.31522 32.6005
      vertex -3.13647 -3.79134 32.3103
      vertex -2.63656 -4.15455 32.3103
    endloop
  endfacet
  facet normal -0.720076 -0.595685 0.355879
    outer loop
      vertex -4.76595 -4.47552 30.8393
      vertex -5.4178 -3.93626 30.423
      vertex -4.88174 -4.58426 30.423
    endloop
  endfacet
  facet normal -0.764516 -0.632448 0.124594
    outer loop
      vertex -4.88174 -4.58426 30.423
      vertex -5.4178 -3.93626 30.423
      vertex -4.92054 -4.62069 30
    endloop
  endfacet
  facet normal 0.308861 -0.780087 0.544122
    outer loop
      vertex 2.67219 -5.67869 31.2424
      vertex 2.02033 -6.21795 30.8393
      vertex 2.78372 -5.9157 30.8393
    endloop
  endfacet
  facet normal 0.344029 -0.86891 0.355864
    outer loop
      vertex 2.78372 -5.9157 30.8393
      vertex 2.02033 -6.21795 30.8393
      vertex 2.06942 -6.36901 30.423
    endloop
  endfacet
  facet normal 0 -0.517925 0.855426
    outer loop
      vertex -0.308963 -4.91083 32.3103
      vertex 0.34289 -5.45009 31.9838
      vertex 0.308963 -4.91083 32.3103
    endloop
  endfacet
  facet normal 0 -0.517925 0.855426
    outer loop
      vertex 0.34289 -5.45009 31.9838
      vertex -0.308963 -4.91083 32.3103
      vertex -0.34289 -5.45009 31.9838
    endloop
  endfacet
  facet normal -0.228113 -0.576151 0.784866
    outer loop
      vertex -1.6875 -5.19359 31.9838
      vertex -2.32512 -4.94114 31.9838
      vertex -1.82786 -5.62557 31.6259
    endloop
  endfacet
  facet normal -0.228127 -0.576157 0.784858
    outer loop
      vertex -2.32512 -4.94114 31.9838
      vertex -2.51851 -5.35211 31.6259
      vertex -1.82786 -5.62557 31.6259
    endloop
  endfacet
  facet normal 0.232406 -0.905174 0.355875
    outer loop
      vertex 2.02033 -6.21795 30.8393
      vertex 1.22509 -6.42213 30.8393
      vertex 1.25485 -6.57816 30.423
    endloop
  endfacet
  facet normal 0.208649 -0.812646 0.544124
    outer loop
      vertex 2.02033 -6.21795 30.8393
      vertex 1.176 -6.16483 31.2424
      vertex 1.22509 -6.42213 30.8393
    endloop
  endfacet
  facet normal 0 -0.839009 0.544117
    outer loop
      vertex -0.41052 -6.52503 30.8393
      vertex 0.394073 -6.26361 31.2424
      vertex -0.394073 -6.26361 31.2424
    endloop
  endfacet
  facet normal 0 -0.839009 0.544117
    outer loop
      vertex 0.394073 -6.26361 31.2424
      vertex -0.41052 -6.52503 30.8393
      vertex 0.41052 -6.52503 30.8393
    endloop
  endfacet
  facet normal -0.0533104 0.0338309 0.998005
    outer loop
      vertex -0.34289 0.249125 33.3683
      vertex -1.02326 0.743444 33.3152
      vertex -0.371409 0.204185 33.3683
    endloop
  endfacet
  facet normal 0.115434 0.0543193 0.991829
    outer loop
      vertex 1.82786 1.00487 33.2098
      vertex 1.176 0.465612 33.3152
      vertex 1.93939 0.767858 33.2098
    endloop
  endfacet
  facet normal 0.121333 0.0394206 0.991829
    outer loop
      vertex 1.93939 0.767858 33.2098
      vertex 1.176 0.465612 33.3152
      vertex 2.02033 0.518733 33.2098
    endloop
  endfacet
  facet normal 0.115434 0.0543191 0.991829
    outer loop
      vertex 1.82786 1.00487 33.2098
      vertex 1.10837 0.609333 33.3152
      vertex 1.176 0.465612 33.3152
    endloop
  endfacet
  facet normal 0.107716 0.0683589 0.991829
    outer loop
      vertex 1.82786 1.00487 33.2098
      vertex 1.02326 0.743444 33.3152
      vertex 1.10837 0.609333 33.3152
    endloop
  endfacet
  facet normal 0.164254 0.104237 0.980895
    outer loop
      vertex 2.32512 1.6893 33.0538
      vertex 1.82786 1.00487 33.2098
      vertex 2.51851 1.38456 33.0538
    endloop
  endfacet
  facet normal 0.176021 0.0828333 0.980895
    outer loop
      vertex 2.51851 1.38456 33.0538
      vertex 1.82786 1.00487 33.2098
      vertex 2.67219 1.05799 33.0538
    endloop
  endfacet
  facet normal 0.133172 0.141809 0.980895
    outer loop
      vertex 2.09506 1.96739 33.0538
      vertex 1.32958 1.60719 33.2098
      vertex 1.52053 1.42787 33.2098
    endloop
  endfacet
  facet normal 0.0749893 0.103209 0.991829
    outer loop
      vertex 1.32958 1.60719 33.2098
      vertex 0.677726 1.06793 33.3152
      vertex 0.806229 0.974563 33.3152
    endloop
  endfacet
  facet normal -0.0630139 -0.00396561 0.998005
    outer loop
      vertex -0.423836 0 33.3683
      vertex -1.25485 -0.158524 33.3152
      vertex -0.420493 -0.0531206 33.3683
    endloop
  endfacet
  facet normal 0.477467 0.394995 0.784859
    outer loop
      vertex 4.3119 4.04914 31.6259
      vertex 3.9808 3.73822 31.9838
      vertex 4.78539 3.47679 31.6259
    endloop
  endfacet
  facet normal 0.561625 0.464617 0.684623
    outer loop
      vertex 5.07738 3.68893 31.2424
      vertex 4.3119 4.04914 31.6259
      vertex 4.78539 3.47679 31.6259
    endloop
  endfacet
  facet normal 0.424198 0.451719 0.784861
    outer loop
      vertex 3.77041 4.55764 31.6259
      vertex 3.48089 4.20767 31.9838
      vertex 4.3119 4.04914 31.6259
    endloop
  endfacet
  facet normal 0.250269 0.344461 0.904827
    outer loop
      vertex 3.13647 3.79134 32.3103
      vertex 2.63656 4.15455 32.3103
      vertex 2.74259 3.31522 32.6005
    endloop
  endfacet
  facet normal 0.304429 0.419013 0.855425
    outer loop
      vertex 2.92608 4.61076 31.9838
      vertex 2.63656 4.15455 32.3103
      vertex 3.48089 4.20767 31.9838
    endloop
  endfacet
  facet normal 0.328068 0.271401 0.904827
    outer loop
      vertex 3.58692 3.36834 32.3103
      vertex 3.13647 2.94534 32.6005
      vertex 3.9808 2.89222 32.3103
    endloop
  endfacet
  facet normal 0.19109 0.0364524 0.980895
    outer loop
      vertex 2.78372 0.714737 33.0538
      vertex 2.06942 0.261428 33.2098
      vertex 2.85135 0.360209 33.0538
    endloop
  endfacet
  facet normal 0.191087 0.0364566 0.980896
    outer loop
      vertex 2.78372 0.714737 33.0538
      vertex 2.02033 0.518733 33.2098
      vertex 2.06942 0.261428 33.2098
    endloop
  endfacet
  facet normal -0.18178 0.193578 0.964097
    outer loop
      vertex -2.30545 2.78682 32.8496
      vertex -2.63656 2.47589 32.8496
      vertex -2.09506 1.96739 33.0538
    endloop
  endfacet
  facet normal -0.133172 0.141809 0.980895
    outer loop
      vertex -1.32958 1.60719 33.2098
      vertex -2.09506 1.96739 33.0538
      vertex -1.52053 1.42787 33.2098
    endloop
  endfacet
  facet normal -0.0873321 0.0929986 0.991829
    outer loop
      vertex -0.806229 0.974563 33.3152
      vertex -1.32958 1.60719 33.2098
      vertex -0.922016 0.865831 33.3152
    endloop
  endfacet
  facet normal 0.0304169 0.0553288 0.998005
    outer loop
      vertex 0.538535 1.14445 33.3152
      vertex 0.18046 0.383498 33.3683
      vertex 0.677726 1.06793 33.3152
    endloop
  endfacet
  facet normal 0.0614639 0.111795 0.991829
    outer loop
      vertex 0.888118 1.88735 33.2098
      vertex 0.677726 1.06793 33.3152
      vertex 1.11766 1.76115 33.2098
    endloop
  endfacet
  facet normal 0.0483754 0.188426 0.980895
    outer loop
      vertex 0.538535 2.8231 33.0538
      vertex 0.390852 2.04892 33.2098
      vertex 0.888118 2.73335 33.0538
    endloop
  endfacet
  facet normal 0.0243843 0.193002 0.980895
    outer loop
      vertex 0.538535 2.8231 33.0538
      vertex 0.18046 2.86834 33.0538
      vertex 0.390852 2.04892 33.2098
    endloop
  endfacet
  facet normal -0.0716147 0.180876 0.980895
    outer loop
      vertex -0.644567 1.98378 33.2098
      vertex -1.22369 2.60048 33.0538
      vertex -0.888118 1.88735 33.2098
    endloop
  endfacet
  facet normal -0.125316 0.0239029 0.991829
    outer loop
      vertex -1.22509 0.314548 33.3152
      vertex -2.06942 0.261428 33.2098
      vertex -1.25485 0.158524 33.3152
    endloop
  endfacet
  facet normal -0.0630143 -0.00396314 0.998005
    outer loop
      vertex -0.423836 0 33.3683
      vertex -1.26482 0 33.3152
      vertex -1.25485 -0.158524 33.3152
    endloop
  endfacet
  facet normal 0.048649 0.0402467 0.998005
    outer loop
      vertex 1.02326 0.743444 33.3152
      vertex 0.308963 0.290135 33.3683
      vertex 0.34289 0.249125 33.3683
    endloop
  endfacet
  facet normal -0.00791425 0.0626405 0.998005
    outer loop
      vertex -0.0794182 1.26233 33.3152
      vertex -0.237004 1.24242 33.3152
      vertex -0.0266123 0.422999 33.3683
    endloop
  endfacet
  facet normal -0.0630143 0.00396314 0.998005
    outer loop
      vertex -1.25485 0.158524 33.3152
      vertex -1.26482 0 33.3152
      vertex -0.423836 0 33.3683
    endloop
  endfacet
  facet normal -0.125317 0.0239086 0.991829
    outer loop
      vertex -2.02033 0.518733 33.2098
      vertex -2.06942 0.261428 33.2098
      vertex -1.22509 0.314548 33.3152
    endloop
  endfacet
  facet normal -0.0483754 0.188426 0.980895
    outer loop
      vertex -0.538535 2.8231 33.0538
      vertex -0.888118 2.73335 33.0538
      vertex -0.390852 2.04892 33.2098
    endloop
  endfacet
  facet normal -0.0620202 0.0118305 0.998005
    outer loop
      vertex -0.41052 0.105403 33.3683
      vertex -1.22509 0.314548 33.3152
      vertex -0.420493 0.0531206 33.3683
    endloop
  endfacet
  facet normal -0.176021 0.0828333 0.980895
    outer loop
      vertex -2.51851 1.38456 33.0538
      vertex -2.67219 1.05799 33.0538
      vertex -1.82786 1.00487 33.2098
    endloop
  endfacet
  facet normal -0.176021 0.0828296 0.980895
    outer loop
      vertex -1.82786 1.00487 33.2098
      vertex -2.67219 1.05799 33.0538
      vertex -1.93939 0.767858 33.2098
    endloop
  endfacet
  facet normal 0.897777 0.422459 0.124596
    outer loop
      vertex 5.91507 3.25184 30
      vertex 5.86843 3.2262 30.423
      vertex 6.27599 2.48484 30
    endloop
  endfacet
  facet normal 0.897778 0.422455 0.124603
    outer loop
      vertex 6.27599 2.48484 30
      vertex 5.86843 3.2262 30.423
      vertex 6.2265 2.46525 30.423
    endloop
  endfacet
  facet normal 0.720076 0.595685 0.355879
    outer loop
      vertex 4.88174 4.58426 30.423
      vertex 4.76595 4.47552 30.8393
      vertex 5.4178 3.93626 30.423
    endloop
  endfacet
  facet normal 0.764516 0.632448 0.124594
    outer loop
      vertex 4.92054 4.62069 30
      vertex 4.88174 4.58426 30.423
      vertex 5.4178 3.93626 30.423
    endloop
  endfacet
  facet normal 0.498962 0.53134 0.684628
    outer loop
      vertex 4.575 4.29621 31.2424
      vertex 4.00047 4.83573 31.2424
      vertex 4.3119 4.04914 31.6259
    endloop
  endfacet
  facet normal 0.561624 0.464611 0.684628
    outer loop
      vertex 4.575 4.29621 31.2424
      vertex 4.3119 4.04914 31.6259
      vertex 5.07738 3.68893 31.2424
    endloop
  endfacet
  facet normal 0.232406 0.905174 0.355875
    outer loop
      vertex 1.25485 6.57816 30.423
      vertex 1.22509 6.42213 30.8393
      vertex 2.02033 6.21795 30.8393
    endloop
  endfacet
  facet normal 0.208649 0.812646 0.544124
    outer loop
      vertex 1.22509 6.42213 30.8393
      vertex 1.176 6.16483 31.2424
      vertex 2.02033 6.21795 30.8393
    endloop
  endfacet
  facet normal 0.493147 0.678766 0.544135
    outer loop
      vertex 3.5032 5.52016 30.8393
      vertex 3.36284 5.29899 31.2424
      vertex 4.00047 4.83573 31.2424
    endloop
  endfacet
  facet normal 0.208655 0.812638 0.544135
    outer loop
      vertex 2.02033 6.21795 30.8393
      vertex 1.176 6.16483 31.2424
      vertex 1.93939 5.96882 31.2424
    endloop
  endfacet
  facet normal 0.0533634 0.42242 0.904828
    outer loop
      vertex 0.308963 4.91083 32.3103
      vertex 0.270163 4.29412 32.6005
      vertex 0.806229 4.2264 32.6005
    endloop
  endfacet
  facet normal 0.0649157 0.513838 0.855428
    outer loop
      vertex 1.02326 5.36414 31.9838
      vertex 0.308963 4.91083 32.3103
      vertex 0.922016 4.83338 32.3103
    endloop
  endfacet
  facet normal -0.0776654 0.614784 0.784862
    outer loop
      vertex -0.371409 5.9034 31.6259
      vertex -1.10837 5.8103 31.6259
      vertex -1.02326 5.36414 31.9838
    endloop
  endfacet
  facet normal -0.0913547 0.723145 0.684628
    outer loop
      vertex -0.394073 6.26361 31.2424
      vertex -1.10837 5.8103 31.6259
      vertex -0.371409 5.9034 31.6259
    endloop
  endfacet
  facet normal 0 0.517925 0.855426
    outer loop
      vertex 0.34289 5.45009 31.9838
      vertex -0.308963 4.91083 32.3103
      vertex 0.308963 4.91083 32.3103
    endloop
  endfacet
  facet normal 0 0.517925 0.855426
    outer loop
      vertex -0.308963 4.91083 32.3103
      vertex 0.34289 5.45009 31.9838
      vertex -0.34289 5.45009 31.9838
    endloop
  endfacet
  facet normal 0.0776654 0.614784 0.784862
    outer loop
      vertex 1.10837 5.8103 31.6259
      vertex 0.371409 5.9034 31.6259
      vertex 1.02326 5.36414 31.9838
    endloop
  endfacet
  facet normal -0.105152 0.832394 0.544118
    outer loop
      vertex -0.41052 6.52503 30.8393
      vertex -1.22509 6.42213 30.8393
      vertex -0.394073 6.26361 31.2424
    endloop
  endfacet
  facet normal -0.105155 0.83239 0.544123
    outer loop
      vertex -0.394073 6.26361 31.2424
      vertex -1.22509 6.42213 30.8393
      vertex -1.176 6.16483 31.2424
    endloop
  endfacet
  facet normal 0.298527 0.543029 0.784858
    outer loop
      vertex 2.51851 5.35211 31.6259
      vertex 2.32512 4.94114 31.9838
      vertex 3.16945 4.99426 31.6259
    endloop
  endfacet
  facet normal 0.549305 0.756067 0.355847
    outer loop
      vertex 4.26868 5.15995 30.423
      vertex 3.5032 5.52016 30.8393
      vertex 4.16744 5.03757 30.8393
    endloop
  endfacet
  facet normal 0.246755 0.961035 0.124596
    outer loop
      vertex 2.08586 6.41963 30
      vertex 1.26482 6.63044 30
      vertex 2.06942 6.36901 30.423
    endloop
  endfacet
  facet normal -0.468634 -0.220521 0.855425
    outer loop
      vertex -4.575 -1.81137 32.3103
      vertex -5.07738 -2.01028 31.9838
      vertex -4.3119 -2.37049 32.3103
    endloop
  endfacet
  facet normal -0.385259 -0.181288 0.904826
    outer loop
      vertex -4.00047 -1.5839 32.6005
      vertex -4.575 -1.81137 32.3103
      vertex -4.3119 -2.37049 32.3103
    endloop
  endfacet
  facet normal -0.156092 -0.214836 0.964096
    outer loop
      vertex -1.83196 -2.21446 33.0538
      vertex -1.93799 -3.05379 32.8496
      vertex -1.53997 -2.42661 33.0538
    endloop
  endfacet
  facet normal -0.288768 -0.183253 0.939698
    outer loop
      vertex -3.16945 -1.74242 32.8496
      vertex -3.48089 -2.52901 32.6005
      vertex -2.92608 -2.12592 32.8496
    endloop
  endfacet
  facet normal -0.523203 -0.332043 0.784861
    outer loop
      vertex -4.41793 -3.20982 31.9838
      vertex -5.18342 -2.84961 31.6259
      vertex -4.78539 -3.47679 31.6259
    endloop
  endfacet
  facet normal -0.615424 -0.390569 0.684623
    outer loop
      vertex -4.78539 -3.47679 31.6259
      vertex -5.18342 -2.84961 31.6259
      vertex -5.07738 -3.68893 31.2424
    endloop
  endfacet
  facet normal -0.0983008 -0.0813188 0.991829
    outer loop
      vertex -1.02326 -0.743444 33.3152
      vertex -1.52053 -1.42787 33.2098
      vertex -0.922016 -0.865831 33.3152
    endloop
  endfacet
  facet normal -0.133172 -0.141809 0.980895
    outer loop
      vertex -1.52053 -1.42787 33.2098
      vertex -2.09506 -1.96739 33.0538
      vertex -1.32958 -1.60719 33.2098
    endloop
  endfacet
  facet normal -0.164254 -0.104237 0.980895
    outer loop
      vertex -1.82786 -1.00487 33.2098
      vertex -2.51851 -1.38456 33.0538
      vertex -2.32512 -1.6893 33.0538
    endloop
  endfacet
  facet normal -0.0157014 -0.061155 0.998005
    outer loop
      vertex -0.130972 -0.403091 33.3683
      vertex -0.390852 -1.20292 33.3152
      vertex -0.237004 -1.24242 33.3152
    endloop
  endfacet
  facet normal -0.115434 -0.0543191 0.991829
    outer loop
      vertex -1.176 -0.465612 33.3152
      vertex -1.82786 -1.00487 33.2098
      vertex -1.10837 -0.609333 33.3152
    endloop
  endfacet
  facet normal -0.176021 -0.0828296 0.980895
    outer loop
      vertex -1.93939 -0.767858 33.2098
      vertex -2.67219 -1.05799 33.0538
      vertex -1.82786 -1.00487 33.2098
    endloop
  endfacet
  facet normal -0.240281 -0.113066 0.964096
    outer loop
      vertex -2.67219 -1.05799 33.0538
      vertex -3.36284 -1.33144 32.8496
      vertex -3.16945 -1.74242 32.8496
    endloop
  endfacet
  facet normal -0.309454 -0.145619 0.939699
    outer loop
      vertex -3.16945 -1.74242 32.8496
      vertex -4.00047 -1.5839 32.6005
      vertex -3.77041 -2.0728 32.6005
    endloop
  endfacet
  facet normal -0.234119 -0.249314 0.939697
    outer loop
      vertex -2.63656 -2.47589 32.8496
      vertex -3.13647 -2.94534 32.6005
      vertex -2.30545 -2.78682 32.8496
    endloop
  endfacet
  facet normal -0.26352 -0.218004 0.939698
    outer loop
      vertex -2.92608 -2.12592 32.8496
      vertex -3.48089 -2.52901 32.6005
      vertex -3.13647 -2.94534 32.6005
    endloop
  endfacet
  facet normal -0.0317258 0.123568 0.991829
    outer loop
      vertex -0.237004 1.24242 33.3152
      vertex -0.644567 1.98378 33.2098
      vertex -0.390852 1.20292 33.3152
    endloop
  endfacet
  facet normal 0 0.265554 0.964096
    outer loop
      vertex 0.227102 3.60969 32.8496
      vertex -0.18046 2.86834 33.0538
      vertex 0.18046 2.86834 33.0538
    endloop
  endfacet
  facet normal 0 0.265554 0.964096
    outer loop
      vertex -0.18046 2.86834 33.0538
      vertex 0.227102 3.60969 32.8496
      vertex -0.227102 3.60969 32.8496
    endloop
  endfacet
  facet normal -0.0469645 0.118617 0.991829
    outer loop
      vertex -0.644567 1.98378 33.2098
      vertex -0.888118 1.88735 33.2098
      vertex -0.538535 1.14445 33.3152
    endloop
  endfacet
  facet normal -0.11434 0.157384 0.980896
    outer loop
      vertex -1.11766 1.76115 33.2098
      vertex -1.53997 2.42661 33.0538
      vertex -1.32958 1.60719 33.2098
    endloop
  endfacet
  facet normal -0.20461 0.169268 0.964097
    outer loop
      vertex -2.63656 2.47589 32.8496
      vertex -2.92608 2.12592 32.8496
      vertex -2.09506 1.96739 33.0538
    endloop
  endfacet
  facet normal -0.204609 0.16927 0.964097
    outer loop
      vertex -2.09506 1.96739 33.0538
      vertex -2.92608 2.12592 32.8496
      vertex -2.32512 1.6893 33.0538
    endloop
  endfacet
  facet normal -0.0533634 0.42242 0.904828
    outer loop
      vertex -0.308963 4.91083 32.3103
      vertex -0.806229 4.2264 32.6005
      vertex -0.270163 4.29412 32.6005
    endloop
  endfacet
  facet normal -0.0660343 0.257208 0.964097
    outer loop
      vertex -0.677726 3.55277 32.8496
      vertex -0.888118 2.73335 33.0538
      vertex -0.538535 2.8231 33.0538
    endloop
  endfacet
  facet normal -0.125897 0.317989 0.939698
    outer loop
      vertex -1.32958 4.09203 32.6005
      vertex -1.53997 3.27261 32.8496
      vertex -1.11766 3.43981 32.8496
    endloop
  endfacet
  facet normal -0.105886 0.412403 0.904827
    outer loop
      vertex -0.922016 4.83338 32.3103
      vertex -1.52053 4.67971 32.3103
      vertex -0.806229 4.2264 32.6005
    endloop
  endfacet
  facet normal -0.105885 0.412405 0.904826
    outer loop
      vertex -0.806229 4.2264 32.6005
      vertex -1.52053 4.67971 32.3103
      vertex -1.32958 4.09203 32.6005
    endloop
  endfacet
  facet normal -0.0850517 0.331264 0.939697
    outer loop
      vertex -0.806229 4.2264 32.6005
      vertex -1.32958 4.09203 32.6005
      vertex -0.677726 3.55277 32.8496
    endloop
  endfacet
  facet normal 0 0.342005 0.939698
    outer loop
      vertex 0.270163 4.29412 32.6005
      vertex -0.227102 3.60969 32.8496
      vertex 0.227102 3.60969 32.8496
    endloop
  endfacet
  facet normal 0 0.342005 0.939698
    outer loop
      vertex -0.227102 3.60969 32.8496
      vertex 0.270163 4.29412 32.6005
      vertex -0.270163 4.29412 32.6005
    endloop
  endfacet
  facet normal -0.291466 0.31038 0.904827
    outer loop
      vertex -3.13647 3.79134 32.3103
      vertex -3.58692 3.36834 32.3103
      vertex -2.74259 3.31522 32.6005
    endloop
  endfacet
  facet normal -0.250269 0.344461 0.904827
    outer loop
      vertex -2.63656 4.15455 32.3103
      vertex -3.13647 3.79134 32.3103
      vertex -2.74259 3.31522 32.6005
    endloop
  endfacet
  facet normal -0.246756 -0.961035 0.124594
    outer loop
      vertex -1.25485 -6.57816 30.423
      vertex -2.06942 -6.36901 30.423
      vertex -1.26482 -6.63044 30
    endloop
  endfacet
  facet normal -0.232414 -0.905177 0.355862
    outer loop
      vertex -2.02033 -6.21795 30.8393
      vertex -2.06942 -6.36901 30.423
      vertex -1.25485 -6.57816 30.423
    endloop
  endfacet
  facet normal 0.560698 -0.263836 0.784862
    outer loop
      vertex 5.49969 -2.17748 31.6259
      vertex 5.07738 -2.01028 31.9838
      vertex 5.18342 -2.84961 31.6259
    endloop
  endfacet
  facet normal 0.589342 -0.19149 0.784862
    outer loop
      vertex 5.2893 -1.35806 31.9838
      vertex 5.07738 -2.01028 31.9838
      vertex 5.49969 -2.17748 31.6259
    endloop
  endfacet
  facet normal 0.234119 -0.249314 0.939697
    outer loop
      vertex 2.63656 -2.47589 32.8496
      vertex 2.30545 -2.78682 32.8496
      vertex 3.13647 -2.94534 32.6005
    endloop
  endfacet
  facet normal 0.263521 -0.218003 0.939697
    outer loop
      vertex 2.92608 -2.12592 32.8496
      vertex 2.63656 -2.47589 32.8496
      vertex 3.13647 -2.94534 32.6005
    endloop
  endfacet
  facet normal 0.679209 -0.72329 0.124604
    outer loop
      vertex 4.92054 -4.62069 30
      vertex 4.26868 -5.15995 30.423
      vertex 4.30261 -5.20096 30
    endloop
  endfacet
  facet normal 0.583206 -0.802711 0.124604
    outer loop
      vertex 4.26868 -5.15995 30.423
      vertex 3.61683 -5.69921 30
      vertex 4.30261 -5.20096 30
    endloop
  endfacet
  facet normal 0.837744 -0.531656 0.124607
    outer loop
      vertex 5.91507 -3.25184 30
      vertex 5.4178 -3.93626 30.423
      vertex 5.46086 -3.96755 30
    endloop
  endfacet
  facet normal 0.523203 -0.332043 0.784861
    outer loop
      vertex 5.18342 -2.84961 31.6259
      vertex 4.41793 -3.20982 31.9838
      vertex 4.78539 -3.47679 31.6259
    endloop
  endfacet
  facet normal 0.5232 -0.33203 0.784868
    outer loop
      vertex 4.78539 -2.63079 31.9838
      vertex 4.41793 -3.20982 31.9838
      vertex 5.18342 -2.84961 31.6259
    endloop
  endfacet
  facet normal 0.325265 -0.105685 0.939698
    outer loop
      vertex 4.16744 -1.07002 32.6005
      vertex 3.5032 -0.899468 32.8496
      vertex 4.00047 -1.5839 32.6005
    endloop
  endfacet
  facet normal 0.404942 -0.131574 0.904826
    outer loop
      vertex 4.16744 -1.07002 32.6005
      vertex 4.00047 -1.5839 32.6005
      vertex 4.76595 -1.22369 32.3103
    endloop
  endfacet
  facet normal 0.797941 0.259263 0.544125
    outer loop
      vertex 6.07882 2.40677 30.8393
      vertex 5.83527 2.31035 31.2424
      vertex 6.33253 1.62592 30.8393
    endloop
  endfacet
  facet normal 0.797941 0.259263 0.544125
    outer loop
      vertex 6.33253 1.62592 30.8393
      vertex 5.83527 2.31035 31.2424
      vertex 6.07882 1.56077 31.2424
    endloop
  endfacet
  facet normal -0.0873336 0.0929977 0.991829
    outer loop
      vertex -1.32958 1.60719 33.2098
      vertex -1.52053 1.42787 33.2098
      vertex -0.922016 0.865831 33.3152
    endloop
  endfacet
  facet normal -0.0620204 -0.0118298 0.998005
    outer loop
      vertex -0.420493 -0.0531206 33.3683
      vertex -1.25485 -0.158524 33.3152
      vertex -1.22509 -0.314548 33.3152
    endloop
  endfacet
  facet normal -0.0159914 -0.12657 0.991829
    outer loop
      vertex -0.0794182 -1.26233 33.3152
      vertex -0.237004 -1.24242 33.3152
      vertex -0.130972 -2.08175 33.2098
    endloop
  endfacet
  facet normal 0.0159914 -0.12657 0.991829
    outer loop
      vertex 0.237004 -1.24242 33.3152
      vertex 0.0794182 -1.26233 33.3152
      vertex 0.130972 -2.08175 33.2098
    endloop
  endfacet
  facet normal -0.0432215 0.0460259 0.998005
    outer loop
      vertex -0.806229 0.974563 33.3152
      vertex -0.922016 0.865831 33.3152
      vertex -0.308963 0.290135 33.3683
    endloop
  endfacet
  facet normal 0.0983008 0.0813188 0.991829
    outer loop
      vertex 1.52053 1.42787 33.2098
      vertex 0.922016 0.865831 33.3152
      vertex 1.02326 0.743444 33.3152
    endloop
  endfacet
  facet normal 0.0983008 -0.0813188 0.991829
    outer loop
      vertex 1.02326 -0.743444 33.3152
      vertex 0.922016 -0.865831 33.3152
      vertex 1.52053 -1.42787 33.2098
    endloop
  endfacet
  facet normal 0.0486499 -0.0402454 0.998005
    outer loop
      vertex 1.02326 -0.743444 33.3152
      vertex 0.308963 -0.290135 33.3683
      vertex 0.922016 -0.865831 33.3152
    endloop
  endfacet
  facet normal -0.0749893 -0.103209 0.991829
    outer loop
      vertex -0.806229 -0.974563 33.3152
      vertex -1.32958 -1.60719 33.2098
      vertex -0.677726 -1.06793 33.3152
    endloop
  endfacet
  facet normal -0.0749852 -0.103214 0.991829
    outer loop
      vertex -0.677726 -1.06793 33.3152
      vertex -1.32958 -1.60719 33.2098
      vertex -1.11766 -1.76115 33.2098
    endloop
  endfacet
  facet normal 0.00791344 0.0626407 0.998005
    outer loop
      vertex 0.237004 1.24242 33.3152
      vertex 0.0266123 0.422999 33.3683
      vertex 0.0794182 0.416328 33.3683
    endloop
  endfacet
  facet normal 0.00791425 -0.0626405 0.998005
    outer loop
      vertex 0.237004 -1.24242 33.3152
      vertex 0.0266123 -0.422999 33.3683
      vertex 0.0794182 -1.26233 33.3152
    endloop
  endfacet
  facet normal 0.121333 -0.0394206 0.991829
    outer loop
      vertex 2.02033 -0.518733 33.2098
      vertex 1.176 -0.465612 33.3152
      vertex 1.93939 -0.767858 33.2098
    endloop
  endfacet
  facet normal -0.00791344 -0.0626407 0.998005
    outer loop
      vertex -0.0794182 -0.416328 33.3683
      vertex -0.237004 -1.24242 33.3152
      vertex -0.0266123 -0.422999 33.3683
    endloop
  endfacet
  facet normal 0.0649157 -0.513838 0.855428
    outer loop
      vertex 0.922016 -4.83338 32.3103
      vertex 0.308963 -4.91083 32.3103
      vertex 1.02326 -5.36414 31.9838
    endloop
  endfacet
  facet normal 0.0428598 -0.339312 0.939697
    outer loop
      vertex 0.677726 -3.55277 32.8496
      vertex 0.227102 -3.60969 32.8496
      vertex 0.806229 -4.2264 32.6005
    endloop
  endfacet
  facet normal 0.0243814 -0.193002 0.980895
    outer loop
      vertex 0.390852 -2.04892 33.2098
      vertex 0.130972 -2.08175 33.2098
      vertex 0.18046 -2.86834 33.0538
    endloop
  endfacet
  facet normal 0.085056 -0.331259 0.939698
    outer loop
      vertex 1.11766 -3.43981 32.8496
      vertex 0.677726 -3.55277 32.8496
      vertex 1.32958 -4.09203 32.6005
    endloop
  endfacet
  facet normal 0.164762 -0.299705 0.939697
    outer loop
      vertex 2.30545 -3.63282 32.6005
      vertex 1.53997 -3.27261 32.8496
      vertex 1.83196 -3.89312 32.6005
    endloop
  endfacet
  facet normal 0.181783 -0.193577 0.964097
    outer loop
      vertex 2.09506 -1.96739 33.0538
      vertex 1.83196 -2.21446 33.0538
      vertex 2.30545 -2.78682 32.8496
    endloop
  endfacet
  facet normal 0.0982985 -0.0813205 0.991829
    outer loop
      vertex 1.6875 -1.22604 33.2098
      vertex 1.02326 -0.743444 33.3152
      vertex 1.52053 -1.42787 33.2098
    endloop
  endfacet
  facet normal 0.048377 -0.188425 0.980895
    outer loop
      vertex 0.644567 -1.98378 33.2098
      vertex 0.390852 -2.04892 33.2098
      vertex 0.888118 -2.73335 33.0538
    endloop
  endfacet
  facet normal 0.0977603 -0.2469 0.964097
    outer loop
      vertex 1.22369 -2.60048 33.0538
      vertex 0.888118 -2.73335 33.0538
      vertex 1.53997 -3.27261 32.8496
    endloop
  endfacet
  facet normal -0.0660428 -0.25721 0.964096
    outer loop
      vertex -0.888118 -2.73335 33.0538
      vertex -1.11766 -3.43981 32.8496
      vertex -0.677726 -3.55277 32.8496
    endloop
  endfacet
  facet normal -0.0483754 -0.188426 0.980895
    outer loop
      vertex -0.390852 -2.04892 33.2098
      vertex -0.888118 -2.73335 33.0538
      vertex -0.538535 -2.8231 33.0538
    endloop
  endfacet
  facet normal 0.125316 -0.0239029 0.991829
    outer loop
      vertex 1.25485 -0.158524 33.3152
      vertex 1.22509 -0.314548 33.3152
      vertex 2.06942 -0.261428 33.2098
    endloop
  endfacet
  facet normal 0.0620204 -0.0118298 0.998005
    outer loop
      vertex 1.25485 -0.158524 33.3152
      vertex 0.420493 -0.0531206 33.3683
      vertex 1.22509 -0.314548 33.3152
    endloop
  endfacet
  facet normal 0.0304169 -0.0553288 0.998005
    outer loop
      vertex 0.677726 -1.06793 33.3152
      vertex 0.18046 -0.383498 33.3683
      vertex 0.538535 -1.14445 33.3152
    endloop
  endfacet
  facet normal 0.0469645 -0.118617 0.991829
    outer loop
      vertex 0.888118 -1.88735 33.2098
      vertex 0.538535 -1.14445 33.3152
      vertex 0.644567 -1.98378 33.2098
    endloop
  endfacet
  facet normal 0.149892 -0.124003 0.980895
    outer loop
      vertex 2.32512 -1.6893 33.0538
      vertex 1.6875 -1.22604 33.2098
      vertex 2.09506 -1.96739 33.0538
    endloop
  endfacet
  facet normal 0.115434 -0.0543193 0.991829
    outer loop
      vertex 1.93939 -0.767858 33.2098
      vertex 1.176 -0.465612 33.3152
      vertex 1.82786 -1.00487 33.2098
    endloop
  endfacet
  facet normal -0.205118 -0.373112 0.904828
    outer loop
      vertex -1.83196 -3.89312 32.6005
      vertex -2.30545 -3.63282 32.6005
      vertex -2.09506 -4.45224 32.3103
    endloop
  endfacet
  facet normal -0.164762 -0.299705 0.939697
    outer loop
      vertex -1.53997 -3.27261 32.8496
      vertex -2.30545 -3.63282 32.6005
      vertex -1.83196 -3.89312 32.6005
    endloop
  endfacet
  facet normal 0.428433 0.589692 0.684623
    outer loop
      vertex 4.00047 4.83573 31.2424
      vertex 3.16945 4.99426 31.6259
      vertex 3.77041 4.55764 31.6259
    endloop
  endfacet
  facet normal 0.364232 0.501326 0.784861
    outer loop
      vertex 3.77041 4.55764 31.6259
      vertex 3.16945 4.99426 31.6259
      vertex 3.48089 4.20767 31.9838
    endloop
  endfacet
  facet normal 0.249513 0.453863 0.855425
    outer loop
      vertex 2.92608 4.61076 31.9838
      vertex 2.32512 4.94114 31.9838
      vertex 2.63656 4.15455 32.3103
    endloop
  endfacet
  facet normal 0.249512 0.453863 0.855425
    outer loop
      vertex 2.32512 4.94114 31.9838
      vertex 2.09506 4.45224 32.3103
      vertex 2.63656 4.15455 32.3103
    endloop
  endfacet
  facet normal 0.156085 0.214837 0.964097
    outer loop
      vertex 1.93799 3.05379 32.8496
      vertex 1.83196 2.21446 33.0538
      vertex 2.30545 2.78682 32.8496
    endloop
  endfacet
  facet normal 0.181783 0.193577 0.964097
    outer loop
      vertex 2.30545 2.78682 32.8496
      vertex 1.83196 2.21446 33.0538
      vertex 2.09506 1.96739 33.0538
    endloop
  endfacet
  facet normal 0.234119 0.249314 0.939697
    outer loop
      vertex 3.13647 2.94534 32.6005
      vertex 2.30545 2.78682 32.8496
      vertex 2.63656 2.47589 32.8496
    endloop
  endfacet
  facet normal 0.263521 0.218003 0.939697
    outer loop
      vertex 3.13647 2.94534 32.6005
      vertex 2.63656 2.47589 32.8496
      vertex 2.92608 2.12592 32.8496
    endloop
  endfacet
  facet normal -0.149892 0.124003 0.980895
    outer loop
      vertex -1.52053 1.42787 33.2098
      vertex -2.09506 1.96739 33.0538
      vertex -1.6875 1.22604 33.2098
    endloop
  endfacet
  facet normal -0.0982985 0.0813205 0.991829
    outer loop
      vertex -1.52053 1.42787 33.2098
      vertex -1.6875 1.22604 33.2098
      vertex -1.02326 0.743444 33.3152
    endloop
  endfacet
  facet normal 0 -0.0631384 0.998005
    outer loop
      vertex -0.0266123 -0.422999 33.3683
      vertex 0.0794182 -1.26233 33.3152
      vertex 0.0266123 -0.422999 33.3683
    endloop
  endfacet
  facet normal 0 -0.0631384 0.998005
    outer loop
      vertex 0.0794182 -1.26233 33.3152
      vertex -0.0266123 -0.422999 33.3683
      vertex -0.0794182 -1.26233 33.3152
    endloop
  endfacet
  facet normal -0.0304169 0.0553288 0.998005
    outer loop
      vertex -0.538535 1.14445 33.3152
      vertex -0.677726 1.06793 33.3152
      vertex -0.18046 0.383498 33.3683
    endloop
  endfacet
  facet normal 0.0469645 0.118617 0.991829
    outer loop
      vertex 0.644567 1.98378 33.2098
      vertex 0.538535 1.14445 33.3152
      vertex 0.888118 1.88735 33.2098
    endloop
  endfacet
  facet normal 0.0469625 0.118618 0.991829
    outer loop
      vertex 0.644567 1.98378 33.2098
      vertex 0.390852 1.20292 33.3152
      vertex 0.538535 1.14445 33.3152
    endloop
  endfacet
  facet normal 0.0317255 0.123568 0.991829
    outer loop
      vertex 0.390852 2.04892 33.2098
      vertex 0.237004 1.24242 33.3152
      vertex 0.644567 1.98378 33.2098
    endloop
  endfacet
  facet normal 0.0159893 0.12657 0.991829
    outer loop
      vertex 0.390852 2.04892 33.2098
      vertex 0.130972 2.08175 33.2098
      vertex 0.237004 1.24242 33.3152
    endloop
  endfacet
  facet normal -0.0600484 -0.01951 0.998005
    outer loop
      vertex -0.41052 -0.105403 33.3683
      vertex -1.22509 -0.314548 33.3152
      vertex -0.394073 -0.156024 33.3683
    endloop
  endfacet
  facet normal -0.0371129 0.0510793 0.998005
    outer loop
      vertex -0.677726 1.06793 33.3152
      vertex -0.806229 0.974563 33.3152
      vertex -0.227102 0.357856 33.3683
    endloop
  endfacet
  facet normal 0.00791425 0.0626405 0.998005
    outer loop
      vertex 0.0794182 1.26233 33.3152
      vertex 0.0266123 0.422999 33.3683
      vertex 0.237004 1.24242 33.3152
    endloop
  endfacet
  facet normal 0.0371129 -0.0510793 0.998005
    outer loop
      vertex 0.806229 -0.974563 33.3152
      vertex 0.227102 -0.357856 33.3683
      vertex 0.677726 -1.06793 33.3152
    endloop
  endfacet
  facet normal -0.0571291 0.0268843 0.998005
    outer loop
      vertex -0.371409 0.204185 33.3683
      vertex -1.10837 0.609333 33.3152
      vertex -0.394073 0.156024 33.3683
    endloop
  endfacet
  facet normal -0.0571298 0.0268832 0.998005
    outer loop
      vertex -1.10837 0.609333 33.3152
      vertex -1.176 0.465612 33.3152
      vertex -0.394073 0.156024 33.3683
    endloop
  endfacet
  facet normal -0.107716 0.068359 0.991829
    outer loop
      vertex -1.6875 1.22604 33.2098
      vertex -1.82786 1.00487 33.2098
      vertex -1.02326 0.743444 33.3152
    endloop
  endfacet
  facet normal -0.164252 0.104238 0.980895
    outer loop
      vertex -1.6875 1.22604 33.2098
      vertex -2.32512 1.6893 33.0538
      vertex -1.82786 1.00487 33.2098
    endloop
  endfacet
  facet normal 0.450219 0.81894 0.355865
    outer loop
      vertex 2.85135 6.05942 30.423
      vertex 2.78372 5.9157 30.8393
      vertex 3.58831 5.65427 30.423
    endloop
  endfacet
  facet normal 0.639747 0.681247 0.355847
    outer loop
      vertex 4.26868 5.15995 30.423
      vertex 4.16744 5.03757 30.8393
      vertex 4.76595 4.47552 30.8393
    endloop
  endfacet
  facet normal 0.105155 0.83239 0.544123
    outer loop
      vertex 1.22509 6.42213 30.8393
      vertex 0.394073 6.26361 31.2424
      vertex 1.176 6.16483 31.2424
    endloop
  endfacet
  facet normal 0.0913541 0.723145 0.684628
    outer loop
      vertex 1.176 6.16483 31.2424
      vertex 0.394073 6.26361 31.2424
      vertex 1.10837 5.8103 31.6259
    endloop
  endfacet
  facet normal 0.268321 0.677716 0.68462
    outer loop
      vertex 1.93939 5.96882 31.2424
      vertex 1.82786 5.62557 31.6259
      vertex 2.67219 5.67869 31.2424
    endloop
  endfacet
  facet normal 0.232414 0.905177 0.355862
    outer loop
      vertex 2.06942 6.36901 30.423
      vertex 1.25485 6.57816 30.423
      vertex 2.02033 6.21795 30.8393
    endloop
  endfacet
  facet normal 0.0533666 0.422422 0.904827
    outer loop
      vertex 0.922016 4.83338 32.3103
      vertex 0.308963 4.91083 32.3103
      vertex 0.806229 4.2264 32.6005
    endloop
  endfacet
  facet normal 0.105886 0.412403 0.904827
    outer loop
      vertex 0.922016 4.83338 32.3103
      vertex 0.806229 4.2264 32.6005
      vertex 1.52053 4.67971 32.3103
    endloop
  endfacet
  facet normal 0 0.61967 0.784863
    outer loop
      vertex 0.371409 5.9034 31.6259
      vertex -0.34289 5.45009 31.9838
      vertex 0.34289 5.45009 31.9838
    endloop
  endfacet
  facet normal 0 0.61967 0.784863
    outer loop
      vertex -0.34289 5.45009 31.9838
      vertex 0.371409 5.9034 31.6259
      vertex -0.371409 5.9034 31.6259
    endloop
  endfacet
  facet normal 0.450219 0.81894 0.355864
    outer loop
      vertex 3.58831 5.65427 30.423
      vertex 2.78372 5.9157 30.8393
      vertex 3.5032 5.52016 30.8393
    endloop
  endfacet
  facet normal 0.493143 0.678766 0.544138
    outer loop
      vertex 4.16744 5.03757 30.8393
      vertex 3.5032 5.52016 30.8393
      vertex 4.00047 4.83573 31.2424
    endloop
  endfacet
  facet normal -0.23412 -0.249311 0.939698
    outer loop
      vertex -2.30545 -2.78682 32.8496
      vertex -3.13647 -2.94534 32.6005
      vertex -2.74259 -3.31522 32.6005
    endloop
  endfacet
  facet normal -0.201022 -0.276689 0.939698
    outer loop
      vertex -2.30545 -2.78682 32.8496
      vertex -2.30545 -3.63282 32.6005
      vertex -1.93799 -3.05379 32.8496
    endloop
  endfacet
  facet normal -0.477467 -0.394995 0.784859
    outer loop
      vertex -3.9808 -3.73822 31.9838
      vertex -4.78539 -3.47679 31.6259
      vertex -4.3119 -4.04914 31.6259
    endloop
  endfacet
  facet normal -0.561625 -0.464617 0.684623
    outer loop
      vertex -4.78539 -3.47679 31.6259
      vertex -5.07738 -3.68893 31.2424
      vertex -4.3119 -4.04914 31.6259
    endloop
  endfacet
  facet normal -0.0937149 -0.170473 0.980896
    outer loop
      vertex -1.11766 -1.76115 33.2098
      vertex -1.53997 -2.42661 33.0538
      vertex -1.22369 -2.60048 33.0538
    endloop
  endfacet
  facet normal -0.0937238 -0.170472 0.980895
    outer loop
      vertex -1.11766 -1.76115 33.2098
      vertex -1.22369 -2.60048 33.0538
      vertex -0.888118 -1.88735 33.2098
    endloop
  endfacet
  facet normal -0.0873336 -0.0929977 0.991829
    outer loop
      vertex -0.922016 -0.865831 33.3152
      vertex -1.52053 -1.42787 33.2098
      vertex -1.32958 -1.60719 33.2098
    endloop
  endfacet
  facet normal -0.0873321 -0.0929986 0.991829
    outer loop
      vertex -0.922016 -0.865831 33.3152
      vertex -1.32958 -1.60719 33.2098
      vertex -0.806229 -0.974563 33.3152
    endloop
  endfacet
  facet normal -0.115434 -0.0543193 0.991829
    outer loop
      vertex -1.176 -0.465612 33.3152
      vertex -1.93939 -0.767858 33.2098
      vertex -1.82786 -1.00487 33.2098
    endloop
  endfacet
  facet normal -0.121333 -0.0394206 0.991829
    outer loop
      vertex -1.176 -0.465612 33.3152
      vertex -2.02033 -0.518733 33.2098
      vertex -1.93939 -0.767858 33.2098
    endloop
  endfacet
  facet normal -0.164252 -0.104238 0.980895
    outer loop
      vertex -1.82786 -1.00487 33.2098
      vertex -2.32512 -1.6893 33.0538
      vertex -1.6875 -1.22604 33.2098
    endloop
  endfacet
  facet normal -0.149892 -0.124003 0.980895
    outer loop
      vertex -1.6875 -1.22604 33.2098
      vertex -2.32512 -1.6893 33.0538
      vertex -2.09506 -1.96739 33.0538
    endloop
  endfacet
  facet normal -0.252557 -0.0820629 0.964096
    outer loop
      vertex -2.67219 -1.05799 33.0538
      vertex -3.5032 -0.899468 32.8496
      vertex -3.36284 -1.33144 32.8496
    endloop
  endfacet
  facet normal -0.325263 -0.105687 0.939699
    outer loop
      vertex -3.5032 -0.899468 32.8496
      vertex -4.00047 -1.5839 32.6005
      vertex -3.36284 -1.33144 32.8496
    endloop
  endfacet
  facet normal 0 0.194536 0.980895
    outer loop
      vertex 0.18046 2.86834 33.0538
      vertex -0.130972 2.08175 33.2098
      vertex 0.130972 2.08175 33.2098
    endloop
  endfacet
  facet normal 0 0.194536 0.980895
    outer loop
      vertex -0.130972 2.08175 33.2098
      vertex 0.18046 2.86834 33.0538
      vertex -0.18046 2.86834 33.0538
    endloop
  endfacet
  facet normal -0.0159893 0.12657 0.991829
    outer loop
      vertex -0.130972 2.08175 33.2098
      vertex -0.390852 2.04892 33.2098
      vertex -0.237004 1.24242 33.3152
    endloop
  endfacet
  facet normal -0.0243843 0.193002 0.980895
    outer loop
      vertex -0.18046 2.86834 33.0538
      vertex -0.538535 2.8231 33.0538
      vertex -0.390852 2.04892 33.2098
    endloop
  endfacet
  facet normal -0.0977603 0.2469 0.964097
    outer loop
      vertex -0.888118 2.73335 33.0538
      vertex -1.53997 3.27261 32.8496
      vertex -1.22369 2.60048 33.0538
    endloop
  endfacet
  facet normal -0.0937149 0.170473 0.980896
    outer loop
      vertex -1.22369 2.60048 33.0538
      vertex -1.53997 2.42661 33.0538
      vertex -1.11766 1.76115 33.2098
    endloop
  endfacet
  facet normal -0.0469625 0.118618 0.991829
    outer loop
      vertex -0.390852 1.20292 33.3152
      vertex -0.644567 1.98378 33.2098
      vertex -0.538535 1.14445 33.3152
    endloop
  endfacet
  facet normal -0.156738 0.395878 0.904828
    outer loop
      vertex -1.52053 4.67971 32.3103
      vertex -2.09506 4.45224 32.3103
      vertex -1.83196 3.89312 32.6005
    endloop
  endfacet
  facet normal -0.205118 0.373112 0.904828
    outer loop
      vertex -2.09506 4.45224 32.3103
      vertex -2.30545 3.63282 32.6005
      vertex -1.83196 3.89312 32.6005
    endloop
  endfacet
  facet normal -0.365255 -0.922532 0.124594
    outer loop
      vertex -2.06942 -6.36901 30.423
      vertex -2.87401 -6.10758 30
      vertex -2.08586 -6.41963 30
    endloop
  endfacet
  facet normal 0.0157022 -0.0611549 0.998005
    outer loop
      vertex 0.130972 -0.403091 33.3683
      vertex 0.0794182 -0.416328 33.3683
      vertex 0.237004 -1.24242 33.3152
    endloop
  endfacet
  facet normal 0.0157014 -0.061155 0.998005
    outer loop
      vertex 0.390852 -1.20292 33.3152
      vertex 0.130972 -0.403091 33.3683
      vertex 0.237004 -1.24242 33.3152
    endloop
  endfacet
  facet normal 0.0432216 0.0460259 0.998005
    outer loop
      vertex 0.806229 0.974563 33.3152
      vertex 0.270163 0.326571 33.3683
      vertex 0.308963 0.290135 33.3683
    endloop
  endfacet
  facet normal 0.0371115 -0.0510806 0.998005
    outer loop
      vertex 0.270163 -0.326571 33.3683
      vertex 0.227102 -0.357856 33.3683
      vertex 0.806229 -0.974563 33.3152
    endloop
  endfacet
  facet normal -0.0630139 0.00396561 0.998005
    outer loop
      vertex -0.420493 0.0531206 33.3683
      vertex -1.25485 0.158524 33.3152
      vertex -0.423836 0 33.3683
    endloop
  endfacet
  facet normal 0 -0.342005 0.939698
    outer loop
      vertex -0.227102 -3.60969 32.8496
      vertex 0.270163 -4.29412 32.6005
      vertex 0.227102 -3.60969 32.8496
    endloop
  endfacet
  facet normal 0 -0.342005 0.939698
    outer loop
      vertex 0.270163 -4.29412 32.6005
      vertex -0.227102 -3.60969 32.8496
      vertex -0.270163 -4.29412 32.6005
    endloop
  endfacet
  facet normal -0.0428641 -0.339309 0.939698
    outer loop
      vertex -0.227102 -3.60969 32.8496
      vertex -0.806229 -4.2264 32.6005
      vertex -0.270163 -4.29412 32.6005
    endloop
  endfacet
  facet normal 0.105886 -0.412403 0.904827
    outer loop
      vertex 1.52053 -4.67971 32.3103
      vertex 0.806229 -4.2264 32.6005
      vertex 0.922016 -4.83338 32.3103
    endloop
  endfacet
  facet normal 0.156743 -0.39588 0.904826
    outer loop
      vertex 1.83196 -3.89312 32.6005
      vertex 1.32958 -4.09203 32.6005
      vertex 1.52053 -4.67971 32.3103
    endloop
  endfacet
  facet normal 0.125903 -0.31799 0.939697
    outer loop
      vertex 1.53997 -3.27261 32.8496
      vertex 1.32958 -4.09203 32.6005
      vertex 1.83196 -3.89312 32.6005
    endloop
  endfacet
  facet normal 0.125897 -0.317989 0.939698
    outer loop
      vertex 1.53997 -3.27261 32.8496
      vertex 1.11766 -3.43981 32.8496
      vertex 1.32958 -4.09203 32.6005
    endloop
  endfacet
  facet normal 0 -0.127577 0.991829
    outer loop
      vertex -0.0794182 -1.26233 33.3152
      vertex 0.130972 -2.08175 33.2098
      vertex 0.0794182 -1.26233 33.3152
    endloop
  endfacet
  facet normal 0 -0.127577 0.991829
    outer loop
      vertex 0.130972 -2.08175 33.2098
      vertex -0.0794182 -1.26233 33.3152
      vertex -0.130972 -2.08175 33.2098
    endloop
  endfacet
  facet normal 0 -0.194536 0.980895
    outer loop
      vertex -0.130972 -2.08175 33.2098
      vertex 0.18046 -2.86834 33.0538
      vertex 0.130972 -2.08175 33.2098
    endloop
  endfacet
  facet normal 0 -0.194536 0.980895
    outer loop
      vertex 0.18046 -2.86834 33.0538
      vertex -0.130972 -2.08175 33.2098
      vertex -0.18046 -2.86834 33.0538
    endloop
  endfacet
  facet normal 0.127933 -0.232702 0.964097
    outer loop
      vertex 1.93799 -3.05379 32.8496
      vertex 1.22369 -2.60048 33.0538
      vertex 1.53997 -3.27261 32.8496
    endloop
  endfacet
  facet normal 0.164765 -0.299698 0.939699
    outer loop
      vertex 1.93799 -3.05379 32.8496
      vertex 1.53997 -3.27261 32.8496
      vertex 2.30545 -3.63282 32.6005
    endloop
  endfacet
  facet normal 0.0937149 -0.170473 0.980896
    outer loop
      vertex 1.53997 -2.42661 33.0538
      vertex 1.11766 -1.76115 33.2098
      vertex 1.22369 -2.60048 33.0538
    endloop
  endfacet
  facet normal 0.127928 -0.232709 0.964096
    outer loop
      vertex 1.53997 -2.42661 33.0538
      vertex 1.22369 -2.60048 33.0538
      vertex 1.93799 -3.05379 32.8496
    endloop
  endfacet
  facet normal 0.0716147 -0.180876 0.980895
    outer loop
      vertex 0.888118 -1.88735 33.2098
      vertex 0.644567 -1.98378 33.2098
      vertex 1.22369 -2.60048 33.0538
    endloop
  endfacet
  facet normal 0.0937238 -0.170472 0.980895
    outer loop
      vertex 1.11766 -1.76115 33.2098
      vertex 0.888118 -1.88735 33.2098
      vertex 1.22369 -2.60048 33.0538
    endloop
  endfacet
  facet normal 0.0317258 -0.123568 0.991829
    outer loop
      vertex 0.390852 -1.20292 33.3152
      vertex 0.237004 -1.24242 33.3152
      vertex 0.644567 -1.98378 33.2098
    endloop
  endfacet
  facet normal 0.0469625 -0.118618 0.991829
    outer loop
      vertex 0.538535 -1.14445 33.3152
      vertex 0.390852 -1.20292 33.3152
      vertex 0.644567 -1.98378 33.2098
    endloop
  endfacet
  facet normal -0.0660343 -0.257208 0.964097
    outer loop
      vertex -0.538535 -2.8231 33.0538
      vertex -0.888118 -2.73335 33.0538
      vertex -0.677726 -3.55277 32.8496
    endloop
  endfacet
  facet normal -0.0332856 -0.263456 0.964097
    outer loop
      vertex -0.538535 -2.8231 33.0538
      vertex -0.677726 -3.55277 32.8496
      vertex -0.18046 -2.86834 33.0538
    endloop
  endfacet
  facet normal 0.127325 -0.00800778 0.991829
    outer loop
      vertex 1.26482 0 33.3152
      vertex 1.25485 -0.158524 33.3152
      vertex 2.06942 -0.261428 33.2098
    endloop
  endfacet
  facet normal 0.127325 -0.00800687 0.991829
    outer loop
      vertex 2.08586 0 33.2098
      vertex 1.26482 0 33.3152
      vertex 2.06942 -0.261428 33.2098
    endloop
  endfacet
  facet normal 0.0533104 -0.0338309 0.998005
    outer loop
      vertex 0.371409 -0.204185 33.3683
      vertex 0.34289 -0.249125 33.3683
      vertex 1.02326 -0.743444 33.3152
    endloop
  endfacet
  facet normal 0.048649 -0.0402467 0.998005
    outer loop
      vertex 0.34289 -0.249125 33.3683
      vertex 0.308963 -0.290135 33.3683
      vertex 1.02326 -0.743444 33.3152
    endloop
  endfacet
  facet normal 0.0432216 -0.0460259 0.998005
    outer loop
      vertex 0.308963 -0.290135 33.3683
      vertex 0.270163 -0.326571 33.3683
      vertex 0.806229 -0.974563 33.3152
    endloop
  endfacet
  facet normal 0.0749852 -0.103214 0.991829
    outer loop
      vertex 1.32958 -1.60719 33.2098
      vertex 0.677726 -1.06793 33.3152
      vertex 1.11766 -1.76115 33.2098
    endloop
  endfacet
  facet normal -0.0157022 0.0611549 0.998005
    outer loop
      vertex -0.0794182 0.416328 33.3683
      vertex -0.237004 1.24242 33.3152
      vertex -0.130972 0.403091 33.3683
    endloop
  endfacet
  facet normal -0.0620204 0.0118298 0.998005
    outer loop
      vertex -1.22509 0.314548 33.3152
      vertex -1.25485 0.158524 33.3152
      vertex -0.420493 0.0531206 33.3683
    endloop
  endfacet
  facet normal 0.224214 -0.142287 0.964097
    outer loop
      vertex 2.51851 -1.38456 33.0538
      vertex 2.32512 -1.6893 33.0538
      vertex 3.16945 -1.74242 32.8496
    endloop
  endfacet
  facet normal 0.240276 -0.113071 0.964097
    outer loop
      vertex 2.67219 -1.05799 33.0538
      vertex 2.51851 -1.38456 33.0538
      vertex 3.16945 -1.74242 32.8496
    endloop
  endfacet
  facet normal 0.351158 0.638735 0.684621
    outer loop
      vertex 3.36284 5.29899 31.2424
      vertex 2.67219 5.67869 31.2424
      vertex 3.16945 4.99426 31.6259
    endloop
  endfacet
  facet normal 0.351137 0.638728 0.684638
    outer loop
      vertex 2.67219 5.67869 31.2424
      vertex 2.51851 5.35211 31.6259
      vertex 3.16945 4.99426 31.6259
    endloop
  endfacet
  facet normal -0.0983008 0.0813188 0.991829
    outer loop
      vertex -0.922016 0.865831 33.3152
      vertex -1.52053 1.42787 33.2098
      vertex -1.02326 0.743444 33.3152
    endloop
  endfacet
  facet normal -0.0371129 -0.0510793 0.998005
    outer loop
      vertex -0.227102 -0.357856 33.3683
      vertex -0.806229 -0.974563 33.3152
      vertex -0.677726 -1.06793 33.3152
    endloop
  endfacet
  facet normal 0.0371115 0.0510806 0.998005
    outer loop
      vertex 0.806229 0.974563 33.3152
      vertex 0.227102 0.357856 33.3683
      vertex 0.270163 0.326571 33.3683
    endloop
  endfacet
  facet normal 0.00791344 -0.0626407 0.998005
    outer loop
      vertex 0.0794182 -0.416328 33.3683
      vertex 0.0266123 -0.422999 33.3683
      vertex 0.237004 -1.24242 33.3152
    endloop
  endfacet
  facet normal 0 0.0631384 0.998005
    outer loop
      vertex 0.0794182 1.26233 33.3152
      vertex -0.0266123 0.422999 33.3683
      vertex 0.0266123 0.422999 33.3683
    endloop
  endfacet
  facet normal 0 0.0631384 0.998005
    outer loop
      vertex -0.0266123 0.422999 33.3683
      vertex 0.0794182 1.26233 33.3152
      vertex -0.0794182 1.26233 33.3152
    endloop
  endfacet
  facet normal 0 0.127577 0.991829
    outer loop
      vertex 0.130972 2.08175 33.2098
      vertex -0.0794182 1.26233 33.3152
      vertex 0.0794182 1.26233 33.3152
    endloop
  endfacet
  facet normal 0 0.127577 0.991829
    outer loop
      vertex -0.0794182 1.26233 33.3152
      vertex 0.130972 2.08175 33.2098
      vertex -0.130972 2.08175 33.2098
    endloop
  endfacet
  facet normal 0.0304174 0.0553284 0.998005
    outer loop
      vertex 0.677726 1.06793 33.3152
      vertex 0.18046 0.383498 33.3683
      vertex 0.227102 0.357856 33.3683
    endloop
  endfacet
  facet normal 0.0371129 0.0510793 0.998005
    outer loop
      vertex 0.677726 1.06793 33.3152
      vertex 0.227102 0.357856 33.3683
      vertex 0.806229 0.974563 33.3152
    endloop
  endfacet
  facet normal 0.0486499 0.0402454 0.998005
    outer loop
      vertex 0.922016 0.865831 33.3152
      vertex 0.308963 0.290135 33.3683
      vertex 1.02326 0.743444 33.3152
    endloop
  endfacet
  facet normal -0.0371115 -0.0510806 0.998005
    outer loop
      vertex -0.270163 -0.326571 33.3683
      vertex -0.806229 -0.974563 33.3152
      vertex -0.227102 -0.357856 33.3683
    endloop
  endfacet
  facet normal -0.0304174 -0.0553284 0.998005
    outer loop
      vertex -0.227102 -0.357856 33.3683
      vertex -0.677726 -1.06793 33.3152
      vertex -0.18046 -0.383498 33.3683
    endloop
  endfacet
  facet normal 0.344029 0.86891 0.355864
    outer loop
      vertex 2.06942 6.36901 30.423
      vertex 2.02033 6.21795 30.8393
      vertex 2.78372 5.9157 30.8393
    endloop
  endfacet
  facet normal 0.4042 0.735214 0.544135
    outer loop
      vertex 3.5032 5.52016 30.8393
      vertex 2.67219 5.67869 31.2424
      vertex 3.36284 5.29899 31.2424
    endloop
  endfacet
  facet normal 0.365255 0.922532 0.124594
    outer loop
      vertex 2.08586 6.41963 30
      vertex 2.06942 6.36901 30.423
      vertex 2.87401 6.10758 30
    endloop
  endfacet
  facet normal 0.246756 0.961035 0.124594
    outer loop
      vertex 1.26482 6.63044 30
      vertex 1.25485 6.57816 30.423
      vertex 2.06942 6.36901 30.423
    endloop
  endfacet
  facet normal 0.478 0.869477 0.124602
    outer loop
      vertex 3.61683 5.69921 30
      vertex 2.87401 6.10758 30
      vertex 3.58831 5.65427 30.423
    endloop
  endfacet
  facet normal 0.478002 0.869476 0.124599
    outer loop
      vertex 2.87401 6.10758 30
      vertex 2.85135 6.05942 30.423
      vertex 3.58831 5.65427 30.423
    endloop
  endfacet
  facet normal -0.263521 -0.218003 0.939697
    outer loop
      vertex -2.92608 -2.12592 32.8496
      vertex -3.13647 -2.94534 32.6005
      vertex -2.63656 -2.47589 32.8496
    endloop
  endfacet
  facet normal -0.20461 -0.169268 0.964097
    outer loop
      vertex -2.09506 -1.96739 33.0538
      vertex -2.92608 -2.12592 32.8496
      vertex -2.63656 -2.47589 32.8496
    endloop
  endfacet
  facet normal -0.156085 -0.214837 0.964097
    outer loop
      vertex -1.83196 -2.21446 33.0538
      vertex -2.30545 -2.78682 32.8496
      vertex -1.93799 -3.05379 32.8496
    endloop
  endfacet
  facet normal -0.181783 -0.193577 0.964097
    outer loop
      vertex -2.09506 -1.96739 33.0538
      vertex -2.30545 -2.78682 32.8496
      vertex -1.83196 -2.21446 33.0538
    endloop
  endfacet
  facet normal -0.048377 0.188425 0.980895
    outer loop
      vertex -0.390852 2.04892 33.2098
      vertex -0.888118 2.73335 33.0538
      vertex -0.644567 1.98378 33.2098
    endloop
  endfacet
  facet normal -0.0332856 0.263456 0.964097
    outer loop
      vertex -0.18046 2.86834 33.0538
      vertex -0.677726 3.55277 32.8496
      vertex -0.538535 2.8231 33.0538
    endloop
  endfacet
  facet normal -0.127933 0.232702 0.964097
    outer loop
      vertex -1.53997 3.27261 32.8496
      vertex -1.93799 3.05379 32.8496
      vertex -1.22369 2.60048 33.0538
    endloop
  endfacet
  facet normal -0.164765 0.299698 0.939699
    outer loop
      vertex -1.53997 3.27261 32.8496
      vertex -2.30545 3.63282 32.6005
      vertex -1.93799 3.05379 32.8496
    endloop
  endfacet
  facet normal -0.0749852 0.103214 0.991829
    outer loop
      vertex -1.11766 1.76115 33.2098
      vertex -1.32958 1.60719 33.2098
      vertex -0.677726 1.06793 33.3152
    endloop
  endfacet
  facet normal -0.0937238 0.170472 0.980895
    outer loop
      vertex -0.888118 1.88735 33.2098
      vertex -1.22369 2.60048 33.0538
      vertex -1.11766 1.76115 33.2098
    endloop
  endfacet
  facet normal -0.0159914 0.12657 0.991829
    outer loop
      vertex -0.130972 2.08175 33.2098
      vertex -0.237004 1.24242 33.3152
      vertex -0.0794182 1.26233 33.3152
    endloop
  endfacet
  facet normal -0.0243814 0.193002 0.980895
    outer loop
      vertex -0.18046 2.86834 33.0538
      vertex -0.390852 2.04892 33.2098
      vertex -0.130972 2.08175 33.2098
    endloop
  endfacet
  facet normal -0.156743 0.39588 0.904826
    outer loop
      vertex -1.52053 4.67971 32.3103
      vertex -1.83196 3.89312 32.6005
      vertex -1.32958 4.09203 32.6005
    endloop
  endfacet
  facet normal -0.125903 0.31799 0.939697
    outer loop
      vertex -1.32958 4.09203 32.6005
      vertex -1.83196 3.89312 32.6005
      vertex -1.53997 3.27261 32.8496
    endloop
  endfacet
  facet normal 0.0304174 -0.0553284 0.998005
    outer loop
      vertex 0.227102 -0.357856 33.3683
      vertex 0.18046 -0.383498 33.3683
      vertex 0.677726 -1.06793 33.3152
    endloop
  endfacet
  facet normal -0.0486499 0.0402454 0.998005
    outer loop
      vertex -0.922016 0.865831 33.3152
      vertex -1.02326 0.743444 33.3152
      vertex -0.308963 0.290135 33.3683
    endloop
  endfacet
  facet normal -0.0432216 0.0460259 0.998005
    outer loop
      vertex -0.270163 0.326571 33.3683
      vertex -0.806229 0.974563 33.3152
      vertex -0.308963 0.290135 33.3683
    endloop
  endfacet
  facet normal 0.0428641 -0.339309 0.939698
    outer loop
      vertex 0.806229 -4.2264 32.6005
      vertex 0.227102 -3.60969 32.8496
      vertex 0.270163 -4.29412 32.6005
    endloop
  endfacet
  facet normal 0.0533634 -0.42242 0.904828
    outer loop
      vertex 0.806229 -4.2264 32.6005
      vertex 0.270163 -4.29412 32.6005
      vertex 0.308963 -4.91083 32.3103
    endloop
  endfacet
  facet normal 0.0660343 -0.257208 0.964097
    outer loop
      vertex 0.888118 -2.73335 33.0538
      vertex 0.538535 -2.8231 33.0538
      vertex 0.677726 -3.55277 32.8496
    endloop
  endfacet
  facet normal 0.0483754 -0.188426 0.980895
    outer loop
      vertex 0.888118 -2.73335 33.0538
      vertex 0.390852 -2.04892 33.2098
      vertex 0.538535 -2.8231 33.0538
    endloop
  endfacet
  facet normal 0.114348 -0.157382 0.980895
    outer loop
      vertex 1.83196 -2.21446 33.0538
      vertex 1.32958 -1.60719 33.2098
      vertex 1.53997 -2.42661 33.0538
    endloop
  endfacet
  facet normal 0.11434 -0.157384 0.980896
    outer loop
      vertex 1.32958 -1.60719 33.2098
      vertex 1.11766 -1.76115 33.2098
      vertex 1.53997 -2.42661 33.0538
    endloop
  endfacet
  facet normal 0.127325 0.00800778 0.991829
    outer loop
      vertex 2.06942 0.261428 33.2098
      vertex 1.25485 0.158524 33.3152
      vertex 1.26482 0 33.3152
    endloop
  endfacet
  facet normal 0.0630143 0.00396314 0.998005
    outer loop
      vertex 1.25485 0.158524 33.3152
      vertex 0.423836 0 33.3683
      vertex 1.26482 0 33.3152
    endloop
  endfacet
  facet normal 0.0571298 -0.0268832 0.998005
    outer loop
      vertex 1.176 -0.465612 33.3152
      vertex 0.394073 -0.156024 33.3683
      vertex 1.10837 -0.609333 33.3152
    endloop
  endfacet
  facet normal 0.115434 -0.0543191 0.991829
    outer loop
      vertex 1.176 -0.465612 33.3152
      vertex 1.10837 -0.609333 33.3152
      vertex 1.82786 -1.00487 33.2098
    endloop
  endfacet
  facet normal 0.0873336 -0.0929977 0.991829
    outer loop
      vertex 1.52053 -1.42787 33.2098
      vertex 0.922016 -0.865831 33.3152
      vertex 1.32958 -1.60719 33.2098
    endloop
  endfacet
  facet normal 0.133172 -0.141809 0.980895
    outer loop
      vertex 1.52053 -1.42787 33.2098
      vertex 1.32958 -1.60719 33.2098
      vertex 2.09506 -1.96739 33.0538
    endloop
  endfacet
  facet normal 0.0873321 -0.0929986 0.991829
    outer loop
      vertex 0.922016 -0.865831 33.3152
      vertex 0.806229 -0.974563 33.3152
      vertex 1.32958 -1.60719 33.2098
    endloop
  endfacet
  facet normal 0.0432215 -0.0460259 0.998005
    outer loop
      vertex 0.922016 -0.865831 33.3152
      vertex 0.308963 -0.290135 33.3683
      vertex 0.806229 -0.974563 33.3152
    endloop
  endfacet
  facet normal 0 0 1
    outer loop
      vertex 0.420493 0.0531206 33.3683
      vertex 0.420493 -0.0531206 33.3683
      vertex 0.423836 0 33.3683
    endloop
  endfacet
  facet normal 0 0 1
    outer loop
      vertex 0.41052 0.105403 33.3683
      vertex 0.420493 -0.0531206 33.3683
      vertex 0.420493 0.0531206 33.3683
    endloop
  endfacet
  facet normal 0 0 1
    outer loop
      vertex 0.41052 0.105403 33.3683
      vertex 0.41052 -0.105403 33.3683
      vertex 0.420493 -0.0531206 33.3683
    endloop
  endfacet
  facet normal 0 0 1
    outer loop
      vertex 0.394073 0.156024 33.3683
      vertex 0.41052 -0.105403 33.3683
      vertex 0.41052 0.105403 33.3683
    endloop
  endfacet
  facet normal 0 0 1
    outer loop
      vertex 0.394073 0.156024 33.3683
      vertex 0.394073 -0.156024 33.3683
      vertex 0.41052 -0.105403 33.3683
    endloop
  endfacet
  facet normal 0 0 1
    outer loop
      vertex 0.371409 0.204185 33.3683
      vertex 0.394073 -0.156024 33.3683
      vertex 0.394073 0.156024 33.3683
    endloop
  endfacet
  facet normal 0 0 1
    outer loop
      vertex 0.371409 0.204185 33.3683
      vertex 0.371409 -0.204185 33.3683
      vertex 0.394073 -0.156024 33.3683
    endloop
  endfacet
  facet normal 0 0 1
    outer loop
      vertex 0.34289 0.249125 33.3683
      vertex 0.371409 -0.204185 33.3683
      vertex 0.371409 0.204185 33.3683
    endloop
  endfacet
  facet normal 0 0 1
    outer loop
      vertex 0.34289 0.249125 33.3683
      vertex 0.34289 -0.249125 33.3683
      vertex 0.371409 -0.204185 33.3683
    endloop
  endfacet
  facet normal 0 0 1
    outer loop
      vertex 0.308963 0.290135 33.3683
      vertex 0.34289 -0.249125 33.3683
      vertex 0.34289 0.249125 33.3683
    endloop
  endfacet
  facet normal 0 0 1
    outer loop
      vertex 0.308963 0.290135 33.3683
      vertex 0.308963 -0.290135 33.3683
      vertex 0.34289 -0.249125 33.3683
    endloop
  endfacet
  facet normal 0 0 1
    outer loop
      vertex 0.270163 0.326571 33.3683
      vertex 0.308963 -0.290135 33.3683
      vertex 0.308963 0.290135 33.3683
    endloop
  endfacet
  facet normal 0 0 1
    outer loop
      vertex 0.270163 0.326571 33.3683
      vertex 0.270163 -0.326571 33.3683
      vertex 0.308963 -0.290135 33.3683
    endloop
  endfacet
  facet normal 0 0 1
    outer loop
      vertex 0.227102 0.357856 33.3683
      vertex 0.270163 -0.326571 33.3683
      vertex 0.270163 0.326571 33.3683
    endloop
  endfacet
  facet normal 0 0 1
    outer loop
      vertex 0.227102 0.357856 33.3683
      vertex 0.227102 -0.357856 33.3683
      vertex 0.270163 -0.326571 33.3683
    endloop
  endfacet
  facet normal 0 0 1
    outer loop
      vertex 0.18046 0.383498 33.3683
      vertex 0.227102 -0.357856 33.3683
      vertex 0.227102 0.357856 33.3683
    endloop
  endfacet
  facet normal 0 0 1
    outer loop
      vertex 0.18046 0.383498 33.3683
      vertex 0.18046 -0.383498 33.3683
      vertex 0.227102 -0.357856 33.3683
    endloop
  endfacet
  facet normal 0 0 1
    outer loop
      vertex 0.130972 0.403091 33.3683
      vertex 0.18046 -0.383498 33.3683
      vertex 0.18046 0.383498 33.3683
    endloop
  endfacet
  facet normal 0 0 1
    outer loop
      vertex 0.130972 0.403091 33.3683
      vertex 0.130972 -0.403091 33.3683
      vertex 0.18046 -0.383498 33.3683
    endloop
  endfacet
  facet normal 0 0 1
    outer loop
      vertex 0.0794182 0.416328 33.3683
      vertex 0.130972 -0.403091 33.3683
      vertex 0.130972 0.403091 33.3683
    endloop
  endfacet
  facet normal 0 0 1
    outer loop
      vertex 0.0794182 0.416328 33.3683
      vertex 0.0794182 -0.416328 33.3683
      vertex 0.130972 -0.403091 33.3683
    endloop
  endfacet
  facet normal 0 0 1
    outer loop
      vertex 0.0266123 0.422999 33.3683
      vertex 0.0794182 -0.416328 33.3683
      vertex 0.0794182 0.416328 33.3683
    endloop
  endfacet
  facet normal 0 0 1
    outer loop
      vertex 0.0266123 0.422999 33.3683
      vertex 0.0266123 -0.422999 33.3683
      vertex 0.0794182 -0.416328 33.3683
    endloop
  endfacet
  facet normal -0 0 1
    outer loop
      vertex -0.0266123 0.422999 33.3683
      vertex 0.0266123 -0.422999 33.3683
      vertex 0.0266123 0.422999 33.3683
    endloop
  endfacet
  facet normal 0 0 1
    outer loop
      vertex -0.0266123 0.422999 33.3683
      vertex -0.0266123 -0.422999 33.3683
      vertex 0.0266123 -0.422999 33.3683
    endloop
  endfacet
  facet normal -0 0 1
    outer loop
      vertex -0.0794182 0.416328 33.3683
      vertex -0.0266123 -0.422999 33.3683
      vertex -0.0266123 0.422999 33.3683
    endloop
  endfacet
  facet normal 0 0 1
    outer loop
      vertex -0.0794182 0.416328 33.3683
      vertex -0.0794182 -0.416328 33.3683
      vertex -0.0266123 -0.422999 33.3683
    endloop
  endfacet
  facet normal -0 0 1
    outer loop
      vertex -0.130972 0.403091 33.3683
      vertex -0.0794182 -0.416328 33.3683
      vertex -0.0794182 0.416328 33.3683
    endloop
  endfacet
  facet normal 0 0 1
    outer loop
      vertex -0.130972 0.403091 33.3683
      vertex -0.130972 -0.403091 33.3683
      vertex -0.0794182 -0.416328 33.3683
    endloop
  endfacet
  facet normal -0 0 1
    outer loop
      vertex -0.18046 0.383498 33.3683
      vertex -0.130972 -0.403091 33.3683
      vertex -0.130972 0.403091 33.3683
    endloop
  endfacet
  facet normal 0 0 1
    outer loop
      vertex -0.18046 0.383498 33.3683
      vertex -0.18046 -0.383498 33.3683
      vertex -0.130972 -0.403091 33.3683
    endloop
  endfacet
  facet normal -0 0 1
    outer loop
      vertex -0.227102 0.357856 33.3683
      vertex -0.18046 -0.383498 33.3683
      vertex -0.18046 0.383498 33.3683
    endloop
  endfacet
  facet normal 0 0 1
    outer loop
      vertex -0.227102 0.357856 33.3683
      vertex -0.227102 -0.357856 33.3683
      vertex -0.18046 -0.383498 33.3683
    endloop
  endfacet
  facet normal -0 0 1
    outer loop
      vertex -0.270163 0.326571 33.3683
      vertex -0.227102 -0.357856 33.3683
      vertex -0.227102 0.357856 33.3683
    endloop
  endfacet
  facet normal 0 0 1
    outer loop
      vertex -0.270163 0.326571 33.3683
      vertex -0.270163 -0.326571 33.3683
      vertex -0.227102 -0.357856 33.3683
    endloop
  endfacet
  facet normal -0 0 1
    outer loop
      vertex -0.308963 0.290135 33.3683
      vertex -0.270163 -0.326571 33.3683
      vertex -0.270163 0.326571 33.3683
    endloop
  endfacet
  facet normal 0 0 1
    outer loop
      vertex -0.308963 0.290135 33.3683
      vertex -0.308963 -0.290135 33.3683
      vertex -0.270163 -0.326571 33.3683
    endloop
  endfacet
  facet normal -0 0 1
    outer loop
      vertex -0.34289 0.249125 33.3683
      vertex -0.308963 -0.290135 33.3683
      vertex -0.308963 0.290135 33.3683
    endloop
  endfacet
  facet normal 0 0 1
    outer loop
      vertex -0.34289 0.249125 33.3683
      vertex -0.34289 -0.249125 33.3683
      vertex -0.308963 -0.290135 33.3683
    endloop
  endfacet
  facet normal -0 0 1
    outer loop
      vertex -0.371409 0.204185 33.3683
      vertex -0.34289 -0.249125 33.3683
      vertex -0.34289 0.249125 33.3683
    endloop
  endfacet
  facet normal 0 0 1
    outer loop
      vertex -0.371409 0.204185 33.3683
      vertex -0.371409 -0.204185 33.3683
      vertex -0.34289 -0.249125 33.3683
    endloop
  endfacet
  facet normal -0 0 1
    outer loop
      vertex -0.394073 0.156024 33.3683
      vertex -0.371409 -0.204185 33.3683
      vertex -0.371409 0.204185 33.3683
    endloop
  endfacet
  facet normal 0 0 1
    outer loop
      vertex -0.394073 0.156024 33.3683
      vertex -0.394073 -0.156024 33.3683
      vertex -0.371409 -0.204185 33.3683
    endloop
  endfacet
  facet normal -0 0 1
    outer loop
      vertex -0.41052 0.105403 33.3683
      vertex -0.394073 -0.156024 33.3683
      vertex -0.394073 0.156024 33.3683
    endloop
  endfacet
  facet normal 0 0 1
    outer loop
      vertex -0.41052 0.105403 33.3683
      vertex -0.41052 -0.105403 33.3683
      vertex -0.394073 -0.156024 33.3683
    endloop
  endfacet
  facet normal -0 0 1
    outer loop
      vertex -0.420493 0.0531206 33.3683
      vertex -0.41052 -0.105403 33.3683
      vertex -0.41052 0.105403 33.3683
    endloop
  endfacet
  facet normal 0 0 1
    outer loop
      vertex -0.420493 0.0531206 33.3683
      vertex -0.420493 -0.0531206 33.3683
      vertex -0.41052 -0.105403 33.3683
    endloop
  endfacet
  facet normal 0 -0 1
    outer loop
      vertex -0.420493 -0.0531206 33.3683
      vertex -0.420493 0.0531206 33.3683
      vertex -0.423836 0 33.3683
    endloop
  endfacet
  facet normal 0.164254 -0.104237 0.980895
    outer loop
      vertex 2.51851 -1.38456 33.0538
      vertex 1.82786 -1.00487 33.2098
      vertex 2.32512 -1.6893 33.0538
    endloop
  endfacet
  facet normal 0.176021 -0.0828333 0.980895
    outer loop
      vertex 2.67219 -1.05799 33.0538
      vertex 1.82786 -1.00487 33.2098
      vertex 2.51851 -1.38456 33.0538
    endloop
  endfacet
  facet normal 0.404196 0.735225 0.544122
    outer loop
      vertex 2.78372 5.9157 30.8393
      vertex 2.67219 5.67869 31.2424
      vertex 3.5032 5.52016 30.8393
    endloop
  endfacet
  facet normal 0.428433 0.589694 0.684621
    outer loop
      vertex 3.36284 5.29899 31.2424
      vertex 3.16945 4.99426 31.6259
      vertex 4.00047 4.83573 31.2424
    endloop
  endfacet
  facet normal -0.0533104 -0.0338309 0.998005
    outer loop
      vertex -0.371409 -0.204185 33.3683
      vertex -1.02326 -0.743444 33.3152
      vertex -0.34289 -0.249125 33.3683
    endloop
  endfacet
  facet normal -0.048649 -0.0402467 0.998005
    outer loop
      vertex -0.34289 -0.249125 33.3683
      vertex -1.02326 -0.743444 33.3152
      vertex -0.308963 -0.290135 33.3683
    endloop
  endfacet
  facet normal 0.0432215 0.0460259 0.998005
    outer loop
      vertex 0.806229 0.974563 33.3152
      vertex 0.308963 0.290135 33.3683
      vertex 0.922016 0.865831 33.3152
    endloop
  endfacet
  facet normal 0.0873321 0.0929986 0.991829
    outer loop
      vertex 1.32958 1.60719 33.2098
      vertex 0.806229 0.974563 33.3152
      vertex 0.922016 0.865831 33.3152
    endloop
  endfacet
  facet normal 0.639724 0.681251 0.35588
    outer loop
      vertex 4.88174 4.58426 30.423
      vertex 4.26868 5.15995 30.423
      vertex 4.76595 4.47552 30.8393
    endloop
  endfacet
  facet normal 0.679206 0.723295 0.124593
    outer loop
      vertex 4.92054 4.62069 30
      vertex 4.26868 5.15995 30.423
      vertex 4.88174 4.58426 30.423
    endloop
  endfacet
  facet normal -0.156092 0.214836 0.964096
    outer loop
      vertex -1.53997 2.42661 33.0538
      vertex -1.93799 3.05379 32.8496
      vertex -1.83196 2.21446 33.0538
    endloop
  endfacet
  facet normal -0.114348 0.157382 0.980895
    outer loop
      vertex -1.53997 2.42661 33.0538
      vertex -1.83196 2.21446 33.0538
      vertex -1.32958 1.60719 33.2098
    endloop
  endfacet
  facet normal -0.0614639 0.111795 0.991829
    outer loop
      vertex -0.888118 1.88735 33.2098
      vertex -1.11766 1.76115 33.2098
      vertex -0.677726 1.06793 33.3152
    endloop
  endfacet
  facet normal -0.0614598 0.111796 0.991829
    outer loop
      vertex -0.538535 1.14445 33.3152
      vertex -0.888118 1.88735 33.2098
      vertex -0.677726 1.06793 33.3152
    endloop
  endfacet
  facet normal 0.0850517 -0.331264 0.939697
    outer loop
      vertex 1.32958 -4.09203 32.6005
      vertex 0.677726 -3.55277 32.8496
      vertex 0.806229 -4.2264 32.6005
    endloop
  endfacet
  facet normal 0.105885 -0.412405 0.904826
    outer loop
      vertex 1.32958 -4.09203 32.6005
      vertex 0.806229 -4.2264 32.6005
      vertex 1.52053 -4.67971 32.3103
    endloop
  endfacet
  facet normal 0.121332 -0.0394282 0.991829
    outer loop
      vertex 1.22509 -0.314548 33.3152
      vertex 1.176 -0.465612 33.3152
      vertex 2.02033 -0.518733 33.2098
    endloop
  endfacet
  facet normal 0.0600478 -0.0195132 0.998005
    outer loop
      vertex 1.22509 -0.314548 33.3152
      vertex 0.394073 -0.156024 33.3683
      vertex 1.176 -0.465612 33.3152
    endloop
  endfacet
  facet normal 0.308861 0.780087 0.544122
    outer loop
      vertex 2.78372 5.9157 30.8393
      vertex 2.02033 6.21795 30.8393
      vertex 2.67219 5.67869 31.2424
    endloop
  endfacet
  facet normal 0.30885 0.780083 0.544134
    outer loop
      vertex 2.02033 6.21795 30.8393
      vertex 1.93939 5.96882 31.2424
      vertex 2.67219 5.67869 31.2424
    endloop
  endfacet
  facet normal 0.26833 0.677695 0.684638
    outer loop
      vertex 2.67219 5.67869 31.2424
      vertex 1.82786 5.62557 31.6259
      vertex 2.51851 5.35211 31.6259
    endloop
  endfacet
  facet normal 0.228127 0.576157 0.784858
    outer loop
      vertex 2.51851 5.35211 31.6259
      vertex 1.82786 5.62557 31.6259
      vertex 2.32512 4.94114 31.9838
    endloop
  endfacet
  facet normal 0.997745 0.0627739 0.0237743
    outer loop
      vertex 7.5 0 0
      vertex 7.4408 0.939914 0.00270733
      vertex 7.4999 4.54743e-06 0.00418472
    endloop
  endfacet
  facet normal 0.999715 5.25343e-05 0.0238896
    outer loop
      vertex 7.5 0 0
      vertex 7.4999 4.54743e-06 0.00418472
      vertex 7.4999 0 0.00418473
    endloop
  endfacet
  facet normal 0.997737 0.0627726 0.0240827
    outer loop
      vertex 7.4408 0.939914 0.00270733
      vertex 7.5 0 0
      vertex 7.44086 0.939999 0
    endloop
  endfacet
  facet normal 0.999717 0 0.0238028
    outer loop
      vertex 6.7501 0.000131157 29.9958
      vertex 6.75 0 30
      vertex 6.7501 0 29.9958
    endloop
  endfacet
  facet normal 0.950825 -0.308956 0.0218672
    outer loop
      vertex 6.97326 -2.76078 0.00416137
      vertex 7.26437 -1.86517 0
      vertex 7.26432 -1.86516 0.00231538
    endloop
  endfacet
  facet normal 0.950763 -0.308922 0.0248437
    outer loop
      vertex 7.26437 -1.86517 0
      vertex 6.97326 -2.76078 0.00416137
      vertex 6.97332 -2.76093 0
    endloop
  endfacet
  facet normal 0.948407 -0.316136 0.0241121
    outer loop
      vertex 6.53808 -1.67869 29.9941
      vertex 6.53794 -1.67866 30
      vertex 6.53802 -1.67887 29.9941
    endloop
  endfacet
  facet normal -0.770272 -0.637225 0.0249977
    outer loop
      vertex -4.9207 -4.62066 29.9957
      vertex -5.46086 -3.96755 30
      vertex -5.46099 -3.96764 29.9937
    endloop
  endfacet
  facet normal -0.77029 -0.637234 0.0242161
    outer loop
      vertex -5.46086 -3.96755 30
      vertex -4.9207 -4.62066 29.9957
      vertex -4.92054 -4.62069 30
    endloop
  endfacet
  facet normal -0.706901 -0.706822 0.0263501
    outer loop
      vertex -6.06759 -4.40836 0.00187782
      vertex -6.06763 -4.40839 0
      vertex -6.06755 -4.4084 0.00187794
    endloop
  endfacet
  facet normal 0.587597 -0.808755 0.0253824
    outer loop
      vertex 3.77307 -5.58593 29.9925
      vertex 4.30261 -5.20096 30
      vertex 3.61683 -5.69921 30
    endloop
  endfacet
  facet normal 0.587568 -0.808782 0.0252154
    outer loop
      vertex 3.71971 -5.6247 29.9926
      vertex 3.61683 -5.69921 30
      vertex 3.61709 -5.69923 29.9933
    endloop
  endfacet
  facet normal 0.587622 -0.808688 0.0269243
    outer loop
      vertex 3.77307 -5.58593 29.9925
      vertex 3.61683 -5.69921 30
      vertex 3.71971 -5.6247 29.9926
    endloop
  endfacet
  facet normal 0.58758 -0.808745 0.0260981
    outer loop
      vertex 4.30261 -5.20096 30
      vertex 3.77307 -5.58593 29.9925
      vertex 4.30269 -5.20106 29.9951
    endloop
  endfacet
  facet normal 0.58765 -0.808731 0.0249413
    outer loop
      vertex 3.7566 -5.70878 26.3971
      vertex 3.77307 -5.58593 29.9925
      vertex 3.71971 -5.6247 29.9926
    endloop
  endfacet
  facet normal 0.587602 -0.808766 0.0249427
    outer loop
      vertex 3.77307 -5.58593 29.9925
      vertex 3.7566 -5.70878 26.3971
      vertex 3.90362 -5.71884 22.6074
    endloop
  endfacet
  facet normal 0.599727 -0.799794 0.0256392
    outer loop
      vertex 4.78063 -5.77878 0.00335315
      vertex 4.78055 -5.77884 0.00335278
      vertex 4.78068 -5.77885 0
    endloop
  endfacet
  facet normal 0.770189 -0.637137 0.0294172
    outer loop
      vertex 5.46719 -5.13403 0.00409226
      vertex 6.06763 -4.40839 0
      vertex 6.06755 -4.4084 0.00187794
    endloop
  endfacet
  facet normal 0.770284 -0.637246 0.0240765
    outer loop
      vertex 6.06763 -4.40839 0
      vertex 5.46719 -5.13403 0.00409226
      vertex 5.46726 -5.1341 0
    endloop
  endfacet
  facet normal 0.808463 -0.587973 0.0259802
    outer loop
      vertex 4.9207 -4.62066 29.9957
      vertex 4.92054 -4.62069 30
      vertex 4.92062 -4.62077 29.9957
    endloop
  endfacet
  facet normal 0.684352 0.728751 0.0241718
    outer loop
      vertex 4.78068 5.77885 0
      vertex 5.46719 5.13403 0.00409226
      vertex 5.46726 5.1341 0
    endloop
  endfacet
  facet normal 0.684352 0.728751 0.024171
    outer loop
      vertex 5.46719 5.13403 0.00409226
      vertex 4.78068 5.77885 0
      vertex 4.7807 5.77872 0.00335322
    endloop
  endfacet
  facet normal 0.668734 0.743038 0.0262655
    outer loop
      vertex 4.92062 4.62077 29.9957
      vertex 4.92052 4.62086 29.9957
      vertex 4.92054 4.62069 30
    endloop
  endfacet
  facet normal 0.481597 0.876014 0.0257518
    outer loop
      vertex 4.0187 6.33246 0
      vertex 3.1934 6.78606 0.00397641
      vertex 4.01868 6.33243 0.00139456
    endloop
  endfacet
  facet normal 0.481615 0.876066 0.0235771
    outer loop
      vertex 3.1934 6.78606 0.00397641
      vertex 4.0187 6.33246 0
      vertex 3.19334 6.7862 0
    endloop
  endfacet
  facet normal 0.521289 0.853019 0.0248267
    outer loop
      vertex 3.61692 5.69935 29.9933
      vertex 3.61674 5.69946 29.9933
      vertex 3.61683 5.69921 30
    endloop
  endfacet
  facet normal -0.125283 0.991775 0.0261939
    outer loop
      vertex -0.470922 7.4851 0.00381498
      vertex -0.470928 7.4852 0
      vertex -1.29531 7.38103 0.0012131
    endloop
  endfacet
  facet normal -0.125119 0.991828 0.0249354
    outer loop
      vertex -1.29497 7.31747 2.52997
      vertex -1.40536 7.36715 0
      vertex -1.29486 7.29618 3.37735
    endloop
  endfacet
  facet normal -0.125365 0.991797 0.0249456
    outer loop
      vertex -1.29531 7.38103 0.0012131
      vertex -1.40536 7.36715 0
      vertex -1.29497 7.31747 2.52997
    endloop
  endfacet
  facet normal -0.125315 0.991939 0.018802
    outer loop
      vertex -1.40536 7.36715 0
      vertex -1.29531 7.38103 0.0012131
      vertex -0.470928 7.4852 0
    endloop
  endfacet
  facet normal -0.140396 0.989794 0.0244134
    outer loop
      vertex -0.423843 6.73679 29.9955
      vertex -0.423984 6.73677 29.9955
      vertex -0.423836 6.73668 30
    endloop
  endfacet
  facet normal -0.981992 -0.187333 0.0244548
    outer loop
      vertex -7.44086 -0.939999 0
      vertex -7.37433 -1.28861 0.00104574
      vertex -7.44078 -0.940065 0.00270685
    endloop
  endfacet
  facet normal -0.981986 -0.187301 0.024943
    outer loop
      vertex -7.02046 -1.28391 13.9678
      vertex -7.30916 -1.63026 0.00110378
      vertex -6.82935 -1.44026 20.3176
    endloop
  endfacet
  facet normal -0.981786 -0.187271 0.0320295
    outer loop
      vertex -7.44086 -0.939999 0
      vertex -7.30916 -1.63026 0.00110378
      vertex -7.37433 -1.28861 0.00104574
    endloop
  endfacet
  facet normal -0.982047 -0.187349 0.0220162
    outer loop
      vertex -7.30916 -1.63026 0.00110378
      vertex -7.26437 -1.86517 0
      vertex -7.26432 -1.86516 0.00231538
    endloop
  endfacet
  facet normal -0.982089 -0.187348 0.0200583
    outer loop
      vertex -7.26437 -1.86517 0
      vertex -7.30916 -1.63026 0.00110378
      vertex -7.44086 -0.939999 0
    endloop
  endfacet
  facet normal -0.981982 -0.187323 0.0249434
    outer loop
      vertex -7.30916 -1.63026 0.00110378
      vertex -7.02046 -1.28391 13.9678
      vertex -7.30636 -1.28771 2.68385
    endloop
  endfacet
  facet normal -0.981984 -0.18731 0.0249418
    outer loop
      vertex -7.30916 -1.63026 0.00110378
      vertex -7.30636 -1.28771 2.68385
      vertex -7.37433 -1.28861 0.00104574
    endloop
  endfacet
  facet normal -0.986104 -0.164351 0.0242348
    outer loop
      vertex -6.53794 -1.67866 30
      vertex -6.53811 -1.67851 29.9941
      vertex -6.53808 -1.67869 29.9941
    endloop
  endfacet
  facet normal -0.844071 -0.535651 0.0249432
    outer loop
      vertex -5.70534 -3.8896 23.4011
      vertex -5.6222 -3.71368 29.9924
      vertex -5.89353 -3.82959 18.3215
    endloop
  endfacet
  facet normal -0.84402 -0.535731 0.0249446
    outer loop
      vertex -5.6222 -3.71368 29.9924
      vertex -5.70534 -3.8896 23.4011
      vertex -5.5845 -3.77307 29.9925
    endloop
  endfacet
  facet normal -0.844089 -0.535664 0.0240365
    outer loop
      vertex -5.6222 -3.71368 29.9924
      vertex -5.91507 -3.25184 30
      vertex -5.91518 -3.2519 29.9948
    endloop
  endfacet
  facet normal -0.844077 -0.535772 0.0219622
    outer loop
      vertex -5.46086 -3.96755 30
      vertex -5.6222 -3.71368 29.9924
      vertex -5.5845 -3.77307 29.9925
    endloop
  endfacet
  facet normal -0.844065 -0.535601 0.0262037
    outer loop
      vertex -5.46086 -3.96755 30
      vertex -5.5845 -3.77307 29.9925
      vertex -5.4611 -3.96748 29.9937
    endloop
  endfacet
  facet normal -0.844056 -0.535662 0.025194
    outer loop
      vertex -5.6222 -3.71368 29.9924
      vertex -5.46086 -3.96755 30
      vertex -5.91507 -3.25184 30
    endloop
  endfacet
  facet normal -0.86792 -0.496085 0.0247733
    outer loop
      vertex -6.57223 -3.61312 0.00305317
      vertex -6.5723 -3.61315 0
      vertex -6.57219 -3.61319 0.0030528
    endloop
  endfacet
  facet normal -0.368014 -0.929493 0.0246429
    outer loop
      vertex -2.31763 -7.13292 0
      vertex -3.1932 -6.78615 0.00397667
      vertex -3.19334 -6.7862 0
    endloop
  endfacet
  facet normal -0.368027 -0.929514 0.0236761
    outer loop
      vertex -3.1932 -6.78615 0.00397667
      vertex -2.31763 -7.13292 0
      vertex -2.3176 -7.13284 0.0036071
    endloop
  endfacet
  facet normal -0.336232 -0.94145 0.0248955
    outer loop
      vertex -2.08586 -6.41963 30
      vertex -2.08604 -6.41969 29.9953
      vertex -2.0859 -6.41974 29.9953
    endloop
  endfacet
  facet normal -0.844071 0.535651 0.0249432
    outer loop
      vertex -5.6222 3.71368 29.9924
      vertex -5.70534 3.8896 23.4011
      vertex -5.89353 3.82959 18.3215
    endloop
  endfacet
  facet normal -0.84402 0.535731 0.0249446
    outer loop
      vertex -5.70534 3.8896 23.4011
      vertex -5.6222 3.71368 29.9924
      vertex -5.5845 3.77307 29.9925
    endloop
  endfacet
  facet normal -0.844065 0.535601 0.0262037
    outer loop
      vertex -5.5845 3.77307 29.9925
      vertex -5.46086 3.96755 30
      vertex -5.4611 3.96748 29.9937
    endloop
  endfacet
  facet normal -0.844077 0.535772 0.0219622
    outer loop
      vertex -5.6222 3.71368 29.9924
      vertex -5.46086 3.96755 30
      vertex -5.5845 3.77307 29.9925
    endloop
  endfacet
  facet normal -0.844089 0.535664 0.0240365
    outer loop
      vertex -5.91507 3.25184 30
      vertex -5.6222 3.71368 29.9924
      vertex -5.91518 3.2519 29.9948
    endloop
  endfacet
  facet normal -0.844056 0.535662 0.025194
    outer loop
      vertex -5.6222 3.71368 29.9924
      vertex -5.91507 3.25184 30
      vertex -5.46086 3.96755 30
    endloop
  endfacet
  facet normal -0.86792 0.496085 0.0247733
    outer loop
      vertex -6.57219 3.61319 0.0030528
      vertex -6.5723 3.61315 0
      vertex -6.57223 3.61312 0.00305317
    endloop
  endfacet
  facet normal 0.999715 -5.25343e-05 0.0238896
    outer loop
      vertex 7.4999 -4.54743e-06 0.00418472
      vertex 7.5 0 0
      vertex 7.4999 0 0.00418473
    endloop
  endfacet
  facet normal 0.997745 -0.0627739 0.0237743
    outer loop
      vertex 7.4408 -0.939914 0.00270733
      vertex 7.5 0 0
      vertex 7.4999 -4.54743e-06 0.00418472
    endloop
  endfacet
  facet normal 0.997737 -0.0627726 0.0240827
    outer loop
      vertex 7.5 0 0
      vertex 7.4408 -0.939914 0.00270733
      vertex 7.44086 -0.939999 0
    endloop
  endfacet
  facet normal 0.999717 0 0.0238028
    outer loop
      vertex 6.7501 0 29.9958
      vertex 6.75 0 30
      vertex 6.7501 -0.000131157 29.9958
    endloop
  endfacet
  facet normal -0.248619 0.968293 0.024451
    outer loop
      vertex -1.34609 6.60976 29.9926
      vertex -2.08586 6.41963 30
      vertex -1.26482 6.63044 30
    endloop
  endfacet
  facet normal -0.248604 0.968302 0.0242438
    outer loop
      vertex -1.28859 6.62452 29.9927
      vertex -1.26482 6.63044 30
      vertex -1.26486 6.63061 29.9928
    endloop
  endfacet
  facet normal -0.248601 0.968303 0.0242328
    outer loop
      vertex -1.34609 6.60976 29.9926
      vertex -1.26482 6.63044 30
      vertex -1.28859 6.62452 29.9927
    endloop
  endfacet
  facet normal -0.2486 0.968267 0.0256128
    outer loop
      vertex -2.08586 6.41963 30
      vertex -1.34609 6.60976 29.9926
      vertex -2.08576 6.41978 29.9953
    endloop
  endfacet
  facet normal -0.248598 0.968286 0.0249418
    outer loop
      vertex -1.28859 6.62452 29.9927
      vertex -1.37178 6.67304 27.2799
      vertex -1.34609 6.60976 29.9926
    endloop
  endfacet
  facet normal -0.248661 0.968269 0.0249434
    outer loop
      vertex -1.29211 6.77349 24.1748
      vertex -1.37178 6.67304 27.2799
      vertex -1.28859 6.62452 29.9927
    endloop
  endfacet
  facet normal -0.248662 0.968269 0.0249434
    outer loop
      vertex -1.29211 6.77349 24.1748
      vertex -1.56395 7.14634 6.99126
      vertex -1.37178 6.67304 27.2799
    endloop
  endfacet
  facet normal -0.248601 0.968285 0.0249427
    outer loop
      vertex -1.56395 7.14634 6.99126
      vertex -1.29211 6.77349 24.1748
      vertex -1.40536 7.36715 0
    endloop
  endfacet
  facet normal 0.2486 0.968267 0.0256128
    outer loop
      vertex 1.34609 6.60976 29.9926
      vertex 2.08586 6.41963 30
      vertex 2.08576 6.41978 29.9953
    endloop
  endfacet
  facet normal 0.248619 0.968293 0.024451
    outer loop
      vertex 2.08586 6.41963 30
      vertex 1.34609 6.60976 29.9926
      vertex 1.26482 6.63044 30
    endloop
  endfacet
  facet normal 0.248604 0.968302 0.0242438
    outer loop
      vertex 1.26482 6.63044 30
      vertex 1.28859 6.62452 29.9927
      vertex 1.26486 6.63061 29.9928
    endloop
  endfacet
  facet normal 0.248601 0.968303 0.0242328
    outer loop
      vertex 1.26482 6.63044 30
      vertex 1.34609 6.60976 29.9926
      vertex 1.28859 6.62452 29.9927
    endloop
  endfacet
  facet normal 0.248598 0.968286 0.0249418
    outer loop
      vertex 1.37178 6.67304 27.2799
      vertex 1.28859 6.62452 29.9927
      vertex 1.34609 6.60976 29.9926
    endloop
  endfacet
  facet normal 0.248661 0.968269 0.0249434
    outer loop
      vertex 1.37178 6.67304 27.2799
      vertex 1.29211 6.77349 24.1748
      vertex 1.28859 6.62452 29.9927
    endloop
  endfacet
  facet normal 0.248662 0.968269 0.0249434
    outer loop
      vertex 1.56395 7.14634 6.99126
      vertex 1.29211 6.77349 24.1748
      vertex 1.37178 6.67304 27.2799
    endloop
  endfacet
  facet normal 0.248601 0.968285 0.0249427
    outer loop
      vertex 1.29211 6.77349 24.1748
      vertex 1.56395 7.14634 6.99126
      vertex 1.40536 7.36715 0
    endloop
  endfacet
  facet normal 0.576506 -0.816716 0.0248098
    outer loop
      vertex 3.61709 -5.69923 29.9933
      vertex 3.61683 -5.69921 30
      vertex 3.61692 -5.69935 29.9933
    endloop
  endfacet
  facet normal 0.587604 -0.808766 0.0248814
    outer loop
      vertex 4.02748 -6.32604 0.00133117
      vertex 4.0187 -6.33246 0
      vertex 4.30325 -6.12569 0.00104681
    endloop
  endfacet
  facet normal 0.587496 -0.808815 0.0258249
    outer loop
      vertex 4.0187 -6.33246 0
      vertex 4.02748 -6.32604 0.00133117
      vertex 4.01868 -6.33243 0.00139456
    endloop
  endfacet
  facet normal 0.587604 -0.808764 0.0249428
    outer loop
      vertex 4.00234 -6.26877 2.4504
      vertex 3.90362 -5.71884 22.6074
      vertex 3.7566 -5.70878 26.3971
    endloop
  endfacet
  facet normal 0.587597 -0.808769 0.0249429
    outer loop
      vertex 3.90362 -5.71884 22.6074
      vertex 4.00234 -6.26877 2.4504
      vertex 4.25596 -6.07753 2.67662
    endloop
  endfacet
  facet normal 0.587603 -0.808765 0.0249443
    outer loop
      vertex 4.30325 -6.12569 0.00104681
      vertex 4.00234 -6.26877 2.4504
      vertex 4.02748 -6.32604 0.00133117
    endloop
  endfacet
  facet normal 0.587597 -0.808769 0.0249434
    outer loop
      vertex 4.00234 -6.26877 2.4504
      vertex 4.30325 -6.12569 0.00104681
      vertex 4.25596 -6.07753 2.67662
    endloop
  endfacet
  facet normal 0.587598 -0.808761 0.0251956
    outer loop
      vertex 4.30325 -6.12569 0.00104681
      vertex 4.78068 -5.77885 0
      vertex 4.78055 -5.77884 0.00335278
    endloop
  endfacet
  facet normal 0.587598 -0.80876 0.0252257
    outer loop
      vertex 4.78068 -5.77885 0
      vertex 4.30325 -6.12569 0.00104681
      vertex 4.0187 -6.33246 0
    endloop
  endfacet
  facet normal -0.684307 -0.728744 0.025628
    outer loop
      vertex -4.76598 -4.76598 29.9956
      vertex -4.92054 -4.62069 30
      vertex -4.92052 -4.62086 29.9957
    endloop
  endfacet
  facet normal -0.684334 -0.728747 0.0247978
    outer loop
      vertex -4.92054 -4.62069 30
      vertex -4.76598 -4.76598 29.9956
      vertex -4.30261 -5.20096 30
    endloop
  endfacet
  facet normal -0.684318 -0.728718 0.0260443
    outer loop
      vertex -4.30261 -5.20096 30
      vertex -4.76598 -4.76598 29.9956
      vertex -4.30269 -5.20106 29.9951
    endloop
  endfacet
  facet normal -0.650564 -0.759021 0.025546
    outer loop
      vertex -4.78063 -5.77878 0.00335315
      vertex -4.7807 -5.77872 0.00335322
      vertex -4.78068 -5.77885 0
    endloop
  endfacet
  facet normal 0.990875 0.132242 0.0260606
    outer loop
      vertex 7.44086 0.939999 0
      vertex 7.44078 0.940065 0.00270685
      vertex 7.44079 0.93999 0.00270721
    endloop
  endfacet
  facet normal 0.982015 0.187331 0.0235327
    outer loop
      vertex 6.53794 1.67866 30
      vertex 6.60086 1.34978 29.9924
      vertex 6.53811 1.67851 29.9941
    endloop
  endfacet
  facet normal 0.981973 0.187367 0.0249423
    outer loop
      vertex 6.66801 1.37637 27.1491
      vertex 6.61446 1.27852 29.9924
      vertex 7.02046 1.28391 13.9678
    endloop
  endfacet
  facet normal 0.982079 0.18743 0.0197861
    outer loop
      vertex 6.53794 1.67866 30
      vertex 6.61446 1.27852 29.9924
      vertex 6.60086 1.34978 29.9924
    endloop
  endfacet
  facet normal 0.981983 0.187313 0.0249806
    outer loop
      vertex 6.69677 0.845999 30
      vertex 6.61446 1.27852 29.9924
      vertex 6.53794 1.67866 30
    endloop
  endfacet
  facet normal 0.981966 0.18732 0.0255745
    outer loop
      vertex 6.61446 1.27852 29.9924
      vertex 6.69677 0.845999 30
      vertex 6.69691 0.846016 29.9945
    endloop
  endfacet
  facet normal 0.981988 0.187291 0.0249433
    outer loop
      vertex 6.66801 1.37637 27.1491
      vertex 7.02046 1.28391 13.9678
      vertex 6.82935 1.44026 20.3176
    endloop
  endfacet
  facet normal 0.981965 0.187408 0.0249436
    outer loop
      vertex 6.61446 1.27852 29.9924
      vertex 6.66801 1.37637 27.1491
      vertex 6.60086 1.34978 29.9924
    endloop
  endfacet
  facet normal -0.587598 -0.808761 0.0251956
    outer loop
      vertex -4.78055 -5.77884 0.00335278
      vertex -4.78068 -5.77885 0
      vertex -4.30325 -6.12569 0.00104681
    endloop
  endfacet
  facet normal -0.587597 -0.808769 0.0249429
    outer loop
      vertex -4.00234 -6.26877 2.4504
      vertex -3.90362 -5.71884 22.6074
      vertex -4.25596 -6.07753 2.67662
    endloop
  endfacet
  facet normal -0.587604 -0.808764 0.0249428
    outer loop
      vertex -3.90362 -5.71884 22.6074
      vertex -4.00234 -6.26877 2.4504
      vertex -3.7566 -5.70878 26.3971
    endloop
  endfacet
  facet normal -0.587597 -0.808769 0.0249434
    outer loop
      vertex -4.30325 -6.12569 0.00104681
      vertex -4.00234 -6.26877 2.4504
      vertex -4.25596 -6.07753 2.67662
    endloop
  endfacet
  facet normal -0.587603 -0.808765 0.0249443
    outer loop
      vertex -4.00234 -6.26877 2.4504
      vertex -4.30325 -6.12569 0.00104681
      vertex -4.02748 -6.32604 0.00133117
    endloop
  endfacet
  facet normal -0.587598 -0.80876 0.0252257
    outer loop
      vertex -4.0187 -6.33246 0
      vertex -4.30325 -6.12569 0.00104681
      vertex -4.78068 -5.77885 0
    endloop
  endfacet
  facet normal -0.587496 -0.808815 0.0258249
    outer loop
      vertex -4.02748 -6.32604 0.00133117
      vertex -4.0187 -6.33246 0
      vertex -4.01868 -6.33243 0.00139456
    endloop
  endfacet
  facet normal -0.587604 -0.808766 0.0248814
    outer loop
      vertex -4.30325 -6.12569 0.00104681
      vertex -4.0187 -6.33246 0
      vertex -4.02748 -6.32604 0.00133117
    endloop
  endfacet
  facet normal -0.576506 -0.816716 0.0248098
    outer loop
      vertex -3.61683 -5.69921 30
      vertex -3.61709 -5.69923 29.9933
      vertex -3.61692 -5.69935 29.9933
    endloop
  endfacet
  facet normal -0.481597 -0.876014 0.0257518
    outer loop
      vertex -4.0187 -6.33246 0
      vertex -3.1934 -6.78606 0.00397641
      vertex -4.01868 -6.33243 0.00139456
    endloop
  endfacet
  facet normal -0.481615 -0.876066 0.0235771
    outer loop
      vertex -3.1934 -6.78606 0.00397641
      vertex -4.0187 -6.33246 0
      vertex -3.19334 -6.7862 0
    endloop
  endfacet
  facet normal -0.521289 -0.853019 0.0248267
    outer loop
      vertex -3.61683 -5.69921 30
      vertex -3.61692 -5.69935 29.9933
      vertex -3.61674 -5.69946 29.9933
    endloop
  endfacet
  facet normal 0.904563 0.425651 0.0242227
    outer loop
      vertex 6.57227 3.61304 0.00305327
      vertex 6.97332 2.76093 0
      vertex 6.5723 3.61315 0
    endloop
  endfacet
  facet normal 0.904595 0.425671 0.0226316
    outer loop
      vertex 6.97332 2.76093 0
      vertex 6.57227 3.61304 0.00305327
      vertex 6.97323 2.7609 0.0041616
    endloop
  endfacet
  facet normal 0.894135 0.447068 0.0255467
    outer loop
      vertex 6.27603 2.485 29.9958
      vertex 6.27599 2.48484 30
      vertex 6.27609 2.48488 29.9958
    endloop
  endfacet
  facet normal 0.86792 -0.496085 0.0247733
    outer loop
      vertex 6.57223 -3.61312 0.00305317
      vertex 6.57219 -3.61319 0.0030528
      vertex 6.5723 -3.61315 0
    endloop
  endfacet
  facet normal 0.844089 -0.535664 0.0240365
    outer loop
      vertex 5.91507 -3.25184 30
      vertex 5.6222 -3.71368 29.9924
      vertex 5.91518 -3.2519 29.9948
    endloop
  endfacet
  facet normal 0.844056 -0.535662 0.025194
    outer loop
      vertex 5.46086 -3.96755 30
      vertex 5.6222 -3.71368 29.9924
      vertex 5.91507 -3.25184 30
    endloop
  endfacet
  facet normal 0.844077 -0.535772 0.0219622
    outer loop
      vertex 5.6222 -3.71368 29.9924
      vertex 5.46086 -3.96755 30
      vertex 5.5845 -3.77307 29.9925
    endloop
  endfacet
  facet normal 0.844065 -0.535601 0.0262037
    outer loop
      vertex 5.5845 -3.77307 29.9925
      vertex 5.46086 -3.96755 30
      vertex 5.4611 -3.96748 29.9937
    endloop
  endfacet
  facet normal 0.84402 -0.535731 0.0249446
    outer loop
      vertex 5.70534 -3.8896 23.4011
      vertex 5.6222 -3.71368 29.9924
      vertex 5.5845 -3.77307 29.9925
    endloop
  endfacet
  facet normal 0.844071 -0.535651 0.0249432
    outer loop
      vertex 5.6222 -3.71368 29.9924
      vertex 5.70534 -3.8896 23.4011
      vertex 5.89353 -3.82959 18.3215
    endloop
  endfacet
  facet normal -0.481618 0.876064 0.023577
    outer loop
      vertex -3.19334 6.7862 0
      vertex -4.01868 6.33243 0.00139456
      vertex -3.1934 6.78606 0.00397641
    endloop
  endfacet
  facet normal -0.481589 0.876019 0.0257517
    outer loop
      vertex -4.01868 6.33243 0.00139456
      vertex -3.19334 6.7862 0
      vertex -4.0187 6.33246 0
    endloop
  endfacet
  facet normal -0.521289 0.853019 0.0248267
    outer loop
      vertex -3.61674 5.69946 29.9933
      vertex -3.61692 5.69935 29.9933
      vertex -3.61683 5.69921 30
    endloop
  endfacet
  facet normal -0.904565 0.425657 0.0240465
    outer loop
      vertex -6.27603 2.485 29.9958
      vertex -5.91507 3.25184 30
      vertex -5.91518 3.2519 29.9948
    endloop
  endfacet
  facet normal -0.904549 0.425645 0.0248298
    outer loop
      vertex -5.91507 3.25184 30
      vertex -6.27603 2.485 29.9958
      vertex -6.27599 2.48484 30
    endloop
  endfacet
  facet normal -0.894138 0.4471 0.024893
    outer loop
      vertex -6.57223 3.61312 0.00305317
      vertex -6.5723 3.61315 0
      vertex -6.57227 3.61304 0.00305327
    endloop
  endfacet
  facet normal -0.9977 0.0627756 0.02559
    outer loop
      vertex -6.7501 0.000131157 29.9958
      vertex -6.69677 0.845999 30
      vertex -6.69691 0.846016 29.9945
    endloop
  endfacet
  facet normal -0.997696 0.0627748 0.025715
    outer loop
      vertex -6.69677 0.845999 30
      vertex -6.7501 0.000131157 29.9958
      vertex -6.75 0 30
    endloop
  endfacet
  facet normal -0.991112 0.130451 0.0260607
    outer loop
      vertex -7.44079 0.93999 0.00270721
      vertex -7.44086 0.939999 0
      vertex -7.4408 0.939914 0.00270733
    endloop
  endfacet
  facet normal 0.948407 0.316136 0.0241121
    outer loop
      vertex 6.53802 1.67887 29.9941
      vertex 6.53794 1.67866 30
      vertex 6.53808 1.67869 29.9941
    endloop
  endfacet
  facet normal 0.950763 0.308922 0.0248437
    outer loop
      vertex 6.97326 2.76078 0.00416137
      vertex 7.26437 1.86517 0
      vertex 6.97332 2.76093 0
    endloop
  endfacet
  facet normal 0.950825 0.308956 0.0218672
    outer loop
      vertex 7.26437 1.86517 0
      vertex 6.97326 2.76078 0.00416137
      vertex 7.26432 1.86516 0.00231538
    endloop
  endfacet
  facet normal 0.447136 0.894124 0.0247332
    outer loop
      vertex 3.19334 6.7862 0
      vertex 3.1933 6.78611 0.00397671
      vertex 3.1934 6.78606 0.00397641
    endloop
  endfacet
  facet normal 0.4816 0.876024 0.0253824
    outer loop
      vertex 3.61683 5.69921 30
      vertex 2.87406 6.10768 29.9956
      vertex 2.87401 6.10758 30
    endloop
  endfacet
  facet normal 0.481585 0.876007 0.0262178
    outer loop
      vertex 2.87406 6.10768 29.9956
      vertex 3.61683 5.69921 30
      vertex 3.61674 5.69946 29.9933
    endloop
  endfacet
  facet normal -0.997696 -0.0627748 0.025715
    outer loop
      vertex -6.7501 -0.000131157 29.9958
      vertex -6.69677 -0.845999 30
      vertex -6.75 0 30
    endloop
  endfacet
  facet normal -0.9977 -0.0627756 0.02559
    outer loop
      vertex -6.69677 -0.845999 30
      vertex -6.7501 -0.000131157 29.9958
      vertex -6.69691 -0.846016 29.9945
    endloop
  endfacet
  facet normal -0.991112 -0.130451 0.0260607
    outer loop
      vertex -7.4408 -0.939914 0.00270733
      vertex -7.44086 -0.939999 0
      vertex -7.44079 -0.93999 0.00270721
    endloop
  endfacet
  facet normal 0.997696 -0.0627748 0.025715
    outer loop
      vertex 6.69677 -0.845999 30
      vertex 6.7501 -0.000131157 29.9958
      vertex 6.75 0 30
    endloop
  endfacet
  facet normal 0.9977 -0.0627756 0.02559
    outer loop
      vertex 6.7501 -0.000131157 29.9958
      vertex 6.69677 -0.845999 30
      vertex 6.69691 -0.846016 29.9945
    endloop
  endfacet
  facet normal 0.991112 -0.130451 0.0260607
    outer loop
      vertex 7.4408 -0.939914 0.00270733
      vertex 7.44079 -0.93999 0.00270721
      vertex 7.44086 -0.939999 0
    endloop
  endfacet
  facet normal 0.991112 0.130451 0.0260607
    outer loop
      vertex 7.44086 0.939999 0
      vertex 7.44079 0.93999 0.00270721
      vertex 7.4408 0.939914 0.00270733
    endloop
  endfacet
  facet normal 0.9977 0.0627756 0.02559
    outer loop
      vertex 6.69677 0.845999 30
      vertex 6.7501 0.000131157 29.9958
      vertex 6.69691 0.846016 29.9945
    endloop
  endfacet
  facet normal 0.997696 0.0627748 0.025715
    outer loop
      vertex 6.7501 0.000131157 29.9958
      vertex 6.69677 0.845999 30
      vertex 6.75 0 30
    endloop
  endfacet
  facet normal -0.999717 0 0.0238028
    outer loop
      vertex -6.7501 0.000131157 29.9958
      vertex -6.7501 0 29.9958
      vertex -6.75 0 30
    endloop
  endfacet
  facet normal -0.997737 0.0627726 0.0240827
    outer loop
      vertex -7.5 0 0
      vertex -7.4408 0.939914 0.00270733
      vertex -7.44086 0.939999 0
    endloop
  endfacet
  facet normal -0.997745 0.0627739 0.0237743
    outer loop
      vertex -7.4408 0.939914 0.00270733
      vertex -7.5 0 0
      vertex -7.4999 4.54743e-06 0.00418472
    endloop
  endfacet
  facet normal -0.999715 5.25343e-05 0.0238896
    outer loop
      vertex -7.4999 4.54743e-06 0.00418472
      vertex -7.5 0 0
      vertex -7.4999 0 0.00418473
    endloop
  endfacet
  facet normal -0.770286 0.637238 0.024216
    outer loop
      vertex -5.46099 3.96764 29.9937
      vertex -4.92054 4.62069 30
      vertex -4.9207 4.62066 29.9957
    endloop
  endfacet
  facet normal -0.770275 0.637222 0.0249977
    outer loop
      vertex -4.92054 4.62069 30
      vertex -5.46099 3.96764 29.9937
      vertex -5.46086 3.96755 30
    endloop
  endfacet
  facet normal -0.706901 0.706822 0.0263501
    outer loop
      vertex -6.06755 4.4084 0.00187794
      vertex -6.06763 4.40839 0
      vertex -6.06759 4.40836 0.00187782
    endloop
  endfacet
  facet normal 0.844065 0.535601 0.0262037
    outer loop
      vertex 5.46086 3.96755 30
      vertex 5.5845 3.77307 29.9925
      vertex 5.4611 3.96748 29.9937
    endloop
  endfacet
  facet normal 0.844077 0.535772 0.0219622
    outer loop
      vertex 5.46086 3.96755 30
      vertex 5.6222 3.71368 29.9924
      vertex 5.5845 3.77307 29.9925
    endloop
  endfacet
  facet normal 0.844056 0.535662 0.025194
    outer loop
      vertex 5.91507 3.25184 30
      vertex 5.6222 3.71368 29.9924
      vertex 5.46086 3.96755 30
    endloop
  endfacet
  facet normal 0.844089 0.535664 0.0240365
    outer loop
      vertex 5.6222 3.71368 29.9924
      vertex 5.91507 3.25184 30
      vertex 5.91518 3.2519 29.9948
    endloop
  endfacet
  facet normal 0.84402 0.535731 0.0249446
    outer loop
      vertex 5.6222 3.71368 29.9924
      vertex 5.70534 3.8896 23.4011
      vertex 5.5845 3.77307 29.9925
    endloop
  endfacet
  facet normal 0.844071 0.535651 0.0249432
    outer loop
      vertex 5.70534 3.8896 23.4011
      vertex 5.6222 3.71368 29.9924
      vertex 5.89353 3.82959 18.3215
    endloop
  endfacet
  facet normal 0.86792 0.496085 0.0247733
    outer loop
      vertex 6.5723 3.61315 0
      vertex 6.57219 3.61319 0.0030528
      vertex 6.57223 3.61312 0.00305317
    endloop
  endfacet
  facet normal -0.668734 0.743038 0.0262655
    outer loop
      vertex -4.92052 4.62086 29.9957
      vertex -4.92062 4.62077 29.9957
      vertex -4.92054 4.62069 30
    endloop
  endfacet
  facet normal -0.684352 0.728751 0.024171
    outer loop
      vertex -4.78068 5.77885 0
      vertex -5.46719 5.13403 0.00409226
      vertex -4.7807 5.77872 0.00335322
    endloop
  endfacet
  facet normal -0.684352 0.728751 0.0241718
    outer loop
      vertex -5.46719 5.13403 0.00409226
      vertex -4.78068 5.77885 0
      vertex -5.46726 5.1341 0
    endloop
  endfacet
  facet normal 0.981982 -0.187323 0.0249434
    outer loop
      vertex 7.02046 -1.28391 13.9678
      vertex 7.30916 -1.63026 0.00110378
      vertex 7.30636 -1.28771 2.68385
    endloop
  endfacet
  facet normal 0.981986 -0.187301 0.024943
    outer loop
      vertex 7.30916 -1.63026 0.00110378
      vertex 7.02046 -1.28391 13.9678
      vertex 6.82935 -1.44026 20.3176
    endloop
  endfacet
  facet normal 0.981992 -0.187333 0.0244548
    outer loop
      vertex 7.37433 -1.28861 0.00104574
      vertex 7.44086 -0.939999 0
      vertex 7.44078 -0.940065 0.00270685
    endloop
  endfacet
  facet normal 0.981984 -0.18731 0.0249418
    outer loop
      vertex 7.30636 -1.28771 2.68385
      vertex 7.30916 -1.63026 0.00110378
      vertex 7.37433 -1.28861 0.00104574
    endloop
  endfacet
  facet normal 0.981786 -0.187271 0.0320295
    outer loop
      vertex 7.30916 -1.63026 0.00110378
      vertex 7.44086 -0.939999 0
      vertex 7.37433 -1.28861 0.00104574
    endloop
  endfacet
  facet normal 0.982089 -0.187348 0.0200583
    outer loop
      vertex 7.30916 -1.63026 0.00110378
      vertex 7.26437 -1.86517 0
      vertex 7.44086 -0.939999 0
    endloop
  endfacet
  facet normal 0.982047 -0.187349 0.0220162
    outer loop
      vertex 7.26437 -1.86517 0
      vertex 7.30916 -1.63026 0.00110378
      vertex 7.26432 -1.86516 0.00231538
    endloop
  endfacet
  facet normal 0.986104 -0.164351 0.0242348
    outer loop
      vertex 6.53811 -1.67851 29.9941
      vertex 6.53794 -1.67866 30
      vertex 6.53808 -1.67869 29.9941
    endloop
  endfacet
  facet normal 0.274636 -0.961227 0.0248341
    outer loop
      vertex 2.08586 -6.41963 30
      vertex 2.08576 -6.41978 29.9953
      vertex 2.0859 -6.41974 29.9953
    endloop
  endfacet
  facet normal 0.248593 -0.968287 0.024943
    outer loop
      vertex 1.56395 -7.14634 6.99126
      vertex 1.40536 -7.36715 0
      vertex 1.63015 -7.30941 0.00110857
    endloop
  endfacet
  facet normal 0.248634 -0.96837 0.0209778
    outer loop
      vertex 2.31763 -7.13292 0
      vertex 1.63015 -7.30941 0.00110857
      vertex 1.40536 -7.36715 0
    endloop
  endfacet
  facet normal 0.248624 -0.968314 0.0235435
    outer loop
      vertex 1.63015 -7.30941 0.00110857
      vertex 2.31763 -7.13292 0
      vertex 2.3176 -7.13284 0.0036071
    endloop
  endfacet
  facet normal 0.371268 0.928196 0.0247411
    outer loop
      vertex 3.19334 6.7862 0
      vertex 3.1932 6.78615 0.00397667
      vertex 3.1933 6.78611 0.00397671
    endloop
  endfacet
  facet normal 0.368009 0.929478 0.0253064
    outer loop
      vertex 2.08604 6.41969 29.9953
      vertex 2.87401 6.10758 30
      vertex 2.87406 6.10768 29.9956
    endloop
  endfacet
  facet normal 0.368 0.929463 0.0259591
    outer loop
      vertex 2.87401 6.10758 30
      vertex 2.08604 6.41969 29.9953
      vertex 2.08586 6.41963 30
    endloop
  endfacet
  facet normal 0.599727 0.799794 0.0256392
    outer loop
      vertex 4.78068 5.77885 0
      vertex 4.78055 5.77884 0.00335278
      vertex 4.78063 5.77878 0.00335315
    endloop
  endfacet
  facet normal 0.58758 0.808745 0.0260981
    outer loop
      vertex 3.77307 5.58593 29.9925
      vertex 4.30261 5.20096 30
      vertex 4.30269 5.20106 29.9951
    endloop
  endfacet
  facet normal 0.587597 0.808755 0.0253824
    outer loop
      vertex 4.30261 5.20096 30
      vertex 3.77307 5.58593 29.9925
      vertex 3.61683 5.69921 30
    endloop
  endfacet
  facet normal 0.587568 0.808782 0.0252154
    outer loop
      vertex 3.61683 5.69921 30
      vertex 3.71971 5.6247 29.9926
      vertex 3.61709 5.69923 29.9933
    endloop
  endfacet
  facet normal 0.587622 0.808688 0.0269243
    outer loop
      vertex 3.61683 5.69921 30
      vertex 3.77307 5.58593 29.9925
      vertex 3.71971 5.6247 29.9926
    endloop
  endfacet
  facet normal 0.58765 0.808731 0.0249413
    outer loop
      vertex 3.77307 5.58593 29.9925
      vertex 3.7566 5.70878 26.3971
      vertex 3.71971 5.6247 29.9926
    endloop
  endfacet
  facet normal 0.587602 0.808766 0.0249427
    outer loop
      vertex 3.7566 5.70878 26.3971
      vertex 3.77307 5.58593 29.9925
      vertex 3.90362 5.71884 22.6074
    endloop
  endfacet
  facet normal -0.904595 -0.425671 0.0226316
    outer loop
      vertex -6.97332 -2.76093 0
      vertex -6.57227 -3.61304 0.00305327
      vertex -6.97323 -2.7609 0.0041616
    endloop
  endfacet
  facet normal -0.904563 -0.425651 0.0242227
    outer loop
      vertex -6.57227 -3.61304 0.00305327
      vertex -6.97332 -2.76093 0
      vertex -6.5723 -3.61315 0
    endloop
  endfacet
  facet normal -0.894135 -0.447068 0.0255467
    outer loop
      vertex -6.27599 -2.48484 30
      vertex -6.27609 -2.48488 29.9958
      vertex -6.27603 -2.485 29.9958
    endloop
  endfacet
  facet normal 0.904565 0.425657 0.0240465
    outer loop
      vertex 5.91507 3.25184 30
      vertex 6.27603 2.485 29.9958
      vertex 5.91518 3.2519 29.9948
    endloop
  endfacet
  facet normal 0.904549 0.425645 0.0248298
    outer loop
      vertex 6.27603 2.485 29.9958
      vertex 5.91507 3.25184 30
      vertex 6.27599 2.48484 30
    endloop
  endfacet
  facet normal 0.894138 0.4471 0.024893
    outer loop
      vertex 6.5723 3.61315 0
      vertex 6.57223 3.61312 0.00305317
      vertex 6.57227 3.61304 0.00305327
    endloop
  endfacet
  facet normal 0.950747 0.308911 0.0255788
    outer loop
      vertex 6.27599 2.48484 30
      vertex 6.53802 1.67887 29.9941
      vertex 6.27609 2.48488 29.9958
    endloop
  endfacet
  facet normal 0.950783 0.308935 0.023888
    outer loop
      vertex 6.53802 1.67887 29.9941
      vertex 6.27599 2.48484 30
      vertex 6.53794 1.67866 30
    endloop
  endfacet
  facet normal 0.969902 0.242432 0.022723
    outer loop
      vertex 6.97332 2.76093 0
      vertex 6.97323 2.7609 0.0041616
      vertex 6.97326 2.76078 0.00416137
    endloop
  endfacet
  facet normal -0.808463 -0.587973 0.0259802
    outer loop
      vertex -4.92054 -4.62069 30
      vertex -4.9207 -4.62066 29.9957
      vertex -4.92062 -4.62077 29.9957
    endloop
  endfacet
  facet normal -0.770189 -0.637137 0.0294172
    outer loop
      vertex -6.06763 -4.40839 0
      vertex -5.46719 -5.13403 0.00409226
      vertex -6.06755 -4.4084 0.00187794
    endloop
  endfacet
  facet normal -0.770284 -0.637246 0.0240765
    outer loop
      vertex -5.46719 -5.13403 0.00409226
      vertex -6.06763 -4.40839 0
      vertex -5.46726 -5.1341 0
    endloop
  endfacet
  facet normal -0.371268 -0.928196 0.0247411
    outer loop
      vertex -3.1933 -6.78611 0.00397671
      vertex -3.19334 -6.7862 0
      vertex -3.1932 -6.78615 0.00397667
    endloop
  endfacet
  facet normal -0.368009 -0.929478 0.0253064
    outer loop
      vertex -2.08604 -6.41969 29.9953
      vertex -2.87401 -6.10758 30
      vertex -2.87406 -6.10768 29.9956
    endloop
  endfacet
  facet normal -0.368 -0.929463 0.0259591
    outer loop
      vertex -2.87401 -6.10758 30
      vertex -2.08604 -6.41969 29.9953
      vertex -2.08586 -6.41963 30
    endloop
  endfacet
  facet normal 0.684352 -0.728751 0.024171
    outer loop
      vertex 4.78068 -5.77885 0
      vertex 5.46719 -5.13403 0.00409226
      vertex 4.7807 -5.77872 0.00335322
    endloop
  endfacet
  facet normal 0.684352 -0.728751 0.0241718
    outer loop
      vertex 5.46719 -5.13403 0.00409226
      vertex 4.78068 -5.77885 0
      vertex 5.46726 -5.1341 0
    endloop
  endfacet
  facet normal 0.668734 -0.743038 0.0262655
    outer loop
      vertex 4.92054 -4.62069 30
      vertex 4.92052 -4.62086 29.9957
      vertex 4.92062 -4.62077 29.9957
    endloop
  endfacet
  facet normal 0.274636 0.961227 0.0248341
    outer loop
      vertex 2.0859 6.41974 29.9953
      vertex 2.08576 6.41978 29.9953
      vertex 2.08586 6.41963 30
    endloop
  endfacet
  facet normal 0.248624 0.968314 0.0235435
    outer loop
      vertex 2.3176 7.13284 0.0036071
      vertex 2.31763 7.13292 0
      vertex 1.63015 7.30941 0.00110857
    endloop
  endfacet
  facet normal 0.248593 0.968287 0.024943
    outer loop
      vertex 1.63015 7.30941 0.00110857
      vertex 1.40536 7.36715 0
      vertex 1.56395 7.14634 6.99126
    endloop
  endfacet
  facet normal 0.248634 0.96837 0.0209778
    outer loop
      vertex 1.40536 7.36715 0
      vertex 1.63015 7.30941 0.00110857
      vertex 2.31763 7.13292 0
    endloop
  endfacet
  facet normal -0.981965 -0.187408 0.0249436
    outer loop
      vertex -6.61446 -1.27852 29.9924
      vertex -6.66801 -1.37637 27.1491
      vertex -6.60086 -1.34978 29.9924
    endloop
  endfacet
  facet normal -0.981988 -0.187291 0.0249433
    outer loop
      vertex -6.66801 -1.37637 27.1491
      vertex -7.02046 -1.28391 13.9678
      vertex -6.82935 -1.44026 20.3176
    endloop
  endfacet
  facet normal -0.981966 -0.18732 0.0255745
    outer loop
      vertex -6.61446 -1.27852 29.9924
      vertex -6.69677 -0.845999 30
      vertex -6.69691 -0.846016 29.9945
    endloop
  endfacet
  facet normal -0.981973 -0.187367 0.0249423
    outer loop
      vertex -6.66801 -1.37637 27.1491
      vertex -6.61446 -1.27852 29.9924
      vertex -7.02046 -1.28391 13.9678
    endloop
  endfacet
  facet normal -0.981811 -0.187379 0.0305923
    outer loop
      vertex -6.60086 -1.34978 29.9924
      vertex -6.69677 -0.845999 30
      vertex -6.61446 -1.27852 29.9924
    endloop
  endfacet
  facet normal -0.982015 -0.187331 0.0235327
    outer loop
      vertex -6.53794 -1.67866 30
      vertex -6.60086 -1.34978 29.9924
      vertex -6.53811 -1.67851 29.9941
    endloop
  endfacet
  facet normal -0.982005 -0.187317 0.0240557
    outer loop
      vertex -6.60086 -1.34978 29.9924
      vertex -6.53794 -1.67866 30
      vertex -6.69677 -0.845999 30
    endloop
  endfacet
  facet normal -0.990875 -0.132242 0.0260606
    outer loop
      vertex -7.44079 -0.93999 0.00270721
      vertex -7.44086 -0.939999 0
      vertex -7.44078 -0.940065 0.00270685
    endloop
  endfacet
  facet normal 0.125119 -0.991828 0.0249354
    outer loop
      vertex 1.29497 -7.31747 2.52997
      vertex 1.40536 -7.36715 0
      vertex 1.29486 -7.29618 3.37735
    endloop
  endfacet
  facet normal 0.125365 -0.991797 0.0249456
    outer loop
      vertex 1.29531 -7.38103 0.0012131
      vertex 1.40536 -7.36715 0
      vertex 1.29497 -7.31747 2.52997
    endloop
  endfacet
  facet normal 0.125315 -0.991939 0.018802
    outer loop
      vertex 1.40536 -7.36715 0
      vertex 1.29531 -7.38103 0.0012131
      vertex 0.470928 -7.4852 0
    endloop
  endfacet
  facet normal 0.125283 -0.991775 0.0261939
    outer loop
      vertex 0.470922 -7.4851 0.00381498
      vertex 0.470928 -7.4852 0
      vertex 1.29531 -7.38103 0.0012131
    endloop
  endfacet
  facet normal 0.140396 -0.989794 0.0244134
    outer loop
      vertex 0.423984 -6.73677 29.9955
      vertex 0.423836 -6.73668 30
      vertex 0.423843 -6.73679 29.9955
    endloop
  endfacet
  facet normal -0.950747 0.308911 0.0255788
    outer loop
      vertex -6.53802 1.67887 29.9941
      vertex -6.27599 2.48484 30
      vertex -6.27609 2.48488 29.9958
    endloop
  endfacet
  facet normal -0.950783 0.308935 0.023888
    outer loop
      vertex -6.27599 2.48484 30
      vertex -6.53802 1.67887 29.9941
      vertex -6.53794 1.67866 30
    endloop
  endfacet
  facet normal -0.969902 0.242432 0.022723
    outer loop
      vertex -6.97323 2.7609 0.0041616
      vertex -6.97332 2.76093 0
      vertex -6.97326 2.76078 0.00416137
    endloop
  endfacet
  facet normal -0.948407 0.316136 0.0241121
    outer loop
      vertex -6.53802 1.67887 29.9941
      vertex -6.53808 1.67869 29.9941
      vertex -6.53794 1.67866 30
    endloop
  endfacet
  facet normal -0.950763 0.308922 0.0248437
    outer loop
      vertex -7.26437 1.86517 0
      vertex -6.97326 2.76078 0.00416137
      vertex -6.97332 2.76093 0
    endloop
  endfacet
  facet normal -0.950825 0.308956 0.0218672
    outer loop
      vertex -6.97326 2.76078 0.00416137
      vertex -7.26437 1.86517 0
      vertex -7.26432 1.86516 0.00231538
    endloop
  endfacet
  facet normal -0.986104 0.164351 0.0242348
    outer loop
      vertex -6.53808 1.67869 29.9941
      vertex -6.53811 1.67851 29.9941
      vertex -6.53794 1.67866 30
    endloop
  endfacet
  facet normal -0.982047 0.187349 0.0220162
    outer loop
      vertex -7.26437 1.86517 0
      vertex -7.30916 1.63026 0.00110378
      vertex -7.26432 1.86516 0.00231538
    endloop
  endfacet
  facet normal -0.981984 0.18731 0.0249418
    outer loop
      vertex -7.30636 1.28771 2.68385
      vertex -7.30916 1.63026 0.00110378
      vertex -7.37433 1.28861 0.00104574
    endloop
  endfacet
  facet normal -0.982155 0.187344 0.0165423
    outer loop
      vertex -7.26437 1.86517 0
      vertex -7.37433 1.28861 0.00104574
      vertex -7.30916 1.63026 0.00110378
    endloop
  endfacet
  facet normal -0.981992 0.187333 0.0244548
    outer loop
      vertex -7.37433 1.28861 0.00104574
      vertex -7.44086 0.939999 0
      vertex -7.44078 0.940065 0.00270685
    endloop
  endfacet
  facet normal -0.981963 0.187324 0.0256493
    outer loop
      vertex -7.44086 0.939999 0
      vertex -7.37433 1.28861 0.00104574
      vertex -7.26437 1.86517 0
    endloop
  endfacet
  facet normal -0.981982 0.187323 0.0249434
    outer loop
      vertex -7.02046 1.28391 13.9678
      vertex -7.30916 1.63026 0.00110378
      vertex -7.30636 1.28771 2.68385
    endloop
  endfacet
  facet normal -0.981986 0.187301 0.024943
    outer loop
      vertex -7.30916 1.63026 0.00110378
      vertex -7.02046 1.28391 13.9678
      vertex -6.82935 1.44026 20.3176
    endloop
  endfacet
  facet normal -0.950825 -0.308956 0.0218672
    outer loop
      vertex -7.26437 -1.86517 0
      vertex -6.97326 -2.76078 0.00416137
      vertex -7.26432 -1.86516 0.00231538
    endloop
  endfacet
  facet normal -0.950763 -0.308922 0.0248437
    outer loop
      vertex -6.97326 -2.76078 0.00416137
      vertex -7.26437 -1.86517 0
      vertex -6.97332 -2.76093 0
    endloop
  endfacet
  facet normal -0.948407 -0.316136 0.0241121
    outer loop
      vertex -6.53794 -1.67866 30
      vertex -6.53808 -1.67869 29.9941
      vertex -6.53802 -1.67887 29.9941
    endloop
  endfacet
  facet normal 0.587598 0.808761 0.0251956
    outer loop
      vertex 4.78055 5.77884 0.00335278
      vertex 4.78068 5.77885 0
      vertex 4.30325 6.12569 0.00104681
    endloop
  endfacet
  facet normal 0.587597 0.808769 0.0249429
    outer loop
      vertex 4.00234 6.26877 2.4504
      vertex 3.90362 5.71884 22.6074
      vertex 4.25596 6.07753 2.67662
    endloop
  endfacet
  facet normal 0.587604 0.808764 0.0249428
    outer loop
      vertex 3.90362 5.71884 22.6074
      vertex 4.00234 6.26877 2.4504
      vertex 3.7566 5.70878 26.3971
    endloop
  endfacet
  facet normal 0.587597 0.808769 0.0249434
    outer loop
      vertex 4.30325 6.12569 0.00104681
      vertex 4.00234 6.26877 2.4504
      vertex 4.25596 6.07753 2.67662
    endloop
  endfacet
  facet normal 0.587603 0.808765 0.0249443
    outer loop
      vertex 4.00234 6.26877 2.4504
      vertex 4.30325 6.12569 0.00104681
      vertex 4.02748 6.32604 0.00133117
    endloop
  endfacet
  facet normal 0.587598 0.80876 0.0252257
    outer loop
      vertex 4.0187 6.33246 0
      vertex 4.30325 6.12569 0.00104681
      vertex 4.78068 5.77885 0
    endloop
  endfacet
  facet normal 0.587496 0.808815 0.0258249
    outer loop
      vertex 4.02748 6.32604 0.00133117
      vertex 4.0187 6.33246 0
      vertex 4.01868 6.33243 0.00139456
    endloop
  endfacet
  facet normal 0.587604 0.808766 0.0248814
    outer loop
      vertex 4.30325 6.12569 0.00104681
      vertex 4.0187 6.33246 0
      vertex 4.02748 6.32604 0.00133117
    endloop
  endfacet
  facet normal 0.576506 0.816716 0.0248098
    outer loop
      vertex 3.61692 5.69935 29.9933
      vertex 3.61683 5.69921 30
      vertex 3.61709 5.69923 29.9933
    endloop
  endfacet
  facet normal 0.368014 0.929493 0.0246429
    outer loop
      vertex 2.31763 7.13292 0
      vertex 3.1932 6.78615 0.00397667
      vertex 3.19334 6.7862 0
    endloop
  endfacet
  facet normal 0.368027 0.929514 0.0236761
    outer loop
      vertex 3.1932 6.78615 0.00397667
      vertex 2.31763 7.13292 0
      vertex 2.3176 7.13284 0.0036071
    endloop
  endfacet
  facet normal 0.336232 0.94145 0.0248955
    outer loop
      vertex 2.0859 6.41974 29.9953
      vertex 2.08586 6.41963 30
      vertex 2.08604 6.41969 29.9953
    endloop
  endfacet
  facet normal 0 -0.999701 0.0244371
    outer loop
      vertex -0.423843 -6.73679 29.9955
      vertex 0.423836 -6.73668 30
      vertex -0.423836 -6.73668 30
    endloop
  endfacet
  facet normal 0 -0.999701 0.0244371
    outer loop
      vertex 0.423836 -6.73668 30
      vertex -0.423843 -6.73679 29.9955
      vertex 0.423843 -6.73679 29.9955
    endloop
  endfacet
  facet normal 0 -0.999657 0.0262035
    outer loop
      vertex -0.470928 -7.4852 0
      vertex 0.470922 -7.4851 0.00381498
      vertex -0.470922 -7.4851 0.00381498
    endloop
  endfacet
  facet normal 0 -0.999657 0.0262035
    outer loop
      vertex 0.470922 -7.4851 0.00381498
      vertex -0.470928 -7.4852 0
      vertex 0.470928 -7.4852 0
    endloop
  endfacet
  facet normal 0.650564 0.759021 0.025546
    outer loop
      vertex 4.78068 5.77885 0
      vertex 4.78063 5.77878 0.00335315
      vertex 4.7807 5.77872 0.00335322
    endloop
  endfacet
  facet normal 0.684307 0.728744 0.025628
    outer loop
      vertex 4.76598 4.76598 29.9956
      vertex 4.92054 4.62069 30
      vertex 4.92052 4.62086 29.9957
    endloop
  endfacet
  facet normal 0.684334 0.728747 0.0247978
    outer loop
      vertex 4.92054 4.62069 30
      vertex 4.76598 4.76598 29.9956
      vertex 4.30261 5.20096 30
    endloop
  endfacet
  facet normal 0.684318 0.728718 0.0260443
    outer loop
      vertex 4.30261 5.20096 30
      vertex 4.76598 4.76598 29.9956
      vertex 4.30269 5.20106 29.9951
    endloop
  endfacet
  facet normal -0.4816 0.876024 0.0253824
    outer loop
      vertex -2.87406 6.10768 29.9956
      vertex -3.61683 5.69921 30
      vertex -2.87401 6.10758 30
    endloop
  endfacet
  facet normal -0.481585 0.876007 0.0262178
    outer loop
      vertex -3.61683 5.69921 30
      vertex -2.87406 6.10768 29.9956
      vertex -3.61674 5.69946 29.9933
    endloop
  endfacet
  facet normal -0.447136 0.894124 0.0247332
    outer loop
      vertex -3.19334 6.7862 0
      vertex -3.1934 6.78606 0.00397641
      vertex -3.1933 6.78611 0.00397671
    endloop
  endfacet
  facet normal 0.521289 -0.853019 0.0248267
    outer loop
      vertex 3.61683 -5.69921 30
      vertex 3.61674 -5.69946 29.9933
      vertex 3.61692 -5.69935 29.9933
    endloop
  endfacet
  facet normal 0.481618 -0.876064 0.023577
    outer loop
      vertex 3.19334 -6.7862 0
      vertex 4.01868 -6.33243 0.00139456
      vertex 3.1934 -6.78606 0.00397641
    endloop
  endfacet
  facet normal 0.481589 -0.876019 0.0257517
    outer loop
      vertex 4.01868 -6.33243 0.00139456
      vertex 3.19334 -6.7862 0
      vertex 4.0187 -6.33246 0
    endloop
  endfacet
  facet normal -0.587597 0.808755 0.0253824
    outer loop
      vertex -3.77307 5.58593 29.9925
      vertex -4.30261 5.20096 30
      vertex -3.61683 5.69921 30
    endloop
  endfacet
  facet normal -0.587568 0.808782 0.0252154
    outer loop
      vertex -3.71971 5.6247 29.9926
      vertex -3.61683 5.69921 30
      vertex -3.61709 5.69923 29.9933
    endloop
  endfacet
  facet normal -0.587622 0.808688 0.0269243
    outer loop
      vertex -3.77307 5.58593 29.9925
      vertex -3.61683 5.69921 30
      vertex -3.71971 5.6247 29.9926
    endloop
  endfacet
  facet normal -0.58758 0.808745 0.0260981
    outer loop
      vertex -4.30261 5.20096 30
      vertex -3.77307 5.58593 29.9925
      vertex -4.30269 5.20106 29.9951
    endloop
  endfacet
  facet normal -0.58765 0.808731 0.0249413
    outer loop
      vertex -3.7566 5.70878 26.3971
      vertex -3.77307 5.58593 29.9925
      vertex -3.71971 5.6247 29.9926
    endloop
  endfacet
  facet normal -0.587602 0.808766 0.0249427
    outer loop
      vertex -3.77307 5.58593 29.9925
      vertex -3.7566 5.70878 26.3971
      vertex -3.90362 5.71884 22.6074
    endloop
  endfacet
  facet normal -0.599727 0.799794 0.0256392
    outer loop
      vertex -4.78055 5.77884 0.00335278
      vertex -4.78068 5.77885 0
      vertex -4.78063 5.77878 0.00335315
    endloop
  endfacet
  facet normal -0.125365 0.991797 0.0249428
    outer loop
      vertex -1.29486 7.29618 3.37735
      vertex -1.40536 7.36715 0
      vertex -1.29211 6.77349 24.1748
    endloop
  endfacet
  facet normal -0.125296 0.99183 0.0239575
    outer loop
      vertex -0.423984 6.73677 29.9955
      vertex -1.26482 6.63044 30
      vertex -0.423836 6.73668 30
    endloop
  endfacet
  facet normal -0.125295 0.991826 0.0241142
    outer loop
      vertex -1.26482 6.63044 30
      vertex -0.423984 6.73677 29.9955
      vertex -1.26486 6.63061 29.9928
    endloop
  endfacet
  facet normal 0.650564 -0.759021 0.025546
    outer loop
      vertex 4.7807 -5.77872 0.00335322
      vertex 4.78063 -5.77878 0.00335315
      vertex 4.78068 -5.77885 0
    endloop
  endfacet
  facet normal 0.684334 -0.728747 0.0247978
    outer loop
      vertex 4.76598 -4.76598 29.9956
      vertex 4.92054 -4.62069 30
      vertex 4.30261 -5.20096 30
    endloop
  endfacet
  facet normal 0.684307 -0.728744 0.025628
    outer loop
      vertex 4.92054 -4.62069 30
      vertex 4.76598 -4.76598 29.9956
      vertex 4.92052 -4.62086 29.9957
    endloop
  endfacet
  facet normal 0.684318 -0.728718 0.0260443
    outer loop
      vertex 4.76598 -4.76598 29.9956
      vertex 4.30261 -5.20096 30
      vertex 4.30269 -5.20106 29.9951
    endloop
  endfacet
  facet normal -0.125296 -0.99183 0.0239575
    outer loop
      vertex -1.26482 -6.63044 30
      vertex -0.423984 -6.73677 29.9955
      vertex -0.423836 -6.73668 30
    endloop
  endfacet
  facet normal -0.125295 -0.991826 0.0241142
    outer loop
      vertex -0.423984 -6.73677 29.9955
      vertex -1.26482 -6.63044 30
      vertex -1.26486 -6.63061 29.9928
    endloop
  endfacet
  facet normal -0.125365 -0.991797 0.0249428
    outer loop
      vertex -1.29211 -6.77349 24.1748
      vertex -1.40536 -7.36715 0
      vertex -1.29486 -7.29618 3.37735
    endloop
  endfacet
  facet normal 0.336232 -0.94145 0.0248955
    outer loop
      vertex 2.08604 -6.41969 29.9953
      vertex 2.08586 -6.41963 30
      vertex 2.0859 -6.41974 29.9953
    endloop
  endfacet
  facet normal 0.368027 -0.929514 0.0236761
    outer loop
      vertex 2.31763 -7.13292 0
      vertex 3.1932 -6.78615 0.00397667
      vertex 2.3176 -7.13284 0.0036071
    endloop
  endfacet
  facet normal 0.368014 -0.929493 0.0246429
    outer loop
      vertex 3.1932 -6.78615 0.00397667
      vertex 2.31763 -7.13292 0
      vertex 3.19334 -6.7862 0
    endloop
  endfacet
  facet normal -0.368 0.929463 0.0259591
    outer loop
      vertex -2.08604 6.41969 29.9953
      vertex -2.87401 6.10758 30
      vertex -2.08586 6.41963 30
    endloop
  endfacet
  facet normal -0.368009 0.929478 0.0253064
    outer loop
      vertex -2.87401 6.10758 30
      vertex -2.08604 6.41969 29.9953
      vertex -2.87406 6.10768 29.9956
    endloop
  endfacet
  facet normal -0.371268 0.928196 0.0247411
    outer loop
      vertex -3.1932 6.78615 0.00397667
      vertex -3.19334 6.7862 0
      vertex -3.1933 6.78611 0.00397671
    endloop
  endfacet
  facet normal 0.981984 0.18731 0.0249418
    outer loop
      vertex 7.30916 1.63026 0.00110378
      vertex 7.30636 1.28771 2.68385
      vertex 7.37433 1.28861 0.00104574
    endloop
  endfacet
  facet normal 0.981982 0.187323 0.0249434
    outer loop
      vertex 7.30916 1.63026 0.00110378
      vertex 7.02046 1.28391 13.9678
      vertex 7.30636 1.28771 2.68385
    endloop
  endfacet
  facet normal 0.982047 0.187349 0.0220162
    outer loop
      vertex 7.30916 1.63026 0.00110378
      vertex 7.26437 1.86517 0
      vertex 7.26432 1.86516 0.00231538
    endloop
  endfacet
  facet normal 0.981986 0.187301 0.024943
    outer loop
      vertex 7.02046 1.28391 13.9678
      vertex 7.30916 1.63026 0.00110378
      vertex 6.82935 1.44026 20.3176
    endloop
  endfacet
  facet normal 0.982155 0.187344 0.0165423
    outer loop
      vertex 7.37433 1.28861 0.00104574
      vertex 7.26437 1.86517 0
      vertex 7.30916 1.63026 0.00110378
    endloop
  endfacet
  facet normal 0.981963 0.187324 0.0256493
    outer loop
      vertex 7.37433 1.28861 0.00104574
      vertex 7.44086 0.939999 0
      vertex 7.26437 1.86517 0
    endloop
  endfacet
  facet normal 0.981992 0.187333 0.0244548
    outer loop
      vertex 7.44086 0.939999 0
      vertex 7.37433 1.28861 0.00104574
      vertex 7.44078 0.940065 0.00270685
    endloop
  endfacet
  facet normal 0.986104 0.164351 0.0242348
    outer loop
      vertex 6.53808 1.67869 29.9941
      vertex 6.53794 1.67866 30
      vertex 6.53811 1.67851 29.9941
    endloop
  endfacet
  facet normal 0.140396 0.989794 0.0244134
    outer loop
      vertex 0.423843 6.73679 29.9955
      vertex 0.423836 6.73668 30
      vertex 0.423984 6.73677 29.9955
    endloop
  endfacet
  facet normal 0.125365 0.991797 0.0249456
    outer loop
      vertex 1.29497 7.31747 2.52997
      vertex 1.40536 7.36715 0
      vertex 1.29531 7.38103 0.0012131
    endloop
  endfacet
  facet normal 0.125119 0.991828 0.0249354
    outer loop
      vertex 1.40536 7.36715 0
      vertex 1.29497 7.31747 2.52997
      vertex 1.29486 7.29618 3.37735
    endloop
  endfacet
  facet normal 0.125315 0.991939 0.018802
    outer loop
      vertex 0.470928 7.4852 0
      vertex 1.29531 7.38103 0.0012131
      vertex 1.40536 7.36715 0
    endloop
  endfacet
  facet normal 0.125283 0.991775 0.0261939
    outer loop
      vertex 1.29531 7.38103 0.0012131
      vertex 0.470928 7.4852 0
      vertex 0.470922 7.4851 0.00381498
    endloop
  endfacet
  facet normal -0.981973 0.187367 0.0249423
    outer loop
      vertex -6.61446 1.27852 29.9924
      vertex -6.66801 1.37637 27.1491
      vertex -7.02046 1.28391 13.9678
    endloop
  endfacet
  facet normal -0.981988 0.187291 0.0249433
    outer loop
      vertex -7.02046 1.28391 13.9678
      vertex -6.66801 1.37637 27.1491
      vertex -6.82935 1.44026 20.3176
    endloop
  endfacet
  facet normal -0.982015 0.187331 0.0235327
    outer loop
      vertex -6.60086 1.34978 29.9924
      vertex -6.53794 1.67866 30
      vertex -6.53811 1.67851 29.9941
    endloop
  endfacet
  facet normal -0.981965 0.187408 0.0249436
    outer loop
      vertex -6.66801 1.37637 27.1491
      vertex -6.61446 1.27852 29.9924
      vertex -6.60086 1.34978 29.9924
    endloop
  endfacet
  facet normal -0.982079 0.18743 0.0197861
    outer loop
      vertex -6.61446 1.27852 29.9924
      vertex -6.53794 1.67866 30
      vertex -6.60086 1.34978 29.9924
    endloop
  endfacet
  facet normal -0.981966 0.18732 0.0255745
    outer loop
      vertex -6.69677 0.845999 30
      vertex -6.61446 1.27852 29.9924
      vertex -6.69691 0.846016 29.9945
    endloop
  endfacet
  facet normal -0.981983 0.187313 0.0249806
    outer loop
      vertex -6.61446 1.27852 29.9924
      vertex -6.69677 0.845999 30
      vertex -6.53794 1.67866 30
    endloop
  endfacet
  facet normal -0.990875 0.132242 0.0260606
    outer loop
      vertex -7.44078 0.940065 0.00270685
      vertex -7.44086 0.939999 0
      vertex -7.44079 0.93999 0.00270721
    endloop
  endfacet
  facet normal -0.684334 0.728747 0.0247978
    outer loop
      vertex -4.76598 4.76598 29.9956
      vertex -4.92054 4.62069 30
      vertex -4.30261 5.20096 30
    endloop
  endfacet
  facet normal -0.684307 0.728744 0.025628
    outer loop
      vertex -4.92054 4.62069 30
      vertex -4.76598 4.76598 29.9956
      vertex -4.92052 4.62086 29.9957
    endloop
  endfacet
  facet normal -0.684318 0.728718 0.0260443
    outer loop
      vertex -4.76598 4.76598 29.9956
      vertex -4.30261 5.20096 30
      vertex -4.30269 5.20106 29.9951
    endloop
  endfacet
  facet normal -0.650564 0.759021 0.025546
    outer loop
      vertex -4.78068 5.77885 0
      vertex -4.7807 5.77872 0.00335322
      vertex -4.78063 5.77878 0.00335315
    endloop
  endfacet
  facet normal -0.999717 0 0.0238028
    outer loop
      vertex -6.75 0 30
      vertex -6.7501 0 29.9958
      vertex -6.7501 -0.000131157 29.9958
    endloop
  endfacet
  facet normal -0.999715 -5.25343e-05 0.0238896
    outer loop
      vertex -7.5 0 0
      vertex -7.4999 -4.54743e-06 0.00418472
      vertex -7.4999 0 0.00418473
    endloop
  endfacet
  facet normal -0.997745 -0.0627739 0.0237743
    outer loop
      vertex -7.5 0 0
      vertex -7.4408 -0.939914 0.00270733
      vertex -7.4999 -4.54743e-06 0.00418472
    endloop
  endfacet
  facet normal -0.997737 -0.0627726 0.0240827
    outer loop
      vertex -7.4408 -0.939914 0.00270733
      vertex -7.5 0 0
      vertex -7.44086 -0.939999 0
    endloop
  endfacet
  facet normal -0.140396 -0.989794 0.0244134
    outer loop
      vertex -0.423836 -6.73668 30
      vertex -0.423984 -6.73677 29.9955
      vertex -0.423843 -6.73679 29.9955
    endloop
  endfacet
  facet normal -0.125365 -0.991797 0.0249456
    outer loop
      vertex -1.29497 -7.31747 2.52997
      vertex -1.40536 -7.36715 0
      vertex -1.29531 -7.38103 0.0012131
    endloop
  endfacet
  facet normal -0.125119 -0.991828 0.0249354
    outer loop
      vertex -1.40536 -7.36715 0
      vertex -1.29497 -7.31747 2.52997
      vertex -1.29486 -7.29618 3.37735
    endloop
  endfacet
  facet normal -0.125315 -0.991939 0.018802
    outer loop
      vertex -0.470928 -7.4852 0
      vertex -1.29531 -7.38103 0.0012131
      vertex -1.40536 -7.36715 0
    endloop
  endfacet
  facet normal -0.125283 -0.991775 0.0261939
    outer loop
      vertex -1.29531 -7.38103 0.0012131
      vertex -0.470928 -7.4852 0
      vertex -0.470922 -7.4851 0.00381498
    endloop
  endfacet
  facet normal 0.950783 -0.308935 0.023888
    outer loop
      vertex 6.27599 -2.48484 30
      vertex 6.53802 -1.67887 29.9941
      vertex 6.53794 -1.67866 30
    endloop
  endfacet
  facet normal 0.950747 -0.308911 0.0255788
    outer loop
      vertex 6.53802 -1.67887 29.9941
      vertex 6.27599 -2.48484 30
      vertex 6.27609 -2.48488 29.9958
    endloop
  endfacet
  facet normal 0.969902 -0.242432 0.022723
    outer loop
      vertex 6.97326 -2.76078 0.00416137
      vertex 6.97323 -2.7609 0.0041616
      vertex 6.97332 -2.76093 0
    endloop
  endfacet
  facet normal 0.706901 -0.706822 0.0263501
    outer loop
      vertex 6.06759 -4.40836 0.00187782
      vertex 6.06755 -4.4084 0.00187794
      vertex 6.06763 -4.40839 0
    endloop
  endfacet
  facet normal 0.770272 -0.637225 0.0249977
    outer loop
      vertex 5.46086 -3.96755 30
      vertex 4.9207 -4.62066 29.9957
      vertex 5.46099 -3.96764 29.9937
    endloop
  endfacet
  facet normal 0.77029 -0.637234 0.0242161
    outer loop
      vertex 4.9207 -4.62066 29.9957
      vertex 5.46086 -3.96755 30
      vertex 4.92054 -4.62069 30
    endloop
  endfacet
  facet normal -0.823783 0.56635 0.0250894
    outer loop
      vertex -5.46099 3.96764 29.9937
      vertex -5.4611 3.96748 29.9937
      vertex -5.46086 3.96755 30
    endloop
  endfacet
  facet normal -0.844053 0.535603 0.0265362
    outer loop
      vertex -6.06763 4.40839 0
      vertex -6.13431 4.30325 0.00119929
      vertex -6.06759 4.40836 0.00187782
    endloop
  endfacet
  facet normal -0.844065 0.53566 0.0249425
    outer loop
      vertex -6.13431 4.30325 0.00119929
      vertex -6.31944 4.01154 0.00102634
      vertex -6.08741 4.25802 2.55967
    endloop
  endfacet
  facet normal -0.843934 0.535574 0.0306026
    outer loop
      vertex -6.06763 4.40839 0
      vertex -6.31944 4.01154 0.00102634
      vertex -6.13431 4.30325 0.00119929
    endloop
  endfacet
  facet normal -0.844091 0.535689 0.0233957
    outer loop
      vertex -6.31944 4.01154 0.00102634
      vertex -6.5723 3.61315 0
      vertex -6.57219 3.61319 0.0030528
    endloop
  endfacet
  facet normal -0.843953 0.535584 0.0298884
    outer loop
      vertex -6.5723 3.61315 0
      vertex -6.31944 4.01154 0.00102634
      vertex -6.06763 4.40839 0
    endloop
  endfacet
  facet normal -0.84405 0.535685 0.0249387
    outer loop
      vertex -6.25677 3.98477 2.69711
      vertex -6.08741 4.25802 2.55967
      vertex -6.31944 4.01154 0.00102634
    endloop
  endfacet
  facet normal -0.844049 0.535686 0.0249431
    outer loop
      vertex -5.89353 3.82959 18.3215
      vertex -6.08741 4.25802 2.55967
      vertex -6.25677 3.98477 2.69711
    endloop
  endfacet
  facet normal -0.844062 0.535665 0.0249427
    outer loop
      vertex -6.08741 4.25802 2.55967
      vertex -5.89353 3.82959 18.3215
      vertex -5.70534 3.8896 23.4011
    endloop
  endfacet
  facet normal -0.587604 0.808766 0.0248814
    outer loop
      vertex -4.02748 6.32604 0.00133117
      vertex -4.0187 6.33246 0
      vertex -4.30325 6.12569 0.00104681
    endloop
  endfacet
  facet normal -0.587496 0.808815 0.0258249
    outer loop
      vertex -4.0187 6.33246 0
      vertex -4.02748 6.32604 0.00133117
      vertex -4.01868 6.33243 0.00139456
    endloop
  endfacet
  facet normal -0.587604 0.808764 0.0249428
    outer loop
      vertex -4.00234 6.26877 2.4504
      vertex -3.90362 5.71884 22.6074
      vertex -3.7566 5.70878 26.3971
    endloop
  endfacet
  facet normal -0.587597 0.808769 0.0249429
    outer loop
      vertex -3.90362 5.71884 22.6074
      vertex -4.00234 6.26877 2.4504
      vertex -4.25596 6.07753 2.67662
    endloop
  endfacet
  facet normal -0.587603 0.808765 0.0249443
    outer loop
      vertex -4.30325 6.12569 0.00104681
      vertex -4.00234 6.26877 2.4504
      vertex -4.02748 6.32604 0.00133117
    endloop
  endfacet
  facet normal -0.587597 0.808769 0.0249434
    outer loop
      vertex -4.00234 6.26877 2.4504
      vertex -4.30325 6.12569 0.00104681
      vertex -4.25596 6.07753 2.67662
    endloop
  endfacet
  facet normal -0.587598 0.808761 0.0251956
    outer loop
      vertex -4.30325 6.12569 0.00104681
      vertex -4.78068 5.77885 0
      vertex -4.78055 5.77884 0.00335278
    endloop
  endfacet
  facet normal -0.587598 0.80876 0.0252257
    outer loop
      vertex -4.78068 5.77885 0
      vertex -4.30325 6.12569 0.00104681
      vertex -4.0187 6.33246 0
    endloop
  endfacet
  facet normal -0.576506 0.816716 0.0248098
    outer loop
      vertex -3.61692 5.69935 29.9933
      vertex -3.61709 5.69923 29.9933
      vertex -3.61683 5.69921 30
    endloop
  endfacet
  facet normal 0.248619 -0.968293 0.024451
    outer loop
      vertex 1.34609 -6.60976 29.9926
      vertex 2.08586 -6.41963 30
      vertex 1.26482 -6.63044 30
    endloop
  endfacet
  facet normal 0.248604 -0.968302 0.0242438
    outer loop
      vertex 1.28859 -6.62452 29.9927
      vertex 1.26482 -6.63044 30
      vertex 1.26486 -6.63061 29.9928
    endloop
  endfacet
  facet normal 0.248601 -0.968303 0.0242328
    outer loop
      vertex 1.34609 -6.60976 29.9926
      vertex 1.26482 -6.63044 30
      vertex 1.28859 -6.62452 29.9927
    endloop
  endfacet
  facet normal 0.2486 -0.968267 0.0256128
    outer loop
      vertex 2.08586 -6.41963 30
      vertex 1.34609 -6.60976 29.9926
      vertex 2.08576 -6.41978 29.9953
    endloop
  endfacet
  facet normal 0.248598 -0.968286 0.0249418
    outer loop
      vertex 1.28859 -6.62452 29.9927
      vertex 1.37178 -6.67304 27.2799
      vertex 1.34609 -6.60976 29.9926
    endloop
  endfacet
  facet normal 0.248661 -0.968269 0.0249434
    outer loop
      vertex 1.29211 -6.77349 24.1748
      vertex 1.37178 -6.67304 27.2799
      vertex 1.28859 -6.62452 29.9927
    endloop
  endfacet
  facet normal 0.248662 -0.968269 0.0249434
    outer loop
      vertex 1.29211 -6.77349 24.1748
      vertex 1.56395 -7.14634 6.99126
      vertex 1.37178 -6.67304 27.2799
    endloop
  endfacet
  facet normal 0.248601 -0.968285 0.0249427
    outer loop
      vertex 1.56395 -7.14634 6.99126
      vertex 1.29211 -6.77349 24.1748
      vertex 1.40536 -7.36715 0
    endloop
  endfacet
  facet normal 0.904595 -0.425671 0.0226316
    outer loop
      vertex 6.57227 -3.61304 0.00305327
      vertex 6.97332 -2.76093 0
      vertex 6.97323 -2.7609 0.0041616
    endloop
  endfacet
  facet normal 0.904563 -0.425651 0.0242227
    outer loop
      vertex 6.97332 -2.76093 0
      vertex 6.57227 -3.61304 0.00305327
      vertex 6.5723 -3.61315 0
    endloop
  endfacet
  facet normal 0.894135 -0.447068 0.0255467
    outer loop
      vertex 6.27609 -2.48488 29.9958
      vertex 6.27599 -2.48484 30
      vertex 6.27603 -2.485 29.9958
    endloop
  endfacet
  facet normal 0.894138 -0.4471 0.024893
    outer loop
      vertex 6.57227 -3.61304 0.00305327
      vertex 6.57223 -3.61312 0.00305317
      vertex 6.5723 -3.61315 0
    endloop
  endfacet
  facet normal 0.904549 -0.425645 0.0248298
    outer loop
      vertex 5.91507 -3.25184 30
      vertex 6.27603 -2.485 29.9958
      vertex 6.27599 -2.48484 30
    endloop
  endfacet
  facet normal 0.904565 -0.425657 0.0240465
    outer loop
      vertex 6.27603 -2.485 29.9958
      vertex 5.91507 -3.25184 30
      vertex 5.91518 -3.2519 29.9948
    endloop
  endfacet
  facet normal -0.336232 0.94145 0.0248955
    outer loop
      vertex -2.0859 6.41974 29.9953
      vertex -2.08604 6.41969 29.9953
      vertex -2.08586 6.41963 30
    endloop
  endfacet
  facet normal -0.368027 0.929514 0.0236761
    outer loop
      vertex -2.31763 7.13292 0
      vertex -3.1932 6.78615 0.00397667
      vertex -2.3176 7.13284 0.0036071
    endloop
  endfacet
  facet normal -0.368014 0.929493 0.0246429
    outer loop
      vertex -3.1932 6.78615 0.00397667
      vertex -2.31763 7.13292 0
      vertex -3.19334 6.7862 0
    endloop
  endfacet
  facet normal 0.844062 -0.535665 0.0249427
    outer loop
      vertex 6.08741 -4.25802 2.55967
      vertex 5.89353 -3.82959 18.3215
      vertex 5.70534 -3.8896 23.4011
    endloop
  endfacet
  facet normal 0.844049 -0.535686 0.0249431
    outer loop
      vertex 5.89353 -3.82959 18.3215
      vertex 6.08741 -4.25802 2.55967
      vertex 6.25677 -3.98477 2.69711
    endloop
  endfacet
  facet normal 0.84405 -0.535685 0.0249387
    outer loop
      vertex 6.25677 -3.98477 2.69711
      vertex 6.08741 -4.25802 2.55967
      vertex 6.31944 -4.01154 0.00102634
    endloop
  endfacet
  facet normal 0.844091 -0.535689 0.0233957
    outer loop
      vertex 6.31944 -4.01154 0.00102634
      vertex 6.5723 -3.61315 0
      vertex 6.57219 -3.61319 0.0030528
    endloop
  endfacet
  facet normal 0.844065 -0.53566 0.0249425
    outer loop
      vertex 6.13431 -4.30325 0.00119929
      vertex 6.31944 -4.01154 0.00102634
      vertex 6.08741 -4.25802 2.55967
    endloop
  endfacet
  facet normal 0.84398 -0.535604 0.0287435
    outer loop
      vertex 6.13431 -4.30325 0.00119929
      vertex 6.5723 -3.61315 0
      vertex 6.31944 -4.01154 0.00102634
    endloop
  endfacet
  facet normal 0.843939 -0.535575 0.0304407
    outer loop
      vertex 6.13431 -4.30325 0.00119929
      vertex 6.06763 -4.40839 0
      vertex 6.5723 -3.61315 0
    endloop
  endfacet
  facet normal 0.844053 -0.535603 0.0265362
    outer loop
      vertex 6.06763 -4.40839 0
      vertex 6.13431 -4.30325 0.00119929
      vertex 6.06759 -4.40836 0.00187782
    endloop
  endfacet
  facet normal 0.823783 -0.56635 0.0250894
    outer loop
      vertex 5.4611 -3.96748 29.9937
      vertex 5.46086 -3.96755 30
      vertex 5.46099 -3.96764 29.9937
    endloop
  endfacet
  facet normal -0.904549 -0.425645 0.0248298
    outer loop
      vertex -6.27603 -2.485 29.9958
      vertex -5.91507 -3.25184 30
      vertex -6.27599 -2.48484 30
    endloop
  endfacet
  facet normal -0.904565 -0.425657 0.0240465
    outer loop
      vertex -5.91507 -3.25184 30
      vertex -6.27603 -2.485 29.9958
      vertex -5.91518 -3.2519 29.9948
    endloop
  endfacet
  facet normal -0.894138 -0.4471 0.024893
    outer loop
      vertex -6.57227 -3.61304 0.00305327
      vertex -6.5723 -3.61315 0
      vertex -6.57223 -3.61312 0.00305317
    endloop
  endfacet
  facet normal -0.808463 0.587973 0.0259802
    outer loop
      vertex -4.92062 4.62077 29.9957
      vertex -4.9207 4.62066 29.9957
      vertex -4.92054 4.62069 30
    endloop
  endfacet
  facet normal -0.770291 0.637238 0.0240764
    outer loop
      vertex -5.46726 5.1341 0
      vertex -6.06755 4.4084 0.00187794
      vertex -5.46719 5.13403 0.00409226
    endloop
  endfacet
  facet normal -0.770174 0.637155 0.0294165
    outer loop
      vertex -6.06755 4.4084 0.00187794
      vertex -5.46726 5.1341 0
      vertex -6.06763 4.40839 0
    endloop
  endfacet
  facet normal -0.668734 -0.743038 0.0262655
    outer loop
      vertex -4.92054 -4.62069 30
      vertex -4.92062 -4.62077 29.9957
      vertex -4.92052 -4.62086 29.9957
    endloop
  endfacet
  facet normal -0.684352 -0.728751 0.0241718
    outer loop
      vertex -4.78068 -5.77885 0
      vertex -5.46719 -5.13403 0.00409226
      vertex -5.46726 -5.1341 0
    endloop
  endfacet
  facet normal -0.684352 -0.728751 0.024171
    outer loop
      vertex -5.46719 -5.13403 0.00409226
      vertex -4.78068 -5.77885 0
      vertex -4.7807 -5.77872 0.00335322
    endloop
  endfacet
  facet normal -0.248593 0.968287 0.024943
    outer loop
      vertex -1.56395 7.14634 6.99126
      vertex -1.40536 7.36715 0
      vertex -1.63015 7.30941 0.00110857
    endloop
  endfacet
  facet normal -0.248634 0.96837 0.0209778
    outer loop
      vertex -2.31763 7.13292 0
      vertex -1.63015 7.30941 0.00110857
      vertex -1.40536 7.36715 0
    endloop
  endfacet
  facet normal -0.248624 0.968314 0.0235435
    outer loop
      vertex -1.63015 7.30941 0.00110857
      vertex -2.31763 7.13292 0
      vertex -2.3176 7.13284 0.0036071
    endloop
  endfacet
  facet normal -0.274636 0.961227 0.0248341
    outer loop
      vertex -2.08576 6.41978 29.9953
      vertex -2.0859 6.41974 29.9953
      vertex -2.08586 6.41963 30
    endloop
  endfacet
  facet normal 0.368 -0.929463 0.0259591
    outer loop
      vertex 2.08604 -6.41969 29.9953
      vertex 2.87401 -6.10758 30
      vertex 2.08586 -6.41963 30
    endloop
  endfacet
  facet normal 0.368009 -0.929478 0.0253064
    outer loop
      vertex 2.87401 -6.10758 30
      vertex 2.08604 -6.41969 29.9953
      vertex 2.87406 -6.10768 29.9956
    endloop
  endfacet
  facet normal 0.371268 -0.928196 0.0247411
    outer loop
      vertex 3.1933 -6.78611 0.00397671
      vertex 3.1932 -6.78615 0.00397667
      vertex 3.19334 -6.7862 0
    endloop
  endfacet
  facet normal -0.447136 -0.894124 0.0247332
    outer loop
      vertex -3.1933 -6.78611 0.00397671
      vertex -3.1934 -6.78606 0.00397641
      vertex -3.19334 -6.7862 0
    endloop
  endfacet
  facet normal -0.4816 -0.876024 0.0253824
    outer loop
      vertex -3.61683 -5.69921 30
      vertex -2.87406 -6.10768 29.9956
      vertex -2.87401 -6.10758 30
    endloop
  endfacet
  facet normal -0.481585 -0.876007 0.0262178
    outer loop
      vertex -2.87406 -6.10768 29.9956
      vertex -3.61683 -5.69921 30
      vertex -3.61674 -5.69946 29.9933
    endloop
  endfacet
  facet normal 0.4816 -0.876024 0.0253824
    outer loop
      vertex 2.87406 -6.10768 29.9956
      vertex 3.61683 -5.69921 30
      vertex 2.87401 -6.10758 30
    endloop
  endfacet
  facet normal 0.481585 -0.876007 0.0262178
    outer loop
      vertex 3.61683 -5.69921 30
      vertex 2.87406 -6.10768 29.9956
      vertex 3.61674 -5.69946 29.9933
    endloop
  endfacet
  facet normal 0.447136 -0.894124 0.0247332
    outer loop
      vertex 3.1934 -6.78606 0.00397641
      vertex 3.1933 -6.78611 0.00397671
      vertex 3.19334 -6.7862 0
    endloop
  endfacet
  facet normal 0.770291 0.637238 0.0240764
    outer loop
      vertex 6.06755 4.4084 0.00187794
      vertex 5.46726 5.1341 0
      vertex 5.46719 5.13403 0.00409226
    endloop
  endfacet
  facet normal 0.770174 0.637155 0.0294165
    outer loop
      vertex 5.46726 5.1341 0
      vertex 6.06755 4.4084 0.00187794
      vertex 6.06763 4.40839 0
    endloop
  endfacet
  facet normal 0.808463 0.587973 0.0259802
    outer loop
      vertex 4.92062 4.62077 29.9957
      vertex 4.92054 4.62069 30
      vertex 4.9207 4.62066 29.9957
    endloop
  endfacet
  facet normal -0.969902 -0.242432 0.022723
    outer loop
      vertex -6.97326 -2.76078 0.00416137
      vertex -6.97332 -2.76093 0
      vertex -6.97323 -2.7609 0.0041616
    endloop
  endfacet
  facet normal -0.950783 -0.308935 0.023888
    outer loop
      vertex -6.53802 -1.67887 29.9941
      vertex -6.27599 -2.48484 30
      vertex -6.53794 -1.67866 30
    endloop
  endfacet
  facet normal -0.950747 -0.308911 0.0255788
    outer loop
      vertex -6.27599 -2.48484 30
      vertex -6.53802 -1.67887 29.9941
      vertex -6.27609 -2.48488 29.9958
    endloop
  endfacet
  facet normal -0.904563 0.425651 0.0242227
    outer loop
      vertex -6.97332 2.76093 0
      vertex -6.57227 3.61304 0.00305327
      vertex -6.5723 3.61315 0
    endloop
  endfacet
  facet normal -0.904595 0.425671 0.0226316
    outer loop
      vertex -6.57227 3.61304 0.00305327
      vertex -6.97332 2.76093 0
      vertex -6.97323 2.7609 0.0041616
    endloop
  endfacet
  facet normal -0.894135 0.447068 0.0255467
    outer loop
      vertex -6.27603 2.485 29.9958
      vertex -6.27609 2.48488 29.9958
      vertex -6.27599 2.48484 30
    endloop
  endfacet
  facet normal -0.58758 -0.808745 0.0260981
    outer loop
      vertex -3.77307 -5.58593 29.9925
      vertex -4.30261 -5.20096 30
      vertex -4.30269 -5.20106 29.9951
    endloop
  endfacet
  facet normal -0.587597 -0.808755 0.0253824
    outer loop
      vertex -4.30261 -5.20096 30
      vertex -3.77307 -5.58593 29.9925
      vertex -3.61683 -5.69921 30
    endloop
  endfacet
  facet normal -0.587568 -0.808782 0.0252154
    outer loop
      vertex -3.61683 -5.69921 30
      vertex -3.71971 -5.6247 29.9926
      vertex -3.61709 -5.69923 29.9933
    endloop
  endfacet
  facet normal -0.587622 -0.808688 0.0269243
    outer loop
      vertex -3.61683 -5.69921 30
      vertex -3.77307 -5.58593 29.9925
      vertex -3.71971 -5.6247 29.9926
    endloop
  endfacet
  facet normal -0.58765 -0.808731 0.0249413
    outer loop
      vertex -3.77307 -5.58593 29.9925
      vertex -3.7566 -5.70878 26.3971
      vertex -3.71971 -5.6247 29.9926
    endloop
  endfacet
  facet normal -0.587602 -0.808766 0.0249427
    outer loop
      vertex -3.7566 -5.70878 26.3971
      vertex -3.77307 -5.58593 29.9925
      vertex -3.90362 -5.71884 22.6074
    endloop
  endfacet
  facet normal -0.599727 -0.799794 0.0256392
    outer loop
      vertex -4.78063 -5.77878 0.00335315
      vertex -4.78068 -5.77885 0
      vertex -4.78055 -5.77884 0.00335278
    endloop
  endfacet
  facet normal 0.125296 0.99183 0.0239575
    outer loop
      vertex 1.26482 6.63044 30
      vertex 0.423984 6.73677 29.9955
      vertex 0.423836 6.73668 30
    endloop
  endfacet
  facet normal 0.125295 0.991826 0.0241142
    outer loop
      vertex 0.423984 6.73677 29.9955
      vertex 1.26482 6.63044 30
      vertex 1.26486 6.63061 29.9928
    endloop
  endfacet
  facet normal 0.125365 0.991797 0.0249428
    outer loop
      vertex 1.29486 7.29618 3.37735
      vertex 1.29211 6.77349 24.1748
      vertex 1.40536 7.36715 0
    endloop
  endfacet
  facet normal 0 0.999657 0.0262035
    outer loop
      vertex 0.470928 7.4852 0
      vertex -0.470922 7.4851 0.00381498
      vertex 0.470922 7.4851 0.00381498
    endloop
  endfacet
  facet normal 0 0.999657 0.0262035
    outer loop
      vertex -0.470922 7.4851 0.00381498
      vertex 0.470928 7.4852 0
      vertex -0.470928 7.4852 0
    endloop
  endfacet
  facet normal 0 0.999701 0.0244371
    outer loop
      vertex 0.423843 6.73679 29.9955
      vertex -0.423836 6.73668 30
      vertex 0.423836 6.73668 30
    endloop
  endfacet
  facet normal 0 0.999701 0.0244371
    outer loop
      vertex -0.423836 6.73668 30
      vertex 0.423843 6.73679 29.9955
      vertex -0.423843 6.73679 29.9955
    endloop
  endfacet
  facet normal 0.981966 -0.18732 0.0255745
    outer loop
      vertex 6.69677 -0.845999 30
      vertex 6.61446 -1.27852 29.9924
      vertex 6.69691 -0.846016 29.9945
    endloop
  endfacet
  facet normal 0.981965 -0.187408 0.0249436
    outer loop
      vertex 6.66801 -1.37637 27.1491
      vertex 6.61446 -1.27852 29.9924
      vertex 6.60086 -1.34978 29.9924
    endloop
  endfacet
  facet normal 0.981811 -0.187379 0.0305923
    outer loop
      vertex 6.69677 -0.845999 30
      vertex 6.60086 -1.34978 29.9924
      vertex 6.61446 -1.27852 29.9924
    endloop
  endfacet
  facet normal 0.982005 -0.187317 0.0240557
    outer loop
      vertex 6.53794 -1.67866 30
      vertex 6.60086 -1.34978 29.9924
      vertex 6.69677 -0.845999 30
    endloop
  endfacet
  facet normal 0.982015 -0.187331 0.0235327
    outer loop
      vertex 6.60086 -1.34978 29.9924
      vertex 6.53794 -1.67866 30
      vertex 6.53811 -1.67851 29.9941
    endloop
  endfacet
  facet normal 0.981973 -0.187367 0.0249423
    outer loop
      vertex 6.61446 -1.27852 29.9924
      vertex 6.66801 -1.37637 27.1491
      vertex 7.02046 -1.28391 13.9678
    endloop
  endfacet
  facet normal 0.981988 -0.187291 0.0249433
    outer loop
      vertex 7.02046 -1.28391 13.9678
      vertex 6.66801 -1.37637 27.1491
      vertex 6.82935 -1.44026 20.3176
    endloop
  endfacet
  facet normal 0.990875 -0.132242 0.0260606
    outer loop
      vertex 7.44079 -0.93999 0.00270721
      vertex 7.44078 -0.940065 0.00270685
      vertex 7.44086 -0.939999 0
    endloop
  endfacet
  facet normal 0.125296 -0.99183 0.0239575
    outer loop
      vertex 0.423984 -6.73677 29.9955
      vertex 1.26482 -6.63044 30
      vertex 0.423836 -6.73668 30
    endloop
  endfacet
  facet normal 0.125295 -0.991826 0.0241142
    outer loop
      vertex 1.26482 -6.63044 30
      vertex 0.423984 -6.73677 29.9955
      vertex 1.26486 -6.63061 29.9928
    endloop
  endfacet
  facet normal 0.125365 -0.991797 0.0249428
    outer loop
      vertex 1.40536 -7.36715 0
      vertex 1.29211 -6.77349 24.1748
      vertex 1.29486 -7.29618 3.37735
    endloop
  endfacet
  facet normal 0 0 -1
    outer loop
      vertex 3.075 0 0
      vertex 7.5 0 0
      vertex 7.44086 -0.939999 0
    endloop
  endfacet
  facet normal 0 0 -1
    outer loop
      vertex 2.9245 -0.950227 0
      vertex 7.44086 -0.939999 0
      vertex 7.26437 -1.86517 0
    endloop
  endfacet
  facet normal 0 0 -1
    outer loop
      vertex 7.5 0 0
      vertex 3.075 0 0
      vertex 7.44086 0.939999 0
    endloop
  endfacet
  facet normal 0 0 -1
    outer loop
      vertex 2.9245 -0.950227 0
      vertex 7.26437 -1.86517 0
      vertex 6.97332 -2.76093 0
    endloop
  endfacet
  facet normal 0 0 -1
    outer loop
      vertex 2.9245 0.950227 0
      vertex 7.44086 0.939999 0
      vertex 3.075 0 0
    endloop
  endfacet
  facet normal 0 0 -1
    outer loop
      vertex 2.9245 -0.950227 0
      vertex 6.97332 -2.76093 0
      vertex 6.5723 -3.61315 0
    endloop
  endfacet
  facet normal 0 0 -1
    outer loop
      vertex 7.44086 0.939999 0
      vertex 2.9245 0.950227 0
      vertex 7.26437 1.86517 0
    endloop
  endfacet
  facet normal 0 0 -1
    outer loop
      vertex 2.48773 -1.80744 0
      vertex 6.5723 -3.61315 0
      vertex 6.06763 -4.40839 0
    endloop
  endfacet
  facet normal -0 0 -1
    outer loop
      vertex 7.26437 1.86517 0
      vertex 2.9245 0.950227 0
      vertex 6.97332 2.76093 0
    endloop
  endfacet
  facet normal 0 0 -1
    outer loop
      vertex 2.48773 -1.80744 0
      vertex 6.06763 -4.40839 0
      vertex 5.46726 -5.1341 0
    endloop
  endfacet
  facet normal -0 0 -1
    outer loop
      vertex 6.97332 2.76093 0
      vertex 2.9245 0.950227 0
      vertex 6.5723 3.61315 0
    endloop
  endfacet
  facet normal 0 0 -1
    outer loop
      vertex 1.80744 -2.48773 0
      vertex 5.46726 -5.1341 0
      vertex 4.78068 -5.77885 0
    endloop
  endfacet
  facet normal 0 0 -1
    outer loop
      vertex 2.48773 1.80744 0
      vertex 6.5723 3.61315 0
      vertex 2.9245 0.950227 0
    endloop
  endfacet
  facet normal 0 0 -1
    outer loop
      vertex 1.80744 -2.48773 0
      vertex 4.78068 -5.77885 0
      vertex 4.0187 -6.33246 0
    endloop
  endfacet
  facet normal -0 0 -1
    outer loop
      vertex 6.5723 3.61315 0
      vertex 2.48773 1.80744 0
      vertex 6.06763 4.40839 0
    endloop
  endfacet
  facet normal 0 0 -1
    outer loop
      vertex 1.80744 -2.48773 0
      vertex 4.0187 -6.33246 0
      vertex 3.19334 -6.7862 0
    endloop
  endfacet
  facet normal -0 0 -1
    outer loop
      vertex 6.06763 4.40839 0
      vertex 2.48773 1.80744 0
      vertex 5.46726 5.1341 0
    endloop
  endfacet
  facet normal 0 0 -1
    outer loop
      vertex 1.80744 2.48773 0
      vertex 5.46726 5.1341 0
      vertex 2.48773 1.80744 0
    endloop
  endfacet
  facet normal -0 0 -1
    outer loop
      vertex 7.44086 -0.939999 0
      vertex 2.9245 -0.950227 0
      vertex 3.075 0 0
    endloop
  endfacet
  facet normal 0 0 -1
    outer loop
      vertex 6.5723 -3.61315 0
      vertex 2.48773 -1.80744 0
      vertex 2.9245 -0.950227 0
    endloop
  endfacet
  facet normal 0 0 -1
    outer loop
      vertex 0.950227 -2.9245 0
      vertex 3.19334 -6.7862 0
      vertex 2.31763 -7.13292 0
    endloop
  endfacet
  facet normal 0 0 -1
    outer loop
      vertex 5.46726 -5.1341 0
      vertex 1.80744 -2.48773 0
      vertex 2.48773 -1.80744 0
    endloop
  endfacet
  facet normal 0 0 -1
    outer loop
      vertex 0.950227 -2.9245 0
      vertex 2.31763 -7.13292 0
      vertex 1.40536 -7.36715 0
    endloop
  endfacet
  facet normal 0 0 -1
    outer loop
      vertex 3.19334 -6.7862 0
      vertex 0.950227 -2.9245 0
      vertex 1.80744 -2.48773 0
    endloop
  endfacet
  facet normal 0 0 -1
    outer loop
      vertex 0 -3.075 0
      vertex 1.40536 -7.36715 0
      vertex 0.470928 -7.4852 0
    endloop
  endfacet
  facet normal 0 0 -1
    outer loop
      vertex 1.40536 -7.36715 0
      vertex 0 -3.075 0
      vertex 0.950227 -2.9245 0
    endloop
  endfacet
  facet normal 0 0 -1
    outer loop
      vertex -0.470928 -7.4852 0
      vertex 0 -3.075 0
      vertex 0.470928 -7.4852 0
    endloop
  endfacet
  facet normal 0 0 -1
    outer loop
      vertex -1.40536 -7.36715 0
      vertex 0 -3.075 0
      vertex -0.470928 -7.4852 0
    endloop
  endfacet
  facet normal -0 0 -1
    outer loop
      vertex 0 -3.075 0
      vertex -1.40536 -7.36715 0
      vertex -0.950227 -2.9245 0
    endloop
  endfacet
  facet normal 0 0 -1
    outer loop
      vertex -2.31763 -7.13292 0
      vertex -0.950227 -2.9245 0
      vertex -1.40536 -7.36715 0
    endloop
  endfacet
  facet normal 0 0 -1
    outer loop
      vertex -3.19334 -6.7862 0
      vertex -0.950227 -2.9245 0
      vertex -2.31763 -7.13292 0
    endloop
  endfacet
  facet normal -0 0 -1
    outer loop
      vertex -0.950227 -2.9245 0
      vertex -3.19334 -6.7862 0
      vertex -1.80744 -2.48773 0
    endloop
  endfacet
  facet normal 0 0 -1
    outer loop
      vertex -4.0187 -6.33246 0
      vertex -1.80744 -2.48773 0
      vertex -3.19334 -6.7862 0
    endloop
  endfacet
  facet normal 0 0 -1
    outer loop
      vertex -4.78068 -5.77885 0
      vertex -1.80744 -2.48773 0
      vertex -4.0187 -6.33246 0
    endloop
  endfacet
  facet normal 0 0 -1
    outer loop
      vertex -5.46726 -5.1341 0
      vertex -1.80744 -2.48773 0
      vertex -4.78068 -5.77885 0
    endloop
  endfacet
  facet normal -0 0 -1
    outer loop
      vertex 5.46726 5.1341 0
      vertex 1.80744 2.48773 0
      vertex 4.78068 5.77885 0
    endloop
  endfacet
  facet normal -0 0 -1
    outer loop
      vertex 4.78068 5.77885 0
      vertex 1.80744 2.48773 0
      vertex 4.0187 6.33246 0
    endloop
  endfacet
  facet normal -0 0 -1
    outer loop
      vertex 4.0187 6.33246 0
      vertex 1.80744 2.48773 0
      vertex 3.19334 6.7862 0
    endloop
  endfacet
  facet normal 0 0 -1
    outer loop
      vertex 0.950227 2.9245 0
      vertex 3.19334 6.7862 0
      vertex 1.80744 2.48773 0
    endloop
  endfacet
  facet normal -0 0 -1
    outer loop
      vertex 3.19334 6.7862 0
      vertex 0.950227 2.9245 0
      vertex 2.31763 7.13292 0
    endloop
  endfacet
  facet normal -0 0 -1
    outer loop
      vertex 2.31763 7.13292 0
      vertex 0.950227 2.9245 0
      vertex 1.40536 7.36715 0
    endloop
  endfacet
  facet normal 0 0 -1
    outer loop
      vertex 0 3.075 0
      vertex 1.40536 7.36715 0
      vertex 0.950227 2.9245 0
    endloop
  endfacet
  facet normal -0 0 -1
    outer loop
      vertex 1.40536 7.36715 0
      vertex 0 3.075 0
      vertex 0.470928 7.4852 0
    endloop
  endfacet
  facet normal 0 0 -1
    outer loop
      vertex 0 3.075 0
      vertex -0.470928 7.4852 0
      vertex 0.470928 7.4852 0
    endloop
  endfacet
  facet normal 0 0 -1
    outer loop
      vertex -1.40536 7.36715 0
      vertex 0 3.075 0
      vertex -0.950227 2.9245 0
    endloop
  endfacet
  facet normal 0 0 -1
    outer loop
      vertex 0 3.075 0
      vertex -1.40536 7.36715 0
      vertex -0.470928 7.4852 0
    endloop
  endfacet
  facet normal 0 0 -1
    outer loop
      vertex -3.19334 6.7862 0
      vertex -0.950227 2.9245 0
      vertex -1.80744 2.48773 0
    endloop
  endfacet
  facet normal 0 0 -1
    outer loop
      vertex -0.950227 2.9245 0
      vertex -2.31763 7.13292 0
      vertex -1.40536 7.36715 0
    endloop
  endfacet
  facet normal 0 0 -1
    outer loop
      vertex -5.46726 5.1341 0
      vertex -1.80744 2.48773 0
      vertex -2.48773 1.80744 0
    endloop
  endfacet
  facet normal 0 0 -1
    outer loop
      vertex -6.5723 3.61315 0
      vertex -2.48773 1.80744 0
      vertex -2.9245 0.950227 0
    endloop
  endfacet
  facet normal 0 0 -1
    outer loop
      vertex -7.44086 0.939999 0
      vertex -2.9245 0.950227 0
      vertex -3.075 0 0
    endloop
  endfacet
  facet normal 0 0 -1
    outer loop
      vertex -0.950227 2.9245 0
      vertex -3.19334 6.7862 0
      vertex -2.31763 7.13292 0
    endloop
  endfacet
  facet normal -0 0 -1
    outer loop
      vertex -1.80744 -2.48773 0
      vertex -5.46726 -5.1341 0
      vertex -2.48773 -1.80744 0
    endloop
  endfacet
  facet normal 0 0 -1
    outer loop
      vertex -6.06763 -4.40839 0
      vertex -2.48773 -1.80744 0
      vertex -5.46726 -5.1341 0
    endloop
  endfacet
  facet normal 0 0 -1
    outer loop
      vertex -1.80744 2.48773 0
      vertex -4.0187 6.33246 0
      vertex -3.19334 6.7862 0
    endloop
  endfacet
  facet normal 0 0 -1
    outer loop
      vertex -6.5723 -3.61315 0
      vertex -2.48773 -1.80744 0
      vertex -6.06763 -4.40839 0
    endloop
  endfacet
  facet normal 0 0 -1
    outer loop
      vertex -1.80744 2.48773 0
      vertex -4.78068 5.77885 0
      vertex -4.0187 6.33246 0
    endloop
  endfacet
  facet normal -0 0 -1
    outer loop
      vertex -2.48773 -1.80744 0
      vertex -6.5723 -3.61315 0
      vertex -2.9245 -0.950227 0
    endloop
  endfacet
  facet normal 0 0 -1
    outer loop
      vertex -1.80744 2.48773 0
      vertex -5.46726 5.1341 0
      vertex -4.78068 5.77885 0
    endloop
  endfacet
  facet normal 0 0 -1
    outer loop
      vertex -6.97332 -2.76093 0
      vertex -2.9245 -0.950227 0
      vertex -6.5723 -3.61315 0
    endloop
  endfacet
  facet normal 0 0 -1
    outer loop
      vertex -2.48773 1.80744 0
      vertex -6.06763 4.40839 0
      vertex -5.46726 5.1341 0
    endloop
  endfacet
  facet normal 0 0 -1
    outer loop
      vertex -7.26437 -1.86517 0
      vertex -2.9245 -0.950227 0
      vertex -6.97332 -2.76093 0
    endloop
  endfacet
  facet normal 0 0 -1
    outer loop
      vertex -2.48773 1.80744 0
      vertex -6.5723 3.61315 0
      vertex -6.06763 4.40839 0
    endloop
  endfacet
  facet normal 0 0 -1
    outer loop
      vertex -7.44086 -0.939999 0
      vertex -2.9245 -0.950227 0
      vertex -7.26437 -1.86517 0
    endloop
  endfacet
  facet normal 0 0 -1
    outer loop
      vertex -2.9245 0.950227 0
      vertex -6.97332 2.76093 0
      vertex -6.5723 3.61315 0
    endloop
  endfacet
  facet normal 0 0 -1
    outer loop
      vertex -2.9245 -0.950227 0
      vertex -7.44086 -0.939999 0
      vertex -3.075 0 0
    endloop
  endfacet
  facet normal 0 0 -1
    outer loop
      vertex -2.9245 0.950227 0
      vertex -7.26437 1.86517 0
      vertex -6.97332 2.76093 0
    endloop
  endfacet
  facet normal 0 0 -1
    outer loop
      vertex -7.5 0 0
      vertex -3.075 0 0
      vertex -7.44086 -0.939999 0
    endloop
  endfacet
  facet normal -0 0 -1
    outer loop
      vertex -2.9245 0.950227 0
      vertex -7.44086 0.939999 0
      vertex -7.26437 1.86517 0
    endloop
  endfacet
  facet normal 0 0 -1
    outer loop
      vertex -3.075 0 0
      vertex -7.5 0 0
      vertex -7.44086 0.939999 0
    endloop
  endfacet
  facet normal -0.823783 -0.56635 0.0250894
    outer loop
      vertex -5.46086 -3.96755 30
      vertex -5.4611 -3.96748 29.9937
      vertex -5.46099 -3.96764 29.9937
    endloop
  endfacet
  facet normal -0.844091 -0.535689 0.0233957
    outer loop
      vertex -6.5723 -3.61315 0
      vertex -6.31944 -4.01154 0.00102634
      vertex -6.57219 -3.61319 0.0030528
    endloop
  endfacet
  facet normal -0.844065 -0.53566 0.0249425
    outer loop
      vertex -6.31944 -4.01154 0.00102634
      vertex -6.13431 -4.30325 0.00119929
      vertex -6.08741 -4.25802 2.55967
    endloop
  endfacet
  facet normal -0.84398 -0.535604 0.0287435
    outer loop
      vertex -6.5723 -3.61315 0
      vertex -6.13431 -4.30325 0.00119929
      vertex -6.31944 -4.01154 0.00102634
    endloop
  endfacet
  facet normal -0.844053 -0.535603 0.0265362
    outer loop
      vertex -6.13431 -4.30325 0.00119929
      vertex -6.06763 -4.40839 0
      vertex -6.06759 -4.40836 0.00187782
    endloop
  endfacet
  facet normal -0.843939 -0.535575 0.0304407
    outer loop
      vertex -6.06763 -4.40839 0
      vertex -6.13431 -4.30325 0.00119929
      vertex -6.5723 -3.61315 0
    endloop
  endfacet
  facet normal -0.844049 -0.535686 0.0249431
    outer loop
      vertex -6.08741 -4.25802 2.55967
      vertex -5.89353 -3.82959 18.3215
      vertex -6.25677 -3.98477 2.69711
    endloop
  endfacet
  facet normal -0.84405 -0.535685 0.0249387
    outer loop
      vertex -6.08741 -4.25802 2.55967
      vertex -6.25677 -3.98477 2.69711
      vertex -6.31944 -4.01154 0.00102634
    endloop
  endfacet
  facet normal -0.844062 -0.535665 0.0249427
    outer loop
      vertex -5.89353 -3.82959 18.3215
      vertex -6.08741 -4.25802 2.55967
      vertex -5.70534 -3.8896 23.4011
    endloop
  endfacet
  facet normal -0.2486 -0.968267 0.0256128
    outer loop
      vertex -1.34609 -6.60976 29.9926
      vertex -2.08586 -6.41963 30
      vertex -2.08576 -6.41978 29.9953
    endloop
  endfacet
  facet normal -0.248619 -0.968293 0.024451
    outer loop
      vertex -2.08586 -6.41963 30
      vertex -1.34609 -6.60976 29.9926
      vertex -1.26482 -6.63044 30
    endloop
  endfacet
  facet normal -0.248604 -0.968302 0.0242438
    outer loop
      vertex -1.26482 -6.63044 30
      vertex -1.28859 -6.62452 29.9927
      vertex -1.26486 -6.63061 29.9928
    endloop
  endfacet
  facet normal -0.248601 -0.968303 0.0242328
    outer loop
      vertex -1.26482 -6.63044 30
      vertex -1.34609 -6.60976 29.9926
      vertex -1.28859 -6.62452 29.9927
    endloop
  endfacet
  facet normal -0.248598 -0.968286 0.0249418
    outer loop
      vertex -1.37178 -6.67304 27.2799
      vertex -1.28859 -6.62452 29.9927
      vertex -1.34609 -6.60976 29.9926
    endloop
  endfacet
  facet normal -0.248661 -0.968269 0.0249434
    outer loop
      vertex -1.37178 -6.67304 27.2799
      vertex -1.29211 -6.77349 24.1748
      vertex -1.28859 -6.62452 29.9927
    endloop
  endfacet
  facet normal -0.248662 -0.968269 0.0249434
    outer loop
      vertex -1.56395 -7.14634 6.99126
      vertex -1.29211 -6.77349 24.1748
      vertex -1.37178 -6.67304 27.2799
    endloop
  endfacet
  facet normal -0.248601 -0.968285 0.0249427
    outer loop
      vertex -1.29211 -6.77349 24.1748
      vertex -1.56395 -7.14634 6.99126
      vertex -1.40536 -7.36715 0
    endloop
  endfacet
  facet normal 0.770286 0.637238 0.024216
    outer loop
      vertex 4.92054 4.62069 30
      vertex 5.46099 3.96764 29.9937
      vertex 4.9207 4.62066 29.9957
    endloop
  endfacet
  facet normal 0.770275 0.637222 0.0249977
    outer loop
      vertex 5.46099 3.96764 29.9937
      vertex 4.92054 4.62069 30
      vertex 5.46086 3.96755 30
    endloop
  endfacet
  facet normal 0.706901 0.706822 0.0263501
    outer loop
      vertex 6.06763 4.40839 0
      vertex 6.06755 4.4084 0.00187794
      vertex 6.06759 4.40836 0.00187782
    endloop
  endfacet
  facet normal -0.248624 -0.968314 0.0235435
    outer loop
      vertex -2.3176 -7.13284 0.0036071
      vertex -2.31763 -7.13292 0
      vertex -1.63015 -7.30941 0.00110857
    endloop
  endfacet
  facet normal -0.248593 -0.968287 0.024943
    outer loop
      vertex -1.63015 -7.30941 0.00110857
      vertex -1.40536 -7.36715 0
      vertex -1.56395 -7.14634 6.99126
    endloop
  endfacet
  facet normal -0.248634 -0.96837 0.0209778
    outer loop
      vertex -1.40536 -7.36715 0
      vertex -1.63015 -7.30941 0.00110857
      vertex -2.31763 -7.13292 0
    endloop
  endfacet
  facet normal -0.274636 -0.961227 0.0248341
    outer loop
      vertex -2.08586 -6.41963 30
      vertex -2.0859 -6.41974 29.9953
      vertex -2.08576 -6.41978 29.9953
    endloop
  endfacet
  facet normal 0.823783 0.56635 0.0250894
    outer loop
      vertex 5.46099 3.96764 29.9937
      vertex 5.46086 3.96755 30
      vertex 5.4611 3.96748 29.9937
    endloop
  endfacet
  facet normal 0.84405 0.535685 0.0249387
    outer loop
      vertex 6.08741 4.25802 2.55967
      vertex 6.25677 3.98477 2.69711
      vertex 6.31944 4.01154 0.00102634
    endloop
  endfacet
  facet normal 0.844062 0.535665 0.0249427
    outer loop
      vertex 5.89353 3.82959 18.3215
      vertex 6.08741 4.25802 2.55967
      vertex 5.70534 3.8896 23.4011
    endloop
  endfacet
  facet normal 0.844049 0.535686 0.0249431
    outer loop
      vertex 6.08741 4.25802 2.55967
      vertex 5.89353 3.82959 18.3215
      vertex 6.25677 3.98477 2.69711
    endloop
  endfacet
  facet normal 0.844053 0.535603 0.0265362
    outer loop
      vertex 6.13431 4.30325 0.00119929
      vertex 6.06763 4.40839 0
      vertex 6.06759 4.40836 0.00187782
    endloop
  endfacet
  facet normal 0.844065 0.53566 0.0249425
    outer loop
      vertex 6.31944 4.01154 0.00102634
      vertex 6.13431 4.30325 0.00119929
      vertex 6.08741 4.25802 2.55967
    endloop
  endfacet
  facet normal 0.843934 0.535574 0.0306026
    outer loop
      vertex 6.31944 4.01154 0.00102634
      vertex 6.06763 4.40839 0
      vertex 6.13431 4.30325 0.00119929
    endloop
  endfacet
  facet normal 0.843953 0.535584 0.0298884
    outer loop
      vertex 6.31944 4.01154 0.00102634
      vertex 6.5723 3.61315 0
      vertex 6.06763 4.40839 0
    endloop
  endfacet
  facet normal 0.844091 0.535689 0.0233957
    outer loop
      vertex 6.5723 3.61315 0
      vertex 6.31944 4.01154 0.00102634
      vertex 6.57219 3.61319 0.0030528
    endloop
  endfacet
  facet normal -0.987689 -0.156433 0
    outer loop
      vertex 3.075 0 0
      vertex 2.9245 0.950227 7.999
      vertex 2.9245 0.950227 0
    endloop
  endfacet
  facet normal -0.987689 -0.156433 0
    outer loop
      vertex 2.9245 0.950227 7.999
      vertex 3.075 0 0
      vertex 3.075 0 7.999
    endloop
  endfacet
  facet normal 0.453989 0.891007 -0
    outer loop
      vertex -0.950227 -2.9245 0
      vertex -1.80744 -2.48773 7.999
      vertex -0.950227 -2.9245 7.999
    endloop
  endfacet
  facet normal 0.453989 0.891007 0
    outer loop
      vertex -1.80744 -2.48773 7.999
      vertex -0.950227 -2.9245 0
      vertex -1.80744 -2.48773 0
    endloop
  endfacet
  facet normal 0.707107 -0.707107 0
    outer loop
      vertex -2.48773 1.80744 7.999
      vertex -1.80744 2.48773 0
      vertex -1.80744 2.48773 7.999
    endloop
  endfacet
  facet normal 0.707107 -0.707107 0
    outer loop
      vertex -1.80744 2.48773 0
      vertex -2.48773 1.80744 7.999
      vertex -2.48773 1.80744 0
    endloop
  endfacet
  facet normal -0.891007 -0.453989 0
    outer loop
      vertex 2.9245 0.950227 0
      vertex 2.48773 1.80744 7.999
      vertex 2.48773 1.80744 0
    endloop
  endfacet
  facet normal -0.891007 -0.453989 0
    outer loop
      vertex 2.48773 1.80744 7.999
      vertex 2.9245 0.950227 0
      vertex 2.9245 0.950227 7.999
    endloop
  endfacet
  facet normal -0.707107 0.707107 0
    outer loop
      vertex 1.80744 -2.48773 0
      vertex 2.48773 -1.80744 7.999
      vertex 2.48773 -1.80744 0
    endloop
  endfacet
  facet normal -0.707107 0.707107 0
    outer loop
      vertex 2.48773 -1.80744 7.999
      vertex 1.80744 -2.48773 0
      vertex 1.80744 -2.48773 7.999
    endloop
  endfacet
  facet normal -0.156433 0.987689 0
    outer loop
      vertex 0.950227 -2.9245 0
      vertex 0 -3.075 7.999
      vertex 0.950227 -2.9245 7.999
    endloop
  endfacet
  facet normal -0.156433 0.987689 0
    outer loop
      vertex 0 -3.075 7.999
      vertex 0.950227 -2.9245 0
      vertex 0 -3.075 0
    endloop
  endfacet
  facet normal -0.707107 -0.707107 0
    outer loop
      vertex 2.48773 1.80744 0
      vertex 1.80744 2.48773 7.999
      vertex 1.80744 2.48773 0
    endloop
  endfacet
  facet normal -0.707107 -0.707107 0
    outer loop
      vertex 1.80744 2.48773 7.999
      vertex 2.48773 1.80744 0
      vertex 2.48773 1.80744 7.999
    endloop
  endfacet
  facet normal 0.987689 0.156433 0
    outer loop
      vertex -2.9245 -0.950227 7.999
      vertex -3.075 0 0
      vertex -3.075 0 7.999
    endloop
  endfacet
  facet normal 0.987689 0.156433 0
    outer loop
      vertex -3.075 0 0
      vertex -2.9245 -0.950227 7.999
      vertex -2.9245 -0.950227 0
    endloop
  endfacet
  facet normal 0.707107 0.707107 0
    outer loop
      vertex -1.80744 -2.48773 7.999
      vertex -2.48773 -1.80744 0
      vertex -2.48773 -1.80744 7.999
    endloop
  endfacet
  facet normal 0.707107 0.707107 0
    outer loop
      vertex -2.48773 -1.80744 0
      vertex -1.80744 -2.48773 7.999
      vertex -1.80744 -2.48773 0
    endloop
  endfacet
  facet normal -0.453989 0.891007 0
    outer loop
      vertex 1.80744 -2.48773 0
      vertex 0.950227 -2.9245 7.999
      vertex 1.80744 -2.48773 7.999
    endloop
  endfacet
  facet normal -0.453989 0.891007 0
    outer loop
      vertex 0.950227 -2.9245 7.999
      vertex 1.80744 -2.48773 0
      vertex 0.950227 -2.9245 0
    endloop
  endfacet
  facet normal -0.453989 -0.891007 0
    outer loop
      vertex 0.950227 2.9245 0
      vertex 1.80744 2.48773 7.999
      vertex 0.950227 2.9245 7.999
    endloop
  endfacet
  facet normal -0.453989 -0.891007 -0
    outer loop
      vertex 1.80744 2.48773 7.999
      vertex 0.950227 2.9245 0
      vertex 1.80744 2.48773 0
    endloop
  endfacet
  facet normal 0.156433 -0.987689 0
    outer loop
      vertex -0.950227 2.9245 0
      vertex 0 3.075 7.999
      vertex -0.950227 2.9245 7.999
    endloop
  endfacet
  facet normal 0.156433 -0.987689 0
    outer loop
      vertex 0 3.075 7.999
      vertex -0.950227 2.9245 0
      vertex 0 3.075 0
    endloop
  endfacet
  facet normal -0.156433 -0.987689 0
    outer loop
      vertex 0 3.075 0
      vertex 0.950227 2.9245 7.999
      vertex 0 3.075 7.999
    endloop
  endfacet
  facet normal -0.156433 -0.987689 -0
    outer loop
      vertex 0.950227 2.9245 7.999
      vertex 0 3.075 0
      vertex 0.950227 2.9245 0
    endloop
  endfacet
  facet normal 0.156433 0.987689 -0
    outer loop
      vertex 0 -3.075 0
      vertex -0.950227 -2.9245 7.999
      vertex 0 -3.075 7.999
    endloop
  endfacet
  facet normal 0.156433 0.987689 0
    outer loop
      vertex -0.950227 -2.9245 7.999
      vertex 0 -3.075 0
      vertex -0.950227 -2.9245 0
    endloop
  endfacet
  facet normal 0.453989 -0.891007 0
    outer loop
      vertex -1.80744 2.48773 0
      vertex -0.950227 2.9245 7.999
      vertex -1.80744 2.48773 7.999
    endloop
  endfacet
  facet normal 0.453989 -0.891007 0
    outer loop
      vertex -0.950227 2.9245 7.999
      vertex -1.80744 2.48773 0
      vertex -0.950227 2.9245 0
    endloop
  endfacet
  facet normal 0.891007 0.453989 0
    outer loop
      vertex -2.48773 -1.80744 7.999
      vertex -2.9245 -0.950227 0
      vertex -2.9245 -0.950227 7.999
    endloop
  endfacet
  facet normal 0.891007 0.453989 0
    outer loop
      vertex -2.9245 -0.950227 0
      vertex -2.48773 -1.80744 7.999
      vertex -2.48773 -1.80744 0
    endloop
  endfacet
  facet normal 0.987689 -0.156433 0
    outer loop
      vertex -3.075 0 7.999
      vertex -2.9245 0.950227 0
      vertex -2.9245 0.950227 7.999
    endloop
  endfacet
  facet normal 0.987689 -0.156433 0
    outer loop
      vertex -2.9245 0.950227 0
      vertex -3.075 0 7.999
      vertex -3.075 0 0
    endloop
  endfacet
  facet normal 0.891007 -0.453989 0
    outer loop
      vertex -2.9245 0.950227 7.999
      vertex -2.48773 1.80744 0
      vertex -2.48773 1.80744 7.999
    endloop
  endfacet
  facet normal 0.891007 -0.453989 0
    outer loop
      vertex -2.48773 1.80744 0
      vertex -2.9245 0.950227 7.999
      vertex -2.9245 0.950227 0
    endloop
  endfacet
  facet normal -0.891007 0.453989 0
    outer loop
      vertex 2.48773 -1.80744 0
      vertex 2.9245 -0.950227 7.999
      vertex 2.9245 -0.950227 0
    endloop
  endfacet
  facet normal -0.891007 0.453989 0
    outer loop
      vertex 2.9245 -0.950227 7.999
      vertex 2.48773 -1.80744 0
      vertex 2.48773 -1.80744 7.999
    endloop
  endfacet
  facet normal -0.987689 0.156433 0
    outer loop
      vertex 2.9245 -0.950227 0
      vertex 3.075 0 7.999
      vertex 3.075 0 0
    endloop
  endfacet
  facet normal -0.987689 0.156433 0
    outer loop
      vertex 3.075 0 7.999
      vertex 2.9245 -0.950227 0
      vertex 2.9245 -0.950227 7.999
    endloop
  endfacet
  facet normal 0 0 -1
    outer loop
      vertex 2.9245 -0.950227 7.999
      vertex 2.9245 0.950227 7.999
      vertex 3.075 0 7.999
    endloop
  endfacet
  facet normal 0 0 -1
    outer loop
      vertex 2.48773 -1.80744 7.999
      vertex 2.9245 0.950227 7.999
      vertex 2.9245 -0.950227 7.999
    endloop
  endfacet
  facet normal 0 0 -1
    outer loop
      vertex 2.48773 -1.80744 7.999
      vertex 2.48773 1.80744 7.999
      vertex 2.9245 0.950227 7.999
    endloop
  endfacet
  facet normal 0 0 -1
    outer loop
      vertex 1.80744 -2.48773 7.999
      vertex 2.48773 1.80744 7.999
      vertex 2.48773 -1.80744 7.999
    endloop
  endfacet
  facet normal 0 0 -1
    outer loop
      vertex 1.80744 -2.48773 7.999
      vertex 1.80744 2.48773 7.999
      vertex 2.48773 1.80744 7.999
    endloop
  endfacet
  facet normal 0 0 -1
    outer loop
      vertex 0.950227 -2.9245 7.999
      vertex 1.80744 2.48773 7.999
      vertex 1.80744 -2.48773 7.999
    endloop
  endfacet
  facet normal 0 0 -1
    outer loop
      vertex 0.950227 -2.9245 7.999
      vertex 0.950227 2.9245 7.999
      vertex 1.80744 2.48773 7.999
    endloop
  endfacet
  facet normal 0 0 -1
    outer loop
      vertex 0 -3.075 7.999
      vertex 0.950227 2.9245 7.999
      vertex 0.950227 -2.9245 7.999
    endloop
  endfacet
  facet normal 0 0 -1
    outer loop
      vertex 0 -3.075 7.999
      vertex 0 3.075 7.999
      vertex 0.950227 2.9245 7.999
    endloop
  endfacet
  facet normal 0 0 -1
    outer loop
      vertex -0.950227 -2.9245 7.999
      vertex 0 3.075 7.999
      vertex 0 -3.075 7.999
    endloop
  endfacet
  facet normal 0 0 -1
    outer loop
      vertex -0.950227 -2.9245 7.999
      vertex -0.950227 2.9245 7.999
      vertex 0 3.075 7.999
    endloop
  endfacet
  facet normal 0 0 -1
    outer loop
      vertex -1.80744 -2.48773 7.999
      vertex -0.950227 2.9245 7.999
      vertex -0.950227 -2.9245 7.999
    endloop
  endfacet
  facet normal 0 0 -1
    outer loop
      vertex -1.80744 -2.48773 7.999
      vertex -1.80744 2.48773 7.999
      vertex -0.950227 2.9245 7.999
    endloop
  endfacet
  facet normal 0 0 -1
    outer loop
      vertex -2.48773 -1.80744 7.999
      vertex -1.80744 2.48773 7.999
      vertex -1.80744 -2.48773 7.999
    endloop
  endfacet
  facet normal 0 0 -1
    outer loop
      vertex -2.48773 -1.80744 7.999
      vertex -2.48773 1.80744 7.999
      vertex -1.80744 2.48773 7.999
    endloop
  endfacet
  facet normal 0 0 -1
    outer loop
      vertex -2.9245 -0.950227 7.999
      vertex -2.48773 1.80744 7.999
      vertex -2.48773 -1.80744 7.999
    endloop
  endfacet
  facet normal 0 0 -1
    outer loop
      vertex -2.9245 -0.950227 7.999
      vertex -2.9245 0.950227 7.999
      vertex -2.48773 1.80744 7.999
    endloop
  endfacet
  facet normal 0 -0 -1
    outer loop
      vertex -2.9245 0.950227 7.999
      vertex -2.9245 -0.950227 7.999
      vertex -3.075 0 7.999
    endloop
  endfacet
endsolid OpenSCAD_Model
