solid OpenSCAD_Model
  facet normal -0.0374518 5.11436e-05 0.999298
    outer loop
      vertex 6.69709 0.846039 19.9915
      vertex 8.16346 0 20.0465
      vertex 6.80985 1.35456 19.9957
    endloop
  endfacet
  facet normal -0.0374766 0.0012219 0.999297
    outer loop
      vertex 6.75023 -0.000306709 19.9935
      vertex 8.16346 0 20.0465
      vertex 6.75024 0 19.9935
    endloop
  endfacet
  facet normal -0.0374766 -0.0012219 0.999297
    outer loop
      vertex 8.16346 0 20.0465
      vertex 6.75023 0.000306709 19.9935
      vertex 6.75024 0 19.9935
    endloop
  endfacet
  facet normal -0.0374764 8.39438e-06 0.999298
    outer loop
      vertex 8.16346 0 20.0465
      vertex 6.69709 0.846039 19.9915
      vertex 6.75023 0.000306709 19.9935
    endloop
  endfacet
  facet normal -0.0378497 0.00120538 0.999283
    outer loop
      vertex 6.6147 1.27857 19.9884
      vertex 6.80985 1.35456 19.9957
      vertex 6.66106 1.32497 19.9901
    endloop
  endfacet
  facet normal -0.0373961 3.87732e-05 0.999301
    outer loop
      vertex 6.80985 1.35456 19.9957
      vertex 6.6147 1.27857 19.9884
      vertex 6.69709 0.846039 19.9915
    endloop
  endfacet
  facet normal -0.0374764 -8.39438e-06 0.999298
    outer loop
      vertex 6.69709 -0.846039 19.9915
      vertex 8.16346 0 20.0465
      vertex 6.75023 -0.000306709 19.9935
    endloop
  endfacet
  facet normal -0.0374518 -5.11436e-05 0.999298
    outer loop
      vertex 8.16346 0 20.0465
      vertex 6.69709 -0.846039 19.9915
      vertex 6.80985 -1.35456 19.9957
    endloop
  endfacet
  facet normal -0.0373961 -3.87732e-05 0.999301
    outer loop
      vertex 6.6147 -1.27857 19.9884
      vertex 6.80985 -1.35456 19.9957
      vertex 6.69709 -0.846039 19.9915
    endloop
  endfacet
  facet normal -0.0378497 -0.00120538 0.999283
    outer loop
      vertex 6.80985 -1.35456 19.9957
      vertex 6.6147 -1.27857 19.9884
      vertex 6.66106 -1.32497 19.9901
    endloop
  endfacet
  facet normal -0.706677 0.707039 -0.0265023
    outer loop
      vertex 7.10973 1.41421 10.4072
      vertex 6.6147 1.27857 19.9884
      vertex 6.66106 1.32497 19.9901
    endloop
  endfacet
  facet normal -0.706586 0.707131 -0.0264963
    outer loop
      vertex 7.10973 1.41421 10.4072
      vertex 7.02041 1.28396 9.31303
      vertex 6.6147 1.27857 19.9884
    endloop
  endfacet
  facet normal -0.70658 0.707137 -0.0264976
    outer loop
      vertex 7.10973 1.41421 10.4072
      vertex 7.30636 1.28775 1.78908
      vertex 7.02041 1.28396 9.31303
    endloop
  endfacet
  facet normal -0.706621 0.707096 -0.0264979
    outer loop
      vertex 7.30636 1.28775 1.78908
      vertex 7.10973 1.41421 10.4072
      vertex 7.49975 1.41421 0.00652409
    endloop
  endfacet
  facet normal 0.706609 0.707108 0.0264981
    outer loop
      vertex 8.16346 0 20.0465
      vertex 7.10973 1.41421 10.4072
      vertex 6.80985 1.35456 19.9957
    endloop
  endfacet
  facet normal 0.706609 0.707108 0.0264981
    outer loop
      vertex 8.91298 0 0.0595198
      vertex 7.10973 1.41421 10.4072
      vertex 8.16346 0 20.0465
    endloop
  endfacet
  facet normal 0.706607 0.70711 0.0264974
    outer loop
      vertex 7.10973 1.41421 10.4072
      vertex 8.91298 0 0.0595198
      vertex 7.49975 1.41421 0.00652409
    endloop
  endfacet
  facet normal 0.0374734 0 -0.999298
    outer loop
      vertex 7.49975 -7.01062e-06 0.00652409
      vertex 8.91298 0 0.0595198
      vertex 7.49975 -1.41421 0.00652409
    endloop
  endfacet
  facet normal 0.037423 -0.051957 -0.997948
    outer loop
      vertex 8.91298 0 0.0595198
      vertex 7.49975 -7.01062e-06 0.00652409
      vertex 7.49976 0 0.0065241
    endloop
  endfacet
  facet normal 0.037423 0.051957 -0.997948
    outer loop
      vertex 7.49975 7.01062e-06 0.00652409
      vertex 8.91298 0 0.0595198
      vertex 7.49976 0 0.0065241
    endloop
  endfacet
  facet normal 0.0374734 0 -0.999298
    outer loop
      vertex 8.91298 0 0.0595198
      vertex 7.49975 7.01062e-06 0.00652409
      vertex 7.49975 1.41421 0.00652409
    endloop
  endfacet
  facet normal -0.706677 -0.707039 -0.0265023
    outer loop
      vertex 6.6147 -1.27857 19.9884
      vertex 7.10973 -1.41421 10.4072
      vertex 6.66106 -1.32497 19.9901
    endloop
  endfacet
  facet normal -0.706586 -0.707131 -0.0264963
    outer loop
      vertex 7.02041 -1.28396 9.31303
      vertex 7.10973 -1.41421 10.4072
      vertex 6.6147 -1.27857 19.9884
    endloop
  endfacet
  facet normal -0.70658 -0.707137 -0.0264976
    outer loop
      vertex 7.30636 -1.28775 1.78908
      vertex 7.10973 -1.41421 10.4072
      vertex 7.02041 -1.28396 9.31303
    endloop
  endfacet
  facet normal -0.706621 -0.707096 -0.0264979
    outer loop
      vertex 7.10973 -1.41421 10.4072
      vertex 7.30636 -1.28775 1.78908
      vertex 7.49975 -1.41421 0.00652409
    endloop
  endfacet
  facet normal 0.0374755 0 -0.999298
    outer loop
      vertex 7.44071 0.939796 0.00430998
      vertex 7.49975 1.41421 0.00652409
      vertex 7.49975 7.01062e-06 0.00652409
    endloop
  endfacet
  facet normal 0.0391558 -0.000209408 -0.999233
    outer loop
      vertex 7.4407 0.939978 0.00430955
      vertex 7.49975 1.41421 0.00652409
      vertex 7.44071 0.939796 0.00430998
    endloop
  endfacet
  facet normal 0.0404254 -0.000367732 -0.999182
    outer loop
      vertex 7.44067 0.940158 0.00430827
      vertex 7.49975 1.41421 0.00652409
      vertex 7.4407 0.939978 0.00430955
    endloop
  endfacet
  facet normal 0.0374733 7.19643e-07 -0.999298
    outer loop
      vertex 7.49975 1.41421 0.00652409
      vertex 7.44067 0.940158 0.00430827
      vertex 7.37428 1.28865 0.00181892
    endloop
  endfacet
  facet normal 0.0374755 0 -0.999298
    outer loop
      vertex 7.49975 -1.41421 0.00652409
      vertex 7.44071 -0.939796 0.00430998
      vertex 7.49975 -7.01062e-06 0.00652409
    endloop
  endfacet
  facet normal 0.0391558 0.000209408 -0.999233
    outer loop
      vertex 7.49975 -1.41421 0.00652409
      vertex 7.4407 -0.939978 0.00430955
      vertex 7.44071 -0.939796 0.00430998
    endloop
  endfacet
  facet normal 0.0404254 0.000367732 -0.999182
    outer loop
      vertex 7.49975 -1.41421 0.00652409
      vertex 7.44067 -0.940158 0.00430827
      vertex 7.4407 -0.939978 0.00430955
    endloop
  endfacet
  facet normal 0.0374733 -7.19643e-07 -0.999298
    outer loop
      vertex 7.44067 -0.940158 0.00430827
      vertex 7.49975 -1.41421 0.00652409
      vertex 7.37428 -1.28865 0.00181892
    endloop
  endfacet
  facet normal 0.706609 -0.707108 0.0264981
    outer loop
      vertex 7.10973 -1.41421 10.4072
      vertex 8.16346 0 20.0465
      vertex 6.80985 -1.35456 19.9957
    endloop
  endfacet
  facet normal 0.706609 -0.707108 0.0264981
    outer loop
      vertex 7.10973 -1.41421 10.4072
      vertex 8.91298 0 0.0595198
      vertex 8.16346 0 20.0465
    endloop
  endfacet
  facet normal 0.706607 -0.70711 0.0264974
    outer loop
      vertex 8.91298 0 0.0595198
      vertex 7.10973 -1.41421 10.4072
      vertex 7.49975 -1.41421 0.00652409
    endloop
  endfacet
  facet normal -0.706615 -0.707102 -0.0264969
    outer loop
      vertex 7.49975 -1.41421 0.00652409
      vertex 7.30636 -1.28775 1.78908
      vertex 7.37428 -1.28865 0.00181892
    endloop
  endfacet
  facet normal -0.706615 0.707102 -0.0264969
    outer loop
      vertex 7.37428 1.28865 0.00181892
      vertex 7.30636 1.28775 1.78908
      vertex 7.49975 1.41421 0.00652409
    endloop
  endfacet
  facet normal -0.0345017 -0.0144123 0.999301
    outer loop
      vertex 6.53813 1.67915 19.991
      vertex 6.80985 1.35456 19.9957
      vertex 7.54206 3.12402 20.0465
    endloop
  endfacet
  facet normal -0.034625 -0.0142216 0.999299
    outer loop
      vertex 6.60111 1.34983 19.9884
      vertex 6.80985 1.35456 19.9957
      vertex 6.53834 1.67832 19.9909
    endloop
  endfacet
  facet normal -0.0346043 -0.0151143 0.999287
    outer loop
      vertex 6.80985 1.35456 19.9957
      vertex 6.60111 1.34983 19.9884
      vertex 6.66106 1.32497 19.9901
    endloop
  endfacet
  facet normal -0.349045 -0.279453 0.894468
    outer loop
      vertex 6.80985 1.35456 19.9957
      vertex 6.53826 1.67874 19.991
      vertex 6.53834 1.67832 19.9909
    endloop
  endfacet
  facet normal -0.0278315 -0.00882463 0.999574
    outer loop
      vertex 6.80985 1.35456 19.9957
      vertex 6.53813 1.67915 19.991
      vertex 6.53826 1.67874 19.991
    endloop
  endfacet
  facet normal -0.0347187 -0.0142613 0.999295
    outer loop
      vertex 7.54206 3.12402 20.0465
      vertex 6.27622 2.48493 19.9934
      vertex 6.53813 1.67915 19.991
    endloop
  endfacet
  facet normal -0.0339589 -0.0157666 0.999299
    outer loop
      vertex 7.54206 3.12402 20.0465
      vertex 6.27609 2.48521 19.9934
      vertex 6.27622 2.48493 19.9934
    endloop
  endfacet
  facet normal -0.0342982 -0.015094 0.999298
    outer loop
      vertex 6.27609 2.48521 19.9934
      vertex 7.54206 3.12402 20.0465
      vertex 6.23103 2.58098 19.9933
    endloop
  endfacet
  facet normal -0.92342 0.382875 -0.0264975
    outer loop
      vertex 6.31938 4.01156 0.00178985
      vertex 6.02734 4.02734 10.4072
      vertex 6.38767 4.17659 0.00652409
    endloop
  endfacet
  facet normal -0.923425 0.382862 -0.0264976
    outer loop
      vertex 5.89347 3.82961 12.2155
      vertex 6.02734 4.02734 10.4072
      vertex 6.31938 4.01156 0.00178985
    endloop
  endfacet
  facet normal -0.92343 0.382851 -0.0264992
    outer loop
      vertex 5.89347 3.82961 12.2155
      vertex 5.6912 3.80274 18.8759
      vertex 6.02734 4.02734 10.4072
    endloop
  endfacet
  facet normal -0.923427 0.382859 -0.026499
    outer loop
      vertex 5.6912 3.80274 18.8759
      vertex 5.89347 3.82961 12.2155
      vertex 5.6884 3.742 18.0959
    endloop
  endfacet
  facet normal 0.382223 0.92369 0.0264993
    outer loop
      vertex 7.54206 3.12402 20.0465
      vertex 5.79366 3.8712 19.2207
      vertex 5.77311 3.85747 19.9957
    endloop
  endfacet
  facet normal 0.382224 0.92369 0.0264983
    outer loop
      vertex 7.54206 3.12402 20.0465
      vertex 6.02734 4.02734 10.4072
      vertex 5.79366 3.8712 19.2207
    endloop
  endfacet
  facet normal 0.382229 0.923687 0.0264972
    outer loop
      vertex 6.02734 4.02734 10.4072
      vertex 7.54206 3.12402 20.0465
      vertex 6.38767 4.17659 0.00652409
    endloop
  endfacet
  facet normal -0.0346594 -0.014222 0.999298
    outer loop
      vertex 7.54206 3.12402 20.0465
      vertex 5.91533 3.25198 19.9919
      vertex 6.23103 2.58098 19.9933
    endloop
  endfacet
  facet normal -0.0346746 -0.014416 0.999295
    outer loop
      vertex 5.77311 3.85747 19.9957
      vertex 5.91533 3.25198 19.9919
      vertex 7.54206 3.12402 20.0465
    endloop
  endfacet
  facet normal -0.0349055 -0.0141599 0.99929
    outer loop
      vertex 5.6224 3.71381 19.9884
      vertex 5.77311 3.85747 19.9957
      vertex 5.64698 3.77319 19.9901
    endloop
  endfacet
  facet normal -0.034664 -0.0144135 0.999295
    outer loop
      vertex 5.77311 3.85747 19.9957
      vertex 5.6224 3.71381 19.9884
      vertex 5.91533 3.25198 19.9919
    endloop
  endfacet
  facet normal -0.382275 -0.923669 -0.0264991
    outer loop
      vertex 6.82939 1.44023 13.5442
      vertex 6.66106 1.32497 19.9901
      vertex 6.60111 1.34983 19.9884
    endloop
  endfacet
  facet normal -0.382251 -0.923678 -0.0264986
    outer loop
      vertex 6.82939 1.44023 13.5442
      vertex 7.10973 1.41421 10.4072
      vertex 6.66106 1.32497 19.9901
    endloop
  endfacet
  facet normal -0.382249 -0.923679 -0.0264984
    outer loop
      vertex 7.10973 1.41421 10.4072
      vertex 6.82939 1.44023 13.5442
      vertex 7.2469 1.60556 1.75842
    endloop
  endfacet
  facet normal -0.382221 -0.923691 -0.0264982
    outer loop
      vertex 7.47007 1.56347 0.00652409
      vertex 7.10973 1.41421 10.4072
      vertex 7.2469 1.60556 1.75842
    endloop
  endfacet
  facet normal -0.923419 0.382878 -0.0265006
    outer loop
      vertex 5.6224 3.71381 19.9884
      vertex 5.6912 3.80274 18.8759
      vertex 5.6884 3.742 18.0959
    endloop
  endfacet
  facet normal -0.92343 0.382851 -0.0265033
    outer loop
      vertex 5.6912 3.80274 18.8759
      vertex 5.6224 3.71381 19.9884
      vertex 5.64697 3.77319 19.9901
    endloop
  endfacet
  facet normal 0 -0.0286174 0.99959
    outer loop
      vertex 5.6224 3.71381 19.9884
      vertex 5.64698 3.77319 19.9901
      vertex 5.64697 3.77319 19.9901
    endloop
  endfacet
  facet normal 0.38222 0.923691 0.026498
    outer loop
      vertex 8.23452 3.41085 0.0595198
      vertex 6.38767 4.17659 0.00652409
      vertex 7.54206 3.12402 20.0465
    endloop
  endfacet
  facet normal 0.0346209 0.0143406 -0.999298
    outer loop
      vertex 7.47007 1.56347 0.00652409
      vertex 6.38767 4.17659 0.00652409
      vertex 8.23452 3.41085 0.0595198
    endloop
  endfacet
  facet normal 0.0346181 0.0143388 -0.999298
    outer loop
      vertex 7.26424 1.86514 0.00372226
      vertex 7.47007 1.56347 0.00652409
      vertex 7.30912 1.6302 0.00190589
    endloop
  endfacet
  facet normal 0.0346207 0.0143406 -0.999298
    outer loop
      vertex 6.97318 2.76058 0.00648861
      vertex 7.47007 1.56347 0.00652409
      vertex 7.26424 1.86514 0.00372226
    endloop
  endfacet
  facet normal 0.0292734 0.012121 -0.999498
    outer loop
      vertex 6.9731 2.76084 0.00648942
      vertex 7.47007 1.56347 0.00652409
      vertex 6.97318 2.76058 0.00648861
    endloop
  endfacet
  facet normal 0.0347008 0.0143737 -0.999294
    outer loop
      vertex 6.9731 2.76084 0.00648942
      vertex 6.38767 4.17659 0.00652409
      vertex 7.47007 1.56347 0.00652409
    endloop
  endfacet
  facet normal 0.0346238 0.0143418 -0.999298
    outer loop
      vertex 6.57223 3.61288 0.00482843
      vertex 6.38767 4.17659 0.00652409
      vertex 6.9731 2.76084 0.00648942
    endloop
  endfacet
  facet normal 0.0334939 0.013972 -0.999341
    outer loop
      vertex 6.57214 3.61307 0.00482807
      vertex 6.38767 4.17659 0.00652409
      vertex 6.57223 3.61288 0.00482843
    endloop
  endfacet
  facet normal 0.0336785 0.0140325 -0.999334
    outer loop
      vertex 6.57203 3.61324 0.00482675
      vertex 6.38767 4.17659 0.00652409
      vertex 6.57214 3.61307 0.00482807
    endloop
  endfacet
  facet normal 0.0346209 0.0143407 -0.999298
    outer loop
      vertex 6.38767 4.17659 0.00652409
      vertex 6.57203 3.61324 0.00482675
      vertex 6.31938 4.01156 0.00178985
    endloop
  endfacet
  facet normal -0.382205 -0.923697 -0.0264961
    outer loop
      vertex 7.47007 1.56347 0.00652409
      vertex 7.2469 1.60556 1.75842
      vertex 7.30912 1.6302 0.00190589
    endloop
  endfacet
  facet normal 0.92342 -0.382875 0.0264978
    outer loop
      vertex 7.10973 1.41421 10.4072
      vertex 8.23452 3.41085 0.0595198
      vertex 7.54206 3.12402 20.0465
    endloop
  endfacet
  facet normal 0.923421 -0.382874 0.0264981
    outer loop
      vertex 8.23452 3.41085 0.0595198
      vertex 7.10973 1.41421 10.4072
      vertex 7.47007 1.56347 0.00652409
    endloop
  endfacet
  facet normal 0.92342 -0.382876 0.0264981
    outer loop
      vertex 7.10973 1.41421 10.4072
      vertex 7.54206 3.12402 20.0465
      vertex 6.80985 1.35456 19.9957
    endloop
  endfacet
  facet normal -0.0263536 -0.0265185 0.999301
    outer loop
      vertex 5.46116 3.96776 19.9904
      vertex 5.77311 3.85747 19.9957
      vertex 5.77244 5.77244 20.0465
    endloop
  endfacet
  facet normal -0.021867 -0.0138107 0.999665
    outer loop
      vertex 5.4614 3.96738 19.9904
      vertex 5.77311 3.85747 19.9957
      vertex 5.46116 3.96776 19.9904
    endloop
  endfacet
  facet normal -0.0264471 -0.0268183 0.99929
    outer loop
      vertex 5.77311 3.85747 19.9957
      vertex 5.4614 3.96738 19.9904
      vertex 5.64698 3.77319 19.9901
    endloop
  endfacet
  facet normal 0 0.999922 0.012499
    outer loop
      vertex 5.64698 3.77319 19.9901
      vertex 5.58471 3.77321 19.9885
      vertex 5.64697 3.77319 19.9901
    endloop
  endfacet
  facet normal -0.0256857 -0.0260907 0.99933
    outer loop
      vertex 5.58471 3.77321 19.9885
      vertex 5.64698 3.77319 19.9901
      vertex 5.4614 3.96738 19.9904
    endloop
  endfacet
  facet normal -0.0266255 -0.0264714 0.999295
    outer loop
      vertex 5.77244 5.77244 20.0465
      vertex 4.92092 4.62062 19.9933
      vertex 5.46116 3.96776 19.9904
    endloop
  endfacet
  facet normal 0.224205 -0.209708 0.951711
    outer loop
      vertex 5.77244 5.77244 20.0465
      vertex 4.92072 4.62086 19.9934
      vertex 4.92092 4.62062 19.9933
    endloop
  endfacet
  facet normal -0.266849 0.153493 0.951437
    outer loop
      vertex 5.77244 5.77244 20.0465
      vertex 4.92049 4.62108 19.9933
      vertex 4.92072 4.62086 19.9934
    endloop
  endfacet
  facet normal -0.0263489 -0.0266768 0.999297
    outer loop
      vertex 4.92049 4.62108 19.9933
      vertex 5.77244 5.77244 20.0465
      vertex 4.76609 4.76609 19.9931
    endloop
  endfacet
  facet normal 0.999649 -0.000352187 0.0264981
    outer loop
      vertex 5.77244 5.77244 20.0465
      vertex 5.79366 3.8712 19.2207
      vertex 6.30243 6.30243 0.0595198
    endloop
  endfacet
  facet normal 0.999649 -0.00035325 0.0265006
    outer loop
      vertex 5.79366 3.8712 19.2207
      vertex 5.77244 5.77244 20.0465
      vertex 5.77311 3.85747 19.9957
    endloop
  endfacet
  facet normal -0.00035325 0.999649 0.0265006
    outer loop
      vertex 5.77244 5.77244 20.0465
      vertex 3.8712 5.79366 19.2207
      vertex 3.85747 5.77311 19.9957
    endloop
  endfacet
  facet normal -0.000352187 0.999649 0.0264981
    outer loop
      vertex 3.8712 5.79366 19.2207
      vertex 5.77244 5.77244 20.0465
      vertex 6.30243 6.30243 0.0595198
    endloop
  endfacet
  facet normal -0.026459 -0.0265668 0.999297
    outer loop
      vertex 5.77244 5.77244 20.0465
      vertex 4.30279 5.20118 19.9924
      vertex 4.76609 4.76609 19.9931
    endloop
  endfacet
  facet normal -0.0265185 -0.0264139 0.999299
    outer loop
      vertex 5.77244 5.77244 20.0465
      vertex 3.85747 5.77311 19.9957
      vertex 4.30279 5.20118 19.9924
    endloop
  endfacet
  facet normal -0.0266125 -0.0264871 0.999295
    outer loop
      vertex 3.85747 5.77311 19.9957
      vertex 3.77321 5.58613 19.9885
      vertex 4.30279 5.20118 19.9924
    endloop
  endfacet
  facet normal -0.0270618 -0.0262843 0.999288
    outer loop
      vertex 3.77319 5.64698 19.9901
      vertex 3.77321 5.58613 19.9885
      vertex 3.85747 5.77311 19.9957
    endloop
  endfacet
  facet normal 0.999922 0 0.012499
    outer loop
      vertex 3.77321 5.58613 19.9885
      vertex 3.77319 5.64698 19.9901
      vertex 3.77319 5.64697 19.9901
    endloop
  endfacet
  facet normal 0.000359835 -0.999649 -0.0264977
    outer loop
      vertex 5.58471 3.77321 19.9885
      vertex 5.6912 3.80274 18.8759
      vertex 5.64697 3.77319 19.9901
    endloop
  endfacet
  facet normal 0.000366445 -0.999649 -0.026497
    outer loop
      vertex 5.70539 3.88958 15.5999
      vertex 5.6912 3.80274 18.8759
      vertex 5.58471 3.77321 19.9885
    endloop
  endfacet
  facet normal 0.000374673 -0.999649 -0.026497
    outer loop
      vertex 5.70539 3.88958 15.5999
      vertex 6.02734 4.02734 10.4072
      vertex 5.6912 3.80274 18.8759
    endloop
  endfacet
  facet normal 0.000366884 -0.999649 -0.0264975
    outer loop
      vertex 6.02734 4.02734 10.4072
      vertex 5.70539 3.88958 15.5999
      vertex 6.08743 4.25799 1.70649
    endloop
  endfacet
  facet normal 0.000367793 -0.999649 -0.0264975
    outer loop
      vertex 6.30313 4.30313 0.00652409
      vertex 6.02734 4.02734 10.4072
      vertex 6.08743 4.25799 1.70649
    endloop
  endfacet
  facet normal -0.999649 0.000345313 -0.0264982
    outer loop
      vertex 3.90356 5.71883 15.0728
      vertex 4.02734 6.02734 10.4072
      vertex 4.25593 6.07756 1.78426
    endloop
  endfacet
  facet normal -0.999649 0.000346423 -0.0264981
    outer loop
      vertex 3.90356 5.71883 15.0728
      vertex 3.80274 5.6912 18.8759
      vertex 4.02734 6.02734 10.4072
    endloop
  endfacet
  facet normal -0.999649 0.000361025 -0.026498
    outer loop
      vertex 3.77321 5.58613 19.9885
      vertex 3.80274 5.6912 18.8759
      vertex 3.90356 5.71883 15.0728
    endloop
  endfacet
  facet normal -0.999649 0.000368224 -0.0264973
    outer loop
      vertex 3.80274 5.6912 18.8759
      vertex 3.77321 5.58613 19.9885
      vertex 3.77319 5.64697 19.9901
    endloop
  endfacet
  facet normal -0.999649 0.00033942 -0.0264982
    outer loop
      vertex 4.02734 6.02734 10.4072
      vertex 4.30313 6.30313 0.00652409
      vertex 4.25593 6.07756 1.78426
    endloop
  endfacet
  facet normal -0.000350271 0.999649 0.0264984
    outer loop
      vertex 6.30243 6.30243 0.0595198
      vertex 4.02734 6.02734 10.4072
      vertex 3.8712 5.79366 19.2207
    endloop
  endfacet
  facet normal -0.000352383 0.999649 0.0264979
    outer loop
      vertex 4.02734 6.02734 10.4072
      vertex 6.30243 6.30243 0.0595198
      vertex 4.30313 6.30313 0.00652409
    endloop
  endfacet
  facet normal -0.999649 0.000364278 -0.0264951
    outer loop
      vertex 4.30319 6.12568 0.00182057
      vertex 4.25593 6.07756 1.78426
      vertex 4.30313 6.30313 0.00652409
    endloop
  endfacet
  facet normal 0.0264978 0.0264978 -0.999298
    outer loop
      vertex 6.30313 4.30313 0.00652409
      vertex 4.30313 6.30313 0.00652409
      vertex 6.30243 6.30243 0.0595198
    endloop
  endfacet
  facet normal 0.999649 -0.000352383 0.0264979
    outer loop
      vertex 6.30243 6.30243 0.0595198
      vertex 6.02734 4.02734 10.4072
      vertex 6.30313 4.30313 0.00652409
    endloop
  endfacet
  facet normal 0.999649 -0.000350271 0.0264984
    outer loop
      vertex 6.02734 4.02734 10.4072
      vertex 6.30243 6.30243 0.0595198
      vertex 5.79366 3.8712 19.2207
    endloop
  endfacet
  facet normal 0.0264971 0.0264995 -0.999298
    outer loop
      vertex 6.06753 4.40832 0.00306642
      vertex 6.30313 4.30313 0.00652409
      vertex 6.1343 4.30319 0.00204903
    endloop
  endfacet
  facet normal 0.0260085 0.0254038 -0.999339
    outer loop
      vertex 6.06745 4.40842 0.00306688
      vertex 6.30313 4.30313 0.00652409
      vertex 6.06753 4.40832 0.00306642
    endloop
  endfacet
  facet normal 0.0264958 0.026496 -0.999298
    outer loop
      vertex 5.46709 5.13394 0.00638551
      vertex 6.30313 4.30313 0.00652409
      vertex 6.06745 4.40842 0.00306688
    endloop
  endfacet
  facet normal 0.0264785 0.0264785 -0.999299
    outer loop
      vertex 5.46709 5.13394 0.00638551
      vertex 4.30313 6.30313 0.00652409
      vertex 6.30313 4.30313 0.00652409
    endloop
  endfacet
  facet normal 0.0264954 0.0264953 -0.999298
    outer loop
      vertex 4.78072 5.77854 0.00527797
      vertex 4.30313 6.30313 0.00652409
      vertex 5.46709 5.13394 0.00638551
    endloop
  endfacet
  facet normal 0.0266942 0.0266763 -0.999288
    outer loop
      vertex 4.78055 5.7787 0.0052777
      vertex 4.30313 6.30313 0.00652409
      vertex 4.78072 5.77854 0.00527797
    endloop
  endfacet
  facet normal 0.0262411 0.0262639 -0.999311
    outer loop
      vertex 4.78037 5.77883 0.00527639
      vertex 4.30313 6.30313 0.00652409
      vertex 4.78055 5.7787 0.0052777
    endloop
  endfacet
  facet normal 0.0264967 0.0264965 -0.999298
    outer loop
      vertex 4.30313 6.30313 0.00652409
      vertex 4.78037 5.77883 0.00527639
      vertex 4.30319 6.12568 0.00182057
    endloop
  endfacet
  facet normal 0.000347158 -0.999649 -0.0265001
    outer loop
      vertex 6.30313 4.30313 0.00652409
      vertex 6.08743 4.25799 1.70649
      vertex 6.1343 4.30319 0.00204903
    endloop
  endfacet
  facet normal -0.0142579 -0.0348401 0.999291
    outer loop
      vertex 3.61743 5.69925 19.9897
      vertex 3.77319 5.64698 19.9901
      vertex 3.85747 5.77311 19.9957
    endloop
  endfacet
  facet normal -0.0139982 -0.034066 0.999322
    outer loop
      vertex 3.77319 5.64698 19.9901
      vertex 3.61743 5.69925 19.9897
      vertex 3.71984 5.6249 19.9886
    endloop
  endfacet
  facet normal -0.0176721 -0.023766 0.999561
    outer loop
      vertex 3.85747 5.77311 19.9957
      vertex 3.61704 5.69954 19.9897
      vertex 3.61743 5.69925 19.9897
    endloop
  endfacet
  facet normal -0.0158651 -0.0296609 0.999434
    outer loop
      vertex 3.85747 5.77311 19.9957
      vertex 3.61661 5.69977 19.9897
      vertex 3.61704 5.69954 19.9897
    endloop
  endfacet
  facet normal -0.0143306 -0.0346392 0.999297
    outer loop
      vertex 2.87412 6.10781 19.9932
      vertex 3.85747 5.77311 19.9957
      vertex 3.12402 7.54206 20.0465
    endloop
  endfacet
  facet normal -0.0143386 -0.0346629 0.999296
    outer loop
      vertex 3.85747 5.77311 19.9957
      vertex 2.87412 6.10781 19.9932
      vertex 3.61661 5.69977 19.9897
    endloop
  endfacet
  facet normal -0.0143876 -0.0346293 0.999297
    outer loop
      vertex 2.87412 6.10781 19.9932
      vertex 3.12402 7.54206 20.0465
      vertex 2.57843 6.22489 19.993
    endloop
  endfacet
  facet normal 0.92369 0.382224 0.0264983
    outer loop
      vertex 3.12402 7.54206 20.0465
      vertex 3.8712 5.79366 19.2207
      vertex 4.02734 6.02734 10.4072
    endloop
  endfacet
  facet normal 0.92369 0.382223 0.0264993
    outer loop
      vertex 3.12402 7.54206 20.0465
      vertex 3.85747 5.77311 19.9957
      vertex 3.8712 5.79366 19.2207
    endloop
  endfacet
  facet normal 0.923687 0.382229 0.0264972
    outer loop
      vertex 3.12402 7.54206 20.0465
      vertex 4.02734 6.02734 10.4072
      vertex 4.17659 6.38767 0.00652409
    endloop
  endfacet
  facet normal 0.923691 0.38222 0.026498
    outer loop
      vertex 3.41085 8.23452 0.0595198
      vertex 3.12402 7.54206 20.0465
      vertex 4.17659 6.38767 0.00652409
    endloop
  endfacet
  facet normal -0.01433 -0.0346531 0.999297
    outer loop
      vertex 3.12402 7.54206 20.0465
      vertex 2.08627 6.41976 19.9927
      vertex 2.57843 6.22489 19.993
    endloop
  endfacet
  facet normal -0.0141466 -0.0348225 0.999293
    outer loop
      vertex 3.12402 7.54206 20.0465
      vertex 2.08595 6.41989 19.9927
      vertex 2.08627 6.41976 19.9927
    endloop
  endfacet
  facet normal -0.0104329 -0.0382541 0.999214
    outer loop
      vertex 3.12402 7.54206 20.0465
      vertex 2.08562 6.41998 19.9927
      vertex 2.08595 6.41989 19.9927
    endloop
  endfacet
  facet normal -0.0143627 -0.0346214 0.999297
    outer loop
      vertex 3.12402 7.54206 20.0465
      vertex 1.35456 6.80985 19.9957
      vertex 2.08562 6.41998 19.9927
    endloop
  endfacet
  facet normal -0.0142455 -0.0344018 0.999307
    outer loop
      vertex 1.35456 6.80985 19.9957
      vertex 1.34614 6.61 19.9887
      vertex 2.08562 6.41998 19.9927
    endloop
  endfacet
  facet normal -0.016644 -0.0342996 0.999273
    outer loop
      vertex 1.32497 6.66106 19.9901
      vertex 1.34614 6.61 19.9887
      vertex 1.35456 6.80985 19.9957
    endloop
  endfacet
  facet normal 0.382915 -0.923404 -0.0264924
    outer loop
      vertex 3.71984 5.6249 19.9886
      vertex 3.80274 5.6912 18.8759
      vertex 3.77319 5.64698 19.9901
    endloop
  endfacet
  facet normal 0.382827 -0.92344 -0.0265011
    outer loop
      vertex 3.80274 5.6912 18.8759
      vertex 3.71984 5.6249 19.9886
      vertex 3.74782 5.68867 18.1707
    endloop
  endfacet
  facet normal -0.999648 0 -0.0265119
    outer loop
      vertex 3.77319 5.64697 19.9901
      vertex 3.77319 5.64698 19.9901
      vertex 3.80274 5.6912 18.8759
    endloop
  endfacet
  facet normal -0.923702 -0.382195 -0.0264923
    outer loop
      vertex 1.6053 7.2483 1.74744
      vertex 1.56347 7.47007 0.00652409
      vertex 1.63009 7.30938 0.00191317
    endloop
  endfacet
  facet normal -0.923679 -0.38225 -0.0264986
    outer loop
      vertex 1.34614 6.61 19.9887
      vertex 1.41421 7.10973 10.4072
      vertex 1.56392 7.14638 4.65998
    endloop
  endfacet
  facet normal -0.923682 -0.382242 -0.0264982
    outer loop
      vertex 1.41421 7.10973 10.4072
      vertex 1.34614 6.61 19.9887
      vertex 1.32497 6.66106 19.9901
    endloop
  endfacet
  facet normal -0.923681 -0.382246 -0.0264993
    outer loop
      vertex 1.56392 7.14638 4.65998
      vertex 1.56347 7.47007 0.00652409
      vertex 1.6053 7.2483 1.74744
    endloop
  endfacet
  facet normal -0.923685 -0.382236 -0.0264987
    outer loop
      vertex 1.41421 7.10973 10.4072
      vertex 1.56347 7.47007 0.00652409
      vertex 1.56392 7.14638 4.65998
    endloop
  endfacet
  facet normal 0.0143406 0.0346209 -0.999298
    outer loop
      vertex 4.17659 6.38767 0.00652409
      vertex 1.56347 7.47007 0.00652409
      vertex 3.41085 8.23452 0.0595198
    endloop
  endfacet
  facet normal -0.382876 0.92342 0.0264981
    outer loop
      vertex 3.12402 7.54206 20.0465
      vertex 1.41421 7.10973 10.4072
      vertex 1.35456 6.80985 19.9957
    endloop
  endfacet
  facet normal -0.382875 0.92342 0.0264978
    outer loop
      vertex 3.41085 8.23452 0.0595198
      vertex 1.41421 7.10973 10.4072
      vertex 3.12402 7.54206 20.0465
    endloop
  endfacet
  facet normal -0.382874 0.923421 0.0264981
    outer loop
      vertex 1.41421 7.10973 10.4072
      vertex 3.41085 8.23452 0.0595198
      vertex 1.56347 7.47007 0.00652409
    endloop
  endfacet
  facet normal 0.0143385 0.0346259 -0.999297
    outer loop
      vertex 4.01865 6.33238 0.00234207
      vertex 4.17659 6.38767 0.00652409
      vertex 4.02748 6.32597 0.00224666
    endloop
  endfacet
  facet normal 0.0143404 0.0346204 -0.999298
    outer loop
      vertex 3.19348 6.78586 0.00621122
      vertex 4.17659 6.38767 0.00652409
      vertex 4.01865 6.33238 0.00234207
    endloop
  endfacet
  facet normal 0.0145904 0.0352378 -0.999272
    outer loop
      vertex 3.19324 6.78599 0.0062123
      vertex 4.17659 6.38767 0.00652409
      vertex 3.19348 6.78586 0.00621122
    endloop
  endfacet
  facet normal 0.0143369 0.0346124 -0.999298
    outer loop
      vertex 1.56347 7.47007 0.00652409
      vertex 3.193 6.78609 0.00621215
      vertex 2.31756 7.13272 0.00565833
    endloop
  endfacet
  facet normal 0.0143386 0.0346161 -0.999298
    outer loop
      vertex 3.19324 6.78599 0.0062123
      vertex 1.56347 7.47007 0.00652409
      vertex 4.17659 6.38767 0.00652409
    endloop
  endfacet
  facet normal 0.106943 0.255221 -0.96095
    outer loop
      vertex 3.193 6.78609 0.00621215
      vertex 1.56347 7.47007 0.00652409
      vertex 3.19324 6.78599 0.0062123
    endloop
  endfacet
  facet normal 0.0143402 0.0346196 -0.999298
    outer loop
      vertex 1.56347 7.47007 0.00652409
      vertex 2.31756 7.13272 0.00565833
      vertex 1.63009 7.30938 0.00191317
    endloop
  endfacet
  facet normal 0.382736 -0.923478 -0.0264939
    outer loop
      vertex 3.75665 5.70878 17.5973
      vertex 3.80274 5.6912 18.8759
      vertex 3.74782 5.68867 18.1707
    endloop
  endfacet
  facet normal 0.382876 -0.92342 -0.0264981
    outer loop
      vertex 3.75665 5.70878 17.5973
      vertex 4.02734 6.02734 10.4072
      vertex 3.80274 5.6912 18.8759
    endloop
  endfacet
  facet normal 0.382885 -0.923416 -0.0264976
    outer loop
      vertex 4.02748 6.32597 0.00224666
      vertex 4.02734 6.02734 10.4072
      vertex 3.75665 5.70878 17.5973
    endloop
  endfacet
  facet normal 0.382863 -0.923425 -0.0264978
    outer loop
      vertex 4.02734 6.02734 10.4072
      vertex 4.02748 6.32597 0.00224666
      vertex 4.17659 6.38767 0.00652409
    endloop
  endfacet
  facet normal 0.000691112 -0.0377475 0.999287
    outer loop
      vertex 1.2649 6.63084 19.989
      vertex 1.32497 6.66106 19.9901
      vertex 1.35456 6.80985 19.9957
    endloop
  endfacet
  facet normal -0.000594469 -0.0351955 0.99938
    outer loop
      vertex 1.32497 6.66106 19.9901
      vertex 1.2649 6.63084 19.989
      vertex 1.28864 6.62476 19.9888
    endloop
  endfacet
  facet normal 3.39623e-05 -0.0374189 0.9993
    outer loop
      vertex 1.35456 6.80985 19.9957
      vertex 0.424181 6.7369 19.993
      vertex 1.2649 6.63084 19.989
    endloop
  endfacet
  facet normal 3.76069e-05 -0.0374653 0.999298
    outer loop
      vertex 0 8.16346 20.0465
      vertex 0.424181 6.7369 19.993
      vertex 1.35456 6.80985 19.9957
    endloop
  endfacet
  facet normal -0.004727 -0.0388796 0.999233
    outer loop
      vertex 0.424181 6.7369 19.993
      vertex 0 8.16346 20.0465
      vertex 0.423852 6.73694 19.993
    endloop
  endfacet
  facet normal 0 -0.0374775 0.999297
    outer loop
      vertex 0 8.16346 20.0465
      vertex -0.423852 6.73694 19.993
      vertex 0.423852 6.73694 19.993
    endloop
  endfacet
  facet normal 0.004727 -0.0388796 0.999233
    outer loop
      vertex 0 8.16346 20.0465
      vertex -0.424181 6.7369 19.993
      vertex -0.423852 6.73694 19.993
    endloop
  endfacet
  facet normal -3.76069e-05 -0.0374653 0.999298
    outer loop
      vertex -1.35456 6.80985 19.9957
      vertex -0.424181 6.7369 19.993
      vertex 0 8.16346 20.0465
    endloop
  endfacet
  facet normal -3.39623e-05 -0.0374189 0.9993
    outer loop
      vertex -0.424181 6.7369 19.993
      vertex -1.35456 6.80985 19.9957
      vertex -1.2649 6.63084 19.989
    endloop
  endfacet
  facet normal -0.000691112 -0.0377475 0.999287
    outer loop
      vertex -1.32497 6.66106 19.9901
      vertex -1.2649 6.63084 19.989
      vertex -1.35456 6.80985 19.9957
    endloop
  endfacet
  facet normal 0.000594469 -0.0351955 0.99938
    outer loop
      vertex -1.2649 6.63084 19.989
      vertex -1.32497 6.66106 19.9901
      vertex -1.28864 6.62476 19.9888
    endloop
  endfacet
  facet normal -0.707003 -0.706713 -0.0265123
    outer loop
      vertex -1.2949 7.2962 2.25072
      vertex -1.41421 7.49975 0.00652409
      vertex -1.29501 7.31747 1.68668
    endloop
  endfacet
  facet normal -0.707107 -0.70661 -0.0264975
    outer loop
      vertex -1.2949 7.2962 2.25072
      vertex -1.41421 7.10973 10.4072
      vertex -1.41421 7.49975 0.00652409
    endloop
  endfacet
  facet normal -0.707102 -0.706615 -0.0264976
    outer loop
      vertex -1.29215 6.77372 16.1104
      vertex -1.41421 7.10973 10.4072
      vertex -1.2949 7.2962 2.25072
    endloop
  endfacet
  facet normal -0.707051 -0.706666 -0.0265016
    outer loop
      vertex -1.29215 6.77372 16.1104
      vertex -1.32497 6.66106 19.9901
      vertex -1.41421 7.10973 10.4072
    endloop
  endfacet
  facet normal -0.707041 -0.706676 -0.0265018
    outer loop
      vertex -1.32497 6.66106 19.9901
      vertex -1.29215 6.77372 16.1104
      vertex -1.28864 6.62476 19.9888
    endloop
  endfacet
  facet normal -0.70711 0.706607 0.0264974
    outer loop
      vertex -1.41421 7.10973 10.4072
      vertex 0 8.91298 0.0595198
      vertex -1.41421 7.49975 0.00652409
    endloop
  endfacet
  facet normal -0.707108 0.706609 0.0264981
    outer loop
      vertex 0 8.91298 0.0595198
      vertex -1.41421 7.10973 10.4072
      vertex 0 8.16346 20.0465
    endloop
  endfacet
  facet normal -0.707108 0.706609 0.0264981
    outer loop
      vertex -1.35456 6.80985 19.9957
      vertex 0 8.16346 20.0465
      vertex -1.41421 7.10973 10.4072
    endloop
  endfacet
  facet normal 0 0.0374734 -0.999298
    outer loop
      vertex 1.41421 7.49975 0.00652409
      vertex -1.41421 7.49975 0.00652409
      vertex 0 8.91298 0.0595198
    endloop
  endfacet
  facet normal 0.707003 -0.706713 -0.0265123
    outer loop
      vertex 1.41421 7.49975 0.00652409
      vertex 1.2949 7.2962 2.25072
      vertex 1.29501 7.31747 1.68668
    endloop
  endfacet
  facet normal 0.707107 -0.70661 -0.0264975
    outer loop
      vertex 1.41421 7.10973 10.4072
      vertex 1.2949 7.2962 2.25072
      vertex 1.41421 7.49975 0.00652409
    endloop
  endfacet
  facet normal 0.707102 -0.706615 -0.0264976
    outer loop
      vertex 1.41421 7.10973 10.4072
      vertex 1.29215 6.77372 16.1104
      vertex 1.2949 7.2962 2.25072
    endloop
  endfacet
  facet normal 0.707051 -0.706666 -0.0265016
    outer loop
      vertex 1.32497 6.66106 19.9901
      vertex 1.29215 6.77372 16.1104
      vertex 1.41421 7.10973 10.4072
    endloop
  endfacet
  facet normal 0.707041 -0.706676 -0.0265018
    outer loop
      vertex 1.29215 6.77372 16.1104
      vertex 1.32497 6.66106 19.9901
      vertex 1.28864 6.62476 19.9888
    endloop
  endfacet
  facet normal 3.32265e-07 0.0374731 -0.999298
    outer loop
      vertex 0.470914 7.48498 0.00596991
      vertex 1.41421 7.49975 0.00652409
      vertex 1.29535 7.38097 0.00206987
    endloop
  endfacet
  facet normal 0 0.0374943 -0.999297
    outer loop
      vertex -0.470914 7.48498 0.00596991
      vertex 1.41421 7.49975 0.00652409
      vertex 0.470914 7.48498 0.00596991
    endloop
  endfacet
  facet normal 0 0.0374943 -0.999297
    outer loop
      vertex -0.470914 7.48498 0.00596991
      vertex -1.41421 7.49975 0.00652409
      vertex 1.41421 7.49975 0.00652409
    endloop
  endfacet
  facet normal -3.32265e-07 0.0374731 -0.999298
    outer loop
      vertex -1.41421 7.49975 0.00652409
      vertex -0.470914 7.48498 0.00596991
      vertex -1.29535 7.38097 0.00206987
    endloop
  endfacet
  facet normal 0.707108 0.706609 0.0264981
    outer loop
      vertex 1.41421 7.10973 10.4072
      vertex 0 8.91298 0.0595198
      vertex 0 8.16346 20.0465
    endloop
  endfacet
  facet normal 0.707108 0.706609 0.0264981
    outer loop
      vertex 0 8.16346 20.0465
      vertex 1.35456 6.80985 19.9957
      vertex 1.41421 7.10973 10.4072
    endloop
  endfacet
  facet normal 0.70711 0.706607 0.0264974
    outer loop
      vertex 0 8.91298 0.0595198
      vertex 1.41421 7.10973 10.4072
      vertex 1.41421 7.49975 0.00652409
    endloop
  endfacet
  facet normal 0.707117 -0.7066 -0.026492
    outer loop
      vertex 1.41421 7.49975 0.00652409
      vertex 1.29501 7.31747 1.68668
      vertex 1.29535 7.38097 0.00206987
    endloop
  endfacet
  facet normal -0.707117 -0.7066 -0.026492
    outer loop
      vertex -1.29501 7.31747 1.68668
      vertex -1.41421 7.49975 0.00652409
      vertex -1.29535 7.38097 0.00206987
    endloop
  endfacet
  facet normal 0.0143627 -0.0346214 0.999297
    outer loop
      vertex -1.35456 6.80985 19.9957
      vertex -3.12402 7.54206 20.0465
      vertex -2.08562 6.41998 19.9927
    endloop
  endfacet
  facet normal 0.0104329 -0.0382541 0.999214
    outer loop
      vertex -2.08562 6.41998 19.9927
      vertex -3.12402 7.54206 20.0465
      vertex -2.08595 6.41989 19.9927
    endloop
  endfacet
  facet normal 0.0141466 -0.0348225 0.999293
    outer loop
      vertex -2.08595 6.41989 19.9927
      vertex -3.12402 7.54206 20.0465
      vertex -2.08627 6.41976 19.9927
    endloop
  endfacet
  facet normal 0.01433 -0.0346531 0.999297
    outer loop
      vertex -2.08627 6.41976 19.9927
      vertex -3.12402 7.54206 20.0465
      vertex -2.57843 6.22489 19.993
    endloop
  endfacet
  facet normal 0.016644 -0.0342996 0.999273
    outer loop
      vertex -1.35456 6.80985 19.9957
      vertex -1.34614 6.61 19.9887
      vertex -1.32497 6.66106 19.9901
    endloop
  endfacet
  facet normal 0.0142455 -0.0344018 0.999307
    outer loop
      vertex -1.34614 6.61 19.9887
      vertex -1.35456 6.80985 19.9957
      vertex -2.08562 6.41998 19.9927
    endloop
  endfacet
  facet normal -0.382736 -0.923478 -0.0264939
    outer loop
      vertex -3.80274 5.6912 18.8759
      vertex -3.75665 5.70878 17.5973
      vertex -3.74782 5.68867 18.1707
    endloop
  endfacet
  facet normal -0.382876 -0.92342 -0.0264981
    outer loop
      vertex -4.02734 6.02734 10.4072
      vertex -3.75665 5.70878 17.5973
      vertex -3.80274 5.6912 18.8759
    endloop
  endfacet
  facet normal -0.382863 -0.923425 -0.0264978
    outer loop
      vertex -4.02748 6.32597 0.00224666
      vertex -4.02734 6.02734 10.4072
      vertex -4.17659 6.38767 0.00652409
    endloop
  endfacet
  facet normal -0.382885 -0.923416 -0.0264976
    outer loop
      vertex -4.02734 6.02734 10.4072
      vertex -4.02748 6.32597 0.00224666
      vertex -3.75665 5.70878 17.5973
    endloop
  endfacet
  facet normal -0.923687 0.382229 0.0264972
    outer loop
      vertex -4.02734 6.02734 10.4072
      vertex -3.12402 7.54206 20.0465
      vertex -4.17659 6.38767 0.00652409
    endloop
  endfacet
  facet normal -0.92369 0.382224 0.0264983
    outer loop
      vertex -3.8712 5.79366 19.2207
      vertex -3.12402 7.54206 20.0465
      vertex -4.02734 6.02734 10.4072
    endloop
  endfacet
  facet normal -0.92369 0.382223 0.0264993
    outer loop
      vertex -3.85747 5.77311 19.9957
      vertex -3.12402 7.54206 20.0465
      vertex -3.8712 5.79366 19.2207
    endloop
  endfacet
  facet normal 0.0143876 -0.0346293 0.999297
    outer loop
      vertex -3.12402 7.54206 20.0465
      vertex -2.87412 6.10781 19.9932
      vertex -2.57843 6.22489 19.993
    endloop
  endfacet
  facet normal 0.0143306 -0.0346392 0.999297
    outer loop
      vertex -3.85747 5.77311 19.9957
      vertex -2.87412 6.10781 19.9932
      vertex -3.12402 7.54206 20.0465
    endloop
  endfacet
  facet normal 0.0143386 -0.0346629 0.999296
    outer loop
      vertex -2.87412 6.10781 19.9932
      vertex -3.85747 5.77311 19.9957
      vertex -3.61661 5.69977 19.9897
    endloop
  endfacet
  facet normal 0.0158651 -0.0296609 0.999434
    outer loop
      vertex -3.61661 5.69977 19.9897
      vertex -3.85747 5.77311 19.9957
      vertex -3.61704 5.69954 19.9897
    endloop
  endfacet
  facet normal 0.0176721 -0.023766 0.999561
    outer loop
      vertex -3.61704 5.69954 19.9897
      vertex -3.85747 5.77311 19.9957
      vertex -3.61743 5.69925 19.9897
    endloop
  endfacet
  facet normal 0.0142579 -0.0348401 0.999291
    outer loop
      vertex -3.77319 5.64698 19.9901
      vertex -3.61743 5.69925 19.9897
      vertex -3.85747 5.77311 19.9957
    endloop
  endfacet
  facet normal 0.0139982 -0.034066 0.999322
    outer loop
      vertex -3.61743 5.69925 19.9897
      vertex -3.77319 5.64698 19.9901
      vertex -3.71984 5.6249 19.9886
    endloop
  endfacet
  facet normal 0.923681 -0.382246 -0.0264993
    outer loop
      vertex -1.56347 7.47007 0.00652409
      vertex -1.56392 7.14638 4.65998
      vertex -1.6053 7.2483 1.74744
    endloop
  endfacet
  facet normal 0.923685 -0.382236 -0.0264987
    outer loop
      vertex -1.56347 7.47007 0.00652409
      vertex -1.41421 7.10973 10.4072
      vertex -1.56392 7.14638 4.65998
    endloop
  endfacet
  facet normal 0.923682 -0.382242 -0.0264982
    outer loop
      vertex -1.34614 6.61 19.9887
      vertex -1.41421 7.10973 10.4072
      vertex -1.32497 6.66106 19.9901
    endloop
  endfacet
  facet normal 0.923679 -0.38225 -0.0264986
    outer loop
      vertex -1.41421 7.10973 10.4072
      vertex -1.34614 6.61 19.9887
      vertex -1.56392 7.14638 4.65998
    endloop
  endfacet
  facet normal -0.382767 -0.923465 -0.026507
    outer loop
      vertex -3.80274 5.6912 18.8759
      vertex -3.71984 5.6249 19.9886
      vertex -3.77319 5.64697 19.9901
    endloop
  endfacet
  facet normal -0.382827 -0.92344 -0.0265011
    outer loop
      vertex -3.71984 5.6249 19.9886
      vertex -3.80274 5.6912 18.8759
      vertex -3.74782 5.68867 18.1707
    endloop
  endfacet
  facet normal 0.0281051 -0 0.999605
    outer loop
      vertex -3.77319 5.64697 19.9901
      vertex -3.71984 5.6249 19.9886
      vertex -3.77319 5.64698 19.9901
    endloop
  endfacet
  facet normal -0.923691 0.38222 0.026498
    outer loop
      vertex -3.41085 8.23452 0.0595198
      vertex -4.17659 6.38767 0.00652409
      vertex -3.12402 7.54206 20.0465
    endloop
  endfacet
  facet normal -0.0143406 0.0346209 -0.999298
    outer loop
      vertex -1.56347 7.47007 0.00652409
      vertex -4.17659 6.38767 0.00652409
      vertex -3.41085 8.23452 0.0595198
    endloop
  endfacet
  facet normal -0.0143402 0.0346196 -0.999298
    outer loop
      vertex -2.31756 7.13272 0.00565833
      vertex -1.56347 7.47007 0.00652409
      vertex -1.63009 7.30938 0.00191317
    endloop
  endfacet
  facet normal -0.0143369 0.0346124 -0.999298
    outer loop
      vertex -3.193 6.78609 0.00621215
      vertex -1.56347 7.47007 0.00652409
      vertex -2.31756 7.13272 0.00565833
    endloop
  endfacet
  facet normal -0.106943 0.255221 -0.96095
    outer loop
      vertex -3.19324 6.78599 0.0062123
      vertex -1.56347 7.47007 0.00652409
      vertex -3.193 6.78609 0.00621215
    endloop
  endfacet
  facet normal -0.0143404 0.0346204 -0.999298
    outer loop
      vertex -4.17659 6.38767 0.00652409
      vertex -3.19348 6.78586 0.00621122
      vertex -4.01865 6.33238 0.00234207
    endloop
  endfacet
  facet normal -0.0143386 0.0346161 -0.999298
    outer loop
      vertex -3.19324 6.78599 0.0062123
      vertex -4.17659 6.38767 0.00652409
      vertex -1.56347 7.47007 0.00652409
    endloop
  endfacet
  facet normal -0.0145904 0.0352378 -0.999272
    outer loop
      vertex -3.19348 6.78586 0.00621122
      vertex -4.17659 6.38767 0.00652409
      vertex -3.19324 6.78599 0.0062123
    endloop
  endfacet
  facet normal -0.0143385 0.0346259 -0.999297
    outer loop
      vertex -4.17659 6.38767 0.00652409
      vertex -4.01865 6.33238 0.00234207
      vertex -4.02748 6.32597 0.00224666
    endloop
  endfacet
  facet normal 0.923702 -0.382195 -0.0264923
    outer loop
      vertex -1.6053 7.2483 1.74744
      vertex -1.63009 7.30938 0.00191317
      vertex -1.56347 7.47007 0.00652409
    endloop
  endfacet
  facet normal 0.382876 0.92342 0.0264981
    outer loop
      vertex -1.41421 7.10973 10.4072
      vertex -3.12402 7.54206 20.0465
      vertex -1.35456 6.80985 19.9957
    endloop
  endfacet
  facet normal 0.382875 0.92342 0.0264978
    outer loop
      vertex -1.41421 7.10973 10.4072
      vertex -3.41085 8.23452 0.0595198
      vertex -3.12402 7.54206 20.0465
    endloop
  endfacet
  facet normal 0.382874 0.923421 0.0264981
    outer loop
      vertex -3.41085 8.23452 0.0595198
      vertex -1.41421 7.10973 10.4072
      vertex -1.56347 7.47007 0.00652409
    endloop
  endfacet
  facet normal 0.0265185 -0.0264139 0.999299
    outer loop
      vertex -3.85747 5.77311 19.9957
      vertex -5.77244 5.77244 20.0465
      vertex -4.30279 5.20118 19.9924
    endloop
  endfacet
  facet normal 0.026459 -0.0265668 0.999297
    outer loop
      vertex -4.30279 5.20118 19.9924
      vertex -5.77244 5.77244 20.0465
      vertex -4.76609 4.76609 19.9931
    endloop
  endfacet
  facet normal -0.999922 0 0.012499
    outer loop
      vertex -3.77319 5.64698 19.9901
      vertex -3.77321 5.58613 19.9885
      vertex -3.77319 5.64697 19.9901
    endloop
  endfacet
  facet normal 0.0270618 -0.0262843 0.999288
    outer loop
      vertex -3.85747 5.77311 19.9957
      vertex -3.77321 5.58613 19.9885
      vertex -3.77319 5.64698 19.9901
    endloop
  endfacet
  facet normal 0.0266125 -0.0264871 0.999295
    outer loop
      vertex -3.77321 5.58613 19.9885
      vertex -3.85747 5.77311 19.9957
      vertex -4.30279 5.20118 19.9924
    endloop
  endfacet
  facet normal 0.00035325 0.999649 0.0265006
    outer loop
      vertex -3.8712 5.79366 19.2207
      vertex -5.77244 5.77244 20.0465
      vertex -3.85747 5.77311 19.9957
    endloop
  endfacet
  facet normal 0.000352187 0.999649 0.0264981
    outer loop
      vertex -5.77244 5.77244 20.0465
      vertex -3.8712 5.79366 19.2207
      vertex -6.30243 6.30243 0.0595198
    endloop
  endfacet
  facet normal -0.999649 -0.000352187 0.0264981
    outer loop
      vertex -5.79366 3.8712 19.2207
      vertex -5.77244 5.77244 20.0465
      vertex -6.30243 6.30243 0.0595198
    endloop
  endfacet
  facet normal -0.999649 -0.00035325 0.0265006
    outer loop
      vertex -5.77244 5.77244 20.0465
      vertex -5.79366 3.8712 19.2207
      vertex -5.77311 3.85747 19.9957
    endloop
  endfacet
  facet normal 0.0256857 -0.0260907 0.99933
    outer loop
      vertex -5.64698 3.77319 19.9901
      vertex -5.58471 3.77321 19.9885
      vertex -5.4614 3.96738 19.9904
    endloop
  endfacet
  facet normal 0.021867 -0.0138107 0.999665
    outer loop
      vertex -5.77311 3.85747 19.9957
      vertex -5.4614 3.96738 19.9904
      vertex -5.46116 3.96776 19.9904
    endloop
  endfacet
  facet normal 0.0266255 -0.0264714 0.999295
    outer loop
      vertex -5.77244 5.77244 20.0465
      vertex -5.46116 3.96776 19.9904
      vertex -4.92092 4.62062 19.9933
    endloop
  endfacet
  facet normal -0.224205 -0.209708 0.951711
    outer loop
      vertex -5.77244 5.77244 20.0465
      vertex -4.92092 4.62062 19.9933
      vertex -4.92072 4.62086 19.9934
    endloop
  endfacet
  facet normal 0 0.999922 0.012499
    outer loop
      vertex -5.58471 3.77321 19.9885
      vertex -5.64698 3.77319 19.9901
      vertex -5.64697 3.77319 19.9901
    endloop
  endfacet
  facet normal 0.0263489 -0.0266768 0.999297
    outer loop
      vertex -5.77244 5.77244 20.0465
      vertex -4.92049 4.62108 19.9933
      vertex -4.76609 4.76609 19.9931
    endloop
  endfacet
  facet normal 0.266849 0.153493 0.951437
    outer loop
      vertex -5.77244 5.77244 20.0465
      vertex -4.92072 4.62086 19.9934
      vertex -4.92049 4.62108 19.9933
    endloop
  endfacet
  facet normal 0.0263536 -0.0265185 0.999301
    outer loop
      vertex -5.46116 3.96776 19.9904
      vertex -5.77244 5.77244 20.0465
      vertex -5.77311 3.85747 19.9957
    endloop
  endfacet
  facet normal 0.0264471 -0.0268183 0.99929
    outer loop
      vertex -5.4614 3.96738 19.9904
      vertex -5.77311 3.85747 19.9957
      vertex -5.64698 3.77319 19.9901
    endloop
  endfacet
  facet normal 0.999649 0.00033942 -0.0264982
    outer loop
      vertex -4.30313 6.30313 0.00652409
      vertex -4.02734 6.02734 10.4072
      vertex -4.25593 6.07756 1.78426
    endloop
  endfacet
  facet normal 0.999649 0.000345313 -0.0264982
    outer loop
      vertex -4.02734 6.02734 10.4072
      vertex -3.90356 5.71883 15.0728
      vertex -4.25593 6.07756 1.78426
    endloop
  endfacet
  facet normal 0.999649 0.000346423 -0.0264981
    outer loop
      vertex -3.80274 5.6912 18.8759
      vertex -3.90356 5.71883 15.0728
      vertex -4.02734 6.02734 10.4072
    endloop
  endfacet
  facet normal 0.999649 0.000368224 -0.0264973
    outer loop
      vertex -3.77321 5.58613 19.9885
      vertex -3.80274 5.6912 18.8759
      vertex -3.77319 5.64697 19.9901
    endloop
  endfacet
  facet normal 0.999649 0.000361025 -0.026498
    outer loop
      vertex -3.80274 5.6912 18.8759
      vertex -3.77321 5.58613 19.9885
      vertex -3.90356 5.71883 15.0728
    endloop
  endfacet
  facet normal -0.000367793 -0.999649 -0.0264975
    outer loop
      vertex -6.02734 4.02734 10.4072
      vertex -6.30313 4.30313 0.00652409
      vertex -6.08743 4.25799 1.70649
    endloop
  endfacet
  facet normal -0.000359835 -0.999649 -0.0264977
    outer loop
      vertex -5.6912 3.80274 18.8759
      vertex -5.58471 3.77321 19.9885
      vertex -5.64697 3.77319 19.9901
    endloop
  endfacet
  facet normal -0.000366445 -0.999649 -0.026497
    outer loop
      vertex -5.6912 3.80274 18.8759
      vertex -5.70539 3.88958 15.5999
      vertex -5.58471 3.77321 19.9885
    endloop
  endfacet
  facet normal -0.000374673 -0.999649 -0.026497
    outer loop
      vertex -6.02734 4.02734 10.4072
      vertex -5.70539 3.88958 15.5999
      vertex -5.6912 3.80274 18.8759
    endloop
  endfacet
  facet normal -0.000366884 -0.999649 -0.0264975
    outer loop
      vertex -5.70539 3.88958 15.5999
      vertex -6.02734 4.02734 10.4072
      vertex -6.08743 4.25799 1.70649
    endloop
  endfacet
  facet normal -0.999649 -0.000352383 0.0264979
    outer loop
      vertex -6.02734 4.02734 10.4072
      vertex -6.30243 6.30243 0.0595198
      vertex -6.30313 4.30313 0.00652409
    endloop
  endfacet
  facet normal -0.999649 -0.000350271 0.0264984
    outer loop
      vertex -6.30243 6.30243 0.0595198
      vertex -6.02734 4.02734 10.4072
      vertex -5.79366 3.8712 19.2207
    endloop
  endfacet
  facet normal -0.000347158 -0.999649 -0.0265001
    outer loop
      vertex -6.08743 4.25799 1.70649
      vertex -6.30313 4.30313 0.00652409
      vertex -6.1343 4.30319 0.00204903
    endloop
  endfacet
  facet normal -0.0264978 0.0264978 -0.999298
    outer loop
      vertex -4.30313 6.30313 0.00652409
      vertex -6.30313 4.30313 0.00652409
      vertex -6.30243 6.30243 0.0595198
    endloop
  endfacet
  facet normal 0.000350271 0.999649 0.0264984
    outer loop
      vertex -4.02734 6.02734 10.4072
      vertex -6.30243 6.30243 0.0595198
      vertex -3.8712 5.79366 19.2207
    endloop
  endfacet
  facet normal 0.000352383 0.999649 0.0264979
    outer loop
      vertex -6.30243 6.30243 0.0595198
      vertex -4.02734 6.02734 10.4072
      vertex -4.30313 6.30313 0.00652409
    endloop
  endfacet
  facet normal -0.0264967 0.0264965 -0.999298
    outer loop
      vertex -4.78037 5.77883 0.00527639
      vertex -4.30313 6.30313 0.00652409
      vertex -4.30319 6.12568 0.00182057
    endloop
  endfacet
  facet normal -0.0262411 0.0262639 -0.999311
    outer loop
      vertex -4.78055 5.7787 0.0052777
      vertex -4.30313 6.30313 0.00652409
      vertex -4.78037 5.77883 0.00527639
    endloop
  endfacet
  facet normal -0.0266942 0.0266763 -0.999288
    outer loop
      vertex -4.78072 5.77854 0.00527797
      vertex -4.30313 6.30313 0.00652409
      vertex -4.78055 5.7787 0.0052777
    endloop
  endfacet
  facet normal -0.0264954 0.0264953 -0.999298
    outer loop
      vertex -5.46709 5.13394 0.00638551
      vertex -4.30313 6.30313 0.00652409
      vertex -4.78072 5.77854 0.00527797
    endloop
  endfacet
  facet normal -0.0260085 0.0254038 -0.999339
    outer loop
      vertex -6.30313 4.30313 0.00652409
      vertex -6.06745 4.40842 0.00306688
      vertex -6.06753 4.40832 0.00306642
    endloop
  endfacet
  facet normal -0.0264785 0.0264785 -0.999299
    outer loop
      vertex -5.46709 5.13394 0.00638551
      vertex -6.30313 4.30313 0.00652409
      vertex -4.30313 6.30313 0.00652409
    endloop
  endfacet
  facet normal -0.0264958 0.026496 -0.999298
    outer loop
      vertex -6.06745 4.40842 0.00306688
      vertex -6.30313 4.30313 0.00652409
      vertex -5.46709 5.13394 0.00638551
    endloop
  endfacet
  facet normal -0.0264971 0.0264995 -0.999298
    outer loop
      vertex -6.30313 4.30313 0.00652409
      vertex -6.06753 4.40832 0.00306642
      vertex -6.1343 4.30319 0.00204903
    endloop
  endfacet
  facet normal 0.999649 0.000364278 -0.0264951
    outer loop
      vertex -4.25593 6.07756 1.78426
      vertex -4.30319 6.12568 0.00182057
      vertex -4.30313 6.30313 0.00652409
    endloop
  endfacet
  facet normal 0.0349055 -0.0141599 0.99929
    outer loop
      vertex -5.77311 3.85747 19.9957
      vertex -5.6224 3.71381 19.9884
      vertex -5.64698 3.77319 19.9901
    endloop
  endfacet
  facet normal 0.034664 -0.0144135 0.999295
    outer loop
      vertex -5.77311 3.85747 19.9957
      vertex -5.91533 3.25198 19.9919
      vertex -5.6224 3.71381 19.9884
    endloop
  endfacet
  facet normal 0.0346746 -0.014416 0.999295
    outer loop
      vertex -7.54206 3.12402 20.0465
      vertex -5.91533 3.25198 19.9919
      vertex -5.77311 3.85747 19.9957
    endloop
  endfacet
  facet normal 0.0346594 -0.014222 0.999298
    outer loop
      vertex -5.91533 3.25198 19.9919
      vertex -7.54206 3.12402 20.0465
      vertex -6.23103 2.58098 19.9933
    endloop
  endfacet
  facet normal -0.382223 0.92369 0.0264993
    outer loop
      vertex -5.79366 3.8712 19.2207
      vertex -7.54206 3.12402 20.0465
      vertex -5.77311 3.85747 19.9957
    endloop
  endfacet
  facet normal -0.382224 0.92369 0.0264983
    outer loop
      vertex -6.02734 4.02734 10.4072
      vertex -7.54206 3.12402 20.0465
      vertex -5.79366 3.8712 19.2207
    endloop
  endfacet
  facet normal -0.382229 0.923687 0.0264972
    outer loop
      vertex -7.54206 3.12402 20.0465
      vertex -6.02734 4.02734 10.4072
      vertex -6.38767 4.17659 0.00652409
    endloop
  endfacet
  facet normal -0.38222 0.923691 0.026498
    outer loop
      vertex -6.38767 4.17659 0.00652409
      vertex -8.23452 3.41085 0.0595198
      vertex -7.54206 3.12402 20.0465
    endloop
  endfacet
  facet normal 0.034625 -0.0142216 0.999299
    outer loop
      vertex -6.80985 1.35456 19.9957
      vertex -6.60111 1.34983 19.9884
      vertex -6.53834 1.67832 19.9909
    endloop
  endfacet
  facet normal 0.349045 -0.279453 0.894468
    outer loop
      vertex -6.80985 1.35456 19.9957
      vertex -6.53834 1.67832 19.9909
      vertex -6.53826 1.67874 19.991
    endloop
  endfacet
  facet normal 0.0278315 -0.00882463 0.999574
    outer loop
      vertex -6.80985 1.35456 19.9957
      vertex -6.53826 1.67874 19.991
      vertex -6.53813 1.67915 19.991
    endloop
  endfacet
  facet normal 0.0347187 -0.0142613 0.999295
    outer loop
      vertex -7.54206 3.12402 20.0465
      vertex -6.53813 1.67915 19.991
      vertex -6.27622 2.48493 19.9934
    endloop
  endfacet
  facet normal 0.0346043 -0.0151143 0.999287
    outer loop
      vertex -6.60111 1.34983 19.9884
      vertex -6.80985 1.35456 19.9957
      vertex -6.66106 1.32497 19.9901
    endloop
  endfacet
  facet normal 0.0339589 -0.0157666 0.999299
    outer loop
      vertex -7.54206 3.12402 20.0465
      vertex -6.27622 2.48493 19.9934
      vertex -6.27609 2.48521 19.9934
    endloop
  endfacet
  facet normal 0.0342982 -0.015094 0.999298
    outer loop
      vertex -7.54206 3.12402 20.0465
      vertex -6.27609 2.48521 19.9934
      vertex -6.23103 2.58098 19.9933
    endloop
  endfacet
  facet normal 0.0345017 -0.0144123 0.999301
    outer loop
      vertex -6.53813 1.67915 19.991
      vertex -7.54206 3.12402 20.0465
      vertex -6.80985 1.35456 19.9957
    endloop
  endfacet
  facet normal 0.92343 0.382851 -0.0265033
    outer loop
      vertex -5.6224 3.71381 19.9884
      vertex -5.6912 3.80274 18.8759
      vertex -5.64697 3.77319 19.9901
    endloop
  endfacet
  facet normal 0.923419 0.382878 -0.0265006
    outer loop
      vertex -5.6912 3.80274 18.8759
      vertex -5.6224 3.71381 19.9884
      vertex -5.6884 3.742 18.0959
    endloop
  endfacet
  facet normal 0 -0.0286174 0.99959
    outer loop
      vertex -5.6224 3.71381 19.9884
      vertex -5.64697 3.77319 19.9901
      vertex -5.64698 3.77319 19.9901
    endloop
  endfacet
  facet normal 0.382205 -0.923697 -0.0264961
    outer loop
      vertex -7.2469 1.60556 1.75842
      vertex -7.47007 1.56347 0.00652409
      vertex -7.30912 1.6302 0.00190589
    endloop
  endfacet
  facet normal 0.382221 -0.923691 -0.0264982
    outer loop
      vertex -7.10973 1.41421 10.4072
      vertex -7.47007 1.56347 0.00652409
      vertex -7.2469 1.60556 1.75842
    endloop
  endfacet
  facet normal 0.382275 -0.923669 -0.0264991
    outer loop
      vertex -6.66106 1.32497 19.9901
      vertex -6.82939 1.44023 13.5442
      vertex -6.60111 1.34983 19.9884
    endloop
  endfacet
  facet normal 0.382251 -0.923678 -0.0264986
    outer loop
      vertex -7.10973 1.41421 10.4072
      vertex -6.82939 1.44023 13.5442
      vertex -6.66106 1.32497 19.9901
    endloop
  endfacet
  facet normal 0.382249 -0.923679 -0.0264984
    outer loop
      vertex -6.82939 1.44023 13.5442
      vertex -7.10973 1.41421 10.4072
      vertex -7.2469 1.60556 1.75842
    endloop
  endfacet
  facet normal -0.0346209 0.0143406 -0.999298
    outer loop
      vertex -7.47007 1.56347 0.00652409
      vertex -8.23452 3.41085 0.0595198
      vertex -6.38767 4.17659 0.00652409
    endloop
  endfacet
  facet normal -0.923421 -0.382874 0.0264981
    outer loop
      vertex -7.10973 1.41421 10.4072
      vertex -8.23452 3.41085 0.0595198
      vertex -7.47007 1.56347 0.00652409
    endloop
  endfacet
  facet normal -0.92342 -0.382875 0.0264978
    outer loop
      vertex -8.23452 3.41085 0.0595198
      vertex -7.10973 1.41421 10.4072
      vertex -7.54206 3.12402 20.0465
    endloop
  endfacet
  facet normal -0.92342 -0.382876 0.0264981
    outer loop
      vertex -7.54206 3.12402 20.0465
      vertex -7.10973 1.41421 10.4072
      vertex -6.80985 1.35456 19.9957
    endloop
  endfacet
  facet normal -0.0346209 0.0143407 -0.999298
    outer loop
      vertex -6.57203 3.61324 0.00482675
      vertex -6.38767 4.17659 0.00652409
      vertex -6.31938 4.01156 0.00178985
    endloop
  endfacet
  facet normal -0.0336785 0.0140325 -0.999334
    outer loop
      vertex -6.57214 3.61307 0.00482807
      vertex -6.38767 4.17659 0.00652409
      vertex -6.57203 3.61324 0.00482675
    endloop
  endfacet
  facet normal -0.0334939 0.013972 -0.999341
    outer loop
      vertex -6.57223 3.61288 0.00482843
      vertex -6.38767 4.17659 0.00652409
      vertex -6.57214 3.61307 0.00482807
    endloop
  endfacet
  facet normal -0.0346238 0.0143418 -0.999298
    outer loop
      vertex -6.9731 2.76084 0.00648942
      vertex -6.38767 4.17659 0.00652409
      vertex -6.57223 3.61288 0.00482843
    endloop
  endfacet
  facet normal -0.0347008 0.0143737 -0.999294
    outer loop
      vertex -6.9731 2.76084 0.00648942
      vertex -7.47007 1.56347 0.00652409
      vertex -6.38767 4.17659 0.00652409
    endloop
  endfacet
  facet normal -0.0292734 0.012121 -0.999498
    outer loop
      vertex -6.97318 2.76058 0.00648861
      vertex -7.47007 1.56347 0.00652409
      vertex -6.9731 2.76084 0.00648942
    endloop
  endfacet
  facet normal -0.0346207 0.0143406 -0.999298
    outer loop
      vertex -7.26424 1.86514 0.00372226
      vertex -7.47007 1.56347 0.00652409
      vertex -6.97318 2.76058 0.00648861
    endloop
  endfacet
  facet normal -0.0346181 0.0143388 -0.999298
    outer loop
      vertex -7.47007 1.56347 0.00652409
      vertex -7.26424 1.86514 0.00372226
      vertex -7.30912 1.6302 0.00190589
    endloop
  endfacet
  facet normal 0.92342 0.382875 -0.0264975
    outer loop
      vertex -6.02734 4.02734 10.4072
      vertex -6.31938 4.01156 0.00178985
      vertex -6.38767 4.17659 0.00652409
    endloop
  endfacet
  facet normal 0.923425 0.382862 -0.0264976
    outer loop
      vertex -6.02734 4.02734 10.4072
      vertex -5.89347 3.82961 12.2155
      vertex -6.31938 4.01156 0.00178985
    endloop
  endfacet
  facet normal 0.92343 0.382851 -0.0264992
    outer loop
      vertex -5.6912 3.80274 18.8759
      vertex -5.89347 3.82961 12.2155
      vertex -6.02734 4.02734 10.4072
    endloop
  endfacet
  facet normal 0.923427 0.382859 -0.026499
    outer loop
      vertex -5.89347 3.82961 12.2155
      vertex -5.6912 3.80274 18.8759
      vertex -5.6884 3.742 18.0959
    endloop
  endfacet
  facet normal 0.706677 -0.707039 -0.0265023
    outer loop
      vertex -7.10973 -1.41421 10.4072
      vertex -6.6147 -1.27857 19.9884
      vertex -6.66106 -1.32497 19.9901
    endloop
  endfacet
  facet normal 0.706586 -0.707131 -0.0264963
    outer loop
      vertex -7.10973 -1.41421 10.4072
      vertex -7.02041 -1.28396 9.31303
      vertex -6.6147 -1.27857 19.9884
    endloop
  endfacet
  facet normal 0.70658 -0.707137 -0.0264976
    outer loop
      vertex -7.10973 -1.41421 10.4072
      vertex -7.30636 -1.28775 1.78908
      vertex -7.02041 -1.28396 9.31303
    endloop
  endfacet
  facet normal 0.706621 -0.707096 -0.0264979
    outer loop
      vertex -7.30636 -1.28775 1.78908
      vertex -7.10973 -1.41421 10.4072
      vertex -7.49975 -1.41421 0.00652409
    endloop
  endfacet
  facet normal -0.706609 -0.707108 0.0264981
    outer loop
      vertex -8.16346 0 20.0465
      vertex -7.10973 -1.41421 10.4072
      vertex -6.80985 -1.35456 19.9957
    endloop
  endfacet
  facet normal -0.706609 -0.707108 0.0264981
    outer loop
      vertex -8.91298 0 0.0595198
      vertex -7.10973 -1.41421 10.4072
      vertex -8.16346 0 20.0465
    endloop
  endfacet
  facet normal -0.706607 -0.70711 0.0264974
    outer loop
      vertex -7.10973 -1.41421 10.4072
      vertex -8.91298 0 0.0595198
      vertex -7.49975 -1.41421 0.00652409
    endloop
  endfacet
  facet normal 0.0378497 0.00120538 0.999283
    outer loop
      vertex -6.80985 1.35456 19.9957
      vertex -6.6147 1.27857 19.9884
      vertex -6.66106 1.32497 19.9901
    endloop
  endfacet
  facet normal 0.0374764 8.39438e-06 0.999298
    outer loop
      vertex -6.69709 0.846039 19.9915
      vertex -8.16346 0 20.0465
      vertex -6.75023 0.000306709 19.9935
    endloop
  endfacet
  facet normal 0.0374518 5.11436e-05 0.999298
    outer loop
      vertex -8.16346 0 20.0465
      vertex -6.69709 0.846039 19.9915
      vertex -6.80985 1.35456 19.9957
    endloop
  endfacet
  facet normal 0.0373961 3.87732e-05 0.999301
    outer loop
      vertex -6.6147 1.27857 19.9884
      vertex -6.80985 1.35456 19.9957
      vertex -6.69709 0.846039 19.9915
    endloop
  endfacet
  facet normal 0.0373961 -3.87732e-05 0.999301
    outer loop
      vertex -6.80985 -1.35456 19.9957
      vertex -6.6147 -1.27857 19.9884
      vertex -6.69709 -0.846039 19.9915
    endloop
  endfacet
  facet normal 0.0378497 -0.00120538 0.999283
    outer loop
      vertex -6.6147 -1.27857 19.9884
      vertex -6.80985 -1.35456 19.9957
      vertex -6.66106 -1.32497 19.9901
    endloop
  endfacet
  facet normal 0.0374764 -8.39438e-06 0.999298
    outer loop
      vertex -8.16346 0 20.0465
      vertex -6.69709 -0.846039 19.9915
      vertex -6.75023 -0.000306709 19.9935
    endloop
  endfacet
  facet normal 0.0374766 0.0012219 0.999297
    outer loop
      vertex -8.16346 0 20.0465
      vertex -6.75023 -0.000306709 19.9935
      vertex -6.75024 0 19.9935
    endloop
  endfacet
  facet normal 0.0374766 -0.0012219 0.999297
    outer loop
      vertex -6.75023 0.000306709 19.9935
      vertex -8.16346 0 20.0465
      vertex -6.75024 0 19.9935
    endloop
  endfacet
  facet normal 0.0374518 -5.11436e-05 0.999298
    outer loop
      vertex -6.69709 -0.846039 19.9915
      vertex -8.16346 0 20.0465
      vertex -6.80985 -1.35456 19.9957
    endloop
  endfacet
  facet normal -0.0374734 0 -0.999298
    outer loop
      vertex -8.91298 0 0.0595198
      vertex -7.49975 -7.01062e-06 0.00652409
      vertex -7.49975 -1.41421 0.00652409
    endloop
  endfacet
  facet normal -0.037423 -0.051957 -0.997948
    outer loop
      vertex -7.49975 -7.01062e-06 0.00652409
      vertex -8.91298 0 0.0595198
      vertex -7.49976 0 0.0065241
    endloop
  endfacet
  facet normal -0.037423 0.051957 -0.997948
    outer loop
      vertex -8.91298 0 0.0595198
      vertex -7.49975 7.01062e-06 0.00652409
      vertex -7.49976 0 0.0065241
    endloop
  endfacet
  facet normal -0.0374734 0 -0.999298
    outer loop
      vertex -7.49975 7.01062e-06 0.00652409
      vertex -8.91298 0 0.0595198
      vertex -7.49975 1.41421 0.00652409
    endloop
  endfacet
  facet normal 0.706677 0.707039 -0.0265023
    outer loop
      vertex -6.6147 1.27857 19.9884
      vertex -7.10973 1.41421 10.4072
      vertex -6.66106 1.32497 19.9901
    endloop
  endfacet
  facet normal 0.706586 0.707131 -0.0264963
    outer loop
      vertex -7.02041 1.28396 9.31303
      vertex -7.10973 1.41421 10.4072
      vertex -6.6147 1.27857 19.9884
    endloop
  endfacet
  facet normal 0.70658 0.707137 -0.0264976
    outer loop
      vertex -7.30636 1.28775 1.78908
      vertex -7.10973 1.41421 10.4072
      vertex -7.02041 1.28396 9.31303
    endloop
  endfacet
  facet normal 0.706621 0.707096 -0.0264979
    outer loop
      vertex -7.10973 1.41421 10.4072
      vertex -7.30636 1.28775 1.78908
      vertex -7.49975 1.41421 0.00652409
    endloop
  endfacet
  facet normal -0.0374733 -7.19643e-07 -0.999298
    outer loop
      vertex -7.49975 -1.41421 0.00652409
      vertex -7.44067 -0.940158 0.00430827
      vertex -7.37428 -1.28865 0.00181892
    endloop
  endfacet
  facet normal -0.0404254 0.000367732 -0.999182
    outer loop
      vertex -7.44067 -0.940158 0.00430827
      vertex -7.49975 -1.41421 0.00652409
      vertex -7.4407 -0.939978 0.00430955
    endloop
  endfacet
  facet normal -0.0391558 0.000209408 -0.999233
    outer loop
      vertex -7.49975 -1.41421 0.00652409
      vertex -7.44071 -0.939796 0.00430998
      vertex -7.4407 -0.939978 0.00430955
    endloop
  endfacet
  facet normal -0.0374755 0 -0.999298
    outer loop
      vertex -7.44071 -0.939796 0.00430998
      vertex -7.49975 -1.41421 0.00652409
      vertex -7.49975 -7.01062e-06 0.00652409
    endloop
  endfacet
  facet normal -0.0404254 -0.000367732 -0.999182
    outer loop
      vertex -7.49975 1.41421 0.00652409
      vertex -7.44067 0.940158 0.00430827
      vertex -7.4407 0.939978 0.00430955
    endloop
  endfacet
  facet normal -0.0374755 -0 -0.999298
    outer loop
      vertex -7.49975 1.41421 0.00652409
      vertex -7.44071 0.939796 0.00430998
      vertex -7.49975 7.01062e-06 0.00652409
    endloop
  endfacet
  facet normal -0.0374733 7.19643e-07 -0.999298
    outer loop
      vertex -7.44067 0.940158 0.00430827
      vertex -7.49975 1.41421 0.00652409
      vertex -7.37428 1.28865 0.00181892
    endloop
  endfacet
  facet normal -0.0391558 -0.000209408 -0.999233
    outer loop
      vertex -7.44071 0.939796 0.00430998
      vertex -7.49975 1.41421 0.00652409
      vertex -7.4407 0.939978 0.00430955
    endloop
  endfacet
  facet normal -0.706609 0.707108 0.0264981
    outer loop
      vertex -7.10973 1.41421 10.4072
      vertex -8.16346 0 20.0465
      vertex -6.80985 1.35456 19.9957
    endloop
  endfacet
  facet normal -0.706609 0.707108 0.0264981
    outer loop
      vertex -7.10973 1.41421 10.4072
      vertex -8.91298 0 0.0595198
      vertex -8.16346 0 20.0465
    endloop
  endfacet
  facet normal -0.706607 0.70711 0.0264974
    outer loop
      vertex -8.91298 0 0.0595198
      vertex -7.10973 1.41421 10.4072
      vertex -7.49975 1.41421 0.00652409
    endloop
  endfacet
  facet normal 0.706615 0.707102 -0.0264969
    outer loop
      vertex -7.37428 1.28865 0.00181892
      vertex -7.49975 1.41421 0.00652409
      vertex -7.30636 1.28775 1.78908
    endloop
  endfacet
  facet normal 0.706615 -0.707102 -0.0264969
    outer loop
      vertex -7.30636 -1.28775 1.78908
      vertex -7.49975 -1.41421 0.00652409
      vertex -7.37428 -1.28865 0.00181892
    endloop
  endfacet
  facet normal 0.0346043 0.0151143 0.999287
    outer loop
      vertex -6.80985 -1.35456 19.9957
      vertex -6.60111 -1.34983 19.9884
      vertex -6.66106 -1.32497 19.9901
    endloop
  endfacet
  facet normal 0.034625 0.0142216 0.999299
    outer loop
      vertex -6.60111 -1.34983 19.9884
      vertex -6.80985 -1.35456 19.9957
      vertex -6.53834 -1.67832 19.9909
    endloop
  endfacet
  facet normal 0.349045 0.279453 0.894468
    outer loop
      vertex -6.53834 -1.67832 19.9909
      vertex -6.80985 -1.35456 19.9957
      vertex -6.53826 -1.67874 19.991
    endloop
  endfacet
  facet normal 0.0278315 0.00882463 0.999574
    outer loop
      vertex -6.53826 -1.67874 19.991
      vertex -6.80985 -1.35456 19.9957
      vertex -6.53813 -1.67915 19.991
    endloop
  endfacet
  facet normal 0.0345017 0.0144123 0.999301
    outer loop
      vertex -7.54206 -3.12402 20.0465
      vertex -6.53813 -1.67915 19.991
      vertex -6.80985 -1.35456 19.9957
    endloop
  endfacet
  facet normal 0.0347187 0.0142613 0.999295
    outer loop
      vertex -6.53813 -1.67915 19.991
      vertex -7.54206 -3.12402 20.0465
      vertex -6.27622 -2.48493 19.9934
    endloop
  endfacet
  facet normal 0.0339589 0.0157666 0.999299
    outer loop
      vertex -6.27622 -2.48493 19.9934
      vertex -7.54206 -3.12402 20.0465
      vertex -6.27609 -2.48521 19.9934
    endloop
  endfacet
  facet normal 0.0342982 0.015094 0.999298
    outer loop
      vertex -6.27609 -2.48521 19.9934
      vertex -7.54206 -3.12402 20.0465
      vertex -6.23103 -2.58098 19.9933
    endloop
  endfacet
  facet normal 0.923427 -0.382859 -0.026499
    outer loop
      vertex -5.6912 -3.80274 18.8759
      vertex -5.89347 -3.82961 12.2155
      vertex -5.6884 -3.742 18.0959
    endloop
  endfacet
  facet normal 0.92343 -0.382851 -0.0264992
    outer loop
      vertex -6.02734 -4.02734 10.4072
      vertex -5.89347 -3.82961 12.2155
      vertex -5.6912 -3.80274 18.8759
    endloop
  endfacet
  facet normal 0.923425 -0.382862 -0.0264976
    outer loop
      vertex -5.89347 -3.82961 12.2155
      vertex -6.02734 -4.02734 10.4072
      vertex -6.31938 -4.01156 0.00178985
    endloop
  endfacet
  facet normal 0.92342 -0.382875 -0.0264975
    outer loop
      vertex -6.31938 -4.01156 0.00178985
      vertex -6.02734 -4.02734 10.4072
      vertex -6.38767 -4.17659 0.00652409
    endloop
  endfacet
  facet normal -0.382223 -0.92369 0.0264993
    outer loop
      vertex -7.54206 -3.12402 20.0465
      vertex -5.79366 -3.8712 19.2207
      vertex -5.77311 -3.85747 19.9957
    endloop
  endfacet
  facet normal -0.382224 -0.92369 0.0264983
    outer loop
      vertex -7.54206 -3.12402 20.0465
      vertex -6.02734 -4.02734 10.4072
      vertex -5.79366 -3.8712 19.2207
    endloop
  endfacet
  facet normal -0.382229 -0.923687 0.0264972
    outer loop
      vertex -6.02734 -4.02734 10.4072
      vertex -7.54206 -3.12402 20.0465
      vertex -6.38767 -4.17659 0.00652409
    endloop
  endfacet
  facet normal 0.0349055 0.0141599 0.99929
    outer loop
      vertex -5.6224 -3.71381 19.9884
      vertex -5.77311 -3.85747 19.9957
      vertex -5.64698 -3.77319 19.9901
    endloop
  endfacet
  facet normal 0.034664 0.0144135 0.999295
    outer loop
      vertex -5.91533 -3.25198 19.9919
      vertex -5.77311 -3.85747 19.9957
      vertex -5.6224 -3.71381 19.9884
    endloop
  endfacet
  facet normal 0.0346594 0.014222 0.999298
    outer loop
      vertex -7.54206 -3.12402 20.0465
      vertex -5.91533 -3.25198 19.9919
      vertex -6.23103 -2.58098 19.9933
    endloop
  endfacet
  facet normal 0.0346746 0.014416 0.999295
    outer loop
      vertex -5.91533 -3.25198 19.9919
      vertex -7.54206 -3.12402 20.0465
      vertex -5.77311 -3.85747 19.9957
    endloop
  endfacet
  facet normal 0.382275 0.923669 -0.0264991
    outer loop
      vertex -6.82939 -1.44023 13.5442
      vertex -6.66106 -1.32497 19.9901
      vertex -6.60111 -1.34983 19.9884
    endloop
  endfacet
  facet normal 0.382251 0.923678 -0.0264986
    outer loop
      vertex -6.82939 -1.44023 13.5442
      vertex -7.10973 -1.41421 10.4072
      vertex -6.66106 -1.32497 19.9901
    endloop
  endfacet
  facet normal 0.382249 0.923679 -0.0264984
    outer loop
      vertex -7.10973 -1.41421 10.4072
      vertex -6.82939 -1.44023 13.5442
      vertex -7.2469 -1.60556 1.75842
    endloop
  endfacet
  facet normal 0.382221 0.923691 -0.0264982
    outer loop
      vertex -7.47007 -1.56347 0.00652409
      vertex -7.10973 -1.41421 10.4072
      vertex -7.2469 -1.60556 1.75842
    endloop
  endfacet
  facet normal 0.92343 -0.382851 -0.0265033
    outer loop
      vertex -5.6912 -3.80274 18.8759
      vertex -5.6224 -3.71381 19.9884
      vertex -5.64697 -3.77319 19.9901
    endloop
  endfacet
  facet normal 0.923419 -0.382878 -0.0265006
    outer loop
      vertex -5.6224 -3.71381 19.9884
      vertex -5.6912 -3.80274 18.8759
      vertex -5.6884 -3.742 18.0959
    endloop
  endfacet
  facet normal 0 0.0286174 0.99959
    outer loop
      vertex -5.6224 -3.71381 19.9884
      vertex -5.64698 -3.77319 19.9901
      vertex -5.64697 -3.77319 19.9901
    endloop
  endfacet
  facet normal -0.38222 -0.923691 0.026498
    outer loop
      vertex -7.54206 -3.12402 20.0465
      vertex -8.23452 -3.41085 0.0595198
      vertex -6.38767 -4.17659 0.00652409
    endloop
  endfacet
  facet normal -0.0346209 -0.0143406 -0.999298
    outer loop
      vertex -6.38767 -4.17659 0.00652409
      vertex -8.23452 -3.41085 0.0595198
      vertex -7.47007 -1.56347 0.00652409
    endloop
  endfacet
  facet normal -0.0346209 -0.0143407 -0.999298
    outer loop
      vertex -6.38767 -4.17659 0.00652409
      vertex -6.57203 -3.61324 0.00482675
      vertex -6.31938 -4.01156 0.00178985
    endloop
  endfacet
  facet normal -0.0336785 -0.0140325 -0.999334
    outer loop
      vertex -6.38767 -4.17659 0.00652409
      vertex -6.57214 -3.61307 0.00482807
      vertex -6.57203 -3.61324 0.00482675
    endloop
  endfacet
  facet normal -0.0334939 -0.013972 -0.999341
    outer loop
      vertex -6.38767 -4.17659 0.00652409
      vertex -6.57223 -3.61288 0.00482843
      vertex -6.57214 -3.61307 0.00482807
    endloop
  endfacet
  facet normal -0.0346238 -0.0143418 -0.999298
    outer loop
      vertex -6.38767 -4.17659 0.00652409
      vertex -6.9731 -2.76084 0.00648942
      vertex -6.57223 -3.61288 0.00482843
    endloop
  endfacet
  facet normal -0.0346181 -0.0143388 -0.999298
    outer loop
      vertex -7.26424 -1.86514 0.00372226
      vertex -7.47007 -1.56347 0.00652409
      vertex -7.30912 -1.6302 0.00190589
    endloop
  endfacet
  facet normal -0.0346207 -0.0143406 -0.999298
    outer loop
      vertex -6.97318 -2.76058 0.00648861
      vertex -7.47007 -1.56347 0.00652409
      vertex -7.26424 -1.86514 0.00372226
    endloop
  endfacet
  facet normal -0.0292734 -0.012121 -0.999498
    outer loop
      vertex -6.9731 -2.76084 0.00648942
      vertex -7.47007 -1.56347 0.00652409
      vertex -6.97318 -2.76058 0.00648861
    endloop
  endfacet
  facet normal -0.0347008 -0.0143737 -0.999294
    outer loop
      vertex -7.47007 -1.56347 0.00652409
      vertex -6.9731 -2.76084 0.00648942
      vertex -6.38767 -4.17659 0.00652409
    endloop
  endfacet
  facet normal 0.382205 0.923697 -0.0264961
    outer loop
      vertex -7.30912 -1.6302 0.00190589
      vertex -7.47007 -1.56347 0.00652409
      vertex -7.2469 -1.60556 1.75842
    endloop
  endfacet
  facet normal -0.923421 0.382874 0.0264981
    outer loop
      vertex -8.23452 -3.41085 0.0595198
      vertex -7.10973 -1.41421 10.4072
      vertex -7.47007 -1.56347 0.00652409
    endloop
  endfacet
  facet normal -0.92342 0.382875 0.0264978
    outer loop
      vertex -7.54206 -3.12402 20.0465
      vertex -7.10973 -1.41421 10.4072
      vertex -8.23452 -3.41085 0.0595198
    endloop
  endfacet
  facet normal -0.92342 0.382876 0.0264981
    outer loop
      vertex -7.10973 -1.41421 10.4072
      vertex -7.54206 -3.12402 20.0465
      vertex -6.80985 -1.35456 19.9957
    endloop
  endfacet
  facet normal 0 -0.999922 0.012499
    outer loop
      vertex -5.64698 -3.77319 19.9901
      vertex -5.58471 -3.77321 19.9885
      vertex -5.64697 -3.77319 19.9901
    endloop
  endfacet
  facet normal 0.0256857 0.0260907 0.99933
    outer loop
      vertex -5.58471 -3.77321 19.9885
      vertex -5.64698 -3.77319 19.9901
      vertex -5.4614 -3.96738 19.9904
    endloop
  endfacet
  facet normal 0.0264471 0.0268183 0.99929
    outer loop
      vertex -5.77311 -3.85747 19.9957
      vertex -5.4614 -3.96738 19.9904
      vertex -5.64698 -3.77319 19.9901
    endloop
  endfacet
  facet normal 0.021867 0.0138107 0.999665
    outer loop
      vertex -5.4614 -3.96738 19.9904
      vertex -5.77311 -3.85747 19.9957
      vertex -5.46116 -3.96776 19.9904
    endloop
  endfacet
  facet normal 0.0263536 0.0265185 0.999301
    outer loop
      vertex -5.77244 -5.77244 20.0465
      vertex -5.46116 -3.96776 19.9904
      vertex -5.77311 -3.85747 19.9957
    endloop
  endfacet
  facet normal 0.0263489 0.0266768 0.999297
    outer loop
      vertex -4.92049 -4.62108 19.9933
      vertex -5.77244 -5.77244 20.0465
      vertex -4.76609 -4.76609 19.9931
    endloop
  endfacet
  facet normal 0.266849 -0.153493 0.951437
    outer loop
      vertex -4.92072 -4.62086 19.9934
      vertex -5.77244 -5.77244 20.0465
      vertex -4.92049 -4.62108 19.9933
    endloop
  endfacet
  facet normal 0.0266255 0.0264714 0.999295
    outer loop
      vertex -5.46116 -3.96776 19.9904
      vertex -5.77244 -5.77244 20.0465
      vertex -4.92092 -4.62062 19.9933
    endloop
  endfacet
  facet normal -0.224205 0.209708 0.951711
    outer loop
      vertex -4.92092 -4.62062 19.9933
      vertex -5.77244 -5.77244 20.0465
      vertex -4.92072 -4.62086 19.9934
    endloop
  endfacet
  facet normal -0.999649 0.00035325 0.0265006
    outer loop
      vertex -5.79366 -3.8712 19.2207
      vertex -5.77244 -5.77244 20.0465
      vertex -5.77311 -3.85747 19.9957
    endloop
  endfacet
  facet normal -0.999649 0.000352187 0.0264981
    outer loop
      vertex -5.77244 -5.77244 20.0465
      vertex -5.79366 -3.8712 19.2207
      vertex -6.30243 -6.30243 0.0595198
    endloop
  endfacet
  facet normal 0.00035325 -0.999649 0.0265006
    outer loop
      vertex -5.77244 -5.77244 20.0465
      vertex -3.8712 -5.79366 19.2207
      vertex -3.85747 -5.77311 19.9957
    endloop
  endfacet
  facet normal 0.000352187 -0.999649 0.0264981
    outer loop
      vertex -3.8712 -5.79366 19.2207
      vertex -5.77244 -5.77244 20.0465
      vertex -6.30243 -6.30243 0.0595198
    endloop
  endfacet
  facet normal -0.999922 0 0.012499
    outer loop
      vertex -3.77321 -5.58613 19.9885
      vertex -3.77319 -5.64698 19.9901
      vertex -3.77319 -5.64697 19.9901
    endloop
  endfacet
  facet normal 0.0270618 0.0262843 0.999288
    outer loop
      vertex -3.77321 -5.58613 19.9885
      vertex -3.85747 -5.77311 19.9957
      vertex -3.77319 -5.64698 19.9901
    endloop
  endfacet
  facet normal 0.0266125 0.0264871 0.999295
    outer loop
      vertex -3.85747 -5.77311 19.9957
      vertex -3.77321 -5.58613 19.9885
      vertex -4.30279 -5.20118 19.9924
    endloop
  endfacet
  facet normal 0.0265185 0.0264139 0.999299
    outer loop
      vertex -5.77244 -5.77244 20.0465
      vertex -3.85747 -5.77311 19.9957
      vertex -4.30279 -5.20118 19.9924
    endloop
  endfacet
  facet normal 0.026459 0.0265668 0.999297
    outer loop
      vertex -5.77244 -5.77244 20.0465
      vertex -4.30279 -5.20118 19.9924
      vertex -4.76609 -4.76609 19.9931
    endloop
  endfacet
  facet normal -0.000359835 0.999649 -0.0264977
    outer loop
      vertex -5.58471 -3.77321 19.9885
      vertex -5.6912 -3.80274 18.8759
      vertex -5.64697 -3.77319 19.9901
    endloop
  endfacet
  facet normal -0.000366445 0.999649 -0.026497
    outer loop
      vertex -5.70539 -3.88958 15.5999
      vertex -5.6912 -3.80274 18.8759
      vertex -5.58471 -3.77321 19.9885
    endloop
  endfacet
  facet normal -0.000374673 0.999649 -0.026497
    outer loop
      vertex -5.70539 -3.88958 15.5999
      vertex -6.02734 -4.02734 10.4072
      vertex -5.6912 -3.80274 18.8759
    endloop
  endfacet
  facet normal -0.000366884 0.999649 -0.0264975
    outer loop
      vertex -6.02734 -4.02734 10.4072
      vertex -5.70539 -3.88958 15.5999
      vertex -6.08743 -4.25799 1.70649
    endloop
  endfacet
  facet normal -0.000367793 0.999649 -0.0264975
    outer loop
      vertex -6.30313 -4.30313 0.00652409
      vertex -6.02734 -4.02734 10.4072
      vertex -6.08743 -4.25799 1.70649
    endloop
  endfacet
  facet normal 0.999649 -0.00033942 -0.0264982
    outer loop
      vertex -4.02734 -6.02734 10.4072
      vertex -4.30313 -6.30313 0.00652409
      vertex -4.25593 -6.07756 1.78426
    endloop
  endfacet
  facet normal 0.999649 -0.000368224 -0.0264973
    outer loop
      vertex -3.80274 -5.6912 18.8759
      vertex -3.77321 -5.58613 19.9885
      vertex -3.77319 -5.64697 19.9901
    endloop
  endfacet
  facet normal 0.999649 -0.000361025 -0.026498
    outer loop
      vertex -3.80274 -5.6912 18.8759
      vertex -3.90356 -5.71883 15.0728
      vertex -3.77321 -5.58613 19.9885
    endloop
  endfacet
  facet normal 0.999649 -0.000346423 -0.0264981
    outer loop
      vertex -4.02734 -6.02734 10.4072
      vertex -3.90356 -5.71883 15.0728
      vertex -3.80274 -5.6912 18.8759
    endloop
  endfacet
  facet normal 0.999649 -0.000345313 -0.0264982
    outer loop
      vertex -3.90356 -5.71883 15.0728
      vertex -4.02734 -6.02734 10.4072
      vertex -4.25593 -6.07756 1.78426
    endloop
  endfacet
  facet normal 0.000350271 -0.999649 0.0264984
    outer loop
      vertex -6.30243 -6.30243 0.0595198
      vertex -4.02734 -6.02734 10.4072
      vertex -3.8712 -5.79366 19.2207
    endloop
  endfacet
  facet normal 0.000352383 -0.999649 0.0264979
    outer loop
      vertex -4.02734 -6.02734 10.4072
      vertex -6.30243 -6.30243 0.0595198
      vertex -4.30313 -6.30313 0.00652409
    endloop
  endfacet
  facet normal 0.999649 -0.000364278 -0.0264951
    outer loop
      vertex -4.30313 -6.30313 0.00652409
      vertex -4.30319 -6.12568 0.00182057
      vertex -4.25593 -6.07756 1.78426
    endloop
  endfacet
  facet normal -0.0264978 -0.0264978 -0.999298
    outer loop
      vertex -6.30243 -6.30243 0.0595198
      vertex -6.30313 -4.30313 0.00652409
      vertex -4.30313 -6.30313 0.00652409
    endloop
  endfacet
  facet normal -0.999649 0.000352383 0.0264979
    outer loop
      vertex -6.30243 -6.30243 0.0595198
      vertex -6.02734 -4.02734 10.4072
      vertex -6.30313 -4.30313 0.00652409
    endloop
  endfacet
  facet normal -0.999649 0.000350271 0.0264984
    outer loop
      vertex -6.02734 -4.02734 10.4072
      vertex -6.30243 -6.30243 0.0595198
      vertex -5.79366 -3.8712 19.2207
    endloop
  endfacet
  facet normal -0.0264967 -0.0264965 -0.999298
    outer loop
      vertex -4.30313 -6.30313 0.00652409
      vertex -4.78037 -5.77883 0.00527639
      vertex -4.30319 -6.12568 0.00182057
    endloop
  endfacet
  facet normal -0.0262411 -0.0262639 -0.999311
    outer loop
      vertex -4.30313 -6.30313 0.00652409
      vertex -4.78055 -5.7787 0.0052777
      vertex -4.78037 -5.77883 0.00527639
    endloop
  endfacet
  facet normal -0.0266942 -0.0266763 -0.999288
    outer loop
      vertex -4.30313 -6.30313 0.00652409
      vertex -4.78072 -5.77854 0.00527797
      vertex -4.78055 -5.7787 0.0052777
    endloop
  endfacet
  facet normal -0.0264954 -0.0264953 -0.999298
    outer loop
      vertex -4.30313 -6.30313 0.00652409
      vertex -5.46709 -5.13394 0.00638551
      vertex -4.78072 -5.77854 0.00527797
    endloop
  endfacet
  facet normal -0.0264958 -0.026496 -0.999298
    outer loop
      vertex -6.30313 -4.30313 0.00652409
      vertex -6.06745 -4.40842 0.00306688
      vertex -5.46709 -5.13394 0.00638551
    endloop
  endfacet
  facet normal -0.0264971 -0.0264995 -0.999298
    outer loop
      vertex -6.06753 -4.40832 0.00306642
      vertex -6.30313 -4.30313 0.00652409
      vertex -6.1343 -4.30319 0.00204903
    endloop
  endfacet
  facet normal -0.0260085 -0.0254038 -0.999339
    outer loop
      vertex -6.06745 -4.40842 0.00306688
      vertex -6.30313 -4.30313 0.00652409
      vertex -6.06753 -4.40832 0.00306642
    endloop
  endfacet
  facet normal -0.0264785 -0.0264785 -0.999299
    outer loop
      vertex -6.30313 -4.30313 0.00652409
      vertex -5.46709 -5.13394 0.00638551
      vertex -4.30313 -6.30313 0.00652409
    endloop
  endfacet
  facet normal -0.000347158 0.999649 -0.0265001
    outer loop
      vertex -6.1343 -4.30319 0.00204903
      vertex -6.30313 -4.30313 0.00652409
      vertex -6.08743 -4.25799 1.70649
    endloop
  endfacet
  facet normal 0.0143876 0.0346293 0.999297
    outer loop
      vertex -2.87412 -6.10781 19.9932
      vertex -3.12402 -7.54206 20.0465
      vertex -2.57843 -6.22489 19.993
    endloop
  endfacet
  facet normal 0.0143386 0.0346629 0.999296
    outer loop
      vertex -3.85747 -5.77311 19.9957
      vertex -2.87412 -6.10781 19.9932
      vertex -3.61661 -5.69977 19.9897
    endloop
  endfacet
  facet normal 0.0158651 0.0296609 0.999434
    outer loop
      vertex -3.85747 -5.77311 19.9957
      vertex -3.61661 -5.69977 19.9897
      vertex -3.61704 -5.69954 19.9897
    endloop
  endfacet
  facet normal 0.0176721 0.023766 0.999561
    outer loop
      vertex -3.85747 -5.77311 19.9957
      vertex -3.61704 -5.69954 19.9897
      vertex -3.61743 -5.69925 19.9897
    endloop
  endfacet
  facet normal 0.0139982 0.034066 0.999322
    outer loop
      vertex -3.77319 -5.64698 19.9901
      vertex -3.61743 -5.69925 19.9897
      vertex -3.71984 -5.6249 19.9886
    endloop
  endfacet
  facet normal 0.0142579 0.0348401 0.999291
    outer loop
      vertex -3.61743 -5.69925 19.9897
      vertex -3.77319 -5.64698 19.9901
      vertex -3.85747 -5.77311 19.9957
    endloop
  endfacet
  facet normal 0.0143306 0.0346392 0.999297
    outer loop
      vertex -2.87412 -6.10781 19.9932
      vertex -3.85747 -5.77311 19.9957
      vertex -3.12402 -7.54206 20.0465
    endloop
  endfacet
  facet normal -0.923687 -0.382229 0.0264972
    outer loop
      vertex -3.12402 -7.54206 20.0465
      vertex -4.02734 -6.02734 10.4072
      vertex -4.17659 -6.38767 0.00652409
    endloop
  endfacet
  facet normal -0.92369 -0.382224 0.0264983
    outer loop
      vertex -3.12402 -7.54206 20.0465
      vertex -3.8712 -5.79366 19.2207
      vertex -4.02734 -6.02734 10.4072
    endloop
  endfacet
  facet normal -0.92369 -0.382223 0.0264993
    outer loop
      vertex -3.8712 -5.79366 19.2207
      vertex -3.12402 -7.54206 20.0465
      vertex -3.85747 -5.77311 19.9957
    endloop
  endfacet
  facet normal -0.923691 -0.38222 0.026498
    outer loop
      vertex -3.12402 -7.54206 20.0465
      vertex -4.17659 -6.38767 0.00652409
      vertex -3.41085 -8.23452 0.0595198
    endloop
  endfacet
  facet normal 0.016644 0.0342996 0.999273
    outer loop
      vertex -1.34614 -6.61 19.9887
      vertex -1.35456 -6.80985 19.9957
      vertex -1.32497 -6.66106 19.9901
    endloop
  endfacet
  facet normal 0.0142455 0.0344018 0.999307
    outer loop
      vertex -1.35456 -6.80985 19.9957
      vertex -1.34614 -6.61 19.9887
      vertex -2.08562 -6.41998 19.9927
    endloop
  endfacet
  facet normal 0.0143627 0.0346214 0.999297
    outer loop
      vertex -3.12402 -7.54206 20.0465
      vertex -1.35456 -6.80985 19.9957
      vertex -2.08562 -6.41998 19.9927
    endloop
  endfacet
  facet normal 0.0104329 0.0382541 0.999214
    outer loop
      vertex -3.12402 -7.54206 20.0465
      vertex -2.08562 -6.41998 19.9927
      vertex -2.08595 -6.41989 19.9927
    endloop
  endfacet
  facet normal 0.0141466 0.0348225 0.999293
    outer loop
      vertex -3.12402 -7.54206 20.0465
      vertex -2.08595 -6.41989 19.9927
      vertex -2.08627 -6.41976 19.9927
    endloop
  endfacet
  facet normal 0.01433 0.0346531 0.999297
    outer loop
      vertex -3.12402 -7.54206 20.0465
      vertex -2.08627 -6.41976 19.9927
      vertex -2.57843 -6.22489 19.993
    endloop
  endfacet
  facet normal -0.382915 0.923404 -0.0264924
    outer loop
      vertex -3.71984 -5.6249 19.9886
      vertex -3.80274 -5.6912 18.8759
      vertex -3.77319 -5.64698 19.9901
    endloop
  endfacet
  facet normal -0.382827 0.92344 -0.0265011
    outer loop
      vertex -3.80274 -5.6912 18.8759
      vertex -3.71984 -5.6249 19.9886
      vertex -3.74782 -5.68867 18.1707
    endloop
  endfacet
  facet normal 0.999648 0 -0.0265119
    outer loop
      vertex -3.80274 -5.6912 18.8759
      vertex -3.77319 -5.64697 19.9901
      vertex -3.77319 -5.64698 19.9901
    endloop
  endfacet
  facet normal 0.923702 0.382195 -0.0264923
    outer loop
      vertex -1.56347 -7.47007 0.00652409
      vertex -1.63009 -7.30938 0.00191317
      vertex -1.6053 -7.2483 1.74744
    endloop
  endfacet
  facet normal 0.923685 0.382236 -0.0264987
    outer loop
      vertex -1.41421 -7.10973 10.4072
      vertex -1.56347 -7.47007 0.00652409
      vertex -1.56392 -7.14638 4.65998
    endloop
  endfacet
  facet normal 0.923681 0.382246 -0.0264993
    outer loop
      vertex -1.56392 -7.14638 4.65998
      vertex -1.56347 -7.47007 0.00652409
      vertex -1.6053 -7.2483 1.74744
    endloop
  endfacet
  facet normal 0.923682 0.382242 -0.0264982
    outer loop
      vertex -1.41421 -7.10973 10.4072
      vertex -1.34614 -6.61 19.9887
      vertex -1.32497 -6.66106 19.9901
    endloop
  endfacet
  facet normal 0.923679 0.38225 -0.0264986
    outer loop
      vertex -1.34614 -6.61 19.9887
      vertex -1.41421 -7.10973 10.4072
      vertex -1.56392 -7.14638 4.65998
    endloop
  endfacet
  facet normal -0.0143406 -0.0346209 -0.999298
    outer loop
      vertex -3.41085 -8.23452 0.0595198
      vertex -4.17659 -6.38767 0.00652409
      vertex -1.56347 -7.47007 0.00652409
    endloop
  endfacet
  facet normal 0.382876 -0.92342 0.0264981
    outer loop
      vertex -3.12402 -7.54206 20.0465
      vertex -1.41421 -7.10973 10.4072
      vertex -1.35456 -6.80985 19.9957
    endloop
  endfacet
  facet normal 0.382875 -0.92342 0.0264978
    outer loop
      vertex -3.41085 -8.23452 0.0595198
      vertex -1.41421 -7.10973 10.4072
      vertex -3.12402 -7.54206 20.0465
    endloop
  endfacet
  facet normal 0.382874 -0.923421 0.0264981
    outer loop
      vertex -1.41421 -7.10973 10.4072
      vertex -3.41085 -8.23452 0.0595198
      vertex -1.56347 -7.47007 0.00652409
    endloop
  endfacet
  facet normal -0.0143402 -0.0346196 -0.999298
    outer loop
      vertex -1.56347 -7.47007 0.00652409
      vertex -2.31756 -7.13272 0.00565833
      vertex -1.63009 -7.30938 0.00191317
    endloop
  endfacet
  facet normal -0.0143369 -0.0346124 -0.999298
    outer loop
      vertex -1.56347 -7.47007 0.00652409
      vertex -3.193 -6.78609 0.00621215
      vertex -2.31756 -7.13272 0.00565833
    endloop
  endfacet
  facet normal -0.106943 -0.255221 -0.96095
    outer loop
      vertex -1.56347 -7.47007 0.00652409
      vertex -3.19324 -6.78599 0.0062123
      vertex -3.193 -6.78609 0.00621215
    endloop
  endfacet
  facet normal -0.0145904 -0.0352378 -0.999272
    outer loop
      vertex -4.17659 -6.38767 0.00652409
      vertex -3.19348 -6.78586 0.00621122
      vertex -3.19324 -6.78599 0.0062123
    endloop
  endfacet
  facet normal -0.0143385 -0.0346259 -0.999297
    outer loop
      vertex -4.01865 -6.33238 0.00234207
      vertex -4.17659 -6.38767 0.00652409
      vertex -4.02748 -6.32597 0.00224666
    endloop
  endfacet
  facet normal -0.0143404 -0.0346204 -0.999298
    outer loop
      vertex -3.19348 -6.78586 0.00621122
      vertex -4.17659 -6.38767 0.00652409
      vertex -4.01865 -6.33238 0.00234207
    endloop
  endfacet
  facet normal -0.0143386 -0.0346161 -0.999298
    outer loop
      vertex -4.17659 -6.38767 0.00652409
      vertex -3.19324 -6.78599 0.0062123
      vertex -1.56347 -7.47007 0.00652409
    endloop
  endfacet
  facet normal -0.382736 0.923478 -0.0264939
    outer loop
      vertex -3.75665 -5.70878 17.5973
      vertex -3.80274 -5.6912 18.8759
      vertex -3.74782 -5.68867 18.1707
    endloop
  endfacet
  facet normal -0.382876 0.92342 -0.0264981
    outer loop
      vertex -3.75665 -5.70878 17.5973
      vertex -4.02734 -6.02734 10.4072
      vertex -3.80274 -5.6912 18.8759
    endloop
  endfacet
  facet normal -0.382885 0.923416 -0.0264976
    outer loop
      vertex -4.02748 -6.32597 0.00224666
      vertex -4.02734 -6.02734 10.4072
      vertex -3.75665 -5.70878 17.5973
    endloop
  endfacet
  facet normal -0.382863 0.923425 -0.0264978
    outer loop
      vertex -4.02734 -6.02734 10.4072
      vertex -4.02748 -6.32597 0.00224666
      vertex -4.17659 -6.38767 0.00652409
    endloop
  endfacet
  facet normal 0.707041 0.706676 -0.0265018
    outer loop
      vertex 1.32497 -6.66106 19.9901
      vertex 1.29215 -6.77372 16.1104
      vertex 1.28864 -6.62476 19.9888
    endloop
  endfacet
  facet normal 0.707051 0.706666 -0.0265016
    outer loop
      vertex 1.41421 -7.10973 10.4072
      vertex 1.29215 -6.77372 16.1104
      vertex 1.32497 -6.66106 19.9901
    endloop
  endfacet
  facet normal 0.707102 0.706615 -0.0264976
    outer loop
      vertex 1.41421 -7.10973 10.4072
      vertex 1.2949 -7.2962 2.25072
      vertex 1.29215 -6.77372 16.1104
    endloop
  endfacet
  facet normal 0.707107 0.70661 -0.0264975
    outer loop
      vertex 1.41421 -7.49975 0.00652409
      vertex 1.2949 -7.2962 2.25072
      vertex 1.41421 -7.10973 10.4072
    endloop
  endfacet
  facet normal 0.707003 0.706713 -0.0265123
    outer loop
      vertex 1.2949 -7.2962 2.25072
      vertex 1.41421 -7.49975 0.00652409
      vertex 1.29501 -7.31747 1.68668
    endloop
  endfacet
  facet normal 0.707108 -0.706609 0.0264981
    outer loop
      vertex 0 -8.16346 20.0465
      vertex 1.41421 -7.10973 10.4072
      vertex 1.35456 -6.80985 19.9957
    endloop
  endfacet
  facet normal 0.707108 -0.706609 0.0264981
    outer loop
      vertex 0 -8.91298 0.0595198
      vertex 1.41421 -7.10973 10.4072
      vertex 0 -8.16346 20.0465
    endloop
  endfacet
  facet normal 0.70711 -0.706607 0.0264974
    outer loop
      vertex 1.41421 -7.10973 10.4072
      vertex 0 -8.91298 0.0595198
      vertex 1.41421 -7.49975 0.00652409
    endloop
  endfacet
  facet normal -0.000594469 0.0351955 0.99938
    outer loop
      vertex 1.2649 -6.63084 19.989
      vertex 1.32497 -6.66106 19.9901
      vertex 1.28864 -6.62476 19.9888
    endloop
  endfacet
  facet normal 0.000691112 0.0377475 0.999287
    outer loop
      vertex 1.32497 -6.66106 19.9901
      vertex 1.2649 -6.63084 19.989
      vertex 1.35456 -6.80985 19.9957
    endloop
  endfacet
  facet normal 3.39623e-05 0.0374189 0.9993
    outer loop
      vertex 0.424181 -6.7369 19.993
      vertex 1.35456 -6.80985 19.9957
      vertex 1.2649 -6.63084 19.989
    endloop
  endfacet
  facet normal -0.004727 0.0388796 0.999233
    outer loop
      vertex 0 -8.16346 20.0465
      vertex 0.424181 -6.7369 19.993
      vertex 0.423852 -6.73694 19.993
    endloop
  endfacet
  facet normal 3.76069e-05 0.0374653 0.999298
    outer loop
      vertex 0.424181 -6.7369 19.993
      vertex 0 -8.16346 20.0465
      vertex 1.35456 -6.80985 19.9957
    endloop
  endfacet
  facet normal -0 0.0374775 0.999297
    outer loop
      vertex -0.423852 -6.73694 19.993
      vertex 0 -8.16346 20.0465
      vertex 0.423852 -6.73694 19.993
    endloop
  endfacet
  facet normal 0.004727 0.0388796 0.999233
    outer loop
      vertex -0.424181 -6.7369 19.993
      vertex 0 -8.16346 20.0465
      vertex -0.423852 -6.73694 19.993
    endloop
  endfacet
  facet normal -3.39623e-05 0.0374189 0.9993
    outer loop
      vertex -1.35456 -6.80985 19.9957
      vertex -0.424181 -6.7369 19.993
      vertex -1.2649 -6.63084 19.989
    endloop
  endfacet
  facet normal 0.000594469 0.0351955 0.99938
    outer loop
      vertex -1.32497 -6.66106 19.9901
      vertex -1.2649 -6.63084 19.989
      vertex -1.28864 -6.62476 19.9888
    endloop
  endfacet
  facet normal -0.000691112 0.0377475 0.999287
    outer loop
      vertex -1.2649 -6.63084 19.989
      vertex -1.32497 -6.66106 19.9901
      vertex -1.35456 -6.80985 19.9957
    endloop
  endfacet
  facet normal -3.76069e-05 0.0374653 0.999298
    outer loop
      vertex -0.424181 -6.7369 19.993
      vertex -1.35456 -6.80985 19.9957
      vertex 0 -8.16346 20.0465
    endloop
  endfacet
  facet normal 0 -0.0374734 -0.999298
    outer loop
      vertex 0 -8.91298 0.0595198
      vertex -1.41421 -7.49975 0.00652409
      vertex 1.41421 -7.49975 0.00652409
    endloop
  endfacet
  facet normal -0.707041 0.706676 -0.0265018
    outer loop
      vertex -1.29215 -6.77372 16.1104
      vertex -1.32497 -6.66106 19.9901
      vertex -1.28864 -6.62476 19.9888
    endloop
  endfacet
  facet normal -0.707051 0.706666 -0.0265016
    outer loop
      vertex -1.29215 -6.77372 16.1104
      vertex -1.41421 -7.10973 10.4072
      vertex -1.32497 -6.66106 19.9901
    endloop
  endfacet
  facet normal -0.707102 0.706615 -0.0264976
    outer loop
      vertex -1.2949 -7.2962 2.25072
      vertex -1.41421 -7.10973 10.4072
      vertex -1.29215 -6.77372 16.1104
    endloop
  endfacet
  facet normal -0.707003 0.706713 -0.0265123
    outer loop
      vertex -1.41421 -7.49975 0.00652409
      vertex -1.2949 -7.2962 2.25072
      vertex -1.29501 -7.31747 1.68668
    endloop
  endfacet
  facet normal -0.707107 0.70661 -0.0264975
    outer loop
      vertex -1.2949 -7.2962 2.25072
      vertex -1.41421 -7.49975 0.00652409
      vertex -1.41421 -7.10973 10.4072
    endloop
  endfacet
  facet normal 3.32265e-07 -0.0374731 -0.999298
    outer loop
      vertex 1.41421 -7.49975 0.00652409
      vertex 0.470914 -7.48498 0.00596991
      vertex 1.29535 -7.38097 0.00206987
    endloop
  endfacet
  facet normal 0 -0.0374943 -0.999297
    outer loop
      vertex 1.41421 -7.49975 0.00652409
      vertex -0.470914 -7.48498 0.00596991
      vertex 0.470914 -7.48498 0.00596991
    endloop
  endfacet
  facet normal -3.32265e-07 -0.0374731 -0.999298
    outer loop
      vertex -0.470914 -7.48498 0.00596991
      vertex -1.41421 -7.49975 0.00652409
      vertex -1.29535 -7.38097 0.00206987
    endloop
  endfacet
  facet normal 0 -0.0374943 -0.999297
    outer loop
      vertex -1.41421 -7.49975 0.00652409
      vertex -0.470914 -7.48498 0.00596991
      vertex 1.41421 -7.49975 0.00652409
    endloop
  endfacet
  facet normal -0.70711 -0.706607 0.0264974
    outer loop
      vertex 0 -8.91298 0.0595198
      vertex -1.41421 -7.10973 10.4072
      vertex -1.41421 -7.49975 0.00652409
    endloop
  endfacet
  facet normal -0.707108 -0.706609 0.0264981
    outer loop
      vertex -1.41421 -7.10973 10.4072
      vertex 0 -8.16346 20.0465
      vertex -1.35456 -6.80985 19.9957
    endloop
  endfacet
  facet normal -0.707108 -0.706609 0.0264981
    outer loop
      vertex -1.41421 -7.10973 10.4072
      vertex 0 -8.91298 0.0595198
      vertex 0 -8.16346 20.0465
    endloop
  endfacet
  facet normal -0.707117 0.7066 -0.026492
    outer loop
      vertex -1.29535 -7.38097 0.00206987
      vertex -1.41421 -7.49975 0.00652409
      vertex -1.29501 -7.31747 1.68668
    endloop
  endfacet
  facet normal 0.707117 0.7066 -0.026492
    outer loop
      vertex 1.29535 -7.38097 0.00206987
      vertex 1.29501 -7.31747 1.68668
      vertex 1.41421 -7.49975 0.00652409
    endloop
  endfacet
  facet normal -0.0142455 0.0344018 0.999307
    outer loop
      vertex 1.34614 -6.61 19.9887
      vertex 1.35456 -6.80985 19.9957
      vertex 2.08562 -6.41998 19.9927
    endloop
  endfacet
  facet normal -0.016644 0.0342996 0.999273
    outer loop
      vertex 1.34614 -6.61 19.9887
      vertex 1.32497 -6.66106 19.9901
      vertex 1.35456 -6.80985 19.9957
    endloop
  endfacet
  facet normal -0.01433 0.0346531 0.999297
    outer loop
      vertex 2.08627 -6.41976 19.9927
      vertex 3.12402 -7.54206 20.0465
      vertex 2.57843 -6.22489 19.993
    endloop
  endfacet
  facet normal -0.0141466 0.0348225 0.999293
    outer loop
      vertex 2.08595 -6.41989 19.9927
      vertex 3.12402 -7.54206 20.0465
      vertex 2.08627 -6.41976 19.9927
    endloop
  endfacet
  facet normal -0.0104329 0.0382541 0.999214
    outer loop
      vertex 2.08562 -6.41998 19.9927
      vertex 3.12402 -7.54206 20.0465
      vertex 2.08595 -6.41989 19.9927
    endloop
  endfacet
  facet normal -0.0143627 0.0346214 0.999297
    outer loop
      vertex 1.35456 -6.80985 19.9957
      vertex 3.12402 -7.54206 20.0465
      vertex 2.08562 -6.41998 19.9927
    endloop
  endfacet
  facet normal 0.382736 0.923478 -0.0264939
    outer loop
      vertex 3.80274 -5.6912 18.8759
      vertex 3.75665 -5.70878 17.5973
      vertex 3.74782 -5.68867 18.1707
    endloop
  endfacet
  facet normal 0.382876 0.92342 -0.0264981
    outer loop
      vertex 4.02734 -6.02734 10.4072
      vertex 3.75665 -5.70878 17.5973
      vertex 3.80274 -5.6912 18.8759
    endloop
  endfacet
  facet normal 0.382863 0.923425 -0.0264978
    outer loop
      vertex 4.02748 -6.32597 0.00224666
      vertex 4.02734 -6.02734 10.4072
      vertex 4.17659 -6.38767 0.00652409
    endloop
  endfacet
  facet normal 0.382885 0.923416 -0.0264976
    outer loop
      vertex 4.02734 -6.02734 10.4072
      vertex 4.02748 -6.32597 0.00224666
      vertex 3.75665 -5.70878 17.5973
    endloop
  endfacet
  facet normal 0.92369 -0.382223 0.0264993
    outer loop
      vertex 3.12402 -7.54206 20.0465
      vertex 3.8712 -5.79366 19.2207
      vertex 3.85747 -5.77311 19.9957
    endloop
  endfacet
  facet normal 0.92369 -0.382224 0.0264983
    outer loop
      vertex 3.8712 -5.79366 19.2207
      vertex 3.12402 -7.54206 20.0465
      vertex 4.02734 -6.02734 10.4072
    endloop
  endfacet
  facet normal 0.923687 -0.382229 0.0264972
    outer loop
      vertex 4.02734 -6.02734 10.4072
      vertex 3.12402 -7.54206 20.0465
      vertex 4.17659 -6.38767 0.00652409
    endloop
  endfacet
  facet normal -0.0139982 0.034066 0.999322
    outer loop
      vertex 3.61743 -5.69925 19.9897
      vertex 3.77319 -5.64698 19.9901
      vertex 3.71984 -5.6249 19.9886
    endloop
  endfacet
  facet normal -0.0142579 0.0348401 0.999291
    outer loop
      vertex 3.77319 -5.64698 19.9901
      vertex 3.61743 -5.69925 19.9897
      vertex 3.85747 -5.77311 19.9957
    endloop
  endfacet
  facet normal -0.0176721 0.023766 0.999561
    outer loop
      vertex 3.61704 -5.69954 19.9897
      vertex 3.85747 -5.77311 19.9957
      vertex 3.61743 -5.69925 19.9897
    endloop
  endfacet
  facet normal -0.0158651 0.0296609 0.999434
    outer loop
      vertex 3.61661 -5.69977 19.9897
      vertex 3.85747 -5.77311 19.9957
      vertex 3.61704 -5.69954 19.9897
    endloop
  endfacet
  facet normal -0.0143386 0.0346629 0.999296
    outer loop
      vertex 2.87412 -6.10781 19.9932
      vertex 3.85747 -5.77311 19.9957
      vertex 3.61661 -5.69977 19.9897
    endloop
  endfacet
  facet normal -0.0143306 0.0346392 0.999297
    outer loop
      vertex 3.85747 -5.77311 19.9957
      vertex 2.87412 -6.10781 19.9932
      vertex 3.12402 -7.54206 20.0465
    endloop
  endfacet
  facet normal -0.0143876 0.0346293 0.999297
    outer loop
      vertex 3.12402 -7.54206 20.0465
      vertex 2.87412 -6.10781 19.9932
      vertex 2.57843 -6.22489 19.993
    endloop
  endfacet
  facet normal -0.923682 0.382242 -0.0264982
    outer loop
      vertex 1.34614 -6.61 19.9887
      vertex 1.41421 -7.10973 10.4072
      vertex 1.32497 -6.66106 19.9901
    endloop
  endfacet
  facet normal -0.923679 0.38225 -0.0264986
    outer loop
      vertex 1.56392 -7.14638 4.65998
      vertex 1.41421 -7.10973 10.4072
      vertex 1.34614 -6.61 19.9887
    endloop
  endfacet
  facet normal -0.923685 0.382236 -0.0264987
    outer loop
      vertex 1.56347 -7.47007 0.00652409
      vertex 1.41421 -7.10973 10.4072
      vertex 1.56392 -7.14638 4.65998
    endloop
  endfacet
  facet normal -0.923681 0.382246 -0.0264993
    outer loop
      vertex 1.56347 -7.47007 0.00652409
      vertex 1.56392 -7.14638 4.65998
      vertex 1.6053 -7.2483 1.74744
    endloop
  endfacet
  facet normal 0.382767 0.923465 -0.026507
    outer loop
      vertex 3.80274 -5.6912 18.8759
      vertex 3.71984 -5.6249 19.9886
      vertex 3.77319 -5.64697 19.9901
    endloop
  endfacet
  facet normal 0.382827 0.92344 -0.0265011
    outer loop
      vertex 3.71984 -5.6249 19.9886
      vertex 3.80274 -5.6912 18.8759
      vertex 3.74782 -5.68867 18.1707
    endloop
  endfacet
  facet normal -0.0281051 0 0.999605
    outer loop
      vertex 3.77319 -5.64697 19.9901
      vertex 3.71984 -5.6249 19.9886
      vertex 3.77319 -5.64698 19.9901
    endloop
  endfacet
  facet normal 0.923691 -0.38222 0.026498
    outer loop
      vertex 4.17659 -6.38767 0.00652409
      vertex 3.12402 -7.54206 20.0465
      vertex 3.41085 -8.23452 0.0595198
    endloop
  endfacet
  facet normal 0.0143406 -0.0346209 -0.999298
    outer loop
      vertex 3.41085 -8.23452 0.0595198
      vertex 1.56347 -7.47007 0.00652409
      vertex 4.17659 -6.38767 0.00652409
    endloop
  endfacet
  facet normal 0.0143385 -0.0346259 -0.999297
    outer loop
      vertex 4.17659 -6.38767 0.00652409
      vertex 4.01865 -6.33238 0.00234207
      vertex 4.02748 -6.32597 0.00224666
    endloop
  endfacet
  facet normal 0.0143404 -0.0346204 -0.999298
    outer loop
      vertex 4.17659 -6.38767 0.00652409
      vertex 3.19348 -6.78586 0.00621122
      vertex 4.01865 -6.33238 0.00234207
    endloop
  endfacet
  facet normal 0.0145904 -0.0352378 -0.999272
    outer loop
      vertex 4.17659 -6.38767 0.00652409
      vertex 3.19324 -6.78599 0.0062123
      vertex 3.19348 -6.78586 0.00621122
    endloop
  endfacet
  facet normal 0.106943 -0.255221 -0.96095
    outer loop
      vertex 1.56347 -7.47007 0.00652409
      vertex 3.193 -6.78609 0.00621215
      vertex 3.19324 -6.78599 0.0062123
    endloop
  endfacet
  facet normal 0.0143402 -0.0346196 -0.999298
    outer loop
      vertex 2.31756 -7.13272 0.00565833
      vertex 1.56347 -7.47007 0.00652409
      vertex 1.63009 -7.30938 0.00191317
    endloop
  endfacet
  facet normal 0.0143369 -0.0346124 -0.999298
    outer loop
      vertex 3.193 -6.78609 0.00621215
      vertex 1.56347 -7.47007 0.00652409
      vertex 2.31756 -7.13272 0.00565833
    endloop
  endfacet
  facet normal 0.0143386 -0.0346161 -0.999298
    outer loop
      vertex 1.56347 -7.47007 0.00652409
      vertex 3.19324 -6.78599 0.0062123
      vertex 4.17659 -6.38767 0.00652409
    endloop
  endfacet
  facet normal -0.923702 0.382195 -0.0264923
    outer loop
      vertex 1.63009 -7.30938 0.00191317
      vertex 1.56347 -7.47007 0.00652409
      vertex 1.6053 -7.2483 1.74744
    endloop
  endfacet
  facet normal -0.382876 -0.92342 0.0264981
    outer loop
      vertex 1.41421 -7.10973 10.4072
      vertex 3.12402 -7.54206 20.0465
      vertex 1.35456 -6.80985 19.9957
    endloop
  endfacet
  facet normal -0.382875 -0.92342 0.0264978
    outer loop
      vertex 1.41421 -7.10973 10.4072
      vertex 3.41085 -8.23452 0.0595198
      vertex 3.12402 -7.54206 20.0465
    endloop
  endfacet
  facet normal -0.382874 -0.923421 0.0264981
    outer loop
      vertex 3.41085 -8.23452 0.0595198
      vertex 1.41421 -7.10973 10.4072
      vertex 1.56347 -7.47007 0.00652409
    endloop
  endfacet
  facet normal -0.0266125 0.0264871 0.999295
    outer loop
      vertex 3.77321 -5.58613 19.9885
      vertex 3.85747 -5.77311 19.9957
      vertex 4.30279 -5.20118 19.9924
    endloop
  endfacet
  facet normal -0.0270618 0.0262843 0.999288
    outer loop
      vertex 3.77321 -5.58613 19.9885
      vertex 3.77319 -5.64698 19.9901
      vertex 3.85747 -5.77311 19.9957
    endloop
  endfacet
  facet normal 0.999922 -0 0.012499
    outer loop
      vertex 3.77319 -5.64698 19.9901
      vertex 3.77321 -5.58613 19.9885
      vertex 3.77319 -5.64697 19.9901
    endloop
  endfacet
  facet normal -0.026459 0.0265668 0.999297
    outer loop
      vertex 4.30279 -5.20118 19.9924
      vertex 5.77244 -5.77244 20.0465
      vertex 4.76609 -4.76609 19.9931
    endloop
  endfacet
  facet normal -0.0265185 0.0264139 0.999299
    outer loop
      vertex 3.85747 -5.77311 19.9957
      vertex 5.77244 -5.77244 20.0465
      vertex 4.30279 -5.20118 19.9924
    endloop
  endfacet
  facet normal -0.00035325 -0.999649 0.0265006
    outer loop
      vertex 3.8712 -5.79366 19.2207
      vertex 5.77244 -5.77244 20.0465
      vertex 3.85747 -5.77311 19.9957
    endloop
  endfacet
  facet normal -0.000352187 -0.999649 0.0264981
    outer loop
      vertex 5.77244 -5.77244 20.0465
      vertex 3.8712 -5.79366 19.2207
      vertex 6.30243 -6.30243 0.0595198
    endloop
  endfacet
  facet normal 0.999649 0.00035325 0.0265006
    outer loop
      vertex 5.77244 -5.77244 20.0465
      vertex 5.79366 -3.8712 19.2207
      vertex 5.77311 -3.85747 19.9957
    endloop
  endfacet
  facet normal 0.999649 0.000352187 0.0264981
    outer loop
      vertex 5.79366 -3.8712 19.2207
      vertex 5.77244 -5.77244 20.0465
      vertex 6.30243 -6.30243 0.0595198
    endloop
  endfacet
  facet normal -0.0264471 0.0268183 0.99929
    outer loop
      vertex 5.4614 -3.96738 19.9904
      vertex 5.77311 -3.85747 19.9957
      vertex 5.64698 -3.77319 19.9901
    endloop
  endfacet
  facet normal 0 -0.999922 0.012499
    outer loop
      vertex 5.58471 -3.77321 19.9885
      vertex 5.64698 -3.77319 19.9901
      vertex 5.64697 -3.77319 19.9901
    endloop
  endfacet
  facet normal -0.0256857 0.0260907 0.99933
    outer loop
      vertex 5.64698 -3.77319 19.9901
      vertex 5.58471 -3.77321 19.9885
      vertex 5.4614 -3.96738 19.9904
    endloop
  endfacet
  facet normal -0.021867 0.0138107 0.999665
    outer loop
      vertex 5.77311 -3.85747 19.9957
      vertex 5.4614 -3.96738 19.9904
      vertex 5.46116 -3.96776 19.9904
    endloop
  endfacet
  facet normal -0.0263536 0.0265185 0.999301
    outer loop
      vertex 5.77311 -3.85747 19.9957
      vertex 5.46116 -3.96776 19.9904
      vertex 5.77244 -5.77244 20.0465
    endloop
  endfacet
  facet normal -0.0266255 0.0264714 0.999295
    outer loop
      vertex 4.92092 -4.62062 19.9933
      vertex 5.77244 -5.77244 20.0465
      vertex 5.46116 -3.96776 19.9904
    endloop
  endfacet
  facet normal 0.224205 0.209708 0.951711
    outer loop
      vertex 4.92072 -4.62086 19.9934
      vertex 5.77244 -5.77244 20.0465
      vertex 4.92092 -4.62062 19.9933
    endloop
  endfacet
  facet normal -0.266849 -0.153493 0.951437
    outer loop
      vertex 4.92049 -4.62108 19.9933
      vertex 5.77244 -5.77244 20.0465
      vertex 4.92072 -4.62086 19.9934
    endloop
  endfacet
  facet normal -0.0263489 0.0266768 0.999297
    outer loop
      vertex 5.77244 -5.77244 20.0465
      vertex 4.92049 -4.62108 19.9933
      vertex 4.76609 -4.76609 19.9931
    endloop
  endfacet
  facet normal -0.999649 -0.000368224 -0.0264973
    outer loop
      vertex 3.77321 -5.58613 19.9885
      vertex 3.80274 -5.6912 18.8759
      vertex 3.77319 -5.64697 19.9901
    endloop
  endfacet
  facet normal -0.999649 -0.000361025 -0.026498
    outer loop
      vertex 3.90356 -5.71883 15.0728
      vertex 3.80274 -5.6912 18.8759
      vertex 3.77321 -5.58613 19.9885
    endloop
  endfacet
  facet normal -0.999649 -0.000346423 -0.0264981
    outer loop
      vertex 3.90356 -5.71883 15.0728
      vertex 4.02734 -6.02734 10.4072
      vertex 3.80274 -5.6912 18.8759
    endloop
  endfacet
  facet normal -0.999649 -0.000345313 -0.0264982
    outer loop
      vertex 4.25593 -6.07756 1.78426
      vertex 4.02734 -6.02734 10.4072
      vertex 3.90356 -5.71883 15.0728
    endloop
  endfacet
  facet normal -0.999649 -0.00033942 -0.0264982
    outer loop
      vertex 4.30313 -6.30313 0.00652409
      vertex 4.02734 -6.02734 10.4072
      vertex 4.25593 -6.07756 1.78426
    endloop
  endfacet
  facet normal 0.000367793 0.999649 -0.0264975
    outer loop
      vertex 6.02734 -4.02734 10.4072
      vertex 6.30313 -4.30313 0.00652409
      vertex 6.08743 -4.25799 1.70649
    endloop
  endfacet
  facet normal 0.000359835 0.999649 -0.0264977
    outer loop
      vertex 5.6912 -3.80274 18.8759
      vertex 5.58471 -3.77321 19.9885
      vertex 5.64697 -3.77319 19.9901
    endloop
  endfacet
  facet normal 0.000366445 0.999649 -0.026497
    outer loop
      vertex 5.6912 -3.80274 18.8759
      vertex 5.70539 -3.88958 15.5999
      vertex 5.58471 -3.77321 19.9885
    endloop
  endfacet
  facet normal 0.000374673 0.999649 -0.026497
    outer loop
      vertex 6.02734 -4.02734 10.4072
      vertex 5.70539 -3.88958 15.5999
      vertex 5.6912 -3.80274 18.8759
    endloop
  endfacet
  facet normal 0.000366884 0.999649 -0.0264975
    outer loop
      vertex 5.70539 -3.88958 15.5999
      vertex 6.02734 -4.02734 10.4072
      vertex 6.08743 -4.25799 1.70649
    endloop
  endfacet
  facet normal 0.999649 0.000350271 0.0264984
    outer loop
      vertex 6.30243 -6.30243 0.0595198
      vertex 6.02734 -4.02734 10.4072
      vertex 5.79366 -3.8712 19.2207
    endloop
  endfacet
  facet normal 0.999649 0.000352383 0.0264979
    outer loop
      vertex 6.02734 -4.02734 10.4072
      vertex 6.30243 -6.30243 0.0595198
      vertex 6.30313 -4.30313 0.00652409
    endloop
  endfacet
  facet normal 0.000347158 0.999649 -0.0265001
    outer loop
      vertex 6.1343 -4.30319 0.00204903
      vertex 6.08743 -4.25799 1.70649
      vertex 6.30313 -4.30313 0.00652409
    endloop
  endfacet
  facet normal 0.0264978 -0.0264978 -0.999298
    outer loop
      vertex 6.30243 -6.30243 0.0595198
      vertex 4.30313 -6.30313 0.00652409
      vertex 6.30313 -4.30313 0.00652409
    endloop
  endfacet
  facet normal -0.000350271 -0.999649 0.0264984
    outer loop
      vertex 4.02734 -6.02734 10.4072
      vertex 6.30243 -6.30243 0.0595198
      vertex 3.8712 -5.79366 19.2207
    endloop
  endfacet
  facet normal -0.000352383 -0.999649 0.0264979
    outer loop
      vertex 6.30243 -6.30243 0.0595198
      vertex 4.02734 -6.02734 10.4072
      vertex 4.30313 -6.30313 0.00652409
    endloop
  endfacet
  facet normal 0.0264971 -0.0264995 -0.999298
    outer loop
      vertex 6.30313 -4.30313 0.00652409
      vertex 6.06753 -4.40832 0.00306642
      vertex 6.1343 -4.30319 0.00204903
    endloop
  endfacet
  facet normal 0.0260085 -0.0254038 -0.999339
    outer loop
      vertex 6.30313 -4.30313 0.00652409
      vertex 6.06745 -4.40842 0.00306688
      vertex 6.06753 -4.40832 0.00306642
    endloop
  endfacet
  facet normal 0.0264958 -0.026496 -0.999298
    outer loop
      vertex 6.30313 -4.30313 0.00652409
      vertex 5.46709 -5.13394 0.00638551
      vertex 6.06745 -4.40842 0.00306688
    endloop
  endfacet
  facet normal 0.0264967 -0.0264965 -0.999298
    outer loop
      vertex 4.78037 -5.77883 0.00527639
      vertex 4.30313 -6.30313 0.00652409
      vertex 4.30319 -6.12568 0.00182057
    endloop
  endfacet
  facet normal 0.0262411 -0.0262639 -0.999311
    outer loop
      vertex 4.78055 -5.7787 0.0052777
      vertex 4.30313 -6.30313 0.00652409
      vertex 4.78037 -5.77883 0.00527639
    endloop
  endfacet
  facet normal 0.0266942 -0.0266763 -0.999288
    outer loop
      vertex 4.78072 -5.77854 0.00527797
      vertex 4.30313 -6.30313 0.00652409
      vertex 4.78055 -5.7787 0.0052777
    endloop
  endfacet
  facet normal 0.0264954 -0.0264953 -0.999298
    outer loop
      vertex 5.46709 -5.13394 0.00638551
      vertex 4.30313 -6.30313 0.00652409
      vertex 4.78072 -5.77854 0.00527797
    endloop
  endfacet
  facet normal 0.0264785 -0.0264785 -0.999299
    outer loop
      vertex 4.30313 -6.30313 0.00652409
      vertex 5.46709 -5.13394 0.00638551
      vertex 6.30313 -4.30313 0.00652409
    endloop
  endfacet
  facet normal -0.999649 -0.000364278 -0.0264951
    outer loop
      vertex 4.30313 -6.30313 0.00652409
      vertex 4.25593 -6.07756 1.78426
      vertex 4.30319 -6.12568 0.00182057
    endloop
  endfacet
  facet normal -0.0346594 0.014222 0.999298
    outer loop
      vertex 5.91533 -3.25198 19.9919
      vertex 7.54206 -3.12402 20.0465
      vertex 6.23103 -2.58098 19.9933
    endloop
  endfacet
  facet normal -0.0346746 0.014416 0.999295
    outer loop
      vertex 5.91533 -3.25198 19.9919
      vertex 5.77311 -3.85747 19.9957
      vertex 7.54206 -3.12402 20.0465
    endloop
  endfacet
  facet normal -0.034664 0.0144135 0.999295
    outer loop
      vertex 5.6224 -3.71381 19.9884
      vertex 5.77311 -3.85747 19.9957
      vertex 5.91533 -3.25198 19.9919
    endloop
  endfacet
  facet normal -0.0349055 0.0141599 0.99929
    outer loop
      vertex 5.77311 -3.85747 19.9957
      vertex 5.6224 -3.71381 19.9884
      vertex 5.64698 -3.77319 19.9901
    endloop
  endfacet
  facet normal 0.382223 -0.92369 0.0264993
    outer loop
      vertex 5.79366 -3.8712 19.2207
      vertex 7.54206 -3.12402 20.0465
      vertex 5.77311 -3.85747 19.9957
    endloop
  endfacet
  facet normal 0.382224 -0.92369 0.0264983
    outer loop
      vertex 6.02734 -4.02734 10.4072
      vertex 7.54206 -3.12402 20.0465
      vertex 5.79366 -3.8712 19.2207
    endloop
  endfacet
  facet normal 0.382229 -0.923687 0.0264972
    outer loop
      vertex 7.54206 -3.12402 20.0465
      vertex 6.02734 -4.02734 10.4072
      vertex 6.38767 -4.17659 0.00652409
    endloop
  endfacet
  facet normal 0.38222 -0.923691 0.026498
    outer loop
      vertex 7.54206 -3.12402 20.0465
      vertex 6.38767 -4.17659 0.00652409
      vertex 8.23452 -3.41085 0.0595198
    endloop
  endfacet
  facet normal -0.0346043 0.0151143 0.999287
    outer loop
      vertex 6.60111 -1.34983 19.9884
      vertex 6.80985 -1.35456 19.9957
      vertex 6.66106 -1.32497 19.9901
    endloop
  endfacet
  facet normal -0.034625 0.0142216 0.999299
    outer loop
      vertex 6.80985 -1.35456 19.9957
      vertex 6.60111 -1.34983 19.9884
      vertex 6.53834 -1.67832 19.9909
    endloop
  endfacet
  facet normal -0.349045 0.279453 0.894468
    outer loop
      vertex 6.53826 -1.67874 19.991
      vertex 6.80985 -1.35456 19.9957
      vertex 6.53834 -1.67832 19.9909
    endloop
  endfacet
  facet normal -0.0278315 0.00882463 0.999574
    outer loop
      vertex 6.53813 -1.67915 19.991
      vertex 6.80985 -1.35456 19.9957
      vertex 6.53826 -1.67874 19.991
    endloop
  endfacet
  facet normal -0.0345017 0.0144123 0.999301
    outer loop
      vertex 6.80985 -1.35456 19.9957
      vertex 6.53813 -1.67915 19.991
      vertex 7.54206 -3.12402 20.0465
    endloop
  endfacet
  facet normal -0.0347187 0.0142613 0.999295
    outer loop
      vertex 6.27622 -2.48493 19.9934
      vertex 7.54206 -3.12402 20.0465
      vertex 6.53813 -1.67915 19.991
    endloop
  endfacet
  facet normal -0.0339589 0.0157666 0.999299
    outer loop
      vertex 6.27609 -2.48521 19.9934
      vertex 7.54206 -3.12402 20.0465
      vertex 6.27622 -2.48493 19.9934
    endloop
  endfacet
  facet normal -0.0342982 0.015094 0.999298
    outer loop
      vertex 7.54206 -3.12402 20.0465
      vertex 6.27609 -2.48521 19.9934
      vertex 6.23103 -2.58098 19.9933
    endloop
  endfacet
  facet normal -0.923419 -0.382878 -0.0265006
    outer loop
      vertex 5.6912 -3.80274 18.8759
      vertex 5.6224 -3.71381 19.9884
      vertex 5.6884 -3.742 18.0959
    endloop
  endfacet
  facet normal -0.92343 -0.382851 -0.0265033
    outer loop
      vertex 5.6224 -3.71381 19.9884
      vertex 5.6912 -3.80274 18.8759
      vertex 5.64697 -3.77319 19.9901
    endloop
  endfacet
  facet normal 0 0.0286174 0.99959
    outer loop
      vertex 5.6224 -3.71381 19.9884
      vertex 5.64697 -3.77319 19.9901
      vertex 5.64698 -3.77319 19.9901
    endloop
  endfacet
  facet normal -0.382205 0.923697 -0.0264961
    outer loop
      vertex 7.30912 -1.6302 0.00190589
      vertex 7.2469 -1.60556 1.75842
      vertex 7.47007 -1.56347 0.00652409
    endloop
  endfacet
  facet normal -0.382221 0.923691 -0.0264982
    outer loop
      vertex 7.10973 -1.41421 10.4072
      vertex 7.47007 -1.56347 0.00652409
      vertex 7.2469 -1.60556 1.75842
    endloop
  endfacet
  facet normal -0.382275 0.923669 -0.0264991
    outer loop
      vertex 6.66106 -1.32497 19.9901
      vertex 6.82939 -1.44023 13.5442
      vertex 6.60111 -1.34983 19.9884
    endloop
  endfacet
  facet normal -0.382251 0.923678 -0.0264986
    outer loop
      vertex 7.10973 -1.41421 10.4072
      vertex 6.82939 -1.44023 13.5442
      vertex 6.66106 -1.32497 19.9901
    endloop
  endfacet
  facet normal -0.382249 0.923679 -0.0264984
    outer loop
      vertex 6.82939 -1.44023 13.5442
      vertex 7.10973 -1.41421 10.4072
      vertex 7.2469 -1.60556 1.75842
    endloop
  endfacet
  facet normal 0.0346209 -0.0143406 -0.999298
    outer loop
      vertex 8.23452 -3.41085 0.0595198
      vertex 6.38767 -4.17659 0.00652409
      vertex 7.47007 -1.56347 0.00652409
    endloop
  endfacet
  facet normal 0.92342 0.382876 0.0264981
    outer loop
      vertex 7.54206 -3.12402 20.0465
      vertex 7.10973 -1.41421 10.4072
      vertex 6.80985 -1.35456 19.9957
    endloop
  endfacet
  facet normal 0.92342 0.382875 0.0264978
    outer loop
      vertex 7.10973 -1.41421 10.4072
      vertex 7.54206 -3.12402 20.0465
      vertex 8.23452 -3.41085 0.0595198
    endloop
  endfacet
  facet normal 0.923421 0.382874 0.0264981
    outer loop
      vertex 7.10973 -1.41421 10.4072
      vertex 8.23452 -3.41085 0.0595198
      vertex 7.47007 -1.56347 0.00652409
    endloop
  endfacet
  facet normal 0.0346181 -0.0143388 -0.999298
    outer loop
      vertex 7.47007 -1.56347 0.00652409
      vertex 7.26424 -1.86514 0.00372226
      vertex 7.30912 -1.6302 0.00190589
    endloop
  endfacet
  facet normal 0.0346207 -0.0143406 -0.999298
    outer loop
      vertex 7.47007 -1.56347 0.00652409
      vertex 6.97318 -2.76058 0.00648861
      vertex 7.26424 -1.86514 0.00372226
    endloop
  endfacet
  facet normal 0.0292734 -0.012121 -0.999498
    outer loop
      vertex 7.47007 -1.56347 0.00652409
      vertex 6.9731 -2.76084 0.00648942
      vertex 6.97318 -2.76058 0.00648861
    endloop
  endfacet
  facet normal 0.0347008 -0.0143737 -0.999294
    outer loop
      vertex 6.38767 -4.17659 0.00652409
      vertex 6.9731 -2.76084 0.00648942
      vertex 7.47007 -1.56347 0.00652409
    endloop
  endfacet
  facet normal 0.0346238 -0.0143418 -0.999298
    outer loop
      vertex 6.38767 -4.17659 0.00652409
      vertex 6.57223 -3.61288 0.00482843
      vertex 6.9731 -2.76084 0.00648942
    endloop
  endfacet
  facet normal 0.0334939 -0.013972 -0.999341
    outer loop
      vertex 6.38767 -4.17659 0.00652409
      vertex 6.57214 -3.61307 0.00482807
      vertex 6.57223 -3.61288 0.00482843
    endloop
  endfacet
  facet normal 0.0336785 -0.0140325 -0.999334
    outer loop
      vertex 6.38767 -4.17659 0.00652409
      vertex 6.57203 -3.61324 0.00482675
      vertex 6.57214 -3.61307 0.00482807
    endloop
  endfacet
  facet normal 0.0346209 -0.0143407 -0.999298
    outer loop
      vertex 6.57203 -3.61324 0.00482675
      vertex 6.38767 -4.17659 0.00652409
      vertex 6.31938 -4.01156 0.00178985
    endloop
  endfacet
  facet normal -0.923427 -0.382859 -0.026499
    outer loop
      vertex 5.89347 -3.82961 12.2155
      vertex 5.6912 -3.80274 18.8759
      vertex 5.6884 -3.742 18.0959
    endloop
  endfacet
  facet normal -0.923425 -0.382862 -0.0264976
    outer loop
      vertex 6.02734 -4.02734 10.4072
      vertex 5.89347 -3.82961 12.2155
      vertex 6.31938 -4.01156 0.00178985
    endloop
  endfacet
  facet normal -0.92343 -0.382851 -0.0264992
    outer loop
      vertex 5.89347 -3.82961 12.2155
      vertex 6.02734 -4.02734 10.4072
      vertex 5.6912 -3.80274 18.8759
    endloop
  endfacet
  facet normal -0.92342 -0.382875 -0.0264975
    outer loop
      vertex 6.02734 -4.02734 10.4072
      vertex 6.31938 -4.01156 0.00178985
      vertex 6.38767 -4.17659 0.00652409
    endloop
  endfacet
  facet normal -0.328068 0.271401 0.904827
    outer loop
      vertex -3.58692 3.36834 22.3103
      vertex -3.9808 2.89222 22.3103
      vertex -3.13647 2.94534 22.6005
    endloop
  endfacet
  facet normal -0.164765 -0.299698 0.939699
    outer loop
      vertex -1.93799 -3.05379 22.8496
      vertex -2.30545 -3.63282 22.6005
      vertex -1.53997 -3.27261 22.8496
    endloop
  endfacet
  facet normal -0.0571298 -0.0268832 0.998005
    outer loop
      vertex -0.394073 -0.156024 23.3683
      vertex -1.176 -0.465612 23.3152
      vertex -1.10837 -0.609333 23.3152
    endloop
  endfacet
  facet normal -0.364232 0.501326 0.784861
    outer loop
      vertex -3.16945 4.99426 21.6259
      vertex -3.48089 4.20767 21.9838
      vertex -2.92608 4.61076 21.9838
    endloop
  endfacet
  facet normal -0.105155 -0.83239 0.544123
    outer loop
      vertex -1.176 -6.16483 21.2424
      vertex -1.22509 -6.42213 20.8393
      vertex -0.394073 -6.26361 21.2424
    endloop
  endfacet
  facet normal 0.291466 -0.31038 0.904827
    outer loop
      vertex 3.58692 -3.36834 22.3103
      vertex 2.74259 -3.31522 22.6005
      vertex 3.13647 -3.79134 22.3103
    endloop
  endfacet
  facet normal 0.468635 0.220523 0.855424
    outer loop
      vertex 4.78539 2.63079 21.9838
      vertex 4.3119 2.37049 22.3103
      vertex 5.07738 2.01028 21.9838
    endloop
  endfacet
  facet normal 0.252557 -0.0820629 0.964096
    outer loop
      vertex 3.5032 -0.899468 22.8496
      vertex 2.67219 -1.05799 23.0538
      vertex 3.36284 -1.33144 22.8496
    endloop
  endfacet
  facet normal 0.837345 -0.0526879 0.54413
    outer loop
      vertex 6.53794 0 20.8393
      vertex 6.2265 -0.78659 21.2424
      vertex 6.48638 -0.81942 20.8393
    endloop
  endfacet
  facet normal 0.789056 0.500754 0.355859
    outer loop
      vertex 5.4178 3.93626 20.423
      vertex 5.2893 3.8429 20.8393
      vertex 5.72924 3.14967 20.8393
    endloop
  endfacet
  facet normal 0.181265 0.705994 0.684628
    outer loop
      vertex 1.176 6.16483 21.2424
      vertex 1.10837 5.8103 21.6259
      vertex 1.82786 5.62557 21.6259
    endloop
  endfacet
  facet normal 0.76451 -0.632453 0.124608
    outer loop
      vertex 5.4178 -3.93626 20.423
      vertex 4.92054 -4.62069 20
      vertex 5.46086 -3.96755 20
    endloop
  endfacet
  facet normal -0.990248 -0.062294 0.124612
    outer loop
      vertex -6.69677 0 20.423
      vertex -6.75 0 20
      vertex -6.64397 -0.839328 20.423
    endloop
  endfacet
  facet normal -0.837742 0.531662 0.124596
    outer loop
      vertex -5.4178 3.93626 20.423
      vertex -5.91507 3.25184 20
      vertex -5.86843 3.2262 20.423
    endloop
  endfacet
  facet normal 0.249513 -0.453863 0.855425
    outer loop
      vertex 2.63656 -4.15455 22.3103
      vertex 2.32512 -4.94114 21.9838
      vertex 2.92608 -4.61076 21.9838
    endloop
  endfacet
  facet normal -0.437301 -0.27752 0.855424
    outer loop
      vertex -4.3119 -2.37049 22.3103
      vertex -4.78539 -2.63079 21.9838
      vertex -3.9808 -2.89222 22.3103
    endloop
  endfacet
  facet normal 0.19066 0.481557 0.855425
    outer loop
      vertex 2.32512 4.94114 21.9838
      vertex 1.52053 4.67971 22.3103
      vertex 2.09506 4.45224 22.3103
    endloop
  endfacet
  facet normal -0.82414 -0.15721 0.54413
    outer loop
      vertex -6.2265 -0.78659 21.2424
      vertex -6.48638 -0.81942 20.8393
      vertex -6.07882 -1.56077 21.2424
    endloop
  endfacet
  facet normal -0.608689 0.116113 0.784866
    outer loop
      vertex -5.72924 1.47102 21.6259
      vertex -5.86843 0.741354 21.6259
      vertex -5.4178 0.684427 21.9838
    endloop
  endfacet
  facet normal -0.789047 -0.500758 0.355874
    outer loop
      vertex -5.72924 -3.14967 20.8393
      vertex -5.86843 -3.2262 20.423
      vertex -5.4178 -3.93626 20.423
    endloop
  endfacet
  facet normal 0.91798 -0.175119 0.355875
    outer loop
      vertex 6.48638 -0.81942 20.8393
      vertex 6.48638 -1.66542 20.423
      vertex 6.64397 -0.839328 20.423
    endloop
  endfacet
  facet normal 0.0977547 0.246907 0.964096
    outer loop
      vertex 1.11766 3.43981 22.8496
      vertex 0.888118 2.73335 23.0538
      vertex 1.53997 3.27261 22.8496
    endloop
  endfacet
  facet normal 0.265029 0.0166743 0.964096
    outer loop
      vertex 3.58831 0.453309 22.8496
      vertex 2.87401 0 23.0538
      vertex 3.61683 0 22.8496
    endloop
  endfacet
  facet normal -0.583206 -0.802711 0.124604
    outer loop
      vertex -4.26868 -5.15995 20.423
      vertex -4.30261 -5.20096 20
      vertex -3.61683 -5.69921 20
    endloop
  endfacet
  facet normal -0.450219 -0.81894 0.355865
    outer loop
      vertex -2.78372 -5.9157 20.8393
      vertex -3.58831 -5.65427 20.423
      vertex -2.85135 -6.05942 20.423
    endloop
  endfacet
  facet normal -0.897778 -0.422455 0.124603
    outer loop
      vertex -6.2265 -2.46525 20.423
      vertex -6.27599 -2.48484 20
      vertex -5.86843 -3.2262 20.423
    endloop
  endfacet
  facet normal 0.0776654 -0.614784 0.784862
    outer loop
      vertex 1.02326 -5.36414 21.9838
      vertex 0.371409 -5.9034 21.6259
      vertex 1.10837 -5.8103 21.6259
    endloop
  endfacet
  facet normal -0.0304174 0.0553284 0.998005
    outer loop
      vertex -0.18046 0.383498 23.3683
      vertex -0.677726 1.06793 23.3152
      vertex -0.227102 0.357856 23.3683
    endloop
  endfacet
  facet normal -0.341333 -0.021475 0.939697
    outer loop
      vertex -3.61683 0 22.8496
      vertex -4.26868 -0.53926 22.6005
      vertex -3.58831 -0.453309 22.8496
    endloop
  endfacet
  facet normal -0.693215 -0.225236 0.684632
    outer loop
      vertex -5.49969 -2.17748 21.6259
      vertex -6.07882 -1.56077 21.2424
      vertex -5.83527 -2.31035 21.2424
    endloop
  endfacet
  facet normal -0.0486499 -0.0402454 0.998005
    outer loop
      vertex -0.308963 -0.290135 23.3683
      vertex -1.02326 -0.743444 23.3152
      vertex -0.922016 -0.865831 23.3152
    endloop
  endfacet
  facet normal 0.194152 0.0122137 0.980895
    outer loop
      vertex 2.85135 0.360209 23.0538
      vertex 2.06942 0.261428 23.2098
      vertex 2.87401 0 23.0538
    endloop
  endfacet
  facet normal 0.0317258 0.123568 0.991829
    outer loop
      vertex 0.644567 1.98378 23.2098
      vertex 0.237004 1.24242 23.3152
      vertex 0.390852 1.20292 23.3152
    endloop
  endfacet
  facet normal 0.583206 -0.802711 0.124603
    outer loop
      vertex 4.26868 -5.15995 20.423
      vertex 3.58831 -5.65427 20.423
      vertex 3.61683 -5.69921 20
    endloop
  endfacet
  facet normal -0.288763 0.183255 0.939699
    outer loop
      vertex -3.48089 2.52901 22.6005
      vertex -3.77041 2.0728 22.6005
      vertex -3.16945 1.74242 22.8496
    endloop
  endfacet
  facet normal 0.646459 0.534798 0.544134
    outer loop
      vertex 5.2893 3.8429 20.8393
      vertex 4.76595 4.47552 20.8393
      vertex 5.07738 3.68893 21.2424
    endloop
  endfacet
  facet normal -0.341332 -0.0214765 0.939697
    outer loop
      vertex -3.61683 0 22.8496
      vertex -4.30261 0 22.6005
      vertex -4.26868 -0.53926 22.6005
    endloop
  endfacet
  facet normal -0.125316 -0.0239029 0.991829
    outer loop
      vertex -1.25485 -0.158524 23.3152
      vertex -2.06942 -0.261428 23.2098
      vertex -1.22509 -0.314548 23.3152
    endloop
  endfacet
  facet normal 0.759152 0.357237 0.544124
    outer loop
      vertex 6.07882 2.40677 20.8393
      vertex 5.49969 3.02348 21.2424
      vertex 5.83527 2.31035 21.2424
    endloop
  endfacet
  facet normal -0.428433 0.589694 0.684621
    outer loop
      vertex -3.36284 5.29899 21.2424
      vertex -4.00047 4.83573 21.2424
      vertex -3.16945 4.99426 21.6259
    endloop
  endfacet
  facet normal 0.450219 -0.81894 0.355865
    outer loop
      vertex 3.58831 -5.65427 20.423
      vertex 2.78372 -5.9157 20.8393
      vertex 2.85135 -6.05942 20.423
    endloop
  endfacet
  facet normal 0.759152 -0.357237 0.544124
    outer loop
      vertex 5.83527 -2.31035 21.2424
      vertex 5.49969 -3.02348 21.2424
      vertex 6.07882 -2.40677 20.8393
    endloop
  endfacet
  facet normal 0 -0.934533 0.355877
    outer loop
      vertex -0.420493 -6.68356 20.423
      vertex 0.41052 -6.52503 20.8393
      vertex -0.41052 -6.52503 20.8393
    endloop
  endfacet
  facet normal 0 -0.934533 0.355877
    outer loop
      vertex 0.41052 -6.52503 20.8393
      vertex -0.420493 -6.68356 20.423
      vertex 0.420493 -6.68356 20.423
    endloop
  endfacet
  facet normal 0.298529 -0.543022 0.784861
    outer loop
      vertex 2.92608 -4.61076 21.9838
      vertex 2.32512 -4.94114 21.9838
      vertex 3.16945 -4.99426 21.6259
    endloop
  endfacet
  facet normal 0.897778 -0.422455 0.124603
    outer loop
      vertex 6.2265 -2.46525 20.423
      vertex 5.86843 -3.2262 20.423
      vertex 6.27599 -2.48484 20
    endloop
  endfacet
  facet normal 0.341332 0.0214765 0.939697
    outer loop
      vertex 4.26868 0.53926 22.6005
      vertex 3.61683 0 22.8496
      vertex 4.30261 0 22.6005
    endloop
  endfacet
  facet normal 0.4042 -0.735214 0.544135
    outer loop
      vertex 3.36284 -5.29899 21.2424
      vertex 2.67219 -5.67869 21.2424
      vertex 3.5032 -5.52016 20.8393
    endloop
  endfacet
  facet normal -0.943642 -0.306615 0.124604
    outer loop
      vertex -6.2265 -2.46525 20.423
      vertex -6.53794 -1.67866 20
      vertex -6.27599 -2.48484 20
    endloop
  endfacet
  facet normal 0.0977547 -0.246907 0.964096
    outer loop
      vertex 1.53997 -3.27261 22.8496
      vertex 0.888118 -2.73335 23.0538
      vertex 1.11766 -3.43981 22.8496
    endloop
  endfacet
  facet normal -0.1288 -0.501652 0.855427
    outer loop
      vertex -0.922016 -4.83338 22.3103
      vertex -1.52053 -4.67971 22.3103
      vertex -1.02326 -5.36414 21.9838
    endloop
  endfacet
  facet normal -0.117124 -0.927164 0.355877
    outer loop
      vertex -0.41052 -6.52503 20.8393
      vertex -1.25485 -6.57816 20.423
      vertex -0.420493 -6.68356 20.423
    endloop
  endfacet
  facet normal 0.437301 -0.27752 0.855424
    outer loop
      vertex 4.3119 -2.37049 22.3103
      vertex 3.9808 -2.89222 22.3103
      vertex 4.78539 -2.63079 21.9838
    endloop
  endfacet
  facet normal -0.0428598 -0.339312 0.939697
    outer loop
      vertex -0.677726 -3.55277 22.8496
      vertex -0.806229 -4.2264 22.6005
      vertex -0.227102 -3.60969 22.8496
    endloop
  endfacet
  facet normal -0.309454 -0.145616 0.939699
    outer loop
      vertex -3.36284 -1.33144 22.8496
      vertex -4.00047 -1.5839 22.6005
      vertex -3.16945 -1.74242 22.8496
    endloop
  endfacet
  facet normal -0.492577 0.160049 0.855425
    outer loop
      vertex -4.575 1.81137 22.3103
      vertex -5.07738 2.01028 21.9838
      vertex -4.76595 1.22369 22.3103
    endloop
  endfacet
  facet normal 0.0620204 0.0118298 0.998005
    outer loop
      vertex 1.22509 0.314548 23.3152
      vertex 0.420493 0.0531206 23.3683
      vertex 1.25485 0.158524 23.3152
    endloop
  endfacet
  facet normal 0.0630143 -0.00396314 0.998005
    outer loop
      vertex 1.26482 0 23.3152
      vertex 0.423836 0 23.3683
      vertex 1.25485 -0.158524 23.3152
    endloop
  endfacet
  facet normal -0.0600484 0.01951 0.998005
    outer loop
      vertex -0.394073 0.156024 23.3683
      vertex -1.22509 0.314548 23.3152
      vertex -0.41052 0.105403 23.3683
    endloop
  endfacet
  facet normal 0.5232 0.33203 0.784868
    outer loop
      vertex 5.18342 2.84961 21.6259
      vertex 4.41793 3.20982 21.9838
      vertex 4.78539 2.63079 21.9838
    endloop
  endfacet
  facet normal -0.0600478 -0.0195132 0.998005
    outer loop
      vertex -0.394073 -0.156024 23.3683
      vertex -1.22509 -0.314548 23.3152
      vertex -1.176 -0.465612 23.3152
    endloop
  endfacet
  facet normal 0.359498 0.228144 0.904827
    outer loop
      vertex 4.3119 2.37049 22.3103
      vertex 3.48089 2.52901 22.6005
      vertex 3.77041 2.0728 22.6005
    endloop
  endfacet
  facet normal 0.399068 0.330138 0.855426
    outer loop
      vertex 3.9808 3.73822 21.9838
      vertex 3.9808 2.89222 22.3103
      vertex 4.41793 3.20982 21.9838
    endloop
  endfacet
  facet normal 0.265029 -0.0166743 0.964096
    outer loop
      vertex 3.61683 0 22.8496
      vertex 2.87401 0 23.0538
      vertex 3.58831 -0.453309 22.8496
    endloop
  endfacet
  facet normal -0.727457 -0.0457695 0.684625
    outer loop
      vertex -5.91507 0 21.6259
      vertex -6.27599 0 21.2424
      vertex -6.2265 -0.78659 21.2424
    endloop
  endfacet
  facet normal -0.943643 -0.306608 0.124619
    outer loop
      vertex -6.48638 -1.66542 20.423
      vertex -6.53794 -1.67866 20
      vertex -6.2265 -2.46525 20.423
    endloop
  endfacet
  facet normal -0.549305 0.756067 0.355847
    outer loop
      vertex -3.5032 5.52016 20.8393
      vertex -4.26868 5.15995 20.423
      vertex -4.16744 5.03757 20.8393
    endloop
  endfacet
  facet normal -0.932689 0.0586872 0.355875
    outer loop
      vertex -6.48638 0.81942 20.8393
      vertex -6.64397 0.839328 20.423
      vertex -6.53794 0 20.8393
    endloop
  endfacet
  facet normal -0.424935 -0.0267347 0.904829
    outer loop
      vertex -4.26868 -0.53926 22.6005
      vertex -4.92054 0 22.3103
      vertex -4.88174 -0.616707 22.3103
    endloop
  endfacet
  facet normal -0.185013 0.0601145 0.980896
    outer loop
      vertex -2.67219 1.05799 23.0538
      vertex -2.78372 0.714737 23.0538
      vertex -2.02033 0.518733 23.2098
    endloop
  endfacet
  facet normal -0.201026 0.276689 0.939698
    outer loop
      vertex -2.30545 3.63282 22.6005
      vertex -2.74259 3.31522 22.6005
      vertex -2.30545 2.78682 22.8496
    endloop
  endfacet
  facet normal -0.249512 0.453863 0.855425
    outer loop
      vertex -2.32512 4.94114 21.9838
      vertex -2.63656 4.15455 22.3103
      vertex -2.09506 4.45224 22.3103
    endloop
  endfacet
  facet normal -0.99025 -0.0623062 0.124588
    outer loop
      vertex -6.64397 -0.839328 20.423
      vertex -6.75 0 20
      vertex -6.69677 -0.845999 20
    endloop
  endfacet
  facet normal -0.498962 0.53134 0.684628
    outer loop
      vertex -4.00047 4.83573 21.2424
      vertex -4.575 4.29621 21.2424
      vertex -4.3119 4.04914 21.6259
    endloop
  endfacet
  facet normal 0.424937 0.0267368 0.904828
    outer loop
      vertex 4.92054 0 22.3103
      vertex 4.26868 0.53926 22.6005
      vertex 4.30261 0 22.6005
    endloop
  endfacet
  facet normal 0.932689 -0.0586872 0.355875
    outer loop
      vertex 6.53794 0 20.8393
      vertex 6.48638 -0.81942 20.8393
      vertex 6.64397 -0.839328 20.423
    endloop
  endfacet
  facet normal 0.646466 -0.534797 0.544126
    outer loop
      vertex 5.07738 -3.68893 21.2424
      vertex 4.575 -4.29621 21.2424
      vertex 4.76595 -4.47552 20.8393
    endloop
  endfacet
  facet normal -0.0649127 -0.513842 0.855426
    outer loop
      vertex -0.308963 -4.91083 22.3103
      vertex -1.02326 -5.36414 21.9838
      vertex -0.34289 -5.45009 21.9838
    endloop
  endfacet
  facet normal -0.249513 -0.453863 0.855425
    outer loop
      vertex -2.63656 -4.15455 22.3103
      vertex -2.92608 -4.61076 21.9838
      vertex -2.32512 -4.94114 21.9838
    endloop
  endfacet
  facet normal -0.493143 -0.678766 0.544138
    outer loop
      vertex -4.00047 -4.83573 21.2424
      vertex -4.16744 -5.03757 20.8393
      vertex -3.5032 -5.52016 20.8393
    endloop
  endfacet
  facet normal 0.516907 0.0325211 0.855423
    outer loop
      vertex 5.4178 0.684427 21.9838
      vertex 4.88174 0.616707 22.3103
      vertex 4.92054 0 22.3103
    endloop
  endfacet
  facet normal 0.615432 -0.390567 0.684617
    outer loop
      vertex 5.18342 -2.84961 21.6259
      vertex 5.07738 -3.68893 21.2424
      vertex 5.49969 -3.02348 21.2424
    endloop
  endfacet
  facet normal -0.0332786 -0.26346 0.964096
    outer loop
      vertex -0.18046 -2.86834 23.0538
      vertex -0.677726 -3.55277 22.8496
      vertex -0.227102 -3.60969 22.8496
    endloop
  endfacet
  facet normal -0.0232421 0.0587049 0.998005
    outer loop
      vertex -0.130972 0.403091 23.3683
      vertex -0.390852 1.20292 23.3152
      vertex -0.18046 0.383498 23.3683
    endloop
  endfacet
  facet normal -0.365258 -0.92253 0.1246
    outer loop
      vertex -2.85135 -6.05942 20.423
      vertex -2.87401 -6.10758 20
      vertex -2.06942 -6.36901 20.423
    endloop
  endfacet
  facet normal -0.0850517 -0.331264 0.939697
    outer loop
      vertex -0.677726 -3.55277 22.8496
      vertex -1.32958 -4.09203 22.6005
      vertex -0.806229 -4.2264 22.6005
    endloop
  endfacet
  facet normal 0.156085 -0.214837 0.964097
    outer loop
      vertex 2.30545 -2.78682 22.8496
      vertex 1.83196 -2.21446 23.0538
      vertex 1.93799 -3.05379 22.8496
    endloop
  endfacet
  facet normal 0.492577 -0.160049 0.855425
    outer loop
      vertex 4.76595 -1.22369 22.3103
      vertex 4.575 -1.81137 22.3103
      vertex 5.07738 -2.01028 21.9838
    endloop
  endfacet
  facet normal -0.888798 -0.288788 0.355864
    outer loop
      vertex -6.07882 -2.40677 20.8393
      vertex -6.48638 -1.66542 20.423
      vertex -6.2265 -2.46525 20.423
    endloop
  endfacet
  facet normal -0.659528 -0.310357 0.684617
    outer loop
      vertex -5.18342 -2.84961 21.6259
      vertex -5.83527 -2.31035 21.2424
      vertex -5.49969 -3.02348 21.2424
    endloop
  endfacet
  facet normal -0.424198 -0.451719 0.784861
    outer loop
      vertex -3.48089 -4.20767 21.9838
      vertex -4.3119 -4.04914 21.6259
      vertex -3.77041 -4.55764 21.6259
    endloop
  endfacet
  facet normal 0.205119 0.373113 0.904828
    outer loop
      vertex 2.63656 4.15455 22.3103
      vertex 2.09506 4.45224 22.3103
      vertex 2.30545 3.63282 22.6005
    endloop
  endfacet
  facet normal 0 -0.425777 0.904828
    outer loop
      vertex -0.270163 -4.29412 22.6005
      vertex 0.308963 -4.91083 22.3103
      vertex 0.270163 -4.29412 22.6005
    endloop
  endfacet
  facet normal 0 -0.425777 0.904828
    outer loop
      vertex 0.308963 -4.91083 22.3103
      vertex -0.270163 -4.29412 22.6005
      vertex -0.308963 -4.91083 22.3103
    endloop
  endfacet
  facet normal 0.341333 -0.021475 0.939697
    outer loop
      vertex 3.61683 0 22.8496
      vertex 3.58831 -0.453309 22.8496
      vertex 4.26868 -0.53926 22.6005
    endloop
  endfacet
  facet normal 0.404942 0.131574 0.904826
    outer loop
      vertex 4.575 1.81137 22.3103
      vertex 4.00047 1.5839 22.6005
      vertex 4.76595 1.22369 22.3103
    endloop
  endfacet
  facet normal 0.185016 0.0601111 0.980895
    outer loop
      vertex 2.67219 1.05799 23.0538
      vertex 1.93939 0.767858 23.2098
      vertex 2.02033 0.518733 23.2098
    endloop
  endfacet
  facet normal -0.181783 0.193577 0.964097
    outer loop
      vertex -1.83196 2.21446 23.0538
      vertex -2.30545 2.78682 22.8496
      vertex -2.09506 1.96739 23.0538
    endloop
  endfacet
  facet normal 0.0157014 0.061155 0.998005
    outer loop
      vertex 0.237004 1.24242 23.3152
      vertex 0.130972 0.403091 23.3683
      vertex 0.390852 1.20292 23.3152
    endloop
  endfacet
  facet normal -0.154103 0.600203 0.784862
    outer loop
      vertex -1.10837 5.8103 21.6259
      vertex -1.82786 5.62557 21.6259
      vertex -1.02326 5.36414 21.9838
    endloop
  endfacet
  facet normal -0.252557 0.0820629 0.964096
    outer loop
      vertex -3.36284 1.33144 22.8496
      vertex -3.5032 0.899468 22.8496
      vertex -2.67219 1.05799 23.0538
    endloop
  endfacet
  facet normal 0.615432 0.390567 0.684617
    outer loop
      vertex 5.49969 3.02348 21.2424
      vertex 5.07738 3.68893 21.2424
      vertex 5.18342 2.84961 21.6259
    endloop
  endfacet
  facet normal -0.181265 0.705994 0.684628
    outer loop
      vertex -1.176 6.16483 21.2424
      vertex -1.82786 5.62557 21.6259
      vertex -1.10837 5.8103 21.6259
    endloop
  endfacet
  facet normal 0.205118 0.373112 0.904828
    outer loop
      vertex 2.09506 4.45224 22.3103
      vertex 1.83196 3.89312 22.6005
      vertex 2.30545 3.63282 22.6005
    endloop
  endfacet
  facet normal 0.468634 0.220521 0.855425
    outer loop
      vertex 5.07738 2.01028 21.9838
      vertex 4.3119 2.37049 22.3103
      vertex 4.575 1.81137 22.3103
    endloop
  endfacet
  facet normal 0.943643 0.306608 0.124619
    outer loop
      vertex 6.53794 1.67866 20
      vertex 6.2265 2.46525 20.423
      vertex 6.48638 1.66542 20.423
    endloop
  endfacet
  facet normal 0.437301 0.27752 0.855424
    outer loop
      vertex 4.78539 2.63079 21.9838
      vertex 3.9808 2.89222 22.3103
      vertex 4.3119 2.37049 22.3103
    endloop
  endfacet
  facet normal 0.309454 0.145616 0.939699
    outer loop
      vertex 4.00047 1.5839 22.6005
      vertex 3.16945 1.74242 22.8496
      vertex 3.36284 1.33144 22.8496
    endloop
  endfacet
  facet normal 0.974629 -0.185926 0.124618
    outer loop
      vertex 6.64397 -0.839328 20.423
      vertex 6.48638 -1.66542 20.423
      vertex 6.53794 -1.67866 20
    endloop
  endfacet
  facet normal 0.932699 0.0586737 0.355851
    outer loop
      vertex 6.64397 0.839328 20.423
      vertex 6.53794 0 20.8393
      vertex 6.69677 0 20.423
    endloop
  endfacet
  facet normal -0.797941 -0.259263 0.544125
    outer loop
      vertex -6.07882 -1.56077 21.2424
      vertex -6.33253 -1.62592 20.8393
      vertex -5.83527 -2.31035 21.2424
    endloop
  endfacet
  facet normal -0.91798 -0.175119 0.355875
    outer loop
      vertex -6.48638 -0.81942 20.8393
      vertex -6.64397 -0.839328 20.423
      vertex -6.48638 -1.66542 20.423
    endloop
  endfacet
  facet normal -0.618443 -0.0389074 0.784866
    outer loop
      vertex -5.4178 -0.684427 21.9838
      vertex -5.91507 0 21.6259
      vertex -5.86843 -0.741354 21.6259
    endloop
  endfacet
  facet normal -0.693222 -0.225248 0.684622
    outer loop
      vertex -5.72924 -1.47102 21.6259
      vertex -6.07882 -1.56077 21.2424
      vertex -5.49969 -2.17748 21.6259
    endloop
  endfacet
  facet normal -0.727457 0.0457695 0.684625
    outer loop
      vertex -6.2265 0.78659 21.2424
      vertex -6.27599 0 21.2424
      vertex -5.91507 0 21.6259
    endloop
  endfacet
  facet normal -0.560698 0.263836 0.784862
    outer loop
      vertex -5.18342 2.84961 21.6259
      vertex -5.49969 2.17748 21.6259
      vertex -5.07738 2.01028 21.9838
    endloop
  endfacet
  facet normal -0.252556 0.0820608 0.964096
    outer loop
      vertex -2.67219 1.05799 23.0538
      vertex -3.5032 0.899468 22.8496
      vertex -2.78372 0.714737 23.0538
    endloop
  endfacet
  facet normal -0.437301 0.27752 0.855424
    outer loop
      vertex -3.9808 2.89222 22.3103
      vertex -4.78539 2.63079 21.9838
      vertex -4.3119 2.37049 22.3103
    endloop
  endfacet
  facet normal -0.589342 0.19149 0.784862
    outer loop
      vertex -5.07738 2.01028 21.9838
      vertex -5.49969 2.17748 21.6259
      vertex -5.2893 1.35806 21.9838
    endloop
  endfacet
  facet normal -0.325263 0.105687 0.939699
    outer loop
      vertex -3.36284 1.33144 22.8496
      vertex -4.00047 1.5839 22.6005
      vertex -3.5032 0.899468 22.8496
    endloop
  endfacet
  facet normal -0.205119 0.373113 0.904828
    outer loop
      vertex -2.09506 4.45224 22.3103
      vertex -2.63656 4.15455 22.3103
      vertex -2.30545 3.63282 22.6005
    endloop
  endfacet
  facet normal 0.154103 0.600203 0.784862
    outer loop
      vertex 1.10837 5.8103 21.6259
      vertex 1.02326 5.36414 21.9838
      vertex 1.82786 5.62557 21.6259
    endloop
  endfacet
  facet normal -0.359498 0.228144 0.904827
    outer loop
      vertex -3.9808 2.89222 22.3103
      vertex -4.3119 2.37049 22.3103
      vertex -3.48089 2.52901 22.6005
    endloop
  endfacet
  facet normal -0.249513 0.453863 0.855425
    outer loop
      vertex -2.32512 4.94114 21.9838
      vertex -2.92608 4.61076 21.9838
      vertex -2.63656 4.15455 22.3103
    endloop
  endfacet
  facet normal -0.639747 0.681247 0.355847
    outer loop
      vertex -4.26868 5.15995 20.423
      vertex -4.76595 4.47552 20.8393
      vertex -4.16744 5.03757 20.8393
    endloop
  endfacet
  facet normal -0.404196 0.735225 0.544122
    outer loop
      vertex -2.78372 5.9157 20.8393
      vertex -3.5032 5.52016 20.8393
      vertex -2.67219 5.67869 21.2424
    endloop
  endfacet
  facet normal -0.30885 0.780083 0.544134
    outer loop
      vertex -2.02033 6.21795 20.8393
      vertex -2.67219 5.67869 21.2424
      vertex -1.93939 5.96882 21.2424
    endloop
  endfacet
  facet normal -0.493147 0.678766 0.544135
    outer loop
      vertex -3.5032 5.52016 20.8393
      vertex -4.00047 4.83573 21.2424
      vertex -3.36284 5.29899 21.2424
    endloop
  endfacet
  facet normal 0 0.728893 0.684627
    outer loop
      vertex 0.394073 6.26361 21.2424
      vertex -0.371409 5.9034 21.6259
      vertex 0.371409 5.9034 21.6259
    endloop
  endfacet
  facet normal 0 0.728893 0.684627
    outer loop
      vertex -0.371409 5.9034 21.6259
      vertex 0.394073 6.26361 21.2424
      vertex -0.394073 6.26361 21.2424
    endloop
  endfacet
  facet normal -0.365258 0.92253 0.1246
    outer loop
      vertex -2.06942 6.36901 20.423
      vertex -2.87401 6.10758 20
      vertex -2.85135 6.05942 20.423
    endloop
  endfacet
  facet normal 0.309454 -0.145619 0.939699
    outer loop
      vertex 4.00047 -1.5839 22.6005
      vertex 3.16945 -1.74242 22.8496
      vertex 3.77041 -2.0728 22.6005
    endloop
  endfacet
  facet normal 0.424198 -0.451719 0.784861
    outer loop
      vertex 4.3119 -4.04914 21.6259
      vertex 3.48089 -4.20767 21.9838
      vertex 3.77041 -4.55764 21.6259
    endloop
  endfacet
  facet normal 0.720076 -0.595685 0.355879
    outer loop
      vertex 5.4178 -3.93626 20.423
      vertex 4.76595 -4.47552 20.8393
      vertex 4.88174 -4.58426 20.423
    endloop
  endfacet
  facet normal 0.639747 -0.681247 0.355847
    outer loop
      vertex 4.76595 -4.47552 20.8393
      vertex 4.16744 -5.03757 20.8393
      vertex 4.26868 -5.15995 20.423
    endloop
  endfacet
  facet normal 0.608691 -0.116112 0.784865
    outer loop
      vertex 5.4178 -0.684427 21.9838
      vertex 5.2893 -1.35806 21.9838
      vertex 5.72924 -1.47102 21.6259
    endloop
  endfacet
  facet normal 0.4373 -0.277517 0.855426
    outer loop
      vertex 4.78539 -2.63079 21.9838
      vertex 3.9808 -2.89222 22.3103
      vertex 4.41793 -3.20982 21.9838
    endloop
  endfacet
  facet normal 0.478002 -0.869476 0.124599
    outer loop
      vertex 3.58831 -5.65427 20.423
      vertex 2.85135 -6.05942 20.423
      vertex 2.87401 -6.10758 20
    endloop
  endfacet
  facet normal 0.498968 -0.53134 0.684623
    outer loop
      vertex 4.3119 -4.04914 21.6259
      vertex 3.77041 -4.55764 21.6259
      vertex 4.00047 -4.83573 21.2424
    endloop
  endfacet
  facet normal 0.30443 -0.419007 0.855427
    outer loop
      vertex 3.13647 -3.79134 22.3103
      vertex 2.63656 -4.15455 22.3103
      vertex 3.48089 -4.20767 21.9838
    endloop
  endfacet
  facet normal 0.364232 -0.501326 0.784861
    outer loop
      vertex 3.48089 -4.20767 21.9838
      vertex 2.92608 -4.61076 21.9838
      vertex 3.16945 -4.99426 21.6259
    endloop
  endfacet
  facet normal 0.897777 -0.422459 0.124596
    outer loop
      vertex 6.27599 -2.48484 20
      vertex 5.86843 -3.2262 20.423
      vertex 5.91507 -3.25184 20
    endloop
  endfacet
  facet normal 0.932699 -0.0586737 0.355851
    outer loop
      vertex 6.69677 0 20.423
      vertex 6.53794 0 20.8393
      vertex 6.64397 -0.839328 20.423
    endloop
  endfacet
  facet normal 0.659528 0.310357 0.684617
    outer loop
      vertex 5.49969 3.02348 21.2424
      vertex 5.18342 2.84961 21.6259
      vertex 5.83527 2.31035 21.2424
    endloop
  endfacet
  facet normal 0.185013 -0.0601145 0.980896
    outer loop
      vertex 2.78372 -0.714737 23.0538
      vertex 2.02033 -0.518733 23.2098
      vertex 2.67219 -1.05799 23.0538
    endloop
  endfacet
  facet normal 0.191087 -0.0364566 0.980896
    outer loop
      vertex 2.06942 -0.261428 23.2098
      vertex 2.02033 -0.518733 23.2098
      vertex 2.78372 -0.714737 23.0538
    endloop
  endfacet
  facet normal -0.0243843 -0.193002 0.980895
    outer loop
      vertex -0.390852 -2.04892 23.2098
      vertex -0.538535 -2.8231 23.0538
      vertex -0.18046 -2.86834 23.0538
    endloop
  endfacet
  facet normal -0.133171 -0.141811 0.980895
    outer loop
      vertex -1.32958 -1.60719 23.2098
      vertex -2.09506 -1.96739 23.0538
      vertex -1.83196 -2.21446 23.0538
    endloop
  endfacet
  facet normal 0 -0.265554 0.964096
    outer loop
      vertex -0.18046 -2.86834 23.0538
      vertex 0.227102 -3.60969 22.8496
      vertex 0.18046 -2.86834 23.0538
    endloop
  endfacet
  facet normal 0 -0.265554 0.964096
    outer loop
      vertex 0.227102 -3.60969 22.8496
      vertex -0.18046 -2.86834 23.0538
      vertex -0.227102 -3.60969 22.8496
    endloop
  endfacet
  facet normal 0.1288 -0.501652 0.855427
    outer loop
      vertex 1.52053 -4.67971 22.3103
      vertex 0.922016 -4.83338 22.3103
      vertex 1.02326 -5.36414 21.9838
    endloop
  endfacet
  facet normal 0.201022 -0.276689 0.939698
    outer loop
      vertex 2.30545 -2.78682 22.8496
      vertex 1.93799 -3.05379 22.8496
      vertex 2.30545 -3.63282 22.6005
    endloop
  endfacet
  facet normal -0.0533634 -0.42242 0.904828
    outer loop
      vertex -0.270163 -4.29412 22.6005
      vertex -0.806229 -4.2264 22.6005
      vertex -0.308963 -4.91083 22.3103
    endloop
  endfacet
  facet normal 0.124352 -0.984384 0.124594
    outer loop
      vertex 1.25485 -6.57816 20.423
      vertex 0.420493 -6.68356 20.423
      vertex 1.26482 -6.63044 20
    endloop
  endfacet
  facet normal -0.549305 -0.756067 0.355847
    outer loop
      vertex -4.16744 -5.03757 20.8393
      vertex -4.26868 -5.15995 20.423
      vertex -3.5032 -5.52016 20.8393
    endloop
  endfacet
  facet normal -0.354545 -0.37755 0.855426
    outer loop
      vertex -3.58692 -3.36834 22.3103
      vertex -3.9808 -3.73822 21.9838
      vertex -3.48089 -4.20767 21.9838
    endloop
  endfacet
  facet normal -0.478 -0.869477 0.124602
    outer loop
      vertex -3.58831 -5.65427 20.423
      vertex -3.61683 -5.69921 20
      vertex -2.87401 -6.10758 20
    endloop
  endfacet
  facet normal -0.268321 -0.677716 0.68462
    outer loop
      vertex -1.82786 -5.62557 21.6259
      vertex -2.67219 -5.67869 21.2424
      vertex -1.93939 -5.96882 21.2424
    endloop
  endfacet
  facet normal -0.759152 -0.357237 0.544124
    outer loop
      vertex -5.83527 -2.31035 21.2424
      vertex -6.07882 -2.40677 20.8393
      vertex -5.49969 -3.02348 21.2424
    endloop
  endfacet
  facet normal -0.679209 -0.72329 0.124604
    outer loop
      vertex -4.26868 -5.15995 20.423
      vertex -4.92054 -4.62069 20
      vertex -4.30261 -5.20096 20
    endloop
  endfacet
  facet normal -0.789056 -0.500754 0.355859
    outer loop
      vertex -5.2893 -3.8429 20.8393
      vertex -5.72924 -3.14967 20.8393
      vertex -5.4178 -3.93626 20.423
    endloop
  endfacet
  facet normal -0.897777 -0.422459 0.124596
    outer loop
      vertex -5.86843 -3.2262 20.423
      vertex -6.27599 -2.48484 20
      vertex -5.91507 -3.25184 20
    endloop
  endfacet
  facet normal 0.246756 -0.961035 0.124594
    outer loop
      vertex 2.06942 -6.36901 20.423
      vertex 1.25485 -6.57816 20.423
      vertex 1.26482 -6.63044 20
    endloop
  endfacet
  facet normal 0.344028 -0.86891 0.355865
    outer loop
      vertex 2.78372 -5.9157 20.8393
      vertex 2.06942 -6.36901 20.423
      vertex 2.85135 -6.05942 20.423
    endloop
  endfacet
  facet normal 0.364232 -0.501326 0.784861
    outer loop
      vertex 3.48089 -4.20767 21.9838
      vertex 3.16945 -4.99426 21.6259
      vertex 3.77041 -4.55764 21.6259
    endloop
  endfacet
  facet normal 0.0913547 -0.723145 0.684628
    outer loop
      vertex 1.10837 -5.8103 21.6259
      vertex 0.371409 -5.9034 21.6259
      vertex 0.394073 -6.26361 21.2424
    endloop
  endfacet
  facet normal -0.0913547 -0.723145 0.684628
    outer loop
      vertex -0.371409 -5.9034 21.6259
      vertex -1.10837 -5.8103 21.6259
      vertex -0.394073 -6.26361 21.2424
    endloop
  endfacet
  facet normal 0 -0.61967 0.784863
    outer loop
      vertex -0.34289 -5.45009 21.9838
      vertex 0.371409 -5.9034 21.6259
      vertex 0.34289 -5.45009 21.9838
    endloop
  endfacet
  facet normal 0 -0.61967 0.784863
    outer loop
      vertex 0.371409 -5.9034 21.6259
      vertex -0.34289 -5.45009 21.9838
      vertex -0.371409 -5.9034 21.6259
    endloop
  endfacet
  facet normal 0.708388 -0.44956 0.544134
    outer loop
      vertex 5.49969 -3.02348 21.2424
      vertex 5.07738 -3.68893 21.2424
      vertex 5.2893 -3.8429 20.8393
    endloop
  endfacet
  facet normal 0.26352 -0.218004 0.939698
    outer loop
      vertex 3.48089 -2.52901 22.6005
      vertex 2.92608 -2.12592 22.8496
      vertex 3.13647 -2.94534 22.6005
    endloop
  endfacet
  facet normal 0.468635 -0.220523 0.855424
    outer loop
      vertex 5.07738 -2.01028 21.9838
      vertex 4.3119 -2.37049 22.3103
      vertex 4.78539 -2.63079 21.9838
    endloop
  endfacet
  facet normal 0.240281 -0.113066 0.964096
    outer loop
      vertex 3.36284 -1.33144 22.8496
      vertex 2.67219 -1.05799 23.0538
      vertex 3.16945 -1.74242 22.8496
    endloop
  endfacet
  facet normal -0.639724 -0.681251 0.35588
    outer loop
      vertex -4.76595 -4.47552 20.8393
      vertex -4.88174 -4.58426 20.423
      vertex -4.26868 -5.15995 20.423
    endloop
  endfacet
  facet normal -0.824144 -0.157216 0.544123
    outer loop
      vertex -6.07882 -1.56077 21.2424
      vertex -6.48638 -0.81942 20.8393
      vertex -6.33253 -1.62592 20.8393
    endloop
  endfacet
  facet normal -0.917982 -0.175117 0.35587
    outer loop
      vertex -6.48638 -0.81942 20.8393
      vertex -6.48638 -1.66542 20.423
      vertex -6.33253 -1.62592 20.8393
    endloop
  endfacet
  facet normal 0.121332 0.0394282 0.991829
    outer loop
      vertex 2.02033 0.518733 23.2098
      vertex 1.176 0.465612 23.3152
      vertex 1.22509 0.314548 23.3152
    endloop
  endfacet
  facet normal 0.0630139 0.00396561 0.998005
    outer loop
      vertex 1.25485 0.158524 23.3152
      vertex 0.420493 0.0531206 23.3683
      vertex 0.423836 0 23.3683
    endloop
  endfacet
  facet normal 0.252556 -0.0820608 0.964096
    outer loop
      vertex 2.78372 -0.714737 23.0538
      vertex 2.67219 -1.05799 23.0538
      vertex 3.5032 -0.899468 22.8496
    endloop
  endfacet
  facet normal 0.508753 0.0970481 0.855425
    outer loop
      vertex 5.2893 1.35806 21.9838
      vertex 4.76595 1.22369 22.3103
      vertex 5.4178 0.684427 21.9838
    endloop
  endfacet
  facet normal 0.240276 0.113071 0.964097
    outer loop
      vertex 3.16945 1.74242 22.8496
      vertex 2.51851 1.38456 23.0538
      vertex 2.67219 1.05799 23.0538
    endloop
  endfacet
  facet normal 0.33595 0.0640863 0.939697
    outer loop
      vertex 4.26868 0.53926 22.6005
      vertex 3.5032 0.899468 22.8496
      vertex 3.58831 0.453309 22.8496
    endloop
  endfacet
  facet normal 0.125317 0.0239086 0.991829
    outer loop
      vertex 2.02033 0.518733 23.2098
      vertex 1.22509 0.314548 23.3152
      vertex 2.06942 0.261428 23.2098
    endloop
  endfacet
  facet normal 0.125316 0.0239029 0.991829
    outer loop
      vertex 2.06942 0.261428 23.2098
      vertex 1.22509 0.314548 23.3152
      vertex 1.25485 0.158524 23.3152
    endloop
  endfacet
  facet normal -0.048649 0.0402467 0.998005
    outer loop
      vertex -0.308963 0.290135 23.3683
      vertex -1.02326 0.743444 23.3152
      vertex -0.34289 0.249125 23.3683
    endloop
  endfacet
  facet normal -0.0157014 0.061155 0.998005
    outer loop
      vertex -0.237004 1.24242 23.3152
      vertex -0.390852 1.20292 23.3152
      vertex -0.130972 0.403091 23.3683
    endloop
  endfacet
  facet normal 0.201026 0.276689 0.939698
    outer loop
      vertex 2.30545 3.63282 22.6005
      vertex 2.30545 2.78682 22.8496
      vertex 2.74259 3.31522 22.6005
    endloop
  endfacet
  facet normal -0.240281 0.113066 0.964096
    outer loop
      vertex -3.16945 1.74242 22.8496
      vertex -3.36284 1.33144 22.8496
      vertex -2.67219 1.05799 23.0538
    endloop
  endfacet
  facet normal 0.0332786 0.26346 0.964096
    outer loop
      vertex 0.227102 3.60969 22.8496
      vertex 0.18046 2.86834 23.0538
      vertex 0.677726 3.55277 22.8496
    endloop
  endfacet
  facet normal -0.250265 0.344461 0.904828
    outer loop
      vertex -2.63656 4.15455 22.3103
      vertex -2.74259 3.31522 22.6005
      vertex -2.30545 3.63282 22.6005
    endloop
  endfacet
  facet normal 0.574338 0.611607 0.544126
    outer loop
      vertex 4.76595 4.47552 20.8393
      vertex 4.00047 4.83573 21.2424
      vertex 4.575 4.29621 21.2424
    endloop
  endfacet
  facet normal 0.156738 0.395878 0.904828
    outer loop
      vertex 2.09506 4.45224 22.3103
      vertex 1.52053 4.67971 22.3103
      vertex 1.83196 3.89312 22.6005
    endloop
  endfacet
  facet normal 0.82414 0.15721 0.54413
    outer loop
      vertex 6.48638 0.81942 20.8393
      vertex 6.07882 1.56077 21.2424
      vertex 6.2265 0.78659 21.2424
    endloop
  endfacet
  facet normal 0.974629 0.185926 0.124618
    outer loop
      vertex 6.53794 1.67866 20
      vertex 6.48638 1.66542 20.423
      vertex 6.64397 0.839328 20.423
    endloop
  endfacet
  facet normal 0.508755 0.0970518 0.855423
    outer loop
      vertex 5.4178 0.684427 21.9838
      vertex 4.76595 1.22369 22.3103
      vertex 4.88174 0.616707 22.3103
    endloop
  endfacet
  facet normal 0.492577 0.160049 0.855425
    outer loop
      vertex 5.07738 2.01028 21.9838
      vertex 4.575 1.81137 22.3103
      vertex 4.76595 1.22369 22.3103
    endloop
  endfacet
  facet normal 0.888797 0.288784 0.355869
    outer loop
      vertex 6.48638 1.66542 20.423
      vertex 6.07882 2.40677 20.8393
      vertex 6.33253 1.62592 20.8393
    endloop
  endfacet
  facet normal 0.608689 0.116113 0.784866
    outer loop
      vertex 5.72924 1.47102 21.6259
      vertex 5.4178 0.684427 21.9838
      vertex 5.86843 0.741354 21.6259
    endloop
  endfacet
  facet normal 0.837744 0.531656 0.124607
    outer loop
      vertex 5.46086 3.96755 20
      vertex 5.4178 3.93626 20.423
      vertex 5.91507 3.25184 20
    endloop
  endfacet
  facet normal -0.789047 0.500758 0.355874
    outer loop
      vertex -5.4178 3.93626 20.423
      vertex -5.86843 3.2262 20.423
      vertex -5.72924 3.14967 20.8393
    endloop
  endfacet
  facet normal -0.124355 0.984383 0.124601
    outer loop
      vertex -0.423836 6.73668 20
      vertex -1.26482 6.63044 20
      vertex -0.420493 6.68356 20.423
    endloop
  endfacet
  facet normal 0.124355 0.984383 0.124601
    outer loop
      vertex 0.423836 6.73668 20
      vertex 0.420493 6.68356 20.423
      vertex 1.26482 6.63044 20
    endloop
  endfacet
  facet normal 0.154106 0.600197 0.784866
    outer loop
      vertex 1.82786 5.62557 21.6259
      vertex 1.02326 5.36414 21.9838
      vertex 1.6875 5.19359 21.9838
    endloop
  endfacet
  facet normal 0.0428598 0.339312 0.939697
    outer loop
      vertex 0.806229 4.2264 22.6005
      vertex 0.227102 3.60969 22.8496
      vertex 0.677726 3.55277 22.8496
    endloop
  endfacet
  facet normal 0.105152 0.832394 0.544118
    outer loop
      vertex 0.41052 6.52503 20.8393
      vertex 0.394073 6.26361 21.2424
      vertex 1.22509 6.42213 20.8393
    endloop
  endfacet
  facet normal -0.888797 -0.288784 0.355869
    outer loop
      vertex -6.33253 -1.62592 20.8393
      vertex -6.48638 -1.66542 20.423
      vertex -6.07882 -2.40677 20.8393
    endloop
  endfacet
  facet normal -0.797941 -0.259263 0.544125
    outer loop
      vertex -5.83527 -2.31035 21.2424
      vertex -6.33253 -1.62592 20.8393
      vertex -6.07882 -2.40677 20.8393
    endloop
  endfacet
  facet normal -0.715988 -0.13658 0.684621
    outer loop
      vertex -5.86843 -0.741354 21.6259
      vertex -6.2265 -0.78659 21.2424
      vertex -6.07882 -1.56077 21.2424
    endloop
  endfacet
  facet normal -0.618444 0.0389087 0.784865
    outer loop
      vertex -5.4178 0.684427 21.9838
      vertex -5.91507 0 21.6259
      vertex -5.46086 0 21.9838
    endloop
  endfacet
  facet normal -0.759149 -0.357226 0.544135
    outer loop
      vertex -5.49969 -3.02348 21.2424
      vertex -6.07882 -2.40677 20.8393
      vertex -5.72924 -3.14967 20.8393
    endloop
  endfacet
  facet normal -0.715987 -0.136581 0.684623
    outer loop
      vertex -5.86843 -0.741354 21.6259
      vertex -6.07882 -1.56077 21.2424
      vertex -5.72924 -1.47102 21.6259
    endloop
  endfacet
  facet normal -0.932699 -0.0586737 0.355851
    outer loop
      vertex -6.53794 0 20.8393
      vertex -6.69677 0 20.423
      vertex -6.64397 -0.839328 20.423
    endloop
  endfacet
  facet normal -0.990248 0.062294 0.124612
    outer loop
      vertex -6.64397 0.839328 20.423
      vertex -6.75 0 20
      vertex -6.69677 0 20.423
    endloop
  endfacet
  facet normal -0.837345 0.0526879 0.54413
    outer loop
      vertex -6.48638 0.81942 20.8393
      vertex -6.53794 0 20.8393
      vertex -6.2265 0.78659 21.2424
    endloop
  endfacet
  facet normal -0.759149 0.357226 0.544135
    outer loop
      vertex -5.72924 3.14967 20.8393
      vertex -6.07882 2.40677 20.8393
      vertex -5.49969 3.02348 21.2424
    endloop
  endfacet
  facet normal -0.659522 0.310337 0.684633
    outer loop
      vertex -5.18342 2.84961 21.6259
      vertex -5.83527 2.31035 21.2424
      vertex -5.49969 2.17748 21.6259
    endloop
  endfacet
  facet normal -0.693215 0.225236 0.684632
    outer loop
      vertex -5.83527 2.31035 21.2424
      vertex -6.07882 1.56077 21.2424
      vertex -5.49969 2.17748 21.6259
    endloop
  endfacet
  facet normal -0.508755 0.0970518 0.855423
    outer loop
      vertex -4.76595 1.22369 22.3103
      vertex -5.4178 0.684427 21.9838
      vertex -4.88174 0.616707 22.3103
    endloop
  endfacet
  facet normal -0.265029 0.0166743 0.964096
    outer loop
      vertex -3.58831 0.453309 22.8496
      vertex -3.61683 0 22.8496
      vertex -2.87401 0 23.0538
    endloop
  endfacet
  facet normal -0.404942 -0.131574 0.904826
    outer loop
      vertex -4.00047 -1.5839 22.6005
      vertex -4.76595 -1.22369 22.3103
      vertex -4.575 -1.81137 22.3103
    endloop
  endfacet
  facet normal -0.492578 -0.160049 0.855425
    outer loop
      vertex -4.76595 -1.22369 22.3103
      vertex -5.2893 -1.35806 21.9838
      vertex -5.07738 -2.01028 21.9838
    endloop
  endfacet
  facet normal -0.727461 -0.045766 0.684621
    outer loop
      vertex -5.91507 0 21.6259
      vertex -6.2265 -0.78659 21.2424
      vertex -5.86843 -0.741354 21.6259
    endloop
  endfacet
  facet normal -0.516908 0.0325207 0.855423
    outer loop
      vertex -5.4178 0.684427 21.9838
      vertex -5.46086 0 21.9838
      vertex -4.92054 0 22.3103
    endloop
  endfacet
  facet normal -0.26085 0.0497601 0.964096
    outer loop
      vertex -3.5032 0.899468 22.8496
      vertex -3.58831 0.453309 22.8496
      vertex -2.78372 0.714737 23.0538
    endloop
  endfacet
  facet normal -0.309454 0.145619 0.939699
    outer loop
      vertex -3.77041 2.0728 22.6005
      vertex -4.00047 1.5839 22.6005
      vertex -3.16945 1.74242 22.8496
    endloop
  endfacet
  facet normal -0.498968 0.53134 0.684623
    outer loop
      vertex -4.00047 4.83573 21.2424
      vertex -4.3119 4.04914 21.6259
      vertex -3.77041 4.55764 21.6259
    endloop
  endfacet
  facet normal -0.0428598 0.339312 0.939697
    outer loop
      vertex -0.227102 3.60969 22.8496
      vertex -0.806229 4.2264 22.6005
      vertex -0.677726 3.55277 22.8496
    endloop
  endfacet
  facet normal 0.0660428 0.25721 0.964096
    outer loop
      vertex 1.11766 3.43981 22.8496
      vertex 0.677726 3.55277 22.8496
      vertex 0.888118 2.73335 23.0538
    endloop
  endfacet
  facet normal 0.125897 0.317989 0.939698
    outer loop
      vertex 1.32958 4.09203 22.6005
      vertex 1.11766 3.43981 22.8496
      vertex 1.53997 3.27261 22.8496
    endloop
  endfacet
  facet normal -0.468635 0.220523 0.855424
    outer loop
      vertex -4.78539 2.63079 21.9838
      vertex -5.07738 2.01028 21.9838
      vertex -4.3119 2.37049 22.3103
    endloop
  endfacet
  facet normal -0.615424 0.390569 0.684623
    outer loop
      vertex -5.07738 3.68893 21.2424
      vertex -5.18342 2.84961 21.6259
      vertex -4.78539 3.47679 21.6259
    endloop
  endfacet
  facet normal -0.404942 0.131574 0.904826
    outer loop
      vertex -4.575 1.81137 22.3103
      vertex -4.76595 1.22369 22.3103
      vertex -4.00047 1.5839 22.6005
    endloop
  endfacet
  facet normal -0.385257 0.181289 0.904827
    outer loop
      vertex -3.77041 2.0728 22.6005
      vertex -4.3119 2.37049 22.3103
      vertex -4.00047 1.5839 22.6005
    endloop
  endfacet
  facet normal -0.759152 0.357237 0.544124
    outer loop
      vertex -5.49969 3.02348 21.2424
      vertex -6.07882 2.40677 20.8393
      vertex -5.83527 2.31035 21.2424
    endloop
  endfacet
  facet normal -0.720075 0.595699 0.355859
    outer loop
      vertex -4.76595 4.47552 20.8393
      vertex -5.4178 3.93626 20.423
      vertex -5.2893 3.8429 20.8393
    endloop
  endfacet
  facet normal -0.837744 0.531656 0.124607
    outer loop
      vertex -5.46086 3.96755 20
      vertex -5.91507 3.25184 20
      vertex -5.4178 3.93626 20.423
    endloop
  endfacet
  facet normal -0.974629 -0.185926 0.124618
    outer loop
      vertex -6.48638 -1.66542 20.423
      vertex -6.64397 -0.839328 20.423
      vertex -6.53794 -1.67866 20
    endloop
  endfacet
  facet normal -0.974636 -0.185912 0.124589
    outer loop
      vertex -6.64397 -0.839328 20.423
      vertex -6.69677 -0.845999 20
      vertex -6.53794 -1.67866 20
    endloop
  endfacet
  facet normal -0.549309 0.756056 0.355864
    outer loop
      vertex -3.58831 5.65427 20.423
      vertex -4.26868 5.15995 20.423
      vertex -3.5032 5.52016 20.8393
    endloop
  endfacet
  facet normal -0.679206 0.723295 0.124593
    outer loop
      vertex -4.26868 5.15995 20.423
      vertex -4.92054 4.62069 20
      vertex -4.88174 4.58426 20.423
    endloop
  endfacet
  facet normal -0.308861 0.780087 0.544122
    outer loop
      vertex -2.02033 6.21795 20.8393
      vertex -2.78372 5.9157 20.8393
      vertex -2.67219 5.67869 21.2424
    endloop
  endfacet
  facet normal -0.117123 0.927165 0.355876
    outer loop
      vertex -0.41052 6.52503 20.8393
      vertex -1.25485 6.57816 20.423
      vertex -1.22509 6.42213 20.8393
    endloop
  endfacet
  facet normal -0.228127 0.576157 0.784858
    outer loop
      vertex -1.82786 5.62557 21.6259
      vertex -2.51851 5.35211 21.6259
      vertex -2.32512 4.94114 21.9838
    endloop
  endfacet
  facet normal 0 0.992207 0.124601
    outer loop
      vertex 0.423836 6.73668 20
      vertex -0.420493 6.68356 20.423
      vertex 0.420493 6.68356 20.423
    endloop
  endfacet
  facet normal 0 0.992207 0.124601
    outer loop
      vertex -0.420493 6.68356 20.423
      vertex 0.423836 6.73668 20
      vertex -0.423836 6.73668 20
    endloop
  endfacet
  facet normal 0.477466 -0.394994 0.78486
    outer loop
      vertex 4.41793 -3.20982 21.9838
      vertex 3.9808 -3.73822 21.9838
      vertex 4.78539 -3.47679 21.6259
    endloop
  endfacet
  facet normal 0.328068 -0.271403 0.904827
    outer loop
      vertex 3.48089 -2.52901 22.6005
      vertex 3.13647 -2.94534 22.6005
      vertex 3.9808 -2.89222 22.3103
    endloop
  endfacet
  facet normal 0.646459 -0.534798 0.544134
    outer loop
      vertex 5.07738 -3.68893 21.2424
      vertex 4.76595 -4.47552 20.8393
      vertex 5.2893 -3.8429 20.8393
    endloop
  endfacet
  facet normal 0.720075 -0.595699 0.355859
    outer loop
      vertex 5.2893 -3.8429 20.8393
      vertex 4.76595 -4.47552 20.8393
      vertex 5.4178 -3.93626 20.423
    endloop
  endfacet
  facet normal 0.561624 -0.464611 0.684628
    outer loop
      vertex 5.07738 -3.68893 21.2424
      vertex 4.3119 -4.04914 21.6259
      vertex 4.575 -4.29621 21.2424
    endloop
  endfacet
  facet normal 0.574338 -0.611607 0.544126
    outer loop
      vertex 4.575 -4.29621 21.2424
      vertex 4.00047 -4.83573 21.2424
      vertex 4.76595 -4.47552 20.8393
    endloop
  endfacet
  facet normal 0.450219 -0.81894 0.355864
    outer loop
      vertex 3.5032 -5.52016 20.8393
      vertex 2.78372 -5.9157 20.8393
      vertex 3.58831 -5.65427 20.423
    endloop
  endfacet
  facet normal 0.888797 -0.288784 0.355869
    outer loop
      vertex 6.33253 -1.62592 20.8393
      vertex 6.07882 -2.40677 20.8393
      vertex 6.48638 -1.66542 20.423
    endloop
  endfacet
  facet normal 0.759149 -0.357226 0.544135
    outer loop
      vertex 6.07882 -2.40677 20.8393
      vertex 5.49969 -3.02348 21.2424
      vertex 5.72924 -3.14967 20.8393
    endloop
  endfacet
  facet normal 0.990248 -0.062294 0.124612
    outer loop
      vertex 6.69677 0 20.423
      vertex 6.64397 -0.839328 20.423
      vertex 6.75 0 20
    endloop
  endfacet
  facet normal 0.974636 0.185912 0.124589
    outer loop
      vertex 6.69677 0.845999 20
      vertex 6.53794 1.67866 20
      vertex 6.64397 0.839328 20.423
    endloop
  endfacet
  facet normal 0.845597 -0.397901 0.355866
    outer loop
      vertex 6.07882 -2.40677 20.8393
      vertex 5.86843 -3.2262 20.423
      vertex 6.2265 -2.46525 20.423
    endloop
  endfacet
  facet normal 0.659528 -0.310357 0.684617
    outer loop
      vertex 5.83527 -2.31035 21.2424
      vertex 5.18342 -2.84961 21.6259
      vertex 5.49969 -3.02348 21.2424
    endloop
  endfacet
  facet normal 0.498962 -0.53134 0.684628
    outer loop
      vertex 4.3119 -4.04914 21.6259
      vertex 4.00047 -4.83573 21.2424
      vertex 4.575 -4.29621 21.2424
    endloop
  endfacet
  facet normal 0.304429 -0.419013 0.855425
    outer loop
      vertex 3.48089 -4.20767 21.9838
      vertex 2.63656 -4.15455 22.3103
      vertex 2.92608 -4.61076 21.9838
    endloop
  endfacet
  facet normal 0.943642 -0.306615 0.124604
    outer loop
      vertex 6.53794 -1.67866 20
      vertex 6.2265 -2.46525 20.423
      vertex 6.27599 -2.48484 20
    endloop
  endfacet
  facet normal 0.618444 0.0389087 0.784865
    outer loop
      vertex 5.91507 0 21.6259
      vertex 5.4178 0.684427 21.9838
      vertex 5.46086 0 21.9838
    endloop
  endfacet
  facet normal 0.516908 0.0325207 0.855423
    outer loop
      vertex 5.4178 0.684427 21.9838
      vertex 4.92054 0 22.3103
      vertex 5.46086 0 21.9838
    endloop
  endfacet
  facet normal 0.618443 0.0389074 0.784866
    outer loop
      vertex 5.86843 0.741354 21.6259
      vertex 5.4178 0.684427 21.9838
      vertex 5.91507 0 21.6259
    endloop
  endfacet
  facet normal 0.516907 -0.0325211 0.855423
    outer loop
      vertex 4.92054 0 22.3103
      vertex 4.88174 -0.616707 22.3103
      vertex 5.4178 -0.684427 21.9838
    endloop
  endfacet
  facet normal -0.335948 -0.0640804 0.939698
    outer loop
      vertex -3.5032 -0.899468 22.8496
      vertex -4.26868 -0.53926 22.6005
      vertex -4.16744 -1.07002 22.6005
    endloop
  endfacet
  facet normal -0.0533098 0.0338316 0.998005
    outer loop
      vertex -1.02326 0.743444 23.3152
      vertex -1.10837 0.609333 23.3152
      vertex -0.371409 0.204185 23.3683
    endloop
  endfacet
  facet normal 0.0749893 -0.103209 0.991829
    outer loop
      vertex 0.806229 -0.974563 23.3152
      vertex 0.677726 -1.06793 23.3152
      vertex 1.32958 -1.60719 23.2098
    endloop
  endfacet
  facet normal -0.0614639 -0.111795 0.991829
    outer loop
      vertex -0.677726 -1.06793 23.3152
      vertex -1.11766 -1.76115 23.2098
      vertex -0.888118 -1.88735 23.2098
    endloop
  endfacet
  facet normal -0.185013 -0.0601145 0.980896
    outer loop
      vertex -2.02033 -0.518733 23.2098
      vertex -2.78372 -0.714737 23.0538
      vertex -2.67219 -1.05799 23.0538
    endloop
  endfacet
  facet normal -0.121332 -0.0394282 0.991829
    outer loop
      vertex -1.22509 -0.314548 23.3152
      vertex -2.02033 -0.518733 23.2098
      vertex -1.176 -0.465612 23.3152
    endloop
  endfacet
  facet normal -0.224214 -0.142287 0.964097
    outer loop
      vertex -2.32512 -1.6893 23.0538
      vertex -3.16945 -1.74242 22.8496
      vertex -2.92608 -2.12592 22.8496
    endloop
  endfacet
  facet normal 0.0649127 -0.513842 0.855426
    outer loop
      vertex 1.02326 -5.36414 21.9838
      vertex 0.308963 -4.91083 22.3103
      vertex 0.34289 -5.45009 21.9838
    endloop
  endfacet
  facet normal -0.250265 -0.344461 0.904828
    outer loop
      vertex -2.30545 -3.63282 22.6005
      vertex -2.74259 -3.31522 22.6005
      vertex -2.63656 -4.15455 22.3103
    endloop
  endfacet
  facet normal 0.228113 -0.576151 0.784866
    outer loop
      vertex 2.32512 -4.94114 21.9838
      vertex 1.6875 -5.19359 21.9838
      vertex 1.82786 -5.62557 21.6259
    endloop
  endfacet
  facet normal 0.26833 -0.677695 0.684638
    outer loop
      vertex 2.51851 -5.35211 21.6259
      vertex 1.82786 -5.62557 21.6259
      vertex 2.67219 -5.67869 21.2424
    endloop
  endfacet
  facet normal -0.583206 -0.802711 0.124603
    outer loop
      vertex -3.58831 -5.65427 20.423
      vertex -4.26868 -5.15995 20.423
      vertex -3.61683 -5.69921 20
    endloop
  endfacet
  facet normal -0.450219 -0.81894 0.355864
    outer loop
      vertex -3.5032 -5.52016 20.8393
      vertex -3.58831 -5.65427 20.423
      vertex -2.78372 -5.9157 20.8393
    endloop
  endfacet
  facet normal -0.208649 -0.812646 0.544124
    outer loop
      vertex -1.176 -6.16483 21.2424
      vertex -2.02033 -6.21795 20.8393
      vertex -1.22509 -6.42213 20.8393
    endloop
  endfacet
  facet normal -0.549309 -0.756056 0.355864
    outer loop
      vertex -3.5032 -5.52016 20.8393
      vertex -4.26868 -5.15995 20.423
      vertex -3.58831 -5.65427 20.423
    endloop
  endfacet
  facet normal -0.354543 -0.37755 0.855427
    outer loop
      vertex -3.13647 -3.79134 22.3103
      vertex -3.58692 -3.36834 22.3103
      vertex -3.48089 -4.20767 21.9838
    endloop
  endfacet
  facet normal 0.117124 -0.927164 0.355877
    outer loop
      vertex 1.25485 -6.57816 20.423
      vertex 0.41052 -6.52503 20.8393
      vertex 0.420493 -6.68356 20.423
    endloop
  endfacet
  facet normal -0.498968 -0.53134 0.684623
    outer loop
      vertex -3.77041 -4.55764 21.6259
      vertex -4.3119 -4.04914 21.6259
      vertex -4.00047 -4.83573 21.2424
    endloop
  endfacet
  facet normal -0.298529 -0.543022 0.784861
    outer loop
      vertex -2.92608 -4.61076 21.9838
      vertex -3.16945 -4.99426 21.6259
      vertex -2.32512 -4.94114 21.9838
    endloop
  endfacet
  facet normal -0.708388 -0.44956 0.544134
    outer loop
      vertex -5.49969 -3.02348 21.2424
      vertex -5.72924 -3.14967 20.8393
      vertex -5.2893 -3.8429 20.8393
    endloop
  endfacet
  facet normal -0.646466 -0.534797 0.544126
    outer loop
      vertex -4.575 -4.29621 21.2424
      vertex -5.07738 -3.68893 21.2424
      vertex -4.76595 -4.47552 20.8393
    endloop
  endfacet
  facet normal 0.478 -0.869477 0.124602
    outer loop
      vertex 3.58831 -5.65427 20.423
      vertex 2.87401 -6.10758 20
      vertex 3.61683 -5.69921 20
    endloop
  endfacet
  facet normal 0.232414 -0.905177 0.355862
    outer loop
      vertex 2.02033 -6.21795 20.8393
      vertex 1.25485 -6.57816 20.423
      vertex 2.06942 -6.36901 20.423
    endloop
  endfacet
  facet normal 0.549309 -0.756056 0.355864
    outer loop
      vertex 4.26868 -5.15995 20.423
      vertex 3.5032 -5.52016 20.8393
      vertex 3.58831 -5.65427 20.423
    endloop
  endfacet
  facet normal 0.404196 -0.735225 0.544122
    outer loop
      vertex 3.5032 -5.52016 20.8393
      vertex 2.67219 -5.67869 21.2424
      vertex 2.78372 -5.9157 20.8393
    endloop
  endfacet
  facet normal -0.117123 -0.927165 0.355876
    outer loop
      vertex -1.22509 -6.42213 20.8393
      vertex -1.25485 -6.57816 20.423
      vertex -0.41052 -6.52503 20.8393
    endloop
  endfacet
  facet normal 0.0913541 -0.723145 0.684628
    outer loop
      vertex 1.10837 -5.8103 21.6259
      vertex 0.394073 -6.26361 21.2424
      vertex 1.176 -6.16483 21.2424
    endloop
  endfacet
  facet normal 0.128804 -0.501654 0.855425
    outer loop
      vertex 1.52053 -4.67971 22.3103
      vertex 1.02326 -5.36414 21.9838
      vertex 1.6875 -5.19359 21.9838
    endloop
  endfacet
  facet normal -0.0776646 -0.614783 0.784863
    outer loop
      vertex -0.34289 -5.45009 21.9838
      vertex -1.02326 -5.36414 21.9838
      vertex -0.371409 -5.9034 21.6259
    endloop
  endfacet
  facet normal -0.0776654 -0.614784 0.784862
    outer loop
      vertex -1.02326 -5.36414 21.9838
      vertex -1.10837 -5.8103 21.6259
      vertex -0.371409 -5.9034 21.6259
    endloop
  endfacet
  facet normal -0.124355 -0.984383 0.124601
    outer loop
      vertex -0.420493 -6.68356 20.423
      vertex -1.26482 -6.63044 20
      vertex -0.423836 -6.73668 20
    endloop
  endfacet
  facet normal -0.344029 -0.86891 0.355864
    outer loop
      vertex -2.02033 -6.21795 20.8393
      vertex -2.78372 -5.9157 20.8393
      vertex -2.06942 -6.36901 20.423
    endloop
  endfacet
  facet normal 0.508755 -0.0970518 0.855423
    outer loop
      vertex 4.88174 -0.616707 22.3103
      vertex 4.76595 -1.22369 22.3103
      vertex 5.4178 -0.684427 21.9838
    endloop
  endfacet
  facet normal 0.715987 -0.136581 0.684623
    outer loop
      vertex 5.86843 -0.741354 21.6259
      vertex 5.72924 -1.47102 21.6259
      vertex 6.07882 -1.56077 21.2424
    endloop
  endfacet
  facet normal 0.424937 -0.0267368 0.904828
    outer loop
      vertex 4.30261 0 22.6005
      vertex 4.26868 -0.53926 22.6005
      vertex 4.92054 0 22.3103
    endloop
  endfacet
  facet normal 0.309454 -0.145616 0.939699
    outer loop
      vertex 3.36284 -1.33144 22.8496
      vertex 3.16945 -1.74242 22.8496
      vertex 4.00047 -1.5839 22.6005
    endloop
  endfacet
  facet normal -0.679206 -0.723295 0.124593
    outer loop
      vertex -4.88174 -4.58426 20.423
      vertex -4.92054 -4.62069 20
      vertex -4.26868 -5.15995 20.423
    endloop
  endfacet
  facet normal 0.0937238 0.170472 0.980895
    outer loop
      vertex 1.22369 2.60048 23.0538
      vertex 0.888118 1.88735 23.2098
      vertex 1.11766 1.76115 23.2098
    endloop
  endfacet
  facet normal -0.0469625 -0.118618 0.991829
    outer loop
      vertex -0.538535 -1.14445 23.3152
      vertex -0.644567 -1.98378 23.2098
      vertex -0.390852 -1.20292 23.3152
    endloop
  endfacet
  facet normal 0.164762 0.299705 0.939697
    outer loop
      vertex 1.83196 3.89312 22.6005
      vertex 1.53997 3.27261 22.8496
      vertex 2.30545 3.63282 22.6005
    endloop
  endfacet
  facet normal 0.0977603 0.2469 0.964097
    outer loop
      vertex 1.53997 3.27261 22.8496
      vertex 0.888118 2.73335 23.0538
      vertex 1.22369 2.60048 23.0538
    endloop
  endfacet
  facet normal 0.618443 -0.0389074 0.784866
    outer loop
      vertex 5.91507 0 21.6259
      vertex 5.4178 -0.684427 21.9838
      vertex 5.86843 -0.741354 21.6259
    endloop
  endfacet
  facet normal 0.424935 0.0267347 0.904829
    outer loop
      vertex 4.88174 0.616707 22.3103
      vertex 4.26868 0.53926 22.6005
      vertex 4.92054 0 22.3103
    endloop
  endfacet
  facet normal 0.0232422 0.0587049 0.998005
    outer loop
      vertex 0.390852 1.20292 23.3152
      vertex 0.18046 0.383498 23.3683
      vertex 0.538535 1.14445 23.3152
    endloop
  endfacet
  facet normal 0.240281 0.113066 0.964096
    outer loop
      vertex 3.16945 1.74242 22.8496
      vertex 2.67219 1.05799 23.0538
      vertex 3.36284 1.33144 22.8496
    endloop
  endfacet
  facet normal 0.194151 0.0122092 0.980896
    outer loop
      vertex 2.87401 0 23.0538
      vertex 2.06942 0.261428 23.2098
      vertex 2.08586 0 23.2098
    endloop
  endfacet
  facet normal 0.26085 -0.0497601 0.964096
    outer loop
      vertex 3.58831 -0.453309 22.8496
      vertex 2.78372 -0.714737 23.0538
      vertex 3.5032 -0.899468 22.8496
    endloop
  endfacet
  facet normal 0.325265 0.105685 0.939698
    outer loop
      vertex 4.00047 1.5839 22.6005
      vertex 3.5032 0.899468 22.8496
      vertex 4.16744 1.07002 22.6005
    endloop
  endfacet
  facet normal 0.164252 0.104238 0.980895
    outer loop
      vertex 2.32512 1.6893 23.0538
      vertex 1.6875 1.22604 23.2098
      vertex 1.82786 1.00487 23.2098
    endloop
  endfacet
  facet normal 0.468634 -0.220521 0.855425
    outer loop
      vertex 4.575 -1.81137 22.3103
      vertex 4.3119 -2.37049 22.3103
      vertex 5.07738 -2.01028 21.9838
    endloop
  endfacet
  facet normal 0.19109 -0.0364524 0.980895
    outer loop
      vertex 2.85135 -0.360209 23.0538
      vertex 2.06942 -0.261428 23.2098
      vertex 2.78372 -0.714737 23.0538
    endloop
  endfacet
  facet normal 0.0243814 0.193002 0.980895
    outer loop
      vertex 0.18046 2.86834 23.0538
      vertex 0.130972 2.08175 23.2098
      vertex 0.390852 2.04892 23.2098
    endloop
  endfacet
  facet normal 0.071617 0.180873 0.980895
    outer loop
      vertex 0.888118 2.73335 23.0538
      vertex 0.644567 1.98378 23.2098
      vertex 1.22369 2.60048 23.0538
    endloop
  endfacet
  facet normal 0.0533104 0.0338309 0.998005
    outer loop
      vertex 1.02326 0.743444 23.3152
      vertex 0.34289 0.249125 23.3683
      vertex 0.371409 0.204185 23.3683
    endloop
  endfacet
  facet normal -0.0600478 0.0195132 0.998005
    outer loop
      vertex -1.176 0.465612 23.3152
      vertex -1.22509 0.314548 23.3152
      vertex -0.394073 0.156024 23.3683
    endloop
  endfacet
  facet normal 0.127933 0.232702 0.964097
    outer loop
      vertex 1.53997 3.27261 22.8496
      vertex 1.22369 2.60048 23.0538
      vertex 1.93799 3.05379 22.8496
    endloop
  endfacet
  facet normal -0.0428641 0.339309 0.939698
    outer loop
      vertex -0.270163 4.29412 22.6005
      vertex -0.806229 4.2264 22.6005
      vertex -0.227102 3.60969 22.8496
    endloop
  endfacet
  facet normal -0.224214 0.142287 0.964097
    outer loop
      vertex -2.32512 1.6893 23.0538
      vertex -3.16945 1.74242 22.8496
      vertex -2.51851 1.38456 23.0538
    endloop
  endfacet
  facet normal -0.121332 0.0394282 0.991829
    outer loop
      vertex -1.176 0.465612 23.3152
      vertex -2.02033 0.518733 23.2098
      vertex -1.22509 0.314548 23.3152
    endloop
  endfacet
  facet normal -0.26085 0.0497599 0.964096
    outer loop
      vertex -2.78372 0.714737 23.0538
      vertex -3.58831 0.453309 22.8496
      vertex -2.85135 0.360209 23.0538
    endloop
  endfacet
  facet normal -0.194151 0.0122092 0.980896
    outer loop
      vertex -2.06942 0.261428 23.2098
      vertex -2.87401 0 23.0538
      vertex -2.08586 0 23.2098
    endloop
  endfacet
  facet normal 0.837742 0.531662 0.124596
    outer loop
      vertex 5.91507 3.25184 20
      vertex 5.4178 3.93626 20.423
      vertex 5.86843 3.2262 20.423
    endloop
  endfacet
  facet normal 0.0982985 0.0813205 0.991829
    outer loop
      vertex 1.52053 1.42787 23.2098
      vertex 1.02326 0.743444 23.3152
      vertex 1.6875 1.22604 23.2098
    endloop
  endfacet
  facet normal 0.164765 0.299698 0.939699
    outer loop
      vertex 2.30545 3.63282 22.6005
      vertex 1.53997 3.27261 22.8496
      vertex 1.93799 3.05379 22.8496
    endloop
  endfacet
  facet normal 0.845597 0.397901 0.355866
    outer loop
      vertex 6.2265 2.46525 20.423
      vertex 5.86843 3.2262 20.423
      vertex 6.07882 2.40677 20.8393
    endloop
  endfacet
  facet normal 0.943642 0.306615 0.124604
    outer loop
      vertex 6.27599 2.48484 20
      vertex 6.2265 2.46525 20.423
      vertex 6.53794 1.67866 20
    endloop
  endfacet
  facet normal 0.715987 0.136581 0.684623
    outer loop
      vertex 6.07882 1.56077 21.2424
      vertex 5.72924 1.47102 21.6259
      vertex 5.86843 0.741354 21.6259
    endloop
  endfacet
  facet normal 0.82414 -0.15721 0.54413
    outer loop
      vertex 6.2265 -0.78659 21.2424
      vertex 6.07882 -1.56077 21.2424
      vertex 6.48638 -0.81942 20.8393
    endloop
  endfacet
  facet normal 0.359498 0.228144 0.904827
    outer loop
      vertex 3.9808 2.89222 22.3103
      vertex 3.48089 2.52901 22.6005
      vertex 4.3119 2.37049 22.3103
    endloop
  endfacet
  facet normal 0.252557 0.0820629 0.964096
    outer loop
      vertex 3.36284 1.33144 22.8496
      vertex 2.67219 1.05799 23.0538
      vertex 3.5032 0.899468 22.8496
    endloop
  endfacet
  facet normal 0.4373 0.277517 0.855426
    outer loop
      vertex 4.41793 3.20982 21.9838
      vertex 3.9808 2.89222 22.3103
      vertex 4.78539 2.63079 21.9838
    endloop
  endfacet
  facet normal 0.615424 0.390569 0.684623
    outer loop
      vertex 5.07738 3.68893 21.2424
      vertex 4.78539 3.47679 21.6259
      vertex 5.18342 2.84961 21.6259
    endloop
  endfacet
  facet normal 0.589336 0.191493 0.784866
    outer loop
      vertex 5.49969 2.17748 21.6259
      vertex 5.2893 1.35806 21.9838
      vertex 5.72924 1.47102 21.6259
    endloop
  endfacet
  facet normal 0.693222 0.225248 0.684622
    outer loop
      vertex 6.07882 1.56077 21.2424
      vertex 5.49969 2.17748 21.6259
      vertex 5.72924 1.47102 21.6259
    endloop
  endfacet
  facet normal -0.91798 0.175119 0.355875
    outer loop
      vertex -6.48638 1.66542 20.423
      vertex -6.64397 0.839328 20.423
      vertex -6.48638 0.81942 20.8393
    endloop
  endfacet
  facet normal 0.250265 0.344461 0.904828
    outer loop
      vertex 2.63656 4.15455 22.3103
      vertex 2.30545 3.63282 22.6005
      vertex 2.74259 3.31522 22.6005
    endloop
  endfacet
  facet normal 0.19066 0.481556 0.855425
    outer loop
      vertex 1.6875 5.19359 21.9838
      vertex 1.52053 4.67971 22.3103
      vertex 2.32512 4.94114 21.9838
    endloop
  endfacet
  facet normal 0.124352 0.984384 0.124594
    outer loop
      vertex 1.26482 6.63044 20
      vertex 0.420493 6.68356 20.423
      vertex 1.25485 6.57816 20.423
    endloop
  endfacet
  facet normal 0.0913547 0.723145 0.684628
    outer loop
      vertex 0.394073 6.26361 21.2424
      vertex 0.371409 5.9034 21.6259
      vertex 1.10837 5.8103 21.6259
    endloop
  endfacet
  facet normal 0.228113 0.576151 0.784866
    outer loop
      vertex 1.82786 5.62557 21.6259
      vertex 1.6875 5.19359 21.9838
      vertex 2.32512 4.94114 21.9838
    endloop
  endfacet
  facet normal 0.117123 0.927165 0.355876
    outer loop
      vertex 1.25485 6.57816 20.423
      vertex 0.41052 6.52503 20.8393
      vertex 1.22509 6.42213 20.8393
    endloop
  endfacet
  facet normal 0.720075 0.595699 0.355859
    outer loop
      vertex 5.4178 3.93626 20.423
      vertex 4.76595 4.47552 20.8393
      vertex 5.2893 3.8429 20.8393
    endloop
  endfacet
  facet normal 0.76451 0.632453 0.124608
    outer loop
      vertex 5.46086 3.96755 20
      vertex 4.92054 4.62069 20
      vertex 5.4178 3.93626 20.423
    endloop
  endfacet
  facet normal 0.181274 0.705999 0.68462
    outer loop
      vertex 1.93939 5.96882 21.2424
      vertex 1.176 6.16483 21.2424
      vertex 1.82786 5.62557 21.6259
    endloop
  endfacet
  facet normal -0.516907 -0.0325211 0.855423
    outer loop
      vertex -4.92054 0 22.3103
      vertex -5.4178 -0.684427 21.9838
      vertex -4.88174 -0.616707 22.3103
    endloop
  endfacet
  facet normal -0.837345 -0.0526879 0.54413
    outer loop
      vertex -6.2265 -0.78659 21.2424
      vertex -6.53794 0 20.8393
      vertex -6.48638 -0.81942 20.8393
    endloop
  endfacet
  facet normal -0.508755 -0.0970518 0.855423
    outer loop
      vertex -4.88174 -0.616707 22.3103
      vertex -5.4178 -0.684427 21.9838
      vertex -4.76595 -1.22369 22.3103
    endloop
  endfacet
  facet normal -0.325265 -0.105685 0.939698
    outer loop
      vertex -3.5032 -0.899468 22.8496
      vertex -4.16744 -1.07002 22.6005
      vertex -4.00047 -1.5839 22.6005
    endloop
  endfacet
  facet normal -0.615432 -0.390567 0.684617
    outer loop
      vertex -5.18342 -2.84961 21.6259
      vertex -5.49969 -3.02348 21.2424
      vertex -5.07738 -3.68893 21.2424
    endloop
  endfacet
  facet normal -0.498962 -0.53134 0.684628
    outer loop
      vertex -4.3119 -4.04914 21.6259
      vertex -4.575 -4.29621 21.2424
      vertex -4.00047 -4.83573 21.2424
    endloop
  endfacet
  facet normal -0.932699 0.0586737 0.355851
    outer loop
      vertex -6.64397 0.839328 20.423
      vertex -6.69677 0 20.423
      vertex -6.53794 0 20.8393
    endloop
  endfacet
  facet normal -0.932689 -0.0586872 0.355875
    outer loop
      vertex -6.53794 0 20.8393
      vertex -6.64397 -0.839328 20.423
      vertex -6.48638 -0.81942 20.8393
    endloop
  endfacet
  facet normal -0.727461 0.045766 0.684621
    outer loop
      vertex -5.86843 0.741354 21.6259
      vertex -6.2265 0.78659 21.2424
      vertex -5.91507 0 21.6259
    endloop
  endfacet
  facet normal -0.618443 0.0389074 0.784866
    outer loop
      vertex -5.86843 0.741354 21.6259
      vertex -5.91507 0 21.6259
      vertex -5.4178 0.684427 21.9838
    endloop
  endfacet
  facet normal -0.328068 -0.271401 0.904827
    outer loop
      vertex -3.13647 -2.94534 22.6005
      vertex -3.9808 -2.89222 22.3103
      vertex -3.58692 -3.36834 22.3103
    endloop
  endfacet
  facet normal -0.5232 -0.33203 0.784868
    outer loop
      vertex -4.78539 -2.63079 21.9838
      vertex -5.18342 -2.84961 21.6259
      vertex -4.41793 -3.20982 21.9838
    endloop
  endfacet
  facet normal -0.0232421 -0.0587049 0.998005
    outer loop
      vertex -0.18046 -0.383498 23.3683
      vertex -0.390852 -1.20292 23.3152
      vertex -0.130972 -0.403091 23.3683
    endloop
  endfacet
  facet normal -0.252556 -0.0820608 0.964096
    outer loop
      vertex -2.78372 -0.714737 23.0538
      vertex -3.5032 -0.899468 22.8496
      vertex -2.67219 -1.05799 23.0538
    endloop
  endfacet
  facet normal -0.0982985 -0.0813205 0.991829
    outer loop
      vertex -1.02326 -0.743444 23.3152
      vertex -1.6875 -1.22604 23.2098
      vertex -1.52053 -1.42787 23.2098
    endloop
  endfacet
  facet normal -0.492577 -0.160049 0.855425
    outer loop
      vertex -4.76595 -1.22369 22.3103
      vertex -5.07738 -2.01028 21.9838
      vertex -4.575 -1.81137 22.3103
    endloop
  endfacet
  facet normal -0.341332 0.0214765 0.939697
    outer loop
      vertex -4.26868 0.53926 22.6005
      vertex -4.30261 0 22.6005
      vertex -3.61683 0 22.8496
    endloop
  endfacet
  facet normal -0.341333 0.021475 0.939697
    outer loop
      vertex -3.58831 0.453309 22.8496
      vertex -4.26868 0.53926 22.6005
      vertex -3.61683 0 22.8496
    endloop
  endfacet
  facet normal -0.309454 0.145616 0.939699
    outer loop
      vertex -3.16945 1.74242 22.8496
      vertex -4.00047 1.5839 22.6005
      vertex -3.36284 1.33144 22.8496
    endloop
  endfacet
  facet normal -0.404942 0.131574 0.904826
    outer loop
      vertex -4.00047 1.5839 22.6005
      vertex -4.76595 1.22369 22.3103
      vertex -4.16744 1.07002 22.6005
    endloop
  endfacet
  facet normal -0.399068 0.330138 0.855426
    outer loop
      vertex -3.9808 3.73822 21.9838
      vertex -4.41793 3.20982 21.9838
      vertex -3.9808 2.89222 22.3103
    endloop
  endfacet
  facet normal -0.30443 0.419007 0.855427
    outer loop
      vertex -2.63656 4.15455 22.3103
      vertex -3.48089 4.20767 21.9838
      vertex -3.13647 3.79134 22.3103
    endloop
  endfacet
  facet normal 0.0159914 0.12657 0.991829
    outer loop
      vertex 0.130972 2.08175 23.2098
      vertex 0.0794182 1.26233 23.3152
      vertex 0.237004 1.24242 23.3152
    endloop
  endfacet
  facet normal -0.071617 0.180873 0.980895
    outer loop
      vertex -0.888118 2.73335 23.0538
      vertex -1.22369 2.60048 23.0538
      vertex -0.644567 1.98378 23.2098
    endloop
  endfacet
  facet normal -0.164762 0.299705 0.939697
    outer loop
      vertex -1.83196 3.89312 22.6005
      vertex -2.30545 3.63282 22.6005
      vertex -1.53997 3.27261 22.8496
    endloop
  endfacet
  facet normal 0.0776646 0.614783 0.784863
    outer loop
      vertex 0.371409 5.9034 21.6259
      vertex 0.34289 5.45009 21.9838
      vertex 1.02326 5.36414 21.9838
    endloop
  endfacet
  facet normal -0.1288 0.501652 0.855427
    outer loop
      vertex -1.02326 5.36414 21.9838
      vertex -1.52053 4.67971 22.3103
      vertex -0.922016 4.83338 22.3103
    endloop
  endfacet
  facet normal -0.797941 0.259263 0.544125
    outer loop
      vertex -5.83527 2.31035 21.2424
      vertex -6.33253 1.62592 20.8393
      vertex -6.07882 1.56077 21.2424
    endloop
  endfacet
  facet normal -0.608691 0.116112 0.784865
    outer loop
      vertex -5.2893 1.35806 21.9838
      vertex -5.72924 1.47102 21.6259
      vertex -5.4178 0.684427 21.9838
    endloop
  endfacet
  facet normal -0.561625 0.464617 0.684623
    outer loop
      vertex -4.3119 4.04914 21.6259
      vertex -5.07738 3.68893 21.2424
      vertex -4.78539 3.47679 21.6259
    endloop
  endfacet
  facet normal -0.477467 0.394995 0.784859
    outer loop
      vertex -4.3119 4.04914 21.6259
      vertex -4.78539 3.47679 21.6259
      vertex -3.9808 3.73822 21.9838
    endloop
  endfacet
  facet normal -0.385259 0.181288 0.904826
    outer loop
      vertex -4.3119 2.37049 22.3103
      vertex -4.575 1.81137 22.3103
      vertex -4.00047 1.5839 22.6005
    endloop
  endfacet
  facet normal -0.468634 0.220521 0.855425
    outer loop
      vertex -4.3119 2.37049 22.3103
      vertex -5.07738 2.01028 21.9838
      vertex -4.575 1.81137 22.3103
    endloop
  endfacet
  facet normal -0.399069 0.330138 0.855426
    outer loop
      vertex -3.9808 3.73822 21.9838
      vertex -3.9808 2.89222 22.3103
      vertex -3.58692 3.36834 22.3103
    endloop
  endfacet
  facet normal -0.424198 0.451722 0.784859
    outer loop
      vertex -3.48089 4.20767 21.9838
      vertex -4.3119 4.04914 21.6259
      vertex -3.9808 3.73822 21.9838
    endloop
  endfacet
  facet normal -0.917982 0.175117 0.35587
    outer loop
      vertex -6.48638 1.66542 20.423
      vertex -6.48638 0.81942 20.8393
      vertex -6.33253 1.62592 20.8393
    endloop
  endfacet
  facet normal -0.789056 0.500754 0.355859
    outer loop
      vertex -5.4178 3.93626 20.423
      vertex -5.72924 3.14967 20.8393
      vertex -5.2893 3.8429 20.8393
    endloop
  endfacet
  facet normal -0.943642 0.306615 0.124604
    outer loop
      vertex -6.27599 2.48484 20
      vertex -6.53794 1.67866 20
      vertex -6.2265 2.46525 20.423
    endloop
  endfacet
  facet normal -0.365255 0.922532 0.124594
    outer loop
      vertex -2.08586 6.41963 20
      vertex -2.87401 6.10758 20
      vertex -2.06942 6.36901 20.423
    endloop
  endfacet
  facet normal -0.246755 0.961035 0.124596
    outer loop
      vertex -1.26482 6.63044 20
      vertex -2.08586 6.41963 20
      vertex -2.06942 6.36901 20.423
    endloop
  endfacet
  facet normal -0.646459 0.534798 0.544134
    outer loop
      vertex -4.76595 4.47552 20.8393
      vertex -5.2893 3.8429 20.8393
      vertex -5.07738 3.68893 21.2424
    endloop
  endfacet
  facet normal -0.845593 0.397903 0.355872
    outer loop
      vertex -5.86843 3.2262 20.423
      vertex -6.07882 2.40677 20.8393
      vertex -5.72924 3.14967 20.8393
    endloop
  endfacet
  facet normal -0.478 0.869477 0.124602
    outer loop
      vertex -2.87401 6.10758 20
      vertex -3.61683 5.69921 20
      vertex -3.58831 5.65427 20.423
    endloop
  endfacet
  facet normal -0.583206 0.802711 0.124603
    outer loop
      vertex -3.61683 5.69921 20
      vertex -4.26868 5.15995 20.423
      vertex -3.58831 5.65427 20.423
    endloop
  endfacet
  facet normal -0.845597 0.397901 0.355866
    outer loop
      vertex -5.86843 3.2262 20.423
      vertex -6.2265 2.46525 20.423
      vertex -6.07882 2.40677 20.8393
    endloop
  endfacet
  facet normal -0.679209 0.72329 0.124604
    outer loop
      vertex -4.30261 5.20096 20
      vertex -4.92054 4.62069 20
      vertex -4.26868 5.15995 20.423
    endloop
  endfacet
  facet normal -0.344028 0.86891 0.355865
    outer loop
      vertex -2.06942 6.36901 20.423
      vertex -2.85135 6.05942 20.423
      vertex -2.78372 5.9157 20.8393
    endloop
  endfacet
  facet normal -0.208655 0.812638 0.544135
    outer loop
      vertex -1.176 6.16483 21.2424
      vertex -2.02033 6.21795 20.8393
      vertex -1.93939 5.96882 21.2424
    endloop
  endfacet
  facet normal -0.154106 0.600197 0.784866
    outer loop
      vertex -1.02326 5.36414 21.9838
      vertex -1.82786 5.62557 21.6259
      vertex -1.6875 5.19359 21.9838
    endloop
  endfacet
  facet normal -0.26833 0.677695 0.684638
    outer loop
      vertex -1.82786 5.62557 21.6259
      vertex -2.67219 5.67869 21.2424
      vertex -2.51851 5.35211 21.6259
    endloop
  endfacet
  facet normal 0.679206 -0.723295 0.124593
    outer loop
      vertex 4.88174 -4.58426 20.423
      vertex 4.26868 -5.15995 20.423
      vertex 4.92054 -4.62069 20
    endloop
  endfacet
  facet normal 0.328068 -0.271401 0.904827
    outer loop
      vertex 3.9808 -2.89222 22.3103
      vertex 3.13647 -2.94534 22.6005
      vertex 3.58692 -3.36834 22.3103
    endloop
  endfacet
  facet normal 0.693222 -0.225248 0.684622
    outer loop
      vertex 5.72924 -1.47102 21.6259
      vertex 5.49969 -2.17748 21.6259
      vertex 6.07882 -1.56077 21.2424
    endloop
  endfacet
  facet normal 0.20461 -0.169268 0.964097
    outer loop
      vertex 2.92608 -2.12592 22.8496
      vertex 2.09506 -1.96739 23.0538
      vertex 2.63656 -2.47589 22.8496
    endloop
  endfacet
  facet normal 0.291466 -0.310378 0.904828
    outer loop
      vertex 3.13647 -2.94534 22.6005
      vertex 2.74259 -3.31522 22.6005
      vertex 3.58692 -3.36834 22.3103
    endloop
  endfacet
  facet normal 0.708388 -0.44956 0.544134
    outer loop
      vertex 5.49969 -3.02348 21.2424
      vertex 5.2893 -3.8429 20.8393
      vertex 5.72924 -3.14967 20.8393
    endloop
  endfacet
  facet normal 0.789056 -0.500754 0.355859
    outer loop
      vertex 5.72924 -3.14967 20.8393
      vertex 5.2893 -3.8429 20.8393
      vertex 5.4178 -3.93626 20.423
    endloop
  endfacet
  facet normal 0.493147 -0.678766 0.544135
    outer loop
      vertex 4.00047 -4.83573 21.2424
      vertex 3.36284 -5.29899 21.2424
      vertex 3.5032 -5.52016 20.8393
    endloop
  endfacet
  facet normal 0.493143 -0.678766 0.544138
    outer loop
      vertex 4.00047 -4.83573 21.2424
      vertex 3.5032 -5.52016 20.8393
      vertex 4.16744 -5.03757 20.8393
    endloop
  endfacet
  facet normal 0.764516 -0.632448 0.124594
    outer loop
      vertex 5.4178 -3.93626 20.423
      vertex 4.88174 -4.58426 20.423
      vertex 4.92054 -4.62069 20
    endloop
  endfacet
  facet normal 0.639724 -0.681251 0.35588
    outer loop
      vertex 4.76595 -4.47552 20.8393
      vertex 4.26868 -5.15995 20.423
      vertex 4.88174 -4.58426 20.423
    endloop
  endfacet
  facet normal 0.837742 -0.531662 0.124596
    outer loop
      vertex 5.86843 -3.2262 20.423
      vertex 5.4178 -3.93626 20.423
      vertex 5.91507 -3.25184 20
    endloop
  endfacet
  facet normal 0.824144 -0.157216 0.544123
    outer loop
      vertex 6.48638 -0.81942 20.8393
      vertex 6.07882 -1.56077 21.2424
      vertex 6.33253 -1.62592 20.8393
    endloop
  endfacet
  facet normal 0.917982 -0.175117 0.35587
    outer loop
      vertex 6.48638 -0.81942 20.8393
      vertex 6.33253 -1.62592 20.8393
      vertex 6.48638 -1.66542 20.423
    endloop
  endfacet
  facet normal 0.99025 -0.0623062 0.124588
    outer loop
      vertex 6.75 0 20
      vertex 6.64397 -0.839328 20.423
      vertex 6.69677 -0.845999 20
    endloop
  endfacet
  facet normal 0.974636 -0.185912 0.124589
    outer loop
      vertex 6.64397 -0.839328 20.423
      vertex 6.53794 -1.67866 20
      vertex 6.69677 -0.845999 20
    endloop
  endfacet
  facet normal 0.797941 -0.259263 0.544125
    outer loop
      vertex 6.33253 -1.62592 20.8393
      vertex 5.83527 -2.31035 21.2424
      vertex 6.07882 -2.40677 20.8393
    endloop
  endfacet
  facet normal 0.797941 -0.259263 0.544125
    outer loop
      vertex 6.07882 -1.56077 21.2424
      vertex 5.83527 -2.31035 21.2424
      vertex 6.33253 -1.62592 20.8393
    endloop
  endfacet
  facet normal 0.615424 -0.390569 0.684623
    outer loop
      vertex 5.18342 -2.84961 21.6259
      vertex 4.78539 -3.47679 21.6259
      vertex 5.07738 -3.68893 21.2424
    endloop
  endfacet
  facet normal 0.354543 -0.37755 0.855427
    outer loop
      vertex 3.58692 -3.36834 22.3103
      vertex 3.13647 -3.79134 22.3103
      vertex 3.48089 -4.20767 21.9838
    endloop
  endfacet
  facet normal 0.608691 0.116112 0.784865
    outer loop
      vertex 5.72924 1.47102 21.6259
      vertex 5.2893 1.35806 21.9838
      vertex 5.4178 0.684427 21.9838
    endloop
  endfacet
  facet normal 0.589342 0.19149 0.784862
    outer loop
      vertex 5.49969 2.17748 21.6259
      vertex 5.07738 2.01028 21.9838
      vertex 5.2893 1.35806 21.9838
    endloop
  endfacet
  facet normal 0.508753 -0.0970481 0.855425
    outer loop
      vertex 5.4178 -0.684427 21.9838
      vertex 4.76595 -1.22369 22.3103
      vertex 5.2893 -1.35806 21.9838
    endloop
  endfacet
  facet normal 0.608689 -0.116113 0.784866
    outer loop
      vertex 5.86843 -0.741354 21.6259
      vertex 5.4178 -0.684427 21.9838
      vertex 5.72924 -1.47102 21.6259
    endloop
  endfacet
  facet normal 0.990248 0.062294 0.124612
    outer loop
      vertex 6.75 0 20
      vertex 6.64397 0.839328 20.423
      vertex 6.69677 0 20.423
    endloop
  endfacet
  facet normal 0.99025 0.0623062 0.124588
    outer loop
      vertex 6.69677 0.845999 20
      vertex 6.64397 0.839328 20.423
      vertex 6.75 0 20
    endloop
  endfacet
  facet normal 0.91798 0.175119 0.355875
    outer loop
      vertex 6.48638 1.66542 20.423
      vertex 6.48638 0.81942 20.8393
      vertex 6.64397 0.839328 20.423
    endloop
  endfacet
  facet normal 0.932689 0.0586872 0.355875
    outer loop
      vertex 6.64397 0.839328 20.423
      vertex 6.48638 0.81942 20.8393
      vertex 6.53794 0 20.8393
    endloop
  endfacet
  facet normal 0.0571291 0.0268843 0.998005
    outer loop
      vertex 1.10837 0.609333 23.3152
      vertex 0.371409 0.204185 23.3683
      vertex 0.394073 0.156024 23.3683
    endloop
  endfacet
  facet normal -0.114348 -0.157382 0.980895
    outer loop
      vertex -1.32958 -1.60719 23.2098
      vertex -1.83196 -2.21446 23.0538
      vertex -1.53997 -2.42661 23.0538
    endloop
  endfacet
  facet normal -0.0432216 -0.0460259 0.998005
    outer loop
      vertex -0.308963 -0.290135 23.3683
      vertex -0.806229 -0.974563 23.3152
      vertex -0.270163 -0.326571 23.3683
    endloop
  endfacet
  facet normal 0.048377 0.188425 0.980895
    outer loop
      vertex 0.888118 2.73335 23.0538
      vertex 0.390852 2.04892 23.2098
      vertex 0.644567 1.98378 23.2098
    endloop
  endfacet
  facet normal 0.0332856 -0.263456 0.964097
    outer loop
      vertex 0.538535 -2.8231 23.0538
      vertex 0.18046 -2.86834 23.0538
      vertex 0.677726 -3.55277 22.8496
    endloop
  endfacet
  facet normal 0.0159893 -0.12657 0.991829
    outer loop
      vertex 0.237004 -1.24242 23.3152
      vertex 0.130972 -2.08175 23.2098
      vertex 0.390852 -2.04892 23.2098
    endloop
  endfacet
  facet normal 0.204609 -0.16927 0.964097
    outer loop
      vertex 2.32512 -1.6893 23.0538
      vertex 2.09506 -1.96739 23.0538
      vertex 2.92608 -2.12592 22.8496
    endloop
  endfacet
  facet normal 0.133171 -0.141811 0.980895
    outer loop
      vertex 2.09506 -1.96739 23.0538
      vertex 1.32958 -1.60719 23.2098
      vertex 1.83196 -2.21446 23.0538
    endloop
  endfacet
  facet normal -0.194152 -0.0122137 0.980895
    outer loop
      vertex -2.06942 -0.261428 23.2098
      vertex -2.87401 0 23.0538
      vertex -2.85135 -0.360209 23.0538
    endloop
  endfacet
  facet normal -0.194152 0.0122137 0.980895
    outer loop
      vertex -2.85135 0.360209 23.0538
      vertex -2.87401 0 23.0538
      vertex -2.06942 0.261428 23.2098
    endloop
  endfacet
  facet normal -0.0977547 -0.246907 0.964096
    outer loop
      vertex -0.888118 -2.73335 23.0538
      vertex -1.53997 -3.27261 22.8496
      vertex -1.11766 -3.43981 22.8496
    endloop
  endfacet
  facet normal 0.154106 -0.600197 0.784866
    outer loop
      vertex 1.6875 -5.19359 21.9838
      vertex 1.02326 -5.36414 21.9838
      vertex 1.82786 -5.62557 21.6259
    endloop
  endfacet
  facet normal 0.201026 -0.276689 0.939698
    outer loop
      vertex 2.30545 -2.78682 22.8496
      vertex 2.30545 -3.63282 22.6005
      vertex 2.74259 -3.31522 22.6005
    endloop
  endfacet
  facet normal 0.0243843 -0.193002 0.980895
    outer loop
      vertex 0.390852 -2.04892 23.2098
      vertex 0.18046 -2.86834 23.0538
      vertex 0.538535 -2.8231 23.0538
    endloop
  endfacet
  facet normal -0.105886 -0.412403 0.904827
    outer loop
      vertex -0.806229 -4.2264 22.6005
      vertex -1.52053 -4.67971 22.3103
      vertex -0.922016 -4.83338 22.3103
    endloop
  endfacet
  facet normal -0.26833 -0.677695 0.684638
    outer loop
      vertex -2.51851 -5.35211 21.6259
      vertex -2.67219 -5.67869 21.2424
      vertex -1.82786 -5.62557 21.6259
    endloop
  endfacet
  facet normal -0.125897 -0.317989 0.939698
    outer loop
      vertex -1.11766 -3.43981 22.8496
      vertex -1.53997 -3.27261 22.8496
      vertex -1.32958 -4.09203 22.6005
    endloop
  endfacet
  facet normal -0.071617 -0.180873 0.980895
    outer loop
      vertex -0.644567 -1.98378 23.2098
      vertex -1.22369 -2.60048 23.0538
      vertex -0.888118 -2.73335 23.0538
    endloop
  endfacet
  facet normal 0.205118 -0.373112 0.904828
    outer loop
      vertex 2.30545 -3.63282 22.6005
      vertex 1.83196 -3.89312 22.6005
      vertex 2.09506 -4.45224 22.3103
    endloop
  endfacet
  facet normal 0.19066 -0.481556 0.855425
    outer loop
      vertex 2.32512 -4.94114 21.9838
      vertex 1.52053 -4.67971 22.3103
      vertex 1.6875 -5.19359 21.9838
    endloop
  endfacet
  facet normal -0.4042 -0.735214 0.544135
    outer loop
      vertex -3.36284 -5.29899 21.2424
      vertex -3.5032 -5.52016 20.8393
      vertex -2.67219 -5.67869 21.2424
    endloop
  endfacet
  facet normal -0.298527 -0.543029 0.784858
    outer loop
      vertex -2.32512 -4.94114 21.9838
      vertex -3.16945 -4.99426 21.6259
      vertex -2.51851 -5.35211 21.6259
    endloop
  endfacet
  facet normal -0.404196 -0.735225 0.544122
    outer loop
      vertex -2.67219 -5.67869 21.2424
      vertex -3.5032 -5.52016 20.8393
      vertex -2.78372 -5.9157 20.8393
    endloop
  endfacet
  facet normal -0.308861 -0.780087 0.544122
    outer loop
      vertex -2.67219 -5.67869 21.2424
      vertex -2.78372 -5.9157 20.8393
      vertex -2.02033 -6.21795 20.8393
    endloop
  endfacet
  facet normal -0.0977603 -0.2469 0.964097
    outer loop
      vertex -1.22369 -2.60048 23.0538
      vertex -1.53997 -3.27261 22.8496
      vertex -0.888118 -2.73335 23.0538
    endloop
  endfacet
  facet normal -0.359498 -0.228144 0.904827
    outer loop
      vertex -3.48089 -2.52901 22.6005
      vertex -4.3119 -2.37049 22.3103
      vertex -3.9808 -2.89222 22.3103
    endloop
  endfacet
  facet normal -0.30443 -0.419007 0.855427
    outer loop
      vertex -3.13647 -3.79134 22.3103
      vertex -3.48089 -4.20767 21.9838
      vertex -2.63656 -4.15455 22.3103
    endloop
  endfacet
  facet normal -0.428433 -0.589692 0.684623
    outer loop
      vertex -3.77041 -4.55764 21.6259
      vertex -4.00047 -4.83573 21.2424
      vertex -3.16945 -4.99426 21.6259
    endloop
  endfacet
  facet normal -0.560688 -0.26384 0.784868
    outer loop
      vertex -5.07738 -2.01028 21.9838
      vertex -5.18342 -2.84961 21.6259
      vertex -4.78539 -2.63079 21.9838
    endloop
  endfacet
  facet normal -0.708388 -0.44956 0.544134
    outer loop
      vertex -5.07738 -3.68893 21.2424
      vertex -5.49969 -3.02348 21.2424
      vertex -5.2893 -3.8429 20.8393
    endloop
  endfacet
  facet normal -0.837742 -0.531662 0.124596
    outer loop
      vertex -5.86843 -3.2262 20.423
      vertex -5.91507 -3.25184 20
      vertex -5.4178 -3.93626 20.423
    endloop
  endfacet
  facet normal -0.639747 -0.681247 0.355847
    outer loop
      vertex -4.16744 -5.03757 20.8393
      vertex -4.76595 -4.47552 20.8393
      vertex -4.26868 -5.15995 20.423
    endloop
  endfacet
  facet normal -0.845593 -0.397903 0.355872
    outer loop
      vertex -5.72924 -3.14967 20.8393
      vertex -6.07882 -2.40677 20.8393
      vertex -5.86843 -3.2262 20.423
    endloop
  endfacet
  facet normal -0.845597 -0.397901 0.355866
    outer loop
      vertex -6.07882 -2.40677 20.8393
      vertex -6.2265 -2.46525 20.423
      vertex -5.86843 -3.2262 20.423
    endloop
  endfacet
  facet normal 0.365258 -0.92253 0.1246
    outer loop
      vertex 2.85135 -6.05942 20.423
      vertex 2.06942 -6.36901 20.423
      vertex 2.87401 -6.10758 20
    endloop
  endfacet
  facet normal 0.351137 -0.638728 0.684638
    outer loop
      vertex 3.16945 -4.99426 21.6259
      vertex 2.51851 -5.35211 21.6259
      vertex 2.67219 -5.67869 21.2424
    endloop
  endfacet
  facet normal 0.351158 -0.638735 0.684621
    outer loop
      vertex 3.16945 -4.99426 21.6259
      vertex 2.67219 -5.67869 21.2424
      vertex 3.36284 -5.29899 21.2424
    endloop
  endfacet
  facet normal 0.268321 -0.677716 0.68462
    outer loop
      vertex 2.67219 -5.67869 21.2424
      vertex 1.82786 -5.62557 21.6259
      vertex 1.93939 -5.96882 21.2424
    endloop
  endfacet
  facet normal 0.181274 -0.705999 0.68462
    outer loop
      vertex 1.82786 -5.62557 21.6259
      vertex 1.176 -6.16483 21.2424
      vertex 1.93939 -5.96882 21.2424
    endloop
  endfacet
  facet normal 0.105155 -0.83239 0.544123
    outer loop
      vertex 1.176 -6.16483 21.2424
      vertex 0.394073 -6.26361 21.2424
      vertex 1.22509 -6.42213 20.8393
    endloop
  endfacet
  facet normal -0.105152 -0.832394 0.544118
    outer loop
      vertex -0.394073 -6.26361 21.2424
      vertex -1.22509 -6.42213 20.8393
      vertex -0.41052 -6.52503 20.8393
    endloop
  endfacet
  facet normal 0.181265 -0.705994 0.684628
    outer loop
      vertex 1.82786 -5.62557 21.6259
      vertex 1.10837 -5.8103 21.6259
      vertex 1.176 -6.16483 21.2424
    endloop
  endfacet
  facet normal 0.154103 -0.600203 0.784862
    outer loop
      vertex 1.82786 -5.62557 21.6259
      vertex 1.02326 -5.36414 21.9838
      vertex 1.10837 -5.8103 21.6259
    endloop
  endfacet
  facet normal -0.128804 -0.501654 0.855425
    outer loop
      vertex -1.52053 -4.67971 22.3103
      vertex -1.6875 -5.19359 21.9838
      vertex -1.02326 -5.36414 21.9838
    endloop
  endfacet
  facet normal 0 -0.728893 0.684627
    outer loop
      vertex -0.394073 -6.26361 21.2424
      vertex 0.371409 -5.9034 21.6259
      vertex -0.371409 -5.9034 21.6259
    endloop
  endfacet
  facet normal 0 -0.728893 0.684627
    outer loop
      vertex 0.371409 -5.9034 21.6259
      vertex -0.394073 -6.26361 21.2424
      vertex 0.394073 -6.26361 21.2424
    endloop
  endfacet
  facet normal 0.0776646 -0.614783 0.784863
    outer loop
      vertex 1.02326 -5.36414 21.9838
      vertex 0.34289 -5.45009 21.9838
      vertex 0.371409 -5.9034 21.6259
    endloop
  endfacet
  facet normal 0 -0.992207 0.124601
    outer loop
      vertex -0.423836 -6.73668 20
      vertex 0.420493 -6.68356 20.423
      vertex -0.420493 -6.68356 20.423
    endloop
  endfacet
  facet normal 0 -0.992207 0.124601
    outer loop
      vertex 0.420493 -6.68356 20.423
      vertex -0.423836 -6.73668 20
      vertex 0.423836 -6.73668 20
    endloop
  endfacet
  facet normal 0.124355 -0.984383 0.124601
    outer loop
      vertex 1.26482 -6.63044 20
      vertex 0.420493 -6.68356 20.423
      vertex 0.423836 -6.73668 20
    endloop
  endfacet
  facet normal -0.181265 -0.705994 0.684628
    outer loop
      vertex -1.10837 -5.8103 21.6259
      vertex -1.82786 -5.62557 21.6259
      vertex -1.176 -6.16483 21.2424
    endloop
  endfacet
  facet normal -0.0913541 -0.723145 0.684628
    outer loop
      vertex -1.10837 -5.8103 21.6259
      vertex -1.176 -6.16483 21.2424
      vertex -0.394073 -6.26361 21.2424
    endloop
  endfacet
  facet normal -0.478002 -0.869476 0.124599
    outer loop
      vertex -2.85135 -6.05942 20.423
      vertex -3.58831 -5.65427 20.423
      vertex -2.87401 -6.10758 20
    endloop
  endfacet
  facet normal -0.344028 -0.86891 0.355865
    outer loop
      vertex -2.78372 -5.9157 20.8393
      vertex -2.85135 -6.05942 20.423
      vertex -2.06942 -6.36901 20.423
    endloop
  endfacet
  facet normal 0.618444 -0.0389087 0.784865
    outer loop
      vertex 5.46086 0 21.9838
      vertex 5.4178 -0.684427 21.9838
      vertex 5.91507 0 21.6259
    endloop
  endfacet
  facet normal 0.516908 -0.0325207 0.855423
    outer loop
      vertex 5.46086 0 21.9838
      vertex 4.92054 0 22.3103
      vertex 5.4178 -0.684427 21.9838
    endloop
  endfacet
  facet normal 0.589336 -0.191493 0.784866
    outer loop
      vertex 5.72924 -1.47102 21.6259
      vertex 5.2893 -1.35806 21.9838
      vertex 5.49969 -2.17748 21.6259
    endloop
  endfacet
  facet normal 0.492578 -0.160049 0.855425
    outer loop
      vertex 5.2893 -1.35806 21.9838
      vertex 4.76595 -1.22369 22.3103
      vertex 5.07738 -2.01028 21.9838
    endloop
  endfacet
  facet normal 0.204609 0.16927 0.964097
    outer loop
      vertex 2.92608 2.12592 22.8496
      vertex 2.09506 1.96739 23.0538
      vertex 2.32512 1.6893 23.0538
    endloop
  endfacet
  facet normal -0.0749893 0.103209 0.991829
    outer loop
      vertex -0.677726 1.06793 23.3152
      vertex -1.32958 1.60719 23.2098
      vertex -0.806229 0.974563 23.3152
    endloop
  endfacet
  facet normal 0.107716 0.068359 0.991829
    outer loop
      vertex 1.6875 1.22604 23.2098
      vertex 1.02326 0.743444 23.3152
      vertex 1.82786 1.00487 23.2098
    endloop
  endfacet
  facet normal 0.149892 0.124003 0.980895
    outer loop
      vertex 2.09506 1.96739 23.0538
      vertex 1.6875 1.22604 23.2098
      vertex 2.32512 1.6893 23.0538
    endloop
  endfacet
  facet normal -0.127325 0.00800778 0.991829
    outer loop
      vertex -1.25485 0.158524 23.3152
      vertex -2.06942 0.261428 23.2098
      vertex -1.26482 0 23.3152
    endloop
  endfacet
  facet normal 0.26352 0.218004 0.939698
    outer loop
      vertex 3.13647 2.94534 22.6005
      vertex 2.92608 2.12592 22.8496
      vertex 3.48089 2.52901 22.6005
    endloop
  endfacet
  facet normal 0.291466 0.310378 0.904828
    outer loop
      vertex 3.58692 3.36834 22.3103
      vertex 2.74259 3.31522 22.6005
      vertex 3.13647 2.94534 22.6005
    endloop
  endfacet
  facet normal 0.354545 0.37755 0.855426
    outer loop
      vertex 3.9808 3.73822 21.9838
      vertex 3.48089 4.20767 21.9838
      vertex 3.58692 3.36834 22.3103
    endloop
  endfacet
  facet normal 0.354543 0.37755 0.855427
    outer loop
      vertex 3.48089 4.20767 21.9838
      vertex 3.13647 3.79134 22.3103
      vertex 3.58692 3.36834 22.3103
    endloop
  endfacet
  facet normal 0.325263 0.105687 0.939699
    outer loop
      vertex 4.00047 1.5839 22.6005
      vertex 3.36284 1.33144 22.8496
      vertex 3.5032 0.899468 22.8496
    endloop
  endfacet
  facet normal 0.404942 0.131574 0.904826
    outer loop
      vertex 4.76595 1.22369 22.3103
      vertex 4.00047 1.5839 22.6005
      vertex 4.16744 1.07002 22.6005
    endloop
  endfacet
  facet normal 0.26085 -0.0497599 0.964096
    outer loop
      vertex 2.85135 -0.360209 23.0538
      vertex 2.78372 -0.714737 23.0538
      vertex 3.58831 -0.453309 22.8496
    endloop
  endfacet
  facet normal 0.0630139 -0.00396561 0.998005
    outer loop
      vertex 0.423836 0 23.3683
      vertex 0.420493 -0.0531206 23.3683
      vertex 1.25485 -0.158524 23.3152
    endloop
  endfacet
  facet normal 0.341332 -0.0214765 0.939697
    outer loop
      vertex 4.30261 0 22.6005
      vertex 3.61683 0 22.8496
      vertex 4.26868 -0.53926 22.6005
    endloop
  endfacet
  facet normal 0.341333 0.021475 0.939697
    outer loop
      vertex 4.26868 0.53926 22.6005
      vertex 3.58831 0.453309 22.8496
      vertex 3.61683 0 22.8496
    endloop
  endfacet
  facet normal 0.335948 0.0640804 0.939698
    outer loop
      vertex 4.16744 1.07002 22.6005
      vertex 3.5032 0.899468 22.8496
      vertex 4.26868 0.53926 22.6005
    endloop
  endfacet
  facet normal 0.185013 0.0601145 0.980896
    outer loop
      vertex 2.67219 1.05799 23.0538
      vertex 2.02033 0.518733 23.2098
      vertex 2.78372 0.714737 23.0538
    endloop
  endfacet
  facet normal 0.194151 -0.0122092 0.980896
    outer loop
      vertex 2.08586 0 23.2098
      vertex 2.06942 -0.261428 23.2098
      vertex 2.87401 0 23.0538
    endloop
  endfacet
  facet normal 0.26503 0.0166725 0.964096
    outer loop
      vertex 3.58831 0.453309 22.8496
      vertex 2.85135 0.360209 23.0538
      vertex 2.87401 0 23.0538
    endloop
  endfacet
  facet normal 0.385257 0.181289 0.904827
    outer loop
      vertex 4.3119 2.37049 22.3103
      vertex 3.77041 2.0728 22.6005
      vertex 4.00047 1.5839 22.6005
    endloop
  endfacet
  facet normal 0.288768 0.183253 0.939698
    outer loop
      vertex 3.48089 2.52901 22.6005
      vertex 2.92608 2.12592 22.8496
      vertex 3.16945 1.74242 22.8496
    endloop
  endfacet
  facet normal 0.33595 -0.0640863 0.939697
    outer loop
      vertex 3.58831 -0.453309 22.8496
      vertex 3.5032 -0.899468 22.8496
      vertex 4.26868 -0.53926 22.6005
    endloop
  endfacet
  facet normal 0.325263 -0.105687 0.939699
    outer loop
      vertex 3.5032 -0.899468 22.8496
      vertex 3.36284 -1.33144 22.8496
      vertex 4.00047 -1.5839 22.6005
    endloop
  endfacet
  facet normal -0.164254 0.104237 0.980895
    outer loop
      vertex -2.32512 1.6893 23.0538
      vertex -2.51851 1.38456 23.0538
      vertex -1.82786 1.00487 23.2098
    endloop
  endfacet
  facet normal -0.0660428 0.25721 0.964096
    outer loop
      vertex -0.677726 3.55277 22.8496
      vertex -1.11766 3.43981 22.8496
      vertex -0.888118 2.73335 23.0538
    endloop
  endfacet
  facet normal 0.0716147 0.180876 0.980895
    outer loop
      vertex 1.22369 2.60048 23.0538
      vertex 0.644567 1.98378 23.2098
      vertex 0.888118 1.88735 23.2098
    endloop
  endfacet
  facet normal 0.149892 0.124003 0.980895
    outer loop
      vertex 2.09506 1.96739 23.0538
      vertex 1.52053 1.42787 23.2098
      vertex 1.6875 1.22604 23.2098
    endloop
  endfacet
  facet normal 0.0660343 0.257208 0.964097
    outer loop
      vertex 0.677726 3.55277 22.8496
      vertex 0.538535 2.8231 23.0538
      vertex 0.888118 2.73335 23.0538
    endloop
  endfacet
  facet normal 0.0332856 0.263456 0.964097
    outer loop
      vertex 0.677726 3.55277 22.8496
      vertex 0.18046 2.86834 23.0538
      vertex 0.538535 2.8231 23.0538
    endloop
  endfacet
  facet normal -0.191087 0.0364566 0.980896
    outer loop
      vertex -2.02033 0.518733 23.2098
      vertex -2.78372 0.714737 23.0538
      vertex -2.06942 0.261428 23.2098
    endloop
  endfacet
  facet normal -0.0620202 -0.0118305 0.998005
    outer loop
      vertex -0.420493 -0.0531206 23.3683
      vertex -1.22509 -0.314548 23.3152
      vertex -0.41052 -0.105403 23.3683
    endloop
  endfacet
  facet normal -0.240276 0.113071 0.964097
    outer loop
      vertex -2.51851 1.38456 23.0538
      vertex -3.16945 1.74242 22.8496
      vertex -2.67219 1.05799 23.0538
    endloop
  endfacet
  facet normal 0.583206 0.802711 0.124603
    outer loop
      vertex 3.61683 5.69921 20
      vertex 3.58831 5.65427 20.423
      vertex 4.26868 5.15995 20.423
    endloop
  endfacet
  facet normal 0.18178 0.193578 0.964097
    outer loop
      vertex 2.30545 2.78682 22.8496
      vertex 2.09506 1.96739 23.0538
      vertex 2.63656 2.47589 22.8496
    endloop
  endfacet
  facet normal 0.085056 0.331259 0.939698
    outer loop
      vertex 1.32958 4.09203 22.6005
      vertex 0.677726 3.55277 22.8496
      vertex 1.11766 3.43981 22.8496
    endloop
  endfacet
  facet normal 0.11434 0.157384 0.980896
    outer loop
      vertex 1.53997 2.42661 23.0538
      vertex 1.11766 1.76115 23.2098
      vertex 1.32958 1.60719 23.2098
    endloop
  endfacet
  facet normal 0.114348 0.157382 0.980895
    outer loop
      vertex 1.53997 2.42661 23.0538
      vertex 1.32958 1.60719 23.2098
      vertex 1.83196 2.21446 23.0538
    endloop
  endfacet
  facet normal 0.789047 0.500758 0.355874
    outer loop
      vertex 5.86843 3.2262 20.423
      vertex 5.4178 3.93626 20.423
      vertex 5.72924 3.14967 20.8393
    endloop
  endfacet
  facet normal 0.708388 0.44956 0.544134
    outer loop
      vertex 5.2893 3.8429 20.8393
      vertex 5.07738 3.68893 21.2424
      vertex 5.49969 3.02348 21.2424
    endloop
  endfacet
  facet normal 0.418241 0.0797774 0.904826
    outer loop
      vertex 4.76595 1.22369 22.3103
      vertex 4.16744 1.07002 22.6005
      vertex 4.26868 0.53926 22.6005
    endloop
  endfacet
  facet normal 0.418234 0.0797836 0.904829
    outer loop
      vertex 4.76595 1.22369 22.3103
      vertex 4.26868 0.53926 22.6005
      vertex 4.88174 0.616707 22.3103
    endloop
  endfacet
  facet normal 0.385259 0.181288 0.904826
    outer loop
      vertex 4.3119 2.37049 22.3103
      vertex 4.00047 1.5839 22.6005
      vertex 4.575 1.81137 22.3103
    endloop
  endfacet
  facet normal 0.492578 0.160049 0.855425
    outer loop
      vertex 5.07738 2.01028 21.9838
      vertex 4.76595 1.22369 22.3103
      vertex 5.2893 1.35806 21.9838
    endloop
  endfacet
  facet normal 0.523203 0.332043 0.784861
    outer loop
      vertex 4.78539 3.47679 21.6259
      vertex 4.41793 3.20982 21.9838
      vertex 5.18342 2.84961 21.6259
    endloop
  endfacet
  facet normal 0.477466 0.394994 0.78486
    outer loop
      vertex 4.78539 3.47679 21.6259
      vertex 3.9808 3.73822 21.9838
      vertex 4.41793 3.20982 21.9838
    endloop
  endfacet
  facet normal 0.560698 0.263836 0.784862
    outer loop
      vertex 5.18342 2.84961 21.6259
      vertex 5.07738 2.01028 21.9838
      vertex 5.49969 2.17748 21.6259
    endloop
  endfacet
  facet normal 0.560688 0.26384 0.784868
    outer loop
      vertex 5.18342 2.84961 21.6259
      vertex 4.78539 2.63079 21.9838
      vertex 5.07738 2.01028 21.9838
    endloop
  endfacet
  facet normal 0.298529 0.543022 0.784861
    outer loop
      vertex 3.16945 4.99426 21.6259
      vertex 2.32512 4.94114 21.9838
      vertex 2.92608 4.61076 21.9838
    endloop
  endfacet
  facet normal 0.424198 0.451722 0.784859
    outer loop
      vertex 4.3119 4.04914 21.6259
      vertex 3.48089 4.20767 21.9838
      vertex 3.9808 3.73822 21.9838
    endloop
  endfacet
  facet normal 0.128804 0.501654 0.855425
    outer loop
      vertex 1.6875 5.19359 21.9838
      vertex 1.02326 5.36414 21.9838
      vertex 1.52053 4.67971 22.3103
    endloop
  endfacet
  facet normal -0.0649157 0.513838 0.855428
    outer loop
      vertex -0.308963 4.91083 22.3103
      vertex -1.02326 5.36414 21.9838
      vertex -0.922016 4.83338 22.3103
    endloop
  endfacet
  facet normal 0.498968 0.53134 0.684623
    outer loop
      vertex 4.00047 4.83573 21.2424
      vertex 3.77041 4.55764 21.6259
      vertex 4.3119 4.04914 21.6259
    endloop
  endfacet
  facet normal -0.246756 0.961035 0.124594
    outer loop
      vertex -1.26482 6.63044 20
      vertex -2.06942 6.36901 20.423
      vertex -1.25485 6.57816 20.423
    endloop
  endfacet
  facet normal 0 0.934533 0.355877
    outer loop
      vertex 0.420493 6.68356 20.423
      vertex -0.41052 6.52503 20.8393
      vertex 0.41052 6.52503 20.8393
    endloop
  endfacet
  facet normal 0 0.934533 0.355877
    outer loop
      vertex -0.41052 6.52503 20.8393
      vertex 0.420493 6.68356 20.423
      vertex -0.420493 6.68356 20.423
    endloop
  endfacet
  facet normal 0.117124 0.927164 0.355877
    outer loop
      vertex 0.420493 6.68356 20.423
      vertex 0.41052 6.52503 20.8393
      vertex 1.25485 6.57816 20.423
    endloop
  endfacet
  facet normal -0.0649127 0.513842 0.855426
    outer loop
      vertex -0.34289 5.45009 21.9838
      vertex -1.02326 5.36414 21.9838
      vertex -0.308963 4.91083 22.3103
    endloop
  endfacet
  facet normal -0.0776646 0.614783 0.784863
    outer loop
      vertex -0.371409 5.9034 21.6259
      vertex -1.02326 5.36414 21.9838
      vertex -0.34289 5.45009 21.9838
    endloop
  endfacet
  facet normal -0.0977547 0.246907 0.964096
    outer loop
      vertex -1.11766 3.43981 22.8496
      vertex -1.53997 3.27261 22.8496
      vertex -0.888118 2.73335 23.0538
    endloop
  endfacet
  facet normal 0.1288 0.501652 0.855427
    outer loop
      vertex 1.02326 5.36414 21.9838
      vertex 0.922016 4.83338 22.3103
      vertex 1.52053 4.67971 22.3103
    endloop
  endfacet
  facet normal 0.708388 0.44956 0.544134
    outer loop
      vertex 5.72924 3.14967 20.8393
      vertex 5.2893 3.8429 20.8393
      vertex 5.49969 3.02348 21.2424
    endloop
  endfacet
  facet normal 0.679209 0.72329 0.124604
    outer loop
      vertex 4.30261 5.20096 20
      vertex 4.26868 5.15995 20.423
      vertex 4.92054 4.62069 20
    endloop
  endfacet
  facet normal 0.549309 0.756056 0.355864
    outer loop
      vertex 3.58831 5.65427 20.423
      vertex 3.5032 5.52016 20.8393
      vertex 4.26868 5.15995 20.423
    endloop
  endfacet
  facet normal 0.365258 0.92253 0.1246
    outer loop
      vertex 2.87401 6.10758 20
      vertex 2.06942 6.36901 20.423
      vertex 2.85135 6.05942 20.423
    endloop
  endfacet
  facet normal -0.589336 -0.191493 0.784866
    outer loop
      vertex -5.2893 -1.35806 21.9838
      vertex -5.72924 -1.47102 21.6259
      vertex -5.49969 -2.17748 21.6259
    endloop
  endfacet
  facet normal -0.608689 -0.116113 0.784866
    outer loop
      vertex -5.4178 -0.684427 21.9838
      vertex -5.86843 -0.741354 21.6259
      vertex -5.72924 -1.47102 21.6259
    endloop
  endfacet
  facet normal -0.589342 -0.19149 0.784862
    outer loop
      vertex -5.2893 -1.35806 21.9838
      vertex -5.49969 -2.17748 21.6259
      vertex -5.07738 -2.01028 21.9838
    endloop
  endfacet
  facet normal -0.561624 -0.464611 0.684628
    outer loop
      vertex -4.3119 -4.04914 21.6259
      vertex -5.07738 -3.68893 21.2424
      vertex -4.575 -4.29621 21.2424
    endloop
  endfacet
  facet normal -0.560698 -0.263836 0.784862
    outer loop
      vertex -5.07738 -2.01028 21.9838
      vertex -5.49969 -2.17748 21.6259
      vertex -5.18342 -2.84961 21.6259
    endloop
  endfacet
  facet normal -0.659522 -0.310337 0.684633
    outer loop
      vertex -5.49969 -2.17748 21.6259
      vertex -5.83527 -2.31035 21.2424
      vertex -5.18342 -2.84961 21.6259
    endloop
  endfacet
  facet normal -0.888798 0.288788 0.355864
    outer loop
      vertex -6.2265 2.46525 20.423
      vertex -6.48638 1.66542 20.423
      vertex -6.07882 2.40677 20.8393
    endloop
  endfacet
  facet normal -0.693222 0.225248 0.684622
    outer loop
      vertex -5.49969 2.17748 21.6259
      vertex -6.07882 1.56077 21.2424
      vertex -5.72924 1.47102 21.6259
    endloop
  endfacet
  facet normal -0.837341 -0.0526831 0.544137
    outer loop
      vertex -6.27599 0 21.2424
      vertex -6.53794 0 20.8393
      vertex -6.2265 -0.78659 21.2424
    endloop
  endfacet
  facet normal -0.837341 0.0526831 0.544137
    outer loop
      vertex -6.2265 0.78659 21.2424
      vertex -6.53794 0 20.8393
      vertex -6.27599 0 21.2424
    endloop
  endfacet
  facet normal -0.608691 -0.116112 0.784865
    outer loop
      vertex -5.4178 -0.684427 21.9838
      vertex -5.72924 -1.47102 21.6259
      vertex -5.2893 -1.35806 21.9838
    endloop
  endfacet
  facet normal -0.404942 -0.131574 0.904826
    outer loop
      vertex -4.16744 -1.07002 22.6005
      vertex -4.76595 -1.22369 22.3103
      vertex -4.00047 -1.5839 22.6005
    endloop
  endfacet
  facet normal -0.516907 0.0325211 0.855423
    outer loop
      vertex -4.88174 0.616707 22.3103
      vertex -5.4178 0.684427 21.9838
      vertex -4.92054 0 22.3103
    endloop
  endfacet
  facet normal -0.589336 0.191493 0.784866
    outer loop
      vertex -5.49969 2.17748 21.6259
      vertex -5.72924 1.47102 21.6259
      vertex -5.2893 1.35806 21.9838
    endloop
  endfacet
  facet normal -0.328068 -0.271403 0.904827
    outer loop
      vertex -3.48089 -2.52901 22.6005
      vertex -3.9808 -2.89222 22.3103
      vertex -3.13647 -2.94534 22.6005
    endloop
  endfacet
  facet normal -0.291466 -0.31038 0.904827
    outer loop
      vertex -2.74259 -3.31522 22.6005
      vertex -3.58692 -3.36834 22.3103
      vertex -3.13647 -3.79134 22.3103
    endloop
  endfacet
  facet normal -0.477466 -0.394994 0.78486
    outer loop
      vertex -4.41793 -3.20982 21.9838
      vertex -4.78539 -3.47679 21.6259
      vertex -3.9808 -3.73822 21.9838
    endloop
  endfacet
  facet normal -0.428433 -0.589694 0.684621
    outer loop
      vertex -3.16945 -4.99426 21.6259
      vertex -4.00047 -4.83573 21.2424
      vertex -3.36284 -5.29899 21.2424
    endloop
  endfacet
  facet normal -0.385257 -0.181289 0.904827
    outer loop
      vertex -4.00047 -1.5839 22.6005
      vertex -4.3119 -2.37049 22.3103
      vertex -3.77041 -2.0728 22.6005
    endloop
  endfacet
  facet normal -0.240276 -0.113071 0.964097
    outer loop
      vertex -2.67219 -1.05799 23.0538
      vertex -3.16945 -1.74242 22.8496
      vertex -2.51851 -1.38456 23.0538
    endloop
  endfacet
  facet normal -0.107716 -0.0683589 0.991829
    outer loop
      vertex -1.10837 -0.609333 23.3152
      vertex -1.82786 -1.00487 23.2098
      vertex -1.02326 -0.743444 23.3152
    endloop
  endfacet
  facet normal -0.26085 -0.0497599 0.964096
    outer loop
      vertex -2.85135 -0.360209 23.0538
      vertex -3.58831 -0.453309 22.8496
      vertex -2.78372 -0.714737 23.0538
    endloop
  endfacet
  facet normal -0.418241 0.0797774 0.904826
    outer loop
      vertex -4.16744 1.07002 22.6005
      vertex -4.76595 1.22369 22.3103
      vertex -4.26868 0.53926 22.6005
    endloop
  endfacet
  facet normal -0.325265 0.105685 0.939698
    outer loop
      vertex -4.00047 1.5839 22.6005
      vertex -4.16744 1.07002 22.6005
      vertex -3.5032 0.899468 22.8496
    endloop
  endfacet
  facet normal -0.424935 0.0267347 0.904829
    outer loop
      vertex -4.88174 0.616707 22.3103
      vertex -4.92054 0 22.3103
      vertex -4.26868 0.53926 22.6005
    endloop
  endfacet
  facet normal -0.418234 0.0797836 0.904829
    outer loop
      vertex -4.76595 1.22369 22.3103
      vertex -4.88174 0.616707 22.3103
      vertex -4.26868 0.53926 22.6005
    endloop
  endfacet
  facet normal -0.424937 0.0267368 0.904828
    outer loop
      vertex -4.26868 0.53926 22.6005
      vertex -4.92054 0 22.3103
      vertex -4.30261 0 22.6005
    endloop
  endfacet
  facet normal -0.424937 -0.0267368 0.904828
    outer loop
      vertex -4.30261 0 22.6005
      vertex -4.92054 0 22.3103
      vertex -4.26868 -0.53926 22.6005
    endloop
  endfacet
  facet normal -0.335948 0.0640804 0.939698
    outer loop
      vertex -4.16744 1.07002 22.6005
      vertex -4.26868 0.53926 22.6005
      vertex -3.5032 0.899468 22.8496
    endloop
  endfacet
  facet normal -0.33595 0.0640863 0.939697
    outer loop
      vertex -3.5032 0.899468 22.8496
      vertex -4.26868 0.53926 22.6005
      vertex -3.58831 0.453309 22.8496
    endloop
  endfacet
  facet normal -0.477466 0.394994 0.78486
    outer loop
      vertex -3.9808 3.73822 21.9838
      vertex -4.78539 3.47679 21.6259
      vertex -4.41793 3.20982 21.9838
    endloop
  endfacet
  facet normal -0.359498 0.228144 0.904827
    outer loop
      vertex -3.48089 2.52901 22.6005
      vertex -4.3119 2.37049 22.3103
      vertex -3.77041 2.0728 22.6005
    endloop
  endfacet
  facet normal -0.263521 0.218003 0.939697
    outer loop
      vertex -2.63656 2.47589 22.8496
      vertex -3.13647 2.94534 22.6005
      vertex -2.92608 2.12592 22.8496
    endloop
  endfacet
  facet normal -0.26352 0.218004 0.939698
    outer loop
      vertex -3.13647 2.94534 22.6005
      vertex -3.48089 2.52901 22.6005
      vertex -2.92608 2.12592 22.8496
    endloop
  endfacet
  facet normal -0.128804 0.501654 0.855425
    outer loop
      vertex -1.02326 5.36414 21.9838
      vertex -1.6875 5.19359 21.9838
      vertex -1.52053 4.67971 22.3103
    endloop
  endfacet
  facet normal -0.149892 0.124003 0.980895
    outer loop
      vertex -2.09506 1.96739 23.0538
      vertex -2.32512 1.6893 23.0538
      vertex -1.6875 1.22604 23.2098
    endloop
  endfacet
  facet normal -0.133171 0.141811 0.980895
    outer loop
      vertex -1.83196 2.21446 23.0538
      vertex -2.09506 1.96739 23.0538
      vertex -1.32958 1.60719 23.2098
    endloop
  endfacet
  facet normal -0.304429 0.419013 0.855425
    outer loop
      vertex -2.92608 4.61076 21.9838
      vertex -3.48089 4.20767 21.9838
      vertex -2.63656 4.15455 22.3103
    endloop
  endfacet
  facet normal 0.125903 0.31799 0.939697
    outer loop
      vertex 1.83196 3.89312 22.6005
      vertex 1.32958 4.09203 22.6005
      vertex 1.53997 3.27261 22.8496
    endloop
  endfacet
  facet normal 0.156743 0.39588 0.904826
    outer loop
      vertex 1.52053 4.67971 22.3103
      vertex 1.32958 4.09203 22.6005
      vertex 1.83196 3.89312 22.6005
    endloop
  endfacet
  facet normal -0.523203 0.332043 0.784861
    outer loop
      vertex -4.78539 3.47679 21.6259
      vertex -5.18342 2.84961 21.6259
      vertex -4.41793 3.20982 21.9838
    endloop
  endfacet
  facet normal -0.4373 0.277517 0.855426
    outer loop
      vertex -4.41793 3.20982 21.9838
      vertex -4.78539 2.63079 21.9838
      vertex -3.9808 2.89222 22.3103
    endloop
  endfacet
  facet normal -0.424198 0.451719 0.784861
    outer loop
      vertex -3.77041 4.55764 21.6259
      vertex -4.3119 4.04914 21.6259
      vertex -3.48089 4.20767 21.9838
    endloop
  endfacet
  facet normal -0.561624 0.464611 0.684628
    outer loop
      vertex -4.575 4.29621 21.2424
      vertex -5.07738 3.68893 21.2424
      vertex -4.3119 4.04914 21.6259
    endloop
  endfacet
  facet normal -0.351137 0.638728 0.684638
    outer loop
      vertex -2.67219 5.67869 21.2424
      vertex -3.16945 4.99426 21.6259
      vertex -2.51851 5.35211 21.6259
    endloop
  endfacet
  facet normal -0.19066 0.481557 0.855425
    outer loop
      vertex -1.52053 4.67971 22.3103
      vertex -2.32512 4.94114 21.9838
      vertex -2.09506 4.45224 22.3103
    endloop
  endfacet
  facet normal -0.351158 0.638735 0.684621
    outer loop
      vertex -2.67219 5.67869 21.2424
      vertex -3.36284 5.29899 21.2424
      vertex -3.16945 4.99426 21.6259
    endloop
  endfacet
  facet normal -0.4042 0.735214 0.544135
    outer loop
      vertex -2.67219 5.67869 21.2424
      vertex -3.5032 5.52016 20.8393
      vertex -3.36284 5.29899 21.2424
    endloop
  endfacet
  facet normal -0.659528 0.310357 0.684617
    outer loop
      vertex -5.49969 3.02348 21.2424
      vertex -5.83527 2.31035 21.2424
      vertex -5.18342 2.84961 21.6259
    endloop
  endfacet
  facet normal -0.615432 0.390567 0.684617
    outer loop
      vertex -5.07738 3.68893 21.2424
      vertex -5.49969 3.02348 21.2424
      vertex -5.18342 2.84961 21.6259
    endloop
  endfacet
  facet normal -0.974636 0.185912 0.124589
    outer loop
      vertex -6.53794 1.67866 20
      vertex -6.69677 0.845999 20
      vertex -6.64397 0.839328 20.423
    endloop
  endfacet
  facet normal -0.943643 0.306608 0.124619
    outer loop
      vertex -6.2265 2.46525 20.423
      vertex -6.53794 1.67866 20
      vertex -6.48638 1.66542 20.423
    endloop
  endfacet
  facet normal -0.974629 0.185926 0.124618
    outer loop
      vertex -6.53794 1.67866 20
      vertex -6.64397 0.839328 20.423
      vertex -6.48638 1.66542 20.423
    endloop
  endfacet
  facet normal -0.574339 0.611596 0.544138
    outer loop
      vertex -4.16744 5.03757 20.8393
      vertex -4.76595 4.47552 20.8393
      vertex -4.00047 4.83573 21.2424
    endloop
  endfacet
  facet normal -0.493143 0.678766 0.544138
    outer loop
      vertex -3.5032 5.52016 20.8393
      vertex -4.16744 5.03757 20.8393
      vertex -4.00047 4.83573 21.2424
    endloop
  endfacet
  facet normal -0.708388 0.44956 0.544134
    outer loop
      vertex -5.2893 3.8429 20.8393
      vertex -5.72924 3.14967 20.8393
      vertex -5.49969 3.02348 21.2424
    endloop
  endfacet
  facet normal -0.708388 0.44956 0.544134
    outer loop
      vertex -5.2893 3.8429 20.8393
      vertex -5.49969 3.02348 21.2424
      vertex -5.07738 3.68893 21.2424
    endloop
  endfacet
  facet normal -0.764516 0.632448 0.124594
    outer loop
      vertex -4.92054 4.62069 20
      vertex -5.4178 3.93626 20.423
      vertex -4.88174 4.58426 20.423
    endloop
  endfacet
  facet normal -0.76451 0.632453 0.124608
    outer loop
      vertex -4.92054 4.62069 20
      vertex -5.46086 3.96755 20
      vertex -5.4178 3.93626 20.423
    endloop
  endfacet
  facet normal -0.232414 0.905177 0.355862
    outer loop
      vertex -1.25485 6.57816 20.423
      vertex -2.06942 6.36901 20.423
      vertex -2.02033 6.21795 20.8393
    endloop
  endfacet
  facet normal -0.208649 0.812646 0.544124
    outer loop
      vertex -1.22509 6.42213 20.8393
      vertex -2.02033 6.21795 20.8393
      vertex -1.176 6.16483 21.2424
    endloop
  endfacet
  facet normal -0.478002 0.869476 0.124599
    outer loop
      vertex -2.87401 6.10758 20
      vertex -3.58831 5.65427 20.423
      vertex -2.85135 6.05942 20.423
    endloop
  endfacet
  facet normal -0.344029 0.86891 0.355864
    outer loop
      vertex -2.06942 6.36901 20.423
      vertex -2.78372 5.9157 20.8393
      vertex -2.02033 6.21795 20.8393
    endloop
  endfacet
  facet normal -0.268321 0.677716 0.68462
    outer loop
      vertex -1.93939 5.96882 21.2424
      vertex -2.67219 5.67869 21.2424
      vertex -1.82786 5.62557 21.6259
    endloop
  endfacet
  facet normal -0.181274 0.705999 0.68462
    outer loop
      vertex -1.176 6.16483 21.2424
      vertex -1.93939 5.96882 21.2424
      vertex -1.82786 5.62557 21.6259
    endloop
  endfacet
  facet normal -0.19066 0.481556 0.855425
    outer loop
      vertex -1.6875 5.19359 21.9838
      vertex -2.32512 4.94114 21.9838
      vertex -1.52053 4.67971 22.3103
    endloop
  endfacet
  facet normal -0.228113 0.576151 0.784866
    outer loop
      vertex -1.82786 5.62557 21.6259
      vertex -2.32512 4.94114 21.9838
      vertex -1.6875 5.19359 21.9838
    endloop
  endfacet
  facet normal -0.124352 -0.984384 0.124594
    outer loop
      vertex -1.25485 -6.57816 20.423
      vertex -1.26482 -6.63044 20
      vertex -0.420493 -6.68356 20.423
    endloop
  endfacet
  facet normal -0.246755 -0.961035 0.124596
    outer loop
      vertex -2.06942 -6.36901 20.423
      vertex -2.08586 -6.41963 20
      vertex -1.26482 -6.63044 20
    endloop
  endfacet
  facet normal 0.399069 -0.330138 0.855426
    outer loop
      vertex 3.9808 -2.89222 22.3103
      vertex 3.58692 -3.36834 22.3103
      vertex 3.9808 -3.73822 21.9838
    endloop
  endfacet
  facet normal 0.399068 -0.330138 0.855426
    outer loop
      vertex 3.9808 -2.89222 22.3103
      vertex 3.9808 -3.73822 21.9838
      vertex 4.41793 -3.20982 21.9838
    endloop
  endfacet
  facet normal 0.404942 -0.131574 0.904826
    outer loop
      vertex 4.76595 -1.22369 22.3103
      vertex 4.00047 -1.5839 22.6005
      vertex 4.575 -1.81137 22.3103
    endloop
  endfacet
  facet normal 0.560688 -0.26384 0.784868
    outer loop
      vertex 5.07738 -2.01028 21.9838
      vertex 4.78539 -2.63079 21.9838
      vertex 5.18342 -2.84961 21.6259
    endloop
  endfacet
  facet normal 0.359498 -0.228144 0.904827
    outer loop
      vertex 3.77041 -2.0728 22.6005
      vertex 3.48089 -2.52901 22.6005
      vertex 4.3119 -2.37049 22.3103
    endloop
  endfacet
  facet normal 0.359498 -0.228144 0.904827
    outer loop
      vertex 4.3119 -2.37049 22.3103
      vertex 3.48089 -2.52901 22.6005
      vertex 3.9808 -2.89222 22.3103
    endloop
  endfacet
  facet normal 0.250265 -0.344461 0.904828
    outer loop
      vertex 2.74259 -3.31522 22.6005
      vertex 2.30545 -3.63282 22.6005
      vertex 2.63656 -4.15455 22.3103
    endloop
  endfacet
  facet normal 0.250269 -0.344461 0.904827
    outer loop
      vertex 2.74259 -3.31522 22.6005
      vertex 2.63656 -4.15455 22.3103
      vertex 3.13647 -3.79134 22.3103
    endloop
  endfacet
  facet normal 0.549305 -0.756067 0.355847
    outer loop
      vertex 4.16744 -5.03757 20.8393
      vertex 3.5032 -5.52016 20.8393
      vertex 4.26868 -5.15995 20.423
    endloop
  endfacet
  facet normal 0.574339 -0.611596 0.544138
    outer loop
      vertex 4.76595 -4.47552 20.8393
      vertex 4.00047 -4.83573 21.2424
      vertex 4.16744 -5.03757 20.8393
    endloop
  endfacet
  facet normal 0.428433 -0.589692 0.684623
    outer loop
      vertex 3.77041 -4.55764 21.6259
      vertex 3.16945 -4.99426 21.6259
      vertex 4.00047 -4.83573 21.2424
    endloop
  endfacet
  facet normal 0.428433 -0.589694 0.684621
    outer loop
      vertex 4.00047 -4.83573 21.2424
      vertex 3.16945 -4.99426 21.6259
      vertex 3.36284 -5.29899 21.2424
    endloop
  endfacet
  facet normal 0.845593 -0.397903 0.355872
    outer loop
      vertex 6.07882 -2.40677 20.8393
      vertex 5.72924 -3.14967 20.8393
      vertex 5.86843 -3.2262 20.423
    endloop
  endfacet
  facet normal 0.789047 -0.500758 0.355874
    outer loop
      vertex 5.72924 -3.14967 20.8393
      vertex 5.4178 -3.93626 20.423
      vertex 5.86843 -3.2262 20.423
    endloop
  endfacet
  facet normal 0.888798 -0.288788 0.355864
    outer loop
      vertex 6.48638 -1.66542 20.423
      vertex 6.07882 -2.40677 20.8393
      vertex 6.2265 -2.46525 20.423
    endloop
  endfacet
  facet normal 0.943643 -0.306608 0.124619
    outer loop
      vertex 6.48638 -1.66542 20.423
      vertex 6.2265 -2.46525 20.423
      vertex 6.53794 -1.67866 20
    endloop
  endfacet
  facet normal 0.837341 0.0526831 0.544137
    outer loop
      vertex 6.53794 0 20.8393
      vertex 6.2265 0.78659 21.2424
      vertex 6.27599 0 21.2424
    endloop
  endfacet
  facet normal 0.727457 0.0457695 0.684625
    outer loop
      vertex 6.2265 0.78659 21.2424
      vertex 5.91507 0 21.6259
      vertex 6.27599 0 21.2424
    endloop
  endfacet
  facet normal 0.354545 -0.37755 0.855426
    outer loop
      vertex 3.58692 -3.36834 22.3103
      vertex 3.48089 -4.20767 21.9838
      vertex 3.9808 -3.73822 21.9838
    endloop
  endfacet
  facet normal 0.424198 -0.451722 0.784859
    outer loop
      vertex 3.9808 -3.73822 21.9838
      vertex 3.48089 -4.20767 21.9838
      vertex 4.3119 -4.04914 21.6259
    endloop
  endfacet
  facet normal 0.727461 0.045766 0.684621
    outer loop
      vertex 6.2265 0.78659 21.2424
      vertex 5.86843 0.741354 21.6259
      vertex 5.91507 0 21.6259
    endloop
  endfacet
  facet normal 0.715988 0.13658 0.684621
    outer loop
      vertex 6.07882 1.56077 21.2424
      vertex 5.86843 0.741354 21.6259
      vertex 6.2265 0.78659 21.2424
    endloop
  endfacet
  facet normal 0.418241 -0.0797774 0.904826
    outer loop
      vertex 4.26868 -0.53926 22.6005
      vertex 4.16744 -1.07002 22.6005
      vertex 4.76595 -1.22369 22.3103
    endloop
  endfacet
  facet normal 0.335948 -0.0640804 0.939698
    outer loop
      vertex 4.26868 -0.53926 22.6005
      vertex 3.5032 -0.899468 22.8496
      vertex 4.16744 -1.07002 22.6005
    endloop
  endfacet
  facet normal 0.888798 0.288788 0.355864
    outer loop
      vertex 6.2265 2.46525 20.423
      vertex 6.07882 2.40677 20.8393
      vertex 6.48638 1.66542 20.423
    endloop
  endfacet
  facet normal 0.837345 0.0526879 0.54413
    outer loop
      vertex 6.48638 0.81942 20.8393
      vertex 6.2265 0.78659 21.2424
      vertex 6.53794 0 20.8393
    endloop
  endfacet
  facet normal 0.727457 -0.0457695 0.684625
    outer loop
      vertex 6.27599 0 21.2424
      vertex 5.91507 0 21.6259
      vertex 6.2265 -0.78659 21.2424
    endloop
  endfacet
  facet normal 0.837341 -0.0526831 0.544137
    outer loop
      vertex 6.27599 0 21.2424
      vertex 6.2265 -0.78659 21.2424
      vertex 6.53794 0 20.8393
    endloop
  endfacet
  facet normal 0.0232421 0.0587049 0.998005
    outer loop
      vertex 0.390852 1.20292 23.3152
      vertex 0.130972 0.403091 23.3683
      vertex 0.18046 0.383498 23.3683
    endloop
  endfacet
  facet normal -0.149892 -0.124003 0.980895
    outer loop
      vertex -1.6875 -1.22604 23.2098
      vertex -2.09506 -1.96739 23.0538
      vertex -1.52053 -1.42787 23.2098
    endloop
  endfacet
  facet normal -0.00791344 0.0626407 0.998005
    outer loop
      vertex -0.0266123 0.422999 23.3683
      vertex -0.237004 1.24242 23.3152
      vertex -0.0794182 0.416328 23.3683
    endloop
  endfacet
  facet normal -0.107716 0.0683589 0.991829
    outer loop
      vertex -1.02326 0.743444 23.3152
      vertex -1.82786 1.00487 23.2098
      vertex -1.10837 0.609333 23.3152
    endloop
  endfacet
  facet normal 0.107716 -0.068359 0.991829
    outer loop
      vertex 1.82786 -1.00487 23.2098
      vertex 1.02326 -0.743444 23.3152
      vertex 1.6875 -1.22604 23.2098
    endloop
  endfacet
  facet normal 0.0232422 -0.0587049 0.998005
    outer loop
      vertex 0.538535 -1.14445 23.3152
      vertex 0.18046 -0.383498 23.3683
      vertex 0.390852 -1.20292 23.3152
    endloop
  endfacet
  facet normal 0.0600484 -0.01951 0.998005
    outer loop
      vertex 0.41052 -0.105403 23.3683
      vertex 0.394073 -0.156024 23.3683
      vertex 1.22509 -0.314548 23.3152
    endloop
  endfacet
  facet normal 0.156092 -0.214836 0.964096
    outer loop
      vertex 1.83196 -2.21446 23.0538
      vertex 1.53997 -2.42661 23.0538
      vertex 1.93799 -3.05379 22.8496
    endloop
  endfacet
  facet normal -0.0232422 -0.0587049 0.998005
    outer loop
      vertex -0.18046 -0.383498 23.3683
      vertex -0.538535 -1.14445 23.3152
      vertex -0.390852 -1.20292 23.3152
    endloop
  endfacet
  facet normal 0.0332786 -0.26346 0.964096
    outer loop
      vertex 0.677726 -3.55277 22.8496
      vertex 0.18046 -2.86834 23.0538
      vertex 0.227102 -3.60969 22.8496
    endloop
  endfacet
  facet normal 0.0614598 -0.111796 0.991829
    outer loop
      vertex 0.677726 -1.06793 23.3152
      vertex 0.538535 -1.14445 23.3152
      vertex 0.888118 -1.88735 23.2098
    endloop
  endfacet
  facet normal -0.0317255 -0.123568 0.991829
    outer loop
      vertex -0.237004 -1.24242 23.3152
      vertex -0.644567 -1.98378 23.2098
      vertex -0.390852 -2.04892 23.2098
    endloop
  endfacet
  facet normal -0.0469645 -0.118617 0.991829
    outer loop
      vertex -0.538535 -1.14445 23.3152
      vertex -0.888118 -1.88735 23.2098
      vertex -0.644567 -1.98378 23.2098
    endloop
  endfacet
  facet normal 0.164252 -0.104238 0.980895
    outer loop
      vertex 1.82786 -1.00487 23.2098
      vertex 1.6875 -1.22604 23.2098
      vertex 2.32512 -1.6893 23.0538
    endloop
  endfacet
  facet normal 0.149892 -0.124003 0.980895
    outer loop
      vertex 1.6875 -1.22604 23.2098
      vertex 1.52053 -1.42787 23.2098
      vertex 2.09506 -1.96739 23.0538
    endloop
  endfacet
  facet normal -0.19109 0.0364524 0.980895
    outer loop
      vertex -2.78372 0.714737 23.0538
      vertex -2.85135 0.360209 23.0538
      vertex -2.06942 0.261428 23.2098
    endloop
  endfacet
  facet normal -0.127325 0.00800687 0.991829
    outer loop
      vertex -2.06942 0.261428 23.2098
      vertex -2.08586 0 23.2098
      vertex -1.26482 0 23.3152
    endloop
  endfacet
  facet normal -0.26503 0.0166725 0.964096
    outer loop
      vertex -2.85135 0.360209 23.0538
      vertex -3.58831 0.453309 22.8496
      vertex -2.87401 0 23.0538
    endloop
  endfacet
  facet normal -0.194151 -0.0122092 0.980896
    outer loop
      vertex -2.08586 0 23.2098
      vertex -2.87401 0 23.0538
      vertex -2.06942 -0.261428 23.2098
    endloop
  endfacet
  facet normal 0.156738 -0.395878 0.904828
    outer loop
      vertex 1.83196 -3.89312 22.6005
      vertex 1.52053 -4.67971 22.3103
      vertex 2.09506 -4.45224 22.3103
    endloop
  endfacet
  facet normal 0.19066 -0.481557 0.855425
    outer loop
      vertex 2.09506 -4.45224 22.3103
      vertex 1.52053 -4.67971 22.3103
      vertex 2.32512 -4.94114 21.9838
    endloop
  endfacet
  facet normal -0.0649157 -0.513838 0.855428
    outer loop
      vertex -0.922016 -4.83338 22.3103
      vertex -1.02326 -5.36414 21.9838
      vertex -0.308963 -4.91083 22.3103
    endloop
  endfacet
  facet normal -0.0533666 -0.422422 0.904827
    outer loop
      vertex -0.806229 -4.2264 22.6005
      vertex -0.922016 -4.83338 22.3103
      vertex -0.308963 -4.91083 22.3103
    endloop
  endfacet
  facet normal -0.205119 -0.373113 0.904828
    outer loop
      vertex -2.30545 -3.63282 22.6005
      vertex -2.63656 -4.15455 22.3103
      vertex -2.09506 -4.45224 22.3103
    endloop
  endfacet
  facet normal -0.185016 -0.0601111 0.980895
    outer loop
      vertex -2.02033 -0.518733 23.2098
      vertex -2.67219 -1.05799 23.0538
      vertex -1.93939 -0.767858 23.2098
    endloop
  endfacet
  facet normal -0.125903 -0.31799 0.939697
    outer loop
      vertex -1.53997 -3.27261 22.8496
      vertex -1.83196 -3.89312 22.6005
      vertex -1.32958 -4.09203 22.6005
    endloop
  endfacet
  facet normal -0.085056 -0.331259 0.939698
    outer loop
      vertex -1.11766 -3.43981 22.8496
      vertex -1.32958 -4.09203 22.6005
      vertex -0.677726 -3.55277 22.8496
    endloop
  endfacet
  facet normal 0.249512 -0.453863 0.855425
    outer loop
      vertex 2.63656 -4.15455 22.3103
      vertex 2.09506 -4.45224 22.3103
      vertex 2.32512 -4.94114 21.9838
    endloop
  endfacet
  facet normal 0.205119 -0.373113 0.904828
    outer loop
      vertex 2.30545 -3.63282 22.6005
      vertex 2.09506 -4.45224 22.3103
      vertex 2.63656 -4.15455 22.3103
    endloop
  endfacet
  facet normal -0.154103 -0.600203 0.784862
    outer loop
      vertex -1.02326 -5.36414 21.9838
      vertex -1.82786 -5.62557 21.6259
      vertex -1.10837 -5.8103 21.6259
    endloop
  endfacet
  facet normal -0.30885 -0.780083 0.544134
    outer loop
      vertex -1.93939 -5.96882 21.2424
      vertex -2.67219 -5.67869 21.2424
      vertex -2.02033 -6.21795 20.8393
    endloop
  endfacet
  facet normal -0.364232 -0.501326 0.784861
    outer loop
      vertex -3.48089 -4.20767 21.9838
      vertex -3.77041 -4.55764 21.6259
      vertex -3.16945 -4.99426 21.6259
    endloop
  endfacet
  facet normal -0.493147 -0.678766 0.544135
    outer loop
      vertex -3.36284 -5.29899 21.2424
      vertex -4.00047 -4.83573 21.2424
      vertex -3.5032 -5.52016 20.8393
    endloop
  endfacet
  facet normal -0.156743 -0.39588 0.904826
    outer loop
      vertex -1.32958 -4.09203 22.6005
      vertex -1.83196 -3.89312 22.6005
      vertex -1.52053 -4.67971 22.3103
    endloop
  endfacet
  facet normal -0.105885 -0.412405 0.904826
    outer loop
      vertex -1.32958 -4.09203 22.6005
      vertex -1.52053 -4.67971 22.3103
      vertex -0.806229 -4.2264 22.6005
    endloop
  endfacet
  facet normal -0.304429 -0.419013 0.855425
    outer loop
      vertex -2.63656 -4.15455 22.3103
      vertex -3.48089 -4.20767 21.9838
      vertex -2.92608 -4.61076 21.9838
    endloop
  endfacet
  facet normal -0.19066 -0.481557 0.855425
    outer loop
      vertex -2.09506 -4.45224 22.3103
      vertex -2.32512 -4.94114 21.9838
      vertex -1.52053 -4.67971 22.3103
    endloop
  endfacet
  facet normal -0.156738 -0.395878 0.904828
    outer loop
      vertex -1.83196 -3.89312 22.6005
      vertex -2.09506 -4.45224 22.3103
      vertex -1.52053 -4.67971 22.3103
    endloop
  endfacet
  facet normal -0.204609 -0.16927 0.964097
    outer loop
      vertex -2.32512 -1.6893 23.0538
      vertex -2.92608 -2.12592 22.8496
      vertex -2.09506 -1.96739 23.0538
    endloop
  endfacet
  facet normal -0.720075 -0.595699 0.355859
    outer loop
      vertex -5.2893 -3.8429 20.8393
      vertex -5.4178 -3.93626 20.423
      vertex -4.76595 -4.47552 20.8393
    endloop
  endfacet
  facet normal -0.646459 -0.534798 0.544134
    outer loop
      vertex -5.07738 -3.68893 21.2424
      vertex -5.2893 -3.8429 20.8393
      vertex -4.76595 -4.47552 20.8393
    endloop
  endfacet
  facet normal -0.837744 -0.531656 0.124607
    outer loop
      vertex -5.4178 -3.93626 20.423
      vertex -5.91507 -3.25184 20
      vertex -5.46086 -3.96755 20
    endloop
  endfacet
  facet normal -0.76451 -0.632453 0.124608
    outer loop
      vertex -5.4178 -3.93626 20.423
      vertex -5.46086 -3.96755 20
      vertex -4.92054 -4.62069 20
    endloop
  endfacet
  facet normal 0.365255 -0.922532 0.124594
    outer loop
      vertex 2.87401 -6.10758 20
      vertex 2.06942 -6.36901 20.423
      vertex 2.08586 -6.41963 20
    endloop
  endfacet
  facet normal 0.246755 -0.961035 0.124596
    outer loop
      vertex 2.06942 -6.36901 20.423
      vertex 1.26482 -6.63044 20
      vertex 2.08586 -6.41963 20
    endloop
  endfacet
  facet normal 0.298527 -0.543029 0.784858
    outer loop
      vertex 3.16945 -4.99426 21.6259
      vertex 2.32512 -4.94114 21.9838
      vertex 2.51851 -5.35211 21.6259
    endloop
  endfacet
  facet normal 0.228127 -0.576157 0.784858
    outer loop
      vertex 2.32512 -4.94114 21.9838
      vertex 1.82786 -5.62557 21.6259
      vertex 2.51851 -5.35211 21.6259
    endloop
  endfacet
  facet normal 0.30885 -0.780083 0.544134
    outer loop
      vertex 2.67219 -5.67869 21.2424
      vertex 1.93939 -5.96882 21.2424
      vertex 2.02033 -6.21795 20.8393
    endloop
  endfacet
  facet normal 0.208655 -0.812638 0.544135
    outer loop
      vertex 1.93939 -5.96882 21.2424
      vertex 1.176 -6.16483 21.2424
      vertex 2.02033 -6.21795 20.8393
    endloop
  endfacet
  facet normal 0.0533666 -0.422422 0.904827
    outer loop
      vertex 0.806229 -4.2264 22.6005
      vertex 0.308963 -4.91083 22.3103
      vertex 0.922016 -4.83338 22.3103
    endloop
  endfacet
  facet normal -0.19066 -0.481556 0.855425
    outer loop
      vertex -1.52053 -4.67971 22.3103
      vertex -2.32512 -4.94114 21.9838
      vertex -1.6875 -5.19359 21.9838
    endloop
  endfacet
  facet normal -0.181274 -0.705999 0.68462
    outer loop
      vertex -1.82786 -5.62557 21.6259
      vertex -1.93939 -5.96882 21.2424
      vertex -1.176 -6.16483 21.2424
    endloop
  endfacet
  facet normal 0.117123 -0.927165 0.355876
    outer loop
      vertex 1.22509 -6.42213 20.8393
      vertex 0.41052 -6.52503 20.8393
      vertex 1.25485 -6.57816 20.423
    endloop
  endfacet
  facet normal 0.105152 -0.832394 0.544118
    outer loop
      vertex 1.22509 -6.42213 20.8393
      vertex 0.394073 -6.26361 21.2424
      vertex 0.41052 -6.52503 20.8393
    endloop
  endfacet
  facet normal 0.0600484 0.01951 0.998005
    outer loop
      vertex 1.22509 0.314548 23.3152
      vertex 0.394073 0.156024 23.3683
      vertex 0.41052 0.105403 23.3683
    endloop
  endfacet
  facet normal 0.0620202 0.0118305 0.998005
    outer loop
      vertex 1.22509 0.314548 23.3152
      vertex 0.41052 0.105403 23.3683
      vertex 0.420493 0.0531206 23.3683
    endloop
  endfacet
  facet normal -0.0157022 -0.0611549 0.998005
    outer loop
      vertex -0.130972 -0.403091 23.3683
      vertex -0.237004 -1.24242 23.3152
      vertex -0.0794182 -0.416328 23.3683
    endloop
  endfacet
  facet normal -0.0533098 -0.0338316 0.998005
    outer loop
      vertex -0.371409 -0.204185 23.3683
      vertex -1.10837 -0.609333 23.3152
      vertex -1.02326 -0.743444 23.3152
    endloop
  endfacet
  facet normal 0.0533098 0.0338316 0.998005
    outer loop
      vertex 1.02326 0.743444 23.3152
      vertex 0.371409 0.204185 23.3683
      vertex 1.10837 0.609333 23.3152
    endloop
  endfacet
  facet normal 0.176021 0.0828296 0.980895
    outer loop
      vertex 2.67219 1.05799 23.0538
      vertex 1.82786 1.00487 23.2098
      vertex 1.93939 0.767858 23.2098
    endloop
  endfacet
  facet normal 0.224214 0.142287 0.964097
    outer loop
      vertex 3.16945 1.74242 22.8496
      vertex 2.32512 1.6893 23.0538
      vertex 2.51851 1.38456 23.0538
    endloop
  endfacet
  facet normal 0.224214 0.142287 0.964097
    outer loop
      vertex 2.92608 2.12592 22.8496
      vertex 2.32512 1.6893 23.0538
      vertex 3.16945 1.74242 22.8496
    endloop
  endfacet
  facet normal 0.133171 0.141811 0.980895
    outer loop
      vertex 1.83196 2.21446 23.0538
      vertex 1.32958 1.60719 23.2098
      vertex 2.09506 1.96739 23.0538
    endloop
  endfacet
  facet normal 0.156092 0.214836 0.964096
    outer loop
      vertex 1.93799 3.05379 22.8496
      vertex 1.53997 2.42661 23.0538
      vertex 1.83196 2.21446 23.0538
    endloop
  endfacet
  facet normal 0.0232421 -0.0587049 0.998005
    outer loop
      vertex 0.18046 -0.383498 23.3683
      vertex 0.130972 -0.403091 23.3683
      vertex 0.390852 -1.20292 23.3152
    endloop
  endfacet
  facet normal 0.201022 0.276689 0.939698
    outer loop
      vertex 2.30545 3.63282 22.6005
      vertex 1.93799 3.05379 22.8496
      vertex 2.30545 2.78682 22.8496
    endloop
  endfacet
  facet normal 0.20461 0.169268 0.964097
    outer loop
      vertex 2.63656 2.47589 22.8496
      vertex 2.09506 1.96739 23.0538
      vertex 2.92608 2.12592 22.8496
    endloop
  endfacet
  facet normal 0.364232 0.501326 0.784861
    outer loop
      vertex 3.16945 4.99426 21.6259
      vertex 2.92608 4.61076 21.9838
      vertex 3.48089 4.20767 21.9838
    endloop
  endfacet
  facet normal 0.328068 0.271403 0.904827
    outer loop
      vertex 3.9808 2.89222 22.3103
      vertex 3.13647 2.94534 22.6005
      vertex 3.48089 2.52901 22.6005
    endloop
  endfacet
  facet normal 0.291466 0.31038 0.904827
    outer loop
      vertex 3.13647 3.79134 22.3103
      vertex 2.74259 3.31522 22.6005
      vertex 3.58692 3.36834 22.3103
    endloop
  endfacet
  facet normal 0.30443 0.419007 0.855427
    outer loop
      vertex 3.48089 4.20767 21.9838
      vertex 2.63656 4.15455 22.3103
      vertex 3.13647 3.79134 22.3103
    endloop
  endfacet
  facet normal 0.23412 0.249311 0.939698
    outer loop
      vertex 2.74259 3.31522 22.6005
      vertex 2.30545 2.78682 22.8496
      vertex 3.13647 2.94534 22.6005
    endloop
  endfacet
  facet normal 0.399069 0.330138 0.855426
    outer loop
      vertex 3.9808 3.73822 21.9838
      vertex 3.58692 3.36834 22.3103
      vertex 3.9808 2.89222 22.3103
    endloop
  endfacet
  facet normal 0.26503 -0.0166725 0.964096
    outer loop
      vertex 2.87401 0 23.0538
      vertex 2.85135 -0.360209 23.0538
      vertex 3.58831 -0.453309 22.8496
    endloop
  endfacet
  facet normal 0.194152 -0.0122137 0.980895
    outer loop
      vertex 2.87401 0 23.0538
      vertex 2.06942 -0.261428 23.2098
      vertex 2.85135 -0.360209 23.0538
    endloop
  endfacet
  facet normal 0.26085 0.0497599 0.964096
    outer loop
      vertex 3.58831 0.453309 22.8496
      vertex 2.78372 0.714737 23.0538
      vertex 2.85135 0.360209 23.0538
    endloop
  endfacet
  facet normal 0.127325 0.00800687 0.991829
    outer loop
      vertex 2.06942 0.261428 23.2098
      vertex 1.26482 0 23.3152
      vertex 2.08586 0 23.2098
    endloop
  endfacet
  facet normal 0.252556 0.0820608 0.964096
    outer loop
      vertex 3.5032 0.899468 22.8496
      vertex 2.67219 1.05799 23.0538
      vertex 2.78372 0.714737 23.0538
    endloop
  endfacet
  facet normal 0.26085 0.0497601 0.964096
    outer loop
      vertex 3.5032 0.899468 22.8496
      vertex 2.78372 0.714737 23.0538
      vertex 3.58831 0.453309 22.8496
    endloop
  endfacet
  facet normal 0.288763 0.183255 0.939699
    outer loop
      vertex 3.48089 2.52901 22.6005
      vertex 3.16945 1.74242 22.8496
      vertex 3.77041 2.0728 22.6005
    endloop
  endfacet
  facet normal 0.309454 0.145619 0.939699
    outer loop
      vertex 3.77041 2.0728 22.6005
      vertex 3.16945 1.74242 22.8496
      vertex 4.00047 1.5839 22.6005
    endloop
  endfacet
  facet normal -0.0317255 0.123568 0.991829
    outer loop
      vertex -0.390852 2.04892 23.2098
      vertex -0.644567 1.98378 23.2098
      vertex -0.237004 1.24242 23.3152
    endloop
  endfacet
  facet normal -0.156085 0.214837 0.964097
    outer loop
      vertex -1.93799 3.05379 22.8496
      vertex -2.30545 2.78682 22.8496
      vertex -1.83196 2.21446 23.0538
    endloop
  endfacet
  facet normal 0.0614598 0.111796 0.991829
    outer loop
      vertex 0.888118 1.88735 23.2098
      vertex 0.538535 1.14445 23.3152
      vertex 0.677726 1.06793 23.3152
    endloop
  endfacet
  facet normal 0.0157022 0.0611549 0.998005
    outer loop
      vertex 0.237004 1.24242 23.3152
      vertex 0.0794182 0.416328 23.3683
      vertex 0.130972 0.403091 23.3683
    endloop
  endfacet
  facet normal 0.0873336 0.0929977 0.991829
    outer loop
      vertex 1.32958 1.60719 23.2098
      vertex 0.922016 0.865831 23.3152
      vertex 1.52053 1.42787 23.2098
    endloop
  endfacet
  facet normal 0.0749852 0.103214 0.991829
    outer loop
      vertex 1.11766 1.76115 23.2098
      vertex 0.677726 1.06793 23.3152
      vertex 1.32958 1.60719 23.2098
    endloop
  endfacet
  facet normal -0.127325 -0.00800687 0.991829
    outer loop
      vertex -1.26482 0 23.3152
      vertex -2.08586 0 23.2098
      vertex -2.06942 -0.261428 23.2098
    endloop
  endfacet
  facet normal -0.127325 -0.00800778 0.991829
    outer loop
      vertex -1.26482 0 23.3152
      vertex -2.06942 -0.261428 23.2098
      vertex -1.25485 -0.158524 23.3152
    endloop
  endfacet
  facet normal 0.0317255 -0.123568 0.991829
    outer loop
      vertex 0.644567 -1.98378 23.2098
      vertex 0.237004 -1.24242 23.3152
      vertex 0.390852 -2.04892 23.2098
    endloop
  endfacet
  facet normal 0.176021 -0.0828296 0.980895
    outer loop
      vertex 1.93939 -0.767858 23.2098
      vertex 1.82786 -1.00487 23.2098
      vertex 2.67219 -1.05799 23.0538
    endloop
  endfacet
  facet normal -0.115434 0.0543193 0.991829
    outer loop
      vertex -1.82786 1.00487 23.2098
      vertex -1.93939 0.767858 23.2098
      vertex -1.176 0.465612 23.3152
    endloop
  endfacet
  facet normal -0.121333 0.0394206 0.991829
    outer loop
      vertex -1.93939 0.767858 23.2098
      vertex -2.02033 0.518733 23.2098
      vertex -1.176 0.465612 23.3152
    endloop
  endfacet
  facet normal -0.185016 0.0601111 0.980895
    outer loop
      vertex -1.93939 0.767858 23.2098
      vertex -2.67219 1.05799 23.0538
      vertex -2.02033 0.518733 23.2098
    endloop
  endfacet
  facet normal -0.115434 0.0543191 0.991829
    outer loop
      vertex -1.10837 0.609333 23.3152
      vertex -1.82786 1.00487 23.2098
      vertex -1.176 0.465612 23.3152
    endloop
  endfacet
  facet normal 0.127928 0.232709 0.964096
    outer loop
      vertex 1.93799 3.05379 22.8496
      vertex 1.22369 2.60048 23.0538
      vertex 1.53997 2.42661 23.0538
    endloop
  endfacet
  facet normal 0.0937149 0.170473 0.980896
    outer loop
      vertex 1.22369 2.60048 23.0538
      vertex 1.11766 1.76115 23.2098
      vertex 1.53997 2.42661 23.0538
    endloop
  endfacet
  facet normal 0.659522 0.310337 0.684633
    outer loop
      vertex 5.83527 2.31035 21.2424
      vertex 5.18342 2.84961 21.6259
      vertex 5.49969 2.17748 21.6259
    endloop
  endfacet
  facet normal 0.693215 0.225236 0.684632
    outer loop
      vertex 5.83527 2.31035 21.2424
      vertex 5.49969 2.17748 21.6259
      vertex 6.07882 1.56077 21.2424
    endloop
  endfacet
  facet normal 0.759149 0.357226 0.544135
    outer loop
      vertex 5.72924 3.14967 20.8393
      vertex 5.49969 3.02348 21.2424
      vertex 6.07882 2.40677 20.8393
    endloop
  endfacet
  facet normal 0.845593 0.397903 0.355872
    outer loop
      vertex 5.86843 3.2262 20.423
      vertex 5.72924 3.14967 20.8393
      vertex 6.07882 2.40677 20.8393
    endloop
  endfacet
  facet normal 0.583206 0.802711 0.124604
    outer loop
      vertex 4.30261 5.20096 20
      vertex 3.61683 5.69921 20
      vertex 4.26868 5.15995 20.423
    endloop
  endfacet
  facet normal 0.646466 0.534797 0.544126
    outer loop
      vertex 4.76595 4.47552 20.8393
      vertex 4.575 4.29621 21.2424
      vertex 5.07738 3.68893 21.2424
    endloop
  endfacet
  facet normal 0.574339 0.611596 0.544138
    outer loop
      vertex 4.16744 5.03757 20.8393
      vertex 4.00047 4.83573 21.2424
      vertex 4.76595 4.47552 20.8393
    endloop
  endfacet
  facet normal 0.0649127 0.513842 0.855426
    outer loop
      vertex 0.34289 5.45009 21.9838
      vertex 0.308963 4.91083 22.3103
      vertex 1.02326 5.36414 21.9838
    endloop
  endfacet
  facet normal 0.0428641 0.339309 0.939698
    outer loop
      vertex 0.270163 4.29412 22.6005
      vertex 0.227102 3.60969 22.8496
      vertex 0.806229 4.2264 22.6005
    endloop
  endfacet
  facet normal -0.0913541 0.723145 0.684628
    outer loop
      vertex -0.394073 6.26361 21.2424
      vertex -1.176 6.16483 21.2424
      vertex -1.10837 5.8103 21.6259
    endloop
  endfacet
  facet normal 0.344028 0.86891 0.355865
    outer loop
      vertex 2.85135 6.05942 20.423
      vertex 2.06942 6.36901 20.423
      vertex 2.78372 5.9157 20.8393
    endloop
  endfacet
  facet normal -0.508753 -0.0970481 0.855425
    outer loop
      vertex -4.76595 -1.22369 22.3103
      vertex -5.4178 -0.684427 21.9838
      vertex -5.2893 -1.35806 21.9838
    endloop
  endfacet
  facet normal -0.468635 -0.220523 0.855424
    outer loop
      vertex -4.3119 -2.37049 22.3103
      vertex -5.07738 -2.01028 21.9838
      vertex -4.78539 -2.63079 21.9838
    endloop
  endfacet
  facet normal -0.418241 -0.0797774 0.904826
    outer loop
      vertex -4.26868 -0.53926 22.6005
      vertex -4.76595 -1.22369 22.3103
      vertex -4.16744 -1.07002 22.6005
    endloop
  endfacet
  facet normal -0.418234 -0.0797836 0.904829
    outer loop
      vertex -4.26868 -0.53926 22.6005
      vertex -4.88174 -0.616707 22.3103
      vertex -4.76595 -1.22369 22.3103
    endloop
  endfacet
  facet normal -0.824144 0.157216 0.544123
    outer loop
      vertex -6.33253 1.62592 20.8393
      vertex -6.48638 0.81942 20.8393
      vertex -6.07882 1.56077 21.2424
    endloop
  endfacet
  facet normal -0.82414 0.15721 0.54413
    outer loop
      vertex -6.07882 1.56077 21.2424
      vertex -6.48638 0.81942 20.8393
      vertex -6.2265 0.78659 21.2424
    endloop
  endfacet
  facet normal -0.888797 0.288784 0.355869
    outer loop
      vertex -6.07882 2.40677 20.8393
      vertex -6.48638 1.66542 20.423
      vertex -6.33253 1.62592 20.8393
    endloop
  endfacet
  facet normal -0.797941 0.259263 0.544125
    outer loop
      vertex -6.07882 2.40677 20.8393
      vertex -6.33253 1.62592 20.8393
      vertex -5.83527 2.31035 21.2424
    endloop
  endfacet
  facet normal -0.508753 0.0970481 0.855425
    outer loop
      vertex -5.2893 1.35806 21.9838
      vertex -5.4178 0.684427 21.9838
      vertex -4.76595 1.22369 22.3103
    endloop
  endfacet
  facet normal -0.492578 0.160049 0.855425
    outer loop
      vertex -5.07738 2.01028 21.9838
      vertex -5.2893 1.35806 21.9838
      vertex -4.76595 1.22369 22.3103
    endloop
  endfacet
  facet normal -0.715987 0.136581 0.684623
    outer loop
      vertex -5.72924 1.47102 21.6259
      vertex -6.07882 1.56077 21.2424
      vertex -5.86843 0.741354 21.6259
    endloop
  endfacet
  facet normal -0.715988 0.13658 0.684621
    outer loop
      vertex -6.07882 1.56077 21.2424
      vertex -6.2265 0.78659 21.2424
      vertex -5.86843 0.741354 21.6259
    endloop
  endfacet
  facet normal -0.618444 -0.0389087 0.784865
    outer loop
      vertex -5.46086 0 21.9838
      vertex -5.91507 0 21.6259
      vertex -5.4178 -0.684427 21.9838
    endloop
  endfacet
  facet normal -0.516908 -0.0325207 0.855423
    outer loop
      vertex -4.92054 0 22.3103
      vertex -5.46086 0 21.9838
      vertex -5.4178 -0.684427 21.9838
    endloop
  endfacet
  facet normal -0.127933 -0.232702 0.964097
    outer loop
      vertex -1.22369 -2.60048 23.0538
      vertex -1.93799 -3.05379 22.8496
      vertex -1.53997 -3.27261 22.8496
    endloop
  endfacet
  facet normal -0.291466 -0.310378 0.904828
    outer loop
      vertex -3.13647 -2.94534 22.6005
      vertex -3.58692 -3.36834 22.3103
      vertex -2.74259 -3.31522 22.6005
    endloop
  endfacet
  facet normal -0.399069 -0.330138 0.855426
    outer loop
      vertex -3.9808 -2.89222 22.3103
      vertex -3.9808 -3.73822 21.9838
      vertex -3.58692 -3.36834 22.3103
    endloop
  endfacet
  facet normal -0.424198 -0.451722 0.784859
    outer loop
      vertex -3.9808 -3.73822 21.9838
      vertex -4.3119 -4.04914 21.6259
      vertex -3.48089 -4.20767 21.9838
    endloop
  endfacet
  facet normal -0.399068 -0.330138 0.855426
    outer loop
      vertex -3.9808 -2.89222 22.3103
      vertex -4.41793 -3.20982 21.9838
      vertex -3.9808 -3.73822 21.9838
    endloop
  endfacet
  facet normal -0.4373 -0.277517 0.855426
    outer loop
      vertex -3.9808 -2.89222 22.3103
      vertex -4.78539 -2.63079 21.9838
      vertex -4.41793 -3.20982 21.9838
    endloop
  endfacet
  facet normal -0.176021 -0.0828333 0.980895
    outer loop
      vertex -1.82786 -1.00487 23.2098
      vertex -2.67219 -1.05799 23.0538
      vertex -2.51851 -1.38456 23.0538
    endloop
  endfacet
  facet normal -0.107716 -0.068359 0.991829
    outer loop
      vertex -1.02326 -0.743444 23.3152
      vertex -1.82786 -1.00487 23.2098
      vertex -1.6875 -1.22604 23.2098
    endloop
  endfacet
  facet normal -0.288763 -0.183255 0.939699
    outer loop
      vertex -3.16945 -1.74242 22.8496
      vertex -3.77041 -2.0728 22.6005
      vertex -3.48089 -2.52901 22.6005
    endloop
  endfacet
  facet normal -0.18178 -0.193578 0.964097
    outer loop
      vertex -2.09506 -1.96739 23.0538
      vertex -2.63656 -2.47589 22.8496
      vertex -2.30545 -2.78682 22.8496
    endloop
  endfacet
  facet normal -0.224214 -0.142287 0.964097
    outer loop
      vertex -2.51851 -1.38456 23.0538
      vertex -3.16945 -1.74242 22.8496
      vertex -2.32512 -1.6893 23.0538
    endloop
  endfacet
  facet normal -0.359498 -0.228144 0.904827
    outer loop
      vertex -3.77041 -2.0728 22.6005
      vertex -4.3119 -2.37049 22.3103
      vertex -3.48089 -2.52901 22.6005
    endloop
  endfacet
  facet normal -0.33595 -0.0640863 0.939697
    outer loop
      vertex -3.58831 -0.453309 22.8496
      vertex -4.26868 -0.53926 22.6005
      vertex -3.5032 -0.899468 22.8496
    endloop
  endfacet
  facet normal -0.26085 -0.0497601 0.964096
    outer loop
      vertex -2.78372 -0.714737 23.0538
      vertex -3.58831 -0.453309 22.8496
      vertex -3.5032 -0.899468 22.8496
    endloop
  endfacet
  facet normal -0.191087 -0.0364566 0.980896
    outer loop
      vertex -2.06942 -0.261428 23.2098
      vertex -2.78372 -0.714737 23.0538
      vertex -2.02033 -0.518733 23.2098
    endloop
  endfacet
  facet normal -0.19109 -0.0364524 0.980895
    outer loop
      vertex -2.06942 -0.261428 23.2098
      vertex -2.85135 -0.360209 23.0538
      vertex -2.78372 -0.714737 23.0538
    endloop
  endfacet
  facet normal -0.328068 0.271403 0.904827
    outer loop
      vertex -3.13647 2.94534 22.6005
      vertex -3.9808 2.89222 22.3103
      vertex -3.48089 2.52901 22.6005
    endloop
  endfacet
  facet normal -0.291466 0.310378 0.904828
    outer loop
      vertex -2.74259 3.31522 22.6005
      vertex -3.58692 3.36834 22.3103
      vertex -3.13647 2.94534 22.6005
    endloop
  endfacet
  facet normal -0.201022 0.276689 0.939698
    outer loop
      vertex -2.30545 3.63282 22.6005
      vertex -2.30545 2.78682 22.8496
      vertex -1.93799 3.05379 22.8496
    endloop
  endfacet
  facet normal -0.23412 0.249311 0.939698
    outer loop
      vertex -2.74259 3.31522 22.6005
      vertex -3.13647 2.94534 22.6005
      vertex -2.30545 2.78682 22.8496
    endloop
  endfacet
  facet normal -0.234119 0.249314 0.939697
    outer loop
      vertex -2.30545 2.78682 22.8496
      vertex -3.13647 2.94534 22.6005
      vertex -2.63656 2.47589 22.8496
    endloop
  endfacet
  facet normal -0.288768 0.183253 0.939698
    outer loop
      vertex -2.92608 2.12592 22.8496
      vertex -3.48089 2.52901 22.6005
      vertex -3.16945 1.74242 22.8496
    endloop
  endfacet
  facet normal -0.224214 0.142287 0.964097
    outer loop
      vertex -2.92608 2.12592 22.8496
      vertex -3.16945 1.74242 22.8496
      vertex -2.32512 1.6893 23.0538
    endloop
  endfacet
  facet normal -0.085056 0.331259 0.939698
    outer loop
      vertex -0.677726 3.55277 22.8496
      vertex -1.32958 4.09203 22.6005
      vertex -1.11766 3.43981 22.8496
    endloop
  endfacet
  facet normal -0.0332786 0.26346 0.964096
    outer loop
      vertex -0.227102 3.60969 22.8496
      vertex -0.677726 3.55277 22.8496
      vertex -0.18046 2.86834 23.0538
    endloop
  endfacet
  facet normal 0 0.425777 0.904828
    outer loop
      vertex 0.308963 4.91083 22.3103
      vertex -0.270163 4.29412 22.6005
      vertex 0.270163 4.29412 22.6005
    endloop
  endfacet
  facet normal 0 0.425777 0.904828
    outer loop
      vertex -0.270163 4.29412 22.6005
      vertex 0.308963 4.91083 22.3103
      vertex -0.308963 4.91083 22.3103
    endloop
  endfacet
  facet normal -0.0533666 0.422422 0.904827
    outer loop
      vertex -0.308963 4.91083 22.3103
      vertex -0.922016 4.83338 22.3103
      vertex -0.806229 4.2264 22.6005
    endloop
  endfacet
  facet normal -0.354543 0.37755 0.855427
    outer loop
      vertex -3.48089 4.20767 21.9838
      vertex -3.58692 3.36834 22.3103
      vertex -3.13647 3.79134 22.3103
    endloop
  endfacet
  facet normal -0.354545 0.37755 0.855426
    outer loop
      vertex -3.48089 4.20767 21.9838
      vertex -3.9808 3.73822 21.9838
      vertex -3.58692 3.36834 22.3103
    endloop
  endfacet
  facet normal 0.0850517 0.331264 0.939697
    outer loop
      vertex 0.806229 4.2264 22.6005
      vertex 0.677726 3.55277 22.8496
      vertex 1.32958 4.09203 22.6005
    endloop
  endfacet
  facet normal 0.105885 0.412405 0.904826
    outer loop
      vertex 1.52053 4.67971 22.3103
      vertex 0.806229 4.2264 22.6005
      vertex 1.32958 4.09203 22.6005
    endloop
  endfacet
  facet normal -0.5232 0.33203 0.784868
    outer loop
      vertex -4.41793 3.20982 21.9838
      vertex -5.18342 2.84961 21.6259
      vertex -4.78539 2.63079 21.9838
    endloop
  endfacet
  facet normal -0.560688 0.26384 0.784868
    outer loop
      vertex -4.78539 2.63079 21.9838
      vertex -5.18342 2.84961 21.6259
      vertex -5.07738 2.01028 21.9838
    endloop
  endfacet
  facet normal -0.364232 0.501326 0.784861
    outer loop
      vertex -3.16945 4.99426 21.6259
      vertex -3.77041 4.55764 21.6259
      vertex -3.48089 4.20767 21.9838
    endloop
  endfacet
  facet normal -0.428433 0.589692 0.684623
    outer loop
      vertex -3.16945 4.99426 21.6259
      vertex -4.00047 4.83573 21.2424
      vertex -3.77041 4.55764 21.6259
    endloop
  endfacet
  facet normal -0.574338 0.611607 0.544126
    outer loop
      vertex -4.00047 4.83573 21.2424
      vertex -4.76595 4.47552 20.8393
      vertex -4.575 4.29621 21.2424
    endloop
  endfacet
  facet normal -0.646466 0.534797 0.544126
    outer loop
      vertex -4.76595 4.47552 20.8393
      vertex -5.07738 3.68893 21.2424
      vertex -4.575 4.29621 21.2424
    endloop
  endfacet
  facet normal -0.298527 0.543029 0.784858
    outer loop
      vertex -2.51851 5.35211 21.6259
      vertex -3.16945 4.99426 21.6259
      vertex -2.32512 4.94114 21.9838
    endloop
  endfacet
  facet normal -0.298529 0.543022 0.784861
    outer loop
      vertex -2.32512 4.94114 21.9838
      vertex -3.16945 4.99426 21.6259
      vertex -2.92608 4.61076 21.9838
    endloop
  endfacet
  facet normal -0.99025 0.0623062 0.124588
    outer loop
      vertex -6.69677 0.845999 20
      vertex -6.75 0 20
      vertex -6.64397 0.839328 20.423
    endloop
  endfacet
  facet normal -0.583206 0.802711 0.124604
    outer loop
      vertex -3.61683 5.69921 20
      vertex -4.30261 5.20096 20
      vertex -4.26868 5.15995 20.423
    endloop
  endfacet
  facet normal -0.897777 0.422459 0.124596
    outer loop
      vertex -5.91507 3.25184 20
      vertex -6.27599 2.48484 20
      vertex -5.86843 3.2262 20.423
    endloop
  endfacet
  facet normal -0.897778 0.422455 0.124603
    outer loop
      vertex -5.86843 3.2262 20.423
      vertex -6.27599 2.48484 20
      vertex -6.2265 2.46525 20.423
    endloop
  endfacet
  facet normal -0.720076 0.595685 0.355879
    outer loop
      vertex -4.88174 4.58426 20.423
      vertex -5.4178 3.93626 20.423
      vertex -4.76595 4.47552 20.8393
    endloop
  endfacet
  facet normal -0.639724 0.681251 0.35588
    outer loop
      vertex -4.26868 5.15995 20.423
      vertex -4.88174 4.58426 20.423
      vertex -4.76595 4.47552 20.8393
    endloop
  endfacet
  facet normal -0.232406 0.905174 0.355875
    outer loop
      vertex -1.25485 6.57816 20.423
      vertex -2.02033 6.21795 20.8393
      vertex -1.22509 6.42213 20.8393
    endloop
  endfacet
  facet normal 0 0.839009 0.544117
    outer loop
      vertex 0.41052 6.52503 20.8393
      vertex -0.394073 6.26361 21.2424
      vertex 0.394073 6.26361 21.2424
    endloop
  endfacet
  facet normal 0 0.839009 0.544117
    outer loop
      vertex -0.394073 6.26361 21.2424
      vertex 0.41052 6.52503 20.8393
      vertex -0.41052 6.52503 20.8393
    endloop
  endfacet
  facet normal -0.117124 0.927164 0.355877
    outer loop
      vertex -0.420493 6.68356 20.423
      vertex -1.25485 6.57816 20.423
      vertex -0.41052 6.52503 20.8393
    endloop
  endfacet
  facet normal -0.124352 0.984384 0.124594
    outer loop
      vertex -0.420493 6.68356 20.423
      vertex -1.26482 6.63044 20
      vertex -1.25485 6.57816 20.423
    endloop
  endfacet
  facet normal -0.450219 0.81894 0.355865
    outer loop
      vertex -2.85135 6.05942 20.423
      vertex -3.58831 5.65427 20.423
      vertex -2.78372 5.9157 20.8393
    endloop
  endfacet
  facet normal -0.450219 0.81894 0.355864
    outer loop
      vertex -2.78372 5.9157 20.8393
      vertex -3.58831 5.65427 20.423
      vertex -3.5032 5.52016 20.8393
    endloop
  endfacet
  facet normal -0.232406 -0.905174 0.355875
    outer loop
      vertex -1.22509 -6.42213 20.8393
      vertex -2.02033 -6.21795 20.8393
      vertex -1.25485 -6.57816 20.423
    endloop
  endfacet
  facet normal 0.659522 -0.310337 0.684633
    outer loop
      vertex 5.49969 -2.17748 21.6259
      vertex 5.18342 -2.84961 21.6259
      vertex 5.83527 -2.31035 21.2424
    endloop
  endfacet
  facet normal 0.693215 -0.225236 0.684632
    outer loop
      vertex 6.07882 -1.56077 21.2424
      vertex 5.49969 -2.17748 21.6259
      vertex 5.83527 -2.31035 21.2424
    endloop
  endfacet
  facet normal 0.288763 -0.183255 0.939699
    outer loop
      vertex 3.77041 -2.0728 22.6005
      vertex 3.16945 -1.74242 22.8496
      vertex 3.48089 -2.52901 22.6005
    endloop
  endfacet
  facet normal 0.288768 -0.183253 0.939698
    outer loop
      vertex 3.16945 -1.74242 22.8496
      vertex 2.92608 -2.12592 22.8496
      vertex 3.48089 -2.52901 22.6005
    endloop
  endfacet
  facet normal 0.385259 -0.181288 0.904826
    outer loop
      vertex 4.575 -1.81137 22.3103
      vertex 4.00047 -1.5839 22.6005
      vertex 4.3119 -2.37049 22.3103
    endloop
  endfacet
  facet normal 0.385257 -0.181289 0.904827
    outer loop
      vertex 4.00047 -1.5839 22.6005
      vertex 3.77041 -2.0728 22.6005
      vertex 4.3119 -2.37049 22.3103
    endloop
  endfacet
  facet normal 0.23412 -0.249311 0.939698
    outer loop
      vertex 3.13647 -2.94534 22.6005
      vertex 2.30545 -2.78682 22.8496
      vertex 2.74259 -3.31522 22.6005
    endloop
  endfacet
  facet normal 0.18178 -0.193578 0.964097
    outer loop
      vertex 2.63656 -2.47589 22.8496
      vertex 2.09506 -1.96739 23.0538
      vertex 2.30545 -2.78682 22.8496
    endloop
  endfacet
  facet normal 0.477467 -0.394995 0.784859
    outer loop
      vertex 4.78539 -3.47679 21.6259
      vertex 3.9808 -3.73822 21.9838
      vertex 4.3119 -4.04914 21.6259
    endloop
  endfacet
  facet normal 0.561625 -0.464617 0.684623
    outer loop
      vertex 4.78539 -3.47679 21.6259
      vertex 4.3119 -4.04914 21.6259
      vertex 5.07738 -3.68893 21.2424
    endloop
  endfacet
  facet normal 0.418234 -0.0797836 0.904829
    outer loop
      vertex 4.88174 -0.616707 22.3103
      vertex 4.26868 -0.53926 22.6005
      vertex 4.76595 -1.22369 22.3103
    endloop
  endfacet
  facet normal 0.424935 -0.0267347 0.904829
    outer loop
      vertex 4.92054 0 22.3103
      vertex 4.26868 -0.53926 22.6005
      vertex 4.88174 -0.616707 22.3103
    endloop
  endfacet
  facet normal 0.824144 0.157216 0.544123
    outer loop
      vertex 6.33253 1.62592 20.8393
      vertex 6.07882 1.56077 21.2424
      vertex 6.48638 0.81942 20.8393
    endloop
  endfacet
  facet normal 0.917982 0.175117 0.35587
    outer loop
      vertex 6.48638 1.66542 20.423
      vertex 6.33253 1.62592 20.8393
      vertex 6.48638 0.81942 20.8393
    endloop
  endfacet
  facet normal 0.727461 -0.045766 0.684621
    outer loop
      vertex 5.91507 0 21.6259
      vertex 5.86843 -0.741354 21.6259
      vertex 6.2265 -0.78659 21.2424
    endloop
  endfacet
  facet normal 0.715988 -0.13658 0.684621
    outer loop
      vertex 6.2265 -0.78659 21.2424
      vertex 5.86843 -0.741354 21.6259
      vertex 6.07882 -1.56077 21.2424
    endloop
  endfacet
  facet normal -0.0304169 -0.0553288 0.998005
    outer loop
      vertex -0.18046 -0.383498 23.3683
      vertex -0.677726 -1.06793 23.3152
      vertex -0.538535 -1.14445 23.3152
    endloop
  endfacet
  facet normal -0.125317 -0.0239086 0.991829
    outer loop
      vertex -1.22509 -0.314548 23.3152
      vertex -2.06942 -0.261428 23.2098
      vertex -2.02033 -0.518733 23.2098
    endloop
  endfacet
  facet normal -0.0317258 -0.123568 0.991829
    outer loop
      vertex -0.390852 -1.20292 23.3152
      vertex -0.644567 -1.98378 23.2098
      vertex -0.237004 -1.24242 23.3152
    endloop
  endfacet
  facet normal -0.0571291 -0.0268843 0.998005
    outer loop
      vertex -0.394073 -0.156024 23.3683
      vertex -1.10837 -0.609333 23.3152
      vertex -0.371409 -0.204185 23.3683
    endloop
  endfacet
  facet normal -0.127928 0.232709 0.964096
    outer loop
      vertex -1.22369 2.60048 23.0538
      vertex -1.93799 3.05379 22.8496
      vertex -1.53997 2.42661 23.0538
    endloop
  endfacet
  facet normal -0.0371115 0.0510806 0.998005
    outer loop
      vertex -0.227102 0.357856 23.3683
      vertex -0.806229 0.974563 23.3152
      vertex -0.270163 0.326571 23.3683
    endloop
  endfacet
  facet normal -0.0614598 -0.111796 0.991829
    outer loop
      vertex -0.677726 -1.06793 23.3152
      vertex -0.888118 -1.88735 23.2098
      vertex -0.538535 -1.14445 23.3152
    endloop
  endfacet
  facet normal 0.0600478 0.0195132 0.998005
    outer loop
      vertex 1.176 0.465612 23.3152
      vertex 0.394073 0.156024 23.3683
      vertex 1.22509 0.314548 23.3152
    endloop
  endfacet
  facet normal -0.0232422 0.0587049 0.998005
    outer loop
      vertex -0.390852 1.20292 23.3152
      vertex -0.538535 1.14445 23.3152
      vertex -0.18046 0.383498 23.3683
    endloop
  endfacet
  facet normal -0.0432215 -0.0460259 0.998005
    outer loop
      vertex -0.308963 -0.290135 23.3683
      vertex -0.922016 -0.865831 23.3152
      vertex -0.806229 -0.974563 23.3152
    endloop
  endfacet
  facet normal 0.0571298 0.0268832 0.998005
    outer loop
      vertex 1.10837 0.609333 23.3152
      vertex 0.394073 0.156024 23.3683
      vertex 1.176 0.465612 23.3152
    endloop
  endfacet
  facet normal 0.0533098 -0.0338316 0.998005
    outer loop
      vertex 1.10837 -0.609333 23.3152
      vertex 0.371409 -0.204185 23.3683
      vertex 1.02326 -0.743444 23.3152
    endloop
  endfacet
  facet normal 0.125317 -0.0239086 0.991829
    outer loop
      vertex 2.06942 -0.261428 23.2098
      vertex 1.22509 -0.314548 23.3152
      vertex 2.02033 -0.518733 23.2098
    endloop
  endfacet
  facet normal 0.0660428 -0.25721 0.964096
    outer loop
      vertex 0.888118 -2.73335 23.0538
      vertex 0.677726 -3.55277 22.8496
      vertex 1.11766 -3.43981 22.8496
    endloop
  endfacet
  facet normal 0.071617 -0.180873 0.980895
    outer loop
      vertex 1.22369 -2.60048 23.0538
      vertex 0.644567 -1.98378 23.2098
      vertex 0.888118 -2.73335 23.0538
    endloop
  endfacet
  facet normal 0.0614639 -0.111795 0.991829
    outer loop
      vertex 1.11766 -1.76115 23.2098
      vertex 0.677726 -1.06793 23.3152
      vertex 0.888118 -1.88735 23.2098
    endloop
  endfacet
  facet normal -0.0159893 -0.12657 0.991829
    outer loop
      vertex -0.237004 -1.24242 23.3152
      vertex -0.390852 -2.04892 23.2098
      vertex -0.130972 -2.08175 23.2098
    endloop
  endfacet
  facet normal -0.0243814 -0.193002 0.980895
    outer loop
      vertex -0.130972 -2.08175 23.2098
      vertex -0.390852 -2.04892 23.2098
      vertex -0.18046 -2.86834 23.0538
    endloop
  endfacet
  facet normal -0.0716147 -0.180876 0.980895
    outer loop
      vertex -0.888118 -1.88735 23.2098
      vertex -1.22369 -2.60048 23.0538
      vertex -0.644567 -1.98378 23.2098
    endloop
  endfacet
  facet normal -0.048377 -0.188425 0.980895
    outer loop
      vertex -0.644567 -1.98378 23.2098
      vertex -0.888118 -2.73335 23.0538
      vertex -0.390852 -2.04892 23.2098
    endloop
  endfacet
  facet normal 0.0571291 -0.0268843 0.998005
    outer loop
      vertex 0.394073 -0.156024 23.3683
      vertex 0.371409 -0.204185 23.3683
      vertex 1.10837 -0.609333 23.3152
    endloop
  endfacet
  facet normal 0.185016 -0.0601111 0.980895
    outer loop
      vertex 2.02033 -0.518733 23.2098
      vertex 1.93939 -0.767858 23.2098
      vertex 2.67219 -1.05799 23.0538
    endloop
  endfacet
  facet normal -0.00791425 -0.0626405 0.998005
    outer loop
      vertex -0.0266123 -0.422999 23.3683
      vertex -0.237004 -1.24242 23.3152
      vertex -0.0794182 -1.26233 23.3152
    endloop
  endfacet
  facet normal 0.0620202 -0.0118305 0.998005
    outer loop
      vertex 0.420493 -0.0531206 23.3683
      vertex 0.41052 -0.105403 23.3683
      vertex 1.22509 -0.314548 23.3152
    endloop
  endfacet
  facet normal 0.224214 -0.142287 0.964097
    outer loop
      vertex 3.16945 -1.74242 22.8496
      vertex 2.32512 -1.6893 23.0538
      vertex 2.92608 -2.12592 22.8496
    endloop
  endfacet
  facet normal 0.107716 -0.0683589 0.991829
    outer loop
      vertex 1.10837 -0.609333 23.3152
      vertex 1.02326 -0.743444 23.3152
      vertex 1.82786 -1.00487 23.2098
    endloop
  endfacet
  facet normal -0.265029 -0.0166743 0.964096
    outer loop
      vertex -2.87401 0 23.0538
      vertex -3.61683 0 22.8496
      vertex -3.58831 -0.453309 22.8496
    endloop
  endfacet
  facet normal -0.26503 -0.0166725 0.964096
    outer loop
      vertex -2.87401 0 23.0538
      vertex -3.58831 -0.453309 22.8496
      vertex -2.85135 -0.360209 23.0538
    endloop
  endfacet
  facet normal -0.127928 -0.232709 0.964096
    outer loop
      vertex -1.53997 -2.42661 23.0538
      vertex -1.93799 -3.05379 22.8496
      vertex -1.22369 -2.60048 23.0538
    endloop
  endfacet
  facet normal -0.11434 -0.157384 0.980896
    outer loop
      vertex -1.32958 -1.60719 23.2098
      vertex -1.53997 -2.42661 23.0538
      vertex -1.11766 -1.76115 23.2098
    endloop
  endfacet
  facet normal -0.154106 -0.600197 0.784866
    outer loop
      vertex -1.6875 -5.19359 21.9838
      vertex -1.82786 -5.62557 21.6259
      vertex -1.02326 -5.36414 21.9838
    endloop
  endfacet
  facet normal -0.208655 -0.812638 0.544135
    outer loop
      vertex -1.93939 -5.96882 21.2424
      vertex -2.02033 -6.21795 20.8393
      vertex -1.176 -6.16483 21.2424
    endloop
  endfacet
  facet normal -0.574338 -0.611607 0.544126
    outer loop
      vertex -4.575 -4.29621 21.2424
      vertex -4.76595 -4.47552 20.8393
      vertex -4.00047 -4.83573 21.2424
    endloop
  endfacet
  facet normal -0.574339 -0.611596 0.544138
    outer loop
      vertex -4.00047 -4.83573 21.2424
      vertex -4.76595 -4.47552 20.8393
      vertex -4.16744 -5.03757 20.8393
    endloop
  endfacet
  facet normal -0.351158 -0.638735 0.684621
    outer loop
      vertex -3.16945 -4.99426 21.6259
      vertex -3.36284 -5.29899 21.2424
      vertex -2.67219 -5.67869 21.2424
    endloop
  endfacet
  facet normal -0.351137 -0.638728 0.684638
    outer loop
      vertex -2.51851 -5.35211 21.6259
      vertex -3.16945 -4.99426 21.6259
      vertex -2.67219 -5.67869 21.2424
    endloop
  endfacet
  facet normal -0.364232 -0.501326 0.784861
    outer loop
      vertex -2.92608 -4.61076 21.9838
      vertex -3.48089 -4.20767 21.9838
      vertex -3.16945 -4.99426 21.6259
    endloop
  endfacet
  facet normal -0.249512 -0.453863 0.855425
    outer loop
      vertex -2.09506 -4.45224 22.3103
      vertex -2.63656 -4.15455 22.3103
      vertex -2.32512 -4.94114 21.9838
    endloop
  endfacet
  facet normal -0.201026 -0.276689 0.939698
    outer loop
      vertex -2.30545 -2.78682 22.8496
      vertex -2.74259 -3.31522 22.6005
      vertex -2.30545 -3.63282 22.6005
    endloop
  endfacet
  facet normal -0.250269 -0.344461 0.904827
    outer loop
      vertex -2.74259 -3.31522 22.6005
      vertex -3.13647 -3.79134 22.3103
      vertex -2.63656 -4.15455 22.3103
    endloop
  endfacet
  facet normal -0.720076 -0.595685 0.355879
    outer loop
      vertex -4.76595 -4.47552 20.8393
      vertex -5.4178 -3.93626 20.423
      vertex -4.88174 -4.58426 20.423
    endloop
  endfacet
  facet normal -0.764516 -0.632448 0.124594
    outer loop
      vertex -4.88174 -4.58426 20.423
      vertex -5.4178 -3.93626 20.423
      vertex -4.92054 -4.62069 20
    endloop
  endfacet
  facet normal 0.308861 -0.780087 0.544122
    outer loop
      vertex 2.67219 -5.67869 21.2424
      vertex 2.02033 -6.21795 20.8393
      vertex 2.78372 -5.9157 20.8393
    endloop
  endfacet
  facet normal 0.344029 -0.86891 0.355864
    outer loop
      vertex 2.78372 -5.9157 20.8393
      vertex 2.02033 -6.21795 20.8393
      vertex 2.06942 -6.36901 20.423
    endloop
  endfacet
  facet normal 0 -0.517925 0.855426
    outer loop
      vertex -0.308963 -4.91083 22.3103
      vertex 0.34289 -5.45009 21.9838
      vertex 0.308963 -4.91083 22.3103
    endloop
  endfacet
  facet normal 0 -0.517925 0.855426
    outer loop
      vertex 0.34289 -5.45009 21.9838
      vertex -0.308963 -4.91083 22.3103
      vertex -0.34289 -5.45009 21.9838
    endloop
  endfacet
  facet normal -0.228113 -0.576151 0.784866
    outer loop
      vertex -1.6875 -5.19359 21.9838
      vertex -2.32512 -4.94114 21.9838
      vertex -1.82786 -5.62557 21.6259
    endloop
  endfacet
  facet normal -0.228127 -0.576157 0.784858
    outer loop
      vertex -2.32512 -4.94114 21.9838
      vertex -2.51851 -5.35211 21.6259
      vertex -1.82786 -5.62557 21.6259
    endloop
  endfacet
  facet normal 0.232406 -0.905174 0.355875
    outer loop
      vertex 2.02033 -6.21795 20.8393
      vertex 1.22509 -6.42213 20.8393
      vertex 1.25485 -6.57816 20.423
    endloop
  endfacet
  facet normal 0.208649 -0.812646 0.544124
    outer loop
      vertex 2.02033 -6.21795 20.8393
      vertex 1.176 -6.16483 21.2424
      vertex 1.22509 -6.42213 20.8393
    endloop
  endfacet
  facet normal 0 -0.839009 0.544117
    outer loop
      vertex -0.41052 -6.52503 20.8393
      vertex 0.394073 -6.26361 21.2424
      vertex -0.394073 -6.26361 21.2424
    endloop
  endfacet
  facet normal 0 -0.839009 0.544117
    outer loop
      vertex 0.394073 -6.26361 21.2424
      vertex -0.41052 -6.52503 20.8393
      vertex 0.41052 -6.52503 20.8393
    endloop
  endfacet
  facet normal -0.0533104 0.0338309 0.998005
    outer loop
      vertex -0.34289 0.249125 23.3683
      vertex -1.02326 0.743444 23.3152
      vertex -0.371409 0.204185 23.3683
    endloop
  endfacet
  facet normal 0.115434 0.0543193 0.991829
    outer loop
      vertex 1.82786 1.00487 23.2098
      vertex 1.176 0.465612 23.3152
      vertex 1.93939 0.767858 23.2098
    endloop
  endfacet
  facet normal 0.121333 0.0394206 0.991829
    outer loop
      vertex 1.93939 0.767858 23.2098
      vertex 1.176 0.465612 23.3152
      vertex 2.02033 0.518733 23.2098
    endloop
  endfacet
  facet normal 0.115434 0.0543191 0.991829
    outer loop
      vertex 1.82786 1.00487 23.2098
      vertex 1.10837 0.609333 23.3152
      vertex 1.176 0.465612 23.3152
    endloop
  endfacet
  facet normal 0.107716 0.0683589 0.991829
    outer loop
      vertex 1.82786 1.00487 23.2098
      vertex 1.02326 0.743444 23.3152
      vertex 1.10837 0.609333 23.3152
    endloop
  endfacet
  facet normal 0.164254 0.104237 0.980895
    outer loop
      vertex 2.32512 1.6893 23.0538
      vertex 1.82786 1.00487 23.2098
      vertex 2.51851 1.38456 23.0538
    endloop
  endfacet
  facet normal 0.176021 0.0828333 0.980895
    outer loop
      vertex 2.51851 1.38456 23.0538
      vertex 1.82786 1.00487 23.2098
      vertex 2.67219 1.05799 23.0538
    endloop
  endfacet
  facet normal 0.133172 0.141809 0.980895
    outer loop
      vertex 2.09506 1.96739 23.0538
      vertex 1.32958 1.60719 23.2098
      vertex 1.52053 1.42787 23.2098
    endloop
  endfacet
  facet normal 0.0749893 0.103209 0.991829
    outer loop
      vertex 1.32958 1.60719 23.2098
      vertex 0.677726 1.06793 23.3152
      vertex 0.806229 0.974563 23.3152
    endloop
  endfacet
  facet normal -0.0630139 -0.00396561 0.998005
    outer loop
      vertex -0.423836 0 23.3683
      vertex -1.25485 -0.158524 23.3152
      vertex -0.420493 -0.0531206 23.3683
    endloop
  endfacet
  facet normal 0.477467 0.394995 0.784859
    outer loop
      vertex 4.3119 4.04914 21.6259
      vertex 3.9808 3.73822 21.9838
      vertex 4.78539 3.47679 21.6259
    endloop
  endfacet
  facet normal 0.561625 0.464617 0.684623
    outer loop
      vertex 5.07738 3.68893 21.2424
      vertex 4.3119 4.04914 21.6259
      vertex 4.78539 3.47679 21.6259
    endloop
  endfacet
  facet normal 0.424198 0.451719 0.784861
    outer loop
      vertex 3.77041 4.55764 21.6259
      vertex 3.48089 4.20767 21.9838
      vertex 4.3119 4.04914 21.6259
    endloop
  endfacet
  facet normal 0.250269 0.344461 0.904827
    outer loop
      vertex 3.13647 3.79134 22.3103
      vertex 2.63656 4.15455 22.3103
      vertex 2.74259 3.31522 22.6005
    endloop
  endfacet
  facet normal 0.304429 0.419013 0.855425
    outer loop
      vertex 2.92608 4.61076 21.9838
      vertex 2.63656 4.15455 22.3103
      vertex 3.48089 4.20767 21.9838
    endloop
  endfacet
  facet normal 0.328068 0.271401 0.904827
    outer loop
      vertex 3.58692 3.36834 22.3103
      vertex 3.13647 2.94534 22.6005
      vertex 3.9808 2.89222 22.3103
    endloop
  endfacet
  facet normal 0.19109 0.0364524 0.980895
    outer loop
      vertex 2.78372 0.714737 23.0538
      vertex 2.06942 0.261428 23.2098
      vertex 2.85135 0.360209 23.0538
    endloop
  endfacet
  facet normal 0.191087 0.0364566 0.980896
    outer loop
      vertex 2.78372 0.714737 23.0538
      vertex 2.02033 0.518733 23.2098
      vertex 2.06942 0.261428 23.2098
    endloop
  endfacet
  facet normal -0.18178 0.193578 0.964097
    outer loop
      vertex -2.30545 2.78682 22.8496
      vertex -2.63656 2.47589 22.8496
      vertex -2.09506 1.96739 23.0538
    endloop
  endfacet
  facet normal -0.133172 0.141809 0.980895
    outer loop
      vertex -1.32958 1.60719 23.2098
      vertex -2.09506 1.96739 23.0538
      vertex -1.52053 1.42787 23.2098
    endloop
  endfacet
  facet normal -0.0873321 0.0929986 0.991829
    outer loop
      vertex -0.806229 0.974563 23.3152
      vertex -1.32958 1.60719 23.2098
      vertex -0.922016 0.865831 23.3152
    endloop
  endfacet
  facet normal 0.0304169 0.0553288 0.998005
    outer loop
      vertex 0.538535 1.14445 23.3152
      vertex 0.18046 0.383498 23.3683
      vertex 0.677726 1.06793 23.3152
    endloop
  endfacet
  facet normal 0.0614639 0.111795 0.991829
    outer loop
      vertex 0.888118 1.88735 23.2098
      vertex 0.677726 1.06793 23.3152
      vertex 1.11766 1.76115 23.2098
    endloop
  endfacet
  facet normal 0.0483754 0.188426 0.980895
    outer loop
      vertex 0.538535 2.8231 23.0538
      vertex 0.390852 2.04892 23.2098
      vertex 0.888118 2.73335 23.0538
    endloop
  endfacet
  facet normal 0.0243843 0.193002 0.980895
    outer loop
      vertex 0.538535 2.8231 23.0538
      vertex 0.18046 2.86834 23.0538
      vertex 0.390852 2.04892 23.2098
    endloop
  endfacet
  facet normal -0.0716147 0.180876 0.980895
    outer loop
      vertex -0.644567 1.98378 23.2098
      vertex -1.22369 2.60048 23.0538
      vertex -0.888118 1.88735 23.2098
    endloop
  endfacet
  facet normal -0.125316 0.0239029 0.991829
    outer loop
      vertex -1.22509 0.314548 23.3152
      vertex -2.06942 0.261428 23.2098
      vertex -1.25485 0.158524 23.3152
    endloop
  endfacet
  facet normal -0.0630143 -0.00396314 0.998005
    outer loop
      vertex -0.423836 0 23.3683
      vertex -1.26482 0 23.3152
      vertex -1.25485 -0.158524 23.3152
    endloop
  endfacet
  facet normal 0.048649 0.0402467 0.998005
    outer loop
      vertex 1.02326 0.743444 23.3152
      vertex 0.308963 0.290135 23.3683
      vertex 0.34289 0.249125 23.3683
    endloop
  endfacet
  facet normal -0.00791425 0.0626405 0.998005
    outer loop
      vertex -0.0794182 1.26233 23.3152
      vertex -0.237004 1.24242 23.3152
      vertex -0.0266123 0.422999 23.3683
    endloop
  endfacet
  facet normal -0.0630143 0.00396314 0.998005
    outer loop
      vertex -1.25485 0.158524 23.3152
      vertex -1.26482 0 23.3152
      vertex -0.423836 0 23.3683
    endloop
  endfacet
  facet normal -0.125317 0.0239086 0.991829
    outer loop
      vertex -2.02033 0.518733 23.2098
      vertex -2.06942 0.261428 23.2098
      vertex -1.22509 0.314548 23.3152
    endloop
  endfacet
  facet normal -0.0483754 0.188426 0.980895
    outer loop
      vertex -0.538535 2.8231 23.0538
      vertex -0.888118 2.73335 23.0538
      vertex -0.390852 2.04892 23.2098
    endloop
  endfacet
  facet normal -0.0620202 0.0118305 0.998005
    outer loop
      vertex -0.41052 0.105403 23.3683
      vertex -1.22509 0.314548 23.3152
      vertex -0.420493 0.0531206 23.3683
    endloop
  endfacet
  facet normal -0.176021 0.0828333 0.980895
    outer loop
      vertex -2.51851 1.38456 23.0538
      vertex -2.67219 1.05799 23.0538
      vertex -1.82786 1.00487 23.2098
    endloop
  endfacet
  facet normal -0.176021 0.0828296 0.980895
    outer loop
      vertex -1.82786 1.00487 23.2098
      vertex -2.67219 1.05799 23.0538
      vertex -1.93939 0.767858 23.2098
    endloop
  endfacet
  facet normal 0.897777 0.422459 0.124596
    outer loop
      vertex 5.91507 3.25184 20
      vertex 5.86843 3.2262 20.423
      vertex 6.27599 2.48484 20
    endloop
  endfacet
  facet normal 0.897778 0.422455 0.124603
    outer loop
      vertex 6.27599 2.48484 20
      vertex 5.86843 3.2262 20.423
      vertex 6.2265 2.46525 20.423
    endloop
  endfacet
  facet normal 0.720076 0.595685 0.355879
    outer loop
      vertex 4.88174 4.58426 20.423
      vertex 4.76595 4.47552 20.8393
      vertex 5.4178 3.93626 20.423
    endloop
  endfacet
  facet normal 0.764516 0.632448 0.124594
    outer loop
      vertex 4.92054 4.62069 20
      vertex 4.88174 4.58426 20.423
      vertex 5.4178 3.93626 20.423
    endloop
  endfacet
  facet normal 0.498962 0.53134 0.684628
    outer loop
      vertex 4.575 4.29621 21.2424
      vertex 4.00047 4.83573 21.2424
      vertex 4.3119 4.04914 21.6259
    endloop
  endfacet
  facet normal 0.561624 0.464611 0.684628
    outer loop
      vertex 4.575 4.29621 21.2424
      vertex 4.3119 4.04914 21.6259
      vertex 5.07738 3.68893 21.2424
    endloop
  endfacet
  facet normal 0.232406 0.905174 0.355875
    outer loop
      vertex 1.25485 6.57816 20.423
      vertex 1.22509 6.42213 20.8393
      vertex 2.02033 6.21795 20.8393
    endloop
  endfacet
  facet normal 0.208649 0.812646 0.544124
    outer loop
      vertex 1.22509 6.42213 20.8393
      vertex 1.176 6.16483 21.2424
      vertex 2.02033 6.21795 20.8393
    endloop
  endfacet
  facet normal 0.493147 0.678766 0.544135
    outer loop
      vertex 3.5032 5.52016 20.8393
      vertex 3.36284 5.29899 21.2424
      vertex 4.00047 4.83573 21.2424
    endloop
  endfacet
  facet normal 0.208655 0.812638 0.544135
    outer loop
      vertex 2.02033 6.21795 20.8393
      vertex 1.176 6.16483 21.2424
      vertex 1.93939 5.96882 21.2424
    endloop
  endfacet
  facet normal 0.0533634 0.42242 0.904828
    outer loop
      vertex 0.308963 4.91083 22.3103
      vertex 0.270163 4.29412 22.6005
      vertex 0.806229 4.2264 22.6005
    endloop
  endfacet
  facet normal 0.0649157 0.513838 0.855428
    outer loop
      vertex 1.02326 5.36414 21.9838
      vertex 0.308963 4.91083 22.3103
      vertex 0.922016 4.83338 22.3103
    endloop
  endfacet
  facet normal -0.0776654 0.614784 0.784862
    outer loop
      vertex -0.371409 5.9034 21.6259
      vertex -1.10837 5.8103 21.6259
      vertex -1.02326 5.36414 21.9838
    endloop
  endfacet
  facet normal -0.0913547 0.723145 0.684628
    outer loop
      vertex -0.394073 6.26361 21.2424
      vertex -1.10837 5.8103 21.6259
      vertex -0.371409 5.9034 21.6259
    endloop
  endfacet
  facet normal 0 0.517925 0.855426
    outer loop
      vertex 0.34289 5.45009 21.9838
      vertex -0.308963 4.91083 22.3103
      vertex 0.308963 4.91083 22.3103
    endloop
  endfacet
  facet normal 0 0.517925 0.855426
    outer loop
      vertex -0.308963 4.91083 22.3103
      vertex 0.34289 5.45009 21.9838
      vertex -0.34289 5.45009 21.9838
    endloop
  endfacet
  facet normal 0.0776654 0.614784 0.784862
    outer loop
      vertex 1.10837 5.8103 21.6259
      vertex 0.371409 5.9034 21.6259
      vertex 1.02326 5.36414 21.9838
    endloop
  endfacet
  facet normal -0.105152 0.832394 0.544118
    outer loop
      vertex -0.41052 6.52503 20.8393
      vertex -1.22509 6.42213 20.8393
      vertex -0.394073 6.26361 21.2424
    endloop
  endfacet
  facet normal -0.105155 0.83239 0.544123
    outer loop
      vertex -0.394073 6.26361 21.2424
      vertex -1.22509 6.42213 20.8393
      vertex -1.176 6.16483 21.2424
    endloop
  endfacet
  facet normal 0.298527 0.543029 0.784858
    outer loop
      vertex 2.51851 5.35211 21.6259
      vertex 2.32512 4.94114 21.9838
      vertex 3.16945 4.99426 21.6259
    endloop
  endfacet
  facet normal 0.549305 0.756067 0.355847
    outer loop
      vertex 4.26868 5.15995 20.423
      vertex 3.5032 5.52016 20.8393
      vertex 4.16744 5.03757 20.8393
    endloop
  endfacet
  facet normal 0.246755 0.961035 0.124596
    outer loop
      vertex 2.08586 6.41963 20
      vertex 1.26482 6.63044 20
      vertex 2.06942 6.36901 20.423
    endloop
  endfacet
  facet normal -0.468634 -0.220521 0.855425
    outer loop
      vertex -4.575 -1.81137 22.3103
      vertex -5.07738 -2.01028 21.9838
      vertex -4.3119 -2.37049 22.3103
    endloop
  endfacet
  facet normal -0.385259 -0.181288 0.904826
    outer loop
      vertex -4.00047 -1.5839 22.6005
      vertex -4.575 -1.81137 22.3103
      vertex -4.3119 -2.37049 22.3103
    endloop
  endfacet
  facet normal -0.156092 -0.214836 0.964096
    outer loop
      vertex -1.83196 -2.21446 23.0538
      vertex -1.93799 -3.05379 22.8496
      vertex -1.53997 -2.42661 23.0538
    endloop
  endfacet
  facet normal -0.288768 -0.183253 0.939698
    outer loop
      vertex -3.16945 -1.74242 22.8496
      vertex -3.48089 -2.52901 22.6005
      vertex -2.92608 -2.12592 22.8496
    endloop
  endfacet
  facet normal -0.523203 -0.332043 0.784861
    outer loop
      vertex -4.41793 -3.20982 21.9838
      vertex -5.18342 -2.84961 21.6259
      vertex -4.78539 -3.47679 21.6259
    endloop
  endfacet
  facet normal -0.615424 -0.390569 0.684623
    outer loop
      vertex -4.78539 -3.47679 21.6259
      vertex -5.18342 -2.84961 21.6259
      vertex -5.07738 -3.68893 21.2424
    endloop
  endfacet
  facet normal -0.0983008 -0.0813188 0.991829
    outer loop
      vertex -1.02326 -0.743444 23.3152
      vertex -1.52053 -1.42787 23.2098
      vertex -0.922016 -0.865831 23.3152
    endloop
  endfacet
  facet normal -0.133172 -0.141809 0.980895
    outer loop
      vertex -1.52053 -1.42787 23.2098
      vertex -2.09506 -1.96739 23.0538
      vertex -1.32958 -1.60719 23.2098
    endloop
  endfacet
  facet normal -0.164254 -0.104237 0.980895
    outer loop
      vertex -1.82786 -1.00487 23.2098
      vertex -2.51851 -1.38456 23.0538
      vertex -2.32512 -1.6893 23.0538
    endloop
  endfacet
  facet normal -0.0157014 -0.061155 0.998005
    outer loop
      vertex -0.130972 -0.403091 23.3683
      vertex -0.390852 -1.20292 23.3152
      vertex -0.237004 -1.24242 23.3152
    endloop
  endfacet
  facet normal -0.115434 -0.0543191 0.991829
    outer loop
      vertex -1.176 -0.465612 23.3152
      vertex -1.82786 -1.00487 23.2098
      vertex -1.10837 -0.609333 23.3152
    endloop
  endfacet
  facet normal -0.176021 -0.0828296 0.980895
    outer loop
      vertex -1.93939 -0.767858 23.2098
      vertex -2.67219 -1.05799 23.0538
      vertex -1.82786 -1.00487 23.2098
    endloop
  endfacet
  facet normal -0.240281 -0.113066 0.964096
    outer loop
      vertex -2.67219 -1.05799 23.0538
      vertex -3.36284 -1.33144 22.8496
      vertex -3.16945 -1.74242 22.8496
    endloop
  endfacet
  facet normal -0.309454 -0.145619 0.939699
    outer loop
      vertex -3.16945 -1.74242 22.8496
      vertex -4.00047 -1.5839 22.6005
      vertex -3.77041 -2.0728 22.6005
    endloop
  endfacet
  facet normal -0.234119 -0.249314 0.939697
    outer loop
      vertex -2.63656 -2.47589 22.8496
      vertex -3.13647 -2.94534 22.6005
      vertex -2.30545 -2.78682 22.8496
    endloop
  endfacet
  facet normal -0.26352 -0.218004 0.939698
    outer loop
      vertex -2.92608 -2.12592 22.8496
      vertex -3.48089 -2.52901 22.6005
      vertex -3.13647 -2.94534 22.6005
    endloop
  endfacet
  facet normal -0.0317258 0.123568 0.991829
    outer loop
      vertex -0.237004 1.24242 23.3152
      vertex -0.644567 1.98378 23.2098
      vertex -0.390852 1.20292 23.3152
    endloop
  endfacet
  facet normal 0 0.265554 0.964096
    outer loop
      vertex 0.227102 3.60969 22.8496
      vertex -0.18046 2.86834 23.0538
      vertex 0.18046 2.86834 23.0538
    endloop
  endfacet
  facet normal 0 0.265554 0.964096
    outer loop
      vertex -0.18046 2.86834 23.0538
      vertex 0.227102 3.60969 22.8496
      vertex -0.227102 3.60969 22.8496
    endloop
  endfacet
  facet normal -0.0469645 0.118617 0.991829
    outer loop
      vertex -0.644567 1.98378 23.2098
      vertex -0.888118 1.88735 23.2098
      vertex -0.538535 1.14445 23.3152
    endloop
  endfacet
  facet normal -0.11434 0.157384 0.980896
    outer loop
      vertex -1.11766 1.76115 23.2098
      vertex -1.53997 2.42661 23.0538
      vertex -1.32958 1.60719 23.2098
    endloop
  endfacet
  facet normal -0.20461 0.169268 0.964097
    outer loop
      vertex -2.63656 2.47589 22.8496
      vertex -2.92608 2.12592 22.8496
      vertex -2.09506 1.96739 23.0538
    endloop
  endfacet
  facet normal -0.204609 0.16927 0.964097
    outer loop
      vertex -2.09506 1.96739 23.0538
      vertex -2.92608 2.12592 22.8496
      vertex -2.32512 1.6893 23.0538
    endloop
  endfacet
  facet normal -0.0533634 0.42242 0.904828
    outer loop
      vertex -0.308963 4.91083 22.3103
      vertex -0.806229 4.2264 22.6005
      vertex -0.270163 4.29412 22.6005
    endloop
  endfacet
  facet normal -0.0660343 0.257208 0.964097
    outer loop
      vertex -0.677726 3.55277 22.8496
      vertex -0.888118 2.73335 23.0538
      vertex -0.538535 2.8231 23.0538
    endloop
  endfacet
  facet normal -0.125897 0.317989 0.939698
    outer loop
      vertex -1.32958 4.09203 22.6005
      vertex -1.53997 3.27261 22.8496
      vertex -1.11766 3.43981 22.8496
    endloop
  endfacet
  facet normal -0.105886 0.412403 0.904827
    outer loop
      vertex -0.922016 4.83338 22.3103
      vertex -1.52053 4.67971 22.3103
      vertex -0.806229 4.2264 22.6005
    endloop
  endfacet
  facet normal -0.105885 0.412405 0.904826
    outer loop
      vertex -0.806229 4.2264 22.6005
      vertex -1.52053 4.67971 22.3103
      vertex -1.32958 4.09203 22.6005
    endloop
  endfacet
  facet normal -0.0850517 0.331264 0.939697
    outer loop
      vertex -0.806229 4.2264 22.6005
      vertex -1.32958 4.09203 22.6005
      vertex -0.677726 3.55277 22.8496
    endloop
  endfacet
  facet normal 0 0.342005 0.939698
    outer loop
      vertex 0.270163 4.29412 22.6005
      vertex -0.227102 3.60969 22.8496
      vertex 0.227102 3.60969 22.8496
    endloop
  endfacet
  facet normal 0 0.342005 0.939698
    outer loop
      vertex -0.227102 3.60969 22.8496
      vertex 0.270163 4.29412 22.6005
      vertex -0.270163 4.29412 22.6005
    endloop
  endfacet
  facet normal -0.291466 0.31038 0.904827
    outer loop
      vertex -3.13647 3.79134 22.3103
      vertex -3.58692 3.36834 22.3103
      vertex -2.74259 3.31522 22.6005
    endloop
  endfacet
  facet normal -0.250269 0.344461 0.904827
    outer loop
      vertex -2.63656 4.15455 22.3103
      vertex -3.13647 3.79134 22.3103
      vertex -2.74259 3.31522 22.6005
    endloop
  endfacet
  facet normal -0.246756 -0.961035 0.124594
    outer loop
      vertex -1.25485 -6.57816 20.423
      vertex -2.06942 -6.36901 20.423
      vertex -1.26482 -6.63044 20
    endloop
  endfacet
  facet normal -0.232414 -0.905177 0.355862
    outer loop
      vertex -2.02033 -6.21795 20.8393
      vertex -2.06942 -6.36901 20.423
      vertex -1.25485 -6.57816 20.423
    endloop
  endfacet
  facet normal 0.560698 -0.263836 0.784862
    outer loop
      vertex 5.49969 -2.17748 21.6259
      vertex 5.07738 -2.01028 21.9838
      vertex 5.18342 -2.84961 21.6259
    endloop
  endfacet
  facet normal 0.589342 -0.19149 0.784862
    outer loop
      vertex 5.2893 -1.35806 21.9838
      vertex 5.07738 -2.01028 21.9838
      vertex 5.49969 -2.17748 21.6259
    endloop
  endfacet
  facet normal 0.234119 -0.249314 0.939697
    outer loop
      vertex 2.63656 -2.47589 22.8496
      vertex 2.30545 -2.78682 22.8496
      vertex 3.13647 -2.94534 22.6005
    endloop
  endfacet
  facet normal 0.263521 -0.218003 0.939697
    outer loop
      vertex 2.92608 -2.12592 22.8496
      vertex 2.63656 -2.47589 22.8496
      vertex 3.13647 -2.94534 22.6005
    endloop
  endfacet
  facet normal 0.679209 -0.72329 0.124604
    outer loop
      vertex 4.92054 -4.62069 20
      vertex 4.26868 -5.15995 20.423
      vertex 4.30261 -5.20096 20
    endloop
  endfacet
  facet normal 0.583206 -0.802711 0.124604
    outer loop
      vertex 4.26868 -5.15995 20.423
      vertex 3.61683 -5.69921 20
      vertex 4.30261 -5.20096 20
    endloop
  endfacet
  facet normal 0.837744 -0.531656 0.124607
    outer loop
      vertex 5.91507 -3.25184 20
      vertex 5.4178 -3.93626 20.423
      vertex 5.46086 -3.96755 20
    endloop
  endfacet
  facet normal 0.523203 -0.332043 0.784861
    outer loop
      vertex 5.18342 -2.84961 21.6259
      vertex 4.41793 -3.20982 21.9838
      vertex 4.78539 -3.47679 21.6259
    endloop
  endfacet
  facet normal 0.5232 -0.33203 0.784868
    outer loop
      vertex 4.78539 -2.63079 21.9838
      vertex 4.41793 -3.20982 21.9838
      vertex 5.18342 -2.84961 21.6259
    endloop
  endfacet
  facet normal 0.325265 -0.105685 0.939698
    outer loop
      vertex 4.16744 -1.07002 22.6005
      vertex 3.5032 -0.899468 22.8496
      vertex 4.00047 -1.5839 22.6005
    endloop
  endfacet
  facet normal 0.404942 -0.131574 0.904826
    outer loop
      vertex 4.16744 -1.07002 22.6005
      vertex 4.00047 -1.5839 22.6005
      vertex 4.76595 -1.22369 22.3103
    endloop
  endfacet
  facet normal 0.797941 0.259263 0.544125
    outer loop
      vertex 6.07882 2.40677 20.8393
      vertex 5.83527 2.31035 21.2424
      vertex 6.33253 1.62592 20.8393
    endloop
  endfacet
  facet normal 0.797941 0.259263 0.544125
    outer loop
      vertex 6.33253 1.62592 20.8393
      vertex 5.83527 2.31035 21.2424
      vertex 6.07882 1.56077 21.2424
    endloop
  endfacet
  facet normal -0.0873336 0.0929977 0.991829
    outer loop
      vertex -1.32958 1.60719 23.2098
      vertex -1.52053 1.42787 23.2098
      vertex -0.922016 0.865831 23.3152
    endloop
  endfacet
  facet normal -0.0620204 -0.0118298 0.998005
    outer loop
      vertex -0.420493 -0.0531206 23.3683
      vertex -1.25485 -0.158524 23.3152
      vertex -1.22509 -0.314548 23.3152
    endloop
  endfacet
  facet normal -0.0159914 -0.12657 0.991829
    outer loop
      vertex -0.0794182 -1.26233 23.3152
      vertex -0.237004 -1.24242 23.3152
      vertex -0.130972 -2.08175 23.2098
    endloop
  endfacet
  facet normal 0.0159914 -0.12657 0.991829
    outer loop
      vertex 0.237004 -1.24242 23.3152
      vertex 0.0794182 -1.26233 23.3152
      vertex 0.130972 -2.08175 23.2098
    endloop
  endfacet
  facet normal -0.0432215 0.0460259 0.998005
    outer loop
      vertex -0.806229 0.974563 23.3152
      vertex -0.922016 0.865831 23.3152
      vertex -0.308963 0.290135 23.3683
    endloop
  endfacet
  facet normal 0.0983008 0.0813188 0.991829
    outer loop
      vertex 1.52053 1.42787 23.2098
      vertex 0.922016 0.865831 23.3152
      vertex 1.02326 0.743444 23.3152
    endloop
  endfacet
  facet normal 0.0983008 -0.0813188 0.991829
    outer loop
      vertex 1.02326 -0.743444 23.3152
      vertex 0.922016 -0.865831 23.3152
      vertex 1.52053 -1.42787 23.2098
    endloop
  endfacet
  facet normal 0.0486499 -0.0402454 0.998005
    outer loop
      vertex 1.02326 -0.743444 23.3152
      vertex 0.308963 -0.290135 23.3683
      vertex 0.922016 -0.865831 23.3152
    endloop
  endfacet
  facet normal -0.0749893 -0.103209 0.991829
    outer loop
      vertex -0.806229 -0.974563 23.3152
      vertex -1.32958 -1.60719 23.2098
      vertex -0.677726 -1.06793 23.3152
    endloop
  endfacet
  facet normal -0.0749852 -0.103214 0.991829
    outer loop
      vertex -0.677726 -1.06793 23.3152
      vertex -1.32958 -1.60719 23.2098
      vertex -1.11766 -1.76115 23.2098
    endloop
  endfacet
  facet normal 0.00791344 0.0626407 0.998005
    outer loop
      vertex 0.237004 1.24242 23.3152
      vertex 0.0266123 0.422999 23.3683
      vertex 0.0794182 0.416328 23.3683
    endloop
  endfacet
  facet normal 0.00791425 -0.0626405 0.998005
    outer loop
      vertex 0.237004 -1.24242 23.3152
      vertex 0.0266123 -0.422999 23.3683
      vertex 0.0794182 -1.26233 23.3152
    endloop
  endfacet
  facet normal 0.121333 -0.0394206 0.991829
    outer loop
      vertex 2.02033 -0.518733 23.2098
      vertex 1.176 -0.465612 23.3152
      vertex 1.93939 -0.767858 23.2098
    endloop
  endfacet
  facet normal -0.00791344 -0.0626407 0.998005
    outer loop
      vertex -0.0794182 -0.416328 23.3683
      vertex -0.237004 -1.24242 23.3152
      vertex -0.0266123 -0.422999 23.3683
    endloop
  endfacet
  facet normal 0.0649157 -0.513838 0.855428
    outer loop
      vertex 0.922016 -4.83338 22.3103
      vertex 0.308963 -4.91083 22.3103
      vertex 1.02326 -5.36414 21.9838
    endloop
  endfacet
  facet normal 0.0428598 -0.339312 0.939697
    outer loop
      vertex 0.677726 -3.55277 22.8496
      vertex 0.227102 -3.60969 22.8496
      vertex 0.806229 -4.2264 22.6005
    endloop
  endfacet
  facet normal 0 -0.194536 0.980895
    outer loop
      vertex -0.130972 -2.08175 23.2098
      vertex 0.18046 -2.86834 23.0538
      vertex 0.130972 -2.08175 23.2098
    endloop
  endfacet
  facet normal 0 -0.194536 0.980895
    outer loop
      vertex 0.18046 -2.86834 23.0538
      vertex -0.130972 -2.08175 23.2098
      vertex -0.18046 -2.86834 23.0538
    endloop
  endfacet
  facet normal 0.0243814 -0.193002 0.980895
    outer loop
      vertex 0.390852 -2.04892 23.2098
      vertex 0.130972 -2.08175 23.2098
      vertex 0.18046 -2.86834 23.0538
    endloop
  endfacet
  facet normal 0.085056 -0.331259 0.939698
    outer loop
      vertex 1.11766 -3.43981 22.8496
      vertex 0.677726 -3.55277 22.8496
      vertex 1.32958 -4.09203 22.6005
    endloop
  endfacet
  facet normal 0.164762 -0.299705 0.939697
    outer loop
      vertex 2.30545 -3.63282 22.6005
      vertex 1.53997 -3.27261 22.8496
      vertex 1.83196 -3.89312 22.6005
    endloop
  endfacet
  facet normal 0.181783 -0.193577 0.964097
    outer loop
      vertex 2.09506 -1.96739 23.0538
      vertex 1.83196 -2.21446 23.0538
      vertex 2.30545 -2.78682 22.8496
    endloop
  endfacet
  facet normal 0.0982985 -0.0813205 0.991829
    outer loop
      vertex 1.6875 -1.22604 23.2098
      vertex 1.02326 -0.743444 23.3152
      vertex 1.52053 -1.42787 23.2098
    endloop
  endfacet
  facet normal 0.048377 -0.188425 0.980895
    outer loop
      vertex 0.644567 -1.98378 23.2098
      vertex 0.390852 -2.04892 23.2098
      vertex 0.888118 -2.73335 23.0538
    endloop
  endfacet
  facet normal 0.0977603 -0.2469 0.964097
    outer loop
      vertex 1.22369 -2.60048 23.0538
      vertex 0.888118 -2.73335 23.0538
      vertex 1.53997 -3.27261 22.8496
    endloop
  endfacet
  facet normal -0.0660428 -0.25721 0.964096
    outer loop
      vertex -0.888118 -2.73335 23.0538
      vertex -1.11766 -3.43981 22.8496
      vertex -0.677726 -3.55277 22.8496
    endloop
  endfacet
  facet normal -0.0483754 -0.188426 0.980895
    outer loop
      vertex -0.390852 -2.04892 23.2098
      vertex -0.888118 -2.73335 23.0538
      vertex -0.538535 -2.8231 23.0538
    endloop
  endfacet
  facet normal 0.125316 -0.0239029 0.991829
    outer loop
      vertex 1.25485 -0.158524 23.3152
      vertex 1.22509 -0.314548 23.3152
      vertex 2.06942 -0.261428 23.2098
    endloop
  endfacet
  facet normal 0.0620204 -0.0118298 0.998005
    outer loop
      vertex 1.25485 -0.158524 23.3152
      vertex 0.420493 -0.0531206 23.3683
      vertex 1.22509 -0.314548 23.3152
    endloop
  endfacet
  facet normal 0.0304169 -0.0553288 0.998005
    outer loop
      vertex 0.677726 -1.06793 23.3152
      vertex 0.18046 -0.383498 23.3683
      vertex 0.538535 -1.14445 23.3152
    endloop
  endfacet
  facet normal 0.0469645 -0.118617 0.991829
    outer loop
      vertex 0.888118 -1.88735 23.2098
      vertex 0.538535 -1.14445 23.3152
      vertex 0.644567 -1.98378 23.2098
    endloop
  endfacet
  facet normal 0.149892 -0.124003 0.980895
    outer loop
      vertex 2.32512 -1.6893 23.0538
      vertex 1.6875 -1.22604 23.2098
      vertex 2.09506 -1.96739 23.0538
    endloop
  endfacet
  facet normal 0.115434 -0.0543193 0.991829
    outer loop
      vertex 1.93939 -0.767858 23.2098
      vertex 1.176 -0.465612 23.3152
      vertex 1.82786 -1.00487 23.2098
    endloop
  endfacet
  facet normal -0.205118 -0.373112 0.904828
    outer loop
      vertex -1.83196 -3.89312 22.6005
      vertex -2.30545 -3.63282 22.6005
      vertex -2.09506 -4.45224 22.3103
    endloop
  endfacet
  facet normal -0.164762 -0.299705 0.939697
    outer loop
      vertex -1.53997 -3.27261 22.8496
      vertex -2.30545 -3.63282 22.6005
      vertex -1.83196 -3.89312 22.6005
    endloop
  endfacet
  facet normal 0.428433 0.589692 0.684623
    outer loop
      vertex 4.00047 4.83573 21.2424
      vertex 3.16945 4.99426 21.6259
      vertex 3.77041 4.55764 21.6259
    endloop
  endfacet
  facet normal 0.364232 0.501326 0.784861
    outer loop
      vertex 3.77041 4.55764 21.6259
      vertex 3.16945 4.99426 21.6259
      vertex 3.48089 4.20767 21.9838
    endloop
  endfacet
  facet normal 0.249513 0.453863 0.855425
    outer loop
      vertex 2.92608 4.61076 21.9838
      vertex 2.32512 4.94114 21.9838
      vertex 2.63656 4.15455 22.3103
    endloop
  endfacet
  facet normal 0.249512 0.453863 0.855425
    outer loop
      vertex 2.32512 4.94114 21.9838
      vertex 2.09506 4.45224 22.3103
      vertex 2.63656 4.15455 22.3103
    endloop
  endfacet
  facet normal 0.156085 0.214837 0.964097
    outer loop
      vertex 1.93799 3.05379 22.8496
      vertex 1.83196 2.21446 23.0538
      vertex 2.30545 2.78682 22.8496
    endloop
  endfacet
  facet normal 0.181783 0.193577 0.964097
    outer loop
      vertex 2.30545 2.78682 22.8496
      vertex 1.83196 2.21446 23.0538
      vertex 2.09506 1.96739 23.0538
    endloop
  endfacet
  facet normal 0.234119 0.249314 0.939697
    outer loop
      vertex 3.13647 2.94534 22.6005
      vertex 2.30545 2.78682 22.8496
      vertex 2.63656 2.47589 22.8496
    endloop
  endfacet
  facet normal 0.263521 0.218003 0.939697
    outer loop
      vertex 3.13647 2.94534 22.6005
      vertex 2.63656 2.47589 22.8496
      vertex 2.92608 2.12592 22.8496
    endloop
  endfacet
  facet normal -0.149892 0.124003 0.980895
    outer loop
      vertex -1.52053 1.42787 23.2098
      vertex -2.09506 1.96739 23.0538
      vertex -1.6875 1.22604 23.2098
    endloop
  endfacet
  facet normal -0.0982985 0.0813205 0.991829
    outer loop
      vertex -1.52053 1.42787 23.2098
      vertex -1.6875 1.22604 23.2098
      vertex -1.02326 0.743444 23.3152
    endloop
  endfacet
  facet normal 0 -0.0631384 0.998005
    outer loop
      vertex -0.0266123 -0.422999 23.3683
      vertex 0.0794182 -1.26233 23.3152
      vertex 0.0266123 -0.422999 23.3683
    endloop
  endfacet
  facet normal 0 -0.0631384 0.998005
    outer loop
      vertex 0.0794182 -1.26233 23.3152
      vertex -0.0266123 -0.422999 23.3683
      vertex -0.0794182 -1.26233 23.3152
    endloop
  endfacet
  facet normal -0.0304169 0.0553288 0.998005
    outer loop
      vertex -0.538535 1.14445 23.3152
      vertex -0.677726 1.06793 23.3152
      vertex -0.18046 0.383498 23.3683
    endloop
  endfacet
  facet normal 0.0469645 0.118617 0.991829
    outer loop
      vertex 0.644567 1.98378 23.2098
      vertex 0.538535 1.14445 23.3152
      vertex 0.888118 1.88735 23.2098
    endloop
  endfacet
  facet normal 0.0469625 0.118618 0.991829
    outer loop
      vertex 0.644567 1.98378 23.2098
      vertex 0.390852 1.20292 23.3152
      vertex 0.538535 1.14445 23.3152
    endloop
  endfacet
  facet normal 0.0317255 0.123568 0.991829
    outer loop
      vertex 0.390852 2.04892 23.2098
      vertex 0.237004 1.24242 23.3152
      vertex 0.644567 1.98378 23.2098
    endloop
  endfacet
  facet normal 0.0159893 0.12657 0.991829
    outer loop
      vertex 0.390852 2.04892 23.2098
      vertex 0.130972 2.08175 23.2098
      vertex 0.237004 1.24242 23.3152
    endloop
  endfacet
  facet normal -0.0600484 -0.01951 0.998005
    outer loop
      vertex -0.41052 -0.105403 23.3683
      vertex -1.22509 -0.314548 23.3152
      vertex -0.394073 -0.156024 23.3683
    endloop
  endfacet
  facet normal -0.0371129 0.0510793 0.998005
    outer loop
      vertex -0.677726 1.06793 23.3152
      vertex -0.806229 0.974563 23.3152
      vertex -0.227102 0.357856 23.3683
    endloop
  endfacet
  facet normal 0.00791425 0.0626405 0.998005
    outer loop
      vertex 0.0794182 1.26233 23.3152
      vertex 0.0266123 0.422999 23.3683
      vertex 0.237004 1.24242 23.3152
    endloop
  endfacet
  facet normal 0.0371129 -0.0510793 0.998005
    outer loop
      vertex 0.806229 -0.974563 23.3152
      vertex 0.227102 -0.357856 23.3683
      vertex 0.677726 -1.06793 23.3152
    endloop
  endfacet
  facet normal -0.0571291 0.0268843 0.998005
    outer loop
      vertex -0.371409 0.204185 23.3683
      vertex -1.10837 0.609333 23.3152
      vertex -0.394073 0.156024 23.3683
    endloop
  endfacet
  facet normal -0.0571298 0.0268832 0.998005
    outer loop
      vertex -1.10837 0.609333 23.3152
      vertex -1.176 0.465612 23.3152
      vertex -0.394073 0.156024 23.3683
    endloop
  endfacet
  facet normal -0.107716 0.068359 0.991829
    outer loop
      vertex -1.6875 1.22604 23.2098
      vertex -1.82786 1.00487 23.2098
      vertex -1.02326 0.743444 23.3152
    endloop
  endfacet
  facet normal -0.164252 0.104238 0.980895
    outer loop
      vertex -1.6875 1.22604 23.2098
      vertex -2.32512 1.6893 23.0538
      vertex -1.82786 1.00487 23.2098
    endloop
  endfacet
  facet normal 0.450219 0.81894 0.355865
    outer loop
      vertex 2.85135 6.05942 20.423
      vertex 2.78372 5.9157 20.8393
      vertex 3.58831 5.65427 20.423
    endloop
  endfacet
  facet normal 0.639747 0.681247 0.355847
    outer loop
      vertex 4.26868 5.15995 20.423
      vertex 4.16744 5.03757 20.8393
      vertex 4.76595 4.47552 20.8393
    endloop
  endfacet
  facet normal 0.105155 0.83239 0.544123
    outer loop
      vertex 1.22509 6.42213 20.8393
      vertex 0.394073 6.26361 21.2424
      vertex 1.176 6.16483 21.2424
    endloop
  endfacet
  facet normal 0.0913541 0.723145 0.684628
    outer loop
      vertex 1.176 6.16483 21.2424
      vertex 0.394073 6.26361 21.2424
      vertex 1.10837 5.8103 21.6259
    endloop
  endfacet
  facet normal 0.268321 0.677716 0.68462
    outer loop
      vertex 1.93939 5.96882 21.2424
      vertex 1.82786 5.62557 21.6259
      vertex 2.67219 5.67869 21.2424
    endloop
  endfacet
  facet normal 0.232414 0.905177 0.355862
    outer loop
      vertex 2.06942 6.36901 20.423
      vertex 1.25485 6.57816 20.423
      vertex 2.02033 6.21795 20.8393
    endloop
  endfacet
  facet normal 0.0533666 0.422422 0.904827
    outer loop
      vertex 0.922016 4.83338 22.3103
      vertex 0.308963 4.91083 22.3103
      vertex 0.806229 4.2264 22.6005
    endloop
  endfacet
  facet normal 0.105886 0.412403 0.904827
    outer loop
      vertex 0.922016 4.83338 22.3103
      vertex 0.806229 4.2264 22.6005
      vertex 1.52053 4.67971 22.3103
    endloop
  endfacet
  facet normal 0 0.61967 0.784863
    outer loop
      vertex 0.371409 5.9034 21.6259
      vertex -0.34289 5.45009 21.9838
      vertex 0.34289 5.45009 21.9838
    endloop
  endfacet
  facet normal 0 0.61967 0.784863
    outer loop
      vertex -0.34289 5.45009 21.9838
      vertex 0.371409 5.9034 21.6259
      vertex -0.371409 5.9034 21.6259
    endloop
  endfacet
  facet normal 0.450219 0.81894 0.355864
    outer loop
      vertex 3.58831 5.65427 20.423
      vertex 2.78372 5.9157 20.8393
      vertex 3.5032 5.52016 20.8393
    endloop
  endfacet
  facet normal 0.493143 0.678766 0.544138
    outer loop
      vertex 4.16744 5.03757 20.8393
      vertex 3.5032 5.52016 20.8393
      vertex 4.00047 4.83573 21.2424
    endloop
  endfacet
  facet normal -0.23412 -0.249311 0.939698
    outer loop
      vertex -2.30545 -2.78682 22.8496
      vertex -3.13647 -2.94534 22.6005
      vertex -2.74259 -3.31522 22.6005
    endloop
  endfacet
  facet normal -0.201022 -0.276689 0.939698
    outer loop
      vertex -2.30545 -2.78682 22.8496
      vertex -2.30545 -3.63282 22.6005
      vertex -1.93799 -3.05379 22.8496
    endloop
  endfacet
  facet normal -0.477467 -0.394995 0.784859
    outer loop
      vertex -3.9808 -3.73822 21.9838
      vertex -4.78539 -3.47679 21.6259
      vertex -4.3119 -4.04914 21.6259
    endloop
  endfacet
  facet normal -0.561625 -0.464617 0.684623
    outer loop
      vertex -4.78539 -3.47679 21.6259
      vertex -5.07738 -3.68893 21.2424
      vertex -4.3119 -4.04914 21.6259
    endloop
  endfacet
  facet normal -0.0937149 -0.170473 0.980896
    outer loop
      vertex -1.11766 -1.76115 23.2098
      vertex -1.53997 -2.42661 23.0538
      vertex -1.22369 -2.60048 23.0538
    endloop
  endfacet
  facet normal -0.0937238 -0.170472 0.980895
    outer loop
      vertex -1.11766 -1.76115 23.2098
      vertex -1.22369 -2.60048 23.0538
      vertex -0.888118 -1.88735 23.2098
    endloop
  endfacet
  facet normal -0.0873336 -0.0929977 0.991829
    outer loop
      vertex -0.922016 -0.865831 23.3152
      vertex -1.52053 -1.42787 23.2098
      vertex -1.32958 -1.60719 23.2098
    endloop
  endfacet
  facet normal -0.0873321 -0.0929986 0.991829
    outer loop
      vertex -0.922016 -0.865831 23.3152
      vertex -1.32958 -1.60719 23.2098
      vertex -0.806229 -0.974563 23.3152
    endloop
  endfacet
  facet normal -0.115434 -0.0543193 0.991829
    outer loop
      vertex -1.176 -0.465612 23.3152
      vertex -1.93939 -0.767858 23.2098
      vertex -1.82786 -1.00487 23.2098
    endloop
  endfacet
  facet normal -0.121333 -0.0394206 0.991829
    outer loop
      vertex -1.176 -0.465612 23.3152
      vertex -2.02033 -0.518733 23.2098
      vertex -1.93939 -0.767858 23.2098
    endloop
  endfacet
  facet normal -0.164252 -0.104238 0.980895
    outer loop
      vertex -1.82786 -1.00487 23.2098
      vertex -2.32512 -1.6893 23.0538
      vertex -1.6875 -1.22604 23.2098
    endloop
  endfacet
  facet normal -0.149892 -0.124003 0.980895
    outer loop
      vertex -1.6875 -1.22604 23.2098
      vertex -2.32512 -1.6893 23.0538
      vertex -2.09506 -1.96739 23.0538
    endloop
  endfacet
  facet normal -0.252557 -0.0820629 0.964096
    outer loop
      vertex -2.67219 -1.05799 23.0538
      vertex -3.5032 -0.899468 22.8496
      vertex -3.36284 -1.33144 22.8496
    endloop
  endfacet
  facet normal -0.325263 -0.105687 0.939699
    outer loop
      vertex -3.5032 -0.899468 22.8496
      vertex -4.00047 -1.5839 22.6005
      vertex -3.36284 -1.33144 22.8496
    endloop
  endfacet
  facet normal 0 0.194536 0.980895
    outer loop
      vertex 0.18046 2.86834 23.0538
      vertex -0.130972 2.08175 23.2098
      vertex 0.130972 2.08175 23.2098
    endloop
  endfacet
  facet normal 0 0.194536 0.980895
    outer loop
      vertex -0.130972 2.08175 23.2098
      vertex 0.18046 2.86834 23.0538
      vertex -0.18046 2.86834 23.0538
    endloop
  endfacet
  facet normal -0.0159893 0.12657 0.991829
    outer loop
      vertex -0.130972 2.08175 23.2098
      vertex -0.390852 2.04892 23.2098
      vertex -0.237004 1.24242 23.3152
    endloop
  endfacet
  facet normal -0.0243843 0.193002 0.980895
    outer loop
      vertex -0.18046 2.86834 23.0538
      vertex -0.538535 2.8231 23.0538
      vertex -0.390852 2.04892 23.2098
    endloop
  endfacet
  facet normal -0.0977603 0.2469 0.964097
    outer loop
      vertex -0.888118 2.73335 23.0538
      vertex -1.53997 3.27261 22.8496
      vertex -1.22369 2.60048 23.0538
    endloop
  endfacet
  facet normal -0.0937149 0.170473 0.980896
    outer loop
      vertex -1.22369 2.60048 23.0538
      vertex -1.53997 2.42661 23.0538
      vertex -1.11766 1.76115 23.2098
    endloop
  endfacet
  facet normal -0.0469625 0.118618 0.991829
    outer loop
      vertex -0.390852 1.20292 23.3152
      vertex -0.644567 1.98378 23.2098
      vertex -0.538535 1.14445 23.3152
    endloop
  endfacet
  facet normal -0.156738 0.395878 0.904828
    outer loop
      vertex -1.52053 4.67971 22.3103
      vertex -2.09506 4.45224 22.3103
      vertex -1.83196 3.89312 22.6005
    endloop
  endfacet
  facet normal -0.205118 0.373112 0.904828
    outer loop
      vertex -2.09506 4.45224 22.3103
      vertex -2.30545 3.63282 22.6005
      vertex -1.83196 3.89312 22.6005
    endloop
  endfacet
  facet normal -0.365255 -0.922532 0.124594
    outer loop
      vertex -2.06942 -6.36901 20.423
      vertex -2.87401 -6.10758 20
      vertex -2.08586 -6.41963 20
    endloop
  endfacet
  facet normal 0.0157022 -0.0611549 0.998005
    outer loop
      vertex 0.130972 -0.403091 23.3683
      vertex 0.0794182 -0.416328 23.3683
      vertex 0.237004 -1.24242 23.3152
    endloop
  endfacet
  facet normal 0.0157014 -0.061155 0.998005
    outer loop
      vertex 0.390852 -1.20292 23.3152
      vertex 0.130972 -0.403091 23.3683
      vertex 0.237004 -1.24242 23.3152
    endloop
  endfacet
  facet normal 0.0432216 0.0460259 0.998005
    outer loop
      vertex 0.806229 0.974563 23.3152
      vertex 0.270163 0.326571 23.3683
      vertex 0.308963 0.290135 23.3683
    endloop
  endfacet
  facet normal 0.0371115 -0.0510806 0.998005
    outer loop
      vertex 0.270163 -0.326571 23.3683
      vertex 0.227102 -0.357856 23.3683
      vertex 0.806229 -0.974563 23.3152
    endloop
  endfacet
  facet normal -0.0630139 0.00396561 0.998005
    outer loop
      vertex -0.420493 0.0531206 23.3683
      vertex -1.25485 0.158524 23.3152
      vertex -0.423836 0 23.3683
    endloop
  endfacet
  facet normal 0 -0.342005 0.939698
    outer loop
      vertex -0.227102 -3.60969 22.8496
      vertex 0.270163 -4.29412 22.6005
      vertex 0.227102 -3.60969 22.8496
    endloop
  endfacet
  facet normal 0 -0.342005 0.939698
    outer loop
      vertex 0.270163 -4.29412 22.6005
      vertex -0.227102 -3.60969 22.8496
      vertex -0.270163 -4.29412 22.6005
    endloop
  endfacet
  facet normal -0.0428641 -0.339309 0.939698
    outer loop
      vertex -0.227102 -3.60969 22.8496
      vertex -0.806229 -4.2264 22.6005
      vertex -0.270163 -4.29412 22.6005
    endloop
  endfacet
  facet normal 0.105886 -0.412403 0.904827
    outer loop
      vertex 1.52053 -4.67971 22.3103
      vertex 0.806229 -4.2264 22.6005
      vertex 0.922016 -4.83338 22.3103
    endloop
  endfacet
  facet normal 0.156743 -0.39588 0.904826
    outer loop
      vertex 1.83196 -3.89312 22.6005
      vertex 1.32958 -4.09203 22.6005
      vertex 1.52053 -4.67971 22.3103
    endloop
  endfacet
  facet normal 0.125903 -0.31799 0.939697
    outer loop
      vertex 1.53997 -3.27261 22.8496
      vertex 1.32958 -4.09203 22.6005
      vertex 1.83196 -3.89312 22.6005
    endloop
  endfacet
  facet normal 0.125897 -0.317989 0.939698
    outer loop
      vertex 1.53997 -3.27261 22.8496
      vertex 1.11766 -3.43981 22.8496
      vertex 1.32958 -4.09203 22.6005
    endloop
  endfacet
  facet normal 0 -0.127577 0.991829
    outer loop
      vertex -0.0794182 -1.26233 23.3152
      vertex 0.130972 -2.08175 23.2098
      vertex 0.0794182 -1.26233 23.3152
    endloop
  endfacet
  facet normal 0 -0.127577 0.991829
    outer loop
      vertex 0.130972 -2.08175 23.2098
      vertex -0.0794182 -1.26233 23.3152
      vertex -0.130972 -2.08175 23.2098
    endloop
  endfacet
  facet normal 0.127933 -0.232702 0.964097
    outer loop
      vertex 1.93799 -3.05379 22.8496
      vertex 1.22369 -2.60048 23.0538
      vertex 1.53997 -3.27261 22.8496
    endloop
  endfacet
  facet normal 0.164765 -0.299698 0.939699
    outer loop
      vertex 1.93799 -3.05379 22.8496
      vertex 1.53997 -3.27261 22.8496
      vertex 2.30545 -3.63282 22.6005
    endloop
  endfacet
  facet normal 0.0937149 -0.170473 0.980896
    outer loop
      vertex 1.53997 -2.42661 23.0538
      vertex 1.11766 -1.76115 23.2098
      vertex 1.22369 -2.60048 23.0538
    endloop
  endfacet
  facet normal 0.127928 -0.232709 0.964096
    outer loop
      vertex 1.53997 -2.42661 23.0538
      vertex 1.22369 -2.60048 23.0538
      vertex 1.93799 -3.05379 22.8496
    endloop
  endfacet
  facet normal 0.0716147 -0.180876 0.980895
    outer loop
      vertex 0.888118 -1.88735 23.2098
      vertex 0.644567 -1.98378 23.2098
      vertex 1.22369 -2.60048 23.0538
    endloop
  endfacet
  facet normal 0.0937238 -0.170472 0.980895
    outer loop
      vertex 1.11766 -1.76115 23.2098
      vertex 0.888118 -1.88735 23.2098
      vertex 1.22369 -2.60048 23.0538
    endloop
  endfacet
  facet normal 0.0317258 -0.123568 0.991829
    outer loop
      vertex 0.390852 -1.20292 23.3152
      vertex 0.237004 -1.24242 23.3152
      vertex 0.644567 -1.98378 23.2098
    endloop
  endfacet
  facet normal 0.0469625 -0.118618 0.991829
    outer loop
      vertex 0.538535 -1.14445 23.3152
      vertex 0.390852 -1.20292 23.3152
      vertex 0.644567 -1.98378 23.2098
    endloop
  endfacet
  facet normal -0.0660343 -0.257208 0.964097
    outer loop
      vertex -0.538535 -2.8231 23.0538
      vertex -0.888118 -2.73335 23.0538
      vertex -0.677726 -3.55277 22.8496
    endloop
  endfacet
  facet normal -0.0332856 -0.263456 0.964097
    outer loop
      vertex -0.538535 -2.8231 23.0538
      vertex -0.677726 -3.55277 22.8496
      vertex -0.18046 -2.86834 23.0538
    endloop
  endfacet
  facet normal 0.127325 -0.00800778 0.991829
    outer loop
      vertex 1.26482 0 23.3152
      vertex 1.25485 -0.158524 23.3152
      vertex 2.06942 -0.261428 23.2098
    endloop
  endfacet
  facet normal 0.127325 -0.00800687 0.991829
    outer loop
      vertex 2.08586 0 23.2098
      vertex 1.26482 0 23.3152
      vertex 2.06942 -0.261428 23.2098
    endloop
  endfacet
  facet normal 0.0533104 -0.0338309 0.998005
    outer loop
      vertex 0.371409 -0.204185 23.3683
      vertex 0.34289 -0.249125 23.3683
      vertex 1.02326 -0.743444 23.3152
    endloop
  endfacet
  facet normal 0.048649 -0.0402467 0.998005
    outer loop
      vertex 0.34289 -0.249125 23.3683
      vertex 0.308963 -0.290135 23.3683
      vertex 1.02326 -0.743444 23.3152
    endloop
  endfacet
  facet normal 0.0432216 -0.0460259 0.998005
    outer loop
      vertex 0.308963 -0.290135 23.3683
      vertex 0.270163 -0.326571 23.3683
      vertex 0.806229 -0.974563 23.3152
    endloop
  endfacet
  facet normal 0.0749852 -0.103214 0.991829
    outer loop
      vertex 1.32958 -1.60719 23.2098
      vertex 0.677726 -1.06793 23.3152
      vertex 1.11766 -1.76115 23.2098
    endloop
  endfacet
  facet normal -0.0157022 0.0611549 0.998005
    outer loop
      vertex -0.0794182 0.416328 23.3683
      vertex -0.237004 1.24242 23.3152
      vertex -0.130972 0.403091 23.3683
    endloop
  endfacet
  facet normal -0.0620204 0.0118298 0.998005
    outer loop
      vertex -1.22509 0.314548 23.3152
      vertex -1.25485 0.158524 23.3152
      vertex -0.420493 0.0531206 23.3683
    endloop
  endfacet
  facet normal 0.224214 -0.142287 0.964097
    outer loop
      vertex 2.51851 -1.38456 23.0538
      vertex 2.32512 -1.6893 23.0538
      vertex 3.16945 -1.74242 22.8496
    endloop
  endfacet
  facet normal 0.240276 -0.113071 0.964097
    outer loop
      vertex 2.67219 -1.05799 23.0538
      vertex 2.51851 -1.38456 23.0538
      vertex 3.16945 -1.74242 22.8496
    endloop
  endfacet
  facet normal 0.351158 0.638735 0.684621
    outer loop
      vertex 3.36284 5.29899 21.2424
      vertex 2.67219 5.67869 21.2424
      vertex 3.16945 4.99426 21.6259
    endloop
  endfacet
  facet normal 0.351137 0.638728 0.684638
    outer loop
      vertex 2.67219 5.67869 21.2424
      vertex 2.51851 5.35211 21.6259
      vertex 3.16945 4.99426 21.6259
    endloop
  endfacet
  facet normal -0.0983008 0.0813188 0.991829
    outer loop
      vertex -0.922016 0.865831 23.3152
      vertex -1.52053 1.42787 23.2098
      vertex -1.02326 0.743444 23.3152
    endloop
  endfacet
  facet normal -0.0371129 -0.0510793 0.998005
    outer loop
      vertex -0.227102 -0.357856 23.3683
      vertex -0.806229 -0.974563 23.3152
      vertex -0.677726 -1.06793 23.3152
    endloop
  endfacet
  facet normal 0.0371115 0.0510806 0.998005
    outer loop
      vertex 0.806229 0.974563 23.3152
      vertex 0.227102 0.357856 23.3683
      vertex 0.270163 0.326571 23.3683
    endloop
  endfacet
  facet normal 0.00791344 -0.0626407 0.998005
    outer loop
      vertex 0.0794182 -0.416328 23.3683
      vertex 0.0266123 -0.422999 23.3683
      vertex 0.237004 -1.24242 23.3152
    endloop
  endfacet
  facet normal 0 0.0631384 0.998005
    outer loop
      vertex 0.0794182 1.26233 23.3152
      vertex -0.0266123 0.422999 23.3683
      vertex 0.0266123 0.422999 23.3683
    endloop
  endfacet
  facet normal 0 0.0631384 0.998005
    outer loop
      vertex -0.0266123 0.422999 23.3683
      vertex 0.0794182 1.26233 23.3152
      vertex -0.0794182 1.26233 23.3152
    endloop
  endfacet
  facet normal 0.0304174 0.0553284 0.998005
    outer loop
      vertex 0.677726 1.06793 23.3152
      vertex 0.18046 0.383498 23.3683
      vertex 0.227102 0.357856 23.3683
    endloop
  endfacet
  facet normal 0.0371129 0.0510793 0.998005
    outer loop
      vertex 0.677726 1.06793 23.3152
      vertex 0.227102 0.357856 23.3683
      vertex 0.806229 0.974563 23.3152
    endloop
  endfacet
  facet normal 0.0486499 0.0402454 0.998005
    outer loop
      vertex 0.922016 0.865831 23.3152
      vertex 0.308963 0.290135 23.3683
      vertex 1.02326 0.743444 23.3152
    endloop
  endfacet
  facet normal -0.0371115 -0.0510806 0.998005
    outer loop
      vertex -0.270163 -0.326571 23.3683
      vertex -0.806229 -0.974563 23.3152
      vertex -0.227102 -0.357856 23.3683
    endloop
  endfacet
  facet normal -0.0304174 -0.0553284 0.998005
    outer loop
      vertex -0.227102 -0.357856 23.3683
      vertex -0.677726 -1.06793 23.3152
      vertex -0.18046 -0.383498 23.3683
    endloop
  endfacet
  facet normal 0.344029 0.86891 0.355864
    outer loop
      vertex 2.06942 6.36901 20.423
      vertex 2.02033 6.21795 20.8393
      vertex 2.78372 5.9157 20.8393
    endloop
  endfacet
  facet normal 0.4042 0.735214 0.544135
    outer loop
      vertex 3.5032 5.52016 20.8393
      vertex 2.67219 5.67869 21.2424
      vertex 3.36284 5.29899 21.2424
    endloop
  endfacet
  facet normal 0.365255 0.922532 0.124594
    outer loop
      vertex 2.08586 6.41963 20
      vertex 2.06942 6.36901 20.423
      vertex 2.87401 6.10758 20
    endloop
  endfacet
  facet normal 0.246756 0.961035 0.124594
    outer loop
      vertex 1.26482 6.63044 20
      vertex 1.25485 6.57816 20.423
      vertex 2.06942 6.36901 20.423
    endloop
  endfacet
  facet normal 0.478 0.869477 0.124602
    outer loop
      vertex 3.61683 5.69921 20
      vertex 2.87401 6.10758 20
      vertex 3.58831 5.65427 20.423
    endloop
  endfacet
  facet normal 0.478002 0.869476 0.124599
    outer loop
      vertex 2.87401 6.10758 20
      vertex 2.85135 6.05942 20.423
      vertex 3.58831 5.65427 20.423
    endloop
  endfacet
  facet normal -0.263521 -0.218003 0.939697
    outer loop
      vertex -2.92608 -2.12592 22.8496
      vertex -3.13647 -2.94534 22.6005
      vertex -2.63656 -2.47589 22.8496
    endloop
  endfacet
  facet normal -0.20461 -0.169268 0.964097
    outer loop
      vertex -2.09506 -1.96739 23.0538
      vertex -2.92608 -2.12592 22.8496
      vertex -2.63656 -2.47589 22.8496
    endloop
  endfacet
  facet normal -0.156085 -0.214837 0.964097
    outer loop
      vertex -1.83196 -2.21446 23.0538
      vertex -2.30545 -2.78682 22.8496
      vertex -1.93799 -3.05379 22.8496
    endloop
  endfacet
  facet normal -0.181783 -0.193577 0.964097
    outer loop
      vertex -2.09506 -1.96739 23.0538
      vertex -2.30545 -2.78682 22.8496
      vertex -1.83196 -2.21446 23.0538
    endloop
  endfacet
  facet normal -0.048377 0.188425 0.980895
    outer loop
      vertex -0.390852 2.04892 23.2098
      vertex -0.888118 2.73335 23.0538
      vertex -0.644567 1.98378 23.2098
    endloop
  endfacet
  facet normal -0.0332856 0.263456 0.964097
    outer loop
      vertex -0.18046 2.86834 23.0538
      vertex -0.677726 3.55277 22.8496
      vertex -0.538535 2.8231 23.0538
    endloop
  endfacet
  facet normal -0.127933 0.232702 0.964097
    outer loop
      vertex -1.53997 3.27261 22.8496
      vertex -1.93799 3.05379 22.8496
      vertex -1.22369 2.60048 23.0538
    endloop
  endfacet
  facet normal -0.164765 0.299698 0.939699
    outer loop
      vertex -1.53997 3.27261 22.8496
      vertex -2.30545 3.63282 22.6005
      vertex -1.93799 3.05379 22.8496
    endloop
  endfacet
  facet normal -0.0749852 0.103214 0.991829
    outer loop
      vertex -1.11766 1.76115 23.2098
      vertex -1.32958 1.60719 23.2098
      vertex -0.677726 1.06793 23.3152
    endloop
  endfacet
  facet normal -0.0937238 0.170472 0.980895
    outer loop
      vertex -0.888118 1.88735 23.2098
      vertex -1.22369 2.60048 23.0538
      vertex -1.11766 1.76115 23.2098
    endloop
  endfacet
  facet normal -0.0159914 0.12657 0.991829
    outer loop
      vertex -0.130972 2.08175 23.2098
      vertex -0.237004 1.24242 23.3152
      vertex -0.0794182 1.26233 23.3152
    endloop
  endfacet
  facet normal -0.0243814 0.193002 0.980895
    outer loop
      vertex -0.18046 2.86834 23.0538
      vertex -0.390852 2.04892 23.2098
      vertex -0.130972 2.08175 23.2098
    endloop
  endfacet
  facet normal -0.156743 0.39588 0.904826
    outer loop
      vertex -1.52053 4.67971 22.3103
      vertex -1.83196 3.89312 22.6005
      vertex -1.32958 4.09203 22.6005
    endloop
  endfacet
  facet normal -0.125903 0.31799 0.939697
    outer loop
      vertex -1.32958 4.09203 22.6005
      vertex -1.83196 3.89312 22.6005
      vertex -1.53997 3.27261 22.8496
    endloop
  endfacet
  facet normal 0.0304174 -0.0553284 0.998005
    outer loop
      vertex 0.227102 -0.357856 23.3683
      vertex 0.18046 -0.383498 23.3683
      vertex 0.677726 -1.06793 23.3152
    endloop
  endfacet
  facet normal -0.0486499 0.0402454 0.998005
    outer loop
      vertex -0.922016 0.865831 23.3152
      vertex -1.02326 0.743444 23.3152
      vertex -0.308963 0.290135 23.3683
    endloop
  endfacet
  facet normal -0.0432216 0.0460259 0.998005
    outer loop
      vertex -0.270163 0.326571 23.3683
      vertex -0.806229 0.974563 23.3152
      vertex -0.308963 0.290135 23.3683
    endloop
  endfacet
  facet normal 0.0428641 -0.339309 0.939698
    outer loop
      vertex 0.806229 -4.2264 22.6005
      vertex 0.227102 -3.60969 22.8496
      vertex 0.270163 -4.29412 22.6005
    endloop
  endfacet
  facet normal 0.0533634 -0.42242 0.904828
    outer loop
      vertex 0.806229 -4.2264 22.6005
      vertex 0.270163 -4.29412 22.6005
      vertex 0.308963 -4.91083 22.3103
    endloop
  endfacet
  facet normal 0.0660343 -0.257208 0.964097
    outer loop
      vertex 0.888118 -2.73335 23.0538
      vertex 0.538535 -2.8231 23.0538
      vertex 0.677726 -3.55277 22.8496
    endloop
  endfacet
  facet normal 0.0483754 -0.188426 0.980895
    outer loop
      vertex 0.888118 -2.73335 23.0538
      vertex 0.390852 -2.04892 23.2098
      vertex 0.538535 -2.8231 23.0538
    endloop
  endfacet
  facet normal 0.114348 -0.157382 0.980895
    outer loop
      vertex 1.83196 -2.21446 23.0538
      vertex 1.32958 -1.60719 23.2098
      vertex 1.53997 -2.42661 23.0538
    endloop
  endfacet
  facet normal 0.11434 -0.157384 0.980896
    outer loop
      vertex 1.32958 -1.60719 23.2098
      vertex 1.11766 -1.76115 23.2098
      vertex 1.53997 -2.42661 23.0538
    endloop
  endfacet
  facet normal 0.127325 0.00800778 0.991829
    outer loop
      vertex 2.06942 0.261428 23.2098
      vertex 1.25485 0.158524 23.3152
      vertex 1.26482 0 23.3152
    endloop
  endfacet
  facet normal 0.0630143 0.00396314 0.998005
    outer loop
      vertex 1.25485 0.158524 23.3152
      vertex 0.423836 0 23.3683
      vertex 1.26482 0 23.3152
    endloop
  endfacet
  facet normal 0.0571298 -0.0268832 0.998005
    outer loop
      vertex 1.176 -0.465612 23.3152
      vertex 0.394073 -0.156024 23.3683
      vertex 1.10837 -0.609333 23.3152
    endloop
  endfacet
  facet normal 0.115434 -0.0543191 0.991829
    outer loop
      vertex 1.176 -0.465612 23.3152
      vertex 1.10837 -0.609333 23.3152
      vertex 1.82786 -1.00487 23.2098
    endloop
  endfacet
  facet normal 0.0873336 -0.0929977 0.991829
    outer loop
      vertex 1.52053 -1.42787 23.2098
      vertex 0.922016 -0.865831 23.3152
      vertex 1.32958 -1.60719 23.2098
    endloop
  endfacet
  facet normal 0.133172 -0.141809 0.980895
    outer loop
      vertex 1.52053 -1.42787 23.2098
      vertex 1.32958 -1.60719 23.2098
      vertex 2.09506 -1.96739 23.0538
    endloop
  endfacet
  facet normal 0.0873321 -0.0929986 0.991829
    outer loop
      vertex 0.922016 -0.865831 23.3152
      vertex 0.806229 -0.974563 23.3152
      vertex 1.32958 -1.60719 23.2098
    endloop
  endfacet
  facet normal 0.0432215 -0.0460259 0.998005
    outer loop
      vertex 0.922016 -0.865831 23.3152
      vertex 0.308963 -0.290135 23.3683
      vertex 0.806229 -0.974563 23.3152
    endloop
  endfacet
  facet normal 0 0 1
    outer loop
      vertex 0.420493 0.0531206 23.3683
      vertex 0.420493 -0.0531206 23.3683
      vertex 0.423836 0 23.3683
    endloop
  endfacet
  facet normal 0 0 1
    outer loop
      vertex 0.41052 0.105403 23.3683
      vertex 0.420493 -0.0531206 23.3683
      vertex 0.420493 0.0531206 23.3683
    endloop
  endfacet
  facet normal 0 0 1
    outer loop
      vertex 0.41052 0.105403 23.3683
      vertex 0.41052 -0.105403 23.3683
      vertex 0.420493 -0.0531206 23.3683
    endloop
  endfacet
  facet normal 0 0 1
    outer loop
      vertex 0.394073 0.156024 23.3683
      vertex 0.41052 -0.105403 23.3683
      vertex 0.41052 0.105403 23.3683
    endloop
  endfacet
  facet normal 0 0 1
    outer loop
      vertex 0.394073 0.156024 23.3683
      vertex 0.394073 -0.156024 23.3683
      vertex 0.41052 -0.105403 23.3683
    endloop
  endfacet
  facet normal 0 0 1
    outer loop
      vertex 0.371409 0.204185 23.3683
      vertex 0.394073 -0.156024 23.3683
      vertex 0.394073 0.156024 23.3683
    endloop
  endfacet
  facet normal 0 0 1
    outer loop
      vertex 0.371409 0.204185 23.3683
      vertex 0.371409 -0.204185 23.3683
      vertex 0.394073 -0.156024 23.3683
    endloop
  endfacet
  facet normal 0 0 1
    outer loop
      vertex 0.34289 0.249125 23.3683
      vertex 0.371409 -0.204185 23.3683
      vertex 0.371409 0.204185 23.3683
    endloop
  endfacet
  facet normal 0 0 1
    outer loop
      vertex 0.34289 0.249125 23.3683
      vertex 0.34289 -0.249125 23.3683
      vertex 0.371409 -0.204185 23.3683
    endloop
  endfacet
  facet normal 0 0 1
    outer loop
      vertex 0.308963 0.290135 23.3683
      vertex 0.34289 -0.249125 23.3683
      vertex 0.34289 0.249125 23.3683
    endloop
  endfacet
  facet normal 0 0 1
    outer loop
      vertex 0.308963 0.290135 23.3683
      vertex 0.308963 -0.290135 23.3683
      vertex 0.34289 -0.249125 23.3683
    endloop
  endfacet
  facet normal 0 0 1
    outer loop
      vertex 0.270163 0.326571 23.3683
      vertex 0.308963 -0.290135 23.3683
      vertex 0.308963 0.290135 23.3683
    endloop
  endfacet
  facet normal 0 0 1
    outer loop
      vertex 0.270163 0.326571 23.3683
      vertex 0.270163 -0.326571 23.3683
      vertex 0.308963 -0.290135 23.3683
    endloop
  endfacet
  facet normal 0 0 1
    outer loop
      vertex 0.227102 0.357856 23.3683
      vertex 0.270163 -0.326571 23.3683
      vertex 0.270163 0.326571 23.3683
    endloop
  endfacet
  facet normal 0 0 1
    outer loop
      vertex 0.227102 0.357856 23.3683
      vertex 0.227102 -0.357856 23.3683
      vertex 0.270163 -0.326571 23.3683
    endloop
  endfacet
  facet normal 0 0 1
    outer loop
      vertex 0.18046 0.383498 23.3683
      vertex 0.227102 -0.357856 23.3683
      vertex 0.227102 0.357856 23.3683
    endloop
  endfacet
  facet normal 0 0 1
    outer loop
      vertex 0.18046 0.383498 23.3683
      vertex 0.18046 -0.383498 23.3683
      vertex 0.227102 -0.357856 23.3683
    endloop
  endfacet
  facet normal 0 0 1
    outer loop
      vertex 0.130972 0.403091 23.3683
      vertex 0.18046 -0.383498 23.3683
      vertex 0.18046 0.383498 23.3683
    endloop
  endfacet
  facet normal 0 0 1
    outer loop
      vertex 0.130972 0.403091 23.3683
      vertex 0.130972 -0.403091 23.3683
      vertex 0.18046 -0.383498 23.3683
    endloop
  endfacet
  facet normal 0 0 1
    outer loop
      vertex 0.0794182 0.416328 23.3683
      vertex 0.130972 -0.403091 23.3683
      vertex 0.130972 0.403091 23.3683
    endloop
  endfacet
  facet normal 0 0 1
    outer loop
      vertex 0.0794182 0.416328 23.3683
      vertex 0.0794182 -0.416328 23.3683
      vertex 0.130972 -0.403091 23.3683
    endloop
  endfacet
  facet normal 0 0 1
    outer loop
      vertex 0.0266123 0.422999 23.3683
      vertex 0.0794182 -0.416328 23.3683
      vertex 0.0794182 0.416328 23.3683
    endloop
  endfacet
  facet normal 0 0 1
    outer loop
      vertex 0.0266123 0.422999 23.3683
      vertex 0.0266123 -0.422999 23.3683
      vertex 0.0794182 -0.416328 23.3683
    endloop
  endfacet
  facet normal -0 0 1
    outer loop
      vertex -0.0266123 0.422999 23.3683
      vertex 0.0266123 -0.422999 23.3683
      vertex 0.0266123 0.422999 23.3683
    endloop
  endfacet
  facet normal 0 0 1
    outer loop
      vertex -0.0266123 0.422999 23.3683
      vertex -0.0266123 -0.422999 23.3683
      vertex 0.0266123 -0.422999 23.3683
    endloop
  endfacet
  facet normal -0 0 1
    outer loop
      vertex -0.0794182 0.416328 23.3683
      vertex -0.0266123 -0.422999 23.3683
      vertex -0.0266123 0.422999 23.3683
    endloop
  endfacet
  facet normal 0 0 1
    outer loop
      vertex -0.0794182 0.416328 23.3683
      vertex -0.0794182 -0.416328 23.3683
      vertex -0.0266123 -0.422999 23.3683
    endloop
  endfacet
  facet normal -0 0 1
    outer loop
      vertex -0.130972 0.403091 23.3683
      vertex -0.0794182 -0.416328 23.3683
      vertex -0.0794182 0.416328 23.3683
    endloop
  endfacet
  facet normal 0 0 1
    outer loop
      vertex -0.130972 0.403091 23.3683
      vertex -0.130972 -0.403091 23.3683
      vertex -0.0794182 -0.416328 23.3683
    endloop
  endfacet
  facet normal -0 0 1
    outer loop
      vertex -0.18046 0.383498 23.3683
      vertex -0.130972 -0.403091 23.3683
      vertex -0.130972 0.403091 23.3683
    endloop
  endfacet
  facet normal 0 0 1
    outer loop
      vertex -0.18046 0.383498 23.3683
      vertex -0.18046 -0.383498 23.3683
      vertex -0.130972 -0.403091 23.3683
    endloop
  endfacet
  facet normal -0 0 1
    outer loop
      vertex -0.227102 0.357856 23.3683
      vertex -0.18046 -0.383498 23.3683
      vertex -0.18046 0.383498 23.3683
    endloop
  endfacet
  facet normal 0 0 1
    outer loop
      vertex -0.227102 0.357856 23.3683
      vertex -0.227102 -0.357856 23.3683
      vertex -0.18046 -0.383498 23.3683
    endloop
  endfacet
  facet normal -0 0 1
    outer loop
      vertex -0.270163 0.326571 23.3683
      vertex -0.227102 -0.357856 23.3683
      vertex -0.227102 0.357856 23.3683
    endloop
  endfacet
  facet normal 0 0 1
    outer loop
      vertex -0.270163 0.326571 23.3683
      vertex -0.270163 -0.326571 23.3683
      vertex -0.227102 -0.357856 23.3683
    endloop
  endfacet
  facet normal -0 0 1
    outer loop
      vertex -0.308963 0.290135 23.3683
      vertex -0.270163 -0.326571 23.3683
      vertex -0.270163 0.326571 23.3683
    endloop
  endfacet
  facet normal 0 0 1
    outer loop
      vertex -0.308963 0.290135 23.3683
      vertex -0.308963 -0.290135 23.3683
      vertex -0.270163 -0.326571 23.3683
    endloop
  endfacet
  facet normal -0 0 1
    outer loop
      vertex -0.34289 0.249125 23.3683
      vertex -0.308963 -0.290135 23.3683
      vertex -0.308963 0.290135 23.3683
    endloop
  endfacet
  facet normal 0 0 1
    outer loop
      vertex -0.34289 0.249125 23.3683
      vertex -0.34289 -0.249125 23.3683
      vertex -0.308963 -0.290135 23.3683
    endloop
  endfacet
  facet normal -0 0 1
    outer loop
      vertex -0.371409 0.204185 23.3683
      vertex -0.34289 -0.249125 23.3683
      vertex -0.34289 0.249125 23.3683
    endloop
  endfacet
  facet normal 0 0 1
    outer loop
      vertex -0.371409 0.204185 23.3683
      vertex -0.371409 -0.204185 23.3683
      vertex -0.34289 -0.249125 23.3683
    endloop
  endfacet
  facet normal -0 0 1
    outer loop
      vertex -0.394073 0.156024 23.3683
      vertex -0.371409 -0.204185 23.3683
      vertex -0.371409 0.204185 23.3683
    endloop
  endfacet
  facet normal 0 0 1
    outer loop
      vertex -0.394073 0.156024 23.3683
      vertex -0.394073 -0.156024 23.3683
      vertex -0.371409 -0.204185 23.3683
    endloop
  endfacet
  facet normal -0 0 1
    outer loop
      vertex -0.41052 0.105403 23.3683
      vertex -0.394073 -0.156024 23.3683
      vertex -0.394073 0.156024 23.3683
    endloop
  endfacet
  facet normal 0 0 1
    outer loop
      vertex -0.41052 0.105403 23.3683
      vertex -0.41052 -0.105403 23.3683
      vertex -0.394073 -0.156024 23.3683
    endloop
  endfacet
  facet normal -0 0 1
    outer loop
      vertex -0.420493 0.0531206 23.3683
      vertex -0.41052 -0.105403 23.3683
      vertex -0.41052 0.105403 23.3683
    endloop
  endfacet
  facet normal 0 0 1
    outer loop
      vertex -0.420493 0.0531206 23.3683
      vertex -0.420493 -0.0531206 23.3683
      vertex -0.41052 -0.105403 23.3683
    endloop
  endfacet
  facet normal 0 -0 1
    outer loop
      vertex -0.420493 -0.0531206 23.3683
      vertex -0.420493 0.0531206 23.3683
      vertex -0.423836 0 23.3683
    endloop
  endfacet
  facet normal 0.164254 -0.104237 0.980895
    outer loop
      vertex 2.51851 -1.38456 23.0538
      vertex 1.82786 -1.00487 23.2098
      vertex 2.32512 -1.6893 23.0538
    endloop
  endfacet
  facet normal 0.176021 -0.0828333 0.980895
    outer loop
      vertex 2.67219 -1.05799 23.0538
      vertex 1.82786 -1.00487 23.2098
      vertex 2.51851 -1.38456 23.0538
    endloop
  endfacet
  facet normal 0.404196 0.735225 0.544122
    outer loop
      vertex 2.78372 5.9157 20.8393
      vertex 2.67219 5.67869 21.2424
      vertex 3.5032 5.52016 20.8393
    endloop
  endfacet
  facet normal 0.428433 0.589694 0.684621
    outer loop
      vertex 3.36284 5.29899 21.2424
      vertex 3.16945 4.99426 21.6259
      vertex 4.00047 4.83573 21.2424
    endloop
  endfacet
  facet normal -0.0533104 -0.0338309 0.998005
    outer loop
      vertex -0.371409 -0.204185 23.3683
      vertex -1.02326 -0.743444 23.3152
      vertex -0.34289 -0.249125 23.3683
    endloop
  endfacet
  facet normal -0.048649 -0.0402467 0.998005
    outer loop
      vertex -0.34289 -0.249125 23.3683
      vertex -1.02326 -0.743444 23.3152
      vertex -0.308963 -0.290135 23.3683
    endloop
  endfacet
  facet normal 0.0432215 0.0460259 0.998005
    outer loop
      vertex 0.806229 0.974563 23.3152
      vertex 0.308963 0.290135 23.3683
      vertex 0.922016 0.865831 23.3152
    endloop
  endfacet
  facet normal 0.0873321 0.0929986 0.991829
    outer loop
      vertex 1.32958 1.60719 23.2098
      vertex 0.806229 0.974563 23.3152
      vertex 0.922016 0.865831 23.3152
    endloop
  endfacet
  facet normal 0.639724 0.681251 0.35588
    outer loop
      vertex 4.88174 4.58426 20.423
      vertex 4.26868 5.15995 20.423
      vertex 4.76595 4.47552 20.8393
    endloop
  endfacet
  facet normal 0.679206 0.723295 0.124593
    outer loop
      vertex 4.92054 4.62069 20
      vertex 4.26868 5.15995 20.423
      vertex 4.88174 4.58426 20.423
    endloop
  endfacet
  facet normal -0.156092 0.214836 0.964096
    outer loop
      vertex -1.53997 2.42661 23.0538
      vertex -1.93799 3.05379 22.8496
      vertex -1.83196 2.21446 23.0538
    endloop
  endfacet
  facet normal -0.114348 0.157382 0.980895
    outer loop
      vertex -1.53997 2.42661 23.0538
      vertex -1.83196 2.21446 23.0538
      vertex -1.32958 1.60719 23.2098
    endloop
  endfacet
  facet normal -0.0614639 0.111795 0.991829
    outer loop
      vertex -0.888118 1.88735 23.2098
      vertex -1.11766 1.76115 23.2098
      vertex -0.677726 1.06793 23.3152
    endloop
  endfacet
  facet normal -0.0614598 0.111796 0.991829
    outer loop
      vertex -0.538535 1.14445 23.3152
      vertex -0.888118 1.88735 23.2098
      vertex -0.677726 1.06793 23.3152
    endloop
  endfacet
  facet normal 0 0.127577 0.991829
    outer loop
      vertex 0.130972 2.08175 23.2098
      vertex -0.0794182 1.26233 23.3152
      vertex 0.0794182 1.26233 23.3152
    endloop
  endfacet
  facet normal 0 0.127577 0.991829
    outer loop
      vertex -0.0794182 1.26233 23.3152
      vertex 0.130972 2.08175 23.2098
      vertex -0.130972 2.08175 23.2098
    endloop
  endfacet
  facet normal 0.0850517 -0.331264 0.939697
    outer loop
      vertex 1.32958 -4.09203 22.6005
      vertex 0.677726 -3.55277 22.8496
      vertex 0.806229 -4.2264 22.6005
    endloop
  endfacet
  facet normal 0.105885 -0.412405 0.904826
    outer loop
      vertex 1.32958 -4.09203 22.6005
      vertex 0.806229 -4.2264 22.6005
      vertex 1.52053 -4.67971 22.3103
    endloop
  endfacet
  facet normal 0.121332 -0.0394282 0.991829
    outer loop
      vertex 1.22509 -0.314548 23.3152
      vertex 1.176 -0.465612 23.3152
      vertex 2.02033 -0.518733 23.2098
    endloop
  endfacet
  facet normal 0.0600478 -0.0195132 0.998005
    outer loop
      vertex 1.22509 -0.314548 23.3152
      vertex 0.394073 -0.156024 23.3683
      vertex 1.176 -0.465612 23.3152
    endloop
  endfacet
  facet normal 0.308861 0.780087 0.544122
    outer loop
      vertex 2.78372 5.9157 20.8393
      vertex 2.02033 6.21795 20.8393
      vertex 2.67219 5.67869 21.2424
    endloop
  endfacet
  facet normal 0.30885 0.780083 0.544134
    outer loop
      vertex 2.02033 6.21795 20.8393
      vertex 1.93939 5.96882 21.2424
      vertex 2.67219 5.67869 21.2424
    endloop
  endfacet
  facet normal 0.26833 0.677695 0.684638
    outer loop
      vertex 2.67219 5.67869 21.2424
      vertex 1.82786 5.62557 21.6259
      vertex 2.51851 5.35211 21.6259
    endloop
  endfacet
  facet normal 0.228127 0.576157 0.784858
    outer loop
      vertex 2.51851 5.35211 21.6259
      vertex 1.82786 5.62557 21.6259
      vertex 2.32512 4.94114 21.9838
    endloop
  endfacet
  facet normal 0.9973 0.0627429 0.0381486
    outer loop
      vertex 7.5 0 0
      vertex 7.44071 0.939796 0.00430998
      vertex 7.49975 7.01062e-06 0.00652409
    endloop
  endfacet
  facet normal 0.573904 0.818651 0.021112
    outer loop
      vertex 7.5 0 0
      vertex 7.49975 7.01062e-06 0.00652409
      vertex 7.49976 0 0.0065241
    endloop
  endfacet
  facet normal 0.997319 0.0627463 0.037665
    outer loop
      vertex 7.44071 0.939796 0.00430998
      vertex 7.5 0 0
      vertex 7.44086 0.939999 0
    endloop
  endfacet
  facet normal 0.998789 0.0325647 0.0368784
    outer loop
      vertex 6.75023 0.000306709 19.9935
      vertex 6.75 0 20
      vertex 6.75024 0 19.9935
    endloop
  endfacet
  facet normal 0.769934 -0.636934 0.0389582
    outer loop
      vertex 5.46709 -5.13394 0.00638551
      vertex 6.06763 -4.40839 0
      vertex 6.06745 -4.40842 0.00306688
    endloop
  endfacet
  facet normal 0.769995 -0.637007 0.0364607
    outer loop
      vertex 6.06763 -4.40839 0
      vertex 5.46709 -5.13394 0.00638551
      vertex 5.46726 -5.1341 0
    endloop
  endfacet
  facet normal 0.77529 -0.630498 0.0373844
    outer loop
      vertex 4.92092 -4.62062 19.9933
      vertex 4.92054 -4.62069 20
      vertex 4.92072 -4.62086 19.9934
    endloop
  endfacet
  facet normal -0.9504 0.308803 0.0371631
    outer loop
      vertex -7.26437 1.86517 0
      vertex -6.97318 2.76058 0.00648861
      vertex -6.97332 2.76093 0
    endloop
  endfacet
  facet normal -0.950448 0.30883 0.0356835
    outer loop
      vertex -6.97318 2.76058 0.00648861
      vertex -7.26437 1.86517 0
      vertex -7.26424 1.86514 0.00372226
    endloop
  endfacet
  facet normal -0.952594 0.302042 0.0365548
    outer loop
      vertex -6.53813 1.67915 19.991
      vertex -6.53826 1.67874 19.991
      vertex -6.53794 1.67866 20
    endloop
  endfacet
  facet normal -0.843749 0.535434 0.0374017
    outer loop
      vertex -5.6884 3.742 18.0959
      vertex -5.70539 3.88958 15.5999
      vertex -5.89347 3.82961 12.2155
    endloop
  endfacet
  facet normal -0.843777 0.535389 0.0373992
    outer loop
      vertex -5.70539 3.88958 15.5999
      vertex -5.6884 3.742 18.0959
      vertex -5.58471 3.77321 19.9885
    endloop
  endfacet
  facet normal -0.843718 0.535442 0.0379774
    outer loop
      vertex -5.58471 3.77321 19.9885
      vertex -5.46086 3.96755 20
      vertex -5.4614 3.96738 19.9904
    endloop
  endfacet
  facet normal -0.843807 0.535342 0.0374016
    outer loop
      vertex -5.6224 3.71381 19.9884
      vertex -5.58471 3.77321 19.9885
      vertex -5.6884 3.742 18.0959
    endloop
  endfacet
  facet normal -0.8437 0.535269 0.0407003
    outer loop
      vertex -5.6224 3.71381 19.9884
      vertex -5.46086 3.96755 20
      vertex -5.58471 3.77321 19.9885
    endloop
  endfacet
  facet normal -0.843775 0.535466 0.0363391
    outer loop
      vertex -5.91507 3.25184 20
      vertex -5.6224 3.71381 19.9884
      vertex -5.91533 3.25198 19.9919
    endloop
  endfacet
  facet normal -0.843745 0.535464 0.0370485
    outer loop
      vertex -5.6224 3.71381 19.9884
      vertex -5.91507 3.25184 20
      vertex -5.46086 3.96755 20
    endloop
  endfacet
  facet normal -0.838871 0.543085 0.0367986
    outer loop
      vertex -6.57203 3.61324 0.00482675
      vertex -6.5723 3.61315 0
      vertex -6.57214 3.61307 0.00482807
    endloop
  endfacet
  facet normal -0.481425 0.875703 0.0370844
    outer loop
      vertex -3.19334 6.7862 0
      vertex -4.01865 6.33238 0.00234207
      vertex -3.19348 6.78586 0.00621122
    endloop
  endfacet
  facet normal -0.48136 0.875601 0.040185
    outer loop
      vertex -4.01865 6.33238 0.00234207
      vertex -3.19334 6.7862 0
      vertex -4.0187 6.33246 0
    endloop
  endfacet
  facet normal -0.471314 0.881153 0.0378404
    outer loop
      vertex -3.61661 5.69977 19.9897
      vertex -3.61704 5.69954 19.9897
      vertex -3.61683 5.69921 20
    endloop
  endfacet
  facet normal -0.367867 -0.929127 0.0373771
    outer loop
      vertex -2.57843 -6.22489 19.993
      vertex -2.87401 -6.10758 20
      vertex -2.87412 -6.10781 19.9932
    endloop
  endfacet
  facet normal -0.367866 -0.929126 0.0374102
    outer loop
      vertex -2.87401 -6.10758 20
      vertex -2.57843 -6.22489 19.993
      vertex -2.08586 -6.41963 20
    endloop
  endfacet
  facet normal -0.367866 -0.929134 0.0372072
    outer loop
      vertex -2.08586 -6.41963 20
      vertex -2.57843 -6.22489 19.993
      vertex -2.08627 -6.41976 19.9927
    endloop
  endfacet
  facet normal -0.384327 -0.92244 0.0373686
    outer loop
      vertex -3.19324 -6.78599 0.0062123
      vertex -3.19334 -6.7862 0
      vertex -3.193 -6.78609 0.00621215
    endloop
  endfacet
  facet normal 0.248503 0.967876 0.0382351
    outer loop
      vertex 1.34614 6.61 19.9887
      vertex 2.08586 6.41963 20
      vertex 2.08562 6.41998 19.9927
    endloop
  endfacet
  facet normal 0.248516 0.967895 0.0376623
    outer loop
      vertex 2.08586 6.41963 20
      vertex 1.34614 6.61 19.9887
      vertex 1.26482 6.63044 20
    endloop
  endfacet
  facet normal 0.248223 0.967996 0.0370051
    outer loop
      vertex 1.26482 6.63044 20
      vertex 1.28864 6.62476 19.9888
      vertex 1.2649 6.63084 19.989
    endloop
  endfacet
  facet normal 0.24852 0.967893 0.0376877
    outer loop
      vertex 1.26482 6.63044 20
      vertex 1.34614 6.61 19.9887
      vertex 1.28864 6.62476 19.9888
    endloop
  endfacet
  facet normal 0.248522 0.967904 0.0373998
    outer loop
      vertex 1.34614 6.61 19.9887
      vertex 1.29215 6.77372 16.1104
      vertex 1.28864 6.62476 19.9888
    endloop
  endfacet
  facet normal 0.248529 0.967902 0.0373996
    outer loop
      vertex 1.56392 7.14638 4.65998
      vertex 1.29215 6.77372 16.1104
      vertex 1.34614 6.61 19.9887
    endloop
  endfacet
  facet normal 0.248514 0.967906 0.0373994
    outer loop
      vertex 1.29215 6.77372 16.1104
      vertex 1.56392 7.14638 4.65998
      vertex 1.40536 7.36715 0
    endloop
  endfacet
  facet normal 0.904223 -0.425493 0.0365554
    outer loop
      vertex 6.57223 -3.61288 0.00482843
      vertex 6.97332 -2.76093 0
      vertex 6.9731 -2.76084 0.00648942
    endloop
  endfacet
  facet normal 0.904213 -0.425486 0.0369014
    outer loop
      vertex 6.97332 -2.76093 0
      vertex 6.57223 -3.61288 0.00482843
      vertex 6.5723 -3.61315 0
    endloop
  endfacet
  facet normal 0.906377 -0.420818 0.0373243
    outer loop
      vertex 6.27622 -2.48493 19.9934
      vertex 6.27599 -2.48484 20
      vertex 6.27609 -2.48521 19.9934
    endloop
  endfacet
  facet normal -0.684062 0.728454 0.0376012
    outer loop
      vertex -4.78068 5.77885 0
      vertex -5.46709 5.13394 0.00638551
      vertex -4.78072 5.77854 0.00527797
    endloop
  endfacet
  facet normal -0.684097 0.728479 0.0364659
    outer loop
      vertex -5.46709 5.13394 0.00638551
      vertex -4.78068 5.77885 0
      vertex -5.46726 5.1341 0
    endloop
  endfacet
  facet normal -0.682196 0.730211 0.0374138
    outer loop
      vertex -4.92049 4.62108 19.9933
      vertex -4.92072 4.62086 19.9934
      vertex -4.92054 4.62069 20
    endloop
  endfacet
  facet normal -0.125245 -0.991423 0.0373318
    outer loop
      vertex -1.26482 -6.63044 20
      vertex -0.424181 -6.7369 19.993
      vertex -0.423836 -6.73668 20
    endloop
  endfacet
  facet normal -0.125249 -0.991436 0.0369631
    outer loop
      vertex -0.424181 -6.7369 19.993
      vertex -1.26482 -6.63044 20
      vertex -1.2649 -6.63084 19.989
    endloop
  endfacet
  facet normal -0.12524 -0.991421 0.0373993
    outer loop
      vertex -1.29215 -6.77372 16.1104
      vertex -1.40536 -7.36715 0
      vertex -1.2949 -7.2962 2.25072
    endloop
  endfacet
  facet normal -0.904213 0.425486 0.0369014
    outer loop
      vertex -6.97332 2.76093 0
      vertex -6.57223 3.61288 0.00482843
      vertex -6.5723 3.61315 0
    endloop
  endfacet
  facet normal -0.904223 0.425493 0.0365554
    outer loop
      vertex -6.57223 3.61288 0.00482843
      vertex -6.97332 2.76093 0
      vertex -6.9731 2.76084 0.00648942
    endloop
  endfacet
  facet normal -0.906377 0.420818 0.0373243
    outer loop
      vertex -6.27609 2.48521 19.9934
      vertex -6.27622 2.48493 19.9934
      vertex -6.27599 2.48484 20
    endloop
  endfacet
  facet normal 0.684062 -0.728454 0.0376012
    outer loop
      vertex 4.78068 -5.77885 0
      vertex 5.46709 -5.13394 0.00638551
      vertex 4.78072 -5.77854 0.00527797
    endloop
  endfacet
  facet normal 0.684097 -0.728479 0.0364659
    outer loop
      vertex 5.46709 -5.13394 0.00638551
      vertex 4.78068 -5.77885 0
      vertex 5.46726 -5.1341 0
    endloop
  endfacet
  facet normal 0.682196 -0.730211 0.0374138
    outer loop
      vertex 4.92054 -4.62069 20
      vertex 4.92049 -4.62108 19.9933
      vertex 4.92072 -4.62086 19.9934
    endloop
  endfacet
  facet normal -0.904223 -0.425493 0.0365554
    outer loop
      vertex -6.97332 -2.76093 0
      vertex -6.57223 -3.61288 0.00482843
      vertex -6.9731 -2.76084 0.00648942
    endloop
  endfacet
  facet normal -0.904213 -0.425486 0.0369014
    outer loop
      vertex -6.57223 -3.61288 0.00482843
      vertex -6.97332 -2.76093 0
      vertex -6.5723 -3.61315 0
    endloop
  endfacet
  facet normal -0.906377 -0.420818 0.0373243
    outer loop
      vertex -6.27599 -2.48484 20
      vertex -6.27622 -2.48493 19.9934
      vertex -6.27609 -2.48521 19.9934
    endloop
  endfacet
  facet normal 0.955176 -0.293787 0.0364562
    outer loop
      vertex 6.97318 -2.76058 0.00648861
      vertex 6.9731 -2.76084 0.00648942
      vertex 6.97332 -2.76093 0
    endloop
  endfacet
  facet normal 0.950407 -0.308813 0.0368773
    outer loop
      vertex 6.27599 -2.48484 20
      vertex 6.53813 -1.67915 19.991
      vertex 6.53794 -1.67866 20
    endloop
  endfacet
  facet normal 0.950393 -0.308804 0.0373307
    outer loop
      vertex 6.53813 -1.67915 19.991
      vertex 6.27599 -2.48484 20
      vertex 6.27622 -2.48493 19.9934
    endloop
  endfacet
  facet normal -0.367864 0.929128 0.0373919
    outer loop
      vertex -2.31763 7.13292 0
      vertex -3.193 6.78609 0.00621215
      vertex -2.31756 7.13272 0.00565833
    endloop
  endfacet
  facet normal -0.36788 0.929153 0.0365873
    outer loop
      vertex -3.193 6.78609 0.00621215
      vertex -2.31763 7.13292 0
      vertex -3.19334 6.7862 0
    endloop
  endfacet
  facet normal -0.376111 0.925811 0.0376111
    outer loop
      vertex -2.08595 6.41989 19.9927
      vertex -2.08627 6.41976 19.9927
      vertex -2.08586 6.41963 20
    endloop
  endfacet
  facet normal 0.248497 -0.967911 0.0373986
    outer loop
      vertex 1.6053 -7.2483 1.74744
      vertex 1.40536 -7.36715 0
      vertex 1.63009 -7.30938 0.00191317
    endloop
  endfacet
  facet normal 0.248478 -0.967915 0.037401
    outer loop
      vertex 1.40536 -7.36715 0
      vertex 1.6053 -7.2483 1.74744
      vertex 1.56392 -7.14638 4.65998
    endloop
  endfacet
  facet normal 0.248535 -0.967986 0.0351238
    outer loop
      vertex 2.31763 -7.13292 0
      vertex 1.63009 -7.30938 0.00191317
      vertex 1.40536 -7.36715 0
    endloop
  endfacet
  facet normal 0.248521 -0.967908 0.0372863
    outer loop
      vertex 1.63009 -7.30938 0.00191317
      vertex 2.31763 -7.13292 0
      vertex 2.31756 -7.13272 0.00565833
    endloop
  endfacet
  facet normal 0.262932 -0.964082 0.0375788
    outer loop
      vertex 2.08586 -6.41963 20
      vertex 2.08562 -6.41998 19.9927
      vertex 2.08595 -6.41989 19.9927
    endloop
  endfacet
  facet normal -0.248516 0.967895 0.0376623
    outer loop
      vertex -1.34614 6.61 19.9887
      vertex -2.08586 6.41963 20
      vertex -1.26482 6.63044 20
    endloop
  endfacet
  facet normal -0.248223 0.967996 0.0370051
    outer loop
      vertex -1.28864 6.62476 19.9888
      vertex -1.26482 6.63044 20
      vertex -1.2649 6.63084 19.989
    endloop
  endfacet
  facet normal -0.24852 0.967893 0.0376877
    outer loop
      vertex -1.34614 6.61 19.9887
      vertex -1.26482 6.63044 20
      vertex -1.28864 6.62476 19.9888
    endloop
  endfacet
  facet normal -0.248503 0.967876 0.0382351
    outer loop
      vertex -2.08586 6.41963 20
      vertex -1.34614 6.61 19.9887
      vertex -2.08562 6.41998 19.9927
    endloop
  endfacet
  facet normal -0.248522 0.967904 0.0373998
    outer loop
      vertex -1.29215 6.77372 16.1104
      vertex -1.34614 6.61 19.9887
      vertex -1.28864 6.62476 19.9888
    endloop
  endfacet
  facet normal -0.248529 0.967902 0.0373996
    outer loop
      vertex -1.29215 6.77372 16.1104
      vertex -1.56392 7.14638 4.65998
      vertex -1.34614 6.61 19.9887
    endloop
  endfacet
  facet normal -0.248514 0.967906 0.0373994
    outer loop
      vertex -1.56392 7.14638 4.65998
      vertex -1.29215 6.77372 16.1104
      vertex -1.40536 7.36715 0
    endloop
  endfacet
  facet normal 0.367864 -0.929128 0.0373919
    outer loop
      vertex 2.31763 -7.13292 0
      vertex 3.193 -6.78609 0.00621215
      vertex 2.31756 -7.13272 0.00565833
    endloop
  endfacet
  facet normal 0.36788 -0.929153 0.0365873
    outer loop
      vertex 3.193 -6.78609 0.00621215
      vertex 2.31763 -7.13292 0
      vertex 3.19334 -6.7862 0
    endloop
  endfacet
  facet normal 0.376111 -0.925811 0.0376111
    outer loop
      vertex 2.08627 -6.41976 19.9927
      vertex 2.08586 -6.41963 20
      vertex 2.08595 -6.41989 19.9927
    endloop
  endfacet
  facet normal -0.9816 0.187248 0.0373996
    outer loop
      vertex -6.6147 1.27857 19.9884
      vertex -6.82939 1.44023 13.5442
      vertex -7.02041 1.28396 9.31303
    endloop
  endfacet
  facet normal -0.981637 0.187302 0.0361508
    outer loop
      vertex -6.60111 1.34983 19.9884
      vertex -6.53794 1.67866 20
      vertex -6.53834 1.67832 19.9909
    endloop
  endfacet
  facet normal -0.981609 0.187203 0.0373987
    outer loop
      vertex -6.82939 1.44023 13.5442
      vertex -6.6147 1.27857 19.9884
      vertex -6.60111 1.34983 19.9884
    endloop
  endfacet
  facet normal -0.981556 0.187193 0.0388227
    outer loop
      vertex -6.6147 1.27857 19.9884
      vertex -6.53794 1.67866 20
      vertex -6.60111 1.34983 19.9884
    endloop
  endfacet
  facet normal -0.981584 0.187247 0.0378349
    outer loop
      vertex -6.69677 0.845999 20
      vertex -6.6147 1.27857 19.9884
      vertex -6.69709 0.846039 19.9915
    endloop
  endfacet
  facet normal -0.981599 0.18724 0.0374762
    outer loop
      vertex -6.6147 1.27857 19.9884
      vertex -6.69677 0.845999 20
      vertex -6.53794 1.67866 20
    endloop
  endfacet
  facet normal -0.985661 0.164543 0.0373963
    outer loop
      vertex -7.44067 0.940158 0.00430827
      vertex -7.44086 0.939999 0
      vertex -7.4407 0.939978 0.00430955
    endloop
  endfacet
  facet normal 0.367867 0.929127 0.0373771
    outer loop
      vertex 2.57843 6.22489 19.993
      vertex 2.87401 6.10758 20
      vertex 2.87412 6.10781 19.9932
    endloop
  endfacet
  facet normal 0.367866 0.929126 0.0374102
    outer loop
      vertex 2.87401 6.10758 20
      vertex 2.57843 6.22489 19.993
      vertex 2.08586 6.41963 20
    endloop
  endfacet
  facet normal 0.367866 0.929134 0.0372072
    outer loop
      vertex 2.08586 6.41963 20
      vertex 2.57843 6.22489 19.993
      vertex 2.08627 6.41976 19.9927
    endloop
  endfacet
  facet normal 0.384327 0.92244 0.0373686
    outer loop
      vertex 3.19334 6.7862 0
      vertex 3.193 6.78609 0.00621215
      vertex 3.19324 6.78599 0.0062123
    endloop
  endfacet
  facet normal -0.98166 0.187247 0.0357937
    outer loop
      vertex -7.26437 1.86517 0
      vertex -7.30912 1.6302 0.00190589
      vertex -7.26424 1.86514 0.00372226
    endloop
  endfacet
  facet normal -0.981599 0.187258 0.0373973
    outer loop
      vertex -7.30636 1.28775 1.78908
      vertex -7.2469 1.60556 1.75842
      vertex -7.37428 1.28865 0.00181892
    endloop
  endfacet
  facet normal -0.981599 0.187257 0.0373974
    outer loop
      vertex -7.30912 1.6302 0.00190589
      vertex -7.37428 1.28865 0.00181892
      vertex -7.2469 1.60556 1.75842
    endloop
  endfacet
  facet normal -0.981561 0.18725 0.0384247
    outer loop
      vertex -7.26437 1.86517 0
      vertex -7.37428 1.28865 0.00181892
      vertex -7.30912 1.6302 0.00190589
    endloop
  endfacet
  facet normal -0.981635 0.187268 0.0363801
    outer loop
      vertex -7.37428 1.28865 0.00181892
      vertex -7.44086 0.939999 0
      vertex -7.44067 0.940158 0.00430827
    endloop
  endfacet
  facet normal -0.981592 0.187253 0.0376057
    outer loop
      vertex -7.44086 0.939999 0
      vertex -7.37428 1.28865 0.00181892
      vertex -7.26437 1.86517 0
    endloop
  endfacet
  facet normal -0.981598 0.187258 0.0374003
    outer loop
      vertex -7.02041 1.28396 9.31303
      vertex -7.2469 1.60556 1.75842
      vertex -7.30636 1.28775 1.78908
    endloop
  endfacet
  facet normal -0.981601 0.187244 0.0373998
    outer loop
      vertex -7.2469 1.60556 1.75842
      vertex -7.02041 1.28396 9.31303
      vertex -6.82939 1.44023 13.5442
    endloop
  endfacet
  facet normal -0.983246 0.178583 0.0365473
    outer loop
      vertex -6.53826 1.67874 19.991
      vertex -6.53834 1.67832 19.9909
      vertex -6.53794 1.67866 20
    endloop
  endfacet
  facet normal 0.780342 -0.624091 0.0396947
    outer loop
      vertex 6.06753 -4.40832 0.00306642
      vertex 6.06745 -4.40842 0.00306688
      vertex 6.06763 -4.40839 0
    endloop
  endfacet
  facet normal 0.769954 -0.636967 0.0379947
    outer loop
      vertex 5.46086 -3.96755 20
      vertex 4.92092 -4.62062 19.9933
      vertex 5.46116 -3.96776 19.9904
    endloop
  endfacet
  facet normal 0.769988 -0.636984 0.0370159
    outer loop
      vertex 4.92092 -4.62062 19.9933
      vertex 5.46086 -3.96755 20
      vertex 4.92054 -4.62069 20
    endloop
  endfacet
  facet normal -0.77529 -0.630498 0.0373844
    outer loop
      vertex -4.92054 -4.62069 20
      vertex -4.92092 -4.62062 19.9933
      vertex -4.92072 -4.62086 19.9934
    endloop
  endfacet
  facet normal -0.769934 -0.636934 0.0389582
    outer loop
      vertex -6.06763 -4.40839 0
      vertex -5.46709 -5.13394 0.00638551
      vertex -6.06745 -4.40842 0.00306688
    endloop
  endfacet
  facet normal -0.769995 -0.637007 0.0364607
    outer loop
      vertex -5.46709 -5.13394 0.00638551
      vertex -6.06763 -4.40839 0
      vertex -5.46726 -5.1341 0
    endloop
  endfacet
  facet normal 0.573904 -0.818651 0.021112
    outer loop
      vertex 7.49975 -7.01062e-06 0.00652409
      vertex 7.5 0 0
      vertex 7.49976 0 0.0065241
    endloop
  endfacet
  facet normal 0.9973 -0.0627429 0.0381486
    outer loop
      vertex 7.44071 -0.939796 0.00430998
      vertex 7.5 0 0
      vertex 7.49975 -7.01062e-06 0.00652409
    endloop
  endfacet
  facet normal 0.997319 -0.0627463 0.037665
    outer loop
      vertex 7.5 0 0
      vertex 7.44071 -0.939796 0.00430998
      vertex 7.44086 -0.939999 0
    endloop
  endfacet
  facet normal 0.998789 -0.0325647 0.0368784
    outer loop
      vertex 6.75024 0 19.9935
      vertex 6.75 0 20
      vertex 6.75023 -0.000306709 19.9935
    endloop
  endfacet
  facet normal 0.985661 0.164543 0.0373963
    outer loop
      vertex 7.44086 0.939999 0
      vertex 7.44067 0.940158 0.00430827
      vertex 7.4407 0.939978 0.00430955
    endloop
  endfacet
  facet normal 0.981637 0.187302 0.0361508
    outer loop
      vertex 6.53794 1.67866 20
      vertex 6.60111 1.34983 19.9884
      vertex 6.53834 1.67832 19.9909
    endloop
  endfacet
  facet normal 0.9816 0.187248 0.0373996
    outer loop
      vertex 6.82939 1.44023 13.5442
      vertex 6.6147 1.27857 19.9884
      vertex 7.02041 1.28396 9.31303
    endloop
  endfacet
  facet normal 0.981556 0.187193 0.0388227
    outer loop
      vertex 6.53794 1.67866 20
      vertex 6.6147 1.27857 19.9884
      vertex 6.60111 1.34983 19.9884
    endloop
  endfacet
  facet normal 0.981599 0.18724 0.0374762
    outer loop
      vertex 6.69677 0.845999 20
      vertex 6.6147 1.27857 19.9884
      vertex 6.53794 1.67866 20
    endloop
  endfacet
  facet normal 0.981584 0.187247 0.0378349
    outer loop
      vertex 6.6147 1.27857 19.9884
      vertex 6.69677 0.845999 20
      vertex 6.69709 0.846039 19.9915
    endloop
  endfacet
  facet normal 0.981609 0.187203 0.0373987
    outer loop
      vertex 6.6147 1.27857 19.9884
      vertex 6.82939 1.44023 13.5442
      vertex 6.60111 1.34983 19.9884
    endloop
  endfacet
  facet normal 0.904224 0.425506 0.0363789
    outer loop
      vertex 5.91507 3.25184 20
      vertex 6.23103 2.58098 19.9933
      vertex 5.91533 3.25198 19.9919
    endloop
  endfacet
  facet normal 0.904184 0.425473 0.0377461
    outer loop
      vertex 6.27599 2.48484 20
      vertex 6.23103 2.58098 19.9933
      vertex 5.91507 3.25184 20
    endloop
  endfacet
  facet normal 0.904195 0.425465 0.0375518
    outer loop
      vertex 6.23103 2.58098 19.9933
      vertex 6.27599 2.48484 20
      vertex 6.27609 2.48521 19.9934
    endloop
  endfacet
  facet normal 0.903091 0.42785 0.0370174
    outer loop
      vertex 6.5723 3.61315 0
      vertex 6.57214 3.61307 0.00482807
      vertex 6.57223 3.61288 0.00482843
    endloop
  endfacet
  facet normal 0.684097 0.728479 0.0364659
    outer loop
      vertex 4.78068 5.77885 0
      vertex 5.46709 5.13394 0.00638551
      vertex 5.46726 5.1341 0
    endloop
  endfacet
  facet normal 0.684062 0.728454 0.0376012
    outer loop
      vertex 5.46709 5.13394 0.00638551
      vertex 4.78068 5.77885 0
      vertex 4.78072 5.77854 0.00527797
    endloop
  endfacet
  facet normal 0.682196 0.730211 0.0374138
    outer loop
      vertex 4.92072 4.62086 19.9934
      vertex 4.92049 4.62108 19.9933
      vertex 4.92054 4.62069 20
    endloop
  endfacet
  facet normal 0.125245 -0.991423 0.0373318
    outer loop
      vertex 0.424181 -6.7369 19.993
      vertex 1.26482 -6.63044 20
      vertex 0.423836 -6.73668 20
    endloop
  endfacet
  facet normal 0.125249 -0.991436 0.0369631
    outer loop
      vertex 1.26482 -6.63044 20
      vertex 0.424181 -6.7369 19.993
      vertex 1.2649 -6.63084 19.989
    endloop
  endfacet
  facet normal 0.12524 -0.991421 0.0373993
    outer loop
      vertex 1.40536 -7.36715 0
      vertex 1.29215 -6.77372 16.1104
      vertex 1.2949 -7.2962 2.25072
    endloop
  endfacet
  facet normal 0.769934 0.636934 0.0389582
    outer loop
      vertex 6.06763 4.40839 0
      vertex 5.46709 5.13394 0.00638551
      vertex 6.06745 4.40842 0.00306688
    endloop
  endfacet
  facet normal 0.769995 0.637007 0.0364607
    outer loop
      vertex 5.46709 5.13394 0.00638551
      vertex 6.06763 4.40839 0
      vertex 5.46726 5.1341 0
    endloop
  endfacet
  facet normal 0.77529 0.630498 0.0373844
    outer loop
      vertex 4.92072 4.62086 19.9934
      vertex 4.92054 4.62069 20
      vertex 4.92092 4.62062 19.9933
    endloop
  endfacet
  facet normal 0.125476 -0.991391 0.0374099
    outer loop
      vertex 1.29501 -7.31747 1.68668
      vertex 1.40536 -7.36715 0
      vertex 1.2949 -7.2962 2.25072
    endloop
  endfacet
  facet normal 0.125251 -0.99142 0.037396
    outer loop
      vertex 1.29535 -7.38097 0.00206987
      vertex 1.40536 -7.36715 0
      vertex 1.29501 -7.31747 1.68668
    endloop
  endfacet
  facet normal 0.12525 -0.991423 0.0373319
    outer loop
      vertex 1.40536 -7.36715 0
      vertex 1.29535 -7.38097 0.00206987
      vertex 0.470928 -7.4852 0
    endloop
  endfacet
  facet normal 0.125253 -0.991441 0.0368298
    outer loop
      vertex 0.470914 -7.48498 0.00596991
      vertex 0.470928 -7.4852 0
      vertex 1.29535 -7.38097 0.00206987
    endloop
  endfacet
  facet normal 0.120609 -0.992006 0.0371216
    outer loop
      vertex 0.424181 -6.7369 19.993
      vertex 0.423836 -6.73668 20
      vertex 0.423852 -6.73694 19.993
    endloop
  endfacet
  facet normal 0.587384 0.808448 0.0373142
    outer loop
      vertex 3.77321 5.58613 19.9885
      vertex 4.30261 5.20096 20
      vertex 4.30279 5.20118 19.9924
    endloop
  endfacet
  facet normal 0.587367 0.808439 0.0377576
    outer loop
      vertex 4.30261 5.20096 20
      vertex 3.77321 5.58613 19.9885
      vertex 3.61683 5.69921 20
    endloop
  endfacet
  facet normal 0.587352 0.808469 0.0373544
    outer loop
      vertex 3.61683 5.69921 20
      vertex 3.71984 5.6249 19.9886
      vertex 3.61743 5.69925 19.9897
    endloop
  endfacet
  facet normal 0.587362 0.808453 0.0375398
    outer loop
      vertex 3.61683 5.69921 20
      vertex 3.77321 5.58613 19.9885
      vertex 3.71984 5.6249 19.9886
    endloop
  endfacet
  facet normal 0.587365 0.808458 0.0374002
    outer loop
      vertex 3.77321 5.58613 19.9885
      vertex 3.74782 5.68867 18.1707
      vertex 3.71984 5.6249 19.9886
    endloop
  endfacet
  facet normal 0.587394 0.808437 0.0373986
    outer loop
      vertex 3.77321 5.58613 19.9885
      vertex 3.75665 5.70878 17.5973
      vertex 3.74782 5.68867 18.1707
    endloop
  endfacet
  facet normal 0.58737 0.808454 0.0373997
    outer loop
      vertex 3.75665 5.70878 17.5973
      vertex 3.77321 5.58613 19.9885
      vertex 3.90356 5.71883 15.0728
    endloop
  endfacet
  facet normal 0.584901 0.81024 0.0374355
    outer loop
      vertex 4.78068 5.77885 0
      vertex 4.78037 5.77883 0.00527639
      vertex 4.78055 5.7787 0.0052777
    endloop
  endfacet
  facet normal -0.481378 -0.875591 0.0401851
    outer loop
      vertex -4.0187 -6.33246 0
      vertex -3.19348 -6.78586 0.00621122
      vertex -4.01865 -6.33238 0.00234207
    endloop
  endfacet
  facet normal -0.481418 -0.875706 0.0370848
    outer loop
      vertex -3.19348 -6.78586 0.00621122
      vertex -4.0187 -6.33246 0
      vertex -3.19334 -6.7862 0
    endloop
  endfacet
  facet normal -0.471314 -0.881153 0.0378404
    outer loop
      vertex -3.61683 -5.69921 20
      vertex -3.61704 -5.69954 19.9897
      vertex -3.61661 -5.69977 19.9897
    endloop
  endfacet
  facet normal 0.125251 0.99142 0.037396
    outer loop
      vertex 1.29501 7.31747 1.68668
      vertex 1.40536 7.36715 0
      vertex 1.29535 7.38097 0.00206987
    endloop
  endfacet
  facet normal 0.125476 0.991391 0.0374099
    outer loop
      vertex 1.40536 7.36715 0
      vertex 1.29501 7.31747 1.68668
      vertex 1.2949 7.2962 2.25072
    endloop
  endfacet
  facet normal 0.12525 0.991423 0.0373319
    outer loop
      vertex 0.470928 7.4852 0
      vertex 1.29535 7.38097 0.00206987
      vertex 1.40536 7.36715 0
    endloop
  endfacet
  facet normal 0.125253 0.991441 0.0368298
    outer loop
      vertex 1.29535 7.38097 0.00206987
      vertex 0.470928 7.4852 0
      vertex 0.470914 7.48498 0.00596991
    endloop
  endfacet
  facet normal 0.120609 0.992006 0.0371216
    outer loop
      vertex 0.423852 6.73694 19.993
      vertex 0.423836 6.73668 20
      vertex 0.424181 6.7369 19.993
    endloop
  endfacet
  facet normal -0.120609 0.992006 0.0371216
    outer loop
      vertex -0.423852 6.73694 19.993
      vertex -0.424181 6.7369 19.993
      vertex -0.423836 6.73668 20
    endloop
  endfacet
  facet normal -0.125253 0.991441 0.0368298
    outer loop
      vertex -0.470914 7.48498 0.00596991
      vertex -0.470928 7.4852 0
      vertex -1.29535 7.38097 0.00206987
    endloop
  endfacet
  facet normal -0.125476 0.991391 0.0374099
    outer loop
      vertex -1.29501 7.31747 1.68668
      vertex -1.40536 7.36715 0
      vertex -1.2949 7.2962 2.25072
    endloop
  endfacet
  facet normal -0.125251 0.99142 0.037396
    outer loop
      vertex -1.29535 7.38097 0.00206987
      vertex -1.40536 7.36715 0
      vertex -1.29501 7.31747 1.68668
    endloop
  endfacet
  facet normal -0.12525 0.991423 0.0373319
    outer loop
      vertex -1.40536 7.36715 0
      vertex -1.29535 7.38097 0.00206987
      vertex -0.470928 7.4852 0
    endloop
  endfacet
  facet normal 0.68485 0.727716 0.0375519
    outer loop
      vertex 4.78068 5.77885 0
      vertex 4.78055 5.7787 0.0052777
      vertex 4.78072 5.77854 0.00527797
    endloop
  endfacet
  facet normal 0.684092 0.728441 0.0372966
    outer loop
      vertex 4.76609 4.76609 19.9931
      vertex 4.92054 4.62069 20
      vertex 4.92049 4.62108 19.9933
    endloop
  endfacet
  facet normal 0.684041 0.728436 0.0383241
    outer loop
      vertex 4.92054 4.62069 20
      vertex 4.76609 4.76609 19.9931
      vertex 4.30261 5.20096 20
    endloop
  endfacet
  facet normal 0.68406 0.728472 0.0372888
    outer loop
      vertex 4.30261 5.20096 20
      vertex 4.76609 4.76609 19.9931
      vertex 4.30279 5.20118 19.9924
    endloop
  endfacet
  facet normal 0.906377 0.420818 0.0373243
    outer loop
      vertex 6.27609 2.48521 19.9934
      vertex 6.27599 2.48484 20
      vertex 6.27622 2.48493 19.9934
    endloop
  endfacet
  facet normal 0.904213 0.425486 0.0369014
    outer loop
      vertex 6.57223 3.61288 0.00482843
      vertex 6.97332 2.76093 0
      vertex 6.5723 3.61315 0
    endloop
  endfacet
  facet normal 0.904223 0.425493 0.0365554
    outer loop
      vertex 6.97332 2.76093 0
      vertex 6.57223 3.61288 0.00482843
      vertex 6.9731 2.76084 0.00648942
    endloop
  endfacet
  facet normal 0.843725 0.535471 0.0373997
    outer loop
      vertex 5.89347 3.82961 12.2155
      vertex 6.08743 4.25799 1.70649
      vertex 5.70539 3.88958 15.5999
    endloop
  endfacet
  facet normal 0.843739 0.53545 0.0373991
    outer loop
      vertex 6.08743 4.25799 1.70649
      vertex 5.89347 3.82961 12.2155
      vertex 6.31938 4.01156 0.00178985
    endloop
  endfacet
  facet normal 0.843645 0.53543 0.0397351
    outer loop
      vertex 6.1343 4.30319 0.00204903
      vertex 6.06763 4.40839 0
      vertex 6.06753 4.40832 0.00306642
    endloop
  endfacet
  facet normal 0.843744 0.535441 0.0374012
    outer loop
      vertex 6.31938 4.01156 0.00178985
      vertex 6.1343 4.30319 0.00204903
      vertex 6.08743 4.25799 1.70649
    endloop
  endfacet
  facet normal 0.843755 0.535448 0.0370599
    outer loop
      vertex 6.31938 4.01156 0.00178985
      vertex 6.06763 4.40839 0
      vertex 6.1343 4.30319 0.00204903
    endloop
  endfacet
  facet normal 0.843673 0.535407 0.0394323
    outer loop
      vertex 6.31938 4.01156 0.00178985
      vertex 6.5723 3.61315 0
      vertex 6.06763 4.40839 0
    endloop
  endfacet
  facet normal 0.843741 0.535459 0.0372132
    outer loop
      vertex 6.5723 3.61315 0
      vertex 6.31938 4.01156 0.00178985
      vertex 6.57203 3.61324 0.00482675
    endloop
  endfacet
  facet normal 0.844876 0.533606 0.038075
    outer loop
      vertex 5.46116 3.96776 19.9904
      vertex 5.46086 3.96755 20
      vertex 5.4614 3.96738 19.9904
    endloop
  endfacet
  facet normal -0.587367 0.808439 0.0377576
    outer loop
      vertex -3.77321 5.58613 19.9885
      vertex -4.30261 5.20096 20
      vertex -3.61683 5.69921 20
    endloop
  endfacet
  facet normal -0.587352 0.808469 0.0373544
    outer loop
      vertex -3.71984 5.6249 19.9886
      vertex -3.61683 5.69921 20
      vertex -3.61743 5.69925 19.9897
    endloop
  endfacet
  facet normal -0.587362 0.808453 0.0375398
    outer loop
      vertex -3.77321 5.58613 19.9885
      vertex -3.61683 5.69921 20
      vertex -3.71984 5.6249 19.9886
    endloop
  endfacet
  facet normal -0.587384 0.808448 0.0373142
    outer loop
      vertex -4.30261 5.20096 20
      vertex -3.77321 5.58613 19.9885
      vertex -4.30279 5.20118 19.9924
    endloop
  endfacet
  facet normal -0.587365 0.808458 0.0374002
    outer loop
      vertex -3.74782 5.68867 18.1707
      vertex -3.77321 5.58613 19.9885
      vertex -3.71984 5.6249 19.9886
    endloop
  endfacet
  facet normal -0.587394 0.808437 0.0373986
    outer loop
      vertex -3.75665 5.70878 17.5973
      vertex -3.77321 5.58613 19.9885
      vertex -3.74782 5.68867 18.1707
    endloop
  endfacet
  facet normal -0.58737 0.808454 0.0373997
    outer loop
      vertex -3.77321 5.58613 19.9885
      vertex -3.75665 5.70878 17.5973
      vertex -3.90356 5.71883 15.0728
    endloop
  endfacet
  facet normal -0.584901 0.81024 0.0374355
    outer loop
      vertex -4.78037 5.77883 0.00527639
      vertex -4.78068 5.77885 0
      vertex -4.78055 5.7787 0.0052777
    endloop
  endfacet
  facet normal -0.997296 -0.0627496 0.0382498
    outer loop
      vertex -6.75023 -0.000306709 19.9935
      vertex -6.69677 -0.845999 20
      vertex -6.75 0 20
    endloop
  endfacet
  facet normal -0.997311 -0.0627537 0.0378412
    outer loop
      vertex -6.69677 -0.845999 20
      vertex -6.75023 -0.000306709 19.9935
      vertex -6.69709 -0.846039 19.9915
    endloop
  endfacet
  facet normal -0.997794 -0.054912 0.0373125
    outer loop
      vertex -7.44071 -0.939796 0.00430998
      vertex -7.44086 -0.939999 0
      vertex -7.4407 -0.939978 0.00430955
    endloop
  endfacet
  facet normal -0.997319 0.0627463 0.037665
    outer loop
      vertex -7.5 0 0
      vertex -7.44071 0.939796 0.00430998
      vertex -7.44086 0.939999 0
    endloop
  endfacet
  facet normal -0.9973 0.0627429 0.0381486
    outer loop
      vertex -7.44071 0.939796 0.00430998
      vertex -7.5 0 0
      vertex -7.49975 7.01062e-06 0.00652409
    endloop
  endfacet
  facet normal -0.573904 0.818651 0.021112
    outer loop
      vertex -7.49975 7.01062e-06 0.00652409
      vertex -7.5 0 0
      vertex -7.49976 0 0.0065241
    endloop
  endfacet
  facet normal -0.998789 0.0325647 0.0368784
    outer loop
      vertex -6.75023 0.000306709 19.9935
      vertex -6.75024 0 19.9935
      vertex -6.75 0 20
    endloop
  endfacet
  facet normal -0.997794 0.054912 0.0373125
    outer loop
      vertex -7.4407 0.939978 0.00430955
      vertex -7.44086 0.939999 0
      vertex -7.44071 0.939796 0.00430998
    endloop
  endfacet
  facet normal -0.997311 0.0627537 0.0378412
    outer loop
      vertex -6.75023 0.000306709 19.9935
      vertex -6.69677 0.845999 20
      vertex -6.69709 0.846039 19.9915
    endloop
  endfacet
  facet normal -0.997296 0.0627496 0.0382498
    outer loop
      vertex -6.69677 0.845999 20
      vertex -6.75023 0.000306709 19.9935
      vertex -6.75 0 20
    endloop
  endfacet
  facet normal 0.950393 0.308804 0.0373307
    outer loop
      vertex 6.27599 2.48484 20
      vertex 6.53813 1.67915 19.991
      vertex 6.27622 2.48493 19.9934
    endloop
  endfacet
  facet normal 0.950407 0.308813 0.0368773
    outer loop
      vertex 6.53813 1.67915 19.991
      vertex 6.27599 2.48484 20
      vertex 6.53794 1.67866 20
    endloop
  endfacet
  facet normal 0.955176 0.293787 0.0364562
    outer loop
      vertex 6.97332 2.76093 0
      vertex 6.9731 2.76084 0.00648942
      vertex 6.97318 2.76058 0.00648861
    endloop
  endfacet
  facet normal 0.587308 -0.808376 0.0399691
    outer loop
      vertex 4.02748 -6.32597 0.00224666
      vertex 4.0187 -6.33246 0
      vertex 4.30319 -6.12568 0.00182057
    endloop
  endfacet
  facet normal 0.587273 -0.808392 0.0401504
    outer loop
      vertex 4.0187 -6.33246 0
      vertex 4.02748 -6.32597 0.00224666
      vertex 4.01865 -6.33238 0.00234207
    endloop
  endfacet
  facet normal 0.587368 -0.808455 0.0373996
    outer loop
      vertex 4.02748 -6.32597 0.00224666
      vertex 3.90356 -5.71883 15.0728
      vertex 3.75665 -5.70878 17.5973
    endloop
  endfacet
  facet normal 0.587362 -0.80846 0.0373997
    outer loop
      vertex 3.90356 -5.71883 15.0728
      vertex 4.02748 -6.32597 0.00224666
      vertex 4.25593 -6.07756 1.78426
    endloop
  endfacet
  facet normal 0.587364 -0.808458 0.0373992
    outer loop
      vertex 4.25593 -6.07756 1.78426
      vertex 4.02748 -6.32597 0.00224666
      vertex 4.30319 -6.12568 0.00182057
    endloop
  endfacet
  facet normal 0.587368 -0.808447 0.0375736
    outer loop
      vertex 4.30319 -6.12568 0.00182057
      vertex 4.78068 -5.77885 0
      vertex 4.78037 -5.77883 0.00527639
    endloop
  endfacet
  facet normal 0.587353 -0.808424 0.0382962
    outer loop
      vertex 4.78068 -5.77885 0
      vertex 4.30319 -6.12568 0.00182057
      vertex 4.0187 -6.33246 0
    endloop
  endfacet
  facet normal 0.596275 -0.801887 0.0378486
    outer loop
      vertex 3.61743 -5.69925 19.9897
      vertex 3.61683 -5.69921 20
      vertex 3.61704 -5.69954 19.9897
    endloop
  endfacet
  facet normal 0 -0.999322 0.0368265
    outer loop
      vertex -0.470928 -7.4852 0
      vertex 0.470914 -7.48498 0.00596991
      vertex -0.470914 -7.48498 0.00596991
    endloop
  endfacet
  facet normal 0 -0.999322 0.0368265
    outer loop
      vertex 0.470914 -7.48498 0.00596991
      vertex -0.470928 -7.4852 0
      vertex 0.470928 -7.4852 0
    endloop
  endfacet
  facet normal 0 -0.999311 0.0371173
    outer loop
      vertex -0.423852 -6.73694 19.993
      vertex 0.423836 -6.73668 20
      vertex -0.423836 -6.73668 20
    endloop
  endfacet
  facet normal 0 -0.999311 0.0371173
    outer loop
      vertex 0.423836 -6.73668 20
      vertex -0.423852 -6.73694 19.993
      vertex 0.423852 -6.73694 19.993
    endloop
  endfacet
  facet normal 0.684041 -0.728436 0.0383241
    outer loop
      vertex 4.76609 -4.76609 19.9931
      vertex 4.92054 -4.62069 20
      vertex 4.30261 -5.20096 20
    endloop
  endfacet
  facet normal 0.684092 -0.728441 0.0372966
    outer loop
      vertex 4.92054 -4.62069 20
      vertex 4.76609 -4.76609 19.9931
      vertex 4.92049 -4.62108 19.9933
    endloop
  endfacet
  facet normal 0.68406 -0.728472 0.0372888
    outer loop
      vertex 4.76609 -4.76609 19.9931
      vertex 4.30261 -5.20096 20
      vertex 4.30279 -5.20118 19.9924
    endloop
  endfacet
  facet normal 0.68485 -0.727716 0.0375519
    outer loop
      vertex 4.78072 -5.77854 0.00527797
      vertex 4.78055 -5.7787 0.0052777
      vertex 4.78068 -5.77885 0
    endloop
  endfacet
  facet normal 0.997794 0.054912 0.0373125
    outer loop
      vertex 7.44086 0.939999 0
      vertex 7.4407 0.939978 0.00430955
      vertex 7.44071 0.939796 0.00430998
    endloop
  endfacet
  facet normal 0.997311 0.0627537 0.0378412
    outer loop
      vertex 6.69677 0.845999 20
      vertex 6.75023 0.000306709 19.9935
      vertex 6.69709 0.846039 19.9915
    endloop
  endfacet
  facet normal 0.997296 0.0627496 0.0382498
    outer loop
      vertex 6.75023 0.000306709 19.9935
      vertex 6.69677 0.845999 20
      vertex 6.75 0 20
    endloop
  endfacet
  facet normal -0.838871 -0.543085 0.0367986
    outer loop
      vertex -6.57214 -3.61307 0.00482807
      vertex -6.5723 -3.61315 0
      vertex -6.57203 -3.61324 0.00482675
    endloop
  endfacet
  facet normal -0.843749 -0.535434 0.0374017
    outer loop
      vertex -5.70539 -3.88958 15.5999
      vertex -5.6884 -3.742 18.0959
      vertex -5.89347 -3.82961 12.2155
    endloop
  endfacet
  facet normal -0.843777 -0.535389 0.0373992
    outer loop
      vertex -5.6884 -3.742 18.0959
      vertex -5.70539 -3.88958 15.5999
      vertex -5.58471 -3.77321 19.9885
    endloop
  endfacet
  facet normal -0.843775 -0.535466 0.0363391
    outer loop
      vertex -5.6224 -3.71381 19.9884
      vertex -5.91507 -3.25184 20
      vertex -5.91533 -3.25198 19.9919
    endloop
  endfacet
  facet normal -0.843807 -0.535342 0.0374016
    outer loop
      vertex -5.58471 -3.77321 19.9885
      vertex -5.6224 -3.71381 19.9884
      vertex -5.6884 -3.742 18.0959
    endloop
  endfacet
  facet normal -0.8437 -0.535269 0.0407003
    outer loop
      vertex -5.46086 -3.96755 20
      vertex -5.6224 -3.71381 19.9884
      vertex -5.58471 -3.77321 19.9885
    endloop
  endfacet
  facet normal -0.843718 -0.535442 0.0379774
    outer loop
      vertex -5.46086 -3.96755 20
      vertex -5.58471 -3.77321 19.9885
      vertex -5.4614 -3.96738 19.9904
    endloop
  endfacet
  facet normal -0.843745 -0.535464 0.0370485
    outer loop
      vertex -5.6224 -3.71381 19.9884
      vertex -5.46086 -3.96755 20
      vertex -5.91507 -3.25184 20
    endloop
  endfacet
  facet normal 0.838871 0.543085 0.0367986
    outer loop
      vertex 6.5723 3.61315 0
      vertex 6.57203 3.61324 0.00482675
      vertex 6.57214 3.61307 0.00482807
    endloop
  endfacet
  facet normal 0.843718 0.535442 0.0379774
    outer loop
      vertex 5.46086 3.96755 20
      vertex 5.58471 3.77321 19.9885
      vertex 5.4614 3.96738 19.9904
    endloop
  endfacet
  facet normal 0.843807 0.535342 0.0374016
    outer loop
      vertex 5.58471 3.77321 19.9885
      vertex 5.6224 3.71381 19.9884
      vertex 5.6884 3.742 18.0959
    endloop
  endfacet
  facet normal 0.8437 0.535269 0.0407003
    outer loop
      vertex 5.46086 3.96755 20
      vertex 5.6224 3.71381 19.9884
      vertex 5.58471 3.77321 19.9885
    endloop
  endfacet
  facet normal 0.843745 0.535464 0.0370485
    outer loop
      vertex 5.91507 3.25184 20
      vertex 5.6224 3.71381 19.9884
      vertex 5.46086 3.96755 20
    endloop
  endfacet
  facet normal 0.843775 0.535466 0.0363391
    outer loop
      vertex 5.6224 3.71381 19.9884
      vertex 5.91507 3.25184 20
      vertex 5.91533 3.25198 19.9919
    endloop
  endfacet
  facet normal 0.843777 0.535389 0.0373992
    outer loop
      vertex 5.6884 3.742 18.0959
      vertex 5.70539 3.88958 15.5999
      vertex 5.58471 3.77321 19.9885
    endloop
  endfacet
  facet normal 0.843749 0.535434 0.0374017
    outer loop
      vertex 5.70539 3.88958 15.5999
      vertex 5.6884 3.742 18.0959
      vertex 5.89347 3.82961 12.2155
    endloop
  endfacet
  facet normal -0.587308 0.808376 0.0399691
    outer loop
      vertex -4.02748 6.32597 0.00224666
      vertex -4.0187 6.33246 0
      vertex -4.30319 6.12568 0.00182057
    endloop
  endfacet
  facet normal -0.587273 0.808392 0.0401504
    outer loop
      vertex -4.0187 6.33246 0
      vertex -4.02748 6.32597 0.00224666
      vertex -4.01865 6.33238 0.00234207
    endloop
  endfacet
  facet normal -0.587368 0.808455 0.0373996
    outer loop
      vertex -4.02748 6.32597 0.00224666
      vertex -3.90356 5.71883 15.0728
      vertex -3.75665 5.70878 17.5973
    endloop
  endfacet
  facet normal -0.587362 0.80846 0.0373997
    outer loop
      vertex -3.90356 5.71883 15.0728
      vertex -4.02748 6.32597 0.00224666
      vertex -4.25593 6.07756 1.78426
    endloop
  endfacet
  facet normal -0.587364 0.808458 0.0373992
    outer loop
      vertex -4.25593 6.07756 1.78426
      vertex -4.02748 6.32597 0.00224666
      vertex -4.30319 6.12568 0.00182057
    endloop
  endfacet
  facet normal -0.587368 0.808447 0.0375736
    outer loop
      vertex -4.30319 6.12568 0.00182057
      vertex -4.78068 5.77885 0
      vertex -4.78037 5.77883 0.00527639
    endloop
  endfacet
  facet normal -0.587353 0.808424 0.0382962
    outer loop
      vertex -4.78068 5.77885 0
      vertex -4.30319 6.12568 0.00182057
      vertex -4.0187 6.33246 0
    endloop
  endfacet
  facet normal -0.596275 0.801887 0.0378486
    outer loop
      vertex -3.61704 5.69954 19.9897
      vertex -3.61743 5.69925 19.9897
      vertex -3.61683 5.69921 20
    endloop
  endfacet
  facet normal 0.125245 0.991423 0.0373318
    outer loop
      vertex 1.26482 6.63044 20
      vertex 0.424181 6.7369 19.993
      vertex 0.423836 6.73668 20
    endloop
  endfacet
  facet normal 0.125249 0.991436 0.0369631
    outer loop
      vertex 0.424181 6.7369 19.993
      vertex 1.26482 6.63044 20
      vertex 1.2649 6.63084 19.989
    endloop
  endfacet
  facet normal 0.12524 0.991421 0.0373993
    outer loop
      vertex 1.2949 7.2962 2.25072
      vertex 1.29215 6.77372 16.1104
      vertex 1.40536 7.36715 0
    endloop
  endfacet
  facet normal 0.262932 0.964082 0.0375788
    outer loop
      vertex 2.08595 6.41989 19.9927
      vertex 2.08562 6.41998 19.9927
      vertex 2.08586 6.41963 20
    endloop
  endfacet
  facet normal 0.248521 0.967908 0.0372863
    outer loop
      vertex 2.31756 7.13272 0.00565833
      vertex 2.31763 7.13292 0
      vertex 1.63009 7.30938 0.00191317
    endloop
  endfacet
  facet normal 0.248478 0.967915 0.037401
    outer loop
      vertex 1.6053 7.2483 1.74744
      vertex 1.40536 7.36715 0
      vertex 1.56392 7.14638 4.65998
    endloop
  endfacet
  facet normal 0.248497 0.967911 0.0373986
    outer loop
      vertex 1.63009 7.30938 0.00191317
      vertex 1.40536 7.36715 0
      vertex 1.6053 7.2483 1.74744
    endloop
  endfacet
  facet normal 0.248535 0.967986 0.0351238
    outer loop
      vertex 1.40536 7.36715 0
      vertex 1.63009 7.30938 0.00191317
      vertex 2.31763 7.13292 0
    endloop
  endfacet
  facet normal -0.36788 -0.929153 0.0365873
    outer loop
      vertex -2.31763 -7.13292 0
      vertex -3.193 -6.78609 0.00621215
      vertex -3.19334 -6.7862 0
    endloop
  endfacet
  facet normal -0.367864 -0.929128 0.0373919
    outer loop
      vertex -3.193 -6.78609 0.00621215
      vertex -2.31763 -7.13292 0
      vertex -2.31756 -7.13272 0.00565833
    endloop
  endfacet
  facet normal -0.376111 -0.925811 0.0376111
    outer loop
      vertex -2.08586 -6.41963 20
      vertex -2.08627 -6.41976 19.9927
      vertex -2.08595 -6.41989 19.9927
    endloop
  endfacet
  facet normal 0.481425 -0.875703 0.0370844
    outer loop
      vertex 3.19334 -6.7862 0
      vertex 4.01865 -6.33238 0.00234207
      vertex 3.19348 -6.78586 0.00621122
    endloop
  endfacet
  facet normal 0.48136 -0.875601 0.040185
    outer loop
      vertex 4.01865 -6.33238 0.00234207
      vertex 3.19334 -6.7862 0
      vertex 4.0187 -6.33246 0
    endloop
  endfacet
  facet normal 0.471314 -0.881153 0.0378404
    outer loop
      vertex 3.61683 -5.69921 20
      vertex 3.61661 -5.69977 19.9897
      vertex 3.61704 -5.69954 19.9897
    endloop
  endfacet
  facet normal -0.950448 -0.30883 0.0356835
    outer loop
      vertex -7.26437 -1.86517 0
      vertex -6.97318 -2.76058 0.00648861
      vertex -7.26424 -1.86514 0.00372226
    endloop
  endfacet
  facet normal -0.9504 -0.308803 0.0371631
    outer loop
      vertex -6.97318 -2.76058 0.00648861
      vertex -7.26437 -1.86517 0
      vertex -6.97332 -2.76093 0
    endloop
  endfacet
  facet normal -0.952594 -0.302042 0.0365548
    outer loop
      vertex -6.53794 -1.67866 20
      vertex -6.53826 -1.67874 19.991
      vertex -6.53813 -1.67915 19.991
    endloop
  endfacet
  facet normal -0.384327 0.92244 0.0373686
    outer loop
      vertex -3.193 6.78609 0.00621215
      vertex -3.19334 6.7862 0
      vertex -3.19324 6.78599 0.0062123
    endloop
  endfacet
  facet normal -0.367866 0.929126 0.0374102
    outer loop
      vertex -2.57843 6.22489 19.993
      vertex -2.87401 6.10758 20
      vertex -2.08586 6.41963 20
    endloop
  endfacet
  facet normal -0.367867 0.929127 0.0373771
    outer loop
      vertex -2.87401 6.10758 20
      vertex -2.57843 6.22489 19.993
      vertex -2.87412 6.10781 19.9932
    endloop
  endfacet
  facet normal -0.367866 0.929134 0.0372072
    outer loop
      vertex -2.57843 6.22489 19.993
      vertex -2.08586 6.41963 20
      vertex -2.08627 6.41976 19.9927
    endloop
  endfacet
  facet normal 0.471314 0.881153 0.0378404
    outer loop
      vertex 3.61704 5.69954 19.9897
      vertex 3.61661 5.69977 19.9897
      vertex 3.61683 5.69921 20
    endloop
  endfacet
  facet normal 0.481378 0.875591 0.0401851
    outer loop
      vertex 4.0187 6.33246 0
      vertex 3.19348 6.78586 0.00621122
      vertex 4.01865 6.33238 0.00234207
    endloop
  endfacet
  facet normal 0.481418 0.875706 0.0370848
    outer loop
      vertex 3.19348 6.78586 0.00621122
      vertex 4.0187 6.33246 0
      vertex 3.19334 6.7862 0
    endloop
  endfacet
  facet normal 0.596275 0.801887 0.0378486
    outer loop
      vertex 3.61704 5.69954 19.9897
      vertex 3.61683 5.69921 20
      vertex 3.61743 5.69925 19.9897
    endloop
  endfacet
  facet normal 0.587368 0.808447 0.0375736
    outer loop
      vertex 4.78037 5.77883 0.00527639
      vertex 4.78068 5.77885 0
      vertex 4.30319 6.12568 0.00182057
    endloop
  endfacet
  facet normal 0.587353 0.808424 0.0382962
    outer loop
      vertex 4.0187 6.33246 0
      vertex 4.30319 6.12568 0.00182057
      vertex 4.78068 5.77885 0
    endloop
  endfacet
  facet normal 0.587273 0.808392 0.0401504
    outer loop
      vertex 4.02748 6.32597 0.00224666
      vertex 4.0187 6.33246 0
      vertex 4.01865 6.33238 0.00234207
    endloop
  endfacet
  facet normal 0.587308 0.808376 0.0399691
    outer loop
      vertex 4.30319 6.12568 0.00182057
      vertex 4.0187 6.33246 0
      vertex 4.02748 6.32597 0.00224666
    endloop
  endfacet
  facet normal 0.587362 0.80846 0.0373997
    outer loop
      vertex 4.02748 6.32597 0.00224666
      vertex 3.90356 5.71883 15.0728
      vertex 4.25593 6.07756 1.78426
    endloop
  endfacet
  facet normal 0.587368 0.808455 0.0373996
    outer loop
      vertex 3.90356 5.71883 15.0728
      vertex 4.02748 6.32597 0.00224666
      vertex 3.75665 5.70878 17.5973
    endloop
  endfacet
  facet normal 0.587364 0.808458 0.0373992
    outer loop
      vertex 4.02748 6.32597 0.00224666
      vertex 4.25593 6.07756 1.78426
      vertex 4.30319 6.12568 0.00182057
    endloop
  endfacet
  facet normal -0.684041 0.728436 0.0383241
    outer loop
      vertex -4.76609 4.76609 19.9931
      vertex -4.92054 4.62069 20
      vertex -4.30261 5.20096 20
    endloop
  endfacet
  facet normal -0.684092 0.728441 0.0372966
    outer loop
      vertex -4.92054 4.62069 20
      vertex -4.76609 4.76609 19.9931
      vertex -4.92049 4.62108 19.9933
    endloop
  endfacet
  facet normal -0.68406 0.728472 0.0372888
    outer loop
      vertex -4.76609 4.76609 19.9931
      vertex -4.30261 5.20096 20
      vertex -4.30279 5.20118 19.9924
    endloop
  endfacet
  facet normal -0.68485 0.727716 0.0375519
    outer loop
      vertex -4.78068 5.77885 0
      vertex -4.78072 5.77854 0.00527797
      vertex -4.78055 5.7787 0.0052777
    endloop
  endfacet
  facet normal -0.481418 -0.875693 0.0374067
    outer loop
      vertex -3.61683 -5.69921 20
      vertex -2.87412 -6.10781 19.9932
      vertex -2.87401 -6.10758 20
    endloop
  endfacet
  facet normal -0.48142 -0.875695 0.0373279
    outer loop
      vertex -2.87412 -6.10781 19.9932
      vertex -3.61683 -5.69921 20
      vertex -3.61661 -5.69977 19.9897
    endloop
  endfacet
  facet normal -0.476081 -0.878608 0.0373639
    outer loop
      vertex -3.19324 -6.78599 0.0062123
      vertex -3.19348 -6.78586 0.00621122
      vertex -3.19334 -6.7862 0
    endloop
  endfacet
  facet normal 0.481418 0.875693 0.0374067
    outer loop
      vertex 3.61683 5.69921 20
      vertex 2.87412 6.10781 19.9932
      vertex 2.87401 6.10758 20
    endloop
  endfacet
  facet normal 0.48142 0.875695 0.0373279
    outer loop
      vertex 2.87412 6.10781 19.9932
      vertex 3.61683 5.69921 20
      vertex 3.61661 5.69977 19.9897
    endloop
  endfacet
  facet normal 0.476081 0.878608 0.0373639
    outer loop
      vertex 3.19334 6.7862 0
      vertex 3.19324 6.78599 0.0062123
      vertex 3.19348 6.78586 0.00621122
    endloop
  endfacet
  facet normal -0.998789 -0.0325647 0.0368784
    outer loop
      vertex -6.75 0 20
      vertex -6.75024 0 19.9935
      vertex -6.75023 -0.000306709 19.9935
    endloop
  endfacet
  facet normal -0.573904 -0.818651 0.021112
    outer loop
      vertex -7.5 0 0
      vertex -7.49975 -7.01062e-06 0.00652409
      vertex -7.49976 0 0.0065241
    endloop
  endfacet
  facet normal -0.9973 -0.0627429 0.0381486
    outer loop
      vertex -7.5 0 0
      vertex -7.44071 -0.939796 0.00430998
      vertex -7.49975 -7.01062e-06 0.00652409
    endloop
  endfacet
  facet normal -0.997319 -0.0627463 0.037665
    outer loop
      vertex -7.44071 -0.939796 0.00430998
      vertex -7.5 0 0
      vertex -7.44086 -0.939999 0
    endloop
  endfacet
  facet normal 0.843725 -0.535471 0.0373997
    outer loop
      vertex 6.08743 -4.25799 1.70649
      vertex 5.89347 -3.82961 12.2155
      vertex 5.70539 -3.88958 15.5999
    endloop
  endfacet
  facet normal 0.843739 -0.53545 0.0373991
    outer loop
      vertex 5.89347 -3.82961 12.2155
      vertex 6.08743 -4.25799 1.70649
      vertex 6.31938 -4.01156 0.00178985
    endloop
  endfacet
  facet normal 0.843741 -0.535459 0.0372132
    outer loop
      vertex 6.31938 -4.01156 0.00178985
      vertex 6.5723 -3.61315 0
      vertex 6.57203 -3.61324 0.00482675
    endloop
  endfacet
  facet normal 0.843744 -0.535441 0.0374012
    outer loop
      vertex 6.1343 -4.30319 0.00204903
      vertex 6.31938 -4.01156 0.00178985
      vertex 6.08743 -4.25799 1.70649
    endloop
  endfacet
  facet normal 0.843755 -0.535448 0.0370599
    outer loop
      vertex 6.06763 -4.40839 0
      vertex 6.31938 -4.01156 0.00178985
      vertex 6.1343 -4.30319 0.00204903
    endloop
  endfacet
  facet normal 0.843673 -0.535407 0.0394323
    outer loop
      vertex 6.31938 -4.01156 0.00178985
      vertex 6.06763 -4.40839 0
      vertex 6.5723 -3.61315 0
    endloop
  endfacet
  facet normal 0.843645 -0.53543 0.0397351
    outer loop
      vertex 6.06763 -4.40839 0
      vertex 6.1343 -4.30319 0.00204903
      vertex 6.06753 -4.40832 0.00306642
    endloop
  endfacet
  facet normal 0.844876 -0.533606 0.038075
    outer loop
      vertex 5.4614 -3.96738 19.9904
      vertex 5.46086 -3.96755 20
      vertex 5.46116 -3.96776 19.9904
    endloop
  endfacet
  facet normal -0.983246 -0.178583 0.0365473
    outer loop
      vertex -6.53794 -1.67866 20
      vertex -6.53834 -1.67832 19.9909
      vertex -6.53826 -1.67874 19.991
    endloop
  endfacet
  facet normal -0.981635 -0.187268 0.0363801
    outer loop
      vertex -7.44086 -0.939999 0
      vertex -7.37428 -1.28865 0.00181892
      vertex -7.44067 -0.940158 0.00430827
    endloop
  endfacet
  facet normal -0.981601 -0.187244 0.0373998
    outer loop
      vertex -7.02041 -1.28396 9.31303
      vertex -7.2469 -1.60556 1.75842
      vertex -6.82939 -1.44023 13.5442
    endloop
  endfacet
  facet normal -0.981599 -0.187257 0.0373974
    outer loop
      vertex -7.37428 -1.28865 0.00181892
      vertex -7.30912 -1.6302 0.00190589
      vertex -7.2469 -1.60556 1.75842
    endloop
  endfacet
  facet normal -0.981612 -0.18726 0.0370429
    outer loop
      vertex -7.44086 -0.939999 0
      vertex -7.30912 -1.6302 0.00190589
      vertex -7.37428 -1.28865 0.00181892
    endloop
  endfacet
  facet normal -0.98166 -0.187247 0.0357937
    outer loop
      vertex -7.30912 -1.6302 0.00190589
      vertex -7.26437 -1.86517 0
      vertex -7.26424 -1.86514 0.00372226
    endloop
  endfacet
  facet normal -0.981573 -0.18725 0.0381062
    outer loop
      vertex -7.26437 -1.86517 0
      vertex -7.30912 -1.6302 0.00190589
      vertex -7.44086 -0.939999 0
    endloop
  endfacet
  facet normal -0.981598 -0.187258 0.0374003
    outer loop
      vertex -7.2469 -1.60556 1.75842
      vertex -7.02041 -1.28396 9.31303
      vertex -7.30636 -1.28775 1.78908
    endloop
  endfacet
  facet normal -0.981599 -0.187258 0.0373973
    outer loop
      vertex -7.2469 -1.60556 1.75842
      vertex -7.30636 -1.28775 1.78908
      vertex -7.37428 -1.28865 0.00181892
    endloop
  endfacet
  facet normal 0.376111 0.925811 0.0376111
    outer loop
      vertex 2.08595 6.41989 19.9927
      vertex 2.08586 6.41963 20
      vertex 2.08627 6.41976 19.9927
    endloop
  endfacet
  facet normal 0.36788 0.929153 0.0365873
    outer loop
      vertex 2.31763 7.13292 0
      vertex 3.193 6.78609 0.00621215
      vertex 3.19334 6.7862 0
    endloop
  endfacet
  facet normal 0.367864 0.929128 0.0373919
    outer loop
      vertex 3.193 6.78609 0.00621215
      vertex 2.31763 7.13292 0
      vertex 2.31756 7.13272 0.00565833
    endloop
  endfacet
  facet normal 0 0 -1
    outer loop
      vertex 3.075 0 0
      vertex 7.5 0 0
      vertex 7.44086 -0.939999 0
    endloop
  endfacet
  facet normal 0 0 -1
    outer loop
      vertex 2.9245 -0.950227 0
      vertex 7.44086 -0.939999 0
      vertex 7.26437 -1.86517 0
    endloop
  endfacet
  facet normal 0 0 -1
    outer loop
      vertex 7.5 0 0
      vertex 3.075 0 0
      vertex 7.44086 0.939999 0
    endloop
  endfacet
  facet normal 0 0 -1
    outer loop
      vertex 2.9245 -0.950227 0
      vertex 7.26437 -1.86517 0
      vertex 6.97332 -2.76093 0
    endloop
  endfacet
  facet normal 0 0 -1
    outer loop
      vertex 2.9245 0.950227 0
      vertex 7.44086 0.939999 0
      vertex 3.075 0 0
    endloop
  endfacet
  facet normal 0 0 -1
    outer loop
      vertex 2.9245 -0.950227 0
      vertex 6.97332 -2.76093 0
      vertex 6.5723 -3.61315 0
    endloop
  endfacet
  facet normal 0 0 -1
    outer loop
      vertex 7.44086 0.939999 0
      vertex 2.9245 0.950227 0
      vertex 7.26437 1.86517 0
    endloop
  endfacet
  facet normal 0 0 -1
    outer loop
      vertex 2.48773 -1.80744 0
      vertex 6.5723 -3.61315 0
      vertex 6.06763 -4.40839 0
    endloop
  endfacet
  facet normal -0 0 -1
    outer loop
      vertex 7.26437 1.86517 0
      vertex 2.9245 0.950227 0
      vertex 6.97332 2.76093 0
    endloop
  endfacet
  facet normal 0 0 -1
    outer loop
      vertex 2.48773 -1.80744 0
      vertex 6.06763 -4.40839 0
      vertex 5.46726 -5.1341 0
    endloop
  endfacet
  facet normal -0 0 -1
    outer loop
      vertex 6.97332 2.76093 0
      vertex 2.9245 0.950227 0
      vertex 6.5723 3.61315 0
    endloop
  endfacet
  facet normal 0 0 -1
    outer loop
      vertex 1.80744 -2.48773 0
      vertex 5.46726 -5.1341 0
      vertex 4.78068 -5.77885 0
    endloop
  endfacet
  facet normal 0 0 -1
    outer loop
      vertex 2.48773 1.80744 0
      vertex 6.5723 3.61315 0
      vertex 2.9245 0.950227 0
    endloop
  endfacet
  facet normal 0 0 -1
    outer loop
      vertex 1.80744 -2.48773 0
      vertex 4.78068 -5.77885 0
      vertex 4.0187 -6.33246 0
    endloop
  endfacet
  facet normal -0 0 -1
    outer loop
      vertex 6.5723 3.61315 0
      vertex 2.48773 1.80744 0
      vertex 6.06763 4.40839 0
    endloop
  endfacet
  facet normal 0 0 -1
    outer loop
      vertex 1.80744 -2.48773 0
      vertex 4.0187 -6.33246 0
      vertex 3.19334 -6.7862 0
    endloop
  endfacet
  facet normal -0 0 -1
    outer loop
      vertex 6.06763 4.40839 0
      vertex 2.48773 1.80744 0
      vertex 5.46726 5.1341 0
    endloop
  endfacet
  facet normal 0 0 -1
    outer loop
      vertex 1.80744 2.48773 0
      vertex 5.46726 5.1341 0
      vertex 2.48773 1.80744 0
    endloop
  endfacet
  facet normal -0 0 -1
    outer loop
      vertex 7.44086 -0.939999 0
      vertex 2.9245 -0.950227 0
      vertex 3.075 0 0
    endloop
  endfacet
  facet normal 0 0 -1
    outer loop
      vertex 6.5723 -3.61315 0
      vertex 2.48773 -1.80744 0
      vertex 2.9245 -0.950227 0
    endloop
  endfacet
  facet normal 0 0 -1
    outer loop
      vertex 0.950227 -2.9245 0
      vertex 3.19334 -6.7862 0
      vertex 2.31763 -7.13292 0
    endloop
  endfacet
  facet normal 0 0 -1
    outer loop
      vertex 5.46726 -5.1341 0
      vertex 1.80744 -2.48773 0
      vertex 2.48773 -1.80744 0
    endloop
  endfacet
  facet normal 0 0 -1
    outer loop
      vertex 0.950227 -2.9245 0
      vertex 2.31763 -7.13292 0
      vertex 1.40536 -7.36715 0
    endloop
  endfacet
  facet normal 0 0 -1
    outer loop
      vertex 3.19334 -6.7862 0
      vertex 0.950227 -2.9245 0
      vertex 1.80744 -2.48773 0
    endloop
  endfacet
  facet normal 0 0 -1
    outer loop
      vertex 0 -3.075 0
      vertex 1.40536 -7.36715 0
      vertex 0.470928 -7.4852 0
    endloop
  endfacet
  facet normal 0 0 -1
    outer loop
      vertex 1.40536 -7.36715 0
      vertex 0 -3.075 0
      vertex 0.950227 -2.9245 0
    endloop
  endfacet
  facet normal 0 0 -1
    outer loop
      vertex -0.470928 -7.4852 0
      vertex 0 -3.075 0
      vertex 0.470928 -7.4852 0
    endloop
  endfacet
  facet normal 0 0 -1
    outer loop
      vertex -1.40536 -7.36715 0
      vertex 0 -3.075 0
      vertex -0.470928 -7.4852 0
    endloop
  endfacet
  facet normal -0 0 -1
    outer loop
      vertex 0 -3.075 0
      vertex -1.40536 -7.36715 0
      vertex -0.950227 -2.9245 0
    endloop
  endfacet
  facet normal 0 0 -1
    outer loop
      vertex -2.31763 -7.13292 0
      vertex -0.950227 -2.9245 0
      vertex -1.40536 -7.36715 0
    endloop
  endfacet
  facet normal 0 0 -1
    outer loop
      vertex -3.19334 -6.7862 0
      vertex -0.950227 -2.9245 0
      vertex -2.31763 -7.13292 0
    endloop
  endfacet
  facet normal -0 0 -1
    outer loop
      vertex -0.950227 -2.9245 0
      vertex -3.19334 -6.7862 0
      vertex -1.80744 -2.48773 0
    endloop
  endfacet
  facet normal 0 0 -1
    outer loop
      vertex -4.0187 -6.33246 0
      vertex -1.80744 -2.48773 0
      vertex -3.19334 -6.7862 0
    endloop
  endfacet
  facet normal 0 0 -1
    outer loop
      vertex -4.78068 -5.77885 0
      vertex -1.80744 -2.48773 0
      vertex -4.0187 -6.33246 0
    endloop
  endfacet
  facet normal 0 0 -1
    outer loop
      vertex -5.46726 -5.1341 0
      vertex -1.80744 -2.48773 0
      vertex -4.78068 -5.77885 0
    endloop
  endfacet
  facet normal -0 0 -1
    outer loop
      vertex 5.46726 5.1341 0
      vertex 1.80744 2.48773 0
      vertex 4.78068 5.77885 0
    endloop
  endfacet
  facet normal -0 0 -1
    outer loop
      vertex 4.78068 5.77885 0
      vertex 1.80744 2.48773 0
      vertex 4.0187 6.33246 0
    endloop
  endfacet
  facet normal -0 0 -1
    outer loop
      vertex 4.0187 6.33246 0
      vertex 1.80744 2.48773 0
      vertex 3.19334 6.7862 0
    endloop
  endfacet
  facet normal 0 0 -1
    outer loop
      vertex 0.950227 2.9245 0
      vertex 3.19334 6.7862 0
      vertex 1.80744 2.48773 0
    endloop
  endfacet
  facet normal -0 0 -1
    outer loop
      vertex 3.19334 6.7862 0
      vertex 0.950227 2.9245 0
      vertex 2.31763 7.13292 0
    endloop
  endfacet
  facet normal -0 0 -1
    outer loop
      vertex 2.31763 7.13292 0
      vertex 0.950227 2.9245 0
      vertex 1.40536 7.36715 0
    endloop
  endfacet
  facet normal 0 0 -1
    outer loop
      vertex 0 3.075 0
      vertex 1.40536 7.36715 0
      vertex 0.950227 2.9245 0
    endloop
  endfacet
  facet normal -0 0 -1
    outer loop
      vertex 1.40536 7.36715 0
      vertex 0 3.075 0
      vertex 0.470928 7.4852 0
    endloop
  endfacet
  facet normal 0 0 -1
    outer loop
      vertex 0 3.075 0
      vertex -0.470928 7.4852 0
      vertex 0.470928 7.4852 0
    endloop
  endfacet
  facet normal 0 0 -1
    outer loop
      vertex -1.40536 7.36715 0
      vertex 0 3.075 0
      vertex -0.950227 2.9245 0
    endloop
  endfacet
  facet normal 0 0 -1
    outer loop
      vertex 0 3.075 0
      vertex -1.40536 7.36715 0
      vertex -0.470928 7.4852 0
    endloop
  endfacet
  facet normal 0 0 -1
    outer loop
      vertex -3.19334 6.7862 0
      vertex -0.950227 2.9245 0
      vertex -1.80744 2.48773 0
    endloop
  endfacet
  facet normal 0 0 -1
    outer loop
      vertex -0.950227 2.9245 0
      vertex -2.31763 7.13292 0
      vertex -1.40536 7.36715 0
    endloop
  endfacet
  facet normal 0 0 -1
    outer loop
      vertex -5.46726 5.1341 0
      vertex -1.80744 2.48773 0
      vertex -2.48773 1.80744 0
    endloop
  endfacet
  facet normal 0 0 -1
    outer loop
      vertex -6.5723 3.61315 0
      vertex -2.48773 1.80744 0
      vertex -2.9245 0.950227 0
    endloop
  endfacet
  facet normal 0 0 -1
    outer loop
      vertex -7.44086 0.939999 0
      vertex -2.9245 0.950227 0
      vertex -3.075 0 0
    endloop
  endfacet
  facet normal 0 0 -1
    outer loop
      vertex -0.950227 2.9245 0
      vertex -3.19334 6.7862 0
      vertex -2.31763 7.13292 0
    endloop
  endfacet
  facet normal -0 0 -1
    outer loop
      vertex -1.80744 -2.48773 0
      vertex -5.46726 -5.1341 0
      vertex -2.48773 -1.80744 0
    endloop
  endfacet
  facet normal 0 0 -1
    outer loop
      vertex -6.06763 -4.40839 0
      vertex -2.48773 -1.80744 0
      vertex -5.46726 -5.1341 0
    endloop
  endfacet
  facet normal 0 0 -1
    outer loop
      vertex -1.80744 2.48773 0
      vertex -4.0187 6.33246 0
      vertex -3.19334 6.7862 0
    endloop
  endfacet
  facet normal 0 0 -1
    outer loop
      vertex -6.5723 -3.61315 0
      vertex -2.48773 -1.80744 0
      vertex -6.06763 -4.40839 0
    endloop
  endfacet
  facet normal 0 0 -1
    outer loop
      vertex -1.80744 2.48773 0
      vertex -4.78068 5.77885 0
      vertex -4.0187 6.33246 0
    endloop
  endfacet
  facet normal -0 0 -1
    outer loop
      vertex -2.48773 -1.80744 0
      vertex -6.5723 -3.61315 0
      vertex -2.9245 -0.950227 0
    endloop
  endfacet
  facet normal 0 0 -1
    outer loop
      vertex -1.80744 2.48773 0
      vertex -5.46726 5.1341 0
      vertex -4.78068 5.77885 0
    endloop
  endfacet
  facet normal 0 0 -1
    outer loop
      vertex -6.97332 -2.76093 0
      vertex -2.9245 -0.950227 0
      vertex -6.5723 -3.61315 0
    endloop
  endfacet
  facet normal 0 0 -1
    outer loop
      vertex -2.48773 1.80744 0
      vertex -6.06763 4.40839 0
      vertex -5.46726 5.1341 0
    endloop
  endfacet
  facet normal 0 0 -1
    outer loop
      vertex -7.26437 -1.86517 0
      vertex -2.9245 -0.950227 0
      vertex -6.97332 -2.76093 0
    endloop
  endfacet
  facet normal 0 0 -1
    outer loop
      vertex -2.48773 1.80744 0
      vertex -6.5723 3.61315 0
      vertex -6.06763 4.40839 0
    endloop
  endfacet
  facet normal 0 0 -1
    outer loop
      vertex -7.44086 -0.939999 0
      vertex -2.9245 -0.950227 0
      vertex -7.26437 -1.86517 0
    endloop
  endfacet
  facet normal 0 0 -1
    outer loop
      vertex -2.9245 0.950227 0
      vertex -6.97332 2.76093 0
      vertex -6.5723 3.61315 0
    endloop
  endfacet
  facet normal 0 0 -1
    outer loop
      vertex -2.9245 -0.950227 0
      vertex -7.44086 -0.939999 0
      vertex -3.075 0 0
    endloop
  endfacet
  facet normal 0 0 -1
    outer loop
      vertex -2.9245 0.950227 0
      vertex -7.26437 1.86517 0
      vertex -6.97332 2.76093 0
    endloop
  endfacet
  facet normal 0 0 -1
    outer loop
      vertex -7.5 0 0
      vertex -3.075 0 0
      vertex -7.44086 -0.939999 0
    endloop
  endfacet
  facet normal -0 0 -1
    outer loop
      vertex -2.9245 0.950227 0
      vertex -7.44086 0.939999 0
      vertex -7.26437 1.86517 0
    endloop
  endfacet
  facet normal 0 0 -1
    outer loop
      vertex -3.075 0 0
      vertex -7.5 0 0
      vertex -7.44086 0.939999 0
    endloop
  endfacet
  facet normal 0.476081 -0.878608 0.0373639
    outer loop
      vertex 3.19348 -6.78586 0.00621122
      vertex 3.19324 -6.78599 0.0062123
      vertex 3.19334 -6.7862 0
    endloop
  endfacet
  facet normal 0.481418 -0.875693 0.0374067
    outer loop
      vertex 2.87412 -6.10781 19.9932
      vertex 3.61683 -5.69921 20
      vertex 2.87401 -6.10758 20
    endloop
  endfacet
  facet normal 0.48142 -0.875695 0.0373279
    outer loop
      vertex 3.61683 -5.69921 20
      vertex 2.87412 -6.10781 19.9932
      vertex 3.61661 -5.69977 19.9897
    endloop
  endfacet
  facet normal -0.120609 -0.992006 0.0371216
    outer loop
      vertex -0.423836 -6.73668 20
      vertex -0.424181 -6.7369 19.993
      vertex -0.423852 -6.73694 19.993
    endloop
  endfacet
  facet normal -0.125251 -0.99142 0.037396
    outer loop
      vertex -1.29501 -7.31747 1.68668
      vertex -1.40536 -7.36715 0
      vertex -1.29535 -7.38097 0.00206987
    endloop
  endfacet
  facet normal -0.125476 -0.991391 0.0374099
    outer loop
      vertex -1.40536 -7.36715 0
      vertex -1.29501 -7.31747 1.68668
      vertex -1.2949 -7.2962 2.25072
    endloop
  endfacet
  facet normal -0.12525 -0.991423 0.0373319
    outer loop
      vertex -0.470928 -7.4852 0
      vertex -1.29535 -7.38097 0.00206987
      vertex -1.40536 -7.36715 0
    endloop
  endfacet
  facet normal -0.125253 -0.991441 0.0368298
    outer loop
      vertex -1.29535 -7.38097 0.00206987
      vertex -0.470928 -7.4852 0
      vertex -0.470914 -7.48498 0.00596991
    endloop
  endfacet
  facet normal -0.981609 -0.187203 0.0373987
    outer loop
      vertex -6.6147 -1.27857 19.9884
      vertex -6.82939 -1.44023 13.5442
      vertex -6.60111 -1.34983 19.9884
    endloop
  endfacet
  facet normal -0.981584 -0.187247 0.0378349
    outer loop
      vertex -6.6147 -1.27857 19.9884
      vertex -6.69677 -0.845999 20
      vertex -6.69709 -0.846039 19.9915
    endloop
  endfacet
  facet normal -0.9816 -0.187248 0.0373996
    outer loop
      vertex -6.82939 -1.44023 13.5442
      vertex -6.6147 -1.27857 19.9884
      vertex -7.02041 -1.28396 9.31303
    endloop
  endfacet
  facet normal -0.981659 -0.187212 0.0360208
    outer loop
      vertex -6.60111 -1.34983 19.9884
      vertex -6.69677 -0.845999 20
      vertex -6.6147 -1.27857 19.9884
    endloop
  endfacet
  facet normal -0.981637 -0.187302 0.0361508
    outer loop
      vertex -6.53794 -1.67866 20
      vertex -6.60111 -1.34983 19.9884
      vertex -6.53834 -1.67832 19.9909
    endloop
  endfacet
  facet normal -0.98159 -0.187238 0.037716
    outer loop
      vertex -6.60111 -1.34983 19.9884
      vertex -6.53794 -1.67866 20
      vertex -6.69677 -0.845999 20
    endloop
  endfacet
  facet normal -0.985661 -0.164543 0.0373963
    outer loop
      vertex -7.4407 -0.939978 0.00430955
      vertex -7.44086 -0.939999 0
      vertex -7.44067 -0.940158 0.00430827
    endloop
  endfacet
  facet normal 0.950448 -0.30883 0.0356835
    outer loop
      vertex 6.97318 -2.76058 0.00648861
      vertex 7.26437 -1.86517 0
      vertex 7.26424 -1.86514 0.00372226
    endloop
  endfacet
  facet normal 0.9504 -0.308803 0.0371631
    outer loop
      vertex 7.26437 -1.86517 0
      vertex 6.97318 -2.76058 0.00648861
      vertex 6.97332 -2.76093 0
    endloop
  endfacet
  facet normal 0.952594 -0.302042 0.0365548
    outer loop
      vertex 6.53826 -1.67874 19.991
      vertex 6.53794 -1.67866 20
      vertex 6.53813 -1.67915 19.991
    endloop
  endfacet
  facet normal -0.769995 0.637007 0.0364607
    outer loop
      vertex -6.06763 4.40839 0
      vertex -5.46709 5.13394 0.00638551
      vertex -5.46726 5.1341 0
    endloop
  endfacet
  facet normal -0.769934 0.636934 0.0389582
    outer loop
      vertex -5.46709 5.13394 0.00638551
      vertex -6.06763 4.40839 0
      vertex -6.06745 4.40842 0.00306688
    endloop
  endfacet
  facet normal -0.77529 0.630498 0.0373844
    outer loop
      vertex -4.92072 4.62086 19.9934
      vertex -4.92092 4.62062 19.9933
      vertex -4.92054 4.62069 20
    endloop
  endfacet
  facet normal 0 0.999311 0.0371173
    outer loop
      vertex 0.423852 6.73694 19.993
      vertex -0.423836 6.73668 20
      vertex 0.423836 6.73668 20
    endloop
  endfacet
  facet normal 0 0.999311 0.0371173
    outer loop
      vertex -0.423836 6.73668 20
      vertex 0.423852 6.73694 19.993
      vertex -0.423852 6.73694 19.993
    endloop
  endfacet
  facet normal 0 0.999322 0.0368265
    outer loop
      vertex 0.470928 7.4852 0
      vertex -0.470914 7.48498 0.00596991
      vertex 0.470914 7.48498 0.00596991
    endloop
  endfacet
  facet normal 0 0.999322 0.0368265
    outer loop
      vertex -0.470914 7.48498 0.00596991
      vertex 0.470928 7.4852 0
      vertex -0.470928 7.4852 0
    endloop
  endfacet
  facet normal -0.125245 0.991423 0.0373318
    outer loop
      vertex -0.424181 6.7369 19.993
      vertex -1.26482 6.63044 20
      vertex -0.423836 6.73668 20
    endloop
  endfacet
  facet normal -0.125249 0.991436 0.0369631
    outer loop
      vertex -1.26482 6.63044 20
      vertex -0.424181 6.7369 19.993
      vertex -1.2649 6.63084 19.989
    endloop
  endfacet
  facet normal -0.12524 0.991421 0.0373993
    outer loop
      vertex -1.2949 7.2962 2.25072
      vertex -1.40536 7.36715 0
      vertex -1.29215 6.77372 16.1104
    endloop
  endfacet
  facet normal 0.952594 0.302042 0.0365548
    outer loop
      vertex 6.53813 1.67915 19.991
      vertex 6.53794 1.67866 20
      vertex 6.53826 1.67874 19.991
    endloop
  endfacet
  facet normal 0.9504 0.308803 0.0371631
    outer loop
      vertex 6.97318 2.76058 0.00648861
      vertex 7.26437 1.86517 0
      vertex 6.97332 2.76093 0
    endloop
  endfacet
  facet normal 0.950448 0.30883 0.0356835
    outer loop
      vertex 7.26437 1.86517 0
      vertex 6.97318 2.76058 0.00648861
      vertex 7.26424 1.86514 0.00372226
    endloop
  endfacet
  facet normal 0.981599 0.187258 0.0373973
    outer loop
      vertex 7.2469 1.60556 1.75842
      vertex 7.30636 1.28775 1.78908
      vertex 7.37428 1.28865 0.00181892
    endloop
  endfacet
  facet normal 0.981598 0.187258 0.0374003
    outer loop
      vertex 7.2469 1.60556 1.75842
      vertex 7.02041 1.28396 9.31303
      vertex 7.30636 1.28775 1.78908
    endloop
  endfacet
  facet normal 0.98166 0.187247 0.0357937
    outer loop
      vertex 7.30912 1.6302 0.00190589
      vertex 7.26437 1.86517 0
      vertex 7.26424 1.86514 0.00372226
    endloop
  endfacet
  facet normal 0.981601 0.187244 0.0373998
    outer loop
      vertex 7.02041 1.28396 9.31303
      vertex 7.2469 1.60556 1.75842
      vertex 6.82939 1.44023 13.5442
    endloop
  endfacet
  facet normal 0.981599 0.187257 0.0373974
    outer loop
      vertex 7.37428 1.28865 0.00181892
      vertex 7.30912 1.6302 0.00190589
      vertex 7.2469 1.60556 1.75842
    endloop
  endfacet
  facet normal 0.981561 0.18725 0.0384247
    outer loop
      vertex 7.37428 1.28865 0.00181892
      vertex 7.26437 1.86517 0
      vertex 7.30912 1.6302 0.00190589
    endloop
  endfacet
  facet normal 0.981592 0.187253 0.0376057
    outer loop
      vertex 7.37428 1.28865 0.00181892
      vertex 7.44086 0.939999 0
      vertex 7.26437 1.86517 0
    endloop
  endfacet
  facet normal 0.981635 0.187268 0.0363801
    outer loop
      vertex 7.44086 0.939999 0
      vertex 7.37428 1.28865 0.00181892
      vertex 7.44067 0.940158 0.00430827
    endloop
  endfacet
  facet normal 0.983246 0.178583 0.0365473
    outer loop
      vertex 6.53826 1.67874 19.991
      vertex 6.53794 1.67866 20
      vertex 6.53834 1.67832 19.9909
    endloop
  endfacet
  facet normal 0.904195 -0.425465 0.0375518
    outer loop
      vertex 6.27599 -2.48484 20
      vertex 6.23103 -2.58098 19.9933
      vertex 6.27609 -2.48521 19.9934
    endloop
  endfacet
  facet normal 0.904184 -0.425473 0.0377461
    outer loop
      vertex 5.91507 -3.25184 20
      vertex 6.23103 -2.58098 19.9933
      vertex 6.27599 -2.48484 20
    endloop
  endfacet
  facet normal 0.904224 -0.425506 0.0363789
    outer loop
      vertex 6.23103 -2.58098 19.9933
      vertex 5.91507 -3.25184 20
      vertex 5.91533 -3.25198 19.9919
    endloop
  endfacet
  facet normal 0.903091 -0.42785 0.0370174
    outer loop
      vertex 6.57223 -3.61288 0.00482843
      vertex 6.57214 -3.61307 0.00482807
      vertex 6.5723 -3.61315 0
    endloop
  endfacet
  facet normal 0.780342 0.624091 0.0396947
    outer loop
      vertex 6.06763 4.40839 0
      vertex 6.06745 4.40842 0.00306688
      vertex 6.06753 4.40832 0.00306642
    endloop
  endfacet
  facet normal 0.769981 0.636993 0.0370154
    outer loop
      vertex 4.92054 4.62069 20
      vertex 5.46116 3.96776 19.9904
      vertex 4.92092 4.62062 19.9933
    endloop
  endfacet
  facet normal 0.769959 0.636961 0.0379947
    outer loop
      vertex 5.46116 3.96776 19.9904
      vertex 4.92054 4.62069 20
      vertex 5.46086 3.96755 20
    endloop
  endfacet
  facet normal 0.981598 -0.187258 0.0374003
    outer loop
      vertex 7.02041 -1.28396 9.31303
      vertex 7.2469 -1.60556 1.75842
      vertex 7.30636 -1.28775 1.78908
    endloop
  endfacet
  facet normal 0.981601 -0.187244 0.0373998
    outer loop
      vertex 7.2469 -1.60556 1.75842
      vertex 7.02041 -1.28396 9.31303
      vertex 6.82939 -1.44023 13.5442
    endloop
  endfacet
  facet normal 0.981635 -0.187268 0.0363801
    outer loop
      vertex 7.37428 -1.28865 0.00181892
      vertex 7.44086 -0.939999 0
      vertex 7.44067 -0.940158 0.00430827
    endloop
  endfacet
  facet normal 0.981599 -0.187258 0.0373973
    outer loop
      vertex 7.30636 -1.28775 1.78908
      vertex 7.2469 -1.60556 1.75842
      vertex 7.37428 -1.28865 0.00181892
    endloop
  endfacet
  facet normal 0.981599 -0.187257 0.0373974
    outer loop
      vertex 7.30912 -1.6302 0.00190589
      vertex 7.37428 -1.28865 0.00181892
      vertex 7.2469 -1.60556 1.75842
    endloop
  endfacet
  facet normal 0.981612 -0.18726 0.0370429
    outer loop
      vertex 7.30912 -1.6302 0.00190589
      vertex 7.44086 -0.939999 0
      vertex 7.37428 -1.28865 0.00181892
    endloop
  endfacet
  facet normal 0.981573 -0.18725 0.0381062
    outer loop
      vertex 7.30912 -1.6302 0.00190589
      vertex 7.26437 -1.86517 0
      vertex 7.44086 -0.939999 0
    endloop
  endfacet
  facet normal 0.98166 -0.187247 0.0357937
    outer loop
      vertex 7.26437 -1.86517 0
      vertex 7.30912 -1.6302 0.00190589
      vertex 7.26424 -1.86514 0.00372226
    endloop
  endfacet
  facet normal 0.983246 -0.178583 0.0365473
    outer loop
      vertex 6.53834 -1.67832 19.9909
      vertex 6.53794 -1.67866 20
      vertex 6.53826 -1.67874 19.991
    endloop
  endfacet
  facet normal -0.476081 0.878608 0.0373639
    outer loop
      vertex -3.19334 6.7862 0
      vertex -3.19348 6.78586 0.00621122
      vertex -3.19324 6.78599 0.0062123
    endloop
  endfacet
  facet normal -0.481418 0.875693 0.0374067
    outer loop
      vertex -2.87412 6.10781 19.9932
      vertex -3.61683 5.69921 20
      vertex -2.87401 6.10758 20
    endloop
  endfacet
  facet normal -0.48142 0.875695 0.0373279
    outer loop
      vertex -3.61683 5.69921 20
      vertex -2.87412 6.10781 19.9932
      vertex -3.61661 5.69977 19.9897
    endloop
  endfacet
  facet normal 0.384327 -0.92244 0.0373686
    outer loop
      vertex 3.19324 -6.78599 0.0062123
      vertex 3.193 -6.78609 0.00621215
      vertex 3.19334 -6.7862 0
    endloop
  endfacet
  facet normal 0.367866 -0.929126 0.0374102
    outer loop
      vertex 2.57843 -6.22489 19.993
      vertex 2.87401 -6.10758 20
      vertex 2.08586 -6.41963 20
    endloop
  endfacet
  facet normal 0.367867 -0.929127 0.0373771
    outer loop
      vertex 2.87401 -6.10758 20
      vertex 2.57843 -6.22489 19.993
      vertex 2.87412 -6.10781 19.9932
    endloop
  endfacet
  facet normal 0.367866 -0.929134 0.0372072
    outer loop
      vertex 2.57843 -6.22489 19.993
      vertex 2.08586 -6.41963 20
      vertex 2.08627 -6.41976 19.9927
    endloop
  endfacet
  facet normal -0.248497 0.967911 0.0373986
    outer loop
      vertex -1.6053 7.2483 1.74744
      vertex -1.40536 7.36715 0
      vertex -1.63009 7.30938 0.00191317
    endloop
  endfacet
  facet normal -0.248478 0.967915 0.037401
    outer loop
      vertex -1.40536 7.36715 0
      vertex -1.6053 7.2483 1.74744
      vertex -1.56392 7.14638 4.65998
    endloop
  endfacet
  facet normal -0.248535 0.967986 0.0351238
    outer loop
      vertex -2.31763 7.13292 0
      vertex -1.63009 7.30938 0.00191317
      vertex -1.40536 7.36715 0
    endloop
  endfacet
  facet normal -0.248521 0.967908 0.0372863
    outer loop
      vertex -1.63009 7.30938 0.00191317
      vertex -2.31763 7.13292 0
      vertex -2.31756 7.13272 0.00565833
    endloop
  endfacet
  facet normal -0.262932 0.964082 0.0375788
    outer loop
      vertex -2.08562 6.41998 19.9927
      vertex -2.08595 6.41989 19.9927
      vertex -2.08586 6.41963 20
    endloop
  endfacet
  facet normal -0.843741 -0.535459 0.0372132
    outer loop
      vertex -6.5723 -3.61315 0
      vertex -6.31938 -4.01156 0.00178985
      vertex -6.57203 -3.61324 0.00482675
    endloop
  endfacet
  facet normal -0.843744 -0.535441 0.0374012
    outer loop
      vertex -6.31938 -4.01156 0.00178985
      vertex -6.1343 -4.30319 0.00204903
      vertex -6.08743 -4.25799 1.70649
    endloop
  endfacet
  facet normal -0.843673 -0.535407 0.0394323
    outer loop
      vertex -6.06763 -4.40839 0
      vertex -6.31938 -4.01156 0.00178985
      vertex -6.5723 -3.61315 0
    endloop
  endfacet
  facet normal -0.843645 -0.53543 0.0397351
    outer loop
      vertex -6.1343 -4.30319 0.00204903
      vertex -6.06763 -4.40839 0
      vertex -6.06753 -4.40832 0.00306642
    endloop
  endfacet
  facet normal -0.843755 -0.535448 0.0370599
    outer loop
      vertex -6.31938 -4.01156 0.00178985
      vertex -6.06763 -4.40839 0
      vertex -6.1343 -4.30319 0.00204903
    endloop
  endfacet
  facet normal -0.843739 -0.53545 0.0373991
    outer loop
      vertex -6.08743 -4.25799 1.70649
      vertex -5.89347 -3.82961 12.2155
      vertex -6.31938 -4.01156 0.00178985
    endloop
  endfacet
  facet normal -0.843725 -0.535471 0.0373997
    outer loop
      vertex -5.89347 -3.82961 12.2155
      vertex -6.08743 -4.25799 1.70649
      vertex -5.70539 -3.88958 15.5999
    endloop
  endfacet
  facet normal -0.844876 -0.533606 0.038075
    outer loop
      vertex -5.46086 -3.96755 20
      vertex -5.4614 -3.96738 19.9904
      vertex -5.46116 -3.96776 19.9904
    endloop
  endfacet
  facet normal -0.955176 0.293787 0.0364562
    outer loop
      vertex -6.9731 2.76084 0.00648942
      vertex -6.97332 2.76093 0
      vertex -6.97318 2.76058 0.00648861
    endloop
  endfacet
  facet normal -0.950393 0.308804 0.0373307
    outer loop
      vertex -6.53813 1.67915 19.991
      vertex -6.27599 2.48484 20
      vertex -6.27622 2.48493 19.9934
    endloop
  endfacet
  facet normal -0.950407 0.308813 0.0368773
    outer loop
      vertex -6.27599 2.48484 20
      vertex -6.53813 1.67915 19.991
      vertex -6.53794 1.67866 20
    endloop
  endfacet
  facet normal -0.769954 -0.636967 0.0379947
    outer loop
      vertex -4.92092 -4.62062 19.9933
      vertex -5.46086 -3.96755 20
      vertex -5.46116 -3.96776 19.9904
    endloop
  endfacet
  facet normal -0.769988 -0.636984 0.0370159
    outer loop
      vertex -5.46086 -3.96755 20
      vertex -4.92092 -4.62062 19.9933
      vertex -4.92054 -4.62069 20
    endloop
  endfacet
  facet normal -0.780342 -0.624091 0.0396947
    outer loop
      vertex -6.06753 -4.40832 0.00306642
      vertex -6.06763 -4.40839 0
      vertex -6.06745 -4.40842 0.00306688
    endloop
  endfacet
  facet normal -0.769981 0.636993 0.0370154
    outer loop
      vertex -5.46116 3.96776 19.9904
      vertex -4.92054 4.62069 20
      vertex -4.92092 4.62062 19.9933
    endloop
  endfacet
  facet normal -0.769959 0.636961 0.0379947
    outer loop
      vertex -4.92054 4.62069 20
      vertex -5.46116 3.96776 19.9904
      vertex -5.46086 3.96755 20
    endloop
  endfacet
  facet normal -0.780342 0.624091 0.0396947
    outer loop
      vertex -6.06745 4.40842 0.00306688
      vertex -6.06763 4.40839 0
      vertex -6.06753 4.40832 0.00306642
    endloop
  endfacet
  facet normal -0.587368 -0.808447 0.0375736
    outer loop
      vertex -4.78037 -5.77883 0.00527639
      vertex -4.78068 -5.77885 0
      vertex -4.30319 -6.12568 0.00182057
    endloop
  endfacet
  facet normal -0.587362 -0.80846 0.0373997
    outer loop
      vertex -4.02748 -6.32597 0.00224666
      vertex -3.90356 -5.71883 15.0728
      vertex -4.25593 -6.07756 1.78426
    endloop
  endfacet
  facet normal -0.587368 -0.808455 0.0373996
    outer loop
      vertex -3.90356 -5.71883 15.0728
      vertex -4.02748 -6.32597 0.00224666
      vertex -3.75665 -5.70878 17.5973
    endloop
  endfacet
  facet normal -0.587364 -0.808458 0.0373992
    outer loop
      vertex -4.02748 -6.32597 0.00224666
      vertex -4.25593 -6.07756 1.78426
      vertex -4.30319 -6.12568 0.00182057
    endloop
  endfacet
  facet normal -0.587353 -0.808424 0.0382962
    outer loop
      vertex -4.0187 -6.33246 0
      vertex -4.30319 -6.12568 0.00182057
      vertex -4.78068 -5.77885 0
    endloop
  endfacet
  facet normal -0.587273 -0.808392 0.0401504
    outer loop
      vertex -4.02748 -6.32597 0.00224666
      vertex -4.0187 -6.33246 0
      vertex -4.01865 -6.33238 0.00234207
    endloop
  endfacet
  facet normal -0.587308 -0.808376 0.0399691
    outer loop
      vertex -4.30319 -6.12568 0.00182057
      vertex -4.0187 -6.33246 0
      vertex -4.02748 -6.32597 0.00224666
    endloop
  endfacet
  facet normal -0.596275 -0.801887 0.0378486
    outer loop
      vertex -3.61683 -5.69921 20
      vertex -3.61743 -5.69925 19.9897
      vertex -3.61704 -5.69954 19.9897
    endloop
  endfacet
  facet normal 0.584901 -0.81024 0.0374355
    outer loop
      vertex 4.78055 -5.7787 0.0052777
      vertex 4.78037 -5.77883 0.00527639
      vertex 4.78068 -5.77885 0
    endloop
  endfacet
  facet normal 0.587367 -0.808439 0.0377576
    outer loop
      vertex 3.77321 -5.58613 19.9885
      vertex 4.30261 -5.20096 20
      vertex 3.61683 -5.69921 20
    endloop
  endfacet
  facet normal 0.587352 -0.808469 0.0373544
    outer loop
      vertex 3.71984 -5.6249 19.9886
      vertex 3.61683 -5.69921 20
      vertex 3.61743 -5.69925 19.9897
    endloop
  endfacet
  facet normal 0.587362 -0.808453 0.0375398
    outer loop
      vertex 3.77321 -5.58613 19.9885
      vertex 3.61683 -5.69921 20
      vertex 3.71984 -5.6249 19.9886
    endloop
  endfacet
  facet normal 0.587384 -0.808448 0.0373142
    outer loop
      vertex 4.30261 -5.20096 20
      vertex 3.77321 -5.58613 19.9885
      vertex 4.30279 -5.20118 19.9924
    endloop
  endfacet
  facet normal 0.587365 -0.808458 0.0374002
    outer loop
      vertex 3.74782 -5.68867 18.1707
      vertex 3.77321 -5.58613 19.9885
      vertex 3.71984 -5.6249 19.9886
    endloop
  endfacet
  facet normal 0.587394 -0.808437 0.0373986
    outer loop
      vertex 3.75665 -5.70878 17.5973
      vertex 3.77321 -5.58613 19.9885
      vertex 3.74782 -5.68867 18.1707
    endloop
  endfacet
  facet normal 0.58737 -0.808454 0.0373997
    outer loop
      vertex 3.77321 -5.58613 19.9885
      vertex 3.75665 -5.70878 17.5973
      vertex 3.90356 -5.71883 15.0728
    endloop
  endfacet
  facet normal -0.684097 -0.728479 0.0364659
    outer loop
      vertex -4.78068 -5.77885 0
      vertex -5.46709 -5.13394 0.00638551
      vertex -5.46726 -5.1341 0
    endloop
  endfacet
  facet normal -0.684062 -0.728454 0.0376012
    outer loop
      vertex -5.46709 -5.13394 0.00638551
      vertex -4.78068 -5.77885 0
      vertex -4.78072 -5.77854 0.00527797
    endloop
  endfacet
  facet normal -0.682196 -0.730211 0.0374138
    outer loop
      vertex -4.92054 -4.62069 20
      vertex -4.92072 -4.62086 19.9934
      vertex -4.92049 -4.62108 19.9933
    endloop
  endfacet
  facet normal -0.68485 -0.727716 0.0375519
    outer loop
      vertex -4.78055 -5.7787 0.0052777
      vertex -4.78072 -5.77854 0.00527797
      vertex -4.78068 -5.77885 0
    endloop
  endfacet
  facet normal -0.684092 -0.728441 0.0372966
    outer loop
      vertex -4.76609 -4.76609 19.9931
      vertex -4.92054 -4.62069 20
      vertex -4.92049 -4.62108 19.9933
    endloop
  endfacet
  facet normal -0.684041 -0.728436 0.0383241
    outer loop
      vertex -4.92054 -4.62069 20
      vertex -4.76609 -4.76609 19.9931
      vertex -4.30261 -5.20096 20
    endloop
  endfacet
  facet normal -0.68406 -0.728472 0.0372888
    outer loop
      vertex -4.30261 -5.20096 20
      vertex -4.76609 -4.76609 19.9931
      vertex -4.30279 -5.20118 19.9924
    endloop
  endfacet
  facet normal -0.955176 -0.293787 0.0364562
    outer loop
      vertex -6.97318 -2.76058 0.00648861
      vertex -6.97332 -2.76093 0
      vertex -6.9731 -2.76084 0.00648942
    endloop
  endfacet
  facet normal -0.950407 -0.308813 0.0368773
    outer loop
      vertex -6.53813 -1.67915 19.991
      vertex -6.27599 -2.48484 20
      vertex -6.53794 -1.67866 20
    endloop
  endfacet
  facet normal -0.950393 -0.308804 0.0373307
    outer loop
      vertex -6.27599 -2.48484 20
      vertex -6.53813 -1.67915 19.991
      vertex -6.27622 -2.48493 19.9934
    endloop
  endfacet
  facet normal -0.903091 -0.42785 0.0370174
    outer loop
      vertex -6.57223 -3.61288 0.00482843
      vertex -6.5723 -3.61315 0
      vertex -6.57214 -3.61307 0.00482807
    endloop
  endfacet
  facet normal -0.904195 -0.425465 0.0375518
    outer loop
      vertex -6.23103 -2.58098 19.9933
      vertex -6.27599 -2.48484 20
      vertex -6.27609 -2.48521 19.9934
    endloop
  endfacet
  facet normal -0.904184 -0.425473 0.0377461
    outer loop
      vertex -6.23103 -2.58098 19.9933
      vertex -5.91507 -3.25184 20
      vertex -6.27599 -2.48484 20
    endloop
  endfacet
  facet normal -0.904224 -0.425506 0.0363789
    outer loop
      vertex -5.91507 -3.25184 20
      vertex -6.23103 -2.58098 19.9933
      vertex -5.91533 -3.25198 19.9919
    endloop
  endfacet
  facet normal -0.584901 -0.81024 0.0374355
    outer loop
      vertex -4.78055 -5.7787 0.0052777
      vertex -4.78068 -5.77885 0
      vertex -4.78037 -5.77883 0.00527639
    endloop
  endfacet
  facet normal -0.587384 -0.808448 0.0373142
    outer loop
      vertex -3.77321 -5.58613 19.9885
      vertex -4.30261 -5.20096 20
      vertex -4.30279 -5.20118 19.9924
    endloop
  endfacet
  facet normal -0.587367 -0.808439 0.0377576
    outer loop
      vertex -4.30261 -5.20096 20
      vertex -3.77321 -5.58613 19.9885
      vertex -3.61683 -5.69921 20
    endloop
  endfacet
  facet normal -0.587352 -0.808469 0.0373544
    outer loop
      vertex -3.61683 -5.69921 20
      vertex -3.71984 -5.6249 19.9886
      vertex -3.61743 -5.69925 19.9897
    endloop
  endfacet
  facet normal -0.587362 -0.808453 0.0375398
    outer loop
      vertex -3.61683 -5.69921 20
      vertex -3.77321 -5.58613 19.9885
      vertex -3.71984 -5.6249 19.9886
    endloop
  endfacet
  facet normal -0.587365 -0.808458 0.0374002
    outer loop
      vertex -3.77321 -5.58613 19.9885
      vertex -3.74782 -5.68867 18.1707
      vertex -3.71984 -5.6249 19.9886
    endloop
  endfacet
  facet normal -0.587394 -0.808437 0.0373986
    outer loop
      vertex -3.77321 -5.58613 19.9885
      vertex -3.75665 -5.70878 17.5973
      vertex -3.74782 -5.68867 18.1707
    endloop
  endfacet
  facet normal -0.58737 -0.808454 0.0373997
    outer loop
      vertex -3.75665 -5.70878 17.5973
      vertex -3.77321 -5.58613 19.9885
      vertex -3.90356 -5.71883 15.0728
    endloop
  endfacet
  facet normal -0.844876 0.533606 0.038075
    outer loop
      vertex -5.46116 3.96776 19.9904
      vertex -5.4614 3.96738 19.9904
      vertex -5.46086 3.96755 20
    endloop
  endfacet
  facet normal -0.843645 0.53543 0.0397351
    outer loop
      vertex -6.06763 4.40839 0
      vertex -6.1343 4.30319 0.00204903
      vertex -6.06753 4.40832 0.00306642
    endloop
  endfacet
  facet normal -0.843744 0.535441 0.0374012
    outer loop
      vertex -6.1343 4.30319 0.00204903
      vertex -6.31938 4.01156 0.00178985
      vertex -6.08743 4.25799 1.70649
    endloop
  endfacet
  facet normal -0.843755 0.535448 0.0370599
    outer loop
      vertex -6.06763 4.40839 0
      vertex -6.31938 4.01156 0.00178985
      vertex -6.1343 4.30319 0.00204903
    endloop
  endfacet
  facet normal -0.843741 0.535459 0.0372132
    outer loop
      vertex -6.31938 4.01156 0.00178985
      vertex -6.5723 3.61315 0
      vertex -6.57203 3.61324 0.00482675
    endloop
  endfacet
  facet normal -0.843673 0.535407 0.0394323
    outer loop
      vertex -6.5723 3.61315 0
      vertex -6.31938 4.01156 0.00178985
      vertex -6.06763 4.40839 0
    endloop
  endfacet
  facet normal -0.843739 0.53545 0.0373991
    outer loop
      vertex -5.89347 3.82961 12.2155
      vertex -6.08743 4.25799 1.70649
      vertex -6.31938 4.01156 0.00178985
    endloop
  endfacet
  facet normal -0.843725 0.535471 0.0373997
    outer loop
      vertex -6.08743 4.25799 1.70649
      vertex -5.89347 3.82961 12.2155
      vertex -5.70539 3.88958 15.5999
    endloop
  endfacet
  facet normal 0.843775 -0.535466 0.0363391
    outer loop
      vertex 5.91507 -3.25184 20
      vertex 5.6224 -3.71381 19.9884
      vertex 5.91533 -3.25198 19.9919
    endloop
  endfacet
  facet normal 0.843807 -0.535342 0.0374016
    outer loop
      vertex 5.6224 -3.71381 19.9884
      vertex 5.58471 -3.77321 19.9885
      vertex 5.6884 -3.742 18.0959
    endloop
  endfacet
  facet normal 0.843745 -0.535464 0.0370485
    outer loop
      vertex 5.46086 -3.96755 20
      vertex 5.6224 -3.71381 19.9884
      vertex 5.91507 -3.25184 20
    endloop
  endfacet
  facet normal 0.8437 -0.535269 0.0407003
    outer loop
      vertex 5.6224 -3.71381 19.9884
      vertex 5.46086 -3.96755 20
      vertex 5.58471 -3.77321 19.9885
    endloop
  endfacet
  facet normal 0.843718 -0.535442 0.0379774
    outer loop
      vertex 5.58471 -3.77321 19.9885
      vertex 5.46086 -3.96755 20
      vertex 5.4614 -3.96738 19.9904
    endloop
  endfacet
  facet normal 0.843777 -0.535389 0.0373992
    outer loop
      vertex 5.70539 -3.88958 15.5999
      vertex 5.6884 -3.742 18.0959
      vertex 5.58471 -3.77321 19.9885
    endloop
  endfacet
  facet normal 0.843749 -0.535434 0.0374017
    outer loop
      vertex 5.6884 -3.742 18.0959
      vertex 5.70539 -3.88958 15.5999
      vertex 5.89347 -3.82961 12.2155
    endloop
  endfacet
  facet normal 0.838871 -0.543085 0.0367986
    outer loop
      vertex 6.57214 -3.61307 0.00482807
      vertex 6.57203 -3.61324 0.00482675
      vertex 6.5723 -3.61315 0
    endloop
  endfacet
  facet normal 0.985661 -0.164543 0.0373963
    outer loop
      vertex 7.4407 -0.939978 0.00430955
      vertex 7.44067 -0.940158 0.00430827
      vertex 7.44086 -0.939999 0
    endloop
  endfacet
  facet normal 0.981584 -0.187247 0.0378349
    outer loop
      vertex 6.69677 -0.845999 20
      vertex 6.6147 -1.27857 19.9884
      vertex 6.69709 -0.846039 19.9915
    endloop
  endfacet
  facet normal 0.981609 -0.187203 0.0373987
    outer loop
      vertex 6.82939 -1.44023 13.5442
      vertex 6.6147 -1.27857 19.9884
      vertex 6.60111 -1.34983 19.9884
    endloop
  endfacet
  facet normal 0.981659 -0.187212 0.0360208
    outer loop
      vertex 6.69677 -0.845999 20
      vertex 6.60111 -1.34983 19.9884
      vertex 6.6147 -1.27857 19.9884
    endloop
  endfacet
  facet normal 0.98159 -0.187238 0.037716
    outer loop
      vertex 6.53794 -1.67866 20
      vertex 6.60111 -1.34983 19.9884
      vertex 6.69677 -0.845999 20
    endloop
  endfacet
  facet normal 0.981637 -0.187302 0.0361508
    outer loop
      vertex 6.60111 -1.34983 19.9884
      vertex 6.53794 -1.67866 20
      vertex 6.53834 -1.67832 19.9909
    endloop
  endfacet
  facet normal 0.9816 -0.187248 0.0373996
    outer loop
      vertex 6.6147 -1.27857 19.9884
      vertex 6.82939 -1.44023 13.5442
      vertex 7.02041 -1.28396 9.31303
    endloop
  endfacet
  facet normal 0.997296 -0.0627496 0.0382498
    outer loop
      vertex 6.69677 -0.845999 20
      vertex 6.75023 -0.000306709 19.9935
      vertex 6.75 0 20
    endloop
  endfacet
  facet normal 0.997311 -0.0627537 0.0378412
    outer loop
      vertex 6.75023 -0.000306709 19.9935
      vertex 6.69677 -0.845999 20
      vertex 6.69709 -0.846039 19.9915
    endloop
  endfacet
  facet normal 0.997794 -0.054912 0.0373125
    outer loop
      vertex 7.44071 -0.939796 0.00430998
      vertex 7.4407 -0.939978 0.00430955
      vertex 7.44086 -0.939999 0
    endloop
  endfacet
  facet normal 0.248516 -0.967895 0.0376623
    outer loop
      vertex 1.34614 -6.61 19.9887
      vertex 2.08586 -6.41963 20
      vertex 1.26482 -6.63044 20
    endloop
  endfacet
  facet normal 0.248223 -0.967996 0.0370051
    outer loop
      vertex 1.28864 -6.62476 19.9888
      vertex 1.26482 -6.63044 20
      vertex 1.2649 -6.63084 19.989
    endloop
  endfacet
  facet normal 0.24852 -0.967893 0.0376877
    outer loop
      vertex 1.34614 -6.61 19.9887
      vertex 1.26482 -6.63044 20
      vertex 1.28864 -6.62476 19.9888
    endloop
  endfacet
  facet normal 0.248503 -0.967876 0.0382351
    outer loop
      vertex 2.08586 -6.41963 20
      vertex 1.34614 -6.61 19.9887
      vertex 2.08562 -6.41998 19.9927
    endloop
  endfacet
  facet normal 0.248522 -0.967904 0.0373998
    outer loop
      vertex 1.29215 -6.77372 16.1104
      vertex 1.34614 -6.61 19.9887
      vertex 1.28864 -6.62476 19.9888
    endloop
  endfacet
  facet normal 0.248529 -0.967902 0.0373996
    outer loop
      vertex 1.29215 -6.77372 16.1104
      vertex 1.56392 -7.14638 4.65998
      vertex 1.34614 -6.61 19.9887
    endloop
  endfacet
  facet normal 0.248514 -0.967906 0.0373994
    outer loop
      vertex 1.56392 -7.14638 4.65998
      vertex 1.29215 -6.77372 16.1104
      vertex 1.40536 -7.36715 0
    endloop
  endfacet
  facet normal -0.248521 -0.967908 0.0372863
    outer loop
      vertex -2.31756 -7.13272 0.00565833
      vertex -2.31763 -7.13292 0
      vertex -1.63009 -7.30938 0.00191317
    endloop
  endfacet
  facet normal -0.248478 -0.967915 0.037401
    outer loop
      vertex -1.6053 -7.2483 1.74744
      vertex -1.40536 -7.36715 0
      vertex -1.56392 -7.14638 4.65998
    endloop
  endfacet
  facet normal -0.248497 -0.967911 0.0373986
    outer loop
      vertex -1.63009 -7.30938 0.00191317
      vertex -1.40536 -7.36715 0
      vertex -1.6053 -7.2483 1.74744
    endloop
  endfacet
  facet normal -0.248535 -0.967986 0.0351238
    outer loop
      vertex -1.40536 -7.36715 0
      vertex -1.63009 -7.30938 0.00191317
      vertex -2.31763 -7.13292 0
    endloop
  endfacet
  facet normal -0.262932 -0.964082 0.0375788
    outer loop
      vertex -2.08586 -6.41963 20
      vertex -2.08595 -6.41989 19.9927
      vertex -2.08562 -6.41998 19.9927
    endloop
  endfacet
  facet normal -0.248503 -0.967876 0.0382351
    outer loop
      vertex -1.34614 -6.61 19.9887
      vertex -2.08586 -6.41963 20
      vertex -2.08562 -6.41998 19.9927
    endloop
  endfacet
  facet normal -0.248516 -0.967895 0.0376623
    outer loop
      vertex -2.08586 -6.41963 20
      vertex -1.34614 -6.61 19.9887
      vertex -1.26482 -6.63044 20
    endloop
  endfacet
  facet normal -0.248223 -0.967996 0.0370051
    outer loop
      vertex -1.26482 -6.63044 20
      vertex -1.28864 -6.62476 19.9888
      vertex -1.2649 -6.63084 19.989
    endloop
  endfacet
  facet normal -0.24852 -0.967893 0.0376877
    outer loop
      vertex -1.26482 -6.63044 20
      vertex -1.34614 -6.61 19.9887
      vertex -1.28864 -6.62476 19.9888
    endloop
  endfacet
  facet normal -0.248522 -0.967904 0.0373998
    outer loop
      vertex -1.34614 -6.61 19.9887
      vertex -1.29215 -6.77372 16.1104
      vertex -1.28864 -6.62476 19.9888
    endloop
  endfacet
  facet normal -0.248529 -0.967902 0.0373996
    outer loop
      vertex -1.56392 -7.14638 4.65998
      vertex -1.29215 -6.77372 16.1104
      vertex -1.34614 -6.61 19.9887
    endloop
  endfacet
  facet normal -0.248514 -0.967906 0.0373994
    outer loop
      vertex -1.29215 -6.77372 16.1104
      vertex -1.56392 -7.14638 4.65998
      vertex -1.40536 -7.36715 0
    endloop
  endfacet
  facet normal -0.904224 0.425506 0.0363789
    outer loop
      vertex -6.23103 2.58098 19.9933
      vertex -5.91507 3.25184 20
      vertex -5.91533 3.25198 19.9919
    endloop
  endfacet
  facet normal -0.904195 0.425465 0.0375518
    outer loop
      vertex -6.27599 2.48484 20
      vertex -6.23103 2.58098 19.9933
      vertex -6.27609 2.48521 19.9934
    endloop
  endfacet
  facet normal -0.904184 0.425473 0.0377461
    outer loop
      vertex -6.23103 2.58098 19.9933
      vertex -6.27599 2.48484 20
      vertex -5.91507 3.25184 20
    endloop
  endfacet
  facet normal -0.903091 0.42785 0.0370174
    outer loop
      vertex -6.57214 3.61307 0.00482807
      vertex -6.5723 3.61315 0
      vertex -6.57223 3.61288 0.00482843
    endloop
  endfacet
  facet normal -0.891007 -0.453989 0
    outer loop
      vertex 2.9245 0.950227 0
      vertex 2.48773 1.80744 7.999
      vertex 2.48773 1.80744 0
    endloop
  endfacet
  facet normal -0.891007 -0.453989 0
    outer loop
      vertex 2.48773 1.80744 7.999
      vertex 2.9245 0.950227 0
      vertex 2.9245 0.950227 7.999
    endloop
  endfacet
  facet normal -0.987689 -0.156433 0
    outer loop
      vertex 3.075 0 0
      vertex 2.9245 0.950227 7.999
      vertex 2.9245 0.950227 0
    endloop
  endfacet
  facet normal -0.987689 -0.156433 0
    outer loop
      vertex 2.9245 0.950227 7.999
      vertex 3.075 0 0
      vertex 3.075 0 7.999
    endloop
  endfacet
  facet normal -0.707107 -0.707107 0
    outer loop
      vertex 2.48773 1.80744 0
      vertex 1.80744 2.48773 7.999
      vertex 1.80744 2.48773 0
    endloop
  endfacet
  facet normal -0.707107 -0.707107 0
    outer loop
      vertex 1.80744 2.48773 7.999
      vertex 2.48773 1.80744 0
      vertex 2.48773 1.80744 7.999
    endloop
  endfacet
  facet normal -0.156433 -0.987689 0
    outer loop
      vertex 0 3.075 0
      vertex 0.950227 2.9245 7.999
      vertex 0 3.075 7.999
    endloop
  endfacet
  facet normal -0.156433 -0.987689 -0
    outer loop
      vertex 0.950227 2.9245 7.999
      vertex 0 3.075 0
      vertex 0.950227 2.9245 0
    endloop
  endfacet
  facet normal 0.987689 -0.156433 0
    outer loop
      vertex -3.075 0 7.999
      vertex -2.9245 0.950227 0
      vertex -2.9245 0.950227 7.999
    endloop
  endfacet
  facet normal 0.987689 -0.156433 0
    outer loop
      vertex -2.9245 0.950227 0
      vertex -3.075 0 7.999
      vertex -3.075 0 0
    endloop
  endfacet
  facet normal -0.891007 0.453989 0
    outer loop
      vertex 2.48773 -1.80744 0
      vertex 2.9245 -0.950227 7.999
      vertex 2.9245 -0.950227 0
    endloop
  endfacet
  facet normal -0.891007 0.453989 0
    outer loop
      vertex 2.9245 -0.950227 7.999
      vertex 2.48773 -1.80744 0
      vertex 2.48773 -1.80744 7.999
    endloop
  endfacet
  facet normal -0.453989 -0.891007 0
    outer loop
      vertex 0.950227 2.9245 0
      vertex 1.80744 2.48773 7.999
      vertex 0.950227 2.9245 7.999
    endloop
  endfacet
  facet normal -0.453989 -0.891007 -0
    outer loop
      vertex 1.80744 2.48773 7.999
      vertex 0.950227 2.9245 0
      vertex 1.80744 2.48773 0
    endloop
  endfacet
  facet normal 0.453989 -0.891007 0
    outer loop
      vertex -1.80744 2.48773 0
      vertex -0.950227 2.9245 7.999
      vertex -1.80744 2.48773 7.999
    endloop
  endfacet
  facet normal 0.453989 -0.891007 0
    outer loop
      vertex -0.950227 2.9245 7.999
      vertex -1.80744 2.48773 0
      vertex -0.950227 2.9245 0
    endloop
  endfacet
  facet normal 0.156433 0.987689 -0
    outer loop
      vertex 0 -3.075 0
      vertex -0.950227 -2.9245 7.999
      vertex 0 -3.075 7.999
    endloop
  endfacet
  facet normal 0.156433 0.987689 0
    outer loop
      vertex -0.950227 -2.9245 7.999
      vertex 0 -3.075 0
      vertex -0.950227 -2.9245 0
    endloop
  endfacet
  facet normal -0.707107 0.707107 0
    outer loop
      vertex 1.80744 -2.48773 0
      vertex 2.48773 -1.80744 7.999
      vertex 2.48773 -1.80744 0
    endloop
  endfacet
  facet normal -0.707107 0.707107 0
    outer loop
      vertex 2.48773 -1.80744 7.999
      vertex 1.80744 -2.48773 0
      vertex 1.80744 -2.48773 7.999
    endloop
  endfacet
  facet normal 0.891007 0.453989 0
    outer loop
      vertex -2.48773 -1.80744 7.999
      vertex -2.9245 -0.950227 0
      vertex -2.9245 -0.950227 7.999
    endloop
  endfacet
  facet normal 0.891007 0.453989 0
    outer loop
      vertex -2.9245 -0.950227 0
      vertex -2.48773 -1.80744 7.999
      vertex -2.48773 -1.80744 0
    endloop
  endfacet
  facet normal 0.156433 -0.987689 0
    outer loop
      vertex -0.950227 2.9245 0
      vertex 0 3.075 7.999
      vertex -0.950227 2.9245 7.999
    endloop
  endfacet
  facet normal 0.156433 -0.987689 0
    outer loop
      vertex 0 3.075 7.999
      vertex -0.950227 2.9245 0
      vertex 0 3.075 0
    endloop
  endfacet
  facet normal -0.453989 0.891007 0
    outer loop
      vertex 1.80744 -2.48773 0
      vertex 0.950227 -2.9245 7.999
      vertex 1.80744 -2.48773 7.999
    endloop
  endfacet
  facet normal -0.453989 0.891007 0
    outer loop
      vertex 0.950227 -2.9245 7.999
      vertex 1.80744 -2.48773 0
      vertex 0.950227 -2.9245 0
    endloop
  endfacet
  facet normal -0.156433 0.987689 0
    outer loop
      vertex 0.950227 -2.9245 0
      vertex 0 -3.075 7.999
      vertex 0.950227 -2.9245 7.999
    endloop
  endfacet
  facet normal -0.156433 0.987689 0
    outer loop
      vertex 0 -3.075 7.999
      vertex 0.950227 -2.9245 0
      vertex 0 -3.075 0
    endloop
  endfacet
  facet normal 0.987689 0.156433 0
    outer loop
      vertex -2.9245 -0.950227 7.999
      vertex -3.075 0 0
      vertex -3.075 0 7.999
    endloop
  endfacet
  facet normal 0.987689 0.156433 0
    outer loop
      vertex -3.075 0 0
      vertex -2.9245 -0.950227 7.999
      vertex -2.9245 -0.950227 0
    endloop
  endfacet
  facet normal 0.891007 -0.453989 0
    outer loop
      vertex -2.9245 0.950227 7.999
      vertex -2.48773 1.80744 0
      vertex -2.48773 1.80744 7.999
    endloop
  endfacet
  facet normal 0.891007 -0.453989 0
    outer loop
      vertex -2.48773 1.80744 0
      vertex -2.9245 0.950227 7.999
      vertex -2.9245 0.950227 0
    endloop
  endfacet
  facet normal 0.707107 -0.707107 0
    outer loop
      vertex -2.48773 1.80744 7.999
      vertex -1.80744 2.48773 0
      vertex -1.80744 2.48773 7.999
    endloop
  endfacet
  facet normal 0.707107 -0.707107 0
    outer loop
      vertex -1.80744 2.48773 0
      vertex -2.48773 1.80744 7.999
      vertex -2.48773 1.80744 0
    endloop
  endfacet
  facet normal 0 0 -1
    outer loop
      vertex 2.9245 -0.950227 7.999
      vertex 2.9245 0.950227 7.999
      vertex 3.075 0 7.999
    endloop
  endfacet
  facet normal 0 0 -1
    outer loop
      vertex 2.48773 -1.80744 7.999
      vertex 2.9245 0.950227 7.999
      vertex 2.9245 -0.950227 7.999
    endloop
  endfacet
  facet normal 0 0 -1
    outer loop
      vertex 2.48773 -1.80744 7.999
      vertex 2.48773 1.80744 7.999
      vertex 2.9245 0.950227 7.999
    endloop
  endfacet
  facet normal 0 0 -1
    outer loop
      vertex 1.80744 -2.48773 7.999
      vertex 2.48773 1.80744 7.999
      vertex 2.48773 -1.80744 7.999
    endloop
  endfacet
  facet normal 0 0 -1
    outer loop
      vertex 1.80744 -2.48773 7.999
      vertex 1.80744 2.48773 7.999
      vertex 2.48773 1.80744 7.999
    endloop
  endfacet
  facet normal 0 0 -1
    outer loop
      vertex 0.950227 -2.9245 7.999
      vertex 1.80744 2.48773 7.999
      vertex 1.80744 -2.48773 7.999
    endloop
  endfacet
  facet normal 0 0 -1
    outer loop
      vertex 0.950227 -2.9245 7.999
      vertex 0.950227 2.9245 7.999
      vertex 1.80744 2.48773 7.999
    endloop
  endfacet
  facet normal 0 0 -1
    outer loop
      vertex 0 -3.075 7.999
      vertex 0.950227 2.9245 7.999
      vertex 0.950227 -2.9245 7.999
    endloop
  endfacet
  facet normal 0 0 -1
    outer loop
      vertex 0 -3.075 7.999
      vertex 0 3.075 7.999
      vertex 0.950227 2.9245 7.999
    endloop
  endfacet
  facet normal 0 0 -1
    outer loop
      vertex -0.950227 -2.9245 7.999
      vertex 0 3.075 7.999
      vertex 0 -3.075 7.999
    endloop
  endfacet
  facet normal 0 0 -1
    outer loop
      vertex -0.950227 -2.9245 7.999
      vertex -0.950227 2.9245 7.999
      vertex 0 3.075 7.999
    endloop
  endfacet
  facet normal 0 0 -1
    outer loop
      vertex -1.80744 -2.48773 7.999
      vertex -0.950227 2.9245 7.999
      vertex -0.950227 -2.9245 7.999
    endloop
  endfacet
  facet normal 0 0 -1
    outer loop
      vertex -1.80744 -2.48773 7.999
      vertex -1.80744 2.48773 7.999
      vertex -0.950227 2.9245 7.999
    endloop
  endfacet
  facet normal 0 0 -1
    outer loop
      vertex -2.48773 -1.80744 7.999
      vertex -1.80744 2.48773 7.999
      vertex -1.80744 -2.48773 7.999
    endloop
  endfacet
  facet normal 0 0 -1
    outer loop
      vertex -2.48773 -1.80744 7.999
      vertex -2.48773 1.80744 7.999
      vertex -1.80744 2.48773 7.999
    endloop
  endfacet
  facet normal 0 0 -1
    outer loop
      vertex -2.9245 -0.950227 7.999
      vertex -2.48773 1.80744 7.999
      vertex -2.48773 -1.80744 7.999
    endloop
  endfacet
  facet normal 0 0 -1
    outer loop
      vertex -2.9245 -0.950227 7.999
      vertex -2.9245 0.950227 7.999
      vertex -2.48773 1.80744 7.999
    endloop
  endfacet
  facet normal 0 -0 -1
    outer loop
      vertex -2.9245 0.950227 7.999
      vertex -2.9245 -0.950227 7.999
      vertex -3.075 0 7.999
    endloop
  endfacet
  facet normal -0.987689 0.156433 0
    outer loop
      vertex 2.9245 -0.950227 0
      vertex 3.075 0 7.999
      vertex 3.075 0 0
    endloop
  endfacet
  facet normal -0.987689 0.156433 0
    outer loop
      vertex 3.075 0 7.999
      vertex 2.9245 -0.950227 0
      vertex 2.9245 -0.950227 7.999
    endloop
  endfacet
  facet normal 0.707107 0.707107 0
    outer loop
      vertex -1.80744 -2.48773 7.999
      vertex -2.48773 -1.80744 0
      vertex -2.48773 -1.80744 7.999
    endloop
  endfacet
  facet normal 0.707107 0.707107 0
    outer loop
      vertex -2.48773 -1.80744 0
      vertex -1.80744 -2.48773 7.999
      vertex -1.80744 -2.48773 0
    endloop
  endfacet
  facet normal 0.453989 0.891007 -0
    outer loop
      vertex -0.950227 -2.9245 0
      vertex -1.80744 -2.48773 7.999
      vertex -0.950227 -2.9245 7.999
    endloop
  endfacet
  facet normal 0.453989 0.891007 0
    outer loop
      vertex -1.80744 -2.48773 7.999
      vertex -0.950227 -2.9245 0
      vertex -1.80744 -2.48773 0
    endloop
  endfacet
endsolid OpenSCAD_Model
