solid OpenSCAD_Model
  facet normal -0.0499214 0.00349818 0.998747
    outer loop
      vertex 6.00087 -0.000570827 29.9818
      vertex 7.41336 0 30.0524
      vertex 6.00091 0 29.9818
    endloop
  endfacet
  facet normal -0.0499203 -5.69028e-05 0.998753
    outer loop
      vertex 5.95371 -0.752128 29.9794
      vertex 7.41336 0 30.0524
      vertex 6.00087 -0.000570827 29.9818
    endloop
  endfacet
  facet normal -0.0499915 8.1511e-05 0.99875
    outer loop
      vertex 7.41336 0 30.0524
      vertex 5.95371 -0.752128 29.9794
      vertex 6.18468 -1.23021 29.991
    endloop
  endfacet
  facet normal -0.0498785 0.000136237 0.998755
    outer loop
      vertex 6.18468 -1.23021 29.991
      vertex 5.95371 -0.752128 29.9794
      vertex 5.87448 -1.1685 29.9755
    endloop
  endfacet
  facet normal 0.706224 -0.707108 0.0353111
    outer loop
      vertex 6.32299 -1.25772 26.6739
      vertex 7.41336 0 30.0524
      vertex 6.18468 -1.23021 29.991
    endloop
  endfacet
  facet normal 0.706223 -0.707108 0.0353112
    outer loop
      vertex 7.41336 0 30.0524
      vertex 6.32299 -1.25772 26.6739
      vertex 8.91154 0 0.0888376
    endloop
  endfacet
  facet normal 0.706224 0.707108 0.0353111
    outer loop
      vertex 7.41336 0 30.0524
      vertex 6.32299 1.25772 26.6739
      vertex 6.18468 1.23021 29.991
    endloop
  endfacet
  facet normal 0.706223 0.707108 0.0353112
    outer loop
      vertex 6.32299 1.25772 26.6739
      vertex 7.41336 0 30.0524
      vertex 8.91154 0 0.0888376
    endloop
  endfacet
  facet normal -0.0499915 -8.1511e-05 0.99875
    outer loop
      vertex 5.95371 0.752128 29.9794
      vertex 7.41336 0 30.0524
      vertex 6.18468 1.23021 29.991
    endloop
  endfacet
  facet normal -0.0499214 -0.00349818 0.998747
    outer loop
      vertex 7.41336 0 30.0524
      vertex 6.00087 0.000570827 29.9818
      vertex 6.00091 0 29.9818
    endloop
  endfacet
  facet normal -0.0499203 5.69028e-05 0.998753
    outer loop
      vertex 7.41336 0 30.0524
      vertex 5.95371 0.752128 29.9794
      vertex 6.00087 0.000570827 29.9818
    endloop
  endfacet
  facet normal -0.0498785 -0.000136237 0.998755
    outer loop
      vertex 5.95371 0.752128 29.9794
      vertex 6.18468 1.23021 29.991
      vertex 5.87448 1.1685 29.9755
    endloop
  endfacet
  facet normal -0.70643 -0.706901 -0.0353266
    outer loop
      vertex 6.44807 -1.27642 18.2794
      vertex 7.10973 -1.41421 7.80534
      vertex 6.4148 -1.27598 18.9359
    endloop
  endfacet
  facet normal -0.706226 -0.707105 -0.035311
    outer loop
      vertex 7.23704 -1.28689 2.70953
      vertex 7.10973 -1.41421 7.80534
      vertex 6.44807 -1.27642 18.2794
    endloop
  endfacet
  facet normal -0.706214 -0.707118 -0.035311
    outer loop
      vertex 7.10973 -1.41421 7.80534
      vertex 7.23704 -1.28689 2.70953
      vertex 7.49909 -1.41421 0.0182152
    endloop
  endfacet
  facet normal -0.70643 0.706901 -0.0353266
    outer loop
      vertex 7.10973 1.41421 7.80534
      vertex 6.44807 1.27642 18.2794
      vertex 6.4148 1.27598 18.9359
    endloop
  endfacet
  facet normal -0.706226 0.707105 -0.035311
    outer loop
      vertex 7.10973 1.41421 7.80534
      vertex 7.23704 1.28689 2.70953
      vertex 6.44807 1.27642 18.2794
    endloop
  endfacet
  facet normal -0.706214 0.707118 -0.035311
    outer loop
      vertex 7.23704 1.28689 2.70953
      vertex 7.10973 1.41421 7.80534
      vertex 7.49909 1.41421 0.0182152
    endloop
  endfacet
  facet normal 0.706223 0.707109 0.0353111
    outer loop
      vertex 8.91154 0 0.0888376
      vertex 7.10973 1.41421 7.80535
      vertex 6.32299 1.25772 26.6739
    endloop
  endfacet
  facet normal 0.617417 0.786636 0
    outer loop
      vertex 7.10973 1.41421 7.80535
      vertex 8.91154 0 0.0888376
      vertex 7.10973 1.41421 7.80534
    endloop
  endfacet
  facet normal 0.706223 0.707108 0.0353115
    outer loop
      vertex 7.10973 1.41421 7.80534
      vertex 8.91154 0 0.0888376
      vertex 7.49909 1.41421 0.0182152
    endloop
  endfacet
  facet normal -0.706206 0.707125 -0.0353099
    outer loop
      vertex 7.37373 1.2887 0.0119475
      vertex 7.23704 1.28689 2.70953
      vertex 7.49909 1.41421 0.0182152
    endloop
  endfacet
  facet normal 0.0499375 0 -0.998752
    outer loop
      vertex 7.49909 -1.51581e-05 0.0182152
      vertex 8.91154 0 0.0888376
      vertex 7.49909 -1.41421 0.0182152
    endloop
  endfacet
  facet normal 0.0499375 0 -0.998752
    outer loop
      vertex 8.91154 0 0.0888376
      vertex 7.49909 -1.51581e-05 0.0182152
      vertex 7.49909 0 0.0182152
    endloop
  endfacet
  facet normal 0.0499375 0 -0.998752
    outer loop
      vertex 7.49909 1.51581e-05 0.0182152
      vertex 8.91154 0 0.0888376
      vertex 7.49909 0 0.0182152
    endloop
  endfacet
  facet normal 0.0499375 0 -0.998752
    outer loop
      vertex 8.91154 0 0.0888376
      vertex 7.49909 1.51581e-05 0.0182152
      vertex 7.49909 1.41421 0.0182152
    endloop
  endfacet
  facet normal 0.617417 -0.786636 0
    outer loop
      vertex 8.91154 0 0.0888376
      vertex 7.10973 -1.41421 7.80535
      vertex 7.10973 -1.41421 7.80534
    endloop
  endfacet
  facet normal 0.706223 -0.707109 0.0353111
    outer loop
      vertex 7.10973 -1.41421 7.80535
      vertex 8.91154 0 0.0888376
      vertex 6.32299 -1.25772 26.6739
    endloop
  endfacet
  facet normal 0.706223 -0.707108 0.0353115
    outer loop
      vertex 8.91154 0 0.0888376
      vertex 7.10973 -1.41421 7.80534
      vertex 7.49909 -1.41421 0.0182152
    endloop
  endfacet
  facet normal 0.0499393 0 -0.998752
    outer loop
      vertex 7.49909 -1.41421 0.0182152
      vertex 7.44013 -0.93952 0.0152671
      vertex 7.49909 -1.51581e-05 0.0182152
    endloop
  endfacet
  facet normal 0.0460846 -0.000479931 -0.998937
    outer loop
      vertex 7.49909 -1.41421 0.0182152
      vertex 7.4401 -0.939903 0.0152659
      vertex 7.44013 -0.93952 0.0152671
    endloop
  endfacet
  facet normal 0.0507885 0.000106517 -0.998709
    outer loop
      vertex 7.49909 -1.41421 0.0182152
      vertex 7.44003 -0.94028 0.0152623
      vertex 7.4401 -0.939903 0.0152659
    endloop
  endfacet
  facet normal 0.0499351 -9.9531e-08 -0.998752
    outer loop
      vertex 7.44003 -0.94028 0.0152623
      vertex 7.49909 -1.41421 0.0182152
      vertex 7.37373 -1.2887 0.0119475
    endloop
  endfacet
  facet normal 0.0499393 0 -0.998752
    outer loop
      vertex 7.44013 0.93952 0.0152671
      vertex 7.49909 1.41421 0.0182152
      vertex 7.49909 1.51581e-05 0.0182152
    endloop
  endfacet
  facet normal 0.0460846 0.000479931 -0.998937
    outer loop
      vertex 7.4401 0.939903 0.0152659
      vertex 7.49909 1.41421 0.0182152
      vertex 7.44013 0.93952 0.0152671
    endloop
  endfacet
  facet normal 0.0507885 -0.000106517 -0.998709
    outer loop
      vertex 7.44003 0.94028 0.0152623
      vertex 7.49909 1.41421 0.0182152
      vertex 7.4401 0.939903 0.0152659
    endloop
  endfacet
  facet normal 0.0499351 9.9531e-08 -0.998752
    outer loop
      vertex 7.49909 1.41421 0.0182152
      vertex 7.44003 0.94028 0.0152623
      vertex 7.37373 1.2887 0.0119475
    endloop
  endfacet
  facet normal -0.706206 -0.707125 -0.0353099
    outer loop
      vertex 7.49909 -1.41421 0.0182152
      vertex 7.23704 -1.28689 2.70953
      vertex 7.37373 -1.2887 0.0119475
    endloop
  endfacet
  facet normal -0.0461834 -0.0190697 0.998751
    outer loop
      vertex 5.81232 1.49304 29.9788
      vertex 6.18468 1.23021 29.991
      vertex 6.84905 2.83697 30.0524
    endloop
  endfacet
  facet normal -0.0461221 -0.0190182 0.998755
    outer loop
      vertex 6.18468 1.23021 29.991
      vertex 5.81265 1.49175 29.9788
      vertex 5.87448 1.1685 29.9755
    endloop
  endfacet
  facet normal -0.0376563 -0.00695193 0.999267
    outer loop
      vertex 6.18468 1.23021 29.991
      vertex 5.81253 1.4924 29.9788
      vertex 5.81265 1.49175 29.9788
    endloop
  endfacet
  facet normal -0.0425967 -0.0139771 0.998995
    outer loop
      vertex 6.18468 1.23021 29.991
      vertex 5.81232 1.49304 29.9788
      vertex 5.81253 1.4924 29.9788
    endloop
  endfacet
  facet normal -0.0461915 -0.0190635 0.998751
    outer loop
      vertex 6.84905 2.83697 30.0524
      vertex 5.57951 2.20908 29.9817
      vertex 5.81232 1.49304 29.9788
    endloop
  endfacet
  facet normal -0.0449355 -0.0216036 0.998756
    outer loop
      vertex 6.84905 2.83697 30.0524
      vertex 5.57926 2.2096 29.9817
      vertex 5.57951 2.20908 29.9817
    endloop
  endfacet
  facet normal -0.0461207 -0.0192041 0.998751
    outer loop
      vertex 6.84905 2.83697 30.0524
      vertex 5.25872 2.891 29.98
      vertex 5.57926 2.2096 29.9817
    endloop
  endfacet
  facet normal -0.0461178 -0.0191164 0.998753
    outer loop
      vertex 6.84905 2.83697 30.0524
      vertex 5.24312 3.50334 29.991
      vertex 5.25872 2.891 29.98
    endloop
  endfacet
  facet normal -0.0463648 -0.0191225 0.998742
    outer loop
      vertex 5.25872 2.891 29.98
      vertex 5.24312 3.50334 29.991
      vertex 4.98137 3.32844 29.9755
    endloop
  endfacet
  facet normal 0.0461362 0.0191102 -0.998752
    outer loop
      vertex 7.46945 1.56321 0.0182152
      vertex 6.38706 4.17634 0.0182152
      vertex 8.23319 3.4103 0.0888376
    endloop
  endfacet
  facet normal 0.381868 0.923542 0.035312
    outer loop
      vertex 6.84905 2.83697 30.0524
      vertex 5.36037 3.58169 26.6739
      vertex 5.24312 3.50334 29.991
    endloop
  endfacet
  facet normal 0.381869 0.923542 0.0353114
    outer loop
      vertex 5.36037 3.58169 26.6739
      vertex 6.84905 2.83697 30.0524
      vertex 8.23319 3.4103 0.0888376
    endloop
  endfacet
  facet normal 0.381867 0.923542 0.0353112
    outer loop
      vertex 8.23319 3.4103 0.0888376
      vertex 6.02734 4.02734 7.80536
      vertex 5.36037 3.58169 26.6739
    endloop
  endfacet
  facet normal 0.381867 0.923542 0.0353112
    outer loop
      vertex 6.02734 4.02734 7.80536
      vertex 8.23319 3.4103 0.0888376
      vertex 6.38706 4.17634 0.0182152
    endloop
  endfacet
  facet normal -0.382907 -0.92311 -0.0353706
    outer loop
      vertex 6.43074 1.2823 18.5984
      vertex 7.10973 1.41421 7.80534
      vertex 6.4148 1.27598 18.9359
    endloop
  endfacet
  facet normal -0.381881 -0.923537 -0.0353113
    outer loop
      vertex 7.30863 1.62994 0.0120633
      vertex 7.10973 1.41421 7.80534
      vertex 6.43074 1.2823 18.5984
    endloop
  endfacet
  facet normal -0.381861 -0.923545 -0.035311
    outer loop
      vertex 7.10973 1.41421 7.80534
      vertex 7.30863 1.62994 0.0120633
      vertex 7.46945 1.56321 0.0182152
    endloop
  endfacet
  facet normal 0.382681 -0.92388 0
    outer loop
      vertex 7.10973 1.41421 7.80534
      vertex 7.46945 1.56321 0.0182152
      vertex 7.10973 1.41421 7.80535
    endloop
  endfacet
  facet normal 0.0461348 0.0191096 -0.998752
    outer loop
      vertex 7.26367 1.86499 0.0144838
      vertex 7.46945 1.56321 0.0182152
      vertex 7.30863 1.62994 0.0120633
    endloop
  endfacet
  facet normal 0.0461344 0.0191092 -0.998752
    outer loop
      vertex 6.97262 2.76017 0.0181672
      vertex 7.46945 1.56321 0.0182152
      vertex 7.26367 1.86499 0.0144838
    endloop
  endfacet
  facet normal 0.0471605 0.0195352 -0.998696
    outer loop
      vertex 6.97248 2.7606 0.018169
      vertex 7.46945 1.56321 0.0182152
      vertex 6.97262 2.76017 0.0181672
    endloop
  endfacet
  facet normal 0.0462992 0.0191777 -0.998744
    outer loop
      vertex 6.97248 2.7606 0.018169
      vertex 6.38706 4.17634 0.0182152
      vertex 7.46945 1.56321 0.0182152
    endloop
  endfacet
  facet normal 0.0461349 0.0191097 -0.998752
    outer loop
      vertex 6.57177 3.61241 0.0159574
      vertex 6.38706 4.17634 0.0182152
      vertex 6.97248 2.7606 0.018169
    endloop
  endfacet
  facet normal 0.0448985 0.018705 -0.998816
    outer loop
      vertex 6.5716 3.61277 0.0159565
      vertex 6.38706 4.17634 0.0182152
      vertex 6.57177 3.61241 0.0159574
    endloop
  endfacet
  facet normal 0.0492136 0.0201171 -0.998586
    outer loop
      vertex 6.57139 3.61311 0.015953
      vertex 6.38706 4.17634 0.0182152
      vertex 6.5716 3.61277 0.0159565
    endloop
  endfacet
  facet normal 0.0461349 0.0191102 -0.998752
    outer loop
      vertex 6.38706 4.17634 0.0182152
      vertex 6.57139 3.61311 0.015953
      vertex 6.31886 4.0114 0.0119089
    endloop
  endfacet
  facet normal -0.923064 0.383022 -0.0353106
    outer loop
      vertex 6.31886 4.0114 0.0119089
      vertex 6.19297 3.95762 2.71947
      vertex 6.38706 4.17634 0.0182152
    endloop
  endfacet
  facet normal -0.923068 0.383012 -0.0353118
    outer loop
      vertex 6.19297 3.95762 2.71947
      vertex 6.02734 4.02734 7.80535
      vertex 6.38706 4.17634 0.0182152
    endloop
  endfacet
  facet normal -0.923065 0.38302 -0.0353118
    outer loop
      vertex 6.02734 4.02734 7.80535
      vertex 6.19297 3.95762 2.71947
      vertex 5.44442 3.63785 18.8184
    endloop
  endfacet
  facet normal -0.382681 0.92388 0
    outer loop
      vertex 6.38706 4.17634 0.0182152
      vertex 6.02734 4.02734 7.80535
      vertex 6.02734 4.02734 7.80536
    endloop
  endfacet
  facet normal 0.923064 -0.383022 0.0353113
    outer loop
      vertex 7.10973 1.41421 7.80535
      vertex 8.23319 3.4103 0.0888376
      vertex 6.84905 2.83697 30.0524
    endloop
  endfacet
  facet normal 0.923064 -0.383021 0.0353114
    outer loop
      vertex 8.23319 3.4103 0.0888376
      vertex 7.10973 1.41421 7.80535
      vertex 7.46945 1.56321 0.0182152
    endloop
  endfacet
  facet normal 0.923064 -0.383021 0.0353113
    outer loop
      vertex 6.84905 2.83697 30.0524
      vertex 6.32299 1.25772 26.6739
      vertex 7.10973 1.41421 7.80535
    endloop
  endfacet
  facet normal 0.923064 -0.383022 0.0353116
    outer loop
      vertex 6.84905 2.83697 30.0524
      vertex 6.18468 1.23021 29.991
      vertex 6.32299 1.25772 26.6739
    endloop
  endfacet
  facet normal -0.035368 -0.0352916 0.998751
    outer loop
      vertex 4.37485 4.10747 29.9816
      vertex 5.24312 3.50334 29.991
      vertex 5.24204 5.24204 30.0524
    endloop
  endfacet
  facet normal -0.0353753 -0.0355689 0.998741
    outer loop
      vertex 5.24312 3.50334 29.991
      vertex 4.85536 3.52677 29.9781
      vertex 4.98137 3.32844 29.9755
    endloop
  endfacet
  facet normal -0.0345495 -0.0216666 0.999168
    outer loop
      vertex 5.24312 3.50334 29.991
      vertex 4.85499 3.52736 29.9781
      vertex 4.85536 3.52677 29.9781
    endloop
  endfacet
  facet normal -0.0353799 -0.0353087 0.99875
    outer loop
      vertex 5.24312 3.50334 29.991
      vertex 4.37485 4.10747 29.9816
      vertex 4.85499 3.52736 29.9781
    endloop
  endfacet
  facet normal -0.0388241 -0.0326476 0.998713
    outer loop
      vertex 5.24204 5.24204 30.0524
      vertex 4.37448 4.10791 29.9816
      vertex 4.37485 4.10747 29.9816
    endloop
  endfacet
  facet normal -0.033851 -0.0364549 0.998762
    outer loop
      vertex 5.24204 5.24204 30.0524
      vertex 4.37406 4.1083 29.9816
      vertex 4.37448 4.10791 29.9816
    endloop
  endfacet
  facet normal -0.0352408 -0.0353902 0.998752
    outer loop
      vertex 5.24204 5.24204 30.0524
      vertex 3.82517 4.62383 29.9805
      vertex 4.37406 4.1083 29.9816
    endloop
  endfacet
  facet normal -0.0352917 -0.035274 0.998754
    outer loop
      vertex 3.50334 5.24312 29.991
      vertex 3.82517 4.62383 29.9805
      vertex 5.24204 5.24204 30.0524
    endloop
  endfacet
  facet normal -0.0194952 -0.0270766 0.999443
    outer loop
      vertex 3.82517 4.62383 29.9805
      vertex 3.50334 5.24312 29.991
      vertex 3.82467 4.62419 29.9805
    endloop
  endfacet
  facet normal -0.0353624 -0.0353027 0.998751
    outer loop
      vertex 3.82467 4.62419 29.9805
      vertex 3.50334 5.24312 29.991
      vertex 3.33008 4.98382 29.9757
    endloop
  endfacet
  facet normal -0.999376 0.000626242 -0.0353116
    outer loop
      vertex 4.20788 6.02873 2.69579
      vertex 4.02734 6.02734 7.80535
      vertex 4.30266 6.30266 0.0182152
    endloop
  endfacet
  facet normal -0.999376 0.000607399 -0.0353116
    outer loop
      vertex 3.95496 5.77125 9.84942
      vertex 4.02734 6.02734 7.80535
      vertex 4.20788 6.02873 2.69579
    endloop
  endfacet
  facet normal -0.999376 0.000598198 -0.0353127
    outer loop
      vertex 4.02734 6.02734 7.80535
      vertex 3.95496 5.77125 9.84942
      vertex 3.64618 5.4569 18.5828
    endloop
  endfacet
  facet normal -0.000626173 0.999376 0.0353103
    outer loop
      vertex 5.24204 5.24204 30.0524
      vertex 3.58169 5.36037 26.6739
      vertex 3.50334 5.24312 29.991
    endloop
  endfacet
  facet normal -0.00062834 0.999376 0.0353114
    outer loop
      vertex 5.24204 5.24204 30.0524
      vertex 4.02734 6.02734 7.80536
      vertex 3.58169 5.36037 26.6739
    endloop
  endfacet
  facet normal -0.000624333 0.999376 0.0353111
    outer loop
      vertex 6.30141 6.30141 0.0888376
      vertex 4.02734 6.02734 7.80536
      vertex 5.24204 5.24204 30.0524
    endloop
  endfacet
  facet normal -0.119654 0.992816 0
    outer loop
      vertex 4.02734 6.02734 7.80536
      vertex 6.30141 6.30141 0.0888376
      vertex 4.02734 6.02734 7.80535
    endloop
  endfacet
  facet normal -0.000622677 0.999376 0.0353117
    outer loop
      vertex 4.02734 6.02734 7.80535
      vertex 6.30141 6.30141 0.0888376
      vertex 4.30266 6.30266 0.0182152
    endloop
  endfacet
  facet normal 0.0353113 0.0353113 -0.998752
    outer loop
      vertex 6.30266 4.30266 0.0182152
      vertex 4.30266 6.30266 0.0182152
      vertex 6.30141 6.30141 0.0888376
    endloop
  endfacet
  facet normal 0.000631815 -0.999376 -0.0353107
    outer loop
      vertex 6.03935 4.21155 2.59199
      vertex 6.02734 4.02734 7.80535
      vertex 5.44442 3.63785 18.8184
    endloop
  endfacet
  facet normal 0.000651078 -0.999376 -0.0353107
    outer loop
      vertex 6.02734 4.02734 7.80535
      vertex 6.03935 4.21155 2.59199
      vertex 6.30266 4.30266 0.0182152
    endloop
  endfacet
  facet normal 0.0353099 0.0353096 -0.998752
    outer loop
      vertex 6.06708 4.40799 0.0136103
      vertex 6.30266 4.30266 0.0182152
      vertex 6.13394 4.30276 0.0122538
    endloop
  endfacet
  facet normal 0.0358215 0.0364563 -0.998693
    outer loop
      vertex 6.06686 4.40825 0.0136119
      vertex 6.30266 4.30266 0.0182152
      vertex 6.06708 4.40799 0.0136103
    endloop
  endfacet
  facet normal 0.0353087 0.0353087 -0.998753
    outer loop
      vertex 5.46661 5.13349 0.0180306
      vertex 6.30266 4.30266 0.0182152
      vertex 6.06686 4.40825 0.0136119
    endloop
  endfacet
  facet normal 0.0353198 0.0353198 -0.998752
    outer loop
      vertex 5.46661 5.13349 0.0180306
      vertex 4.30266 6.30266 0.0182152
      vertex 6.30266 4.30266 0.0182152
    endloop
  endfacet
  facet normal 0.0353124 0.0353125 -0.998752
    outer loop
      vertex 4.78046 5.77793 0.0165559
      vertex 4.30266 6.30266 0.0182152
      vertex 5.46661 5.13349 0.0180306
    endloop
  endfacet
  facet normal 0.0269667 0.0277147 -0.999252
    outer loop
      vertex 4.78015 5.77821 0.0165553
      vertex 4.30266 6.30266 0.0182152
      vertex 4.78046 5.77793 0.0165559
    endloop
  endfacet
  facet normal 0.0353119 0.0353111 -0.998752
    outer loop
      vertex 4.30266 6.30266 0.0182152
      vertex 4.78015 5.77821 0.0165553
      vertex 4.30277 6.12534 0.0119499
    endloop
  endfacet
  facet normal 0.999376 -0.000624333 0.0353111
    outer loop
      vertex 6.02734 4.02734 7.80536
      vertex 6.30141 6.30141 0.0888376
      vertex 5.24204 5.24204 30.0524
    endloop
  endfacet
  facet normal 0.992816 -0.119654 0
    outer loop
      vertex 6.02734 4.02734 7.80535
      vertex 6.30141 6.30141 0.0888376
      vertex 6.02734 4.02734 7.80536
    endloop
  endfacet
  facet normal 0.999376 -0.00062834 0.0353114
    outer loop
      vertex 5.24204 5.24204 30.0524
      vertex 5.36037 3.58169 26.6739
      vertex 6.02734 4.02734 7.80536
    endloop
  endfacet
  facet normal 0.999376 -0.000626173 0.0353103
    outer loop
      vertex 5.24204 5.24204 30.0524
      vertex 5.24312 3.50334 29.991
      vertex 5.36037 3.58169 26.6739
    endloop
  endfacet
  facet normal 0.999376 -0.000622677 0.0353117
    outer loop
      vertex 6.30141 6.30141 0.0888376
      vertex 6.02734 4.02734 7.80535
      vertex 6.30266 4.30266 0.0182152
    endloop
  endfacet
  facet normal 0.000655292 -0.999376 -0.0353102
    outer loop
      vertex 6.30266 4.30266 0.0182152
      vertex 6.03935 4.21155 2.59199
      vertex 6.13394 4.30276 0.0122538
    endloop
  endfacet
  facet normal -0.999376 0.000627708 -0.0353114
    outer loop
      vertex 4.30277 6.12534 0.0119499
      vertex 4.20788 6.02873 2.69579
      vertex 4.30266 6.30266 0.0182152
    endloop
  endfacet
  facet normal -0.019403 -0.0459668 0.998755
    outer loop
      vertex 3.50334 5.24312 29.991
      vertex 3.21557 5.06692 29.9773
      vertex 3.33008 4.98382 29.9757
    endloop
  endfacet
  facet normal -0.0191929 -0.0461495 0.99875
    outer loop
      vertex 2.55558 5.42952 29.9814
      vertex 3.50334 5.24312 29.991
      vertex 2.83697 6.84905 30.0524
    endloop
  endfacet
  facet normal -0.0192166 -0.0462703 0.998744
    outer loop
      vertex 3.50334 5.24312 29.991
      vertex 2.55558 5.42952 29.9814
      vertex 3.21557 5.06692 29.9773
    endloop
  endfacet
  facet normal 0.14987 -0.079002 0.985544
    outer loop
      vertex 2.83697 6.84905 30.0524
      vertex 2.55507 5.4298 29.9815
      vertex 2.55558 5.42952 29.9814
    endloop
  endfacet
  facet normal -0.0191099 -0.046098 0.998754
    outer loop
      vertex 2.83697 6.84905 30.0524
      vertex 1.85496 5.70703 29.9809
      vertex 2.55507 5.4298 29.9815
    endloop
  endfacet
  facet normal -0.0183621 -0.04674 0.998738
    outer loop
      vertex 2.83697 6.84905 30.0524
      vertex 1.8544 5.70725 29.9809
      vertex 1.85496 5.70703 29.9809
    endloop
  endfacet
  facet normal -0.0130443 -0.0513074 0.998598
    outer loop
      vertex 2.83697 6.84905 30.0524
      vertex 1.85381 5.7074 29.9809
      vertex 1.8544 5.70725 29.9809
    endloop
  endfacet
  facet normal -0.0191053 -0.0460976 0.998754
    outer loop
      vertex 1.23021 6.18468 29.991
      vertex 1.85381 5.7074 29.9809
      vertex 2.83697 6.84905 30.0524
    endloop
  endfacet
  facet normal -0.0191853 -0.046202 0.998748
    outer loop
      vertex 1.85381 5.7074 29.9809
      vertex 1.23021 6.18468 29.991
      vertex 1.17023 5.88317 29.9759
    endloop
  endfacet
  facet normal -0.923541 -0.381871 -0.0353117
    outer loop
      vertex 1.5045 7.00021 6.62822
      vertex 1.56321 7.46945 0.0182152
      vertex 1.62983 7.3089 0.0120734
    endloop
  endfacet
  facet normal -0.923545 -0.38186 -0.0353109
    outer loop
      vertex 1.56321 7.46945 0.0182152
      vertex 1.5045 7.00021 6.62822
      vertex 1.41421 7.10973 7.80535
    endloop
  endfacet
  facet normal -0.923545 -0.381861 -0.0353108
    outer loop
      vertex 1.41421 7.10973 7.80535
      vertex 1.5045 7.00021 6.62822
      vertex 1.28478 6.45905 18.2272
    endloop
  endfacet
  facet normal 0.980785 -0.195093 0
    outer loop
      vertex 1.41421 7.10973 7.80535
      vertex 1.28478 6.45905 18.2272
      vertex 1.41421 7.10973 7.80534
    endloop
  endfacet
  facet normal -0.383022 0.923064 0.0353116
    outer loop
      vertex 2.83697 6.84905 30.0524
      vertex 1.25772 6.32299 26.6739
      vertex 1.23021 6.18468 29.991
    endloop
  endfacet
  facet normal -0.383021 0.923064 0.0353113
    outer loop
      vertex 2.83697 6.84905 30.0524
      vertex 1.41421 7.10973 7.80535
      vertex 1.25772 6.32299 26.6739
    endloop
  endfacet
  facet normal -0.383022 0.923064 0.0353113
    outer loop
      vertex 3.4103 8.23319 0.0888376
      vertex 1.41421 7.10973 7.80535
      vertex 2.83697 6.84905 30.0524
    endloop
  endfacet
  facet normal -0.383021 0.923064 0.0353114
    outer loop
      vertex 1.41421 7.10973 7.80535
      vertex 3.4103 8.23319 0.0888376
      vertex 1.56321 7.46945 0.0182152
    endloop
  endfacet
  facet normal 0.923542 0.381869 0.0353114
    outer loop
      vertex 2.83697 6.84905 30.0524
      vertex 3.58169 5.36037 26.6739
      vertex 3.4103 8.23319 0.0888376
    endloop
  endfacet
  facet normal 0.923542 0.381868 0.035312
    outer loop
      vertex 3.58169 5.36037 26.6739
      vertex 2.83697 6.84905 30.0524
      vertex 3.50334 5.24312 29.991
    endloop
  endfacet
  facet normal 0.92388 -0.382681 0
    outer loop
      vertex 4.02734 6.02734 7.80535
      vertex 4.17634 6.38706 0.0182152
      vertex 4.02734 6.02734 7.80536
    endloop
  endfacet
  facet normal 0.383042 -0.923056 -0.0353106
    outer loop
      vertex 4.17634 6.38706 0.0182152
      vertex 4.02734 6.02734 7.80535
      vertex 3.97655 6.20976 2.48574
    endloop
  endfacet
  facet normal 0.383024 -0.923063 -0.0353107
    outer loop
      vertex 3.64618 5.4569 18.5828
      vertex 3.97655 6.20976 2.48574
      vertex 4.02734 6.02734 7.80535
    endloop
  endfacet
  facet normal 0.382993 -0.923076 -0.035316
    outer loop
      vertex 4.01462 6.29653 0.630641
      vertex 4.17634 6.38706 0.0182152
      vertex 3.97655 6.20976 2.48574
    endloop
  endfacet
  facet normal 0.383067 -0.923046 -0.0352921
    outer loop
      vertex 4.17634 6.38706 0.0182152
      vertex 4.01462 6.29653 0.630641
      vertex 4.02731 6.32543 0.012517
    endloop
  endfacet
  facet normal 0.0191219 0.0461036 -0.998754
    outer loop
      vertex 4.01862 6.33174 0.0126419
      vertex 4.17634 6.38706 0.0182152
      vertex 4.02731 6.32543 0.012517
    endloop
  endfacet
  facet normal 0.0186444 0.0474596 -0.998699
    outer loop
      vertex 4.01836 6.33192 0.0126456
      vertex 4.17634 6.38706 0.0182152
      vertex 4.01862 6.33174 0.0126419
    endloop
  endfacet
  facet normal 0.0194254 0.0452308 -0.998788
    outer loop
      vertex 4.01808 6.33208 0.0126474
      vertex 4.17634 6.38706 0.0182152
      vertex 4.01836 6.33192 0.0126456
    endloop
  endfacet
  facet normal 0.01911 0.0461352 -0.998752
    outer loop
      vertex 3.19297 6.7854 0.0178
      vertex 4.17634 6.38706 0.0182152
      vertex 4.01808 6.33208 0.0126474
    endloop
  endfacet
  facet normal 0.0191088 0.0461328 -0.998753
    outer loop
      vertex 1.56321 7.46945 0.0182152
      vertex 3.19255 6.78556 0.0177996
      vertex 2.31736 7.13211 0.0170622
    endloop
  endfacet
  facet normal 0.0191197 0.0461592 -0.998751
    outer loop
      vertex 3.19297 6.7854 0.0178
      vertex 1.56321 7.46945 0.0182152
      vertex 4.17634 6.38706 0.0182152
    endloop
  endfacet
  facet normal 0.0128058 0.0311168 -0.999434
    outer loop
      vertex 3.19255 6.78556 0.0177996
      vertex 1.56321 7.46945 0.0182152
      vertex 3.19297 6.7854 0.0178
    endloop
  endfacet
  facet normal 0.0191106 0.0461369 -0.998752
    outer loop
      vertex 1.56321 7.46945 0.0182152
      vertex 2.31736 7.13211 0.0170622
      vertex 1.62983 7.3089 0.0120734
    endloop
  endfacet
  facet normal 0.0191102 0.0461362 -0.998752
    outer loop
      vertex 4.17634 6.38706 0.0182152
      vertex 1.56321 7.46945 0.0182152
      vertex 3.4103 8.23319 0.0888376
    endloop
  endfacet
  facet normal 0.923542 0.381867 0.0353112
    outer loop
      vertex 3.4103 8.23319 0.0888376
      vertex 4.02734 6.02734 7.80536
      vertex 4.17634 6.38706 0.0182152
    endloop
  endfacet
  facet normal 0.923542 0.381867 0.0353112
    outer loop
      vertex 4.02734 6.02734 7.80536
      vertex 3.4103 8.23319 0.0888376
      vertex 3.58169 5.36037 26.6739
    endloop
  endfacet
  facet normal 0.000281615 -0.0500745 0.998745
    outer loop
      vertex 1.23021 6.18468 29.991
      vertex 1.12451 5.89488 29.9765
      vertex 1.17023 5.88317 29.9759
    endloop
  endfacet
  facet normal -0.00589633 -0.0478258 0.998838
    outer loop
      vertex 1.23021 6.18468 29.991
      vertex 1.12378 5.89497 29.9765
      vertex 1.12451 5.89488 29.9765
    endloop
  endfacet
  facet normal -1.43267e-05 -0.0499822 0.99875
    outer loop
      vertex 1.23021 6.18468 29.991
      vertex 0.376801 5.9891 29.9812
      vertex 1.12378 5.89497 29.9765
    endloop
  endfacet
  facet normal -2.51414e-05 -0.0499352 0.998752
    outer loop
      vertex 1.23021 6.18468 29.991
      vertex 0 7.41336 30.0524
      vertex 0.376801 5.9891 29.9812
    endloop
  endfacet
  facet normal 0 -0.0499285 0.998753
    outer loop
      vertex 0.376801 5.9891 29.9812
      vertex 0 7.41336 30.0524
      vertex 0 5.9891 29.9812
    endloop
  endfacet
  facet normal 0.707108 0.706223 0.0353112
    outer loop
      vertex 0 7.41336 30.0524
      vertex 1.25772 6.32299 26.6739
      vertex 0 8.91154 0.0888376
    endloop
  endfacet
  facet normal 0.707108 0.706224 0.0353111
    outer loop
      vertex 1.25772 6.32299 26.6739
      vertex 0 7.41336 30.0524
      vertex 1.23021 6.18468 29.991
    endloop
  endfacet
  facet normal -0.707108 0.706223 0.0353112
    outer loop
      vertex -1.25772 6.32299 26.6739
      vertex 0 7.41336 30.0524
      vertex 0 8.91154 0.0888376
    endloop
  endfacet
  facet normal -0.707108 0.706224 0.0353111
    outer loop
      vertex 0 7.41336 30.0524
      vertex -1.25772 6.32299 26.6739
      vertex -1.23021 6.18468 29.991
    endloop
  endfacet
  facet normal 0 -0.0499285 0.998753
    outer loop
      vertex 0 7.41336 30.0524
      vertex -0.376801 5.9891 29.9812
      vertex 0 5.9891 29.9812
    endloop
  endfacet
  facet normal 2.51414e-05 -0.0499352 0.998752
    outer loop
      vertex -1.23021 6.18468 29.991
      vertex -0.376801 5.9891 29.9812
      vertex 0 7.41336 30.0524
    endloop
  endfacet
  facet normal 1.43267e-05 -0.0499822 0.99875
    outer loop
      vertex -0.376801 5.9891 29.9812
      vertex -1.23021 6.18468 29.991
      vertex -1.12378 5.89497 29.9765
    endloop
  endfacet
  facet normal 0.00589633 -0.0478258 0.998838
    outer loop
      vertex -1.12378 5.89497 29.9765
      vertex -1.23021 6.18468 29.991
      vertex -1.12451 5.89488 29.9765
    endloop
  endfacet
  facet normal -0.000281615 -0.0500745 0.998745
    outer loop
      vertex -1.12451 5.89488 29.9765
      vertex -1.23021 6.18468 29.991
      vertex -1.17023 5.88317 29.9759
    endloop
  endfacet
  facet normal 0.707094 -0.706237 -0.0353122
    outer loop
      vertex 1.41421 7.10973 7.80534
      vertex 1.29473 7.25319 2.54369
      vertex 1.41421 7.49909 0.0182152
    endloop
  endfacet
  facet normal 0.707113 -0.706218 -0.0353121
    outer loop
      vertex 1.41421 7.10973 7.80534
      vertex 1.29222 6.77403 12.0763
      vertex 1.29473 7.25319 2.54369
    endloop
  endfacet
  facet normal 0.707166 -0.706166 -0.0353065
    outer loop
      vertex 1.29222 6.77403 12.0763
      vertex 1.41421 7.10973 7.80534
      vertex 1.28478 6.45905 18.2272
    endloop
  endfacet
  facet normal -0.707094 -0.706237 -0.0353122
    outer loop
      vertex -1.29473 7.25319 2.54369
      vertex -1.41421 7.10973 7.80534
      vertex -1.41421 7.49909 0.0182152
    endloop
  endfacet
  facet normal -0.707113 -0.706218 -0.0353121
    outer loop
      vertex -1.29222 6.77403 12.0763
      vertex -1.41421 7.10973 7.80534
      vertex -1.29473 7.25319 2.54369
    endloop
  endfacet
  facet normal -0.707166 -0.706166 -0.0353065
    outer loop
      vertex -1.41421 7.10973 7.80534
      vertex -1.29222 6.77403 12.0763
      vertex -1.28478 6.45905 18.2272
    endloop
  endfacet
  facet normal -0.707108 0.706223 0.0353115
    outer loop
      vertex -1.41421 7.10973 7.80534
      vertex 0 8.91154 0.0888376
      vertex -1.41421 7.49909 0.0182152
    endloop
  endfacet
  facet normal -0.786636 0.617417 0
    outer loop
      vertex -1.41421 7.10973 7.80535
      vertex 0 8.91154 0.0888376
      vertex -1.41421 7.10973 7.80534
    endloop
  endfacet
  facet normal -0.707109 0.706223 0.0353111
    outer loop
      vertex 0 8.91154 0.0888376
      vertex -1.41421 7.10973 7.80535
      vertex -1.25772 6.32299 26.6739
    endloop
  endfacet
  facet normal -0.707102 -0.70623 -0.0353112
    outer loop
      vertex -1.29473 7.25319 2.54369
      vertex -1.41421 7.49909 0.0182152
      vertex -1.2954 7.38043 0.0122822
    endloop
  endfacet
  facet normal 0 0.0499375 -0.998752
    outer loop
      vertex 1.41421 7.49909 0.0182152
      vertex -1.41421 7.49909 0.0182152
      vertex 0 8.91154 0.0888376
    endloop
  endfacet
  facet normal 0.707108 0.706223 0.0353115
    outer loop
      vertex 0 8.91154 0.0888376
      vertex 1.41421 7.10973 7.80534
      vertex 1.41421 7.49909 0.0182152
    endloop
  endfacet
  facet normal 0.786636 0.617417 0
    outer loop
      vertex 0 8.91154 0.0888376
      vertex 1.41421 7.10973 7.80535
      vertex 1.41421 7.10973 7.80534
    endloop
  endfacet
  facet normal 0.707109 0.706223 0.0353111
    outer loop
      vertex 1.41421 7.10973 7.80535
      vertex 0 8.91154 0.0888376
      vertex 1.25772 6.32299 26.6739
    endloop
  endfacet
  facet normal -2.15234e-07 0.0499378 -0.998752
    outer loop
      vertex 0.471309 7.48427 0.0174744
      vertex 1.41421 7.49909 0.0182152
      vertex 1.2954 7.38043 0.0122822
    endloop
  endfacet
  facet normal 4.6779e-05 0.0469551 -0.998897
    outer loop
      vertex 0.470873 7.48433 0.0174772
      vertex 1.41421 7.49909 0.0182152
      vertex 0.471309 7.48427 0.0174744
    endloop
  endfacet
  facet normal 0 0.0499376 -0.998752
    outer loop
      vertex -0.470873 7.48433 0.0174772
      vertex 1.41421 7.49909 0.0182152
      vertex 0.470873 7.48433 0.0174772
    endloop
  endfacet
  facet normal 0 0.0499376 -0.998752
    outer loop
      vertex -0.470873 7.48433 0.0174772
      vertex -1.41421 7.49909 0.0182152
      vertex 1.41421 7.49909 0.0182152
    endloop
  endfacet
  facet normal -4.6779e-05 0.0469551 -0.998897
    outer loop
      vertex -0.471309 7.48427 0.0174744
      vertex -1.41421 7.49909 0.0182152
      vertex -0.470873 7.48433 0.0174772
    endloop
  endfacet
  facet normal 2.15234e-07 0.0499378 -0.998752
    outer loop
      vertex -1.41421 7.49909 0.0182152
      vertex -0.471309 7.48427 0.0174744
      vertex -1.2954 7.38043 0.0122822
    endloop
  endfacet
  facet normal 0.707102 -0.70623 -0.0353112
    outer loop
      vertex 1.41421 7.49909 0.0182152
      vertex 1.29473 7.25319 2.54369
      vertex 1.2954 7.38043 0.0122822
    endloop
  endfacet
  facet normal 0.0191853 -0.046202 0.998748
    outer loop
      vertex -1.23021 6.18468 29.991
      vertex -1.85381 5.7074 29.9809
      vertex -1.17023 5.88317 29.9759
    endloop
  endfacet
  facet normal 0.0191053 -0.0460976 0.998754
    outer loop
      vertex -2.83697 6.84905 30.0524
      vertex -1.85381 5.7074 29.9809
      vertex -1.23021 6.18468 29.991
    endloop
  endfacet
  facet normal 0.0130443 -0.0513074 0.998598
    outer loop
      vertex -1.85381 5.7074 29.9809
      vertex -2.83697 6.84905 30.0524
      vertex -1.8544 5.70725 29.9809
    endloop
  endfacet
  facet normal 0.0183621 -0.04674 0.998738
    outer loop
      vertex -1.8544 5.70725 29.9809
      vertex -2.83697 6.84905 30.0524
      vertex -1.85496 5.70703 29.9809
    endloop
  endfacet
  facet normal 0.0191099 -0.046098 0.998754
    outer loop
      vertex -1.85496 5.70703 29.9809
      vertex -2.83697 6.84905 30.0524
      vertex -2.55507 5.4298 29.9815
    endloop
  endfacet
  facet normal -0.14987 -0.079002 0.985544
    outer loop
      vertex -2.55507 5.4298 29.9815
      vertex -2.83697 6.84905 30.0524
      vertex -2.55558 5.42952 29.9814
    endloop
  endfacet
  facet normal 0.0191929 -0.0461495 0.99875
    outer loop
      vertex -3.50334 5.24312 29.991
      vertex -2.55558 5.42952 29.9814
      vertex -2.83697 6.84905 30.0524
    endloop
  endfacet
  facet normal 0.0192166 -0.0462703 0.998744
    outer loop
      vertex -2.55558 5.42952 29.9814
      vertex -3.50334 5.24312 29.991
      vertex -3.21557 5.06692 29.9773
    endloop
  endfacet
  facet normal 0.019403 -0.0459668 0.998755
    outer loop
      vertex -3.21557 5.06692 29.9773
      vertex -3.50334 5.24312 29.991
      vertex -3.33008 4.98382 29.9757
    endloop
  endfacet
  facet normal -0.0191102 0.0461362 -0.998752
    outer loop
      vertex -1.56321 7.46945 0.0182152
      vertex -4.17634 6.38706 0.0182152
      vertex -3.4103 8.23319 0.0888376
    endloop
  endfacet
  facet normal -0.923542 0.381869 0.0353114
    outer loop
      vertex -3.58169 5.36037 26.6739
      vertex -2.83697 6.84905 30.0524
      vertex -3.4103 8.23319 0.0888376
    endloop
  endfacet
  facet normal -0.923542 0.381868 0.035312
    outer loop
      vertex -2.83697 6.84905 30.0524
      vertex -3.58169 5.36037 26.6739
      vertex -3.50334 5.24312 29.991
    endloop
  endfacet
  facet normal -0.923542 0.381867 0.0353112
    outer loop
      vertex -4.02734 6.02734 7.80536
      vertex -3.4103 8.23319 0.0888376
      vertex -4.17634 6.38706 0.0182152
    endloop
  endfacet
  facet normal -0.923542 0.381867 0.0353112
    outer loop
      vertex -3.4103 8.23319 0.0888376
      vertex -4.02734 6.02734 7.80536
      vertex -3.58169 5.36037 26.6739
    endloop
  endfacet
  facet normal 0.923545 -0.381862 -0.035311
    outer loop
      vertex -1.5045 7.00021 6.62822
      vertex -1.56321 7.46945 0.0182152
      vertex -1.41421 7.10973 7.80534
    endloop
  endfacet
  facet normal 0.923541 -0.381871 -0.0353117
    outer loop
      vertex -1.56321 7.46945 0.0182152
      vertex -1.5045 7.00021 6.62822
      vertex -1.62983 7.3089 0.0120734
    endloop
  endfacet
  facet normal 0.923544 -0.381863 -0.0353109
    outer loop
      vertex -1.5045 7.00021 6.62822
      vertex -1.41421 7.10973 7.80534
      vertex -1.28478 6.45905 18.2272
    endloop
  endfacet
  facet normal 0.92388 0.382681 0
    outer loop
      vertex -1.56321 7.46945 0.0182152
      vertex -1.41421 7.10973 7.80535
      vertex -1.41421 7.10973 7.80534
    endloop
  endfacet
  facet normal -0.0191106 0.0461369 -0.998752
    outer loop
      vertex -2.31736 7.13211 0.0170622
      vertex -1.56321 7.46945 0.0182152
      vertex -1.62983 7.3089 0.0120734
    endloop
  endfacet
  facet normal -0.0191088 0.0461328 -0.998753
    outer loop
      vertex -3.19255 6.78556 0.0177996
      vertex -1.56321 7.46945 0.0182152
      vertex -2.31736 7.13211 0.0170622
    endloop
  endfacet
  facet normal -0.0128058 0.0311168 -0.999434
    outer loop
      vertex -3.19297 6.7854 0.0178
      vertex -1.56321 7.46945 0.0182152
      vertex -3.19255 6.78556 0.0177996
    endloop
  endfacet
  facet normal -0.0191197 0.0461592 -0.998751
    outer loop
      vertex -3.19297 6.7854 0.0178
      vertex -4.17634 6.38706 0.0182152
      vertex -1.56321 7.46945 0.0182152
    endloop
  endfacet
  facet normal -0.01911 0.0461352 -0.998752
    outer loop
      vertex -4.01808 6.33208 0.0126474
      vertex -4.17634 6.38706 0.0182152
      vertex -3.19297 6.7854 0.0178
    endloop
  endfacet
  facet normal -0.0194254 0.0452308 -0.998788
    outer loop
      vertex -4.01836 6.33192 0.0126456
      vertex -4.17634 6.38706 0.0182152
      vertex -4.01808 6.33208 0.0126474
    endloop
  endfacet
  facet normal -0.0186444 0.0474596 -0.998699
    outer loop
      vertex -4.01862 6.33174 0.0126419
      vertex -4.17634 6.38706 0.0182152
      vertex -4.01836 6.33192 0.0126456
    endloop
  endfacet
  facet normal -0.0191219 0.0461036 -0.998754
    outer loop
      vertex -4.17634 6.38706 0.0182152
      vertex -4.01862 6.33174 0.0126419
      vertex -4.02731 6.32543 0.012517
    endloop
  endfacet
  facet normal -0.382993 -0.923076 -0.035316
    outer loop
      vertex -4.17634 6.38706 0.0182152
      vertex -4.01462 6.29653 0.630641
      vertex -3.97655 6.20976 2.48574
    endloop
  endfacet
  facet normal -0.383067 -0.923046 -0.0352921
    outer loop
      vertex -4.01462 6.29653 0.630641
      vertex -4.17634 6.38706 0.0182152
      vertex -4.02731 6.32543 0.012517
    endloop
  endfacet
  facet normal -0.383042 -0.923056 -0.0353106
    outer loop
      vertex -4.02734 6.02734 7.80535
      vertex -4.17634 6.38706 0.0182152
      vertex -3.97655 6.20976 2.48574
    endloop
  endfacet
  facet normal -0.92388 -0.382681 0
    outer loop
      vertex -4.17634 6.38706 0.0182152
      vertex -4.02734 6.02734 7.80535
      vertex -4.02734 6.02734 7.80536
    endloop
  endfacet
  facet normal -0.383024 -0.923063 -0.0353107
    outer loop
      vertex -3.64618 5.4569 18.5828
      vertex -4.02734 6.02734 7.80535
      vertex -3.97655 6.20976 2.48574
    endloop
  endfacet
  facet normal 0.383022 0.923064 0.0353116
    outer loop
      vertex -1.25772 6.32299 26.6739
      vertex -2.83697 6.84905 30.0524
      vertex -1.23021 6.18468 29.991
    endloop
  endfacet
  facet normal 0.383021 0.923064 0.0353113
    outer loop
      vertex -1.41421 7.10973 7.80535
      vertex -2.83697 6.84905 30.0524
      vertex -1.25772 6.32299 26.6739
    endloop
  endfacet
  facet normal 0.383022 0.923064 0.0353113
    outer loop
      vertex -1.41421 7.10973 7.80535
      vertex -3.4103 8.23319 0.0888376
      vertex -2.83697 6.84905 30.0524
    endloop
  endfacet
  facet normal 0.383021 0.923064 0.0353114
    outer loop
      vertex -3.4103 8.23319 0.0888376
      vertex -1.41421 7.10973 7.80535
      vertex -1.56321 7.46945 0.0182152
    endloop
  endfacet
  facet normal 0.0353624 -0.0353027 0.998751
    outer loop
      vertex -3.50334 5.24312 29.991
      vertex -3.82467 4.62419 29.9805
      vertex -3.33008 4.98382 29.9757
    endloop
  endfacet
  facet normal 0.0194952 -0.0270766 0.999443
    outer loop
      vertex -3.50334 5.24312 29.991
      vertex -3.82517 4.62383 29.9805
      vertex -3.82467 4.62419 29.9805
    endloop
  endfacet
  facet normal 0.0352917 -0.035274 0.998754
    outer loop
      vertex -5.24204 5.24204 30.0524
      vertex -3.82517 4.62383 29.9805
      vertex -3.50334 5.24312 29.991
    endloop
  endfacet
  facet normal 0.0352408 -0.0353902 0.998752
    outer loop
      vertex -3.82517 4.62383 29.9805
      vertex -5.24204 5.24204 30.0524
      vertex -4.37406 4.1083 29.9816
    endloop
  endfacet
  facet normal 0.033851 -0.0364549 0.998762
    outer loop
      vertex -4.37406 4.1083 29.9816
      vertex -5.24204 5.24204 30.0524
      vertex -4.37448 4.10791 29.9816
    endloop
  endfacet
  facet normal 0.0388241 -0.0326476 0.998713
    outer loop
      vertex -4.37448 4.10791 29.9816
      vertex -5.24204 5.24204 30.0524
      vertex -4.37485 4.10747 29.9816
    endloop
  endfacet
  facet normal 0.0345495 -0.0216666 0.999168
    outer loop
      vertex -5.24312 3.50334 29.991
      vertex -4.85536 3.52677 29.9781
      vertex -4.85499 3.52736 29.9781
    endloop
  endfacet
  facet normal 0.035368 -0.0352916 0.998751
    outer loop
      vertex -5.24312 3.50334 29.991
      vertex -4.37485 4.10747 29.9816
      vertex -5.24204 5.24204 30.0524
    endloop
  endfacet
  facet normal 0.0353799 -0.0353087 0.99875
    outer loop
      vertex -4.37485 4.10747 29.9816
      vertex -5.24312 3.50334 29.991
      vertex -4.85499 3.52736 29.9781
    endloop
  endfacet
  facet normal 0.0353753 -0.0355689 0.998741
    outer loop
      vertex -4.85536 3.52677 29.9781
      vertex -5.24312 3.50334 29.991
      vertex -4.98137 3.32844 29.9755
    endloop
  endfacet
  facet normal -0.000631815 -0.999376 -0.0353107
    outer loop
      vertex -6.02734 4.02734 7.80535
      vertex -6.03935 4.21155 2.59199
      vertex -5.44442 3.63785 18.8184
    endloop
  endfacet
  facet normal -0.000651078 -0.999376 -0.0353107
    outer loop
      vertex -6.03935 4.21155 2.59199
      vertex -6.02734 4.02734 7.80535
      vertex -6.30266 4.30266 0.0182152
    endloop
  endfacet
  facet normal -0.999376 -0.000622677 0.0353117
    outer loop
      vertex -6.02734 4.02734 7.80535
      vertex -6.30141 6.30141 0.0888376
      vertex -6.30266 4.30266 0.0182152
    endloop
  endfacet
  facet normal -0.992816 -0.119654 0
    outer loop
      vertex -6.30141 6.30141 0.0888376
      vertex -6.02734 4.02734 7.80535
      vertex -6.02734 4.02734 7.80536
    endloop
  endfacet
  facet normal -0.999376 -0.000624333 0.0353111
    outer loop
      vertex -6.30141 6.30141 0.0888376
      vertex -6.02734 4.02734 7.80536
      vertex -5.24204 5.24204 30.0524
    endloop
  endfacet
  facet normal -0.999376 -0.00062834 0.0353114
    outer loop
      vertex -5.36037 3.58169 26.6739
      vertex -5.24204 5.24204 30.0524
      vertex -6.02734 4.02734 7.80536
    endloop
  endfacet
  facet normal -0.999376 -0.000626173 0.0353103
    outer loop
      vertex -5.24312 3.50334 29.991
      vertex -5.24204 5.24204 30.0524
      vertex -5.36037 3.58169 26.6739
    endloop
  endfacet
  facet normal -0.0353113 0.0353113 -0.998752
    outer loop
      vertex -4.30266 6.30266 0.0182152
      vertex -6.30266 4.30266 0.0182152
      vertex -6.30141 6.30141 0.0888376
    endloop
  endfacet
  facet normal 0.999376 0.000626242 -0.0353116
    outer loop
      vertex -4.02734 6.02734 7.80535
      vertex -4.20788 6.02873 2.69579
      vertex -4.30266 6.30266 0.0182152
    endloop
  endfacet
  facet normal 0.999376 0.000607399 -0.0353116
    outer loop
      vertex -4.02734 6.02734 7.80535
      vertex -3.95496 5.77125 9.84942
      vertex -4.20788 6.02873 2.69579
    endloop
  endfacet
  facet normal 0.999376 0.000598198 -0.0353127
    outer loop
      vertex -3.95496 5.77125 9.84942
      vertex -4.02734 6.02734 7.80535
      vertex -3.64618 5.4569 18.5828
    endloop
  endfacet
  facet normal -0.0353119 0.0353111 -0.998752
    outer loop
      vertex -4.78015 5.77821 0.0165553
      vertex -4.30266 6.30266 0.0182152
      vertex -4.30277 6.12534 0.0119499
    endloop
  endfacet
  facet normal -0.0269667 0.0277147 -0.999252
    outer loop
      vertex -4.78046 5.77793 0.0165559
      vertex -4.30266 6.30266 0.0182152
      vertex -4.78015 5.77821 0.0165553
    endloop
  endfacet
  facet normal -0.0353124 0.0353125 -0.998752
    outer loop
      vertex -5.46661 5.13349 0.0180306
      vertex -4.30266 6.30266 0.0182152
      vertex -4.78046 5.77793 0.0165559
    endloop
  endfacet
  facet normal -0.0358215 0.0364563 -0.998693
    outer loop
      vertex -6.30266 4.30266 0.0182152
      vertex -6.06686 4.40825 0.0136119
      vertex -6.06708 4.40799 0.0136103
    endloop
  endfacet
  facet normal -0.0353198 0.0353198 -0.998752
    outer loop
      vertex -5.46661 5.13349 0.0180306
      vertex -6.30266 4.30266 0.0182152
      vertex -4.30266 6.30266 0.0182152
    endloop
  endfacet
  facet normal -0.0353087 0.0353087 -0.998753
    outer loop
      vertex -6.06686 4.40825 0.0136119
      vertex -6.30266 4.30266 0.0182152
      vertex -5.46661 5.13349 0.0180306
    endloop
  endfacet
  facet normal -0.0353099 0.0353096 -0.998752
    outer loop
      vertex -6.30266 4.30266 0.0182152
      vertex -6.06708 4.40799 0.0136103
      vertex -6.13394 4.30276 0.0122538
    endloop
  endfacet
  facet normal 0.000626173 0.999376 0.0353103
    outer loop
      vertex -3.58169 5.36037 26.6739
      vertex -5.24204 5.24204 30.0524
      vertex -3.50334 5.24312 29.991
    endloop
  endfacet
  facet normal 0.00062834 0.999376 0.0353114
    outer loop
      vertex -4.02734 6.02734 7.80536
      vertex -5.24204 5.24204 30.0524
      vertex -3.58169 5.36037 26.6739
    endloop
  endfacet
  facet normal 0.119654 0.992816 0
    outer loop
      vertex -6.30141 6.30141 0.0888376
      vertex -4.02734 6.02734 7.80536
      vertex -4.02734 6.02734 7.80535
    endloop
  endfacet
  facet normal 0.000624333 0.999376 0.0353111
    outer loop
      vertex -4.02734 6.02734 7.80536
      vertex -6.30141 6.30141 0.0888376
      vertex -5.24204 5.24204 30.0524
    endloop
  endfacet
  facet normal 0.000622677 0.999376 0.0353117
    outer loop
      vertex -6.30141 6.30141 0.0888376
      vertex -4.02734 6.02734 7.80535
      vertex -4.30266 6.30266 0.0182152
    endloop
  endfacet
  facet normal 0.999376 0.000627708 -0.0353114
    outer loop
      vertex -4.20788 6.02873 2.69579
      vertex -4.30277 6.12534 0.0119499
      vertex -4.30266 6.30266 0.0182152
    endloop
  endfacet
  facet normal -0.000655292 -0.999376 -0.0353102
    outer loop
      vertex -6.03935 4.21155 2.59199
      vertex -6.30266 4.30266 0.0182152
      vertex -6.13394 4.30276 0.0122538
    endloop
  endfacet
  facet normal 0.382907 -0.92311 -0.0353706
    outer loop
      vertex -7.10973 1.41421 7.80534
      vertex -6.43074 1.2823 18.5984
      vertex -6.4148 1.27598 18.9359
    endloop
  endfacet
  facet normal 0.381861 -0.923545 -0.035311
    outer loop
      vertex -7.30863 1.62994 0.0120633
      vertex -7.10973 1.41421 7.80534
      vertex -7.46945 1.56321 0.0182152
    endloop
  endfacet
  facet normal 0.381881 -0.923537 -0.0353113
    outer loop
      vertex -7.10973 1.41421 7.80534
      vertex -7.30863 1.62994 0.0120633
      vertex -6.43074 1.2823 18.5984
    endloop
  endfacet
  facet normal -0.382681 -0.92388 0
    outer loop
      vertex -7.10973 1.41421 7.80534
      vertex -7.10973 1.41421 7.80535
      vertex -7.46945 1.56321 0.0182152
    endloop
  endfacet
  facet normal 0.0461178 -0.0191164 0.998753
    outer loop
      vertex -5.24312 3.50334 29.991
      vertex -6.84905 2.83697 30.0524
      vertex -5.25872 2.891 29.98
    endloop
  endfacet
  facet normal 0.0461207 -0.0192041 0.998751
    outer loop
      vertex -5.25872 2.891 29.98
      vertex -6.84905 2.83697 30.0524
      vertex -5.57926 2.2096 29.9817
    endloop
  endfacet
  facet normal 0.0449355 -0.0216036 0.998756
    outer loop
      vertex -5.57926 2.2096 29.9817
      vertex -6.84905 2.83697 30.0524
      vertex -5.57951 2.20908 29.9817
    endloop
  endfacet
  facet normal 0.0461915 -0.0190635 0.998751
    outer loop
      vertex -5.57951 2.20908 29.9817
      vertex -6.84905 2.83697 30.0524
      vertex -5.81232 1.49304 29.9788
    endloop
  endfacet
  facet normal 0.0461221 -0.0190182 0.998755
    outer loop
      vertex -5.81265 1.49175 29.9788
      vertex -6.18468 1.23021 29.991
      vertex -5.87448 1.1685 29.9755
    endloop
  endfacet
  facet normal 0.0376563 -0.00695193 0.999267
    outer loop
      vertex -5.81253 1.4924 29.9788
      vertex -6.18468 1.23021 29.991
      vertex -5.81265 1.49175 29.9788
    endloop
  endfacet
  facet normal 0.0461834 -0.0190697 0.998751
    outer loop
      vertex -6.18468 1.23021 29.991
      vertex -5.81232 1.49304 29.9788
      vertex -6.84905 2.83697 30.0524
    endloop
  endfacet
  facet normal 0.0425967 -0.0139771 0.998995
    outer loop
      vertex -5.81232 1.49304 29.9788
      vertex -6.18468 1.23021 29.991
      vertex -5.81253 1.4924 29.9788
    endloop
  endfacet
  facet normal 0.0463648 -0.0191225 0.998742
    outer loop
      vertex -4.98137 3.32844 29.9755
      vertex -5.24312 3.50334 29.991
      vertex -5.25872 2.891 29.98
    endloop
  endfacet
  facet normal -0.923064 -0.383021 0.0353114
    outer loop
      vertex -7.10973 1.41421 7.80535
      vertex -8.23319 3.4103 0.0888376
      vertex -7.46945 1.56321 0.0182152
    endloop
  endfacet
  facet normal -0.923064 -0.383022 0.0353113
    outer loop
      vertex -8.23319 3.4103 0.0888376
      vertex -7.10973 1.41421 7.80535
      vertex -6.84905 2.83697 30.0524
    endloop
  endfacet
  facet normal -0.923064 -0.383021 0.0353113
    outer loop
      vertex -6.32299 1.25772 26.6739
      vertex -6.84905 2.83697 30.0524
      vertex -7.10973 1.41421 7.80535
    endloop
  endfacet
  facet normal -0.923064 -0.383022 0.0353116
    outer loop
      vertex -6.18468 1.23021 29.991
      vertex -6.84905 2.83697 30.0524
      vertex -6.32299 1.25772 26.6739
    endloop
  endfacet
  facet normal -0.381868 0.923542 0.035312
    outer loop
      vertex -5.36037 3.58169 26.6739
      vertex -6.84905 2.83697 30.0524
      vertex -5.24312 3.50334 29.991
    endloop
  endfacet
  facet normal -0.381869 0.923542 0.0353114
    outer loop
      vertex -6.84905 2.83697 30.0524
      vertex -5.36037 3.58169 26.6739
      vertex -8.23319 3.4103 0.0888376
    endloop
  endfacet
  facet normal 0.382681 0.92388 -0
    outer loop
      vertex -6.02734 4.02734 7.80535
      vertex -6.38706 4.17634 0.0182152
      vertex -6.02734 4.02734 7.80536
    endloop
  endfacet
  facet normal 0.923068 0.383012 -0.0353118
    outer loop
      vertex -6.02734 4.02734 7.80535
      vertex -6.19297 3.95762 2.71947
      vertex -6.38706 4.17634 0.0182152
    endloop
  endfacet
  facet normal 0.923065 0.38302 -0.0353118
    outer loop
      vertex -6.19297 3.95762 2.71947
      vertex -6.02734 4.02734 7.80535
      vertex -5.44442 3.63785 18.8184
    endloop
  endfacet
  facet normal 0.923064 0.383022 -0.0353106
    outer loop
      vertex -6.31886 4.0114 0.0119089
      vertex -6.38706 4.17634 0.0182152
      vertex -6.19297 3.95762 2.71947
    endloop
  endfacet
  facet normal -0.0461349 0.0191102 -0.998752
    outer loop
      vertex -6.57139 3.61311 0.015953
      vertex -6.38706 4.17634 0.0182152
      vertex -6.31886 4.0114 0.0119089
    endloop
  endfacet
  facet normal -0.0492136 0.0201171 -0.998586
    outer loop
      vertex -6.5716 3.61277 0.0159565
      vertex -6.38706 4.17634 0.0182152
      vertex -6.57139 3.61311 0.015953
    endloop
  endfacet
  facet normal -0.0448985 0.018705 -0.998816
    outer loop
      vertex -6.57177 3.61241 0.0159574
      vertex -6.38706 4.17634 0.0182152
      vertex -6.5716 3.61277 0.0159565
    endloop
  endfacet
  facet normal -0.0461349 0.0191097 -0.998752
    outer loop
      vertex -6.97248 2.7606 0.018169
      vertex -6.38706 4.17634 0.0182152
      vertex -6.57177 3.61241 0.0159574
    endloop
  endfacet
  facet normal -0.0462992 0.0191777 -0.998744
    outer loop
      vertex -6.97248 2.7606 0.018169
      vertex -7.46945 1.56321 0.0182152
      vertex -6.38706 4.17634 0.0182152
    endloop
  endfacet
  facet normal -0.0471605 0.0195352 -0.998696
    outer loop
      vertex -6.97262 2.76017 0.0181672
      vertex -7.46945 1.56321 0.0182152
      vertex -6.97248 2.7606 0.018169
    endloop
  endfacet
  facet normal -0.0461344 0.0191092 -0.998752
    outer loop
      vertex -7.26367 1.86499 0.0144838
      vertex -7.46945 1.56321 0.0182152
      vertex -6.97262 2.76017 0.0181672
    endloop
  endfacet
  facet normal -0.0461348 0.0191096 -0.998752
    outer loop
      vertex -7.46945 1.56321 0.0182152
      vertex -7.26367 1.86499 0.0144838
      vertex -7.30863 1.62994 0.0120633
    endloop
  endfacet
  facet normal -0.0461362 0.0191102 -0.998752
    outer loop
      vertex -7.46945 1.56321 0.0182152
      vertex -8.23319 3.4103 0.0888376
      vertex -6.38706 4.17634 0.0182152
    endloop
  endfacet
  facet normal -0.381867 0.923542 0.0353112
    outer loop
      vertex -6.02734 4.02734 7.80536
      vertex -8.23319 3.4103 0.0888376
      vertex -5.36037 3.58169 26.6739
    endloop
  endfacet
  facet normal -0.381867 0.923542 0.0353112
    outer loop
      vertex -8.23319 3.4103 0.0888376
      vertex -6.02734 4.02734 7.80536
      vertex -6.38706 4.17634 0.0182152
    endloop
  endfacet
  facet normal 0.0498785 -0.000136237 0.998755
    outer loop
      vertex -6.18468 1.23021 29.991
      vertex -5.95371 0.752128 29.9794
      vertex -5.87448 1.1685 29.9755
    endloop
  endfacet
  facet normal 0.0499915 -8.1511e-05 0.99875
    outer loop
      vertex -7.41336 0 30.0524
      vertex -5.95371 0.752128 29.9794
      vertex -6.18468 1.23021 29.991
    endloop
  endfacet
  facet normal 0.0499203 5.69028e-05 0.998753
    outer loop
      vertex -5.95371 0.752128 29.9794
      vertex -7.41336 0 30.0524
      vertex -6.00087 0.000570827 29.9818
    endloop
  endfacet
  facet normal 0.0499214 -0.00349818 0.998747
    outer loop
      vertex -6.00087 0.000570827 29.9818
      vertex -7.41336 0 30.0524
      vertex -6.00091 0 29.9818
    endloop
  endfacet
  facet normal -0.706224 0.707108 0.0353111
    outer loop
      vertex -6.32299 1.25772 26.6739
      vertex -7.41336 0 30.0524
      vertex -6.18468 1.23021 29.991
    endloop
  endfacet
  facet normal -0.706223 0.707108 0.0353112
    outer loop
      vertex -7.41336 0 30.0524
      vertex -6.32299 1.25772 26.6739
      vertex -8.91154 0 0.0888376
    endloop
  endfacet
  facet normal -0.706224 -0.707108 0.0353111
    outer loop
      vertex -7.41336 0 30.0524
      vertex -6.32299 -1.25772 26.6739
      vertex -6.18468 -1.23021 29.991
    endloop
  endfacet
  facet normal -0.706223 -0.707108 0.0353112
    outer loop
      vertex -6.32299 -1.25772 26.6739
      vertex -7.41336 0 30.0524
      vertex -8.91154 0 0.0888376
    endloop
  endfacet
  facet normal 0.0498785 0.000136237 0.998755
    outer loop
      vertex -5.95371 -0.752128 29.9794
      vertex -6.18468 -1.23021 29.991
      vertex -5.87448 -1.1685 29.9755
    endloop
  endfacet
  facet normal 0.0499203 -5.69028e-05 0.998753
    outer loop
      vertex -7.41336 0 30.0524
      vertex -5.95371 -0.752128 29.9794
      vertex -6.00087 -0.000570827 29.9818
    endloop
  endfacet
  facet normal 0.0499214 0.00349818 0.998747
    outer loop
      vertex -7.41336 0 30.0524
      vertex -6.00087 -0.000570827 29.9818
      vertex -6.00091 0 29.9818
    endloop
  endfacet
  facet normal 0.0499915 8.1511e-05 0.99875
    outer loop
      vertex -5.95371 -0.752128 29.9794
      vertex -7.41336 0 30.0524
      vertex -6.18468 -1.23021 29.991
    endloop
  endfacet
  facet normal 0.70643 0.706901 -0.0353266
    outer loop
      vertex -6.44807 1.27642 18.2794
      vertex -7.10973 1.41421 7.80534
      vertex -6.4148 1.27598 18.9359
    endloop
  endfacet
  facet normal 0.706226 0.707105 -0.035311
    outer loop
      vertex -7.23704 1.28689 2.70953
      vertex -7.10973 1.41421 7.80534
      vertex -6.44807 1.27642 18.2794
    endloop
  endfacet
  facet normal 0.706214 0.707118 -0.035311
    outer loop
      vertex -7.10973 1.41421 7.80534
      vertex -7.23704 1.28689 2.70953
      vertex -7.49909 1.41421 0.0182152
    endloop
  endfacet
  facet normal 0.70643 -0.706901 -0.0353266
    outer loop
      vertex -7.10973 -1.41421 7.80534
      vertex -6.44807 -1.27642 18.2794
      vertex -6.4148 -1.27598 18.9359
    endloop
  endfacet
  facet normal 0.706226 -0.707105 -0.035311
    outer loop
      vertex -7.10973 -1.41421 7.80534
      vertex -7.23704 -1.28689 2.70953
      vertex -6.44807 -1.27642 18.2794
    endloop
  endfacet
  facet normal 0.706214 -0.707118 -0.035311
    outer loop
      vertex -7.23704 -1.28689 2.70953
      vertex -7.10973 -1.41421 7.80534
      vertex -7.49909 -1.41421 0.0182152
    endloop
  endfacet
  facet normal -0.706223 -0.707109 0.0353111
    outer loop
      vertex -8.91154 0 0.0888376
      vertex -7.10973 -1.41421 7.80535
      vertex -6.32299 -1.25772 26.6739
    endloop
  endfacet
  facet normal -0.617417 -0.786636 -0
    outer loop
      vertex -7.10973 -1.41421 7.80535
      vertex -8.91154 0 0.0888376
      vertex -7.10973 -1.41421 7.80534
    endloop
  endfacet
  facet normal -0.706223 -0.707108 0.0353115
    outer loop
      vertex -7.10973 -1.41421 7.80534
      vertex -8.91154 0 0.0888376
      vertex -7.49909 -1.41421 0.0182152
    endloop
  endfacet
  facet normal 0.706206 -0.707125 -0.0353099
    outer loop
      vertex -7.23704 -1.28689 2.70953
      vertex -7.49909 -1.41421 0.0182152
      vertex -7.37373 -1.2887 0.0119475
    endloop
  endfacet
  facet normal -0.0499375 0 -0.998752
    outer loop
      vertex -8.91154 0 0.0888376
      vertex -7.49909 -1.51581e-05 0.0182152
      vertex -7.49909 -1.41421 0.0182152
    endloop
  endfacet
  facet normal -0.0499375 0 -0.998752
    outer loop
      vertex -7.49909 -1.51581e-05 0.0182152
      vertex -8.91154 0 0.0888376
      vertex -7.49909 0 0.0182152
    endloop
  endfacet
  facet normal -0.0499375 0 -0.998752
    outer loop
      vertex -8.91154 0 0.0888376
      vertex -7.49909 1.51581e-05 0.0182152
      vertex -7.49909 0 0.0182152
    endloop
  endfacet
  facet normal -0.0499375 0 -0.998752
    outer loop
      vertex -7.49909 1.51581e-05 0.0182152
      vertex -8.91154 0 0.0888376
      vertex -7.49909 1.41421 0.0182152
    endloop
  endfacet
  facet normal -0.617417 0.786636 0
    outer loop
      vertex -8.91154 0 0.0888376
      vertex -7.10973 1.41421 7.80535
      vertex -7.10973 1.41421 7.80534
    endloop
  endfacet
  facet normal -0.706223 0.707109 0.0353111
    outer loop
      vertex -7.10973 1.41421 7.80535
      vertex -8.91154 0 0.0888376
      vertex -6.32299 1.25772 26.6739
    endloop
  endfacet
  facet normal -0.706223 0.707108 0.0353115
    outer loop
      vertex -8.91154 0 0.0888376
      vertex -7.10973 1.41421 7.80534
      vertex -7.49909 1.41421 0.0182152
    endloop
  endfacet
  facet normal -0.0499393 -0 -0.998752
    outer loop
      vertex -7.49909 1.41421 0.0182152
      vertex -7.44013 0.93952 0.0152671
      vertex -7.49909 1.51581e-05 0.0182152
    endloop
  endfacet
  facet normal -0.0499351 9.9531e-08 -0.998752
    outer loop
      vertex -7.44003 0.94028 0.0152623
      vertex -7.49909 1.41421 0.0182152
      vertex -7.37373 1.2887 0.0119475
    endloop
  endfacet
  facet normal -0.0507885 -0.000106517 -0.998709
    outer loop
      vertex -7.4401 0.939903 0.0152659
      vertex -7.49909 1.41421 0.0182152
      vertex -7.44003 0.94028 0.0152623
    endloop
  endfacet
  facet normal -0.0460846 0.000479931 -0.998937
    outer loop
      vertex -7.44013 0.93952 0.0152671
      vertex -7.49909 1.41421 0.0182152
      vertex -7.4401 0.939903 0.0152659
    endloop
  endfacet
  facet normal -0.0499351 -9.9531e-08 -0.998752
    outer loop
      vertex -7.49909 -1.41421 0.0182152
      vertex -7.44003 -0.94028 0.0152623
      vertex -7.37373 -1.2887 0.0119475
    endloop
  endfacet
  facet normal -0.0507885 0.000106517 -0.998709
    outer loop
      vertex -7.49909 -1.41421 0.0182152
      vertex -7.4401 -0.939903 0.0152659
      vertex -7.44003 -0.94028 0.0152623
    endloop
  endfacet
  facet normal -0.0460846 -0.000479931 -0.998937
    outer loop
      vertex -7.49909 -1.41421 0.0182152
      vertex -7.44013 -0.93952 0.0152671
      vertex -7.4401 -0.939903 0.0152659
    endloop
  endfacet
  facet normal -0.0499393 0 -0.998752
    outer loop
      vertex -7.44013 -0.93952 0.0152671
      vertex -7.49909 -1.41421 0.0182152
      vertex -7.49909 -1.51581e-05 0.0182152
    endloop
  endfacet
  facet normal 0.706206 0.707125 -0.0353099
    outer loop
      vertex -7.37373 1.2887 0.0119475
      vertex -7.49909 1.41421 0.0182152
      vertex -7.23704 1.28689 2.70953
    endloop
  endfacet
  facet normal -0.0461362 -0.0191102 -0.998752
    outer loop
      vertex -6.38706 -4.17634 0.0182152
      vertex -8.23319 -3.4103 0.0888376
      vertex -7.46945 -1.56321 0.0182152
    endloop
  endfacet
  facet normal -0.381868 -0.923542 0.035312
    outer loop
      vertex -6.84905 -2.83697 30.0524
      vertex -5.36037 -3.58169 26.6739
      vertex -5.24312 -3.50334 29.991
    endloop
  endfacet
  facet normal -0.381869 -0.923542 0.0353114
    outer loop
      vertex -5.36037 -3.58169 26.6739
      vertex -6.84905 -2.83697 30.0524
      vertex -8.23319 -3.4103 0.0888376
    endloop
  endfacet
  facet normal 0.0463648 0.0191225 0.998742
    outer loop
      vertex -5.25872 -2.891 29.98
      vertex -5.24312 -3.50334 29.991
      vertex -4.98137 -3.32844 29.9755
    endloop
  endfacet
  facet normal 0.0461178 0.0191164 0.998753
    outer loop
      vertex -6.84905 -2.83697 30.0524
      vertex -5.24312 -3.50334 29.991
      vertex -5.25872 -2.891 29.98
    endloop
  endfacet
  facet normal 0.0461207 0.0192041 0.998751
    outer loop
      vertex -6.84905 -2.83697 30.0524
      vertex -5.25872 -2.891 29.98
      vertex -5.57926 -2.2096 29.9817
    endloop
  endfacet
  facet normal 0.0449355 0.0216036 0.998756
    outer loop
      vertex -6.84905 -2.83697 30.0524
      vertex -5.57926 -2.2096 29.9817
      vertex -5.57951 -2.20908 29.9817
    endloop
  endfacet
  facet normal 0.0461915 0.0190635 0.998751
    outer loop
      vertex -6.84905 -2.83697 30.0524
      vertex -5.57951 -2.20908 29.9817
      vertex -5.81232 -1.49304 29.9788
    endloop
  endfacet
  facet normal 0.0425967 0.0139771 0.998995
    outer loop
      vertex -6.18468 -1.23021 29.991
      vertex -5.81232 -1.49304 29.9788
      vertex -5.81253 -1.4924 29.9788
    endloop
  endfacet
  facet normal 0.0461221 0.0190182 0.998755
    outer loop
      vertex -6.18468 -1.23021 29.991
      vertex -5.81265 -1.49175 29.9788
      vertex -5.87448 -1.1685 29.9755
    endloop
  endfacet
  facet normal 0.0376563 0.00695193 0.999267
    outer loop
      vertex -6.18468 -1.23021 29.991
      vertex -5.81253 -1.4924 29.9788
      vertex -5.81265 -1.49175 29.9788
    endloop
  endfacet
  facet normal 0.0461834 0.0190697 0.998751
    outer loop
      vertex -5.81232 -1.49304 29.9788
      vertex -6.18468 -1.23021 29.991
      vertex -6.84905 -2.83697 30.0524
    endloop
  endfacet
  facet normal -0.381867 -0.923542 0.0353112
    outer loop
      vertex -8.23319 -3.4103 0.0888376
      vertex -6.02734 -4.02734 7.80536
      vertex -5.36037 -3.58169 26.6739
    endloop
  endfacet
  facet normal -0.381867 -0.923542 0.0353112
    outer loop
      vertex -6.02734 -4.02734 7.80536
      vertex -8.23319 -3.4103 0.0888376
      vertex -6.38706 -4.17634 0.0182152
    endloop
  endfacet
  facet normal 0.382907 0.92311 -0.0353706
    outer loop
      vertex -6.43074 -1.2823 18.5984
      vertex -7.10973 -1.41421 7.80534
      vertex -6.4148 -1.27598 18.9359
    endloop
  endfacet
  facet normal 0.381881 0.923537 -0.0353113
    outer loop
      vertex -7.30863 -1.62994 0.0120633
      vertex -7.10973 -1.41421 7.80534
      vertex -6.43074 -1.2823 18.5984
    endloop
  endfacet
  facet normal 0.381861 0.923545 -0.035311
    outer loop
      vertex -7.10973 -1.41421 7.80534
      vertex -7.30863 -1.62994 0.0120633
      vertex -7.46945 -1.56321 0.0182152
    endloop
  endfacet
  facet normal -0.382681 0.92388 0
    outer loop
      vertex -7.10973 -1.41421 7.80534
      vertex -7.46945 -1.56321 0.0182152
      vertex -7.10973 -1.41421 7.80535
    endloop
  endfacet
  facet normal -0.0461349 -0.0191102 -0.998752
    outer loop
      vertex -6.38706 -4.17634 0.0182152
      vertex -6.57139 -3.61311 0.015953
      vertex -6.31886 -4.0114 0.0119089
    endloop
  endfacet
  facet normal -0.0492136 -0.0201171 -0.998586
    outer loop
      vertex -6.38706 -4.17634 0.0182152
      vertex -6.5716 -3.61277 0.0159565
      vertex -6.57139 -3.61311 0.015953
    endloop
  endfacet
  facet normal -0.0448985 -0.018705 -0.998816
    outer loop
      vertex -6.38706 -4.17634 0.0182152
      vertex -6.57177 -3.61241 0.0159574
      vertex -6.5716 -3.61277 0.0159565
    endloop
  endfacet
  facet normal -0.0461349 -0.0191097 -0.998752
    outer loop
      vertex -6.38706 -4.17634 0.0182152
      vertex -6.97248 -2.7606 0.018169
      vertex -6.57177 -3.61241 0.0159574
    endloop
  endfacet
  facet normal -0.0461348 -0.0191096 -0.998752
    outer loop
      vertex -7.26367 -1.86499 0.0144838
      vertex -7.46945 -1.56321 0.0182152
      vertex -7.30863 -1.62994 0.0120633
    endloop
  endfacet
  facet normal -0.0461344 -0.0191092 -0.998752
    outer loop
      vertex -6.97262 -2.76017 0.0181672
      vertex -7.46945 -1.56321 0.0182152
      vertex -7.26367 -1.86499 0.0144838
    endloop
  endfacet
  facet normal -0.0471605 -0.0195352 -0.998696
    outer loop
      vertex -6.97248 -2.7606 0.018169
      vertex -7.46945 -1.56321 0.0182152
      vertex -6.97262 -2.76017 0.0181672
    endloop
  endfacet
  facet normal -0.0462992 -0.0191777 -0.998744
    outer loop
      vertex -7.46945 -1.56321 0.0182152
      vertex -6.97248 -2.7606 0.018169
      vertex -6.38706 -4.17634 0.0182152
    endloop
  endfacet
  facet normal 0.923064 -0.383022 -0.0353106
    outer loop
      vertex -6.19297 -3.95762 2.71947
      vertex -6.38706 -4.17634 0.0182152
      vertex -6.31886 -4.0114 0.0119089
    endloop
  endfacet
  facet normal 0.382681 -0.92388 0
    outer loop
      vertex -6.02734 -4.02734 7.80536
      vertex -6.38706 -4.17634 0.0182152
      vertex -6.02734 -4.02734 7.80535
    endloop
  endfacet
  facet normal 0.923065 -0.38302 -0.0353118
    outer loop
      vertex -6.02734 -4.02734 7.80535
      vertex -6.19297 -3.95762 2.71947
      vertex -5.44442 -3.63785 18.8184
    endloop
  endfacet
  facet normal 0.923068 -0.383012 -0.0353118
    outer loop
      vertex -6.19297 -3.95762 2.71947
      vertex -6.02734 -4.02734 7.80535
      vertex -6.38706 -4.17634 0.0182152
    endloop
  endfacet
  facet normal -0.923064 0.383021 0.0353114
    outer loop
      vertex -8.23319 -3.4103 0.0888376
      vertex -7.10973 -1.41421 7.80535
      vertex -7.46945 -1.56321 0.0182152
    endloop
  endfacet
  facet normal -0.923064 0.383022 0.0353113
    outer loop
      vertex -6.84905 -2.83697 30.0524
      vertex -7.10973 -1.41421 7.80535
      vertex -8.23319 -3.4103 0.0888376
    endloop
  endfacet
  facet normal -0.923064 0.383021 0.0353113
    outer loop
      vertex -7.10973 -1.41421 7.80535
      vertex -6.84905 -2.83697 30.0524
      vertex -6.32299 -1.25772 26.6739
    endloop
  endfacet
  facet normal -0.923064 0.383022 0.0353116
    outer loop
      vertex -6.32299 -1.25772 26.6739
      vertex -6.84905 -2.83697 30.0524
      vertex -6.18468 -1.23021 29.991
    endloop
  endfacet
  facet normal 0.999376 -0.000598198 -0.0353127
    outer loop
      vertex -4.02734 -6.02734 7.80535
      vertex -3.95496 -5.77125 9.84942
      vertex -3.64618 -5.4569 18.5828
    endloop
  endfacet
  facet normal 0.999376 -0.000607399 -0.0353116
    outer loop
      vertex -4.02734 -6.02734 7.80535
      vertex -4.20788 -6.02873 2.69579
      vertex -3.95496 -5.77125 9.84942
    endloop
  endfacet
  facet normal 0.999376 -0.000626242 -0.0353116
    outer loop
      vertex -4.20788 -6.02873 2.69579
      vertex -4.02734 -6.02734 7.80535
      vertex -4.30266 -6.30266 0.0182152
    endloop
  endfacet
  facet normal 0.0353624 0.0353027 0.998751
    outer loop
      vertex -3.82467 -4.62419 29.9805
      vertex -3.50334 -5.24312 29.991
      vertex -3.33008 -4.98382 29.9757
    endloop
  endfacet
  facet normal 0.0194952 0.0270766 0.999443
    outer loop
      vertex -3.82517 -4.62383 29.9805
      vertex -3.50334 -5.24312 29.991
      vertex -3.82467 -4.62419 29.9805
    endloop
  endfacet
  facet normal 0.0352408 0.0353902 0.998752
    outer loop
      vertex -5.24204 -5.24204 30.0524
      vertex -3.82517 -4.62383 29.9805
      vertex -4.37406 -4.1083 29.9816
    endloop
  endfacet
  facet normal 0.033851 0.0364549 0.998762
    outer loop
      vertex -5.24204 -5.24204 30.0524
      vertex -4.37406 -4.1083 29.9816
      vertex -4.37448 -4.10791 29.9816
    endloop
  endfacet
  facet normal 0.0388241 0.0326476 0.998713
    outer loop
      vertex -5.24204 -5.24204 30.0524
      vertex -4.37448 -4.10791 29.9816
      vertex -4.37485 -4.10747 29.9816
    endloop
  endfacet
  facet normal 0.0353799 0.0353087 0.99875
    outer loop
      vertex -5.24312 -3.50334 29.991
      vertex -4.37485 -4.10747 29.9816
      vertex -4.85499 -3.52736 29.9781
    endloop
  endfacet
  facet normal 0.0353753 0.0355689 0.998741
    outer loop
      vertex -5.24312 -3.50334 29.991
      vertex -4.85536 -3.52677 29.9781
      vertex -4.98137 -3.32844 29.9755
    endloop
  endfacet
  facet normal 0.0352917 0.035274 0.998754
    outer loop
      vertex -3.82517 -4.62383 29.9805
      vertex -5.24204 -5.24204 30.0524
      vertex -3.50334 -5.24312 29.991
    endloop
  endfacet
  facet normal 0.0345495 0.0216666 0.999168
    outer loop
      vertex -4.85536 -3.52677 29.9781
      vertex -5.24312 -3.50334 29.991
      vertex -4.85499 -3.52736 29.9781
    endloop
  endfacet
  facet normal 0.035368 0.0352916 0.998751
    outer loop
      vertex -4.37485 -4.10747 29.9816
      vertex -5.24312 -3.50334 29.991
      vertex -5.24204 -5.24204 30.0524
    endloop
  endfacet
  facet normal 0.000626173 -0.999376 0.0353103
    outer loop
      vertex -5.24204 -5.24204 30.0524
      vertex -3.58169 -5.36037 26.6739
      vertex -3.50334 -5.24312 29.991
    endloop
  endfacet
  facet normal 0.00062834 -0.999376 0.0353114
    outer loop
      vertex -5.24204 -5.24204 30.0524
      vertex -4.02734 -6.02734 7.80536
      vertex -3.58169 -5.36037 26.6739
    endloop
  endfacet
  facet normal 0.000624333 -0.999376 0.0353111
    outer loop
      vertex -6.30141 -6.30141 0.0888376
      vertex -4.02734 -6.02734 7.80536
      vertex -5.24204 -5.24204 30.0524
    endloop
  endfacet
  facet normal 0.119654 -0.992816 0
    outer loop
      vertex -4.02734 -6.02734 7.80536
      vertex -6.30141 -6.30141 0.0888376
      vertex -4.02734 -6.02734 7.80535
    endloop
  endfacet
  facet normal 0.000622677 -0.999376 0.0353117
    outer loop
      vertex -4.02734 -6.02734 7.80535
      vertex -6.30141 -6.30141 0.0888376
      vertex -4.30266 -6.30266 0.0182152
    endloop
  endfacet
  facet normal -0.0353113 -0.0353113 -0.998752
    outer loop
      vertex -6.30141 -6.30141 0.0888376
      vertex -6.30266 -4.30266 0.0182152
      vertex -4.30266 -6.30266 0.0182152
    endloop
  endfacet
  facet normal -0.000631815 0.999376 -0.0353107
    outer loop
      vertex -6.03935 -4.21155 2.59199
      vertex -6.02734 -4.02734 7.80535
      vertex -5.44442 -3.63785 18.8184
    endloop
  endfacet
  facet normal -0.000651078 0.999376 -0.0353107
    outer loop
      vertex -6.02734 -4.02734 7.80535
      vertex -6.03935 -4.21155 2.59199
      vertex -6.30266 -4.30266 0.0182152
    endloop
  endfacet
  facet normal -0.0353119 -0.0353111 -0.998752
    outer loop
      vertex -4.30266 -6.30266 0.0182152
      vertex -4.78015 -5.77821 0.0165553
      vertex -4.30277 -6.12534 0.0119499
    endloop
  endfacet
  facet normal -0.0269667 -0.0277147 -0.999252
    outer loop
      vertex -4.30266 -6.30266 0.0182152
      vertex -4.78046 -5.77793 0.0165559
      vertex -4.78015 -5.77821 0.0165553
    endloop
  endfacet
  facet normal -0.0353124 -0.0353125 -0.998752
    outer loop
      vertex -4.30266 -6.30266 0.0182152
      vertex -5.46661 -5.13349 0.0180306
      vertex -4.78046 -5.77793 0.0165559
    endloop
  endfacet
  facet normal -0.0353087 -0.0353087 -0.998753
    outer loop
      vertex -6.30266 -4.30266 0.0182152
      vertex -6.06686 -4.40825 0.0136119
      vertex -5.46661 -5.13349 0.0180306
    endloop
  endfacet
  facet normal -0.0353099 -0.0353096 -0.998752
    outer loop
      vertex -6.06708 -4.40799 0.0136103
      vertex -6.30266 -4.30266 0.0182152
      vertex -6.13394 -4.30276 0.0122538
    endloop
  endfacet
  facet normal -0.0358215 -0.0364563 -0.998693
    outer loop
      vertex -6.06686 -4.40825 0.0136119
      vertex -6.30266 -4.30266 0.0182152
      vertex -6.06708 -4.40799 0.0136103
    endloop
  endfacet
  facet normal -0.0353198 -0.0353198 -0.998752
    outer loop
      vertex -6.30266 -4.30266 0.0182152
      vertex -5.46661 -5.13349 0.0180306
      vertex -4.30266 -6.30266 0.0182152
    endloop
  endfacet
  facet normal -0.999376 0.000622677 0.0353117
    outer loop
      vertex -6.30141 -6.30141 0.0888376
      vertex -6.02734 -4.02734 7.80535
      vertex -6.30266 -4.30266 0.0182152
    endloop
  endfacet
  facet normal -0.992816 0.119654 0
    outer loop
      vertex -6.02734 -4.02734 7.80535
      vertex -6.30141 -6.30141 0.0888376
      vertex -6.02734 -4.02734 7.80536
    endloop
  endfacet
  facet normal -0.999376 0.000624333 0.0353111
    outer loop
      vertex -5.24204 -5.24204 30.0524
      vertex -6.02734 -4.02734 7.80536
      vertex -6.30141 -6.30141 0.0888376
    endloop
  endfacet
  facet normal -0.999376 0.000626173 0.0353103
    outer loop
      vertex -5.36037 -3.58169 26.6739
      vertex -5.24204 -5.24204 30.0524
      vertex -5.24312 -3.50334 29.991
    endloop
  endfacet
  facet normal -0.999376 0.00062834 0.0353114
    outer loop
      vertex -6.02734 -4.02734 7.80536
      vertex -5.24204 -5.24204 30.0524
      vertex -5.36037 -3.58169 26.6739
    endloop
  endfacet
  facet normal -0.000655292 0.999376 -0.0353102
    outer loop
      vertex -6.13394 -4.30276 0.0122538
      vertex -6.30266 -4.30266 0.0182152
      vertex -6.03935 -4.21155 2.59199
    endloop
  endfacet
  facet normal 0.999376 -0.000627708 -0.0353114
    outer loop
      vertex -4.30266 -6.30266 0.0182152
      vertex -4.30277 -6.12534 0.0119499
      vertex -4.20788 -6.02873 2.69579
    endloop
  endfacet
  facet normal 0.923544 0.381863 -0.0353109
    outer loop
      vertex -1.41421 -7.10973 7.80534
      vertex -1.5045 -7.00021 6.62822
      vertex -1.28478 -6.45905 18.2272
    endloop
  endfacet
  facet normal 0.923545 0.381862 -0.035311
    outer loop
      vertex -1.56321 -7.46945 0.0182152
      vertex -1.5045 -7.00021 6.62822
      vertex -1.41421 -7.10973 7.80534
    endloop
  endfacet
  facet normal 0.923541 0.381871 -0.0353117
    outer loop
      vertex -1.5045 -7.00021 6.62822
      vertex -1.56321 -7.46945 0.0182152
      vertex -1.62983 -7.3089 0.0120734
    endloop
  endfacet
  facet normal 0.92388 -0.382681 0
    outer loop
      vertex -1.56321 -7.46945 0.0182152
      vertex -1.41421 -7.10973 7.80534
      vertex -1.41421 -7.10973 7.80535
    endloop
  endfacet
  facet normal 0.0191853 0.046202 0.998748
    outer loop
      vertex -1.85381 -5.7074 29.9809
      vertex -1.23021 -6.18468 29.991
      vertex -1.17023 -5.88317 29.9759
    endloop
  endfacet
  facet normal 0.0130443 0.0513074 0.998598
    outer loop
      vertex -2.83697 -6.84905 30.0524
      vertex -1.85381 -5.7074 29.9809
      vertex -1.8544 -5.70725 29.9809
    endloop
  endfacet
  facet normal 0.0183621 0.04674 0.998738
    outer loop
      vertex -2.83697 -6.84905 30.0524
      vertex -1.8544 -5.70725 29.9809
      vertex -1.85496 -5.70703 29.9809
    endloop
  endfacet
  facet normal 0.0191099 0.046098 0.998754
    outer loop
      vertex -2.83697 -6.84905 30.0524
      vertex -1.85496 -5.70703 29.9809
      vertex -2.55507 -5.4298 29.9815
    endloop
  endfacet
  facet normal -0.14987 0.079002 0.985544
    outer loop
      vertex -2.83697 -6.84905 30.0524
      vertex -2.55507 -5.4298 29.9815
      vertex -2.55558 -5.42952 29.9814
    endloop
  endfacet
  facet normal 0.0191053 0.0460976 0.998754
    outer loop
      vertex -1.85381 -5.7074 29.9809
      vertex -2.83697 -6.84905 30.0524
      vertex -1.23021 -6.18468 29.991
    endloop
  endfacet
  facet normal 0.0192166 0.0462703 0.998744
    outer loop
      vertex -3.50334 -5.24312 29.991
      vertex -2.55558 -5.42952 29.9814
      vertex -3.21557 -5.06692 29.9773
    endloop
  endfacet
  facet normal 0.019403 0.0459668 0.998755
    outer loop
      vertex -3.50334 -5.24312 29.991
      vertex -3.21557 -5.06692 29.9773
      vertex -3.33008 -4.98382 29.9757
    endloop
  endfacet
  facet normal 0.0191929 0.0461495 0.99875
    outer loop
      vertex -2.55558 -5.42952 29.9814
      vertex -3.50334 -5.24312 29.991
      vertex -2.83697 -6.84905 30.0524
    endloop
  endfacet
  facet normal 0.383022 -0.923064 0.0353116
    outer loop
      vertex -2.83697 -6.84905 30.0524
      vertex -1.25772 -6.32299 26.6739
      vertex -1.23021 -6.18468 29.991
    endloop
  endfacet
  facet normal 0.383021 -0.923064 0.0353113
    outer loop
      vertex -2.83697 -6.84905 30.0524
      vertex -1.41421 -7.10973 7.80535
      vertex -1.25772 -6.32299 26.6739
    endloop
  endfacet
  facet normal 0.383022 -0.923064 0.0353113
    outer loop
      vertex -3.4103 -8.23319 0.0888376
      vertex -1.41421 -7.10973 7.80535
      vertex -2.83697 -6.84905 30.0524
    endloop
  endfacet
  facet normal 0.383021 -0.923064 0.0353114
    outer loop
      vertex -1.41421 -7.10973 7.80535
      vertex -3.4103 -8.23319 0.0888376
      vertex -1.56321 -7.46945 0.0182152
    endloop
  endfacet
  facet normal -0.923542 -0.381868 0.035312
    outer loop
      vertex -3.58169 -5.36037 26.6739
      vertex -2.83697 -6.84905 30.0524
      vertex -3.50334 -5.24312 29.991
    endloop
  endfacet
  facet normal -0.923542 -0.381869 0.0353114
    outer loop
      vertex -2.83697 -6.84905 30.0524
      vertex -3.58169 -5.36037 26.6739
      vertex -3.4103 -8.23319 0.0888376
    endloop
  endfacet
  facet normal -0.383024 0.923063 -0.0353107
    outer loop
      vertex -3.64618 -5.4569 18.5828
      vertex -3.97655 -6.20976 2.48574
      vertex -4.02734 -6.02734 7.80535
    endloop
  endfacet
  facet normal -0.92388 0.382681 0
    outer loop
      vertex -4.02734 -6.02734 7.80535
      vertex -4.17634 -6.38706 0.0182152
      vertex -4.02734 -6.02734 7.80536
    endloop
  endfacet
  facet normal -0.383042 0.923056 -0.0353106
    outer loop
      vertex -4.17634 -6.38706 0.0182152
      vertex -4.02734 -6.02734 7.80535
      vertex -3.97655 -6.20976 2.48574
    endloop
  endfacet
  facet normal -0.382993 0.923076 -0.035316
    outer loop
      vertex -4.01462 -6.29653 0.630641
      vertex -4.17634 -6.38706 0.0182152
      vertex -3.97655 -6.20976 2.48574
    endloop
  endfacet
  facet normal -0.383067 0.923046 -0.0352921
    outer loop
      vertex -4.17634 -6.38706 0.0182152
      vertex -4.01462 -6.29653 0.630641
      vertex -4.02731 -6.32543 0.012517
    endloop
  endfacet
  facet normal -0.0191106 -0.0461369 -0.998752
    outer loop
      vertex -1.56321 -7.46945 0.0182152
      vertex -2.31736 -7.13211 0.0170622
      vertex -1.62983 -7.3089 0.0120734
    endloop
  endfacet
  facet normal -0.0191088 -0.0461328 -0.998753
    outer loop
      vertex -1.56321 -7.46945 0.0182152
      vertex -3.19255 -6.78556 0.0177996
      vertex -2.31736 -7.13211 0.0170622
    endloop
  endfacet
  facet normal -0.0128058 -0.0311168 -0.999434
    outer loop
      vertex -1.56321 -7.46945 0.0182152
      vertex -3.19297 -6.7854 0.0178
      vertex -3.19255 -6.78556 0.0177996
    endloop
  endfacet
  facet normal -0.0191219 -0.0461036 -0.998754
    outer loop
      vertex -4.01862 -6.33174 0.0126419
      vertex -4.17634 -6.38706 0.0182152
      vertex -4.02731 -6.32543 0.012517
    endloop
  endfacet
  facet normal -0.0186444 -0.0474596 -0.998699
    outer loop
      vertex -4.01836 -6.33192 0.0126456
      vertex -4.17634 -6.38706 0.0182152
      vertex -4.01862 -6.33174 0.0126419
    endloop
  endfacet
  facet normal -0.0194254 -0.0452308 -0.998788
    outer loop
      vertex -4.01808 -6.33208 0.0126474
      vertex -4.17634 -6.38706 0.0182152
      vertex -4.01836 -6.33192 0.0126456
    endloop
  endfacet
  facet normal -0.01911 -0.0461352 -0.998752
    outer loop
      vertex -3.19297 -6.7854 0.0178
      vertex -4.17634 -6.38706 0.0182152
      vertex -4.01808 -6.33208 0.0126474
    endloop
  endfacet
  facet normal -0.0191197 -0.0461592 -0.998751
    outer loop
      vertex -4.17634 -6.38706 0.0182152
      vertex -3.19297 -6.7854 0.0178
      vertex -1.56321 -7.46945 0.0182152
    endloop
  endfacet
  facet normal -0.0191102 -0.0461362 -0.998752
    outer loop
      vertex -3.4103 -8.23319 0.0888376
      vertex -4.17634 -6.38706 0.0182152
      vertex -1.56321 -7.46945 0.0182152
    endloop
  endfacet
  facet normal -0.923542 -0.381867 0.0353112
    outer loop
      vertex -3.4103 -8.23319 0.0888376
      vertex -4.02734 -6.02734 7.80536
      vertex -4.17634 -6.38706 0.0182152
    endloop
  endfacet
  facet normal -0.923542 -0.381867 0.0353112
    outer loop
      vertex -4.02734 -6.02734 7.80536
      vertex -3.4103 -8.23319 0.0888376
      vertex -3.58169 -5.36037 26.6739
    endloop
  endfacet
  facet normal -0 0.0499285 0.998753
    outer loop
      vertex -0.376801 -5.9891 29.9812
      vertex 0 -7.41336 30.0524
      vertex 0 -5.9891 29.9812
    endloop
  endfacet
  facet normal 1.43267e-05 0.0499822 0.99875
    outer loop
      vertex -1.23021 -6.18468 29.991
      vertex -0.376801 -5.9891 29.9812
      vertex -1.12378 -5.89497 29.9765
    endloop
  endfacet
  facet normal 0.00589633 0.0478258 0.998838
    outer loop
      vertex -1.23021 -6.18468 29.991
      vertex -1.12378 -5.89497 29.9765
      vertex -1.12451 -5.89488 29.9765
    endloop
  endfacet
  facet normal -0.000281615 0.0500745 0.998745
    outer loop
      vertex -1.23021 -6.18468 29.991
      vertex -1.12451 -5.89488 29.9765
      vertex -1.17023 -5.88317 29.9759
    endloop
  endfacet
  facet normal 2.51414e-05 0.0499352 0.998752
    outer loop
      vertex -0.376801 -5.9891 29.9812
      vertex -1.23021 -6.18468 29.991
      vertex 0 -7.41336 30.0524
    endloop
  endfacet
  facet normal -0.707108 -0.706224 0.0353111
    outer loop
      vertex -1.25772 -6.32299 26.6739
      vertex 0 -7.41336 30.0524
      vertex -1.23021 -6.18468 29.991
    endloop
  endfacet
  facet normal -0.707108 -0.706223 0.0353112
    outer loop
      vertex 0 -7.41336 30.0524
      vertex -1.25772 -6.32299 26.6739
      vertex 0 -8.91154 0.0888376
    endloop
  endfacet
  facet normal 0.707108 -0.706224 0.0353111
    outer loop
      vertex 0 -7.41336 30.0524
      vertex 1.25772 -6.32299 26.6739
      vertex 1.23021 -6.18468 29.991
    endloop
  endfacet
  facet normal 0.707108 -0.706223 0.0353112
    outer loop
      vertex 1.25772 -6.32299 26.6739
      vertex 0 -7.41336 30.0524
      vertex 0 -8.91154 0.0888376
    endloop
  endfacet
  facet normal 0.000281615 0.0500745 0.998745
    outer loop
      vertex 1.12451 -5.89488 29.9765
      vertex 1.23021 -6.18468 29.991
      vertex 1.17023 -5.88317 29.9759
    endloop
  endfacet
  facet normal -0.00589633 0.0478258 0.998838
    outer loop
      vertex 1.12378 -5.89497 29.9765
      vertex 1.23021 -6.18468 29.991
      vertex 1.12451 -5.89488 29.9765
    endloop
  endfacet
  facet normal -1.43267e-05 0.0499822 0.99875
    outer loop
      vertex 0.376801 -5.9891 29.9812
      vertex 1.23021 -6.18468 29.991
      vertex 1.12378 -5.89497 29.9765
    endloop
  endfacet
  facet normal -2.51414e-05 0.0499352 0.998752
    outer loop
      vertex 0 -7.41336 30.0524
      vertex 1.23021 -6.18468 29.991
      vertex 0.376801 -5.9891 29.9812
    endloop
  endfacet
  facet normal 0 0.0499285 0.998753
    outer loop
      vertex 0 -7.41336 30.0524
      vertex 0.376801 -5.9891 29.9812
      vertex 0 -5.9891 29.9812
    endloop
  endfacet
  facet normal -0.707166 0.706166 -0.0353065
    outer loop
      vertex -1.29222 -6.77403 12.0763
      vertex -1.41421 -7.10973 7.80534
      vertex -1.28478 -6.45905 18.2272
    endloop
  endfacet
  facet normal -0.707113 0.706218 -0.0353121
    outer loop
      vertex -1.29473 -7.25319 2.54369
      vertex -1.41421 -7.10973 7.80534
      vertex -1.29222 -6.77403 12.0763
    endloop
  endfacet
  facet normal -0.707094 0.706237 -0.0353122
    outer loop
      vertex -1.41421 -7.10973 7.80534
      vertex -1.29473 -7.25319 2.54369
      vertex -1.41421 -7.49909 0.0182152
    endloop
  endfacet
  facet normal 0.707166 0.706166 -0.0353065
    outer loop
      vertex 1.41421 -7.10973 7.80534
      vertex 1.29222 -6.77403 12.0763
      vertex 1.28478 -6.45905 18.2272
    endloop
  endfacet
  facet normal 0.707113 0.706218 -0.0353121
    outer loop
      vertex 1.41421 -7.10973 7.80534
      vertex 1.29473 -7.25319 2.54369
      vertex 1.29222 -6.77403 12.0763
    endloop
  endfacet
  facet normal 0.707094 0.706237 -0.0353122
    outer loop
      vertex 1.29473 -7.25319 2.54369
      vertex 1.41421 -7.10973 7.80534
      vertex 1.41421 -7.49909 0.0182152
    endloop
  endfacet
  facet normal 0.707109 -0.706223 0.0353111
    outer loop
      vertex 0 -8.91154 0.0888376
      vertex 1.41421 -7.10973 7.80535
      vertex 1.25772 -6.32299 26.6739
    endloop
  endfacet
  facet normal 0.786636 -0.617417 0
    outer loop
      vertex 1.41421 -7.10973 7.80535
      vertex 0 -8.91154 0.0888376
      vertex 1.41421 -7.10973 7.80534
    endloop
  endfacet
  facet normal 0.707108 -0.706223 0.0353115
    outer loop
      vertex 1.41421 -7.10973 7.80534
      vertex 0 -8.91154 0.0888376
      vertex 1.41421 -7.49909 0.0182152
    endloop
  endfacet
  facet normal 0.707102 0.70623 -0.0353112
    outer loop
      vertex 1.2954 -7.38043 0.0122822
      vertex 1.29473 -7.25319 2.54369
      vertex 1.41421 -7.49909 0.0182152
    endloop
  endfacet
  facet normal 0 -0.0499375 -0.998752
    outer loop
      vertex 0 -8.91154 0.0888376
      vertex -1.41421 -7.49909 0.0182152
      vertex 1.41421 -7.49909 0.0182152
    endloop
  endfacet
  facet normal -0.786636 -0.617417 0
    outer loop
      vertex 0 -8.91154 0.0888376
      vertex -1.41421 -7.10973 7.80535
      vertex -1.41421 -7.10973 7.80534
    endloop
  endfacet
  facet normal -0.707108 -0.706223 0.0353115
    outer loop
      vertex 0 -8.91154 0.0888376
      vertex -1.41421 -7.10973 7.80534
      vertex -1.41421 -7.49909 0.0182152
    endloop
  endfacet
  facet normal -0.707109 -0.706223 0.0353111
    outer loop
      vertex -1.41421 -7.10973 7.80535
      vertex 0 -8.91154 0.0888376
      vertex -1.25772 -6.32299 26.6739
    endloop
  endfacet
  facet normal -2.15234e-07 -0.0499378 -0.998752
    outer loop
      vertex 1.41421 -7.49909 0.0182152
      vertex 0.471309 -7.48427 0.0174744
      vertex 1.2954 -7.38043 0.0122822
    endloop
  endfacet
  facet normal 4.6779e-05 -0.0469551 -0.998897
    outer loop
      vertex 1.41421 -7.49909 0.0182152
      vertex 0.470873 -7.48433 0.0174772
      vertex 0.471309 -7.48427 0.0174744
    endloop
  endfacet
  facet normal 0 -0.0499376 -0.998752
    outer loop
      vertex 1.41421 -7.49909 0.0182152
      vertex -0.470873 -7.48433 0.0174772
      vertex 0.470873 -7.48433 0.0174772
    endloop
  endfacet
  facet normal 2.15234e-07 -0.0499378 -0.998752
    outer loop
      vertex -0.471309 -7.48427 0.0174744
      vertex -1.41421 -7.49909 0.0182152
      vertex -1.2954 -7.38043 0.0122822
    endloop
  endfacet
  facet normal -4.6779e-05 -0.0469551 -0.998897
    outer loop
      vertex -0.470873 -7.48433 0.0174772
      vertex -1.41421 -7.49909 0.0182152
      vertex -0.471309 -7.48427 0.0174744
    endloop
  endfacet
  facet normal 0 -0.0499376 -0.998752
    outer loop
      vertex -1.41421 -7.49909 0.0182152
      vertex -0.470873 -7.48433 0.0174772
      vertex 1.41421 -7.49909 0.0182152
    endloop
  endfacet
  facet normal -0.707102 0.70623 -0.0353112
    outer loop
      vertex -1.2954 -7.38043 0.0122822
      vertex -1.41421 -7.49909 0.0182152
      vertex -1.29473 -7.25319 2.54369
    endloop
  endfacet
  facet normal 0.0191102 -0.0461362 -0.998752
    outer loop
      vertex 3.4103 -8.23319 0.0888376
      vertex 1.56321 -7.46945 0.0182152
      vertex 4.17634 -6.38706 0.0182152
    endloop
  endfacet
  facet normal 0.923542 -0.381868 0.035312
    outer loop
      vertex 2.83697 -6.84905 30.0524
      vertex 3.58169 -5.36037 26.6739
      vertex 3.50334 -5.24312 29.991
    endloop
  endfacet
  facet normal 0.923542 -0.381869 0.0353114
    outer loop
      vertex 3.58169 -5.36037 26.6739
      vertex 2.83697 -6.84905 30.0524
      vertex 3.4103 -8.23319 0.0888376
    endloop
  endfacet
  facet normal -0.019403 0.0459668 0.998755
    outer loop
      vertex 3.21557 -5.06692 29.9773
      vertex 3.50334 -5.24312 29.991
      vertex 3.33008 -4.98382 29.9757
    endloop
  endfacet
  facet normal -0.0192166 0.0462703 0.998744
    outer loop
      vertex 2.55558 -5.42952 29.9814
      vertex 3.50334 -5.24312 29.991
      vertex 3.21557 -5.06692 29.9773
    endloop
  endfacet
  facet normal -0.0191929 0.0461495 0.99875
    outer loop
      vertex 3.50334 -5.24312 29.991
      vertex 2.55558 -5.42952 29.9814
      vertex 2.83697 -6.84905 30.0524
    endloop
  endfacet
  facet normal 0.14987 0.079002 0.985544
    outer loop
      vertex 2.55507 -5.4298 29.9815
      vertex 2.83697 -6.84905 30.0524
      vertex 2.55558 -5.42952 29.9814
    endloop
  endfacet
  facet normal -0.0191099 0.046098 0.998754
    outer loop
      vertex 1.85496 -5.70703 29.9809
      vertex 2.83697 -6.84905 30.0524
      vertex 2.55507 -5.4298 29.9815
    endloop
  endfacet
  facet normal -0.0183621 0.04674 0.998738
    outer loop
      vertex 1.8544 -5.70725 29.9809
      vertex 2.83697 -6.84905 30.0524
      vertex 1.85496 -5.70703 29.9809
    endloop
  endfacet
  facet normal -0.0130443 0.0513074 0.998598
    outer loop
      vertex 1.85381 -5.7074 29.9809
      vertex 2.83697 -6.84905 30.0524
      vertex 1.8544 -5.70725 29.9809
    endloop
  endfacet
  facet normal -0.0191053 0.0460976 0.998754
    outer loop
      vertex 1.85381 -5.7074 29.9809
      vertex 1.23021 -6.18468 29.991
      vertex 2.83697 -6.84905 30.0524
    endloop
  endfacet
  facet normal -0.0191853 0.046202 0.998748
    outer loop
      vertex 1.23021 -6.18468 29.991
      vertex 1.85381 -5.7074 29.9809
      vertex 1.17023 -5.88317 29.9759
    endloop
  endfacet
  facet normal 0.923542 -0.381867 0.0353112
    outer loop
      vertex 3.4103 -8.23319 0.0888376
      vertex 4.02734 -6.02734 7.80536
      vertex 3.58169 -5.36037 26.6739
    endloop
  endfacet
  facet normal 0.923542 -0.381867 0.0353112
    outer loop
      vertex 4.02734 -6.02734 7.80536
      vertex 3.4103 -8.23319 0.0888376
      vertex 4.17634 -6.38706 0.0182152
    endloop
  endfacet
  facet normal -0.923544 0.381863 -0.0353109
    outer loop
      vertex 1.5045 -7.00021 6.62822
      vertex 1.41421 -7.10973 7.80534
      vertex 1.28478 -6.45905 18.2272
    endloop
  endfacet
  facet normal -0.923541 0.381871 -0.0353117
    outer loop
      vertex 1.56321 -7.46945 0.0182152
      vertex 1.5045 -7.00021 6.62822
      vertex 1.62983 -7.3089 0.0120734
    endloop
  endfacet
  facet normal -0.923545 0.381862 -0.035311
    outer loop
      vertex 1.5045 -7.00021 6.62822
      vertex 1.56321 -7.46945 0.0182152
      vertex 1.41421 -7.10973 7.80534
    endloop
  endfacet
  facet normal -0.92388 -0.382681 0
    outer loop
      vertex 1.41421 -7.10973 7.80534
      vertex 1.56321 -7.46945 0.0182152
      vertex 1.41421 -7.10973 7.80535
    endloop
  endfacet
  facet normal 0.0191219 -0.0461036 -0.998754
    outer loop
      vertex 4.17634 -6.38706 0.0182152
      vertex 4.01862 -6.33174 0.0126419
      vertex 4.02731 -6.32543 0.012517
    endloop
  endfacet
  facet normal 0.0186444 -0.0474596 -0.998699
    outer loop
      vertex 4.17634 -6.38706 0.0182152
      vertex 4.01836 -6.33192 0.0126456
      vertex 4.01862 -6.33174 0.0126419
    endloop
  endfacet
  facet normal 0.0194254 -0.0452308 -0.998788
    outer loop
      vertex 4.17634 -6.38706 0.0182152
      vertex 4.01808 -6.33208 0.0126474
      vertex 4.01836 -6.33192 0.0126456
    endloop
  endfacet
  facet normal 0.01911 -0.0461352 -0.998752
    outer loop
      vertex 4.17634 -6.38706 0.0182152
      vertex 3.19297 -6.7854 0.0178
      vertex 4.01808 -6.33208 0.0126474
    endloop
  endfacet
  facet normal 0.0128058 -0.0311168 -0.999434
    outer loop
      vertex 1.56321 -7.46945 0.0182152
      vertex 3.19255 -6.78556 0.0177996
      vertex 3.19297 -6.7854 0.0178
    endloop
  endfacet
  facet normal 0.0191106 -0.0461369 -0.998752
    outer loop
      vertex 2.31736 -7.13211 0.0170622
      vertex 1.56321 -7.46945 0.0182152
      vertex 1.62983 -7.3089 0.0120734
    endloop
  endfacet
  facet normal 0.0191088 -0.0461328 -0.998753
    outer loop
      vertex 3.19255 -6.78556 0.0177996
      vertex 1.56321 -7.46945 0.0182152
      vertex 2.31736 -7.13211 0.0170622
    endloop
  endfacet
  facet normal 0.0191197 -0.0461592 -0.998751
    outer loop
      vertex 1.56321 -7.46945 0.0182152
      vertex 3.19297 -6.7854 0.0178
      vertex 4.17634 -6.38706 0.0182152
    endloop
  endfacet
  facet normal 0.382993 0.923076 -0.035316
    outer loop
      vertex 4.17634 -6.38706 0.0182152
      vertex 4.01462 -6.29653 0.630641
      vertex 3.97655 -6.20976 2.48574
    endloop
  endfacet
  facet normal 0.383067 0.923046 -0.0352921
    outer loop
      vertex 4.01462 -6.29653 0.630641
      vertex 4.17634 -6.38706 0.0182152
      vertex 4.02731 -6.32543 0.012517
    endloop
  endfacet
  facet normal 0.383042 0.923056 -0.0353106
    outer loop
      vertex 4.02734 -6.02734 7.80535
      vertex 4.17634 -6.38706 0.0182152
      vertex 3.97655 -6.20976 2.48574
    endloop
  endfacet
  facet normal 0.92388 0.382681 0
    outer loop
      vertex 4.17634 -6.38706 0.0182152
      vertex 4.02734 -6.02734 7.80535
      vertex 4.02734 -6.02734 7.80536
    endloop
  endfacet
  facet normal 0.383024 0.923063 -0.0353107
    outer loop
      vertex 3.64618 -5.4569 18.5828
      vertex 4.02734 -6.02734 7.80535
      vertex 3.97655 -6.20976 2.48574
    endloop
  endfacet
  facet normal -0.383022 -0.923064 0.0353116
    outer loop
      vertex 1.25772 -6.32299 26.6739
      vertex 2.83697 -6.84905 30.0524
      vertex 1.23021 -6.18468 29.991
    endloop
  endfacet
  facet normal -0.383021 -0.923064 0.0353113
    outer loop
      vertex 1.41421 -7.10973 7.80535
      vertex 2.83697 -6.84905 30.0524
      vertex 1.25772 -6.32299 26.6739
    endloop
  endfacet
  facet normal -0.383022 -0.923064 0.0353113
    outer loop
      vertex 1.41421 -7.10973 7.80535
      vertex 3.4103 -8.23319 0.0888376
      vertex 2.83697 -6.84905 30.0524
    endloop
  endfacet
  facet normal -0.383021 -0.923064 0.0353114
    outer loop
      vertex 3.4103 -8.23319 0.0888376
      vertex 1.41421 -7.10973 7.80535
      vertex 1.56321 -7.46945 0.0182152
    endloop
  endfacet
  facet normal 0.000631815 0.999376 -0.0353107
    outer loop
      vertex 6.02734 -4.02734 7.80535
      vertex 6.03935 -4.21155 2.59199
      vertex 5.44442 -3.63785 18.8184
    endloop
  endfacet
  facet normal 0.000651078 0.999376 -0.0353107
    outer loop
      vertex 6.03935 -4.21155 2.59199
      vertex 6.02734 -4.02734 7.80535
      vertex 6.30266 -4.30266 0.0182152
    endloop
  endfacet
  facet normal -0.0353753 0.0355689 0.998741
    outer loop
      vertex 4.85536 -3.52677 29.9781
      vertex 5.24312 -3.50334 29.991
      vertex 4.98137 -3.32844 29.9755
    endloop
  endfacet
  facet normal -0.0345495 0.0216666 0.999168
    outer loop
      vertex 4.85499 -3.52736 29.9781
      vertex 5.24312 -3.50334 29.991
      vertex 4.85536 -3.52677 29.9781
    endloop
  endfacet
  facet normal -0.0353799 0.0353087 0.99875
    outer loop
      vertex 4.37485 -4.10747 29.9816
      vertex 5.24312 -3.50334 29.991
      vertex 4.85499 -3.52736 29.9781
    endloop
  endfacet
  facet normal -0.035368 0.0352916 0.998751
    outer loop
      vertex 5.24312 -3.50334 29.991
      vertex 4.37485 -4.10747 29.9816
      vertex 5.24204 -5.24204 30.0524
    endloop
  endfacet
  facet normal -0.0388241 0.0326476 0.998713
    outer loop
      vertex 4.37448 -4.10791 29.9816
      vertex 5.24204 -5.24204 30.0524
      vertex 4.37485 -4.10747 29.9816
    endloop
  endfacet
  facet normal -0.033851 0.0364549 0.998762
    outer loop
      vertex 4.37406 -4.1083 29.9816
      vertex 5.24204 -5.24204 30.0524
      vertex 4.37448 -4.10791 29.9816
    endloop
  endfacet
  facet normal -0.0352408 0.0353902 0.998752
    outer loop
      vertex 3.82517 -4.62383 29.9805
      vertex 5.24204 -5.24204 30.0524
      vertex 4.37406 -4.1083 29.9816
    endloop
  endfacet
  facet normal -0.0194952 0.0270766 0.999443
    outer loop
      vertex 3.50334 -5.24312 29.991
      vertex 3.82517 -4.62383 29.9805
      vertex 3.82467 -4.62419 29.9805
    endloop
  endfacet
  facet normal -0.0352917 0.035274 0.998754
    outer loop
      vertex 3.82517 -4.62383 29.9805
      vertex 3.50334 -5.24312 29.991
      vertex 5.24204 -5.24204 30.0524
    endloop
  endfacet
  facet normal -0.0353624 0.0353027 0.998751
    outer loop
      vertex 3.50334 -5.24312 29.991
      vertex 3.82467 -4.62419 29.9805
      vertex 3.33008 -4.98382 29.9757
    endloop
  endfacet
  facet normal 0.992816 0.119654 0
    outer loop
      vertex 6.30141 -6.30141 0.0888376
      vertex 6.02734 -4.02734 7.80535
      vertex 6.02734 -4.02734 7.80536
    endloop
  endfacet
  facet normal 0.999376 0.00062834 0.0353114
    outer loop
      vertex 5.24204 -5.24204 30.0524
      vertex 6.02734 -4.02734 7.80536
      vertex 5.36037 -3.58169 26.6739
    endloop
  endfacet
  facet normal 0.999376 0.000626173 0.0353103
    outer loop
      vertex 5.24204 -5.24204 30.0524
      vertex 5.36037 -3.58169 26.6739
      vertex 5.24312 -3.50334 29.991
    endloop
  endfacet
  facet normal 0.999376 0.000624333 0.0353111
    outer loop
      vertex 6.02734 -4.02734 7.80536
      vertex 5.24204 -5.24204 30.0524
      vertex 6.30141 -6.30141 0.0888376
    endloop
  endfacet
  facet normal 0.999376 0.000622677 0.0353117
    outer loop
      vertex 6.02734 -4.02734 7.80535
      vertex 6.30141 -6.30141 0.0888376
      vertex 6.30266 -4.30266 0.0182152
    endloop
  endfacet
  facet normal 0.0353113 -0.0353113 -0.998752
    outer loop
      vertex 6.30141 -6.30141 0.0888376
      vertex 4.30266 -6.30266 0.0182152
      vertex 6.30266 -4.30266 0.0182152
    endloop
  endfacet
  facet normal -0.999376 -0.000598198 -0.0353127
    outer loop
      vertex 3.95496 -5.77125 9.84942
      vertex 4.02734 -6.02734 7.80535
      vertex 3.64618 -5.4569 18.5828
    endloop
  endfacet
  facet normal -0.999376 -0.000607399 -0.0353116
    outer loop
      vertex 4.20788 -6.02873 2.69579
      vertex 4.02734 -6.02734 7.80535
      vertex 3.95496 -5.77125 9.84942
    endloop
  endfacet
  facet normal -0.999376 -0.000626242 -0.0353116
    outer loop
      vertex 4.02734 -6.02734 7.80535
      vertex 4.20788 -6.02873 2.69579
      vertex 4.30266 -6.30266 0.0182152
    endloop
  endfacet
  facet normal 0.0353099 -0.0353096 -0.998752
    outer loop
      vertex 6.30266 -4.30266 0.0182152
      vertex 6.06708 -4.40799 0.0136103
      vertex 6.13394 -4.30276 0.0122538
    endloop
  endfacet
  facet normal 0.0358215 -0.0364563 -0.998693
    outer loop
      vertex 6.30266 -4.30266 0.0182152
      vertex 6.06686 -4.40825 0.0136119
      vertex 6.06708 -4.40799 0.0136103
    endloop
  endfacet
  facet normal 0.0353087 -0.0353087 -0.998753
    outer loop
      vertex 6.30266 -4.30266 0.0182152
      vertex 5.46661 -5.13349 0.0180306
      vertex 6.06686 -4.40825 0.0136119
    endloop
  endfacet
  facet normal 0.0353119 -0.0353111 -0.998752
    outer loop
      vertex 4.78015 -5.77821 0.0165553
      vertex 4.30266 -6.30266 0.0182152
      vertex 4.30277 -6.12534 0.0119499
    endloop
  endfacet
  facet normal 0.0269667 -0.0277147 -0.999252
    outer loop
      vertex 4.78046 -5.77793 0.0165559
      vertex 4.30266 -6.30266 0.0182152
      vertex 4.78015 -5.77821 0.0165553
    endloop
  endfacet
  facet normal 0.0353124 -0.0353125 -0.998752
    outer loop
      vertex 5.46661 -5.13349 0.0180306
      vertex 4.30266 -6.30266 0.0182152
      vertex 4.78046 -5.77793 0.0165559
    endloop
  endfacet
  facet normal 0.0353198 -0.0353198 -0.998752
    outer loop
      vertex 4.30266 -6.30266 0.0182152
      vertex 5.46661 -5.13349 0.0180306
      vertex 6.30266 -4.30266 0.0182152
    endloop
  endfacet
  facet normal -0.000626173 -0.999376 0.0353103
    outer loop
      vertex 3.58169 -5.36037 26.6739
      vertex 5.24204 -5.24204 30.0524
      vertex 3.50334 -5.24312 29.991
    endloop
  endfacet
  facet normal -0.00062834 -0.999376 0.0353114
    outer loop
      vertex 4.02734 -6.02734 7.80536
      vertex 5.24204 -5.24204 30.0524
      vertex 3.58169 -5.36037 26.6739
    endloop
  endfacet
  facet normal -0.119654 -0.992816 0
    outer loop
      vertex 6.30141 -6.30141 0.0888376
      vertex 4.02734 -6.02734 7.80536
      vertex 4.02734 -6.02734 7.80535
    endloop
  endfacet
  facet normal -0.000624333 -0.999376 0.0353111
    outer loop
      vertex 4.02734 -6.02734 7.80536
      vertex 6.30141 -6.30141 0.0888376
      vertex 5.24204 -5.24204 30.0524
    endloop
  endfacet
  facet normal -0.000622677 -0.999376 0.0353117
    outer loop
      vertex 6.30141 -6.30141 0.0888376
      vertex 4.02734 -6.02734 7.80535
      vertex 4.30266 -6.30266 0.0182152
    endloop
  endfacet
  facet normal -0.999376 -0.000627708 -0.0353114
    outer loop
      vertex 4.30266 -6.30266 0.0182152
      vertex 4.20788 -6.02873 2.69579
      vertex 4.30277 -6.12534 0.0119499
    endloop
  endfacet
  facet normal 0.000655292 0.999376 -0.0353102
    outer loop
      vertex 6.13394 -4.30276 0.0122538
      vertex 6.03935 -4.21155 2.59199
      vertex 6.30266 -4.30266 0.0182152
    endloop
  endfacet
  facet normal -0.0463648 0.0191225 0.998742
    outer loop
      vertex 5.25872 -2.891 29.98
      vertex 4.98137 -3.32844 29.9755
      vertex 5.24312 -3.50334 29.991
    endloop
  endfacet
  facet normal -0.0461221 0.0190182 0.998755
    outer loop
      vertex 5.81265 -1.49175 29.9788
      vertex 6.18468 -1.23021 29.991
      vertex 5.87448 -1.1685 29.9755
    endloop
  endfacet
  facet normal -0.0376563 0.00695193 0.999267
    outer loop
      vertex 5.81253 -1.4924 29.9788
      vertex 6.18468 -1.23021 29.991
      vertex 5.81265 -1.49175 29.9788
    endloop
  endfacet
  facet normal -0.0425967 0.0139771 0.998995
    outer loop
      vertex 5.81232 -1.49304 29.9788
      vertex 6.18468 -1.23021 29.991
      vertex 5.81253 -1.4924 29.9788
    endloop
  endfacet
  facet normal -0.0461834 0.0190697 0.998751
    outer loop
      vertex 6.18468 -1.23021 29.991
      vertex 5.81232 -1.49304 29.9788
      vertex 6.84905 -2.83697 30.0524
    endloop
  endfacet
  facet normal -0.0461915 0.0190635 0.998751
    outer loop
      vertex 5.57951 -2.20908 29.9817
      vertex 6.84905 -2.83697 30.0524
      vertex 5.81232 -1.49304 29.9788
    endloop
  endfacet
  facet normal -0.0449355 0.0216036 0.998756
    outer loop
      vertex 5.57926 -2.2096 29.9817
      vertex 6.84905 -2.83697 30.0524
      vertex 5.57951 -2.20908 29.9817
    endloop
  endfacet
  facet normal -0.0461207 0.0192041 0.998751
    outer loop
      vertex 5.25872 -2.891 29.98
      vertex 6.84905 -2.83697 30.0524
      vertex 5.57926 -2.2096 29.9817
    endloop
  endfacet
  facet normal -0.0461178 0.0191164 0.998753
    outer loop
      vertex 5.24312 -3.50334 29.991
      vertex 6.84905 -2.83697 30.0524
      vertex 5.25872 -2.891 29.98
    endloop
  endfacet
  facet normal -0.382907 0.92311 -0.0353706
    outer loop
      vertex 7.10973 -1.41421 7.80534
      vertex 6.43074 -1.2823 18.5984
      vertex 6.4148 -1.27598 18.9359
    endloop
  endfacet
  facet normal -0.381861 0.923545 -0.035311
    outer loop
      vertex 7.30863 -1.62994 0.0120633
      vertex 7.10973 -1.41421 7.80534
      vertex 7.46945 -1.56321 0.0182152
    endloop
  endfacet
  facet normal -0.381881 0.923537 -0.0353113
    outer loop
      vertex 7.10973 -1.41421 7.80534
      vertex 7.30863 -1.62994 0.0120633
      vertex 6.43074 -1.2823 18.5984
    endloop
  endfacet
  facet normal 0.382681 0.92388 -0
    outer loop
      vertex 7.10973 -1.41421 7.80534
      vertex 7.10973 -1.41421 7.80535
      vertex 7.46945 -1.56321 0.0182152
    endloop
  endfacet
  facet normal 0.923064 0.383021 0.0353113
    outer loop
      vertex 6.84905 -2.83697 30.0524
      vertex 7.10973 -1.41421 7.80535
      vertex 6.32299 -1.25772 26.6739
    endloop
  endfacet
  facet normal 0.923064 0.383022 0.0353116
    outer loop
      vertex 6.84905 -2.83697 30.0524
      vertex 6.32299 -1.25772 26.6739
      vertex 6.18468 -1.23021 29.991
    endloop
  endfacet
  facet normal 0.923064 0.383022 0.0353113
    outer loop
      vertex 7.10973 -1.41421 7.80535
      vertex 6.84905 -2.83697 30.0524
      vertex 8.23319 -3.4103 0.0888376
    endloop
  endfacet
  facet normal 0.923064 0.383021 0.0353114
    outer loop
      vertex 7.10973 -1.41421 7.80535
      vertex 8.23319 -3.4103 0.0888376
      vertex 7.46945 -1.56321 0.0182152
    endloop
  endfacet
  facet normal 0.381868 -0.923542 0.035312
    outer loop
      vertex 5.36037 -3.58169 26.6739
      vertex 6.84905 -2.83697 30.0524
      vertex 5.24312 -3.50334 29.991
    endloop
  endfacet
  facet normal 0.381869 -0.923542 0.0353114
    outer loop
      vertex 6.84905 -2.83697 30.0524
      vertex 5.36037 -3.58169 26.6739
      vertex 8.23319 -3.4103 0.0888376
    endloop
  endfacet
  facet normal -0.923065 -0.38302 -0.0353118
    outer loop
      vertex 6.19297 -3.95762 2.71947
      vertex 6.02734 -4.02734 7.80535
      vertex 5.44442 -3.63785 18.8184
    endloop
  endfacet
  facet normal -0.382681 -0.92388 0
    outer loop
      vertex 6.02734 -4.02734 7.80535
      vertex 6.38706 -4.17634 0.0182152
      vertex 6.02734 -4.02734 7.80536
    endloop
  endfacet
  facet normal -0.923068 -0.383012 -0.0353118
    outer loop
      vertex 6.38706 -4.17634 0.0182152
      vertex 6.02734 -4.02734 7.80535
      vertex 6.19297 -3.95762 2.71947
    endloop
  endfacet
  facet normal -0.923064 -0.383022 -0.0353106
    outer loop
      vertex 6.38706 -4.17634 0.0182152
      vertex 6.19297 -3.95762 2.71947
      vertex 6.31886 -4.0114 0.0119089
    endloop
  endfacet
  facet normal 0.0461348 -0.0191096 -0.998752
    outer loop
      vertex 7.46945 -1.56321 0.0182152
      vertex 7.26367 -1.86499 0.0144838
      vertex 7.30863 -1.62994 0.0120633
    endloop
  endfacet
  facet normal 0.0461344 -0.0191092 -0.998752
    outer loop
      vertex 7.46945 -1.56321 0.0182152
      vertex 6.97262 -2.76017 0.0181672
      vertex 7.26367 -1.86499 0.0144838
    endloop
  endfacet
  facet normal 0.0471605 -0.0195352 -0.998696
    outer loop
      vertex 7.46945 -1.56321 0.0182152
      vertex 6.97248 -2.7606 0.018169
      vertex 6.97262 -2.76017 0.0181672
    endloop
  endfacet
  facet normal 0.0462992 -0.0191777 -0.998744
    outer loop
      vertex 6.38706 -4.17634 0.0182152
      vertex 6.97248 -2.7606 0.018169
      vertex 7.46945 -1.56321 0.0182152
    endloop
  endfacet
  facet normal 0.0461349 -0.0191097 -0.998752
    outer loop
      vertex 6.38706 -4.17634 0.0182152
      vertex 6.57177 -3.61241 0.0159574
      vertex 6.97248 -2.7606 0.018169
    endloop
  endfacet
  facet normal 0.0448985 -0.018705 -0.998816
    outer loop
      vertex 6.38706 -4.17634 0.0182152
      vertex 6.5716 -3.61277 0.0159565
      vertex 6.57177 -3.61241 0.0159574
    endloop
  endfacet
  facet normal 0.0492136 -0.0201171 -0.998586
    outer loop
      vertex 6.38706 -4.17634 0.0182152
      vertex 6.57139 -3.61311 0.015953
      vertex 6.5716 -3.61277 0.0159565
    endloop
  endfacet
  facet normal 0.0461349 -0.0191102 -0.998752
    outer loop
      vertex 6.57139 -3.61311 0.015953
      vertex 6.38706 -4.17634 0.0182152
      vertex 6.31886 -4.0114 0.0119089
    endloop
  endfacet
  facet normal 0.0461362 -0.0191102 -0.998752
    outer loop
      vertex 8.23319 -3.4103 0.0888376
      vertex 6.38706 -4.17634 0.0182152
      vertex 7.46945 -1.56321 0.0182152
    endloop
  endfacet
  facet normal 0.381867 -0.923542 0.0353112
    outer loop
      vertex 6.02734 -4.02734 7.80536
      vertex 8.23319 -3.4103 0.0888376
      vertex 5.36037 -3.58169 26.6739
    endloop
  endfacet
  facet normal 0.381867 -0.923542 0.0353112
    outer loop
      vertex 8.23319 -3.4103 0.0888376
      vertex 6.02734 -4.02734 7.80536
      vertex 6.38706 -4.17634 0.0182152
    endloop
  endfacet
  facet normal 0.996791 0.0627112 0.0497458
    outer loop
      vertex 7.5 0 0
      vertex 7.44013 0.93952 0.0152671
      vertex 7.49909 1.51581e-05 0.0182152
    endloop
  endfacet
  facet normal 0.998754 0 0.049896
    outer loop
      vertex 7.5 0 0
      vertex 7.49909 1.51581e-05 0.0182152
      vertex 7.49909 0 0.0182152
    endloop
  endfacet
  facet normal 0.996797 0.0627134 0.0496297
    outer loop
      vertex 7.44013 0.93952 0.0152671
      vertex 7.5 0 0
      vertex 7.44086 0.939999 0
    endloop
  endfacet
  facet normal 0.996315 0.0698156 0.0498158
    outer loop
      vertex 6.00087 0.000570827 29.9818
      vertex 6 0 30
      vertex 6.00091 0 29.9818
    endloop
  endfacet
  facet normal 0.769551 -0.636619 0.0500798
    outer loop
      vertex 5.46661 -5.13349 0.0180306
      vertex 6.06763 -4.40839 0
      vertex 6.06686 -4.40825 0.0136119
    endloop
  endfacet
  facet normal 0.769572 -0.636656 0.0492819
    outer loop
      vertex 6.06763 -4.40839 0
      vertex 5.46661 -5.13349 0.0180306
      vertex 5.46726 -5.1341 0
    endloop
  endfacet
  facet normal 0.764411 -0.6428 0.0498434
    outer loop
      vertex 4.37485 -4.10747 29.9816
      vertex 4.37381 -4.10728 30
      vertex 4.37448 -4.10791 29.9816
    endloop
  endfacet
  facet normal 0.481169 -0.875238 0.0493384
    outer loop
      vertex 3.19334 -6.7862 0
      vertex 4.01808 -6.33208 0.0126474
      vertex 3.19297 -6.7854 0.0178
    endloop
  endfacet
  facet normal 0.481149 -0.875218 0.0498834
    outer loop
      vertex 4.01808 -6.33208 0.0126474
      vertex 3.19334 -6.7862 0
      vertex 4.0187 -6.33246 0
    endloop
  endfacet
  facet normal 0.488154 -0.871332 0.049854
    outer loop
      vertex 2.55558 -5.42952 29.9814
      vertex 2.55468 -5.42896 30
      vertex 2.55507 -5.4298 29.9815
    endloop
  endfacet
  facet normal -0.769543 -0.636622 0.0501688
    outer loop
      vertex -4.85499 -3.52736 29.9781
      vertex -4.37381 -4.10728 30
      vertex -4.8541 -3.52671 30
    endloop
  endfacet
  facet normal -0.769544 -0.636627 0.0500699
    outer loop
      vertex -4.37381 -4.10728 30
      vertex -4.85499 -3.52736 29.9781
      vertex -4.37485 -4.10747 29.9816
    endloop
  endfacet
  facet normal -0.762591 -0.644963 0.0497719
    outer loop
      vertex -6.06708 -4.40799 0.0136103
      vertex -6.06763 -4.40839 0
      vertex -6.06686 -4.40825 0.0136119
    endloop
  endfacet
  facet normal -0.769572 0.636656 0.0492819
    outer loop
      vertex -6.06763 4.40839 0
      vertex -5.46661 5.13349 0.0180306
      vertex -5.46726 5.1341 0
    endloop
  endfacet
  facet normal -0.769551 0.636619 0.0500798
    outer loop
      vertex -5.46661 5.13349 0.0180306
      vertex -6.06763 4.40839 0
      vertex -6.06686 4.40825 0.0136119
    endloop
  endfacet
  facet normal -0.764411 0.6428 0.0498434
    outer loop
      vertex -4.37448 4.10791 29.9816
      vertex -4.37485 4.10747 29.9816
      vertex -4.37381 4.10728 30
    endloop
  endfacet
  facet normal -0.248378 -0.967376 0.0499157
    outer loop
      vertex -1.17023 -5.88317 29.9759
      vertex -1.8541 -5.70634 30
      vertex -1.85381 -5.7074 29.9809
    endloop
  endfacet
  facet normal -0.248375 -0.967374 0.0499813
    outer loop
      vertex -1.8541 -5.70634 30
      vertex -1.17023 -5.88317 29.9759
      vertex -1.12429 -5.89372 30
    endloop
  endfacet
  facet normal -0.248421 -0.967357 0.050076
    outer loop
      vertex -1.12429 -5.89372 30
      vertex -1.17023 -5.88317 29.9759
      vertex -1.12451 -5.89488 29.9765
    endloop
  endfacet
  facet normal -0.248369 -0.967383 0.0498389
    outer loop
      vertex -1.5045 -7.00021 6.62822
      vertex -1.29222 -6.77403 12.0763
      vertex -1.28478 -6.45905 18.2272
    endloop
  endfacet
  facet normal -0.248382 -0.967379 0.0498393
    outer loop
      vertex -1.29222 -6.77403 12.0763
      vertex -1.5045 -7.00021 6.62822
      vertex -1.40536 -7.36715 0
    endloop
  endfacet
  facet normal 0.367663 -0.928608 0.0501011
    outer loop
      vertex 1.85496 -5.70703 29.9809
      vertex 2.55468 -5.42896 30
      vertex 1.8541 -5.70634 30
    endloop
  endfacet
  facet normal 0.367671 -0.928615 0.0499151
    outer loop
      vertex 2.55468 -5.42896 30
      vertex 1.85496 -5.70703 29.9809
      vertex 2.55507 -5.4298 29.9815
    endloop
  endfacet
  facet normal 0.355521 -0.933365 0.049339
    outer loop
      vertex 3.19297 -6.7854 0.0178
      vertex 3.19255 -6.78556 0.0177996
      vertex 3.19334 -6.7862 0
    endloop
  endfacet
  facet normal -0.125179 0.990877 0.0499367
    outer loop
      vertex -1.12378 5.89497 29.9765
      vertex -0.376742 5.98816 30
      vertex -0.376801 5.9891 29.9812
    endloop
  endfacet
  facet normal -0.12518 0.990874 0.0499894
    outer loop
      vertex -0.376742 5.98816 30
      vertex -1.12378 5.89497 29.9765
      vertex -1.12429 5.89372 30
    endloop
  endfacet
  facet normal -0.136475 0.989397 0.0496808
    outer loop
      vertex -0.470928 7.4852 0
      vertex -0.471309 7.48427 0.0174744
      vertex -0.470873 7.48433 0.0174772
    endloop
  endfacet
  facet normal 0.843266 -0.53517 0.0499478
    outer loop
      vertex 5.25784 -2.89052 30
      vertex 4.98137 -3.32844 29.9755
      vertex 5.25872 -2.891 29.98
    endloop
  endfacet
  facet normal 0.843284 -0.535166 0.0496866
    outer loop
      vertex 4.8541 -3.52671 30
      vertex 4.98137 -3.32844 29.9755
      vertex 5.25784 -2.89052 30
    endloop
  endfacet
  facet normal 0.843288 -0.535132 0.0499841
    outer loop
      vertex 4.98137 -3.32844 29.9755
      vertex 4.8541 -3.52671 30
      vertex 4.85536 -3.52677 29.9781
    endloop
  endfacet
  facet normal 0.849514 -0.525212 0.0497754
    outer loop
      vertex 6.5716 -3.61277 0.0159565
      vertex 6.57139 -3.61311 0.015953
      vertex 6.5723 -3.61315 0
    endloop
  endfacet
  facet normal 0.365195 -0.929586 0.0500252
    outer loop
      vertex 1.85496 -5.70703 29.9809
      vertex 1.8541 -5.70634 30
      vertex 1.8544 -5.70725 29.9809
    endloop
  endfacet
  facet normal 0.367664 -0.928619 0.0499027
    outer loop
      vertex 2.31763 -7.13292 0
      vertex 3.19255 -6.78556 0.0177996
      vertex 2.31736 -7.13211 0.0170622
    endloop
  endfacet
  facet normal 0.367671 -0.928626 0.0497079
    outer loop
      vertex 3.19255 -6.78556 0.0177996
      vertex 2.31763 -7.13292 0
      vertex 3.19334 -6.7862 0
    endloop
  endfacet
  facet normal 0.769572 0.636656 0.0492819
    outer loop
      vertex 5.46661 5.13349 0.0180306
      vertex 6.06763 4.40839 0
      vertex 5.46726 5.1341 0
    endloop
  endfacet
  facet normal 0.769551 0.636619 0.0500798
    outer loop
      vertex 6.06763 4.40839 0
      vertex 5.46661 5.13349 0.0180306
      vertex 6.06686 4.40825 0.0136119
    endloop
  endfacet
  facet normal 0.764411 0.6428 0.0498434
    outer loop
      vertex 4.37448 4.10791 29.9816
      vertex 4.37381 4.10728 30
      vertex 4.37485 4.10747 29.9816
    endloop
  endfacet
  facet normal 0.903701 0.425238 0.0499686
    outer loop
      vertex 5.25784 2.89052 30
      vertex 5.57926 2.2096 29.9817
      vertex 5.25872 2.891 29.98
    endloop
  endfacet
  facet normal 0.903721 0.425263 0.0493829
    outer loop
      vertex 5.57926 2.2096 29.9817
      vertex 5.25784 2.89052 30
      vertex 5.57866 2.20875 30
    endloop
  endfacet
  facet normal 0.90308 0.426579 0.0497763
    outer loop
      vertex 6.5723 3.61315 0
      vertex 6.5716 3.61277 0.0159565
      vertex 6.57177 3.61241 0.0159574
    endloop
  endfacet
  facet normal 0.998754 -0 0.049896
    outer loop
      vertex 7.49909 -1.51581e-05 0.0182152
      vertex 7.5 0 0
      vertex 7.49909 0 0.0182152
    endloop
  endfacet
  facet normal 0.996791 -0.0627112 0.0497458
    outer loop
      vertex 7.44013 -0.93952 0.0152671
      vertex 7.5 0 0
      vertex 7.49909 -1.51581e-05 0.0182152
    endloop
  endfacet
  facet normal 0.996797 -0.0627134 0.0496297
    outer loop
      vertex 7.5 0 0
      vertex 7.44013 -0.93952 0.0152671
      vertex 7.44086 -0.939999 0
    endloop
  endfacet
  facet normal 0.996315 -0.0698156 0.0498158
    outer loop
      vertex 6.00091 0 29.9818
      vertex 6 0 30
      vertex 6.00087 -0.000570827 29.9818
    endloop
  endfacet
  facet normal -0.94989 0.308638 0.0495116
    outer loop
      vertex -7.26437 1.86517 0
      vertex -6.97262 2.76017 0.0181672
      vertex -6.97332 2.76093 0
    endloop
  endfacet
  facet normal -0.949881 0.30863 0.0497431
    outer loop
      vertex -6.97262 2.76017 0.0181672
      vertex -7.26437 1.86517 0
      vertex -7.26367 1.86499 0.0144838
    endloop
  endfacet
  facet normal -0.948973 0.311382 0.0499246
    outer loop
      vertex -5.81232 1.49304 29.9788
      vertex -5.81253 1.4924 29.9788
      vertex -5.8115 1.49214 30
    endloop
  endfacet
  facet normal -0.998754 0 0.049896
    outer loop
      vertex -7.5 0 0
      vertex -7.49909 -1.51581e-05 0.0182152
      vertex -7.49909 0 0.0182152
    endloop
  endfacet
  facet normal -0.996791 -0.0627112 0.0497458
    outer loop
      vertex -7.5 0 0
      vertex -7.44013 -0.93952 0.0152671
      vertex -7.49909 -1.51581e-05 0.0182152
    endloop
  endfacet
  facet normal -0.996797 -0.0627134 0.0496297
    outer loop
      vertex -7.44013 -0.93952 0.0152671
      vertex -7.5 0 0
      vertex -7.44086 -0.939999 0
    endloop
  endfacet
  facet normal -0.996315 -0.0698156 0.0498158
    outer loop
      vertex -6 0 30
      vertex -6.00091 0 29.9818
      vertex -6.00087 -0.000570827 29.9818
    endloop
  endfacet
  facet normal 0.68372 0.728078 0.0492799
    outer loop
      vertex 4.78068 5.77885 0
      vertex 5.46661 5.13349 0.0180306
      vertex 5.46726 5.1341 0
    endloop
  endfacet
  facet normal 0.683708 0.728072 0.0495438
    outer loop
      vertex 5.46661 5.13349 0.0180306
      vertex 4.78068 5.77885 0
      vertex 4.78046 5.77793 0.0165559
    endloop
  endfacet
  facet normal 0.679607 0.731884 0.0498056
    outer loop
      vertex 4.37406 4.1083 29.9816
      vertex 4.37381 4.10728 30
      vertex 4.37448 4.10791 29.9816
    endloop
  endfacet
  facet normal -0.903721 -0.425263 0.0493829
    outer loop
      vertex -5.57926 -2.2096 29.9817
      vertex -5.25784 -2.89052 30
      vertex -5.57866 -2.20875 30
    endloop
  endfacet
  facet normal -0.903701 -0.425238 0.0499686
    outer loop
      vertex -5.25784 -2.89052 30
      vertex -5.57926 -2.2096 29.9817
      vertex -5.25872 -2.891 29.98
    endloop
  endfacet
  facet normal -0.90308 -0.426579 0.0497763
    outer loop
      vertex -6.57177 -3.61241 0.0159574
      vertex -6.5723 -3.61315 0
      vertex -6.5716 -3.61277 0.0159565
    endloop
  endfacet
  facet normal -0.248356 0.967386 0.04984
    outer loop
      vertex -1.5045 7.00021 6.62822
      vertex -1.40536 7.36715 0
      vertex -1.62983 7.3089 0.0120734
    endloop
  endfacet
  facet normal -0.248385 0.967402 0.0493722
    outer loop
      vertex -2.31763 7.13292 0
      vertex -1.62983 7.3089 0.0120734
      vertex -1.40536 7.36715 0
    endloop
  endfacet
  facet normal -0.248387 0.967377 0.0498552
    outer loop
      vertex -1.62983 7.3089 0.0120734
      vertex -2.31763 7.13292 0
      vertex -2.31736 7.13211 0.0170622
    endloop
  endfacet
  facet normal -0.246091 0.967957 0.0499826
    outer loop
      vertex -1.85381 5.7074 29.9809
      vertex -1.8544 5.70725 29.9809
      vertex -1.8541 5.70634 30
    endloop
  endfacet
  facet normal 0.669392 0.74122 0.0500841
    outer loop
      vertex 4.78068 5.77885 0
      vertex 4.78015 5.77821 0.0165553
      vertex 4.78046 5.77793 0.0165559
    endloop
  endfacet
  facet normal 0.683712 0.728061 0.0496495
    outer loop
      vertex 3.82517 4.62383 29.9805
      vertex 4.37381 4.10728 30
      vertex 4.37406 4.1083 29.9816
    endloop
  endfacet
  facet normal 0.683689 0.728053 0.0500904
    outer loop
      vertex 4.37381 4.10728 30
      vertex 3.82517 4.62383 29.9805
      vertex 3.82454 4.62308 30
    endloop
  endfacet
  facet normal -0.769551 -0.636619 0.0500798
    outer loop
      vertex -6.06763 -4.40839 0
      vertex -5.46661 -5.13349 0.0180306
      vertex -6.06686 -4.40825 0.0136119
    endloop
  endfacet
  facet normal -0.769572 -0.636656 0.0492819
    outer loop
      vertex -5.46661 -5.13349 0.0180306
      vertex -6.06763 -4.40839 0
      vertex -5.46726 -5.1341 0
    endloop
  endfacet
  facet normal -0.764411 -0.6428 0.0498434
    outer loop
      vertex -4.37381 -4.10728 30
      vertex -4.37485 -4.10747 29.9816
      vertex -4.37448 -4.10791 29.9816
    endloop
  endfacet
  facet normal 0.248387 0.967377 0.0498552
    outer loop
      vertex 2.31736 7.13211 0.0170622
      vertex 2.31763 7.13292 0
      vertex 1.62983 7.3089 0.0120734
    endloop
  endfacet
  facet normal 0.248356 0.967386 0.04984
    outer loop
      vertex 1.62983 7.3089 0.0120734
      vertex 1.40536 7.36715 0
      vertex 1.5045 7.00021 6.62822
    endloop
  endfacet
  facet normal 0.248385 0.967402 0.0493722
    outer loop
      vertex 1.40536 7.36715 0
      vertex 1.62983 7.3089 0.0120734
      vertex 2.31763 7.13292 0
    endloop
  endfacet
  facet normal 0.246091 0.967957 0.0499826
    outer loop
      vertex 1.8544 5.70725 29.9809
      vertex 1.85381 5.7074 29.9809
      vertex 1.8541 5.70634 30
    endloop
  endfacet
  facet normal 0.246091 -0.967957 0.0499826
    outer loop
      vertex 1.8541 -5.70634 30
      vertex 1.85381 -5.7074 29.9809
      vertex 1.8544 -5.70725 29.9809
    endloop
  endfacet
  facet normal 0.248356 -0.967386 0.04984
    outer loop
      vertex 1.5045 -7.00021 6.62822
      vertex 1.40536 -7.36715 0
      vertex 1.62983 -7.3089 0.0120734
    endloop
  endfacet
  facet normal 0.248385 -0.967402 0.0493722
    outer loop
      vertex 2.31763 -7.13292 0
      vertex 1.62983 -7.3089 0.0120734
      vertex 1.40536 -7.36715 0
    endloop
  endfacet
  facet normal 0.248387 -0.967377 0.0498552
    outer loop
      vertex 1.62983 -7.3089 0.0120734
      vertex 2.31763 -7.13292 0
      vertex 2.31736 -7.13211 0.0170622
    endloop
  endfacet
  facet normal -0.125171 0.990874 0.0500059
    outer loop
      vertex -0.471309 7.48427 0.0174744
      vertex -0.470928 7.4852 0
      vertex -1.2954 7.38043 0.0122822
    endloop
  endfacet
  facet normal -0.125251 0.990872 0.0498395
    outer loop
      vertex -1.29473 7.25319 2.54369
      vertex -1.40536 7.36715 0
      vertex -1.29222 6.77403 12.0763
    endloop
  endfacet
  facet normal -0.125236 0.990874 0.049839
    outer loop
      vertex -1.2954 7.38043 0.0122822
      vertex -1.40536 7.36715 0
      vertex -1.29473 7.25319 2.54369
    endloop
  endfacet
  facet normal -0.125185 0.990906 0.0493447
    outer loop
      vertex -1.40536 7.36715 0
      vertex -1.2954 7.38043 0.0122822
      vertex -0.470928 7.4852 0
    endloop
  endfacet
  facet normal -0.122208 0.991241 0.0500734
    outer loop
      vertex -1.12378 5.89497 29.9765
      vertex -1.12451 5.89488 29.9765
      vertex -1.12429 5.89372 30
    endloop
  endfacet
  facet normal 0.683708 -0.728072 0.0495438
    outer loop
      vertex 4.78068 -5.77885 0
      vertex 5.46661 -5.13349 0.0180306
      vertex 4.78046 -5.77793 0.0165559
    endloop
  endfacet
  facet normal 0.68372 -0.728078 0.0492799
    outer loop
      vertex 5.46661 -5.13349 0.0180306
      vertex 4.78068 -5.77885 0
      vertex 5.46726 -5.1341 0
    endloop
  endfacet
  facet normal 0.679607 -0.731884 0.0498056
    outer loop
      vertex 4.37448 -4.10791 29.9816
      vertex 4.37381 -4.10728 30
      vertex 4.37406 -4.1083 29.9816
    endloop
  endfacet
  facet normal -0.683708 0.728072 0.0495438
    outer loop
      vertex -4.78068 5.77885 0
      vertex -5.46661 5.13349 0.0180306
      vertex -4.78046 5.77793 0.0165559
    endloop
  endfacet
  facet normal -0.68372 0.728078 0.0492799
    outer loop
      vertex -5.46661 5.13349 0.0180306
      vertex -4.78068 5.77885 0
      vertex -5.46726 5.1341 0
    endloop
  endfacet
  facet normal -0.679607 0.731884 0.0498056
    outer loop
      vertex -4.37406 4.1083 29.9816
      vertex -4.37448 4.10791 29.9816
      vertex -4.37381 4.10728 30
    endloop
  endfacet
  facet normal -0.125236 -0.990874 0.049839
    outer loop
      vertex -1.29473 -7.25319 2.54369
      vertex -1.40536 -7.36715 0
      vertex -1.2954 -7.38043 0.0122822
    endloop
  endfacet
  facet normal -0.125251 -0.990872 0.0498395
    outer loop
      vertex -1.40536 -7.36715 0
      vertex -1.29473 -7.25319 2.54369
      vertex -1.29222 -6.77403 12.0763
    endloop
  endfacet
  facet normal -0.125185 -0.990906 0.0493447
    outer loop
      vertex -0.470928 -7.4852 0
      vertex -1.2954 -7.38043 0.0122822
      vertex -1.40536 -7.36715 0
    endloop
  endfacet
  facet normal -0.125171 -0.990874 0.0500059
    outer loop
      vertex -1.2954 -7.38043 0.0122822
      vertex -0.470928 -7.4852 0
      vertex -0.471309 -7.48427 0.0174744
    endloop
  endfacet
  facet normal -0.122208 -0.991241 0.0500734
    outer loop
      vertex -1.12429 -5.89372 30
      vertex -1.12451 -5.89488 29.9765
      vertex -1.12378 -5.89497 29.9765
    endloop
  endfacet
  facet normal 0.843271 0.535174 0.0498386
    outer loop
      vertex 6.03935 4.21155 2.59199
      vertex 6.19297 3.95762 2.71947
      vertex 6.31886 4.0114 0.0119089
    endloop
  endfacet
  facet normal 0.84327 0.535174 0.0498395
    outer loop
      vertex 6.19297 3.95762 2.71947
      vertex 6.03935 4.21155 2.59199
      vertex 5.44442 3.63785 18.8184
    endloop
  endfacet
  facet normal 0.843284 0.535155 0.0498055
    outer loop
      vertex 6.13394 4.30276 0.0122538
      vertex 6.06763 4.40839 0
      vertex 6.06708 4.40799 0.0136103
    endloop
  endfacet
  facet normal 0.843283 0.535155 0.0498414
    outer loop
      vertex 6.31886 4.0114 0.0119089
      vertex 6.13394 4.30276 0.0122538
      vertex 6.03935 4.21155 2.59199
    endloop
  endfacet
  facet normal 0.843284 0.535155 0.0498058
    outer loop
      vertex 6.31886 4.0114 0.0119089
      vertex 6.06763 4.40839 0
      vertex 6.13394 4.30276 0.0122538
    endloop
  endfacet
  facet normal 0.843277 0.535155 0.0499352
    outer loop
      vertex 6.31886 4.0114 0.0119089
      vertex 6.5723 3.61315 0
      vertex 6.06763 4.40839 0
    endloop
  endfacet
  facet normal 0.843291 0.535178 0.0494454
    outer loop
      vertex 6.5723 3.61315 0
      vertex 6.31886 4.0114 0.0119089
      vertex 6.57139 3.61311 0.015953
    endloop
  endfacet
  facet normal 0.846125 0.530621 0.0501349
    outer loop
      vertex 4.85499 3.52736 29.9781
      vertex 4.8541 3.52671 30
      vertex 4.85536 3.52677 29.9781
    endloop
  endfacet
  facet normal 0.587058 0.807997 0.0500298
    outer loop
      vertex 4.78015 5.77821 0.0165553
      vertex 4.78068 5.77885 0
      vertex 4.30277 6.12534 0.0119499
    endloop
  endfacet
  facet normal 0.587074 0.807998 0.0498385
    outer loop
      vertex 4.20788 6.02873 2.69579
      vertex 4.01462 6.29653 0.630641
      vertex 3.95496 5.77125 9.84942
    endloop
  endfacet
  facet normal 0.587056 0.808011 0.0498419
    outer loop
      vertex 4.30277 6.12534 0.0119499
      vertex 4.01462 6.29653 0.630641
      vertex 4.20788 6.02873 2.69579
    endloop
  endfacet
  facet normal 0.587039 0.808024 0.0498305
    outer loop
      vertex 4.01462 6.29653 0.630641
      vertex 4.30277 6.12534 0.0119499
      vertex 4.02731 6.32543 0.012517
    endloop
  endfacet
  facet normal 0.587065 0.808027 0.0494551
    outer loop
      vertex 4.0187 6.33246 0
      vertex 4.30277 6.12534 0.0119499
      vertex 4.78068 5.77885 0
    endloop
  endfacet
  facet normal 0.587034 0.808016 0.0500114
    outer loop
      vertex 4.30277 6.12534 0.0119499
      vertex 4.0187 6.33246 0
      vertex 4.02731 6.32543 0.012517
    endloop
  endfacet
  facet normal 0.587304 0.807838 0.0497257
    outer loop
      vertex 4.02731 6.32543 0.012517
      vertex 4.0187 6.33246 0
      vertex 4.01862 6.33174 0.0126419
    endloop
  endfacet
  facet normal 0.583573 0.810518 0.0500277
    outer loop
      vertex 3.82467 4.62419 29.9805
      vertex 3.82454 4.62308 30
      vertex 3.82517 4.62383 29.9805
    endloop
  endfacet
  facet normal -0.481169 0.875238 0.0493384
    outer loop
      vertex -3.19334 6.7862 0
      vertex -4.01808 6.33208 0.0126474
      vertex -3.19297 6.7854 0.0178
    endloop
  endfacet
  facet normal -0.481149 0.875218 0.0498834
    outer loop
      vertex -4.01808 6.33208 0.0126474
      vertex -3.19334 6.7862 0
      vertex -4.0187 6.33246 0
    endloop
  endfacet
  facet normal -0.488154 0.871332 0.049854
    outer loop
      vertex -2.55507 5.4298 29.9815
      vertex -2.55558 5.42952 29.9814
      vertex -2.55468 5.42896 30
    endloop
  endfacet
  facet normal -0.68372 -0.728078 0.0492799
    outer loop
      vertex -4.78068 -5.77885 0
      vertex -5.46661 -5.13349 0.0180306
      vertex -5.46726 -5.1341 0
    endloop
  endfacet
  facet normal -0.683708 -0.728072 0.0495438
    outer loop
      vertex -5.46661 -5.13349 0.0180306
      vertex -4.78068 -5.77885 0
      vertex -4.78046 -5.77793 0.0165559
    endloop
  endfacet
  facet normal -0.679607 -0.731884 0.0498056
    outer loop
      vertex -4.37381 -4.10728 30
      vertex -4.37448 -4.10791 29.9816
      vertex -4.37406 -4.1083 29.9816
    endloop
  endfacet
  facet normal -0.587034 0.808016 0.0500114
    outer loop
      vertex -4.02731 6.32543 0.012517
      vertex -4.0187 6.33246 0
      vertex -4.30277 6.12534 0.0119499
    endloop
  endfacet
  facet normal -0.587304 0.807838 0.0497257
    outer loop
      vertex -4.0187 6.33246 0
      vertex -4.02731 6.32543 0.012517
      vertex -4.01862 6.33174 0.0126419
    endloop
  endfacet
  facet normal -0.587074 0.807998 0.0498385
    outer loop
      vertex -4.01462 6.29653 0.630641
      vertex -4.20788 6.02873 2.69579
      vertex -3.95496 5.77125 9.84942
    endloop
  endfacet
  facet normal -0.587039 0.808024 0.0498305
    outer loop
      vertex -4.30277 6.12534 0.0119499
      vertex -4.01462 6.29653 0.630641
      vertex -4.02731 6.32543 0.012517
    endloop
  endfacet
  facet normal -0.587056 0.808011 0.0498419
    outer loop
      vertex -4.01462 6.29653 0.630641
      vertex -4.30277 6.12534 0.0119499
      vertex -4.20788 6.02873 2.69579
    endloop
  endfacet
  facet normal -0.587065 0.808027 0.0494551
    outer loop
      vertex -4.78068 5.77885 0
      vertex -4.30277 6.12534 0.0119499
      vertex -4.0187 6.33246 0
    endloop
  endfacet
  facet normal -0.587058 0.807997 0.0500298
    outer loop
      vertex -4.30277 6.12534 0.0119499
      vertex -4.78068 5.77885 0
      vertex -4.78015 5.77821 0.0165553
    endloop
  endfacet
  facet normal -0.583573 0.810518 0.0500277
    outer loop
      vertex -3.82467 4.62419 29.9805
      vertex -3.82517 4.62383 29.9805
      vertex -3.82454 4.62308 30
    endloop
  endfacet
  facet normal 0.900143 0.432761 0.0496138
    outer loop
      vertex 5.57926 2.2096 29.9817
      vertex 5.57866 2.20875 30
      vertex 5.57951 2.20908 29.9817
    endloop
  endfacet
  facet normal 0.903709 0.425249 0.0497355
    outer loop
      vertex 6.57177 3.61241 0.0159574
      vertex 6.97332 2.76093 0
      vertex 6.5723 3.61315 0
    endloop
  endfacet
  facet normal 0.903718 0.425257 0.0495051
    outer loop
      vertex 6.97332 2.76093 0
      vertex 6.57177 3.61241 0.0159574
      vertex 6.97248 2.7606 0.018169
    endloop
  endfacet
  facet normal -0.996797 0.0627134 0.0496297
    outer loop
      vertex -7.5 0 0
      vertex -7.44013 0.93952 0.0152671
      vertex -7.44086 0.939999 0
    endloop
  endfacet
  facet normal -0.996791 0.0627112 0.0497458
    outer loop
      vertex -7.44013 0.93952 0.0152671
      vertex -7.5 0 0
      vertex -7.49909 1.51581e-05 0.0182152
    endloop
  endfacet
  facet normal -0.998754 0 0.049896
    outer loop
      vertex -7.49909 1.51581e-05 0.0182152
      vertex -7.5 0 0
      vertex -7.49909 0 0.0182152
    endloop
  endfacet
  facet normal -0.996315 0.0698156 0.0498158
    outer loop
      vertex -6.00087 0.000570827 29.9818
      vertex -6.00091 0 29.9818
      vertex -6 0 30
    endloop
  endfacet
  facet normal 0.367671 0.928626 0.0497079
    outer loop
      vertex 2.31763 7.13292 0
      vertex 3.19255 6.78556 0.0177996
      vertex 3.19334 6.7862 0
    endloop
  endfacet
  facet normal 0.367664 0.928619 0.0499027
    outer loop
      vertex 3.19255 6.78556 0.0177996
      vertex 2.31763 7.13292 0
      vertex 2.31736 7.13211 0.0170622
    endloop
  endfacet
  facet normal 0.365195 0.929586 0.0500252
    outer loop
      vertex 1.8544 5.70725 29.9809
      vertex 1.8541 5.70634 30
      vertex 1.85496 5.70703 29.9809
    endloop
  endfacet
  facet normal 0.12518 0.990874 0.0499894
    outer loop
      vertex 1.12378 5.89497 29.9765
      vertex 0.376742 5.98816 30
      vertex 1.12429 5.89372 30
    endloop
  endfacet
  facet normal 0.125179 0.990877 0.0499367
    outer loop
      vertex 0.376742 5.98816 30
      vertex 1.12378 5.89497 29.9765
      vertex 0.376801 5.9891 29.9812
    endloop
  endfacet
  facet normal 0.136475 0.989397 0.0496808
    outer loop
      vertex 0.470928 7.4852 0
      vertex 0.470873 7.48433 0.0174772
      vertex 0.471309 7.48427 0.0174744
    endloop
  endfacet
  facet normal -0.367671 -0.928615 0.0499151
    outer loop
      vertex -1.85496 -5.70703 29.9809
      vertex -2.55468 -5.42896 30
      vertex -2.55507 -5.4298 29.9815
    endloop
  endfacet
  facet normal -0.367663 -0.928608 0.0501011
    outer loop
      vertex -2.55468 -5.42896 30
      vertex -1.85496 -5.70703 29.9809
      vertex -1.8541 -5.70634 30
    endloop
  endfacet
  facet normal -0.355521 -0.933365 0.049339
    outer loop
      vertex -3.19297 -6.7854 0.0178
      vertex -3.19334 -6.7862 0
      vertex -3.19255 -6.78556 0.0177996
    endloop
  endfacet
  facet normal -0.949881 0.308639 0.0496858
    outer loop
      vertex -5.81232 1.49304 29.9788
      vertex -5.57866 2.20875 30
      vertex -5.57951 2.20908 29.9817
    endloop
  endfacet
  facet normal -0.949875 0.308632 0.0498427
    outer loop
      vertex -5.57866 2.20875 30
      vertex -5.81232 1.49304 29.9788
      vertex -5.8115 1.49214 30
    endloop
  endfacet
  facet normal -0.949766 0.309019 0.0495228
    outer loop
      vertex -6.97248 2.7606 0.018169
      vertex -6.97332 2.76093 0
      vertex -6.97262 2.76017 0.0181672
    endloop
  endfacet
  facet normal -0.900143 0.432761 0.0496138
    outer loop
      vertex -5.57926 2.2096 29.9817
      vertex -5.57951 2.20908 29.9817
      vertex -5.57866 2.20875 30
    endloop
  endfacet
  facet normal -0.903709 0.425249 0.0497355
    outer loop
      vertex -6.97332 2.76093 0
      vertex -6.57177 3.61241 0.0159574
      vertex -6.5723 3.61315 0
    endloop
  endfacet
  facet normal -0.903718 0.425257 0.0495051
    outer loop
      vertex -6.57177 3.61241 0.0159574
      vertex -6.97332 2.76093 0
      vertex -6.97248 2.7606 0.018169
    endloop
  endfacet
  facet normal 0.481149 0.875218 0.0498834
    outer loop
      vertex 3.19334 6.7862 0
      vertex 4.01808 6.33208 0.0126474
      vertex 4.0187 6.33246 0
    endloop
  endfacet
  facet normal 0.481169 0.875238 0.0493384
    outer loop
      vertex 4.01808 6.33208 0.0126474
      vertex 3.19334 6.7862 0
      vertex 3.19297 6.7854 0.0178
    endloop
  endfacet
  facet normal 0.488154 0.871332 0.049854
    outer loop
      vertex 2.55507 5.4298 29.9815
      vertex 2.55468 5.42896 30
      vertex 2.55558 5.42952 29.9814
    endloop
  endfacet
  facet normal 0.355521 0.933365 0.049339
    outer loop
      vertex 3.19334 6.7862 0
      vertex 3.19255 6.78556 0.0177996
      vertex 3.19297 6.7854 0.0178
    endloop
  endfacet
  facet normal 0.367671 0.928615 0.0499151
    outer loop
      vertex 1.85496 5.70703 29.9809
      vertex 2.55468 5.42896 30
      vertex 2.55507 5.4298 29.9815
    endloop
  endfacet
  facet normal 0.367663 0.928608 0.0501011
    outer loop
      vertex 2.55468 5.42896 30
      vertex 1.85496 5.70703 29.9809
      vertex 1.8541 5.70634 30
    endloop
  endfacet
  facet normal 0.683689 -0.728053 0.0500904
    outer loop
      vertex 3.82517 -4.62383 29.9805
      vertex 4.37381 -4.10728 30
      vertex 3.82454 -4.62308 30
    endloop
  endfacet
  facet normal 0.683712 -0.728061 0.0496495
    outer loop
      vertex 4.37381 -4.10728 30
      vertex 3.82517 -4.62383 29.9805
      vertex 4.37406 -4.1083 29.9816
    endloop
  endfacet
  facet normal 0.669392 -0.74122 0.0500841
    outer loop
      vertex 4.78046 -5.77793 0.0165559
      vertex 4.78015 -5.77821 0.0165553
      vertex 4.78068 -5.77885 0
    endloop
  endfacet
  facet normal 0.762591 -0.644963 0.0497719
    outer loop
      vertex 6.06708 -4.40799 0.0136103
      vertex 6.06686 -4.40825 0.0136119
      vertex 6.06763 -4.40839 0
    endloop
  endfacet
  facet normal 0.769543 -0.636622 0.0501688
    outer loop
      vertex 4.37381 -4.10728 30
      vertex 4.85499 -3.52736 29.9781
      vertex 4.8541 -3.52671 30
    endloop
  endfacet
  facet normal 0.769544 -0.636627 0.0500699
    outer loop
      vertex 4.85499 -3.52736 29.9781
      vertex 4.37381 -4.10728 30
      vertex 4.37485 -4.10747 29.9816
    endloop
  endfacet
  facet normal -0.136475 -0.989397 0.0496808
    outer loop
      vertex -0.470873 -7.48433 0.0174772
      vertex -0.471309 -7.48427 0.0174744
      vertex -0.470928 -7.4852 0
    endloop
  endfacet
  facet normal -0.12518 -0.990874 0.0499894
    outer loop
      vertex -1.12378 -5.89497 29.9765
      vertex -0.376742 -5.98816 30
      vertex -1.12429 -5.89372 30
    endloop
  endfacet
  facet normal -0.125179 -0.990877 0.0499367
    outer loop
      vertex -0.376742 -5.98816 30
      vertex -1.12378 -5.89497 29.9765
      vertex -0.376801 -5.9891 29.9812
    endloop
  endfacet
  facet normal -0.981061 -0.187159 0.0499066
    outer loop
      vertex -7.44086 -0.939999 0
      vertex -7.37373 -1.2887 0.0119475
      vertex -7.44003 -0.94028 0.0152623
    endloop
  endfacet
  facet normal -0.981053 -0.18715 0.0501013
    outer loop
      vertex -7.26437 -1.86517 0
      vertex -7.37373 -1.2887 0.0119475
      vertex -7.44086 -0.939999 0
    endloop
  endfacet
  facet normal -0.981071 -0.187147 0.0497649
    outer loop
      vertex -7.37373 -1.2887 0.0119475
      vertex -7.26437 -1.86517 0
      vertex -7.30863 -1.62994 0.0120633
    endloop
  endfacet
  facet normal -0.981072 -0.187146 0.0497409
    outer loop
      vertex -7.30863 -1.62994 0.0120633
      vertex -7.26437 -1.86517 0
      vertex -7.26367 -1.86499 0.0144838
    endloop
  endfacet
  facet normal -0.981064 -0.18716 0.0498392
    outer loop
      vertex -7.30863 -1.62994 0.0120633
      vertex -6.44807 -1.27642 18.2794
      vertex -7.23704 -1.28689 2.70953
    endloop
  endfacet
  facet normal -0.981067 -0.187146 0.0498375
    outer loop
      vertex -7.30863 -1.62994 0.0120633
      vertex -7.23704 -1.28689 2.70953
      vertex -7.37373 -1.2887 0.0119475
    endloop
  endfacet
  facet normal -0.981024 -0.187371 0.0498414
    outer loop
      vertex -6.44807 -1.27642 18.2794
      vertex -7.30863 -1.62994 0.0120633
      vertex -6.43074 -1.2823 18.5984
    endloop
  endfacet
  facet normal -0.982155 -0.181321 0.0499417
    outer loop
      vertex -5.8115 -1.49214 30
      vertex -5.81265 -1.49175 29.9788
      vertex -5.81253 -1.4924 29.9788
    endloop
  endfacet
  facet normal -0.669392 0.74122 0.0500841
    outer loop
      vertex -4.78015 5.77821 0.0165553
      vertex -4.78068 5.77885 0
      vertex -4.78046 5.77793 0.0165559
    endloop
  endfacet
  facet normal -0.683689 0.728053 0.0500904
    outer loop
      vertex -3.82517 4.62383 29.9805
      vertex -4.37381 4.10728 30
      vertex -3.82454 4.62308 30
    endloop
  endfacet
  facet normal -0.683712 0.728061 0.0496495
    outer loop
      vertex -4.37381 4.10728 30
      vertex -3.82517 4.62383 29.9805
      vertex -4.37406 4.1083 29.9816
    endloop
  endfacet
  facet normal 0.248375 -0.967374 0.0499813
    outer loop
      vertex 1.17023 -5.88317 29.9759
      vertex 1.8541 -5.70634 30
      vertex 1.12429 -5.89372 30
    endloop
  endfacet
  facet normal 0.248421 -0.967357 0.050076
    outer loop
      vertex 1.17023 -5.88317 29.9759
      vertex 1.12429 -5.89372 30
      vertex 1.12451 -5.89488 29.9765
    endloop
  endfacet
  facet normal 0.248378 -0.967376 0.0499157
    outer loop
      vertex 1.8541 -5.70634 30
      vertex 1.17023 -5.88317 29.9759
      vertex 1.85381 -5.7074 29.9809
    endloop
  endfacet
  facet normal 0.248369 -0.967383 0.0498389
    outer loop
      vertex 1.29222 -6.77403 12.0763
      vertex 1.5045 -7.00021 6.62822
      vertex 1.28478 -6.45905 18.2272
    endloop
  endfacet
  facet normal 0.248382 -0.967379 0.0498393
    outer loop
      vertex 1.5045 -7.00021 6.62822
      vertex 1.29222 -6.77403 12.0763
      vertex 1.40536 -7.36715 0
    endloop
  endfacet
  facet normal 0.568972 -0.820814 0.0503487
    outer loop
      vertex 4.01862 -6.33174 0.0126419
      vertex 4.01836 -6.33192 0.0126456
      vertex 4.0187 -6.33246 0
    endloop
  endfacet
  facet normal 0.587067 -0.80802 0.0495576
    outer loop
      vertex 3.33008 -4.98382 29.9757
      vertex 3.82454 -4.62308 30
      vertex 3.21496 -5.06597 30
    endloop
  endfacet
  facet normal 0.58707 -0.808015 0.0495915
    outer loop
      vertex 3.33008 -4.98382 29.9757
      vertex 3.21496 -5.06597 30
      vertex 3.21557 -5.06692 29.9773
    endloop
  endfacet
  facet normal 0.587045 -0.808014 0.0499083
    outer loop
      vertex 3.82454 -4.62308 30
      vertex 3.33008 -4.98382 29.9757
      vertex 3.82467 -4.62419 29.9805
    endloop
  endfacet
  facet normal 0.587033 -0.808028 0.0498395
    outer loop
      vertex 3.97655 -6.20976 2.48574
      vertex 3.95496 -5.77125 9.84942
      vertex 3.64618 -5.4569 18.5828
    endloop
  endfacet
  facet normal 0.586959 -0.808081 0.0498425
    outer loop
      vertex 3.95496 -5.77125 9.84942
      vertex 3.97655 -6.20976 2.48574
      vertex 4.01462 -6.29653 0.630641
    endloop
  endfacet
  facet normal -0.587045 -0.808014 0.0499083
    outer loop
      vertex -3.33008 -4.98382 29.9757
      vertex -3.82454 -4.62308 30
      vertex -3.82467 -4.62419 29.9805
    endloop
  endfacet
  facet normal -0.587067 -0.80802 0.0495576
    outer loop
      vertex -3.82454 -4.62308 30
      vertex -3.33008 -4.98382 29.9757
      vertex -3.21496 -5.06597 30
    endloop
  endfacet
  facet normal -0.58707 -0.808015 0.0495915
    outer loop
      vertex -3.21496 -5.06597 30
      vertex -3.33008 -4.98382 29.9757
      vertex -3.21557 -5.06692 29.9773
    endloop
  endfacet
  facet normal -0.568972 -0.820814 0.0503487
    outer loop
      vertex -4.01862 -6.33174 0.0126419
      vertex -4.0187 -6.33246 0
      vertex -4.01836 -6.33192 0.0126456
    endloop
  endfacet
  facet normal -0.587033 -0.808028 0.0498395
    outer loop
      vertex -3.95496 -5.77125 9.84942
      vertex -3.97655 -6.20976 2.48574
      vertex -3.64618 -5.4569 18.5828
    endloop
  endfacet
  facet normal -0.586959 -0.808081 0.0498425
    outer loop
      vertex -3.97655 -6.20976 2.48574
      vertex -3.95496 -5.77125 9.84942
      vertex -4.01462 -6.29653 0.630641
    endloop
  endfacet
  facet normal 0.849514 0.525212 0.0497754
    outer loop
      vertex 6.5723 3.61315 0
      vertex 6.57139 3.61311 0.015953
      vertex 6.5716 3.61277 0.0159565
    endloop
  endfacet
  facet normal 0.843288 0.535132 0.0499841
    outer loop
      vertex 4.8541 3.52671 30
      vertex 4.98137 3.32844 29.9755
      vertex 4.85536 3.52677 29.9781
    endloop
  endfacet
  facet normal 0.843284 0.535166 0.0496866
    outer loop
      vertex 5.25784 2.89052 30
      vertex 4.98137 3.32844 29.9755
      vertex 4.8541 3.52671 30
    endloop
  endfacet
  facet normal 0.843266 0.53517 0.0499478
    outer loop
      vertex 4.98137 3.32844 29.9755
      vertex 5.25784 2.89052 30
      vertex 5.25872 2.891 29.98
    endloop
  endfacet
  facet normal -0.949881 -0.30863 0.0497431
    outer loop
      vertex -7.26437 -1.86517 0
      vertex -6.97262 -2.76017 0.0181672
      vertex -7.26367 -1.86499 0.0144838
    endloop
  endfacet
  facet normal -0.94989 -0.308638 0.0495116
    outer loop
      vertex -6.97262 -2.76017 0.0181672
      vertex -7.26437 -1.86517 0
      vertex -6.97332 -2.76093 0
    endloop
  endfacet
  facet normal -0.948973 -0.311382 0.0499246
    outer loop
      vertex -5.8115 -1.49214 30
      vertex -5.81253 -1.4924 29.9788
      vertex -5.81232 -1.49304 29.9788
    endloop
  endfacet
  facet normal -0.367664 0.928619 0.0499027
    outer loop
      vertex -2.31763 7.13292 0
      vertex -3.19255 6.78556 0.0177996
      vertex -2.31736 7.13211 0.0170622
    endloop
  endfacet
  facet normal -0.367671 0.928626 0.0497079
    outer loop
      vertex -3.19255 6.78556 0.0177996
      vertex -2.31763 7.13292 0
      vertex -3.19334 6.7862 0
    endloop
  endfacet
  facet normal -0.365195 0.929586 0.0500252
    outer loop
      vertex -1.8544 5.70725 29.9809
      vertex -1.85496 5.70703 29.9809
      vertex -1.8541 5.70634 30
    endloop
  endfacet
  facet normal 0.587034 -0.808016 0.0500114
    outer loop
      vertex 4.02731 -6.32543 0.012517
      vertex 4.0187 -6.33246 0
      vertex 4.30277 -6.12534 0.0119499
    endloop
  endfacet
  facet normal 0.587304 -0.807838 0.0497257
    outer loop
      vertex 4.0187 -6.33246 0
      vertex 4.02731 -6.32543 0.012517
      vertex 4.01862 -6.33174 0.0126419
    endloop
  endfacet
  facet normal 0.587074 -0.807998 0.0498385
    outer loop
      vertex 4.01462 -6.29653 0.630641
      vertex 4.20788 -6.02873 2.69579
      vertex 3.95496 -5.77125 9.84942
    endloop
  endfacet
  facet normal 0.587039 -0.808024 0.0498305
    outer loop
      vertex 4.30277 -6.12534 0.0119499
      vertex 4.01462 -6.29653 0.630641
      vertex 4.02731 -6.32543 0.012517
    endloop
  endfacet
  facet normal 0.587056 -0.808011 0.0498419
    outer loop
      vertex 4.01462 -6.29653 0.630641
      vertex 4.30277 -6.12534 0.0119499
      vertex 4.20788 -6.02873 2.69579
    endloop
  endfacet
  facet normal 0.587065 -0.808027 0.0494551
    outer loop
      vertex 4.78068 -5.77885 0
      vertex 4.30277 -6.12534 0.0119499
      vertex 4.0187 -6.33246 0
    endloop
  endfacet
  facet normal 0.587058 -0.807997 0.0500298
    outer loop
      vertex 4.30277 -6.12534 0.0119499
      vertex 4.78068 -5.77885 0
      vertex 4.78015 -5.77821 0.0165553
    endloop
  endfacet
  facet normal 0.583573 -0.810518 0.0500277
    outer loop
      vertex 3.82517 -4.62383 29.9805
      vertex 3.82454 -4.62308 30
      vertex 3.82467 -4.62419 29.9805
    endloop
  endfacet
  facet normal -0.903701 0.425238 0.0499686
    outer loop
      vertex -5.57926 2.2096 29.9817
      vertex -5.25784 2.89052 30
      vertex -5.25872 2.891 29.98
    endloop
  endfacet
  facet normal -0.903721 0.425263 0.0493829
    outer loop
      vertex -5.25784 2.89052 30
      vertex -5.57926 2.2096 29.9817
      vertex -5.57866 2.20875 30
    endloop
  endfacet
  facet normal -0.90308 0.426579 0.0497763
    outer loop
      vertex -6.5716 3.61277 0.0159565
      vertex -6.5723 3.61315 0
      vertex -6.57177 3.61241 0.0159574
    endloop
  endfacet
  facet normal 0 -0.998763 0.0497176
    outer loop
      vertex -0.470928 -7.4852 0
      vertex 0.470873 -7.48433 0.0174772
      vertex -0.470873 -7.48433 0.0174772
    endloop
  endfacet
  facet normal 0 -0.998763 0.0497176
    outer loop
      vertex 0.470873 -7.48433 0.0174772
      vertex -0.470928 -7.4852 0
      vertex 0.470928 -7.4852 0
    endloop
  endfacet
  facet normal 0 -0.998752 0.0499376
    outer loop
      vertex 0 -5.9891 29.9812
      vertex -0.376742 -5.98816 30
      vertex -0.376801 -5.9891 29.9812
    endloop
  endfacet
  facet normal 0 -0.998752 0.0499376
    outer loop
      vertex -0.376742 -5.98816 30
      vertex 0 -5.9891 29.9812
      vertex 0.376742 -5.98816 30
    endloop
  endfacet
  facet normal 0 -0.998752 0.0499376
    outer loop
      vertex 0.376742 -5.98816 30
      vertex 0 -5.9891 29.9812
      vertex 0.376801 -5.9891 29.9812
    endloop
  endfacet
  facet normal -0.669392 -0.74122 0.0500841
    outer loop
      vertex -4.78046 -5.77793 0.0165559
      vertex -4.78068 -5.77885 0
      vertex -4.78015 -5.77821 0.0165553
    endloop
  endfacet
  facet normal -0.683712 -0.728061 0.0496495
    outer loop
      vertex -3.82517 -4.62383 29.9805
      vertex -4.37381 -4.10728 30
      vertex -4.37406 -4.1083 29.9816
    endloop
  endfacet
  facet normal -0.683689 -0.728053 0.0500904
    outer loop
      vertex -4.37381 -4.10728 30
      vertex -3.82517 -4.62383 29.9805
      vertex -3.82454 -4.62308 30
    endloop
  endfacet
  facet normal -0.843266 -0.53517 0.0499478
    outer loop
      vertex -4.98137 -3.32844 29.9755
      vertex -5.25784 -2.89052 30
      vertex -5.25872 -2.891 29.98
    endloop
  endfacet
  facet normal -0.843284 -0.535166 0.0496866
    outer loop
      vertex -4.98137 -3.32844 29.9755
      vertex -4.8541 -3.52671 30
      vertex -5.25784 -2.89052 30
    endloop
  endfacet
  facet normal -0.843288 -0.535132 0.0499841
    outer loop
      vertex -4.8541 -3.52671 30
      vertex -4.98137 -3.32844 29.9755
      vertex -4.85536 -3.52677 29.9781
    endloop
  endfacet
  facet normal -0.849514 -0.525212 0.0497754
    outer loop
      vertex -6.5716 -3.61277 0.0159565
      vertex -6.5723 -3.61315 0
      vertex -6.57139 -3.61311 0.015953
    endloop
  endfacet
  facet normal -0.568972 0.820814 0.0503487
    outer loop
      vertex -4.01836 6.33192 0.0126456
      vertex -4.0187 6.33246 0
      vertex -4.01862 6.33174 0.0126419
    endloop
  endfacet
  facet normal -0.587067 0.80802 0.0495576
    outer loop
      vertex -3.33008 4.98382 29.9757
      vertex -3.82454 4.62308 30
      vertex -3.21496 5.06597 30
    endloop
  endfacet
  facet normal -0.58707 0.808015 0.0495915
    outer loop
      vertex -3.33008 4.98382 29.9757
      vertex -3.21496 5.06597 30
      vertex -3.21557 5.06692 29.9773
    endloop
  endfacet
  facet normal -0.587045 0.808014 0.0499083
    outer loop
      vertex -3.82454 4.62308 30
      vertex -3.33008 4.98382 29.9757
      vertex -3.82467 4.62419 29.9805
    endloop
  endfacet
  facet normal -0.587033 0.808028 0.0498395
    outer loop
      vertex -3.97655 6.20976 2.48574
      vertex -3.95496 5.77125 9.84942
      vertex -3.64618 5.4569 18.5828
    endloop
  endfacet
  facet normal -0.586959 0.808081 0.0498425
    outer loop
      vertex -3.95496 5.77125 9.84942
      vertex -3.97655 6.20976 2.48574
      vertex -4.01462 6.29653 0.630641
    endloop
  endfacet
  facet normal 0.568972 0.820814 0.0503487
    outer loop
      vertex 4.0187 6.33246 0
      vertex 4.01836 6.33192 0.0126456
      vertex 4.01862 6.33174 0.0126419
    endloop
  endfacet
  facet normal 0.587045 0.808014 0.0499083
    outer loop
      vertex 3.33008 4.98382 29.9757
      vertex 3.82454 4.62308 30
      vertex 3.82467 4.62419 29.9805
    endloop
  endfacet
  facet normal 0.587067 0.80802 0.0495576
    outer loop
      vertex 3.82454 4.62308 30
      vertex 3.33008 4.98382 29.9757
      vertex 3.21496 5.06597 30
    endloop
  endfacet
  facet normal 0.58707 0.808015 0.0495915
    outer loop
      vertex 3.21496 5.06597 30
      vertex 3.33008 4.98382 29.9757
      vertex 3.21557 5.06692 29.9773
    endloop
  endfacet
  facet normal 0.587033 0.808028 0.0498395
    outer loop
      vertex 3.95496 5.77125 9.84942
      vertex 3.97655 6.20976 2.48574
      vertex 3.64618 5.4569 18.5828
    endloop
  endfacet
  facet normal 0.586959 0.808081 0.0498425
    outer loop
      vertex 3.97655 6.20976 2.48574
      vertex 3.95496 5.77125 9.84942
      vertex 4.01462 6.29653 0.630641
    endloop
  endfacet
  facet normal -0.495754 0.867002 0.0503525
    outer loop
      vertex -4.01808 6.33208 0.0126474
      vertex -4.0187 6.33246 0
      vertex -4.01836 6.33192 0.0126456
    endloop
  endfacet
  facet normal -0.481158 0.875228 0.0496328
    outer loop
      vertex -2.55558 5.42952 29.9814
      vertex -3.21496 5.06597 30
      vertex -2.55468 5.42896 30
    endloop
  endfacet
  facet normal -0.481161 0.87523 0.0495585
    outer loop
      vertex -3.21496 5.06597 30
      vertex -2.55558 5.42952 29.9814
      vertex -3.21557 5.06692 29.9773
    endloop
  endfacet
  facet normal 0.495754 0.867002 0.0503525
    outer loop
      vertex 4.0187 6.33246 0
      vertex 4.01808 6.33208 0.0126474
      vertex 4.01836 6.33192 0.0126456
    endloop
  endfacet
  facet normal 0.481158 0.875228 0.0496328
    outer loop
      vertex 3.21496 5.06597 30
      vertex 2.55558 5.42952 29.9814
      vertex 2.55468 5.42896 30
    endloop
  endfacet
  facet normal 0.481161 0.87523 0.0495585
    outer loop
      vertex 2.55558 5.42952 29.9814
      vertex 3.21496 5.06597 30
      vertex 3.21557 5.06692 29.9773
    endloop
  endfacet
  facet normal 0.903718 -0.425257 0.0495051
    outer loop
      vertex 6.57177 -3.61241 0.0159574
      vertex 6.97332 -2.76093 0
      vertex 6.97248 -2.7606 0.018169
    endloop
  endfacet
  facet normal 0.903709 -0.425249 0.0497355
    outer loop
      vertex 6.97332 -2.76093 0
      vertex 6.57177 -3.61241 0.0159574
      vertex 6.5723 -3.61315 0
    endloop
  endfacet
  facet normal 0.900143 -0.432761 0.0496138
    outer loop
      vertex 5.57951 -2.20908 29.9817
      vertex 5.57866 -2.20875 30
      vertex 5.57926 -2.2096 29.9817
    endloop
  endfacet
  facet normal -0.981072 0.187146 0.0497409
    outer loop
      vertex -7.26437 1.86517 0
      vertex -7.30863 1.62994 0.0120633
      vertex -7.26367 1.86499 0.0144838
    endloop
  endfacet
  facet normal -0.981071 0.187147 0.0497649
    outer loop
      vertex -7.26437 1.86517 0
      vertex -7.37373 1.2887 0.0119475
      vertex -7.30863 1.62994 0.0120633
    endloop
  endfacet
  facet normal -0.981053 0.18715 0.0501013
    outer loop
      vertex -7.44086 0.939999 0
      vertex -7.37373 1.2887 0.0119475
      vertex -7.26437 1.86517 0
    endloop
  endfacet
  facet normal -0.981061 0.187159 0.0499066
    outer loop
      vertex -7.37373 1.2887 0.0119475
      vertex -7.44086 0.939999 0
      vertex -7.44003 0.94028 0.0152623
    endloop
  endfacet
  facet normal -0.981067 0.187146 0.0498375
    outer loop
      vertex -7.23704 1.28689 2.70953
      vertex -7.30863 1.62994 0.0120633
      vertex -7.37373 1.2887 0.0119475
    endloop
  endfacet
  facet normal -0.981064 0.18716 0.0498392
    outer loop
      vertex -6.44807 1.27642 18.2794
      vertex -7.30863 1.62994 0.0120633
      vertex -7.23704 1.28689 2.70953
    endloop
  endfacet
  facet normal -0.981024 0.187371 0.0498414
    outer loop
      vertex -7.30863 1.62994 0.0120633
      vertex -6.44807 1.27642 18.2794
      vertex -6.43074 1.2823 18.5984
    endloop
  endfacet
  facet normal -0.982155 0.181321 0.0499417
    outer loop
      vertex -5.81253 1.4924 29.9788
      vertex -5.81265 1.49175 29.9788
      vertex -5.8115 1.49214 30
    endloop
  endfacet
  facet normal -0.481158 -0.875228 0.0496328
    outer loop
      vertex -3.21496 -5.06597 30
      vertex -2.55558 -5.42952 29.9814
      vertex -2.55468 -5.42896 30
    endloop
  endfacet
  facet normal -0.481161 -0.87523 0.0495585
    outer loop
      vertex -2.55558 -5.42952 29.9814
      vertex -3.21496 -5.06597 30
      vertex -3.21557 -5.06692 29.9773
    endloop
  endfacet
  facet normal -0.495754 -0.867002 0.0503525
    outer loop
      vertex -4.01836 -6.33192 0.0126456
      vertex -4.0187 -6.33246 0
      vertex -4.01808 -6.33208 0.0126474
    endloop
  endfacet
  facet normal -0.846125 -0.530621 0.0501349
    outer loop
      vertex -4.8541 -3.52671 30
      vertex -4.85536 -3.52677 29.9781
      vertex -4.85499 -3.52736 29.9781
    endloop
  endfacet
  facet normal -0.843291 -0.535178 0.0494454
    outer loop
      vertex -6.5723 -3.61315 0
      vertex -6.31886 -4.0114 0.0119089
      vertex -6.57139 -3.61311 0.015953
    endloop
  endfacet
  facet normal -0.843283 -0.535155 0.0498414
    outer loop
      vertex -6.31886 -4.0114 0.0119089
      vertex -6.13394 -4.30276 0.0122538
      vertex -6.03935 -4.21155 2.59199
    endloop
  endfacet
  facet normal -0.843277 -0.535155 0.0499352
    outer loop
      vertex -6.06763 -4.40839 0
      vertex -6.31886 -4.0114 0.0119089
      vertex -6.5723 -3.61315 0
    endloop
  endfacet
  facet normal -0.843284 -0.535155 0.0498058
    outer loop
      vertex -6.31886 -4.0114 0.0119089
      vertex -6.06763 -4.40839 0
      vertex -6.13394 -4.30276 0.0122538
    endloop
  endfacet
  facet normal -0.843284 -0.535155 0.0498055
    outer loop
      vertex -6.13394 -4.30276 0.0122538
      vertex -6.06763 -4.40839 0
      vertex -6.06708 -4.40799 0.0136103
    endloop
  endfacet
  facet normal -0.84327 -0.535174 0.0498395
    outer loop
      vertex -6.19297 -3.95762 2.71947
      vertex -6.03935 -4.21155 2.59199
      vertex -5.44442 -3.63785 18.8184
    endloop
  endfacet
  facet normal -0.843271 -0.535174 0.0498386
    outer loop
      vertex -6.03935 -4.21155 2.59199
      vertex -6.19297 -3.95762 2.71947
      vertex -6.31886 -4.0114 0.0119089
    endloop
  endfacet
  facet normal 0.981067 0.187146 0.0498375
    outer loop
      vertex 7.30863 1.62994 0.0120633
      vertex 7.23704 1.28689 2.70953
      vertex 7.37373 1.2887 0.0119475
    endloop
  endfacet
  facet normal 0.981024 0.187371 0.0498414
    outer loop
      vertex 6.44807 1.27642 18.2794
      vertex 7.30863 1.62994 0.0120633
      vertex 6.43074 1.2823 18.5984
    endloop
  endfacet
  facet normal 0.981064 0.18716 0.0498392
    outer loop
      vertex 7.30863 1.62994 0.0120633
      vertex 6.44807 1.27642 18.2794
      vertex 7.23704 1.28689 2.70953
    endloop
  endfacet
  facet normal 0.981072 0.187146 0.0497409
    outer loop
      vertex 7.30863 1.62994 0.0120633
      vertex 7.26437 1.86517 0
      vertex 7.26367 1.86499 0.0144838
    endloop
  endfacet
  facet normal 0.981071 0.187147 0.0497649
    outer loop
      vertex 7.37373 1.2887 0.0119475
      vertex 7.26437 1.86517 0
      vertex 7.30863 1.62994 0.0120633
    endloop
  endfacet
  facet normal 0.981061 0.187159 0.0499066
    outer loop
      vertex 7.44086 0.939999 0
      vertex 7.37373 1.2887 0.0119475
      vertex 7.44003 0.94028 0.0152623
    endloop
  endfacet
  facet normal 0.981053 0.18715 0.0501013
    outer loop
      vertex 7.37373 1.2887 0.0119475
      vertex 7.44086 0.939999 0
      vertex 7.26437 1.86517 0
    endloop
  endfacet
  facet normal 0.982155 0.181321 0.0499417
    outer loop
      vertex 5.81253 1.4924 29.9788
      vertex 5.8115 1.49214 30
      vertex 5.81265 1.49175 29.9788
    endloop
  endfacet
  facet normal 0.94989 0.308638 0.0495116
    outer loop
      vertex 6.97262 2.76017 0.0181672
      vertex 7.26437 1.86517 0
      vertex 6.97332 2.76093 0
    endloop
  endfacet
  facet normal 0.949881 0.30863 0.0497431
    outer loop
      vertex 7.26437 1.86517 0
      vertex 6.97262 2.76017 0.0181672
      vertex 7.26367 1.86499 0.0144838
    endloop
  endfacet
  facet normal 0.948973 0.311382 0.0499246
    outer loop
      vertex 5.81232 1.49304 29.9788
      vertex 5.8115 1.49214 30
      vertex 5.81253 1.4924 29.9788
    endloop
  endfacet
  facet normal 0.949766 -0.309019 0.0495228
    outer loop
      vertex 6.97262 -2.76017 0.0181672
      vertex 6.97248 -2.7606 0.018169
      vertex 6.97332 -2.76093 0
    endloop
  endfacet
  facet normal 0.949875 -0.308632 0.0498427
    outer loop
      vertex 5.57866 -2.20875 30
      vertex 5.81232 -1.49304 29.9788
      vertex 5.8115 -1.49214 30
    endloop
  endfacet
  facet normal 0.949881 -0.308639 0.0496858
    outer loop
      vertex 5.81232 -1.49304 29.9788
      vertex 5.57866 -2.20875 30
      vertex 5.57951 -2.20908 29.9817
    endloop
  endfacet
  facet normal 0.949881 -0.30863 0.0497431
    outer loop
      vertex 6.97262 -2.76017 0.0181672
      vertex 7.26437 -1.86517 0
      vertex 7.26367 -1.86499 0.0144838
    endloop
  endfacet
  facet normal 0.94989 -0.308638 0.0495116
    outer loop
      vertex 7.26437 -1.86517 0
      vertex 6.97262 -2.76017 0.0181672
      vertex 6.97332 -2.76093 0
    endloop
  endfacet
  facet normal 0.948973 -0.311382 0.0499246
    outer loop
      vertex 5.81253 -1.4924 29.9788
      vertex 5.8115 -1.49214 30
      vertex 5.81232 -1.49304 29.9788
    endloop
  endfacet
  facet normal -0.762591 0.644963 0.0497719
    outer loop
      vertex -6.06686 4.40825 0.0136119
      vertex -6.06763 4.40839 0
      vertex -6.06708 4.40799 0.0136103
    endloop
  endfacet
  facet normal -0.769544 0.636627 0.0500699
    outer loop
      vertex -4.85499 3.52736 29.9781
      vertex -4.37381 4.10728 30
      vertex -4.37485 4.10747 29.9816
    endloop
  endfacet
  facet normal -0.769543 0.636622 0.0501688
    outer loop
      vertex -4.37381 4.10728 30
      vertex -4.85499 3.52736 29.9781
      vertex -4.8541 3.52671 30
    endloop
  endfacet
  facet normal 0.995684 0.0781478 0.0500607
    outer loop
      vertex 7.44086 0.939999 0
      vertex 7.4401 0.939903 0.0152659
      vertex 7.44013 0.93952 0.0152671
    endloop
  endfacet
  facet normal 0.996791 0.0627072 0.0497484
    outer loop
      vertex 5.95269 0.751999 30
      vertex 6.00087 0.000570827 29.9818
      vertex 5.95371 0.752128 29.9794
    endloop
  endfacet
  facet normal 0.996798 0.0627109 0.049616
    outer loop
      vertex 6.00087 0.000570827 29.9818
      vertex 5.95269 0.751999 30
      vertex 6 0 30
    endloop
  endfacet
  facet normal 0.90308 -0.426579 0.0497763
    outer loop
      vertex 6.57177 -3.61241 0.0159574
      vertex 6.5716 -3.61277 0.0159565
      vertex 6.5723 -3.61315 0
    endloop
  endfacet
  facet normal 0.903721 -0.425263 0.0493829
    outer loop
      vertex 5.25784 -2.89052 30
      vertex 5.57926 -2.2096 29.9817
      vertex 5.57866 -2.20875 30
    endloop
  endfacet
  facet normal 0.903701 -0.425238 0.0499686
    outer loop
      vertex 5.57926 -2.2096 29.9817
      vertex 5.25784 -2.89052 30
      vertex 5.25872 -2.891 29.98
    endloop
  endfacet
  facet normal 0.125236 0.990874 0.049839
    outer loop
      vertex 1.29473 7.25319 2.54369
      vertex 1.40536 7.36715 0
      vertex 1.2954 7.38043 0.0122822
    endloop
  endfacet
  facet normal 0.125251 0.990872 0.0498395
    outer loop
      vertex 1.40536 7.36715 0
      vertex 1.29473 7.25319 2.54369
      vertex 1.29222 6.77403 12.0763
    endloop
  endfacet
  facet normal 0.125185 0.990906 0.0493447
    outer loop
      vertex 0.470928 7.4852 0
      vertex 1.2954 7.38043 0.0122822
      vertex 1.40536 7.36715 0
    endloop
  endfacet
  facet normal 0.125171 0.990874 0.0500059
    outer loop
      vertex 1.2954 7.38043 0.0122822
      vertex 0.470928 7.4852 0
      vertex 0.471309 7.48427 0.0174744
    endloop
  endfacet
  facet normal 0.122208 0.991241 0.0500734
    outer loop
      vertex 1.12451 5.89488 29.9765
      vertex 1.12378 5.89497 29.9765
      vertex 1.12429 5.89372 30
    endloop
  endfacet
  facet normal 0.981024 -0.187371 0.0498414
    outer loop
      vertex 7.30863 -1.62994 0.0120633
      vertex 6.44807 -1.27642 18.2794
      vertex 6.43074 -1.2823 18.5984
    endloop
  endfacet
  facet normal 0.981064 -0.18716 0.0498392
    outer loop
      vertex 6.44807 -1.27642 18.2794
      vertex 7.30863 -1.62994 0.0120633
      vertex 7.23704 -1.28689 2.70953
    endloop
  endfacet
  facet normal 0.981067 -0.187146 0.0498375
    outer loop
      vertex 7.23704 -1.28689 2.70953
      vertex 7.30863 -1.62994 0.0120633
      vertex 7.37373 -1.2887 0.0119475
    endloop
  endfacet
  facet normal 0.981061 -0.187159 0.0499066
    outer loop
      vertex 7.37373 -1.2887 0.0119475
      vertex 7.44086 -0.939999 0
      vertex 7.44003 -0.94028 0.0152623
    endloop
  endfacet
  facet normal 0.981071 -0.187147 0.0497649
    outer loop
      vertex 7.26437 -1.86517 0
      vertex 7.37373 -1.2887 0.0119475
      vertex 7.30863 -1.62994 0.0120633
    endloop
  endfacet
  facet normal 0.981072 -0.187146 0.0497409
    outer loop
      vertex 7.26437 -1.86517 0
      vertex 7.30863 -1.62994 0.0120633
      vertex 7.26367 -1.86499 0.0144838
    endloop
  endfacet
  facet normal 0.981053 -0.18715 0.0501013
    outer loop
      vertex 7.37373 -1.2887 0.0119475
      vertex 7.26437 -1.86517 0
      vertex 7.44086 -0.939999 0
    endloop
  endfacet
  facet normal 0.982155 -0.181321 0.0499417
    outer loop
      vertex 5.81265 -1.49175 29.9788
      vertex 5.8115 -1.49214 30
      vertex 5.81253 -1.4924 29.9788
    endloop
  endfacet
  facet normal -0.981878 0.182789 0.0500315
    outer loop
      vertex -7.44003 0.94028 0.0152623
      vertex -7.44086 0.939999 0
      vertex -7.4401 0.939903 0.0152659
    endloop
  endfacet
  facet normal -0.98107 0.187147 0.0497756
    outer loop
      vertex -5.87448 1.1685 29.9755
      vertex -5.8115 1.49214 30
      vertex -5.81265 1.49175 29.9788
    endloop
  endfacet
  facet normal -0.981071 0.187151 0.0497492
    outer loop
      vertex -5.95269 0.751999 30
      vertex -5.87448 1.1685 29.9755
      vertex -5.95371 0.752128 29.9794
    endloop
  endfacet
  facet normal -0.981071 0.18715 0.0497394
    outer loop
      vertex -5.87448 1.1685 29.9755
      vertex -5.95269 0.751999 30
      vertex -5.8115 1.49214 30
    endloop
  endfacet
  facet normal -0.981027 0.187353 0.0498419
    outer loop
      vertex -6.43074 1.2823 18.5984
      vertex -6.44807 1.27642 18.2794
      vertex -6.4148 1.27598 18.9359
    endloop
  endfacet
  facet normal -0.995684 0.0781478 0.0500607
    outer loop
      vertex -7.4401 0.939903 0.0152659
      vertex -7.44086 0.939999 0
      vertex -7.44013 0.93952 0.0152671
    endloop
  endfacet
  facet normal -0.996791 0.0627072 0.0497484
    outer loop
      vertex -6.00087 0.000570827 29.9818
      vertex -5.95269 0.751999 30
      vertex -5.95371 0.752128 29.9794
    endloop
  endfacet
  facet normal -0.996798 0.0627109 0.049616
    outer loop
      vertex -5.95269 0.751999 30
      vertex -6.00087 0.000570827 29.9818
      vertex -6 0 30
    endloop
  endfacet
  facet normal 0.495754 -0.867002 0.0503525
    outer loop
      vertex 4.01836 -6.33192 0.0126456
      vertex 4.01808 -6.33208 0.0126474
      vertex 4.0187 -6.33246 0
    endloop
  endfacet
  facet normal 0.481158 -0.875228 0.0496328
    outer loop
      vertex 2.55558 -5.42952 29.9814
      vertex 3.21496 -5.06597 30
      vertex 2.55468 -5.42896 30
    endloop
  endfacet
  facet normal 0.481161 -0.87523 0.0495585
    outer loop
      vertex 3.21496 -5.06597 30
      vertex 2.55558 -5.42952 29.9814
      vertex 3.21557 -5.06692 29.9773
    endloop
  endfacet
  facet normal -0.843284 0.535155 0.0498055
    outer loop
      vertex -6.06763 4.40839 0
      vertex -6.13394 4.30276 0.0122538
      vertex -6.06708 4.40799 0.0136103
    endloop
  endfacet
  facet normal -0.843283 0.535155 0.0498414
    outer loop
      vertex -6.13394 4.30276 0.0122538
      vertex -6.31886 4.0114 0.0119089
      vertex -6.03935 4.21155 2.59199
    endloop
  endfacet
  facet normal -0.843284 0.535155 0.0498058
    outer loop
      vertex -6.06763 4.40839 0
      vertex -6.31886 4.0114 0.0119089
      vertex -6.13394 4.30276 0.0122538
    endloop
  endfacet
  facet normal -0.843277 0.535155 0.0499352
    outer loop
      vertex -6.5723 3.61315 0
      vertex -6.31886 4.0114 0.0119089
      vertex -6.06763 4.40839 0
    endloop
  endfacet
  facet normal -0.843291 0.535178 0.0494454
    outer loop
      vertex -6.31886 4.0114 0.0119089
      vertex -6.5723 3.61315 0
      vertex -6.57139 3.61311 0.015953
    endloop
  endfacet
  facet normal -0.843271 0.535174 0.0498386
    outer loop
      vertex -6.19297 3.95762 2.71947
      vertex -6.03935 4.21155 2.59199
      vertex -6.31886 4.0114 0.0119089
    endloop
  endfacet
  facet normal -0.84327 0.535174 0.0498395
    outer loop
      vertex -6.03935 4.21155 2.59199
      vertex -6.19297 3.95762 2.71947
      vertex -5.44442 3.63785 18.8184
    endloop
  endfacet
  facet normal -0.846125 0.530621 0.0501349
    outer loop
      vertex -4.85499 3.52736 29.9781
      vertex -4.85536 3.52677 29.9781
      vertex -4.8541 3.52671 30
    endloop
  endfacet
  facet normal -0.843288 0.535132 0.0499841
    outer loop
      vertex -4.98137 3.32844 29.9755
      vertex -4.8541 3.52671 30
      vertex -4.85536 3.52677 29.9781
    endloop
  endfacet
  facet normal -0.843266 0.53517 0.0499478
    outer loop
      vertex -5.25784 2.89052 30
      vertex -4.98137 3.32844 29.9755
      vertex -5.25872 2.891 29.98
    endloop
  endfacet
  facet normal -0.843284 0.535166 0.0496866
    outer loop
      vertex -4.98137 3.32844 29.9755
      vertex -5.25784 2.89052 30
      vertex -4.8541 3.52671 30
    endloop
  endfacet
  facet normal -0.849514 0.525212 0.0497754
    outer loop
      vertex -6.57139 3.61311 0.015953
      vertex -6.5723 3.61315 0
      vertex -6.5716 3.61277 0.0159565
    endloop
  endfacet
  facet normal -0.587058 -0.807997 0.0500298
    outer loop
      vertex -4.78015 -5.77821 0.0165553
      vertex -4.78068 -5.77885 0
      vertex -4.30277 -6.12534 0.0119499
    endloop
  endfacet
  facet normal -0.587074 -0.807998 0.0498385
    outer loop
      vertex -4.20788 -6.02873 2.69579
      vertex -4.01462 -6.29653 0.630641
      vertex -3.95496 -5.77125 9.84942
    endloop
  endfacet
  facet normal -0.587056 -0.808011 0.0498419
    outer loop
      vertex -4.30277 -6.12534 0.0119499
      vertex -4.01462 -6.29653 0.630641
      vertex -4.20788 -6.02873 2.69579
    endloop
  endfacet
  facet normal -0.587039 -0.808024 0.0498305
    outer loop
      vertex -4.01462 -6.29653 0.630641
      vertex -4.30277 -6.12534 0.0119499
      vertex -4.02731 -6.32543 0.012517
    endloop
  endfacet
  facet normal -0.587065 -0.808027 0.0494551
    outer loop
      vertex -4.0187 -6.33246 0
      vertex -4.30277 -6.12534 0.0119499
      vertex -4.78068 -5.77885 0
    endloop
  endfacet
  facet normal -0.587034 -0.808016 0.0500114
    outer loop
      vertex -4.30277 -6.12534 0.0119499
      vertex -4.0187 -6.33246 0
      vertex -4.02731 -6.32543 0.012517
    endloop
  endfacet
  facet normal -0.587304 -0.807838 0.0497257
    outer loop
      vertex -4.02731 -6.32543 0.012517
      vertex -4.0187 -6.33246 0
      vertex -4.01862 -6.33174 0.0126419
    endloop
  endfacet
  facet normal -0.583573 -0.810518 0.0500277
    outer loop
      vertex -3.82454 -4.62308 30
      vertex -3.82517 -4.62383 29.9805
      vertex -3.82467 -4.62419 29.9805
    endloop
  endfacet
  facet normal -0.248369 0.967383 0.0498389
    outer loop
      vertex -1.29222 6.77403 12.0763
      vertex -1.5045 7.00021 6.62822
      vertex -1.28478 6.45905 18.2272
    endloop
  endfacet
  facet normal -0.248382 0.967379 0.0498393
    outer loop
      vertex -1.5045 7.00021 6.62822
      vertex -1.29222 6.77403 12.0763
      vertex -1.40536 7.36715 0
    endloop
  endfacet
  facet normal -0.248375 0.967374 0.0499813
    outer loop
      vertex -1.17023 5.88317 29.9759
      vertex -1.8541 5.70634 30
      vertex -1.12429 5.89372 30
    endloop
  endfacet
  facet normal -0.248421 0.967357 0.050076
    outer loop
      vertex -1.17023 5.88317 29.9759
      vertex -1.12429 5.89372 30
      vertex -1.12451 5.89488 29.9765
    endloop
  endfacet
  facet normal -0.248378 0.967376 0.0499157
    outer loop
      vertex -1.8541 5.70634 30
      vertex -1.17023 5.88317 29.9759
      vertex -1.85381 5.7074 29.9809
    endloop
  endfacet
  facet normal 0 0 1
    outer loop
      vertex 4.5 0 30
      vertex 6 0 30
      vertex 5.95269 0.751999 30
    endloop
  endfacet
  facet normal 0 0 1
    outer loop
      vertex 4.46452 0.563999 30
      vertex 5.95269 0.751999 30
      vertex 5.8115 1.49214 30
    endloop
  endfacet
  facet normal 0 0 1
    outer loop
      vertex 6 0 30
      vertex 4.5 0 30
      vertex 5.95269 -0.751999 30
    endloop
  endfacet
  facet normal 0 0 1
    outer loop
      vertex 4.35862 1.1191 30
      vertex 5.8115 1.49214 30
      vertex 5.57866 2.20875 30
    endloop
  endfacet
  facet normal -0 0 1
    outer loop
      vertex 4.46452 -0.563999 30
      vertex 5.95269 -0.751999 30
      vertex 4.5 0 30
    endloop
  endfacet
  facet normal 0 0 1
    outer loop
      vertex 4.18399 1.65656 30
      vertex 5.57866 2.20875 30
      vertex 5.25784 2.89052 30
    endloop
  endfacet
  facet normal 0 0 1
    outer loop
      vertex 5.95269 -0.751999 30
      vertex 4.46452 -0.563999 30
      vertex 5.8115 -1.49214 30
    endloop
  endfacet
  facet normal 0 0 1
    outer loop
      vertex 3.94338 2.16789 30
      vertex 5.25784 2.89052 30
      vertex 4.8541 3.52671 30
    endloop
  endfacet
  facet normal -0 0 1
    outer loop
      vertex 4.35862 -1.1191 30
      vertex 5.8115 -1.49214 30
      vertex 4.46452 -0.563999 30
    endloop
  endfacet
  facet normal 0 0 1
    outer loop
      vertex 5.8115 -1.49214 30
      vertex 4.35862 -1.1191 30
      vertex 5.57866 -2.20875 30
    endloop
  endfacet
  facet normal 0 0 1
    outer loop
      vertex 5.95269 0.751999 30
      vertex 4.46452 0.563999 30
      vertex 4.5 0 30
    endloop
  endfacet
  facet normal 0 0 1
    outer loop
      vertex 3.64058 2.64503 30
      vertex 4.8541 3.52671 30
      vertex 4.37381 4.10728 30
    endloop
  endfacet
  facet normal 0 0 1
    outer loop
      vertex 5.8115 1.49214 30
      vertex 4.35862 1.1191 30
      vertex 4.46452 0.563999 30
    endloop
  endfacet
  facet normal 0 0 1
    outer loop
      vertex 5.57866 2.20875 30
      vertex 4.18399 1.65656 30
      vertex 4.35862 1.1191 30
    endloop
  endfacet
  facet normal 0 0 1
    outer loop
      vertex 5.25784 2.89052 30
      vertex 3.94338 2.16789 30
      vertex 4.18399 1.65656 30
    endloop
  endfacet
  facet normal 0 0 1
    outer loop
      vertex 3.28036 3.08046 30
      vertex 4.37381 4.10728 30
      vertex 3.82454 4.62308 30
    endloop
  endfacet
  facet normal 0 0 1
    outer loop
      vertex 4.8541 3.52671 30
      vertex 3.64058 2.64503 30
      vertex 3.94338 2.16789 30
    endloop
  endfacet
  facet normal 0 0 1
    outer loop
      vertex 4.37381 4.10728 30
      vertex 3.28036 3.08046 30
      vertex 3.64058 2.64503 30
    endloop
  endfacet
  facet normal 0 0 1
    outer loop
      vertex 2.86841 3.46731 30
      vertex 3.82454 4.62308 30
      vertex 3.21496 5.06597 30
    endloop
  endfacet
  facet normal 0 0 1
    outer loop
      vertex 3.82454 4.62308 30
      vertex 2.86841 3.46731 30
      vertex 3.28036 3.08046 30
    endloop
  endfacet
  facet normal 0 0 1
    outer loop
      vertex 2.41122 3.79947 30
      vertex 3.21496 5.06597 30
      vertex 2.55468 5.42896 30
    endloop
  endfacet
  facet normal 0 0 1
    outer loop
      vertex 3.21496 5.06597 30
      vertex 2.41122 3.79947 30
      vertex 2.86841 3.46731 30
    endloop
  endfacet
  facet normal 0 0 1
    outer loop
      vertex 2.55468 5.42896 30
      vertex 1.91601 4.07172 30
      vertex 2.41122 3.79947 30
    endloop
  endfacet
  facet normal 0 0 1
    outer loop
      vertex 1.8541 5.70634 30
      vertex 1.91601 4.07172 30
      vertex 2.55468 5.42896 30
    endloop
  endfacet
  facet normal 0 0 1
    outer loop
      vertex 1.8541 5.70634 30
      vertex 1.39058 4.27975 30
      vertex 1.91601 4.07172 30
    endloop
  endfacet
  facet normal 0 0 1
    outer loop
      vertex 1.12429 5.89372 30
      vertex 1.39058 4.27975 30
      vertex 1.8541 5.70634 30
    endloop
  endfacet
  facet normal 0 0 1
    outer loop
      vertex 1.12429 5.89372 30
      vertex 0.843215 4.42029 30
      vertex 1.39058 4.27975 30
    endloop
  endfacet
  facet normal 0 0 1
    outer loop
      vertex 0.376742 5.98816 30
      vertex 0.843215 4.42029 30
      vertex 1.12429 5.89372 30
    endloop
  endfacet
  facet normal 0 0 1
    outer loop
      vertex 0.376742 5.98816 30
      vertex 0.282557 4.49112 30
      vertex 0.843215 4.42029 30
    endloop
  endfacet
  facet normal 0 0 1
    outer loop
      vertex 0.376742 5.98816 30
      vertex -0.282557 4.49112 30
      vertex 0.282557 4.49112 30
    endloop
  endfacet
  facet normal -0 0 1
    outer loop
      vertex -0.376742 5.98816 30
      vertex -0.282557 4.49112 30
      vertex 0.376742 5.98816 30
    endloop
  endfacet
  facet normal 0 0 1
    outer loop
      vertex -0.376742 5.98816 30
      vertex -0.843215 4.42029 30
      vertex -0.282557 4.49112 30
    endloop
  endfacet
  facet normal -0 0 1
    outer loop
      vertex -1.12429 5.89372 30
      vertex -0.843215 4.42029 30
      vertex -0.376742 5.98816 30
    endloop
  endfacet
  facet normal 0 0 1
    outer loop
      vertex -1.12429 5.89372 30
      vertex -1.39058 4.27975 30
      vertex -0.843215 4.42029 30
    endloop
  endfacet
  facet normal -0 0 1
    outer loop
      vertex -1.8541 5.70634 30
      vertex -1.39058 4.27975 30
      vertex -1.12429 5.89372 30
    endloop
  endfacet
  facet normal 0 0 1
    outer loop
      vertex -1.8541 5.70634 30
      vertex -1.91601 4.07172 30
      vertex -1.39058 4.27975 30
    endloop
  endfacet
  facet normal -0 0 1
    outer loop
      vertex -2.55468 5.42896 30
      vertex -1.91601 4.07172 30
      vertex -1.8541 5.70634 30
    endloop
  endfacet
  facet normal 0 0 1
    outer loop
      vertex -1.91601 4.07172 30
      vertex -2.55468 5.42896 30
      vertex -2.41122 3.79947 30
    endloop
  endfacet
  facet normal -0 0 1
    outer loop
      vertex -3.21496 5.06597 30
      vertex -2.41122 3.79947 30
      vertex -2.55468 5.42896 30
    endloop
  endfacet
  facet normal 0 0 1
    outer loop
      vertex -2.41122 3.79947 30
      vertex -3.21496 5.06597 30
      vertex -2.86841 3.46731 30
    endloop
  endfacet
  facet normal -0 0 1
    outer loop
      vertex -3.82454 4.62308 30
      vertex -2.86841 3.46731 30
      vertex -3.21496 5.06597 30
    endloop
  endfacet
  facet normal 0 0 1
    outer loop
      vertex -2.86841 3.46731 30
      vertex -3.82454 4.62308 30
      vertex -3.28036 3.08046 30
    endloop
  endfacet
  facet normal -0 0 1
    outer loop
      vertex -4.37381 4.10728 30
      vertex -3.28036 3.08046 30
      vertex -3.82454 4.62308 30
    endloop
  endfacet
  facet normal 0 0 1
    outer loop
      vertex -3.28036 3.08046 30
      vertex -4.37381 4.10728 30
      vertex -3.64058 2.64503 30
    endloop
  endfacet
  facet normal -0 0 1
    outer loop
      vertex -4.8541 3.52671 30
      vertex -3.64058 2.64503 30
      vertex -4.37381 4.10728 30
    endloop
  endfacet
  facet normal 0 0 1
    outer loop
      vertex -3.64058 2.64503 30
      vertex -4.8541 3.52671 30
      vertex -3.94338 2.16789 30
    endloop
  endfacet
  facet normal -0 0 1
    outer loop
      vertex -5.25784 2.89052 30
      vertex -3.94338 2.16789 30
      vertex -4.8541 3.52671 30
    endloop
  endfacet
  facet normal 0 0 1
    outer loop
      vertex -3.94338 2.16789 30
      vertex -5.25784 2.89052 30
      vertex -4.18399 1.65656 30
    endloop
  endfacet
  facet normal -0 0 1
    outer loop
      vertex -5.57866 2.20875 30
      vertex -4.18399 1.65656 30
      vertex -5.25784 2.89052 30
    endloop
  endfacet
  facet normal 0 0 1
    outer loop
      vertex -4.18399 1.65656 30
      vertex -5.57866 2.20875 30
      vertex -4.35862 1.1191 30
    endloop
  endfacet
  facet normal -0 0 1
    outer loop
      vertex 4.18399 -1.65656 30
      vertex 5.57866 -2.20875 30
      vertex 4.35862 -1.1191 30
    endloop
  endfacet
  facet normal 0 0 1
    outer loop
      vertex 5.57866 -2.20875 30
      vertex 4.18399 -1.65656 30
      vertex 5.25784 -2.89052 30
    endloop
  endfacet
  facet normal -0 0 1
    outer loop
      vertex 3.94338 -2.16789 30
      vertex 5.25784 -2.89052 30
      vertex 4.18399 -1.65656 30
    endloop
  endfacet
  facet normal 0 0 1
    outer loop
      vertex 5.25784 -2.89052 30
      vertex 3.94338 -2.16789 30
      vertex 4.8541 -3.52671 30
    endloop
  endfacet
  facet normal -0 0 1
    outer loop
      vertex 3.64058 -2.64503 30
      vertex 4.8541 -3.52671 30
      vertex 3.94338 -2.16789 30
    endloop
  endfacet
  facet normal 0 0 1
    outer loop
      vertex 4.8541 -3.52671 30
      vertex 3.64058 -2.64503 30
      vertex 4.37381 -4.10728 30
    endloop
  endfacet
  facet normal -0 0 1
    outer loop
      vertex 3.28036 -3.08046 30
      vertex 4.37381 -4.10728 30
      vertex 3.64058 -2.64503 30
    endloop
  endfacet
  facet normal 0 0 1
    outer loop
      vertex 4.37381 -4.10728 30
      vertex 3.28036 -3.08046 30
      vertex 3.82454 -4.62308 30
    endloop
  endfacet
  facet normal -0 0 1
    outer loop
      vertex 2.86841 -3.46731 30
      vertex 3.82454 -4.62308 30
      vertex 3.28036 -3.08046 30
    endloop
  endfacet
  facet normal 0 0 1
    outer loop
      vertex 3.82454 -4.62308 30
      vertex 2.86841 -3.46731 30
      vertex 3.21496 -5.06597 30
    endloop
  endfacet
  facet normal -0 0 1
    outer loop
      vertex 2.41122 -3.79947 30
      vertex 3.21496 -5.06597 30
      vertex 2.86841 -3.46731 30
    endloop
  endfacet
  facet normal 0 0 1
    outer loop
      vertex 3.21496 -5.06597 30
      vertex 2.41122 -3.79947 30
      vertex 2.55468 -5.42896 30
    endloop
  endfacet
  facet normal -0 0 1
    outer loop
      vertex 1.91601 -4.07172 30
      vertex 2.55468 -5.42896 30
      vertex 2.41122 -3.79947 30
    endloop
  endfacet
  facet normal 0 0 1
    outer loop
      vertex 1.91601 -4.07172 30
      vertex 1.8541 -5.70634 30
      vertex 2.55468 -5.42896 30
    endloop
  endfacet
  facet normal -0 0 1
    outer loop
      vertex 1.39058 -4.27975 30
      vertex 1.8541 -5.70634 30
      vertex 1.91601 -4.07172 30
    endloop
  endfacet
  facet normal 0 0 1
    outer loop
      vertex 1.39058 -4.27975 30
      vertex 1.12429 -5.89372 30
      vertex 1.8541 -5.70634 30
    endloop
  endfacet
  facet normal -0 0 1
    outer loop
      vertex 0.843215 -4.42029 30
      vertex 1.12429 -5.89372 30
      vertex 1.39058 -4.27975 30
    endloop
  endfacet
  facet normal 0 0 1
    outer loop
      vertex 0.843215 -4.42029 30
      vertex 0.376742 -5.98816 30
      vertex 1.12429 -5.89372 30
    endloop
  endfacet
  facet normal -0 0 1
    outer loop
      vertex 0.282557 -4.49112 30
      vertex 0.376742 -5.98816 30
      vertex 0.843215 -4.42029 30
    endloop
  endfacet
  facet normal -0 0 1
    outer loop
      vertex -0.282557 -4.49112 30
      vertex 0.376742 -5.98816 30
      vertex 0.282557 -4.49112 30
    endloop
  endfacet
  facet normal 0 0 1
    outer loop
      vertex -0.282557 -4.49112 30
      vertex -0.376742 -5.98816 30
      vertex 0.376742 -5.98816 30
    endloop
  endfacet
  facet normal 0 0 1
    outer loop
      vertex -0.843215 -4.42029 30
      vertex -0.376742 -5.98816 30
      vertex -0.282557 -4.49112 30
    endloop
  endfacet
  facet normal 0 0 1
    outer loop
      vertex -0.843215 -4.42029 30
      vertex -1.12429 -5.89372 30
      vertex -0.376742 -5.98816 30
    endloop
  endfacet
  facet normal 0 0 1
    outer loop
      vertex -1.39058 -4.27975 30
      vertex -1.12429 -5.89372 30
      vertex -0.843215 -4.42029 30
    endloop
  endfacet
  facet normal 0 0 1
    outer loop
      vertex -1.39058 -4.27975 30
      vertex -1.8541 -5.70634 30
      vertex -1.12429 -5.89372 30
    endloop
  endfacet
  facet normal 0 0 1
    outer loop
      vertex -1.91601 -4.07172 30
      vertex -1.8541 -5.70634 30
      vertex -1.39058 -4.27975 30
    endloop
  endfacet
  facet normal 0 0 1
    outer loop
      vertex -2.55468 -5.42896 30
      vertex -1.91601 -4.07172 30
      vertex -2.41122 -3.79947 30
    endloop
  endfacet
  facet normal 0 0 1
    outer loop
      vertex -1.91601 -4.07172 30
      vertex -2.55468 -5.42896 30
      vertex -1.8541 -5.70634 30
    endloop
  endfacet
  facet normal 0 0 1
    outer loop
      vertex -3.21496 -5.06597 30
      vertex -2.41122 -3.79947 30
      vertex -2.86841 -3.46731 30
    endloop
  endfacet
  facet normal 0 0 1
    outer loop
      vertex -2.41122 -3.79947 30
      vertex -3.21496 -5.06597 30
      vertex -2.55468 -5.42896 30
    endloop
  endfacet
  facet normal 0 0 1
    outer loop
      vertex -3.82454 -4.62308 30
      vertex -2.86841 -3.46731 30
      vertex -3.28036 -3.08046 30
    endloop
  endfacet
  facet normal 0 0 1
    outer loop
      vertex -4.37381 -4.10728 30
      vertex -3.28036 -3.08046 30
      vertex -3.64058 -2.64503 30
    endloop
  endfacet
  facet normal 0 0 1
    outer loop
      vertex -2.86841 -3.46731 30
      vertex -3.82454 -4.62308 30
      vertex -3.21496 -5.06597 30
    endloop
  endfacet
  facet normal 0 0 1
    outer loop
      vertex -4.8541 -3.52671 30
      vertex -3.64058 -2.64503 30
      vertex -3.94338 -2.16789 30
    endloop
  endfacet
  facet normal 0 0 1
    outer loop
      vertex -5.25784 -2.89052 30
      vertex -3.94338 -2.16789 30
      vertex -4.18399 -1.65656 30
    endloop
  endfacet
  facet normal 0 0 1
    outer loop
      vertex -5.57866 -2.20875 30
      vertex -4.18399 -1.65656 30
      vertex -4.35862 -1.1191 30
    endloop
  endfacet
  facet normal 0 0 1
    outer loop
      vertex -3.28036 -3.08046 30
      vertex -4.37381 -4.10728 30
      vertex -3.82454 -4.62308 30
    endloop
  endfacet
  facet normal 0 0 1
    outer loop
      vertex -5.8115 -1.49214 30
      vertex -4.35862 -1.1191 30
      vertex -4.46452 -0.563999 30
    endloop
  endfacet
  facet normal 0 0 1
    outer loop
      vertex -5.95269 -0.751999 30
      vertex -4.46452 -0.563999 30
      vertex -4.5 0 30
    endloop
  endfacet
  facet normal -0 0 1
    outer loop
      vertex -5.8115 1.49214 30
      vertex -4.35862 1.1191 30
      vertex -5.57866 2.20875 30
    endloop
  endfacet
  facet normal 0 0 1
    outer loop
      vertex -3.64058 -2.64503 30
      vertex -4.8541 -3.52671 30
      vertex -4.37381 -4.10728 30
    endloop
  endfacet
  facet normal 0 0 1
    outer loop
      vertex -4.35862 1.1191 30
      vertex -5.8115 1.49214 30
      vertex -4.46452 0.563999 30
    endloop
  endfacet
  facet normal 0 0 1
    outer loop
      vertex -3.94338 -2.16789 30
      vertex -5.25784 -2.89052 30
      vertex -4.8541 -3.52671 30
    endloop
  endfacet
  facet normal -0 0 1
    outer loop
      vertex -5.95269 0.751999 30
      vertex -4.46452 0.563999 30
      vertex -5.8115 1.49214 30
    endloop
  endfacet
  facet normal 0 0 1
    outer loop
      vertex -4.18399 -1.65656 30
      vertex -5.57866 -2.20875 30
      vertex -5.25784 -2.89052 30
    endloop
  endfacet
  facet normal 0 0 1
    outer loop
      vertex -4.46452 0.563999 30
      vertex -5.95269 0.751999 30
      vertex -4.5 0 30
    endloop
  endfacet
  facet normal 0 0 1
    outer loop
      vertex -4.35862 -1.1191 30
      vertex -5.8115 -1.49214 30
      vertex -5.57866 -2.20875 30
    endloop
  endfacet
  facet normal 0 0 1
    outer loop
      vertex -6 0 30
      vertex -4.5 0 30
      vertex -5.95269 0.751999 30
    endloop
  endfacet
  facet normal 0 0 1
    outer loop
      vertex -4.46452 -0.563999 30
      vertex -5.95269 -0.751999 30
      vertex -5.8115 -1.49214 30
    endloop
  endfacet
  facet normal 0 0 1
    outer loop
      vertex -4.5 0 30
      vertex -6 0 30
      vertex -5.95269 -0.751999 30
    endloop
  endfacet
  facet normal 0 0 -1
    outer loop
      vertex 3.075 0 0
      vertex 7.5 0 0
      vertex 7.44086 -0.939999 0
    endloop
  endfacet
  facet normal 0 0 -1
    outer loop
      vertex 2.9245 -0.950227 0
      vertex 7.44086 -0.939999 0
      vertex 7.26437 -1.86517 0
    endloop
  endfacet
  facet normal 0 0 -1
    outer loop
      vertex 7.5 0 0
      vertex 3.075 0 0
      vertex 7.44086 0.939999 0
    endloop
  endfacet
  facet normal 0 0 -1
    outer loop
      vertex 2.9245 -0.950227 0
      vertex 7.26437 -1.86517 0
      vertex 6.97332 -2.76093 0
    endloop
  endfacet
  facet normal 0 0 -1
    outer loop
      vertex 2.9245 0.950227 0
      vertex 7.44086 0.939999 0
      vertex 3.075 0 0
    endloop
  endfacet
  facet normal 0 0 -1
    outer loop
      vertex 2.9245 -0.950227 0
      vertex 6.97332 -2.76093 0
      vertex 6.5723 -3.61315 0
    endloop
  endfacet
  facet normal 0 0 -1
    outer loop
      vertex 7.44086 0.939999 0
      vertex 2.9245 0.950227 0
      vertex 7.26437 1.86517 0
    endloop
  endfacet
  facet normal 0 0 -1
    outer loop
      vertex 2.48773 -1.80744 0
      vertex 6.5723 -3.61315 0
      vertex 6.06763 -4.40839 0
    endloop
  endfacet
  facet normal -0 0 -1
    outer loop
      vertex 7.26437 1.86517 0
      vertex 2.9245 0.950227 0
      vertex 6.97332 2.76093 0
    endloop
  endfacet
  facet normal 0 0 -1
    outer loop
      vertex 2.48773 -1.80744 0
      vertex 6.06763 -4.40839 0
      vertex 5.46726 -5.1341 0
    endloop
  endfacet
  facet normal -0 0 -1
    outer loop
      vertex 6.97332 2.76093 0
      vertex 2.9245 0.950227 0
      vertex 6.5723 3.61315 0
    endloop
  endfacet
  facet normal 0 0 -1
    outer loop
      vertex 1.80744 -2.48773 0
      vertex 5.46726 -5.1341 0
      vertex 4.78068 -5.77885 0
    endloop
  endfacet
  facet normal 0 0 -1
    outer loop
      vertex 2.48773 1.80744 0
      vertex 6.5723 3.61315 0
      vertex 2.9245 0.950227 0
    endloop
  endfacet
  facet normal 0 0 -1
    outer loop
      vertex 1.80744 -2.48773 0
      vertex 4.78068 -5.77885 0
      vertex 4.0187 -6.33246 0
    endloop
  endfacet
  facet normal -0 0 -1
    outer loop
      vertex 6.5723 3.61315 0
      vertex 2.48773 1.80744 0
      vertex 6.06763 4.40839 0
    endloop
  endfacet
  facet normal 0 0 -1
    outer loop
      vertex 1.80744 -2.48773 0
      vertex 4.0187 -6.33246 0
      vertex 3.19334 -6.7862 0
    endloop
  endfacet
  facet normal -0 0 -1
    outer loop
      vertex 6.06763 4.40839 0
      vertex 2.48773 1.80744 0
      vertex 5.46726 5.1341 0
    endloop
  endfacet
  facet normal 0 0 -1
    outer loop
      vertex 1.80744 2.48773 0
      vertex 5.46726 5.1341 0
      vertex 2.48773 1.80744 0
    endloop
  endfacet
  facet normal -0 0 -1
    outer loop
      vertex 7.44086 -0.939999 0
      vertex 2.9245 -0.950227 0
      vertex 3.075 0 0
    endloop
  endfacet
  facet normal 0 0 -1
    outer loop
      vertex 6.5723 -3.61315 0
      vertex 2.48773 -1.80744 0
      vertex 2.9245 -0.950227 0
    endloop
  endfacet
  facet normal 0 0 -1
    outer loop
      vertex 0.950227 -2.9245 0
      vertex 3.19334 -6.7862 0
      vertex 2.31763 -7.13292 0
    endloop
  endfacet
  facet normal 0 0 -1
    outer loop
      vertex 5.46726 -5.1341 0
      vertex 1.80744 -2.48773 0
      vertex 2.48773 -1.80744 0
    endloop
  endfacet
  facet normal 0 0 -1
    outer loop
      vertex 0.950227 -2.9245 0
      vertex 2.31763 -7.13292 0
      vertex 1.40536 -7.36715 0
    endloop
  endfacet
  facet normal 0 0 -1
    outer loop
      vertex 3.19334 -6.7862 0
      vertex 0.950227 -2.9245 0
      vertex 1.80744 -2.48773 0
    endloop
  endfacet
  facet normal 0 0 -1
    outer loop
      vertex 0 -3.075 0
      vertex 1.40536 -7.36715 0
      vertex 0.470928 -7.4852 0
    endloop
  endfacet
  facet normal 0 0 -1
    outer loop
      vertex 1.40536 -7.36715 0
      vertex 0 -3.075 0
      vertex 0.950227 -2.9245 0
    endloop
  endfacet
  facet normal 0 0 -1
    outer loop
      vertex -0.470928 -7.4852 0
      vertex 0 -3.075 0
      vertex 0.470928 -7.4852 0
    endloop
  endfacet
  facet normal 0 0 -1
    outer loop
      vertex -1.40536 -7.36715 0
      vertex 0 -3.075 0
      vertex -0.470928 -7.4852 0
    endloop
  endfacet
  facet normal -0 0 -1
    outer loop
      vertex 0 -3.075 0
      vertex -1.40536 -7.36715 0
      vertex -0.950227 -2.9245 0
    endloop
  endfacet
  facet normal 0 0 -1
    outer loop
      vertex -2.31763 -7.13292 0
      vertex -0.950227 -2.9245 0
      vertex -1.40536 -7.36715 0
    endloop
  endfacet
  facet normal 0 0 -1
    outer loop
      vertex -3.19334 -6.7862 0
      vertex -0.950227 -2.9245 0
      vertex -2.31763 -7.13292 0
    endloop
  endfacet
  facet normal -0 0 -1
    outer loop
      vertex -0.950227 -2.9245 0
      vertex -3.19334 -6.7862 0
      vertex -1.80744 -2.48773 0
    endloop
  endfacet
  facet normal 0 0 -1
    outer loop
      vertex -4.0187 -6.33246 0
      vertex -1.80744 -2.48773 0
      vertex -3.19334 -6.7862 0
    endloop
  endfacet
  facet normal 0 0 -1
    outer loop
      vertex -4.78068 -5.77885 0
      vertex -1.80744 -2.48773 0
      vertex -4.0187 -6.33246 0
    endloop
  endfacet
  facet normal 0 0 -1
    outer loop
      vertex -5.46726 -5.1341 0
      vertex -1.80744 -2.48773 0
      vertex -4.78068 -5.77885 0
    endloop
  endfacet
  facet normal -0 0 -1
    outer loop
      vertex 5.46726 5.1341 0
      vertex 1.80744 2.48773 0
      vertex 4.78068 5.77885 0
    endloop
  endfacet
  facet normal -0 0 -1
    outer loop
      vertex 4.78068 5.77885 0
      vertex 1.80744 2.48773 0
      vertex 4.0187 6.33246 0
    endloop
  endfacet
  facet normal -0 0 -1
    outer loop
      vertex 4.0187 6.33246 0
      vertex 1.80744 2.48773 0
      vertex 3.19334 6.7862 0
    endloop
  endfacet
  facet normal 0 0 -1
    outer loop
      vertex 0.950227 2.9245 0
      vertex 3.19334 6.7862 0
      vertex 1.80744 2.48773 0
    endloop
  endfacet
  facet normal -0 0 -1
    outer loop
      vertex 3.19334 6.7862 0
      vertex 0.950227 2.9245 0
      vertex 2.31763 7.13292 0
    endloop
  endfacet
  facet normal -0 0 -1
    outer loop
      vertex 2.31763 7.13292 0
      vertex 0.950227 2.9245 0
      vertex 1.40536 7.36715 0
    endloop
  endfacet
  facet normal 0 0 -1
    outer loop
      vertex 0 3.075 0
      vertex 1.40536 7.36715 0
      vertex 0.950227 2.9245 0
    endloop
  endfacet
  facet normal -0 0 -1
    outer loop
      vertex 1.40536 7.36715 0
      vertex 0 3.075 0
      vertex 0.470928 7.4852 0
    endloop
  endfacet
  facet normal 0 0 -1
    outer loop
      vertex 0 3.075 0
      vertex -0.470928 7.4852 0
      vertex 0.470928 7.4852 0
    endloop
  endfacet
  facet normal 0 0 -1
    outer loop
      vertex -1.40536 7.36715 0
      vertex 0 3.075 0
      vertex -0.950227 2.9245 0
    endloop
  endfacet
  facet normal 0 0 -1
    outer loop
      vertex 0 3.075 0
      vertex -1.40536 7.36715 0
      vertex -0.470928 7.4852 0
    endloop
  endfacet
  facet normal 0 0 -1
    outer loop
      vertex -3.19334 6.7862 0
      vertex -0.950227 2.9245 0
      vertex -1.80744 2.48773 0
    endloop
  endfacet
  facet normal 0 0 -1
    outer loop
      vertex -0.950227 2.9245 0
      vertex -2.31763 7.13292 0
      vertex -1.40536 7.36715 0
    endloop
  endfacet
  facet normal 0 0 -1
    outer loop
      vertex -5.46726 5.1341 0
      vertex -1.80744 2.48773 0
      vertex -2.48773 1.80744 0
    endloop
  endfacet
  facet normal 0 0 -1
    outer loop
      vertex -6.5723 3.61315 0
      vertex -2.48773 1.80744 0
      vertex -2.9245 0.950227 0
    endloop
  endfacet
  facet normal 0 0 -1
    outer loop
      vertex -7.44086 0.939999 0
      vertex -2.9245 0.950227 0
      vertex -3.075 0 0
    endloop
  endfacet
  facet normal 0 0 -1
    outer loop
      vertex -0.950227 2.9245 0
      vertex -3.19334 6.7862 0
      vertex -2.31763 7.13292 0
    endloop
  endfacet
  facet normal -0 0 -1
    outer loop
      vertex -1.80744 -2.48773 0
      vertex -5.46726 -5.1341 0
      vertex -2.48773 -1.80744 0
    endloop
  endfacet
  facet normal 0 0 -1
    outer loop
      vertex -6.06763 -4.40839 0
      vertex -2.48773 -1.80744 0
      vertex -5.46726 -5.1341 0
    endloop
  endfacet
  facet normal 0 0 -1
    outer loop
      vertex -1.80744 2.48773 0
      vertex -4.0187 6.33246 0
      vertex -3.19334 6.7862 0
    endloop
  endfacet
  facet normal 0 0 -1
    outer loop
      vertex -6.5723 -3.61315 0
      vertex -2.48773 -1.80744 0
      vertex -6.06763 -4.40839 0
    endloop
  endfacet
  facet normal 0 0 -1
    outer loop
      vertex -1.80744 2.48773 0
      vertex -4.78068 5.77885 0
      vertex -4.0187 6.33246 0
    endloop
  endfacet
  facet normal -0 0 -1
    outer loop
      vertex -2.48773 -1.80744 0
      vertex -6.5723 -3.61315 0
      vertex -2.9245 -0.950227 0
    endloop
  endfacet
  facet normal 0 0 -1
    outer loop
      vertex -1.80744 2.48773 0
      vertex -5.46726 5.1341 0
      vertex -4.78068 5.77885 0
    endloop
  endfacet
  facet normal 0 0 -1
    outer loop
      vertex -6.97332 -2.76093 0
      vertex -2.9245 -0.950227 0
      vertex -6.5723 -3.61315 0
    endloop
  endfacet
  facet normal 0 0 -1
    outer loop
      vertex -2.48773 1.80744 0
      vertex -6.06763 4.40839 0
      vertex -5.46726 5.1341 0
    endloop
  endfacet
  facet normal 0 0 -1
    outer loop
      vertex -7.26437 -1.86517 0
      vertex -2.9245 -0.950227 0
      vertex -6.97332 -2.76093 0
    endloop
  endfacet
  facet normal 0 0 -1
    outer loop
      vertex -2.48773 1.80744 0
      vertex -6.5723 3.61315 0
      vertex -6.06763 4.40839 0
    endloop
  endfacet
  facet normal 0 0 -1
    outer loop
      vertex -7.44086 -0.939999 0
      vertex -2.9245 -0.950227 0
      vertex -7.26437 -1.86517 0
    endloop
  endfacet
  facet normal 0 0 -1
    outer loop
      vertex -2.9245 0.950227 0
      vertex -6.97332 2.76093 0
      vertex -6.5723 3.61315 0
    endloop
  endfacet
  facet normal 0 0 -1
    outer loop
      vertex -2.9245 -0.950227 0
      vertex -7.44086 -0.939999 0
      vertex -3.075 0 0
    endloop
  endfacet
  facet normal 0 0 -1
    outer loop
      vertex -2.9245 0.950227 0
      vertex -7.26437 1.86517 0
      vertex -6.97332 2.76093 0
    endloop
  endfacet
  facet normal 0 0 -1
    outer loop
      vertex -7.5 0 0
      vertex -3.075 0 0
      vertex -7.44086 -0.939999 0
    endloop
  endfacet
  facet normal -0 0 -1
    outer loop
      vertex -2.9245 0.950227 0
      vertex -7.44086 0.939999 0
      vertex -7.26437 1.86517 0
    endloop
  endfacet
  facet normal 0 0 -1
    outer loop
      vertex -3.075 0 0
      vertex -7.5 0 0
      vertex -7.44086 0.939999 0
    endloop
  endfacet
  facet normal -0.488154 -0.871332 0.049854
    outer loop
      vertex -2.55468 -5.42896 30
      vertex -2.55558 -5.42952 29.9814
      vertex -2.55507 -5.4298 29.9815
    endloop
  endfacet
  facet normal -0.481149 -0.875218 0.0498834
    outer loop
      vertex -3.19334 -6.7862 0
      vertex -4.01808 -6.33208 0.0126474
      vertex -4.0187 -6.33246 0
    endloop
  endfacet
  facet normal -0.481169 -0.875238 0.0493384
    outer loop
      vertex -4.01808 -6.33208 0.0126474
      vertex -3.19334 -6.7862 0
      vertex -3.19297 -6.7854 0.0178
    endloop
  endfacet
  facet normal 0.248369 0.967383 0.0498389
    outer loop
      vertex 1.5045 7.00021 6.62822
      vertex 1.29222 6.77403 12.0763
      vertex 1.28478 6.45905 18.2272
    endloop
  endfacet
  facet normal 0.248382 0.967379 0.0498393
    outer loop
      vertex 1.29222 6.77403 12.0763
      vertex 1.5045 7.00021 6.62822
      vertex 1.40536 7.36715 0
    endloop
  endfacet
  facet normal 0.248378 0.967376 0.0499157
    outer loop
      vertex 1.17023 5.88317 29.9759
      vertex 1.8541 5.70634 30
      vertex 1.85381 5.7074 29.9809
    endloop
  endfacet
  facet normal 0.248375 0.967374 0.0499813
    outer loop
      vertex 1.8541 5.70634 30
      vertex 1.17023 5.88317 29.9759
      vertex 1.12429 5.89372 30
    endloop
  endfacet
  facet normal 0.248421 0.967357 0.050076
    outer loop
      vertex 1.12429 5.89372 30
      vertex 1.17023 5.88317 29.9759
      vertex 1.12451 5.89488 29.9765
    endloop
  endfacet
  facet normal 0.949881 0.308639 0.0496858
    outer loop
      vertex 5.57866 2.20875 30
      vertex 5.81232 1.49304 29.9788
      vertex 5.57951 2.20908 29.9817
    endloop
  endfacet
  facet normal 0.949875 0.308632 0.0498427
    outer loop
      vertex 5.81232 1.49304 29.9788
      vertex 5.57866 2.20875 30
      vertex 5.8115 1.49214 30
    endloop
  endfacet
  facet normal 0.949766 0.309019 0.0495228
    outer loop
      vertex 6.97332 2.76093 0
      vertex 6.97248 2.7606 0.018169
      vertex 6.97262 2.76017 0.0181672
    endloop
  endfacet
  facet normal 0.843271 -0.535174 0.0498386
    outer loop
      vertex 6.19297 -3.95762 2.71947
      vertex 6.03935 -4.21155 2.59199
      vertex 6.31886 -4.0114 0.0119089
    endloop
  endfacet
  facet normal 0.84327 -0.535174 0.0498395
    outer loop
      vertex 6.03935 -4.21155 2.59199
      vertex 6.19297 -3.95762 2.71947
      vertex 5.44442 -3.63785 18.8184
    endloop
  endfacet
  facet normal 0.843291 -0.535178 0.0494454
    outer loop
      vertex 6.31886 -4.0114 0.0119089
      vertex 6.5723 -3.61315 0
      vertex 6.57139 -3.61311 0.015953
    endloop
  endfacet
  facet normal 0.843283 -0.535155 0.0498414
    outer loop
      vertex 6.13394 -4.30276 0.0122538
      vertex 6.31886 -4.0114 0.0119089
      vertex 6.03935 -4.21155 2.59199
    endloop
  endfacet
  facet normal 0.843284 -0.535155 0.0498058
    outer loop
      vertex 6.06763 -4.40839 0
      vertex 6.31886 -4.0114 0.0119089
      vertex 6.13394 -4.30276 0.0122538
    endloop
  endfacet
  facet normal 0.843284 -0.535155 0.0498055
    outer loop
      vertex 6.06763 -4.40839 0
      vertex 6.13394 -4.30276 0.0122538
      vertex 6.06708 -4.40799 0.0136103
    endloop
  endfacet
  facet normal 0.843277 -0.535155 0.0499352
    outer loop
      vertex 6.31886 -4.0114 0.0119089
      vertex 6.06763 -4.40839 0
      vertex 6.5723 -3.61315 0
    endloop
  endfacet
  facet normal 0.846125 -0.530621 0.0501349
    outer loop
      vertex 4.85536 -3.52677 29.9781
      vertex 4.8541 -3.52671 30
      vertex 4.85499 -3.52736 29.9781
    endloop
  endfacet
  facet normal -0.246091 -0.967957 0.0499826
    outer loop
      vertex -1.8541 -5.70634 30
      vertex -1.8544 -5.70725 29.9809
      vertex -1.85381 -5.7074 29.9809
    endloop
  endfacet
  facet normal -0.248387 -0.967377 0.0498552
    outer loop
      vertex -2.31736 -7.13211 0.0170622
      vertex -2.31763 -7.13292 0
      vertex -1.62983 -7.3089 0.0120734
    endloop
  endfacet
  facet normal -0.248356 -0.967386 0.04984
    outer loop
      vertex -1.62983 -7.3089 0.0120734
      vertex -1.40536 -7.36715 0
      vertex -1.5045 -7.00021 6.62822
    endloop
  endfacet
  facet normal -0.248385 -0.967402 0.0493722
    outer loop
      vertex -1.40536 -7.36715 0
      vertex -1.62983 -7.3089 0.0120734
      vertex -2.31763 -7.13292 0
    endloop
  endfacet
  facet normal -0.949875 -0.308632 0.0498427
    outer loop
      vertex -5.81232 -1.49304 29.9788
      vertex -5.57866 -2.20875 30
      vertex -5.8115 -1.49214 30
    endloop
  endfacet
  facet normal -0.949881 -0.308639 0.0496858
    outer loop
      vertex -5.57866 -2.20875 30
      vertex -5.81232 -1.49304 29.9788
      vertex -5.57951 -2.20908 29.9817
    endloop
  endfacet
  facet normal -0.949766 -0.309019 0.0495228
    outer loop
      vertex -6.97262 -2.76017 0.0181672
      vertex -6.97332 -2.76093 0
      vertex -6.97248 -2.7606 0.018169
    endloop
  endfacet
  facet normal -0.900143 -0.432761 0.0496138
    outer loop
      vertex -5.57866 -2.20875 30
      vertex -5.57951 -2.20908 29.9817
      vertex -5.57926 -2.2096 29.9817
    endloop
  endfacet
  facet normal -0.903718 -0.425257 0.0495051
    outer loop
      vertex -6.97332 -2.76093 0
      vertex -6.57177 -3.61241 0.0159574
      vertex -6.97248 -2.7606 0.018169
    endloop
  endfacet
  facet normal -0.903709 -0.425249 0.0497355
    outer loop
      vertex -6.57177 -3.61241 0.0159574
      vertex -6.97332 -2.76093 0
      vertex -6.5723 -3.61315 0
    endloop
  endfacet
  facet normal -0.367663 0.928608 0.0501011
    outer loop
      vertex -1.85496 5.70703 29.9809
      vertex -2.55468 5.42896 30
      vertex -1.8541 5.70634 30
    endloop
  endfacet
  facet normal -0.367671 0.928615 0.0499151
    outer loop
      vertex -2.55468 5.42896 30
      vertex -1.85496 5.70703 29.9809
      vertex -2.55507 5.4298 29.9815
    endloop
  endfacet
  facet normal -0.355521 0.933365 0.049339
    outer loop
      vertex -3.19255 6.78556 0.0177996
      vertex -3.19334 6.7862 0
      vertex -3.19297 6.7854 0.0178
    endloop
  endfacet
  facet normal -0 0.998752 0.0499376
    outer loop
      vertex 0 5.9891 29.9812
      vertex 0.376742 5.98816 30
      vertex 0.376801 5.9891 29.9812
    endloop
  endfacet
  facet normal 0 0.998752 0.0499376
    outer loop
      vertex 0.376742 5.98816 30
      vertex 0 5.9891 29.9812
      vertex -0.376742 5.98816 30
    endloop
  endfacet
  facet normal 0 0.998752 0.0499376
    outer loop
      vertex -0.376742 5.98816 30
      vertex 0 5.9891 29.9812
      vertex -0.376801 5.9891 29.9812
    endloop
  endfacet
  facet normal 0 0.998763 0.0497176
    outer loop
      vertex 0.470928 7.4852 0
      vertex -0.470873 7.48433 0.0174772
      vertex 0.470873 7.48433 0.0174772
    endloop
  endfacet
  facet normal 0 0.998763 0.0497176
    outer loop
      vertex -0.470873 7.48433 0.0174772
      vertex 0.470928 7.4852 0
      vertex -0.470928 7.4852 0
    endloop
  endfacet
  facet normal 0.769544 0.636627 0.0500699
    outer loop
      vertex 4.37381 4.10728 30
      vertex 4.85499 3.52736 29.9781
      vertex 4.37485 4.10747 29.9816
    endloop
  endfacet
  facet normal 0.769543 0.636622 0.0501688
    outer loop
      vertex 4.85499 3.52736 29.9781
      vertex 4.37381 4.10728 30
      vertex 4.8541 3.52671 30
    endloop
  endfacet
  facet normal 0.762591 0.644963 0.0497719
    outer loop
      vertex 6.06763 4.40839 0
      vertex 6.06686 4.40825 0.0136119
      vertex 6.06708 4.40799 0.0136103
    endloop
  endfacet
  facet normal -0.365195 -0.929586 0.0500252
    outer loop
      vertex -1.8541 -5.70634 30
      vertex -1.85496 -5.70703 29.9809
      vertex -1.8544 -5.70725 29.9809
    endloop
  endfacet
  facet normal -0.367671 -0.928626 0.0497079
    outer loop
      vertex -2.31763 -7.13292 0
      vertex -3.19255 -6.78556 0.0177996
      vertex -3.19334 -6.7862 0
    endloop
  endfacet
  facet normal -0.367664 -0.928619 0.0499027
    outer loop
      vertex -3.19255 -6.78556 0.0177996
      vertex -2.31763 -7.13292 0
      vertex -2.31736 -7.13211 0.0170622
    endloop
  endfacet
  facet normal 0.981878 0.182789 0.0500315
    outer loop
      vertex 7.44086 0.939999 0
      vertex 7.44003 0.94028 0.0152623
      vertex 7.4401 0.939903 0.0152659
    endloop
  endfacet
  facet normal 0.98107 0.187147 0.0497756
    outer loop
      vertex 5.8115 1.49214 30
      vertex 5.87448 1.1685 29.9755
      vertex 5.81265 1.49175 29.9788
    endloop
  endfacet
  facet normal 0.981071 0.18715 0.0497394
    outer loop
      vertex 5.95269 0.751999 30
      vertex 5.87448 1.1685 29.9755
      vertex 5.8115 1.49214 30
    endloop
  endfacet
  facet normal 0.981071 0.187151 0.0497492
    outer loop
      vertex 5.87448 1.1685 29.9755
      vertex 5.95269 0.751999 30
      vertex 5.95371 0.752128 29.9794
    endloop
  endfacet
  facet normal 0.981027 0.187353 0.0498419
    outer loop
      vertex 6.43074 1.2823 18.5984
      vertex 6.4148 1.27598 18.9359
      vertex 6.44807 1.27642 18.2794
    endloop
  endfacet
  facet normal 0.981878 -0.182789 0.0500315
    outer loop
      vertex 7.4401 -0.939903 0.0152659
      vertex 7.44003 -0.94028 0.0152623
      vertex 7.44086 -0.939999 0
    endloop
  endfacet
  facet normal 0.981071 -0.187151 0.0497492
    outer loop
      vertex 5.95269 -0.751999 30
      vertex 5.87448 -1.1685 29.9755
      vertex 5.95371 -0.752128 29.9794
    endloop
  endfacet
  facet normal 0.981071 -0.18715 0.0497394
    outer loop
      vertex 5.8115 -1.49214 30
      vertex 5.87448 -1.1685 29.9755
      vertex 5.95269 -0.751999 30
    endloop
  endfacet
  facet normal 0.98107 -0.187147 0.0497756
    outer loop
      vertex 5.87448 -1.1685 29.9755
      vertex 5.8115 -1.49214 30
      vertex 5.81265 -1.49175 29.9788
    endloop
  endfacet
  facet normal 0.981027 -0.187353 0.0498419
    outer loop
      vertex 6.44807 -1.27642 18.2794
      vertex 6.4148 -1.27598 18.9359
      vertex 6.43074 -1.2823 18.5984
    endloop
  endfacet
  facet normal 0.996798 -0.0627109 0.049616
    outer loop
      vertex 5.95269 -0.751999 30
      vertex 6.00087 -0.000570827 29.9818
      vertex 6 0 30
    endloop
  endfacet
  facet normal 0.996791 -0.0627072 0.0497484
    outer loop
      vertex 6.00087 -0.000570827 29.9818
      vertex 5.95269 -0.751999 30
      vertex 5.95371 -0.752128 29.9794
    endloop
  endfacet
  facet normal 0.995684 -0.0781478 0.0500607
    outer loop
      vertex 7.44013 -0.93952 0.0152671
      vertex 7.4401 -0.939903 0.0152659
      vertex 7.44086 -0.939999 0
    endloop
  endfacet
  facet normal -0.995684 -0.0781478 0.0500607
    outer loop
      vertex -7.44013 -0.93952 0.0152671
      vertex -7.44086 -0.939999 0
      vertex -7.4401 -0.939903 0.0152659
    endloop
  endfacet
  facet normal -0.996798 -0.0627109 0.049616
    outer loop
      vertex -6.00087 -0.000570827 29.9818
      vertex -5.95269 -0.751999 30
      vertex -6 0 30
    endloop
  endfacet
  facet normal -0.996791 -0.0627072 0.0497484
    outer loop
      vertex -5.95269 -0.751999 30
      vertex -6.00087 -0.000570827 29.9818
      vertex -5.95371 -0.752128 29.9794
    endloop
  endfacet
  facet normal -0.981878 -0.182789 0.0500315
    outer loop
      vertex -7.4401 -0.939903 0.0152659
      vertex -7.44086 -0.939999 0
      vertex -7.44003 -0.94028 0.0152623
    endloop
  endfacet
  facet normal -0.981071 -0.187151 0.0497492
    outer loop
      vertex -5.87448 -1.1685 29.9755
      vertex -5.95269 -0.751999 30
      vertex -5.95371 -0.752128 29.9794
    endloop
  endfacet
  facet normal -0.98107 -0.187147 0.0497756
    outer loop
      vertex -5.8115 -1.49214 30
      vertex -5.87448 -1.1685 29.9755
      vertex -5.81265 -1.49175 29.9788
    endloop
  endfacet
  facet normal -0.981071 -0.18715 0.0497394
    outer loop
      vertex -5.87448 -1.1685 29.9755
      vertex -5.8115 -1.49214 30
      vertex -5.95269 -0.751999 30
    endloop
  endfacet
  facet normal -0.981027 -0.187353 0.0498419
    outer loop
      vertex -6.4148 -1.27598 18.9359
      vertex -6.44807 -1.27642 18.2794
      vertex -6.43074 -1.2823 18.5984
    endloop
  endfacet
  facet normal 0.125179 -0.990877 0.0499367
    outer loop
      vertex 1.12378 -5.89497 29.9765
      vertex 0.376742 -5.98816 30
      vertex 0.376801 -5.9891 29.9812
    endloop
  endfacet
  facet normal 0.12518 -0.990874 0.0499894
    outer loop
      vertex 0.376742 -5.98816 30
      vertex 1.12378 -5.89497 29.9765
      vertex 1.12429 -5.89372 30
    endloop
  endfacet
  facet normal 0.136475 -0.989397 0.0496808
    outer loop
      vertex 0.471309 -7.48427 0.0174744
      vertex 0.470873 -7.48433 0.0174772
      vertex 0.470928 -7.4852 0
    endloop
  endfacet
  facet normal 0.125171 -0.990874 0.0500059
    outer loop
      vertex 0.471309 -7.48427 0.0174744
      vertex 0.470928 -7.4852 0
      vertex 1.2954 -7.38043 0.0122822
    endloop
  endfacet
  facet normal 0.125251 -0.990872 0.0498395
    outer loop
      vertex 1.29473 -7.25319 2.54369
      vertex 1.40536 -7.36715 0
      vertex 1.29222 -6.77403 12.0763
    endloop
  endfacet
  facet normal 0.125236 -0.990874 0.049839
    outer loop
      vertex 1.2954 -7.38043 0.0122822
      vertex 1.40536 -7.36715 0
      vertex 1.29473 -7.25319 2.54369
    endloop
  endfacet
  facet normal 0.125185 -0.990906 0.0493447
    outer loop
      vertex 1.40536 -7.36715 0
      vertex 1.2954 -7.38043 0.0122822
      vertex 0.470928 -7.4852 0
    endloop
  endfacet
  facet normal 0.122208 -0.991241 0.0500734
    outer loop
      vertex 1.12429 -5.89372 30
      vertex 1.12378 -5.89497 29.9765
      vertex 1.12451 -5.89488 29.9765
    endloop
  endfacet
  facet normal -0.891007 -0.453989 0
    outer loop
      vertex 2.9245 0.950227 0
      vertex 2.48773 1.80744 7.999
      vertex 2.48773 1.80744 0
    endloop
  endfacet
  facet normal -0.891007 -0.453989 0
    outer loop
      vertex 2.48773 1.80744 7.999
      vertex 2.9245 0.950227 0
      vertex 2.9245 0.950227 7.999
    endloop
  endfacet
  facet normal -0.987689 -0.156433 0
    outer loop
      vertex 3.075 0 0
      vertex 2.9245 0.950227 7.999
      vertex 2.9245 0.950227 0
    endloop
  endfacet
  facet normal -0.987689 -0.156433 0
    outer loop
      vertex 2.9245 0.950227 7.999
      vertex 3.075 0 0
      vertex 3.075 0 7.999
    endloop
  endfacet
  facet normal -0.707107 -0.707107 0
    outer loop
      vertex 2.48773 1.80744 0
      vertex 1.80744 2.48773 7.999
      vertex 1.80744 2.48773 0
    endloop
  endfacet
  facet normal -0.707107 -0.707107 0
    outer loop
      vertex 1.80744 2.48773 7.999
      vertex 2.48773 1.80744 0
      vertex 2.48773 1.80744 7.999
    endloop
  endfacet
  facet normal -0.156433 -0.987689 0
    outer loop
      vertex 0 3.075 0
      vertex 0.950227 2.9245 7.999
      vertex 0 3.075 7.999
    endloop
  endfacet
  facet normal -0.156433 -0.987689 -0
    outer loop
      vertex 0.950227 2.9245 7.999
      vertex 0 3.075 0
      vertex 0.950227 2.9245 0
    endloop
  endfacet
  facet normal -0.891007 0.453989 0
    outer loop
      vertex 2.48773 -1.80744 0
      vertex 2.9245 -0.950227 7.999
      vertex 2.9245 -0.950227 0
    endloop
  endfacet
  facet normal -0.891007 0.453989 0
    outer loop
      vertex 2.9245 -0.950227 7.999
      vertex 2.48773 -1.80744 0
      vertex 2.48773 -1.80744 7.999
    endloop
  endfacet
  facet normal -0.453989 -0.891007 0
    outer loop
      vertex 0.950227 2.9245 0
      vertex 1.80744 2.48773 7.999
      vertex 0.950227 2.9245 7.999
    endloop
  endfacet
  facet normal -0.453989 -0.891007 -0
    outer loop
      vertex 1.80744 2.48773 7.999
      vertex 0.950227 2.9245 0
      vertex 1.80744 2.48773 0
    endloop
  endfacet
  facet normal 0.453989 -0.891007 0
    outer loop
      vertex -1.80744 2.48773 0
      vertex -0.950227 2.9245 7.999
      vertex -1.80744 2.48773 7.999
    endloop
  endfacet
  facet normal 0.453989 -0.891007 0
    outer loop
      vertex -0.950227 2.9245 7.999
      vertex -1.80744 2.48773 0
      vertex -0.950227 2.9245 0
    endloop
  endfacet
  facet normal 0.156433 0.987689 -0
    outer loop
      vertex 0 -3.075 0
      vertex -0.950227 -2.9245 7.999
      vertex 0 -3.075 7.999
    endloop
  endfacet
  facet normal 0.156433 0.987689 0
    outer loop
      vertex -0.950227 -2.9245 7.999
      vertex 0 -3.075 0
      vertex -0.950227 -2.9245 0
    endloop
  endfacet
  facet normal -0.707107 0.707107 0
    outer loop
      vertex 1.80744 -2.48773 0
      vertex 2.48773 -1.80744 7.999
      vertex 2.48773 -1.80744 0
    endloop
  endfacet
  facet normal -0.707107 0.707107 0
    outer loop
      vertex 2.48773 -1.80744 7.999
      vertex 1.80744 -2.48773 0
      vertex 1.80744 -2.48773 7.999
    endloop
  endfacet
  facet normal 0.891007 0.453989 0
    outer loop
      vertex -2.48773 -1.80744 7.999
      vertex -2.9245 -0.950227 0
      vertex -2.9245 -0.950227 7.999
    endloop
  endfacet
  facet normal 0.891007 0.453989 0
    outer loop
      vertex -2.9245 -0.950227 0
      vertex -2.48773 -1.80744 7.999
      vertex -2.48773 -1.80744 0
    endloop
  endfacet
  facet normal 0.156433 -0.987689 0
    outer loop
      vertex -0.950227 2.9245 0
      vertex 0 3.075 7.999
      vertex -0.950227 2.9245 7.999
    endloop
  endfacet
  facet normal 0.156433 -0.987689 0
    outer loop
      vertex 0 3.075 7.999
      vertex -0.950227 2.9245 0
      vertex 0 3.075 0
    endloop
  endfacet
  facet normal -0.453989 0.891007 0
    outer loop
      vertex 1.80744 -2.48773 0
      vertex 0.950227 -2.9245 7.999
      vertex 1.80744 -2.48773 7.999
    endloop
  endfacet
  facet normal -0.453989 0.891007 0
    outer loop
      vertex 0.950227 -2.9245 7.999
      vertex 1.80744 -2.48773 0
      vertex 0.950227 -2.9245 0
    endloop
  endfacet
  facet normal -0.156433 0.987689 0
    outer loop
      vertex 0.950227 -2.9245 0
      vertex 0 -3.075 7.999
      vertex 0.950227 -2.9245 7.999
    endloop
  endfacet
  facet normal -0.156433 0.987689 0
    outer loop
      vertex 0 -3.075 7.999
      vertex 0.950227 -2.9245 0
      vertex 0 -3.075 0
    endloop
  endfacet
  facet normal 0.987689 0.156433 0
    outer loop
      vertex -2.9245 -0.950227 7.999
      vertex -3.075 0 0
      vertex -3.075 0 7.999
    endloop
  endfacet
  facet normal 0.987689 0.156433 0
    outer loop
      vertex -3.075 0 0
      vertex -2.9245 -0.950227 7.999
      vertex -2.9245 -0.950227 0
    endloop
  endfacet
  facet normal 0.891007 -0.453989 0
    outer loop
      vertex -2.9245 0.950227 7.999
      vertex -2.48773 1.80744 0
      vertex -2.48773 1.80744 7.999
    endloop
  endfacet
  facet normal 0.891007 -0.453989 0
    outer loop
      vertex -2.48773 1.80744 0
      vertex -2.9245 0.950227 7.999
      vertex -2.9245 0.950227 0
    endloop
  endfacet
  facet normal 0.707107 -0.707107 0
    outer loop
      vertex -2.48773 1.80744 7.999
      vertex -1.80744 2.48773 0
      vertex -1.80744 2.48773 7.999
    endloop
  endfacet
  facet normal 0.707107 -0.707107 0
    outer loop
      vertex -1.80744 2.48773 0
      vertex -2.48773 1.80744 7.999
      vertex -2.48773 1.80744 0
    endloop
  endfacet
  facet normal 0 0 -1
    outer loop
      vertex 2.9245 -0.950227 7.999
      vertex 2.9245 0.950227 7.999
      vertex 3.075 0 7.999
    endloop
  endfacet
  facet normal 0 0 -1
    outer loop
      vertex 2.48773 -1.80744 7.999
      vertex 2.9245 0.950227 7.999
      vertex 2.9245 -0.950227 7.999
    endloop
  endfacet
  facet normal 0 0 -1
    outer loop
      vertex 2.48773 -1.80744 7.999
      vertex 2.48773 1.80744 7.999
      vertex 2.9245 0.950227 7.999
    endloop
  endfacet
  facet normal 0 0 -1
    outer loop
      vertex 1.80744 -2.48773 7.999
      vertex 2.48773 1.80744 7.999
      vertex 2.48773 -1.80744 7.999
    endloop
  endfacet
  facet normal 0 0 -1
    outer loop
      vertex 1.80744 -2.48773 7.999
      vertex 1.80744 2.48773 7.999
      vertex 2.48773 1.80744 7.999
    endloop
  endfacet
  facet normal 0 0 -1
    outer loop
      vertex 0.950227 -2.9245 7.999
      vertex 1.80744 2.48773 7.999
      vertex 1.80744 -2.48773 7.999
    endloop
  endfacet
  facet normal 0 0 -1
    outer loop
      vertex 0.950227 -2.9245 7.999
      vertex 0.950227 2.9245 7.999
      vertex 1.80744 2.48773 7.999
    endloop
  endfacet
  facet normal 0 0 -1
    outer loop
      vertex 0 -3.075 7.999
      vertex 0.950227 2.9245 7.999
      vertex 0.950227 -2.9245 7.999
    endloop
  endfacet
  facet normal 0 0 -1
    outer loop
      vertex 0 -3.075 7.999
      vertex 0 3.075 7.999
      vertex 0.950227 2.9245 7.999
    endloop
  endfacet
  facet normal 0 0 -1
    outer loop
      vertex -0.950227 -2.9245 7.999
      vertex 0 3.075 7.999
      vertex 0 -3.075 7.999
    endloop
  endfacet
  facet normal 0 0 -1
    outer loop
      vertex -0.950227 -2.9245 7.999
      vertex -0.950227 2.9245 7.999
      vertex 0 3.075 7.999
    endloop
  endfacet
  facet normal 0 0 -1
    outer loop
      vertex -1.80744 -2.48773 7.999
      vertex -0.950227 2.9245 7.999
      vertex -0.950227 -2.9245 7.999
    endloop
  endfacet
  facet normal 0 0 -1
    outer loop
      vertex -1.80744 -2.48773 7.999
      vertex -1.80744 2.48773 7.999
      vertex -0.950227 2.9245 7.999
    endloop
  endfacet
  facet normal 0 0 -1
    outer loop
      vertex -2.48773 -1.80744 7.999
      vertex -1.80744 2.48773 7.999
      vertex -1.80744 -2.48773 7.999
    endloop
  endfacet
  facet normal 0 0 -1
    outer loop
      vertex -2.48773 -1.80744 7.999
      vertex -2.48773 1.80744 7.999
      vertex -1.80744 2.48773 7.999
    endloop
  endfacet
  facet normal 0 0 -1
    outer loop
      vertex -2.9245 -0.950227 7.999
      vertex -2.48773 1.80744 7.999
      vertex -2.48773 -1.80744 7.999
    endloop
  endfacet
  facet normal 0 0 -1
    outer loop
      vertex -2.9245 -0.950227 7.999
      vertex -2.9245 0.950227 7.999
      vertex -2.48773 1.80744 7.999
    endloop
  endfacet
  facet normal 0 -0 -1
    outer loop
      vertex -2.9245 0.950227 7.999
      vertex -2.9245 -0.950227 7.999
      vertex -3.075 0 7.999
    endloop
  endfacet
  facet normal -0.987689 0.156433 0
    outer loop
      vertex 2.9245 -0.950227 0
      vertex 3.075 0 7.999
      vertex 3.075 0 0
    endloop
  endfacet
  facet normal -0.987689 0.156433 0
    outer loop
      vertex 3.075 0 7.999
      vertex 2.9245 -0.950227 0
      vertex 2.9245 -0.950227 7.999
    endloop
  endfacet
  facet normal 0.707107 0.707107 0
    outer loop
      vertex -1.80744 -2.48773 7.999
      vertex -2.48773 -1.80744 0
      vertex -2.48773 -1.80744 7.999
    endloop
  endfacet
  facet normal 0.707107 0.707107 0
    outer loop
      vertex -2.48773 -1.80744 0
      vertex -1.80744 -2.48773 7.999
      vertex -1.80744 -2.48773 0
    endloop
  endfacet
  facet normal 0.987689 -0.156433 0
    outer loop
      vertex -3.075 0 7.999
      vertex -2.9245 0.950227 0
      vertex -2.9245 0.950227 7.999
    endloop
  endfacet
  facet normal 0.987689 -0.156433 0
    outer loop
      vertex -2.9245 0.950227 0
      vertex -3.075 0 7.999
      vertex -3.075 0 0
    endloop
  endfacet
  facet normal 0.453989 0.891007 -0
    outer loop
      vertex -0.950227 -2.9245 0
      vertex -1.80744 -2.48773 7.999
      vertex -0.950227 -2.9245 7.999
    endloop
  endfacet
  facet normal 0.453989 0.891007 0
    outer loop
      vertex -1.80744 -2.48773 7.999
      vertex -0.950227 -2.9245 0
      vertex -1.80744 -2.48773 0
    endloop
  endfacet
  facet normal -0.982284 -0.187396 0
    outer loop
      vertex 4.46452 0.563999 28.5
      vertex 4.35862 1.1191 30
      vertex 4.35862 1.1191 28.5
    endloop
  endfacet
  facet normal -0.982284 -0.187396 0
    outer loop
      vertex 4.35862 1.1191 30
      vertex 4.46452 0.563999 28.5
      vertex 4.46452 0.563999 30
    endloop
  endfacet
  facet normal -0.998027 -0.0627838 0
    outer loop
      vertex 4.5 0 28.5
      vertex 4.46452 0.563999 30
      vertex 4.46452 0.563999 28.5
    endloop
  endfacet
  facet normal -0.998027 -0.0627838 0
    outer loop
      vertex 4.46452 0.563999 30
      vertex 4.5 0 28.5
      vertex 4.5 0 30
    endloop
  endfacet
  facet normal -0.90483 0.425774 0
    outer loop
      vertex 3.94338 -2.16789 28.5
      vertex 4.18399 -1.65656 30
      vertex 4.18399 -1.65656 28.5
    endloop
  endfacet
  facet normal -0.90483 0.425774 0
    outer loop
      vertex 4.18399 -1.65656 30
      vertex 3.94338 -2.16789 28.5
      vertex 3.94338 -2.16789 30
    endloop
  endfacet
  facet normal -0.368121 -0.929778 0
    outer loop
      vertex 1.39058 4.27975 28.5
      vertex 1.91601 4.07172 30
      vertex 1.39058 4.27975 30
    endloop
  endfacet
  facet normal -0.368121 -0.929778 -0
    outer loop
      vertex 1.91601 4.07172 30
      vertex 1.39058 4.27975 28.5
      vertex 1.91601 4.07172 28.5
    endloop
  endfacet
  facet normal 0.125337 -0.992114 0
    outer loop
      vertex -0.843215 4.42029 28.5
      vertex -0.282557 4.49112 30
      vertex -0.843215 4.42029 30
    endloop
  endfacet
  facet normal 0.125337 -0.992114 0
    outer loop
      vertex -0.282557 4.49112 30
      vertex -0.843215 4.42029 28.5
      vertex -0.282557 4.49112 28.5
    endloop
  endfacet
  facet normal -0.68455 -0.728966 0
    outer loop
      vertex 2.86841 3.46731 28.5
      vertex 3.28036 3.08046 30
      vertex 2.86841 3.46731 30
    endloop
  endfacet
  facet normal -0.68455 -0.728966 -0
    outer loop
      vertex 3.28036 3.08046 30
      vertex 2.86841 3.46731 28.5
      vertex 3.28036 3.08046 28.5
    endloop
  endfacet
  facet normal -0.587776 -0.809024 0
    outer loop
      vertex 2.41122 3.79947 28.5
      vertex 2.86841 3.46731 30
      vertex 2.41122 3.79947 30
    endloop
  endfacet
  facet normal -0.587776 -0.809024 -0
    outer loop
      vertex 2.86841 3.46731 30
      vertex 2.41122 3.79947 28.5
      vertex 2.86841 3.46731 28.5
    endloop
  endfacet
  facet normal 0.587776 0.809024 -0
    outer loop
      vertex -2.41122 -3.79947 28.5
      vertex -2.86841 -3.46731 30
      vertex -2.41122 -3.79947 30
    endloop
  endfacet
  facet normal 0.587776 0.809024 0
    outer loop
      vertex -2.86841 -3.46731 30
      vertex -2.41122 -3.79947 28.5
      vertex -2.86841 -3.46731 28.5
    endloop
  endfacet
  facet normal -0.770512 0.637425 0
    outer loop
      vertex 3.28036 -3.08046 28.5
      vertex 3.64058 -2.64503 30
      vertex 3.64058 -2.64503 28.5
    endloop
  endfacet
  facet normal -0.770512 0.637425 0
    outer loop
      vertex 3.64058 -2.64503 30
      vertex 3.28036 -3.08046 28.5
      vertex 3.28036 -3.08046 30
    endloop
  endfacet
  facet normal -0.125337 -0.992114 0
    outer loop
      vertex 0.282557 4.49112 28.5
      vertex 0.843215 4.42029 30
      vertex 0.282557 4.49112 30
    endloop
  endfacet
  facet normal -0.125337 -0.992114 -0
    outer loop
      vertex 0.843215 4.42029 30
      vertex 0.282557 4.49112 28.5
      vertex 0.843215 4.42029 28.5
    endloop
  endfacet
  facet normal -0.481762 0.876302 0
    outer loop
      vertex 2.41122 -3.79947 28.5
      vertex 1.91601 -4.07172 30
      vertex 2.41122 -3.79947 30
    endloop
  endfacet
  facet normal -0.481762 0.876302 0
    outer loop
      vertex 1.91601 -4.07172 30
      vertex 2.41122 -3.79947 28.5
      vertex 1.91601 -4.07172 28.5
    endloop
  endfacet
  facet normal 0.481762 0.876302 -0
    outer loop
      vertex -1.91601 -4.07172 28.5
      vertex -2.41122 -3.79947 30
      vertex -1.91601 -4.07172 30
    endloop
  endfacet
  facet normal 0.481762 0.876302 0
    outer loop
      vertex -2.41122 -3.79947 30
      vertex -1.91601 -4.07172 28.5
      vertex -2.41122 -3.79947 28.5
    endloop
  endfacet
  facet normal -0.481762 -0.876302 0
    outer loop
      vertex 1.91601 4.07172 28.5
      vertex 2.41122 3.79947 30
      vertex 1.91601 4.07172 30
    endloop
  endfacet
  facet normal -0.481762 -0.876302 -0
    outer loop
      vertex 2.41122 3.79947 30
      vertex 1.91601 4.07172 28.5
      vertex 2.41122 3.79947 28.5
    endloop
  endfacet
  facet normal -0.951057 0.309015 0
    outer loop
      vertex 4.18399 -1.65656 28.5
      vertex 4.35862 -1.1191 30
      vertex 4.35862 -1.1191 28.5
    endloop
  endfacet
  facet normal -0.951057 0.309015 0
    outer loop
      vertex 4.35862 -1.1191 30
      vertex 4.18399 -1.65656 28.5
      vertex 4.18399 -1.65656 30
    endloop
  endfacet
  facet normal -0.951057 -0.309015 0
    outer loop
      vertex 4.35862 1.1191 28.5
      vertex 4.18399 1.65656 30
      vertex 4.18399 1.65656 28.5
    endloop
  endfacet
  facet normal -0.951057 -0.309015 0
    outer loop
      vertex 4.18399 1.65656 30
      vertex 4.35862 1.1191 28.5
      vertex 4.35862 1.1191 30
    endloop
  endfacet
  facet normal 0.951057 0.309015 0
    outer loop
      vertex -4.18399 -1.65656 30
      vertex -4.35862 -1.1191 28.5
      vertex -4.35862 -1.1191 30
    endloop
  endfacet
  facet normal 0.951057 0.309015 0
    outer loop
      vertex -4.35862 -1.1191 28.5
      vertex -4.18399 -1.65656 30
      vertex -4.18399 -1.65656 28.5
    endloop
  endfacet
  facet normal -0.84433 -0.535824 0
    outer loop
      vertex 3.94338 2.16789 28.5
      vertex 3.64058 2.64503 30
      vertex 3.64058 2.64503 28.5
    endloop
  endfacet
  facet normal -0.84433 -0.535824 0
    outer loop
      vertex 3.64058 2.64503 30
      vertex 3.94338 2.16789 28.5
      vertex 3.94338 2.16789 30
    endloop
  endfacet
  facet normal 0.998027 -0.0627838 0
    outer loop
      vertex -4.5 0 30
      vertex -4.46452 0.563999 28.5
      vertex -4.46452 0.563999 30
    endloop
  endfacet
  facet normal 0.998027 -0.0627838 0
    outer loop
      vertex -4.46452 0.563999 28.5
      vertex -4.5 0 30
      vertex -4.5 0 28.5
    endloop
  endfacet
  facet normal 0.84433 -0.535824 0
    outer loop
      vertex -3.94338 2.16789 30
      vertex -3.64058 2.64503 28.5
      vertex -3.64058 2.64503 30
    endloop
  endfacet
  facet normal 0.84433 -0.535824 0
    outer loop
      vertex -3.64058 2.64503 28.5
      vertex -3.94338 2.16789 30
      vertex -3.94338 2.16789 28.5
    endloop
  endfacet
  facet normal -0.982284 0.187396 0
    outer loop
      vertex 4.35862 -1.1191 28.5
      vertex 4.46452 -0.563999 30
      vertex 4.46452 -0.563999 28.5
    endloop
  endfacet
  facet normal -0.982284 0.187396 0
    outer loop
      vertex 4.46452 -0.563999 30
      vertex 4.35862 -1.1191 28.5
      vertex 4.35862 -1.1191 30
    endloop
  endfacet
  facet normal -0.90483 -0.425774 0
    outer loop
      vertex 4.18399 1.65656 28.5
      vertex 3.94338 2.16789 30
      vertex 3.94338 2.16789 28.5
    endloop
  endfacet
  facet normal -0.90483 -0.425774 0
    outer loop
      vertex 3.94338 2.16789 30
      vertex 4.18399 1.65656 28.5
      vertex 4.18399 1.65656 30
    endloop
  endfacet
  facet normal 0.481762 -0.876302 0
    outer loop
      vertex -2.41122 3.79947 28.5
      vertex -1.91601 4.07172 30
      vertex -2.41122 3.79947 30
    endloop
  endfacet
  facet normal 0.481762 -0.876302 0
    outer loop
      vertex -1.91601 4.07172 30
      vertex -2.41122 3.79947 28.5
      vertex -1.91601 4.07172 28.5
    endloop
  endfacet
  facet normal -0.125337 0.992114 0
    outer loop
      vertex 0.843215 -4.42029 28.5
      vertex 0.282557 -4.49112 30
      vertex 0.843215 -4.42029 30
    endloop
  endfacet
  facet normal -0.125337 0.992114 0
    outer loop
      vertex 0.282557 -4.49112 30
      vertex 0.843215 -4.42029 28.5
      vertex 0.282557 -4.49112 28.5
    endloop
  endfacet
  facet normal -0.248691 -0.968583 0
    outer loop
      vertex 0.843215 4.42029 28.5
      vertex 1.39058 4.27975 30
      vertex 0.843215 4.42029 30
    endloop
  endfacet
  facet normal -0.248691 -0.968583 -0
    outer loop
      vertex 1.39058 4.27975 30
      vertex 0.843215 4.42029 28.5
      vertex 1.39058 4.27975 28.5
    endloop
  endfacet
  facet normal 0.368121 -0.929778 0
    outer loop
      vertex -1.91601 4.07172 28.5
      vertex -1.39058 4.27975 30
      vertex -1.91601 4.07172 30
    endloop
  endfacet
  facet normal 0.368121 -0.929778 0
    outer loop
      vertex -1.39058 4.27975 30
      vertex -1.91601 4.07172 28.5
      vertex -1.39058 4.27975 28.5
    endloop
  endfacet
  facet normal 0.68455 -0.728966 0
    outer loop
      vertex -3.28036 3.08046 28.5
      vertex -2.86841 3.46731 30
      vertex -3.28036 3.08046 30
    endloop
  endfacet
  facet normal 0.68455 -0.728966 0
    outer loop
      vertex -2.86841 3.46731 30
      vertex -3.28036 3.08046 28.5
      vertex -2.86841 3.46731 28.5
    endloop
  endfacet
  facet normal -0.84433 0.535824 0
    outer loop
      vertex 3.64058 -2.64503 28.5
      vertex 3.94338 -2.16789 30
      vertex 3.94338 -2.16789 28.5
    endloop
  endfacet
  facet normal -0.84433 0.535824 0
    outer loop
      vertex 3.94338 -2.16789 30
      vertex 3.64058 -2.64503 28.5
      vertex 3.64058 -2.64503 30
    endloop
  endfacet
  facet normal 0.982284 0.187396 0
    outer loop
      vertex -4.35862 -1.1191 30
      vertex -4.46452 -0.563999 28.5
      vertex -4.46452 -0.563999 30
    endloop
  endfacet
  facet normal 0.982284 0.187396 0
    outer loop
      vertex -4.46452 -0.563999 28.5
      vertex -4.35862 -1.1191 30
      vertex -4.35862 -1.1191 28.5
    endloop
  endfacet
  facet normal 0.982284 -0.187396 0
    outer loop
      vertex -4.46452 0.563999 30
      vertex -4.35862 1.1191 28.5
      vertex -4.35862 1.1191 30
    endloop
  endfacet
  facet normal 0.982284 -0.187396 0
    outer loop
      vertex -4.35862 1.1191 28.5
      vertex -4.46452 0.563999 30
      vertex -4.46452 0.563999 28.5
    endloop
  endfacet
  facet normal 0.998027 0.0627838 0
    outer loop
      vertex -4.46452 -0.563999 30
      vertex -4.5 0 28.5
      vertex -4.5 0 30
    endloop
  endfacet
  facet normal 0.998027 0.0627838 0
    outer loop
      vertex -4.5 0 28.5
      vertex -4.46452 -0.563999 30
      vertex -4.46452 -0.563999 28.5
    endloop
  endfacet
  facet normal 0 -1 0
    outer loop
      vertex -0.282557 4.49112 28.5
      vertex 0.282557 4.49112 30
      vertex -0.282557 4.49112 30
    endloop
  endfacet
  facet normal 0 -1 -0
    outer loop
      vertex 0.282557 4.49112 30
      vertex -0.282557 4.49112 28.5
      vertex 0.282557 4.49112 28.5
    endloop
  endfacet
  facet normal -0.998027 0.0627838 0
    outer loop
      vertex 4.46452 -0.563999 28.5
      vertex 4.5 0 30
      vertex 4.5 0 28.5
    endloop
  endfacet
  facet normal -0.998027 0.0627838 0
    outer loop
      vertex 4.5 0 30
      vertex 4.46452 -0.563999 28.5
      vertex 4.46452 -0.563999 30
    endloop
  endfacet
  facet normal 0.90483 0.425774 0
    outer loop
      vertex -3.94338 -2.16789 30
      vertex -4.18399 -1.65656 28.5
      vertex -4.18399 -1.65656 30
    endloop
  endfacet
  facet normal 0.90483 0.425774 0
    outer loop
      vertex -4.18399 -1.65656 28.5
      vertex -3.94338 -2.16789 30
      vertex -3.94338 -2.16789 28.5
    endloop
  endfacet
  facet normal 0.125337 0.992114 -0
    outer loop
      vertex -0.282557 -4.49112 28.5
      vertex -0.843215 -4.42029 30
      vertex -0.282557 -4.49112 30
    endloop
  endfacet
  facet normal 0.125337 0.992114 0
    outer loop
      vertex -0.843215 -4.42029 30
      vertex -0.282557 -4.49112 28.5
      vertex -0.843215 -4.42029 28.5
    endloop
  endfacet
  facet normal 0 1 -0
    outer loop
      vertex 0.282557 -4.49112 28.5
      vertex -0.282557 -4.49112 30
      vertex 0.282557 -4.49112 30
    endloop
  endfacet
  facet normal 0 1 0
    outer loop
      vertex -0.282557 -4.49112 30
      vertex 0.282557 -4.49112 28.5
      vertex -0.282557 -4.49112 28.5
    endloop
  endfacet
  facet normal 0.248691 0.968583 -0
    outer loop
      vertex -0.843215 -4.42029 28.5
      vertex -1.39058 -4.27975 30
      vertex -0.843215 -4.42029 30
    endloop
  endfacet
  facet normal 0.248691 0.968583 0
    outer loop
      vertex -1.39058 -4.27975 30
      vertex -0.843215 -4.42029 28.5
      vertex -1.39058 -4.27975 28.5
    endloop
  endfacet
  facet normal 0.587776 -0.809024 0
    outer loop
      vertex -2.86841 3.46731 28.5
      vertex -2.41122 3.79947 30
      vertex -2.86841 3.46731 30
    endloop
  endfacet
  facet normal 0.587776 -0.809024 0
    outer loop
      vertex -2.41122 3.79947 30
      vertex -2.86841 3.46731 28.5
      vertex -2.41122 3.79947 28.5
    endloop
  endfacet
  facet normal 0.951057 -0.309015 0
    outer loop
      vertex -4.35862 1.1191 30
      vertex -4.18399 1.65656 28.5
      vertex -4.18399 1.65656 30
    endloop
  endfacet
  facet normal 0.951057 -0.309015 0
    outer loop
      vertex -4.18399 1.65656 28.5
      vertex -4.35862 1.1191 30
      vertex -4.35862 1.1191 28.5
    endloop
  endfacet
  facet normal -0.770512 -0.637425 0
    outer loop
      vertex 3.64058 2.64503 28.5
      vertex 3.28036 3.08046 30
      vertex 3.28036 3.08046 28.5
    endloop
  endfacet
  facet normal -0.770512 -0.637425 0
    outer loop
      vertex 3.28036 3.08046 30
      vertex 3.64058 2.64503 28.5
      vertex 3.64058 2.64503 30
    endloop
  endfacet
  facet normal 0.90483 -0.425774 0
    outer loop
      vertex -4.18399 1.65656 30
      vertex -3.94338 2.16789 28.5
      vertex -3.94338 2.16789 30
    endloop
  endfacet
  facet normal 0.90483 -0.425774 0
    outer loop
      vertex -3.94338 2.16789 28.5
      vertex -4.18399 1.65656 30
      vertex -4.18399 1.65656 28.5
    endloop
  endfacet
  facet normal 0.248691 -0.968583 0
    outer loop
      vertex -1.39058 4.27975 28.5
      vertex -0.843215 4.42029 30
      vertex -1.39058 4.27975 30
    endloop
  endfacet
  facet normal 0.248691 -0.968583 0
    outer loop
      vertex -0.843215 4.42029 30
      vertex -1.39058 4.27975 28.5
      vertex -0.843215 4.42029 28.5
    endloop
  endfacet
  facet normal 0.68455 0.728966 -0
    outer loop
      vertex -2.86841 -3.46731 28.5
      vertex -3.28036 -3.08046 30
      vertex -2.86841 -3.46731 30
    endloop
  endfacet
  facet normal 0.68455 0.728966 0
    outer loop
      vertex -3.28036 -3.08046 30
      vertex -2.86841 -3.46731 28.5
      vertex -3.28036 -3.08046 28.5
    endloop
  endfacet
  facet normal 0.770512 0.637425 0
    outer loop
      vertex -3.28036 -3.08046 30
      vertex -3.64058 -2.64503 28.5
      vertex -3.64058 -2.64503 30
    endloop
  endfacet
  facet normal 0.770512 0.637425 0
    outer loop
      vertex -3.64058 -2.64503 28.5
      vertex -3.28036 -3.08046 30
      vertex -3.28036 -3.08046 28.5
    endloop
  endfacet
  facet normal 0.84433 0.535824 0
    outer loop
      vertex -3.64058 -2.64503 30
      vertex -3.94338 -2.16789 28.5
      vertex -3.94338 -2.16789 30
    endloop
  endfacet
  facet normal 0.84433 0.535824 0
    outer loop
      vertex -3.94338 -2.16789 28.5
      vertex -3.64058 -2.64503 30
      vertex -3.64058 -2.64503 28.5
    endloop
  endfacet
  facet normal -0.68455 0.728966 0
    outer loop
      vertex 3.28036 -3.08046 28.5
      vertex 2.86841 -3.46731 30
      vertex 3.28036 -3.08046 30
    endloop
  endfacet
  facet normal -0.68455 0.728966 0
    outer loop
      vertex 2.86841 -3.46731 30
      vertex 3.28036 -3.08046 28.5
      vertex 2.86841 -3.46731 28.5
    endloop
  endfacet
  facet normal 0.368121 0.929778 -0
    outer loop
      vertex -1.39058 -4.27975 28.5
      vertex -1.91601 -4.07172 30
      vertex -1.39058 -4.27975 30
    endloop
  endfacet
  facet normal 0.368121 0.929778 0
    outer loop
      vertex -1.91601 -4.07172 30
      vertex -1.39058 -4.27975 28.5
      vertex -1.91601 -4.07172 28.5
    endloop
  endfacet
  facet normal -0.368121 0.929778 0
    outer loop
      vertex 1.91601 -4.07172 28.5
      vertex 1.39058 -4.27975 30
      vertex 1.91601 -4.07172 30
    endloop
  endfacet
  facet normal -0.368121 0.929778 0
    outer loop
      vertex 1.39058 -4.27975 30
      vertex 1.91601 -4.07172 28.5
      vertex 1.39058 -4.27975 28.5
    endloop
  endfacet
  facet normal -0.248691 0.968583 0
    outer loop
      vertex 1.39058 -4.27975 28.5
      vertex 0.843215 -4.42029 30
      vertex 1.39058 -4.27975 30
    endloop
  endfacet
  facet normal -0.248691 0.968583 0
    outer loop
      vertex 0.843215 -4.42029 30
      vertex 1.39058 -4.27975 28.5
      vertex 0.843215 -4.42029 28.5
    endloop
  endfacet
  facet normal -0.587776 0.809024 0
    outer loop
      vertex 2.86841 -3.46731 28.5
      vertex 2.41122 -3.79947 30
      vertex 2.86841 -3.46731 30
    endloop
  endfacet
  facet normal -0.587776 0.809024 0
    outer loop
      vertex 2.41122 -3.79947 30
      vertex 2.86841 -3.46731 28.5
      vertex 2.41122 -3.79947 28.5
    endloop
  endfacet
  facet normal 0 0 1
    outer loop
      vertex 4.46452 0.563999 28.5
      vertex 4.46452 -0.563999 28.5
      vertex 4.5 0 28.5
    endloop
  endfacet
  facet normal 0 0 1
    outer loop
      vertex 4.35862 1.1191 28.5
      vertex 4.46452 -0.563999 28.5
      vertex 4.46452 0.563999 28.5
    endloop
  endfacet
  facet normal 0 0 1
    outer loop
      vertex 4.35862 1.1191 28.5
      vertex 4.35862 -1.1191 28.5
      vertex 4.46452 -0.563999 28.5
    endloop
  endfacet
  facet normal 0 0 1
    outer loop
      vertex 4.18399 1.65656 28.5
      vertex 4.35862 -1.1191 28.5
      vertex 4.35862 1.1191 28.5
    endloop
  endfacet
  facet normal 0 0 1
    outer loop
      vertex 4.18399 1.65656 28.5
      vertex 4.18399 -1.65656 28.5
      vertex 4.35862 -1.1191 28.5
    endloop
  endfacet
  facet normal 0 0 1
    outer loop
      vertex 3.94338 2.16789 28.5
      vertex 4.18399 -1.65656 28.5
      vertex 4.18399 1.65656 28.5
    endloop
  endfacet
  facet normal 0 0 1
    outer loop
      vertex 3.94338 2.16789 28.5
      vertex 3.94338 -2.16789 28.5
      vertex 4.18399 -1.65656 28.5
    endloop
  endfacet
  facet normal 0 0 1
    outer loop
      vertex 3.64058 2.64503 28.5
      vertex 3.94338 -2.16789 28.5
      vertex 3.94338 2.16789 28.5
    endloop
  endfacet
  facet normal 0 0 1
    outer loop
      vertex 3.64058 2.64503 28.5
      vertex 3.64058 -2.64503 28.5
      vertex 3.94338 -2.16789 28.5
    endloop
  endfacet
  facet normal 0 0 1
    outer loop
      vertex 3.28036 3.08046 28.5
      vertex 3.64058 -2.64503 28.5
      vertex 3.64058 2.64503 28.5
    endloop
  endfacet
  facet normal 0 0 1
    outer loop
      vertex 3.28036 3.08046 28.5
      vertex 3.28036 -3.08046 28.5
      vertex 3.64058 -2.64503 28.5
    endloop
  endfacet
  facet normal 0 0 1
    outer loop
      vertex 2.86841 3.46731 28.5
      vertex 3.28036 -3.08046 28.5
      vertex 3.28036 3.08046 28.5
    endloop
  endfacet
  facet normal 0 0 1
    outer loop
      vertex 2.86841 3.46731 28.5
      vertex 2.86841 -3.46731 28.5
      vertex 3.28036 -3.08046 28.5
    endloop
  endfacet
  facet normal 0 0 1
    outer loop
      vertex 2.41122 3.79947 28.5
      vertex 2.86841 -3.46731 28.5
      vertex 2.86841 3.46731 28.5
    endloop
  endfacet
  facet normal 0 0 1
    outer loop
      vertex 2.41122 3.79947 28.5
      vertex 2.41122 -3.79947 28.5
      vertex 2.86841 -3.46731 28.5
    endloop
  endfacet
  facet normal 0 0 1
    outer loop
      vertex 1.91601 4.07172 28.5
      vertex 2.41122 -3.79947 28.5
      vertex 2.41122 3.79947 28.5
    endloop
  endfacet
  facet normal 0 0 1
    outer loop
      vertex 1.91601 4.07172 28.5
      vertex 1.91601 -4.07172 28.5
      vertex 2.41122 -3.79947 28.5
    endloop
  endfacet
  facet normal 0 0 1
    outer loop
      vertex 1.39058 4.27975 28.5
      vertex 1.91601 -4.07172 28.5
      vertex 1.91601 4.07172 28.5
    endloop
  endfacet
  facet normal 0 0 1
    outer loop
      vertex 1.39058 4.27975 28.5
      vertex 1.39058 -4.27975 28.5
      vertex 1.91601 -4.07172 28.5
    endloop
  endfacet
  facet normal 0 0 1
    outer loop
      vertex 0.843215 4.42029 28.5
      vertex 1.39058 -4.27975 28.5
      vertex 1.39058 4.27975 28.5
    endloop
  endfacet
  facet normal 0 0 1
    outer loop
      vertex 0.843215 4.42029 28.5
      vertex 0.843215 -4.42029 28.5
      vertex 1.39058 -4.27975 28.5
    endloop
  endfacet
  facet normal 0 0 1
    outer loop
      vertex 0.282557 4.49112 28.5
      vertex 0.843215 -4.42029 28.5
      vertex 0.843215 4.42029 28.5
    endloop
  endfacet
  facet normal 0 0 1
    outer loop
      vertex 0.282557 4.49112 28.5
      vertex 0.282557 -4.49112 28.5
      vertex 0.843215 -4.42029 28.5
    endloop
  endfacet
  facet normal -0 0 1
    outer loop
      vertex -0.282557 4.49112 28.5
      vertex 0.282557 -4.49112 28.5
      vertex 0.282557 4.49112 28.5
    endloop
  endfacet
  facet normal 0 0 1
    outer loop
      vertex -0.282557 4.49112 28.5
      vertex -0.282557 -4.49112 28.5
      vertex 0.282557 -4.49112 28.5
    endloop
  endfacet
  facet normal -0 0 1
    outer loop
      vertex -0.843215 4.42029 28.5
      vertex -0.282557 -4.49112 28.5
      vertex -0.282557 4.49112 28.5
    endloop
  endfacet
  facet normal 0 0 1
    outer loop
      vertex -0.843215 4.42029 28.5
      vertex -0.843215 -4.42029 28.5
      vertex -0.282557 -4.49112 28.5
    endloop
  endfacet
  facet normal -0 0 1
    outer loop
      vertex -1.39058 4.27975 28.5
      vertex -0.843215 -4.42029 28.5
      vertex -0.843215 4.42029 28.5
    endloop
  endfacet
  facet normal 0 0 1
    outer loop
      vertex -1.39058 4.27975 28.5
      vertex -1.39058 -4.27975 28.5
      vertex -0.843215 -4.42029 28.5
    endloop
  endfacet
  facet normal -0 0 1
    outer loop
      vertex -1.91601 4.07172 28.5
      vertex -1.39058 -4.27975 28.5
      vertex -1.39058 4.27975 28.5
    endloop
  endfacet
  facet normal 0 0 1
    outer loop
      vertex -1.91601 4.07172 28.5
      vertex -1.91601 -4.07172 28.5
      vertex -1.39058 -4.27975 28.5
    endloop
  endfacet
  facet normal -0 0 1
    outer loop
      vertex -2.41122 3.79947 28.5
      vertex -1.91601 -4.07172 28.5
      vertex -1.91601 4.07172 28.5
    endloop
  endfacet
  facet normal 0 0 1
    outer loop
      vertex -2.41122 3.79947 28.5
      vertex -2.41122 -3.79947 28.5
      vertex -1.91601 -4.07172 28.5
    endloop
  endfacet
  facet normal -0 0 1
    outer loop
      vertex -2.86841 3.46731 28.5
      vertex -2.41122 -3.79947 28.5
      vertex -2.41122 3.79947 28.5
    endloop
  endfacet
  facet normal 0 0 1
    outer loop
      vertex -2.86841 3.46731 28.5
      vertex -2.86841 -3.46731 28.5
      vertex -2.41122 -3.79947 28.5
    endloop
  endfacet
  facet normal -0 0 1
    outer loop
      vertex -3.28036 3.08046 28.5
      vertex -2.86841 -3.46731 28.5
      vertex -2.86841 3.46731 28.5
    endloop
  endfacet
  facet normal 0 0 1
    outer loop
      vertex -3.28036 3.08046 28.5
      vertex -3.28036 -3.08046 28.5
      vertex -2.86841 -3.46731 28.5
    endloop
  endfacet
  facet normal -0 0 1
    outer loop
      vertex -3.64058 2.64503 28.5
      vertex -3.28036 -3.08046 28.5
      vertex -3.28036 3.08046 28.5
    endloop
  endfacet
  facet normal 0 0 1
    outer loop
      vertex -3.64058 2.64503 28.5
      vertex -3.64058 -2.64503 28.5
      vertex -3.28036 -3.08046 28.5
    endloop
  endfacet
  facet normal -0 0 1
    outer loop
      vertex -3.94338 2.16789 28.5
      vertex -3.64058 -2.64503 28.5
      vertex -3.64058 2.64503 28.5
    endloop
  endfacet
  facet normal 0 0 1
    outer loop
      vertex -3.94338 2.16789 28.5
      vertex -3.94338 -2.16789 28.5
      vertex -3.64058 -2.64503 28.5
    endloop
  endfacet
  facet normal -0 0 1
    outer loop
      vertex -4.18399 1.65656 28.5
      vertex -3.94338 -2.16789 28.5
      vertex -3.94338 2.16789 28.5
    endloop
  endfacet
  facet normal 0 0 1
    outer loop
      vertex -4.18399 1.65656 28.5
      vertex -4.18399 -1.65656 28.5
      vertex -3.94338 -2.16789 28.5
    endloop
  endfacet
  facet normal -0 0 1
    outer loop
      vertex -4.35862 1.1191 28.5
      vertex -4.18399 -1.65656 28.5
      vertex -4.18399 1.65656 28.5
    endloop
  endfacet
  facet normal 0 0 1
    outer loop
      vertex -4.35862 1.1191 28.5
      vertex -4.35862 -1.1191 28.5
      vertex -4.18399 -1.65656 28.5
    endloop
  endfacet
  facet normal -0 0 1
    outer loop
      vertex -4.46452 0.563999 28.5
      vertex -4.35862 -1.1191 28.5
      vertex -4.35862 1.1191 28.5
    endloop
  endfacet
  facet normal 0 0 1
    outer loop
      vertex -4.46452 0.563999 28.5
      vertex -4.46452 -0.563999 28.5
      vertex -4.35862 -1.1191 28.5
    endloop
  endfacet
  facet normal 0 -0 1
    outer loop
      vertex -4.46452 -0.563999 28.5
      vertex -4.46452 0.563999 28.5
      vertex -4.5 0 28.5
    endloop
  endfacet
  facet normal 0.770512 -0.637425 0
    outer loop
      vertex -3.64058 2.64503 30
      vertex -3.28036 3.08046 28.5
      vertex -3.28036 3.08046 30
    endloop
  endfacet
  facet normal 0.770512 -0.637425 0
    outer loop
      vertex -3.28036 3.08046 28.5
      vertex -3.64058 2.64503 30
      vertex -3.64058 2.64503 28.5
    endloop
  endfacet
endsolid OpenSCAD_Model
