solid OpenSCAD_Model
  facet normal -0.14839 0 0.988929
    outer loop
      vertex 4.31953 0.859207 24.9445
      vertex 5.16924 0 25.072
      vertex 4.31953 0.859209 24.9445
    endloop
  endfacet
  facet normal -0.14835 3.99283e-05 0.988935
    outer loop
      vertex 3.77067 3.78952e-06 24.8622
      vertex 5.16924 0 25.072
      vertex 4.31953 0.859207 24.9445
    endloop
  endfacet
  facet normal -0.14839 0 0.988929
    outer loop
      vertex 5.16924 0 25.072
      vertex 4.31953 -0.859207 24.9445
      vertex 4.31953 -0.859209 24.9445
    endloop
  endfacet
  facet normal -0.14835 0 0.988935
    outer loop
      vertex 3.77067 -3.78952e-06 24.8622
      vertex 5.16924 0 25.072
      vertex 3.77067 0 24.8622
    endloop
  endfacet
  facet normal -0.148289 0 0.988944
    outer loop
      vertex 3.77067 3.78952e-06 24.8622
      vertex 4.31953 0.859207 24.9445
      vertex 3.77067 0.750032 24.8622
    endloop
  endfacet
  facet normal -0.14835 0 0.988935
    outer loop
      vertex 5.16924 0 25.072
      vertex 3.77067 3.78952e-06 24.8622
      vertex 3.77067 0 24.8622
    endloop
  endfacet
  facet normal -0.14835 -3.99283e-05 0.988935
    outer loop
      vertex 5.16924 0 25.072
      vertex 3.77067 -3.78952e-06 24.8622
      vertex 4.31953 -0.859207 24.9445
    endloop
  endfacet
  facet normal -0.148289 0 0.988944
    outer loop
      vertex 4.31953 -0.859207 24.9445
      vertex 3.77067 -3.78952e-06 24.8622
      vertex 3.77067 -0.750032 24.8622
    endloop
  endfacet
  facet normal -0.699282 0.707108 -0.104893
    outer loop
      vertex 7.10973 1.41421 2.6018
      vertex 7.01267 1.28499 2.37776
      vertex 6.42097 1.27721 6.26997
    endloop
  endfacet
  facet normal -0.699283 0.707108 -0.104892
    outer loop
      vertex 7.01267 1.28499 2.37776
      vertex 7.10973 1.41421 2.6018
      vertex 7.47933 1.41421 0.1378
    endloop
  endfacet
  facet normal 0.699283 0.707108 0.104893
    outer loop
      vertex 8.8779 0 0.347586
      vertex 7.10973 1.41421 2.60181
      vertex 5.16654 1.02769 18.162
    endloop
  endfacet
  facet normal 0.624607 0.780939 0
    outer loop
      vertex 8.8779 0 0.347586
      vertex 7.10973 1.41421 2.6018
      vertex 7.10973 1.41421 2.60181
    endloop
  endfacet
  facet normal 0.699282 0.707108 0.104892
    outer loop
      vertex 7.10973 1.41421 2.6018
      vertex 8.8779 0 0.347586
      vertex 7.47933 1.41421 0.1378
    endloop
  endfacet
  facet normal 0 0 1
    outer loop
      vertex 3.77067 0.750032 24.8622
      vertex 3.77035 0.00518311 24.8622
      vertex 3.77067 3.78952e-06 24.8622
    endloop
  endfacet
  facet normal -0.150206 6.45309e-05 0.988655
    outer loop
      vertex 3.77067 0.750032 24.8622
      vertex 3.74159 0.472672 24.8578
      vertex 3.77035 0.00518311 24.8622
    endloop
  endfacet
  facet normal -0.148466 -0.000122066 0.988918
    outer loop
      vertex 3.74159 0.472672 24.8578
      vertex 3.77067 0.750032 24.8622
      vertex 3.69275 0.734532 24.8505
    endloop
  endfacet
  facet normal -0 0 1
    outer loop
      vertex 3.77035 -0.00518311 24.8622
      vertex 3.77067 -0.750032 24.8622
      vertex 3.77067 -3.78952e-06 24.8622
    endloop
  endfacet
  facet normal -0.150206 -6.45309e-05 0.988655
    outer loop
      vertex 3.74159 -0.472672 24.8578
      vertex 3.77067 -0.750032 24.8622
      vertex 3.77035 -0.00518311 24.8622
    endloop
  endfacet
  facet normal -0.148466 0.000122066 0.988918
    outer loop
      vertex 3.77067 -0.750032 24.8622
      vertex 3.74159 -0.472672 24.8578
      vertex 3.69275 -0.734532 24.8505
    endloop
  endfacet
  facet normal 0.699278 0.707112 0.104892
    outer loop
      vertex 5.16924 0 25.072
      vertex 5.16654 1.02769 18.162
      vertex 4.31953 0.859209 24.9445
    endloop
  endfacet
  facet normal 0.699279 0.707111 0.104892
    outer loop
      vertex 5.16654 1.02769 18.162
      vertex 5.16924 0 25.072
      vertex 8.8779 0 0.347586
    endloop
  endfacet
  facet normal 0.699278 -0.707112 0.104892
    outer loop
      vertex 5.16654 -1.02769 18.162
      vertex 5.16924 0 25.072
      vertex 4.31953 -0.859209 24.9445
    endloop
  endfacet
  facet normal 0.699279 -0.707111 0.104892
    outer loop
      vertex 5.16924 0 25.072
      vertex 5.16654 -1.02769 18.162
      vertex 8.8779 0 0.347586
    endloop
  endfacet
  facet normal -0.699282 -0.707108 -0.104893
    outer loop
      vertex 7.01267 -1.28499 2.37776
      vertex 7.10973 -1.41421 2.6018
      vertex 6.42097 -1.27721 6.26997
    endloop
  endfacet
  facet normal -0.699283 -0.707108 -0.104892
    outer loop
      vertex 7.10973 -1.41421 2.6018
      vertex 7.01267 -1.28499 2.37776
      vertex 7.47933 -1.41421 0.1378
    endloop
  endfacet
  facet normal 0.14834 0 -0.988936
    outer loop
      vertex 7.47933 -1.41421 0.1378
      vertex 7.42179 -0.935142 0.129169
      vertex 7.47933 -1.36423e-05 0.1378
    endloop
  endfacet
  facet normal 0.147245 -0.000134466 -0.9891
    outer loop
      vertex 7.47933 -1.41421 0.1378
      vertex 7.42164 -0.937571 0.129147
      vertex 7.42179 -0.935142 0.129169
    endloop
  endfacet
  facet normal 0.148328 -4.76738e-07 -0.988938
    outer loop
      vertex 7.42164 -0.937571 0.129147
      vertex 7.47933 -1.41421 0.1378
      vertex 7.356 -1.28951 0.119302
    endloop
  endfacet
  facet normal 0.14834 0 -0.988936
    outer loop
      vertex 7.42179 0.935142 0.129169
      vertex 7.47933 1.41421 0.1378
      vertex 7.47933 1.36423e-05 0.1378
    endloop
  endfacet
  facet normal 0.147245 0.000134466 -0.9891
    outer loop
      vertex 7.42164 0.937571 0.129147
      vertex 7.47933 1.41421 0.1378
      vertex 7.42179 0.935142 0.129169
    endloop
  endfacet
  facet normal 0.148328 4.76738e-07 -0.988938
    outer loop
      vertex 7.47933 1.41421 0.1378
      vertex 7.42164 0.937571 0.129147
      vertex 7.356 1.28951 0.119302
    endloop
  endfacet
  facet normal 0.148341 0 -0.988936
    outer loop
      vertex 7.47933 -1.36423e-05 0.1378
      vertex 8.8779 0 0.347586
      vertex 7.47933 -1.41421 0.1378
    endloop
  endfacet
  facet normal 0.148341 0 -0.988936
    outer loop
      vertex 8.8779 0 0.347586
      vertex 7.47933 -1.36423e-05 0.1378
      vertex 7.47933 0 0.1378
    endloop
  endfacet
  facet normal 0.148341 0 -0.988936
    outer loop
      vertex 7.47933 1.36423e-05 0.1378
      vertex 8.8779 0 0.347586
      vertex 7.47933 0 0.1378
    endloop
  endfacet
  facet normal 0.148341 0 -0.988936
    outer loop
      vertex 8.8779 0 0.347586
      vertex 7.47933 1.36423e-05 0.1378
      vertex 7.47933 1.41421 0.1378
    endloop
  endfacet
  facet normal 0.699283 -0.707108 0.104893
    outer loop
      vertex 7.10973 -1.41421 2.60181
      vertex 8.8779 0 0.347586
      vertex 5.16654 -1.02769 18.162
    endloop
  endfacet
  facet normal 0.624607 -0.780939 0
    outer loop
      vertex 7.10973 -1.41421 2.6018
      vertex 8.8779 0 0.347586
      vertex 7.10973 -1.41421 2.60181
    endloop
  endfacet
  facet normal 0.699282 -0.707108 0.104892
    outer loop
      vertex 8.8779 0 0.347586
      vertex 7.10973 -1.41421 2.6018
      vertex 7.47933 -1.41421 0.1378
    endloop
  endfacet
  facet normal -0.699257 -0.707134 -0.104886
    outer loop
      vertex 7.47933 -1.41421 0.1378
      vertex 7.01267 -1.28499 2.37776
      vertex 7.356 -1.28951 0.119302
    endloop
  endfacet
  facet normal -0.699257 0.707134 -0.104886
    outer loop
      vertex 7.356 1.28951 0.119302
      vertex 7.01267 1.28499 2.37776
      vertex 7.47933 1.41421 0.1378
    endloop
  endfacet
  facet normal -0.137095 -0.0567867 0.988929
    outer loop
      vertex 3.66192 2.44682 24.9445
      vertex 4.31953 0.859207 24.9445
      vertex 4.77575 1.97818 25.072
    endloop
  endfacet
  facet normal -0.137002 -0.0567478 0.988944
    outer loop
      vertex 4.31953 0.859207 24.9445
      vertex 3.66192 2.44682 24.9445
      vertex 3.77067 0.750032 24.8622
    endloop
  endfacet
  facet normal -0.137001 -0.0567478 0.988944
    outer loop
      vertex 3.77067 0.750032 24.8622
      vertex 3.66192 2.44682 24.9445
      vertex 3.19662 2.13591 24.8622
    endloop
  endfacet
  facet normal 0.916648 -0.385687 0.104892
    outer loop
      vertex 4.77575 1.97818 25.072
      vertex 7.10973 1.41421 2.60181
      vertex 7.4512 1.55565 0.1378
    endloop
  endfacet
  facet normal 0.916648 -0.385685 0.104892
    outer loop
      vertex 4.77575 1.97818 25.072
      vertex 5.16654 1.02769 18.162
      vertex 7.10973 1.41421 2.60181
    endloop
  endfacet
  facet normal 0.91665 -0.385683 0.104892
    outer loop
      vertex 4.77575 1.97818 25.072
      vertex 4.31953 0.859209 24.9445
      vertex 5.16654 1.02769 18.162
    endloop
  endfacet
  facet normal 0.269157 0 -0.963096
    outer loop
      vertex 4.31953 0.859209 24.9445
      vertex 4.77575 1.97818 25.072
      vertex 4.31953 0.859207 24.9445
    endloop
  endfacet
  facet normal 0.916652 -0.385677 0.104893
    outer loop
      vertex 8.20211 3.39742 0.347586
      vertex 4.77575 1.97818 25.072
      vertex 7.4512 1.55565 0.1378
    endloop
  endfacet
  facet normal -0.137162 -0.056942 0.988911
    outer loop
      vertex 3.77067 0.750032 24.8622
      vertex 3.65301 0.937933 24.8567
      vertex 3.69275 0.734532 24.8505
    endloop
  endfacet
  facet normal -0.0974578 -0.0319098 0.994728
    outer loop
      vertex 3.77067 0.750032 24.8622
      vertex 3.65133 0.943064 24.8567
      vertex 3.65301 0.937933 24.8567
    endloop
  endfacet
  facet normal -0.137851 -0.0570509 0.988809
    outer loop
      vertex 3.77067 0.750032 24.8622
      vertex 3.50589 1.38808 24.8621
      vertex 3.65133 0.943064 24.8567
    endloop
  endfacet
  facet normal -0.136302 -0.0565008 0.989055
    outer loop
      vertex 3.19662 2.13591 24.8622
      vertex 3.30696 1.81196 24.8589
      vertex 3.50589 1.38808 24.8621
    endloop
  endfacet
  facet normal -0.198652 -0.0822845 0.97661
    outer loop
      vertex 3.19662 2.13591 24.8622
      vertex 3.50589 1.38808 24.8621
      vertex 3.77067 0.750032 24.8622
    endloop
  endfacet
  facet normal -0.0791118 -0.0370939 0.996175
    outer loop
      vertex 3.30696 1.81196 24.8589
      vertex 3.19662 2.13591 24.8622
      vertex 3.3047 1.81678 24.8589
    endloop
  endfacet
  facet normal -0.137675 -0.0568517 0.988845
    outer loop
      vertex 3.3047 1.81678 24.8589
      vertex 3.19662 2.13591 24.8622
      vertex 3.13132 2.09228 24.8506
    endloop
  endfacet
  facet normal 0.375458 0.920885 0.104893
    outer loop
      vertex 8.20211 3.39742 0.347586
      vertex 6.02734 4.02734 2.6018
      vertex 4.37999 2.92661 18.162
    endloop
  endfacet
  facet normal 0.375457 0.920885 0.104892
    outer loop
      vertex 6.02734 4.02734 2.6018
      vertex 8.20211 3.39742 0.347586
      vertex 6.3688 4.16878 0.1378
    endloop
  endfacet
  facet normal 0.375453 0.920887 0.104892
    outer loop
      vertex 4.77575 1.97818 25.072
      vertex 4.37998 2.92661 18.162
      vertex 3.66192 2.44682 24.9445
    endloop
  endfacet
  facet normal 0 0.990712 0.13598
    outer loop
      vertex 4.77575 1.97818 25.072
      vertex 4.37999 2.92661 18.162
      vertex 4.37998 2.92661 18.162
    endloop
  endfacet
  facet normal 0.375455 0.920886 0.104892
    outer loop
      vertex 4.37999 2.92661 18.162
      vertex 4.77575 1.97818 25.072
      vertex 8.20211 3.39742 0.347586
    endloop
  endfacet
  facet normal 0.137049 0.0567679 -0.988936
    outer loop
      vertex 7.4512 1.55565 0.1378
      vertex 6.3688 4.16878 0.1378
      vertex 8.20211 3.39742 0.347586
    endloop
  endfacet
  facet normal -0.375475 -0.920878 -0.104895
    outer loop
      vertex 7.29244 1.62245 0.119634
      vertex 7.10973 1.41421 2.6018
      vertex 6.42097 1.27721 6.26997
    endloop
  endfacet
  facet normal -0.375468 -0.92088 -0.104895
    outer loop
      vertex 7.10973 1.41421 2.6018
      vertex 7.29244 1.62245 0.119634
      vertex 7.4512 1.55565 0.1378
    endloop
  endfacet
  facet normal 0.38268 -0.923881 0
    outer loop
      vertex 7.10973 1.41421 2.60181
      vertex 7.10973 1.41421 2.6018
      vertex 7.4512 1.55565 0.1378
    endloop
  endfacet
  facet normal 0.137045 0.0567702 -0.988937
    outer loop
      vertex 7.24594 1.86044 0.126852
      vertex 7.4512 1.55565 0.1378
      vertex 7.29244 1.62245 0.119634
    endloop
  endfacet
  facet normal 0.13703 0.0567601 -0.988939
    outer loop
      vertex 6.95493 2.75087 0.137635
      vertex 7.4512 1.55565 0.1378
      vertex 7.24594 1.86044 0.126852
    endloop
  endfacet
  facet normal 0.141802 0.0587415 -0.988151
    outer loop
      vertex 6.95412 2.75333 0.137665
      vertex 7.4512 1.55565 0.1378
      vertex 6.95493 2.75087 0.137635
    endloop
  endfacet
  facet normal 0.135991 0.0563297 -0.989107
    outer loop
      vertex 6.95412 2.75333 0.137665
      vertex 6.3688 4.16878 0.1378
      vertex 7.4512 1.55565 0.1378
    endloop
  endfacet
  facet normal 0.140476 0.0581842 -0.988373
    outer loop
      vertex 6.95302 2.75568 0.137647
      vertex 6.3688 4.16878 0.1378
      vertex 6.95412 2.75333 0.137665
    endloop
  endfacet
  facet normal 0.137061 0.0567724 -0.988934
    outer loop
      vertex 6.55506 3.60367 0.131173
      vertex 6.3688 4.16878 0.1378
      vertex 6.95302 2.75568 0.137647
    endloop
  endfacet
  facet normal 0.137045 0.0567672 -0.988937
    outer loop
      vertex 6.3688 4.16878 0.1378
      vertex 6.55506 3.60367 0.131173
      vertex 6.30221 4.00544 0.119196
    endloop
  endfacet
  facet normal -0.916663 0.38565 -0.104896
    outer loop
      vertex 6.30221 4.00544 0.119196
      vertex 5.98729 3.87095 2.37675
      vertex 6.3688 4.16878 0.1378
    endloop
  endfacet
  facet normal -0.38269 0.923877 0
    outer loop
      vertex 6.3688 4.16878 0.1378
      vertex 6.02734 4.02734 2.60179
      vertex 6.02734 4.02734 2.6018
    endloop
  endfacet
  facet normal -0.916651 0.38568 -0.104891
    outer loop
      vertex 5.98729 3.87095 2.37675
      vertex 6.02734 4.02734 2.60179
      vertex 6.3688 4.16878 0.1378
    endloop
  endfacet
  facet normal -0.916649 0.385683 -0.104893
    outer loop
      vertex 6.02734 4.02734 2.60179
      vertex 5.98729 3.87095 2.37675
      vertex 5.4496 3.64131 6.2312
    endloop
  endfacet
  facet normal -0.104929 -0.104929 0.988929
    outer loop
      vertex 2.44682 3.66192 24.9445
      vertex 3.66192 2.44682 24.9445
      vertex 3.6552 3.6552 25.072
    endloop
  endfacet
  facet normal -0.104856 -0.104856 0.988944
    outer loop
      vertex 3.66192 2.44682 24.9445
      vertex 2.44682 3.66192 24.9445
      vertex 3.19662 2.13591 24.8622
    endloop
  endfacet
  facet normal -0.104856 -0.104856 0.988944
    outer loop
      vertex 3.19662 2.13591 24.8622
      vertex 2.44682 3.66192 24.9445
      vertex 2.13591 3.19662 24.8622
    endloop
  endfacet
  facet normal -0.994469 0.00555186 -0.104888
    outer loop
      vertex 4.05317 5.8728 2.34871
      vertex 4.02734 6.02734 2.60179
      vertex 4.28868 6.28868 0.1378
    endloop
  endfacet
  facet normal -0.994468 0.00555308 -0.104889
    outer loop
      vertex 4.02734 6.02734 2.60179
      vertex 4.05317 5.8728 2.34871
      vertex 3.64958 5.46198 6.15346
    endloop
  endfacet
  facet normal 0.982764 0 0.184864
    outer loop
      vertex 6.27762 6.27762 0.347586
      vertex 2.92661 4.37999 18.162
      vertex 2.92661 4.37998 18.162
    endloop
  endfacet
  facet normal -0.0055305 0.994468 0.104893
    outer loop
      vertex 2.92661 4.37999 18.162
      vertex 6.27762 6.27762 0.347586
      vertex 4.02734 6.02734 2.6018
    endloop
  endfacet
  facet normal -0.11054 0.993872 0
    outer loop
      vertex 6.27762 6.27762 0.347586
      vertex 4.02734 6.02734 2.60179
      vertex 4.02734 6.02734 2.6018
    endloop
  endfacet
  facet normal -0.00553343 0.994468 0.10489
    outer loop
      vertex 4.02734 6.02734 2.60179
      vertex 6.27762 6.27762 0.347586
      vertex 4.28868 6.28868 0.1378
    endloop
  endfacet
  facet normal -0.105154 -0.105524 0.988841
    outer loop
      vertex 3.19662 2.13591 24.8622
      vertex 3.05136 2.21694 24.8554
      vertex 3.13132 2.09228 24.8506
    endloop
  endfacet
  facet normal -0.104626 -0.104564 0.988999
    outer loop
      vertex 3.19662 2.13591 24.8622
      vertex 2.74873 2.58123 24.8619
      vertex 3.05136 2.21694 24.8554
    endloop
  endfacet
  facet normal -0.115173 -0.115173 0.986646
    outer loop
      vertex 2.13591 3.19662 24.8622
      vertex 2.74873 2.58123 24.8619
      vertex 3.19662 2.13591 24.8622
    endloop
  endfacet
  facet normal -0.102968 -0.103021 0.989335
    outer loop
      vertex 2.13591 3.19662 24.8622
      vertex 2.4076 2.90202 24.8598
      vertex 2.74873 2.58123 24.8619
    endloop
  endfacet
  facet normal -0.235023 -0.22445 0.94572
    outer loop
      vertex 2.13591 3.19662 24.8622
      vertex 2.40375 2.90563 24.8597
      vertex 2.4076 2.90202 24.8598
    endloop
  endfacet
  facet normal -0.0905897 -0.0919023 0.991639
    outer loop
      vertex 2.13591 3.19662 24.8622
      vertex 2.39948 2.90876 24.8596
      vertex 2.40375 2.90563 24.8597
    endloop
  endfacet
  facet normal -0.104971 -0.105045 0.988912
    outer loop
      vertex 2.39948 2.90876 24.8596
      vertex 2.13591 3.19662 24.8622
      vertex 2.09329 3.13283 24.8509
    endloop
  endfacet
  facet normal -0.0055371 0.994468 0.104892
    outer loop
      vertex 3.6552 3.6552 25.072
      vertex 2.92661 4.37998 18.162
      vertex 2.44682 3.66192 24.9445
    endloop
  endfacet
  facet normal -0.00553616 0.994468 0.104892
    outer loop
      vertex 2.92661 4.37998 18.162
      vertex 3.6552 3.6552 25.072
      vertex 6.27762 6.27762 0.347586
    endloop
  endfacet
  facet normal 0.994468 -0.00553616 0.104892
    outer loop
      vertex 3.6552 3.6552 25.072
      vertex 4.37998 2.92661 18.162
      vertex 6.27762 6.27762 0.347586
    endloop
  endfacet
  facet normal 0.994468 -0.0055371 0.104892
    outer loop
      vertex 4.37998 2.92661 18.162
      vertex 3.6552 3.6552 25.072
      vertex 3.66192 2.44682 24.9445
    endloop
  endfacet
  facet normal 0.00553621 -0.994468 -0.104892
    outer loop
      vertex 5.88196 4.05836 2.30002
      vertex 6.02734 4.02734 2.60179
      vertex 5.4496 3.64131 6.2312
    endloop
  endfacet
  facet normal 0.00553252 -0.994468 -0.10489
    outer loop
      vertex 6.02734 4.02734 2.60179
      vertex 5.88196 4.05836 2.30002
      vertex 6.28868 4.28868 0.1378
    endloop
  endfacet
  facet normal 0.104897 0.1049 -0.988935
    outer loop
      vertex 6.05254 4.39743 0.124288
      vertex 6.28868 4.28868 0.1378
      vertex 6.1217 4.28961 0.120187
    endloop
  endfacet
  facet normal 0.104893 0.104892 -0.988936
    outer loop
      vertex 5.45226 5.12001 0.137259
      vertex 6.28868 4.28868 0.1378
      vertex 6.05254 4.39743 0.124288
    endloop
  endfacet
  facet normal 0.1049 0.1049 -0.988935
    outer loop
      vertex 4.28868 6.28868 0.1378
      vertex 5.45037 5.12178 0.137247
      vertex 4.76797 5.76348 0.13293
    endloop
  endfacet
  facet normal 0.105106 0.105106 -0.988891
    outer loop
      vertex 5.45226 5.12001 0.137259
      vertex 4.28868 6.28868 0.1378
      vertex 6.28868 4.28868 0.1378
    endloop
  endfacet
  facet normal 0.0993829 0.0994083 -0.990071
    outer loop
      vertex 5.45037 5.12178 0.137247
      vertex 4.28868 6.28868 0.1378
      vertex 5.45226 5.12001 0.137259
    endloop
  endfacet
  facet normal 0.1049 0.1049 -0.988935
    outer loop
      vertex 4.28868 6.28868 0.1378
      vertex 4.76797 5.76348 0.13293
      vertex 4.28966 6.11352 0.119324
    endloop
  endfacet
  facet normal 0.104893 0.104893 -0.988936
    outer loop
      vertex 6.28868 4.28868 0.1378
      vertex 4.28868 6.28868 0.1378
      vertex 6.27762 6.27762 0.347586
    endloop
  endfacet
  facet normal 0.993872 -0.11054 0
    outer loop
      vertex 6.02734 4.02734 2.60179
      vertex 6.27762 6.27762 0.347586
      vertex 6.02734 4.02734 2.6018
    endloop
  endfacet
  facet normal 0.994468 -0.0055305 0.104893
    outer loop
      vertex 6.27762 6.27762 0.347586
      vertex 4.37999 2.92661 18.162
      vertex 6.02734 4.02734 2.6018
    endloop
  endfacet
  facet normal 0 0.982764 0.184864
    outer loop
      vertex 4.37999 2.92661 18.162
      vertex 6.27762 6.27762 0.347586
      vertex 4.37998 2.92661 18.162
    endloop
  endfacet
  facet normal 0.994468 -0.00553343 0.10489
    outer loop
      vertex 6.27762 6.27762 0.347586
      vertex 6.02734 4.02734 2.60179
      vertex 6.28868 4.28868 0.1378
    endloop
  endfacet
  facet normal 0.00552521 -0.994468 -0.104892
    outer loop
      vertex 6.28868 4.28868 0.1378
      vertex 5.88196 4.05836 2.30002
      vertex 6.1217 4.28961 0.120187
    endloop
  endfacet
  facet normal -0.994468 0.00550075 -0.104898
    outer loop
      vertex 4.28966 6.11352 0.119324
      vertex 4.05317 5.8728 2.34871
      vertex 4.28868 6.28868 0.1378
    endloop
  endfacet
  facet normal -0.0567867 -0.137095 0.988929
    outer loop
      vertex 0.859207 4.31953 24.9445
      vertex 2.44682 3.66192 24.9445
      vertex 1.97818 4.77575 25.072
    endloop
  endfacet
  facet normal -0.0567477 -0.137001 0.988944
    outer loop
      vertex 2.44682 3.66192 24.9445
      vertex 0.859207 4.31953 24.9445
      vertex 2.13591 3.19662 24.8622
    endloop
  endfacet
  facet normal -0.0567479 -0.137001 0.988944
    outer loop
      vertex 2.13591 3.19662 24.8622
      vertex 0.859207 4.31953 24.9445
      vertex 0.750032 3.77067 24.8622
    endloop
  endfacet
  facet normal -0.920892 -0.375442 -0.104891
    outer loop
      vertex 1.3584 6.6433 4.7613
      vertex 1.41421 7.10973 2.6018
      vertex 1.62222 7.29297 0.119695
    endloop
  endfacet
  facet normal -0.920911 -0.375398 -0.104882
    outer loop
      vertex 1.41421 7.10973 2.6018
      vertex 1.3584 6.6433 4.7613
      vertex 1.28594 6.46486 6.03621
    endloop
  endfacet
  facet normal -0.920895 -0.375434 -0.104891
    outer loop
      vertex 1.41421 7.10973 2.6018
      vertex 1.55565 7.4512 0.1378
      vertex 1.62222 7.29297 0.119695
    endloop
  endfacet
  facet normal -0.923881 0.38268 0
    outer loop
      vertex 1.55565 7.4512 0.1378
      vertex 1.41421 7.10973 2.6018
      vertex 1.41421 7.10973 2.60181
    endloop
  endfacet
  facet normal -0.385683 0.91665 0.104892
    outer loop
      vertex 1.97818 4.77575 25.072
      vertex 1.02769 5.16654 18.162
      vertex 0.859209 4.31953 24.9445
    endloop
  endfacet
  facet normal -0.385685 0.916648 0.104892
    outer loop
      vertex 1.97818 4.77575 25.072
      vertex 1.41421 7.10973 2.60181
      vertex 1.02769 5.16654 18.162
    endloop
  endfacet
  facet normal -0.385687 0.916648 0.104892
    outer loop
      vertex 1.41421 7.10973 2.60181
      vertex 1.97818 4.77575 25.072
      vertex 1.55565 7.4512 0.1378
    endloop
  endfacet
  facet normal 0 0.269157 -0.963096
    outer loop
      vertex 1.97818 4.77575 25.072
      vertex 0.859209 4.31953 24.9445
      vertex 0.859207 4.31953 24.9445
    endloop
  endfacet
  facet normal -0.056384 -0.137505 0.988895
    outer loop
      vertex 2.13591 3.19662 24.8622
      vertex 2.02109 3.18473 24.854
      vertex 2.09329 3.13283 24.8509
    endloop
  endfacet
  facet normal -0.0595378 -0.109341 0.99222
    outer loop
      vertex 2.13591 3.19662 24.8622
      vertex 2.01626 3.18736 24.854
      vertex 2.02109 3.18473 24.854
    endloop
  endfacet
  facet normal -0.0570921 -0.137912 0.988798
    outer loop
      vertex 2.13591 3.19662 24.8622
      vertex 1.60551 3.41189 24.8616
      vertex 2.01626 3.18736 24.854
    endloop
  endfacet
  facet normal -0.0573601 -0.138423 0.988711
    outer loop
      vertex 0.750032 3.77067 24.8622
      vertex 1.17017 3.58443 24.8605
      vertex 1.60551 3.41189 24.8616
    endloop
  endfacet
  facet normal -0.0555192 -0.134035 0.98942
    outer loop
      vertex 0.750032 3.77067 24.8622
      vertex 1.60551 3.41189 24.8616
      vertex 2.13591 3.19662 24.8622
    endloop
  endfacet
  facet normal -0.0327293 -0.0829256 0.996018
    outer loop
      vertex 1.17017 3.58443 24.8605
      vertex 0.750032 3.77067 24.8622
      vertex 1.16528 3.58636 24.8605
    endloop
  endfacet
  facet normal -0.0531031 -0.128774 0.990251
    outer loop
      vertex 0.750032 3.77067 24.8622
      vertex 1.16019 3.58769 24.8604
      vertex 1.16528 3.58636 24.8605
    endloop
  endfacet
  facet normal -0.0568848 -0.137238 0.988903
    outer loop
      vertex 1.16019 3.58769 24.8604
      vertex 0.750032 3.77067 24.8622
      vertex 0.735598 3.69811 24.8513
    endloop
  endfacet
  facet normal -0.385677 0.916652 0.104893
    outer loop
      vertex 3.39742 8.20211 0.347586
      vertex 1.55565 7.4512 0.1378
      vertex 1.97818 4.77575 25.072
    endloop
  endfacet
  facet normal 0.920886 0.375455 0.104892
    outer loop
      vertex 1.97818 4.77575 25.072
      vertex 2.92661 4.37999 18.162
      vertex 3.39742 8.20211 0.347586
    endloop
  endfacet
  facet normal 0.990712 0 0.13598
    outer loop
      vertex 1.97818 4.77575 25.072
      vertex 2.92661 4.37998 18.162
      vertex 2.92661 4.37999 18.162
    endloop
  endfacet
  facet normal 0.920887 0.375453 0.104892
    outer loop
      vertex 1.97818 4.77575 25.072
      vertex 2.44682 3.66192 24.9445
      vertex 2.92661 4.37998 18.162
    endloop
  endfacet
  facet normal 0.923877 -0.38269 0
    outer loop
      vertex 4.02734 6.02734 2.60179
      vertex 4.16878 6.3688 0.1378
      vertex 4.02734 6.02734 2.6018
    endloop
  endfacet
  facet normal 0.38568 -0.916651 -0.10489
    outer loop
      vertex 4.16878 6.3688 0.1378
      vertex 4.02734 6.02734 2.60179
      vertex 3.89157 6.01371 2.22168
    endloop
  endfacet
  facet normal 0.385684 -0.916649 -0.104892
    outer loop
      vertex 3.64958 5.46198 6.15346
      vertex 3.89157 6.01371 2.22168
      vertex 4.02734 6.02734 2.60179
    endloop
  endfacet
  facet normal 0.385653 -0.916662 -0.104896
    outer loop
      vertex 4.16878 6.3688 0.1378
      vertex 3.89157 6.01371 2.22168
      vertex 4.02087 6.3085 0.120953
    endloop
  endfacet
  facet normal 0.0567576 0.137074 -0.988933
    outer loop
      vertex 4.01079 6.31574 0.121378
      vertex 4.16878 6.3688 0.1378
      vertex 4.02087 6.3085 0.120953
    endloop
  endfacet
  facet normal 0.0568539 0.136797 -0.988966
    outer loop
      vertex 4.00894 6.31708 0.121457
      vertex 4.16878 6.3688 0.1378
      vertex 4.01079 6.31574 0.121378
    endloop
  endfacet
  facet normal 0.0567684 0.137052 -0.988936
    outer loop
      vertex 3.18688 6.76643 0.136541
      vertex 4.16878 6.3688 0.1378
      vertex 4.00894 6.31708 0.121457
    endloop
  endfacet
  facet normal 0.0571073 0.137889 -0.9888
    outer loop
      vertex 3.18462 6.76766 0.136582
      vertex 4.16878 6.3688 0.1378
      vertex 3.18688 6.76643 0.136541
    endloop
  endfacet
  facet normal 0.0567318 0.136962 -0.98895
    outer loop
      vertex 3.18462 6.76766 0.136582
      vertex 1.55565 7.4512 0.1378
      vertex 4.16878 6.3688 0.1378
    endloop
  endfacet
  facet normal 0.0602836 0.145424 -0.987531
    outer loop
      vertex 3.18223 6.76861 0.136576
      vertex 1.55565 7.4512 0.1378
      vertex 3.18462 6.76766 0.136582
    endloop
  endfacet
  facet normal 0.0567655 0.137043 -0.988937
    outer loop
      vertex 2.3114 7.11375 0.134418
      vertex 1.55565 7.4512 0.1378
      vertex 3.18223 6.76861 0.136576
    endloop
  endfacet
  facet normal 0.0567631 0.137038 -0.988938
    outer loop
      vertex 1.55565 7.4512 0.1378
      vertex 2.3114 7.11375 0.134418
      vertex 1.62222 7.29297 0.119695
    endloop
  endfacet
  facet normal 0.0567679 0.137049 -0.988936
    outer loop
      vertex 4.16878 6.3688 0.1378
      vertex 1.55565 7.4512 0.1378
      vertex 3.39742 8.20211 0.347586
    endloop
  endfacet
  facet normal 0.920885 0.375457 0.104892
    outer loop
      vertex 3.39742 8.20211 0.347586
      vertex 4.02734 6.02734 2.6018
      vertex 4.16878 6.3688 0.1378
    endloop
  endfacet
  facet normal 0.920885 0.375458 0.104893
    outer loop
      vertex 4.02734 6.02734 2.6018
      vertex 3.39742 8.20211 0.347586
      vertex 2.92661 4.37999 18.162
    endloop
  endfacet
  facet normal 0 -0.14839 0.988929
    outer loop
      vertex 0 5.16924 25.072
      vertex 0.859207 4.31953 24.9445
      vertex 0.859209 4.31953 24.9445
    endloop
  endfacet
  facet normal 0 -0.14839 0.988929
    outer loop
      vertex -0.859207 4.31953 24.9445
      vertex 0.859207 4.31953 24.9445
      vertex 0 5.16924 25.072
    endloop
  endfacet
  facet normal 0 -0.148289 0.988944
    outer loop
      vertex 0.859207 4.31953 24.9445
      vertex -0.859207 4.31953 24.9445
      vertex 0.750032 3.77067 24.8622
    endloop
  endfacet
  facet normal 0 -0.148289 0.988944
    outer loop
      vertex 0.750032 3.77067 24.8622
      vertex -0.859207 4.31953 24.9445
      vertex -0.750032 3.77067 24.8622
    endloop
  endfacet
  facet normal 0 -0.14839 0.988929
    outer loop
      vertex -0.859207 4.31953 24.9445
      vertex 0 5.16924 25.072
      vertex -0.859209 4.31953 24.9445
    endloop
  endfacet
  facet normal -0.707109 -0.699282 -0.104892
    outer loop
      vertex -1.29471 7.04776 2.20935
      vertex -1.41421 7.10973 2.6018
      vertex -1.41421 7.47933 0.1378
    endloop
  endfacet
  facet normal -0.707111 -0.699279 -0.104893
    outer loop
      vertex -1.29331 6.77978 3.98642
      vertex -1.41421 7.10973 2.6018
      vertex -1.29471 7.04776 2.20935
    endloop
  endfacet
  facet normal -0.707122 -0.699268 -0.10489
    outer loop
      vertex -1.41421 7.10973 2.6018
      vertex -1.29331 6.77978 3.98642
      vertex -1.28594 6.46486 6.03621
    endloop
  endfacet
  facet normal -0.707108 0.699282 0.104892
    outer loop
      vertex -1.41421 7.10973 2.6018
      vertex 0 8.8779 0.347586
      vertex -1.41421 7.47933 0.1378
    endloop
  endfacet
  facet normal -0.780939 0.624607 0
    outer loop
      vertex -1.41421 7.10973 2.60181
      vertex 0 8.8779 0.347586
      vertex -1.41421 7.10973 2.6018
    endloop
  endfacet
  facet normal -0.707108 0.699283 0.104893
    outer loop
      vertex 0 8.8779 0.347586
      vertex -1.41421 7.10973 2.60181
      vertex -1.02769 5.16654 18.162
    endloop
  endfacet
  facet normal 0.000553639 -0.148661 0.988888
    outer loop
      vertex 0.750032 3.77067 24.8622
      vertex 0.706828 3.70532 24.8524
      vertex 0.735598 3.69811 24.8513
    endloop
  endfacet
  facet normal -1.61019e-05 -0.148293 0.988943
    outer loop
      vertex 0.750032 3.77067 24.8622
      vertex 0.236772 3.76339 24.8611
      vertex 0.706828 3.70532 24.8524
    endloop
  endfacet
  facet normal 0 -0.149403 0.988776
    outer loop
      vertex 0.750032 3.77067 24.8622
      vertex -0.236772 3.76339 24.8611
      vertex 0.236772 3.76339 24.8611
    endloop
  endfacet
  facet normal -0.000553639 -0.148661 0.988888
    outer loop
      vertex -0.706828 3.70532 24.8524
      vertex -0.750032 3.77067 24.8622
      vertex -0.735598 3.69811 24.8513
    endloop
  endfacet
  facet normal 1.61019e-05 -0.148293 0.988943
    outer loop
      vertex -0.236772 3.76339 24.8611
      vertex -0.750032 3.77067 24.8622
      vertex -0.706828 3.70532 24.8524
    endloop
  endfacet
  facet normal 0 -0.149403 0.988776
    outer loop
      vertex -0.750032 3.77067 24.8622
      vertex -0.236772 3.76339 24.8611
      vertex 0.750032 3.77067 24.8622
    endloop
  endfacet
  facet normal -0.707111 0.699279 0.104892
    outer loop
      vertex -1.02769 5.16654 18.162
      vertex 0 5.16924 25.072
      vertex 0 8.8779 0.347586
    endloop
  endfacet
  facet normal -0.707112 0.699278 0.104892
    outer loop
      vertex 0 5.16924 25.072
      vertex -1.02769 5.16654 18.162
      vertex -0.859209 4.31953 24.9445
    endloop
  endfacet
  facet normal 0.707111 0.699279 0.104892
    outer loop
      vertex 0 5.16924 25.072
      vertex 1.02769 5.16654 18.162
      vertex 0 8.8779 0.347586
    endloop
  endfacet
  facet normal 0.707112 0.699278 0.104892
    outer loop
      vertex 1.02769 5.16654 18.162
      vertex 0 5.16924 25.072
      vertex 0.859209 4.31953 24.9445
    endloop
  endfacet
  facet normal 0.707109 -0.699282 -0.104892
    outer loop
      vertex 1.41421 7.10973 2.6018
      vertex 1.29471 7.04776 2.20935
      vertex 1.41421 7.47933 0.1378
    endloop
  endfacet
  facet normal 0.707111 -0.699279 -0.104893
    outer loop
      vertex 1.41421 7.10973 2.6018
      vertex 1.29331 6.77978 3.98642
      vertex 1.29471 7.04776 2.20935
    endloop
  endfacet
  facet normal 0.707122 -0.699268 -0.10489
    outer loop
      vertex 1.29331 6.77978 3.98642
      vertex 1.41421 7.10973 2.6018
      vertex 1.28594 6.46486 6.03621
    endloop
  endfacet
  facet normal -1.06342e-06 0.148342 -0.988936
    outer loop
      vertex 0.469651 7.46489 0.135635
      vertex 1.41421 7.47933 0.1378
      vertex 1.29635 7.36277 0.120316
    endloop
  endfacet
  facet normal 0 0.148273 -0.988946
    outer loop
      vertex -0.469651 7.46489 0.135635
      vertex 1.41421 7.47933 0.1378
      vertex 0.469651 7.46489 0.135635
    endloop
  endfacet
  facet normal 0 0.148273 -0.988946
    outer loop
      vertex -0.469651 7.46489 0.135635
      vertex -1.41421 7.47933 0.1378
      vertex 1.41421 7.47933 0.1378
    endloop
  endfacet
  facet normal 1.06342e-06 0.148342 -0.988936
    outer loop
      vertex -1.41421 7.47933 0.1378
      vertex -0.469651 7.46489 0.135635
      vertex -1.29635 7.36277 0.120316
    endloop
  endfacet
  facet normal 0 0.148341 -0.988936
    outer loop
      vertex 1.41421 7.47933 0.1378
      vertex -1.41421 7.47933 0.1378
      vertex 0 8.8779 0.347586
    endloop
  endfacet
  facet normal 0.780939 0.624607 -0
    outer loop
      vertex 1.41421 7.10973 2.6018
      vertex 0 8.8779 0.347586
      vertex 1.41421 7.10973 2.60181
    endloop
  endfacet
  facet normal 0.707108 0.699283 0.104893
    outer loop
      vertex 1.41421 7.10973 2.60181
      vertex 0 8.8779 0.347586
      vertex 1.02769 5.16654 18.162
    endloop
  endfacet
  facet normal 0.707108 0.699282 0.104892
    outer loop
      vertex 0 8.8779 0.347586
      vertex 1.41421 7.10973 2.6018
      vertex 1.41421 7.47933 0.1378
    endloop
  endfacet
  facet normal 0.707119 -0.699272 -0.10489
    outer loop
      vertex 1.41421 7.47933 0.1378
      vertex 1.29471 7.04776 2.20935
      vertex 1.29635 7.36277 0.120316
    endloop
  endfacet
  facet normal -0.707119 -0.699272 -0.10489
    outer loop
      vertex -1.29471 7.04776 2.20935
      vertex -1.41421 7.47933 0.1378
      vertex -1.29635 7.36277 0.120316
    endloop
  endfacet
  facet normal 0.0567867 -0.137095 0.988929
    outer loop
      vertex -2.44682 3.66192 24.9445
      vertex -0.859207 4.31953 24.9445
      vertex -1.97818 4.77575 25.072
    endloop
  endfacet
  facet normal 0.0567478 -0.137002 0.988944
    outer loop
      vertex -0.859207 4.31953 24.9445
      vertex -2.44682 3.66192 24.9445
      vertex -0.750032 3.77067 24.8622
    endloop
  endfacet
  facet normal 0.0567478 -0.137001 0.988944
    outer loop
      vertex -0.750032 3.77067 24.8622
      vertex -2.44682 3.66192 24.9445
      vertex -2.13591 3.19662 24.8622
    endloop
  endfacet
  facet normal 0 0.269157 -0.963096
    outer loop
      vertex -0.859209 4.31953 24.9445
      vertex -1.97818 4.77575 25.072
      vertex -0.859207 4.31953 24.9445
    endloop
  endfacet
  facet normal 0.385683 0.91665 0.104892
    outer loop
      vertex -1.02769 5.16654 18.162
      vertex -1.97818 4.77575 25.072
      vertex -0.859209 4.31953 24.9445
    endloop
  endfacet
  facet normal 0.385685 0.916648 0.104892
    outer loop
      vertex -1.41421 7.10973 2.60181
      vertex -1.97818 4.77575 25.072
      vertex -1.02769 5.16654 18.162
    endloop
  endfacet
  facet normal 0.385687 0.916648 0.104892
    outer loop
      vertex -1.97818 4.77575 25.072
      vertex -1.41421 7.10973 2.60181
      vertex -1.55565 7.4512 0.1378
    endloop
  endfacet
  facet normal 0.385677 0.916652 0.104893
    outer loop
      vertex -1.55565 7.4512 0.1378
      vertex -3.39742 8.20211 0.347586
      vertex -1.97818 4.77575 25.072
    endloop
  endfacet
  facet normal 0.0568848 -0.137238 0.988903
    outer loop
      vertex -0.750032 3.77067 24.8622
      vertex -1.16019 3.58769 24.8604
      vertex -0.735598 3.69811 24.8513
    endloop
  endfacet
  facet normal 0.0531031 -0.128774 0.990251
    outer loop
      vertex -0.750032 3.77067 24.8622
      vertex -1.16528 3.58636 24.8605
      vertex -1.16019 3.58769 24.8604
    endloop
  endfacet
  facet normal 0.0327293 -0.0829256 0.996018
    outer loop
      vertex -0.750032 3.77067 24.8622
      vertex -1.17017 3.58443 24.8605
      vertex -1.16528 3.58636 24.8605
    endloop
  endfacet
  facet normal 0.0573601 -0.138423 0.988711
    outer loop
      vertex -0.750032 3.77067 24.8622
      vertex -1.60551 3.41189 24.8616
      vertex -1.17017 3.58443 24.8605
    endloop
  endfacet
  facet normal 0.0570921 -0.137912 0.988798
    outer loop
      vertex -2.13591 3.19662 24.8622
      vertex -2.01626 3.18736 24.854
      vertex -1.60551 3.41189 24.8616
    endloop
  endfacet
  facet normal 0.056384 -0.137505 0.988895
    outer loop
      vertex -2.02109 3.18473 24.854
      vertex -2.13591 3.19662 24.8622
      vertex -2.09329 3.13283 24.8509
    endloop
  endfacet
  facet normal 0.0595378 -0.109341 0.99222
    outer loop
      vertex -2.01626 3.18736 24.854
      vertex -2.13591 3.19662 24.8622
      vertex -2.02109 3.18473 24.854
    endloop
  endfacet
  facet normal 0.0555192 -0.134035 0.98942
    outer loop
      vertex -2.13591 3.19662 24.8622
      vertex -1.60551 3.41189 24.8616
      vertex -0.750032 3.77067 24.8622
    endloop
  endfacet
  facet normal -0.920885 0.375457 0.104892
    outer loop
      vertex -4.02734 6.02734 2.6018
      vertex -3.39742 8.20211 0.347586
      vertex -4.16878 6.3688 0.1378
    endloop
  endfacet
  facet normal -0.920885 0.375458 0.104893
    outer loop
      vertex -3.39742 8.20211 0.347586
      vertex -4.02734 6.02734 2.6018
      vertex -2.92661 4.37999 18.162
    endloop
  endfacet
  facet normal -0.920886 0.375455 0.104892
    outer loop
      vertex -2.92661 4.37999 18.162
      vertex -1.97818 4.77575 25.072
      vertex -3.39742 8.20211 0.347586
    endloop
  endfacet
  facet normal -0.990712 0 0.13598
    outer loop
      vertex -2.92661 4.37998 18.162
      vertex -1.97818 4.77575 25.072
      vertex -2.92661 4.37999 18.162
    endloop
  endfacet
  facet normal -0.920887 0.375453 0.104892
    outer loop
      vertex -2.44682 3.66192 24.9445
      vertex -1.97818 4.77575 25.072
      vertex -2.92661 4.37998 18.162
    endloop
  endfacet
  facet normal -0.0567679 0.137049 -0.988936
    outer loop
      vertex -1.55565 7.4512 0.1378
      vertex -4.16878 6.3688 0.1378
      vertex -3.39742 8.20211 0.347586
    endloop
  endfacet
  facet normal 0.923881 0.38268 -0
    outer loop
      vertex -1.41421 7.10973 2.6018
      vertex -1.55565 7.4512 0.1378
      vertex -1.41421 7.10973 2.60181
    endloop
  endfacet
  facet normal 0.920895 -0.375434 -0.104891
    outer loop
      vertex -1.55565 7.4512 0.1378
      vertex -1.41421 7.10973 2.6018
      vertex -1.62222 7.29297 0.119695
    endloop
  endfacet
  facet normal 0.920892 -0.375442 -0.104891
    outer loop
      vertex -1.41421 7.10973 2.6018
      vertex -1.3584 6.6433 4.7613
      vertex -1.62222 7.29297 0.119695
    endloop
  endfacet
  facet normal 0.920911 -0.375398 -0.104882
    outer loop
      vertex -1.3584 6.6433 4.7613
      vertex -1.41421 7.10973 2.6018
      vertex -1.28594 6.46486 6.03621
    endloop
  endfacet
  facet normal -0.0567631 0.137038 -0.988938
    outer loop
      vertex -2.3114 7.11375 0.134418
      vertex -1.55565 7.4512 0.1378
      vertex -1.62222 7.29297 0.119695
    endloop
  endfacet
  facet normal -0.0567655 0.137043 -0.988937
    outer loop
      vertex -3.18223 6.76861 0.136576
      vertex -1.55565 7.4512 0.1378
      vertex -2.3114 7.11375 0.134418
    endloop
  endfacet
  facet normal -0.0602836 0.145424 -0.987531
    outer loop
      vertex -3.18462 6.76766 0.136582
      vertex -1.55565 7.4512 0.1378
      vertex -3.18223 6.76861 0.136576
    endloop
  endfacet
  facet normal -0.0567684 0.137052 -0.988936
    outer loop
      vertex -4.16878 6.3688 0.1378
      vertex -3.18688 6.76643 0.136541
      vertex -4.00894 6.31708 0.121457
    endloop
  endfacet
  facet normal -0.0567576 0.137074 -0.988933
    outer loop
      vertex -4.16878 6.3688 0.1378
      vertex -4.01079 6.31574 0.121378
      vertex -4.02087 6.3085 0.120953
    endloop
  endfacet
  facet normal -0.0567318 0.136962 -0.98895
    outer loop
      vertex -3.18462 6.76766 0.136582
      vertex -4.16878 6.3688 0.1378
      vertex -1.55565 7.4512 0.1378
    endloop
  endfacet
  facet normal -0.0571073 0.137889 -0.9888
    outer loop
      vertex -3.18688 6.76643 0.136541
      vertex -4.16878 6.3688 0.1378
      vertex -3.18462 6.76766 0.136582
    endloop
  endfacet
  facet normal -0.0568539 0.136797 -0.988966
    outer loop
      vertex -4.01079 6.31574 0.121378
      vertex -4.16878 6.3688 0.1378
      vertex -4.00894 6.31708 0.121457
    endloop
  endfacet
  facet normal -0.385653 -0.916662 -0.104896
    outer loop
      vertex -3.89157 6.01371 2.22168
      vertex -4.16878 6.3688 0.1378
      vertex -4.02087 6.3085 0.120953
    endloop
  endfacet
  facet normal -0.38568 -0.916651 -0.10489
    outer loop
      vertex -4.02734 6.02734 2.60179
      vertex -4.16878 6.3688 0.1378
      vertex -3.89157 6.01371 2.22168
    endloop
  endfacet
  facet normal -0.923877 -0.38269 0
    outer loop
      vertex -4.16878 6.3688 0.1378
      vertex -4.02734 6.02734 2.60179
      vertex -4.02734 6.02734 2.6018
    endloop
  endfacet
  facet normal -0.385684 -0.916649 -0.104892
    outer loop
      vertex -3.64958 5.46198 6.15346
      vertex -4.02734 6.02734 2.60179
      vertex -3.89157 6.01371 2.22168
    endloop
  endfacet
  facet normal 0.104929 -0.104929 0.988929
    outer loop
      vertex -2.44682 3.66192 24.9445
      vertex -3.6552 3.6552 25.072
      vertex -3.66192 2.44682 24.9445
    endloop
  endfacet
  facet normal 0.104856 -0.104856 0.988944
    outer loop
      vertex -2.44682 3.66192 24.9445
      vertex -3.66192 2.44682 24.9445
      vertex -3.19662 2.13591 24.8622
    endloop
  endfacet
  facet normal 0.104856 -0.104856 0.988944
    outer loop
      vertex -2.13591 3.19662 24.8622
      vertex -2.44682 3.66192 24.9445
      vertex -3.19662 2.13591 24.8622
    endloop
  endfacet
  facet normal -0.00553621 -0.994468 -0.104892
    outer loop
      vertex -6.02734 4.02734 2.60179
      vertex -5.88196 4.05836 2.30002
      vertex -5.4496 3.64131 6.2312
    endloop
  endfacet
  facet normal -0.00553252 -0.994468 -0.10489
    outer loop
      vertex -5.88196 4.05836 2.30002
      vertex -6.02734 4.02734 2.60179
      vertex -6.28868 4.28868 0.1378
    endloop
  endfacet
  facet normal -0.993872 -0.11054 0
    outer loop
      vertex -6.27762 6.27762 0.347586
      vertex -6.02734 4.02734 2.60179
      vertex -6.02734 4.02734 2.6018
    endloop
  endfacet
  facet normal -0.994468 -0.00553343 0.10489
    outer loop
      vertex -6.02734 4.02734 2.60179
      vertex -6.27762 6.27762 0.347586
      vertex -6.28868 4.28868 0.1378
    endloop
  endfacet
  facet normal -0.994468 -0.0055305 0.104893
    outer loop
      vertex -4.37999 2.92661 18.162
      vertex -6.27762 6.27762 0.347586
      vertex -6.02734 4.02734 2.6018
    endloop
  endfacet
  facet normal 0 0.982764 0.184864
    outer loop
      vertex -6.27762 6.27762 0.347586
      vertex -4.37999 2.92661 18.162
      vertex -4.37998 2.92661 18.162
    endloop
  endfacet
  facet normal 0.104971 -0.105045 0.988912
    outer loop
      vertex -2.13591 3.19662 24.8622
      vertex -2.39948 2.90876 24.8596
      vertex -2.09329 3.13283 24.8509
    endloop
  endfacet
  facet normal 0.0905897 -0.0919023 0.991639
    outer loop
      vertex -2.13591 3.19662 24.8622
      vertex -2.40375 2.90563 24.8597
      vertex -2.39948 2.90876 24.8596
    endloop
  endfacet
  facet normal 0.235023 -0.22445 0.94572
    outer loop
      vertex -2.13591 3.19662 24.8622
      vertex -2.4076 2.90202 24.8598
      vertex -2.40375 2.90563 24.8597
    endloop
  endfacet
  facet normal 0.102968 -0.103021 0.989335
    outer loop
      vertex -2.13591 3.19662 24.8622
      vertex -2.74873 2.58123 24.8619
      vertex -2.4076 2.90202 24.8598
    endloop
  endfacet
  facet normal 0.105154 -0.105524 0.988841
    outer loop
      vertex -3.05136 2.21694 24.8554
      vertex -3.19662 2.13591 24.8622
      vertex -3.13132 2.09228 24.8506
    endloop
  endfacet
  facet normal 0.104626 -0.104564 0.988999
    outer loop
      vertex -2.74873 2.58123 24.8619
      vertex -3.19662 2.13591 24.8622
      vertex -3.05136 2.21694 24.8554
    endloop
  endfacet
  facet normal 0.115173 -0.115173 0.986646
    outer loop
      vertex -3.19662 2.13591 24.8622
      vertex -2.74873 2.58123 24.8619
      vertex -2.13591 3.19662 24.8622
    endloop
  endfacet
  facet normal -0.994468 -0.00553616 0.104892
    outer loop
      vertex -4.37998 2.92661 18.162
      vertex -3.6552 3.6552 25.072
      vertex -6.27762 6.27762 0.347586
    endloop
  endfacet
  facet normal -0.994468 -0.0055371 0.104892
    outer loop
      vertex -3.6552 3.6552 25.072
      vertex -4.37998 2.92661 18.162
      vertex -3.66192 2.44682 24.9445
    endloop
  endfacet
  facet normal 0.0055371 0.994468 0.104892
    outer loop
      vertex -2.92661 4.37998 18.162
      vertex -3.6552 3.6552 25.072
      vertex -2.44682 3.66192 24.9445
    endloop
  endfacet
  facet normal 0.00553616 0.994468 0.104892
    outer loop
      vertex -3.6552 3.6552 25.072
      vertex -2.92661 4.37998 18.162
      vertex -6.27762 6.27762 0.347586
    endloop
  endfacet
  facet normal 0.994469 0.00555186 -0.104888
    outer loop
      vertex -4.02734 6.02734 2.60179
      vertex -4.05317 5.8728 2.34871
      vertex -4.28868 6.28868 0.1378
    endloop
  endfacet
  facet normal 0.994468 0.00555308 -0.104889
    outer loop
      vertex -4.05317 5.8728 2.34871
      vertex -4.02734 6.02734 2.60179
      vertex -3.64958 5.46198 6.15346
    endloop
  endfacet
  facet normal -0.1049 0.1049 -0.988935
    outer loop
      vertex -4.76797 5.76348 0.13293
      vertex -4.28868 6.28868 0.1378
      vertex -4.28966 6.11352 0.119324
    endloop
  endfacet
  facet normal -0.1049 0.1049 -0.988935
    outer loop
      vertex -5.45037 5.12178 0.137247
      vertex -4.28868 6.28868 0.1378
      vertex -4.76797 5.76348 0.13293
    endloop
  endfacet
  facet normal -0.0993829 0.0994083 -0.990071
    outer loop
      vertex -5.45226 5.12001 0.137259
      vertex -4.28868 6.28868 0.1378
      vertex -5.45037 5.12178 0.137247
    endloop
  endfacet
  facet normal -0.105106 0.105106 -0.988891
    outer loop
      vertex -5.45226 5.12001 0.137259
      vertex -6.28868 4.28868 0.1378
      vertex -4.28868 6.28868 0.1378
    endloop
  endfacet
  facet normal -0.104893 0.104892 -0.988936
    outer loop
      vertex -6.05254 4.39743 0.124288
      vertex -6.28868 4.28868 0.1378
      vertex -5.45226 5.12001 0.137259
    endloop
  endfacet
  facet normal -0.104897 0.1049 -0.988935
    outer loop
      vertex -6.28868 4.28868 0.1378
      vertex -6.05254 4.39743 0.124288
      vertex -6.1217 4.28961 0.120187
    endloop
  endfacet
  facet normal -0.104893 0.104893 -0.988936
    outer loop
      vertex -4.28868 6.28868 0.1378
      vertex -6.28868 4.28868 0.1378
      vertex -6.27762 6.27762 0.347586
    endloop
  endfacet
  facet normal 0.0055305 0.994468 0.104893
    outer loop
      vertex -6.27762 6.27762 0.347586
      vertex -2.92661 4.37999 18.162
      vertex -4.02734 6.02734 2.6018
    endloop
  endfacet
  facet normal -0.982764 0 0.184864
    outer loop
      vertex -2.92661 4.37999 18.162
      vertex -6.27762 6.27762 0.347586
      vertex -2.92661 4.37998 18.162
    endloop
  endfacet
  facet normal 0.11054 0.993872 -0
    outer loop
      vertex -4.02734 6.02734 2.60179
      vertex -6.27762 6.27762 0.347586
      vertex -4.02734 6.02734 2.6018
    endloop
  endfacet
  facet normal 0.00553343 0.994468 0.10489
    outer loop
      vertex -6.27762 6.27762 0.347586
      vertex -4.02734 6.02734 2.60179
      vertex -4.28868 6.28868 0.1378
    endloop
  endfacet
  facet normal 0.994468 0.00550075 -0.104898
    outer loop
      vertex -4.05317 5.8728 2.34871
      vertex -4.28966 6.11352 0.119324
      vertex -4.28868 6.28868 0.1378
    endloop
  endfacet
  facet normal -0.00552521 -0.994468 -0.104892
    outer loop
      vertex -5.88196 4.05836 2.30002
      vertex -6.28868 4.28868 0.1378
      vertex -6.1217 4.28961 0.120187
    endloop
  endfacet
  facet normal 0.137001 -0.0567478 0.988944
    outer loop
      vertex -3.66192 2.44682 24.9445
      vertex -3.77067 0.750032 24.8622
      vertex -3.19662 2.13591 24.8622
    endloop
  endfacet
  facet normal 0.137002 -0.0567478 0.988944
    outer loop
      vertex -3.66192 2.44682 24.9445
      vertex -4.31953 0.859207 24.9445
      vertex -3.77067 0.750032 24.8622
    endloop
  endfacet
  facet normal 0.137095 -0.0567867 0.988929
    outer loop
      vertex -4.31953 0.859207 24.9445
      vertex -3.66192 2.44682 24.9445
      vertex -4.77575 1.97818 25.072
    endloop
  endfacet
  facet normal -0.38268 -0.923881 -0
    outer loop
      vertex -7.10973 1.41421 2.60181
      vertex -7.4512 1.55565 0.1378
      vertex -7.10973 1.41421 2.6018
    endloop
  endfacet
  facet normal 0.375468 -0.92088 -0.104895
    outer loop
      vertex -7.29244 1.62245 0.119634
      vertex -7.10973 1.41421 2.6018
      vertex -7.4512 1.55565 0.1378
    endloop
  endfacet
  facet normal 0.375475 -0.920878 -0.104895
    outer loop
      vertex -7.10973 1.41421 2.6018
      vertex -7.29244 1.62245 0.119634
      vertex -6.42097 1.27721 6.26997
    endloop
  endfacet
  facet normal -0.916648 -0.385687 0.104892
    outer loop
      vertex -7.10973 1.41421 2.60181
      vertex -4.77575 1.97818 25.072
      vertex -7.4512 1.55565 0.1378
    endloop
  endfacet
  facet normal -0.916648 -0.385685 0.104892
    outer loop
      vertex -5.16654 1.02769 18.162
      vertex -4.77575 1.97818 25.072
      vertex -7.10973 1.41421 2.60181
    endloop
  endfacet
  facet normal -0.91665 -0.385683 0.104892
    outer loop
      vertex -4.31953 0.859209 24.9445
      vertex -4.77575 1.97818 25.072
      vertex -5.16654 1.02769 18.162
    endloop
  endfacet
  facet normal -0.269157 0 -0.963096
    outer loop
      vertex -4.77575 1.97818 25.072
      vertex -4.31953 0.859209 24.9445
      vertex -4.31953 0.859207 24.9445
    endloop
  endfacet
  facet normal 0.137675 -0.0568517 0.988845
    outer loop
      vertex -3.19662 2.13591 24.8622
      vertex -3.3047 1.81678 24.8589
      vertex -3.13132 2.09228 24.8506
    endloop
  endfacet
  facet normal 0.0791118 -0.0370939 0.996175
    outer loop
      vertex -3.19662 2.13591 24.8622
      vertex -3.30696 1.81196 24.8589
      vertex -3.3047 1.81678 24.8589
    endloop
  endfacet
  facet normal 0.136302 -0.0565008 0.989055
    outer loop
      vertex -3.19662 2.13591 24.8622
      vertex -3.50589 1.38808 24.8621
      vertex -3.30696 1.81196 24.8589
    endloop
  endfacet
  facet normal 0.137162 -0.056942 0.988911
    outer loop
      vertex -3.65301 0.937933 24.8567
      vertex -3.77067 0.750032 24.8622
      vertex -3.69275 0.734532 24.8505
    endloop
  endfacet
  facet normal 0.0974578 -0.0319098 0.994728
    outer loop
      vertex -3.65133 0.943064 24.8567
      vertex -3.77067 0.750032 24.8622
      vertex -3.65301 0.937933 24.8567
    endloop
  endfacet
  facet normal 0.137851 -0.0570509 0.988809
    outer loop
      vertex -3.50589 1.38808 24.8621
      vertex -3.77067 0.750032 24.8622
      vertex -3.65133 0.943064 24.8567
    endloop
  endfacet
  facet normal 0.198652 -0.0822845 0.97661
    outer loop
      vertex -3.77067 0.750032 24.8622
      vertex -3.50589 1.38808 24.8621
      vertex -3.19662 2.13591 24.8622
    endloop
  endfacet
  facet normal -0.916652 -0.385677 0.104893
    outer loop
      vertex -4.77575 1.97818 25.072
      vertex -8.20211 3.39742 0.347586
      vertex -7.4512 1.55565 0.1378
    endloop
  endfacet
  facet normal -0.375453 0.920887 0.104892
    outer loop
      vertex -4.37998 2.92661 18.162
      vertex -4.77575 1.97818 25.072
      vertex -3.66192 2.44682 24.9445
    endloop
  endfacet
  facet normal -0 0.990712 0.13598
    outer loop
      vertex -4.37999 2.92661 18.162
      vertex -4.77575 1.97818 25.072
      vertex -4.37998 2.92661 18.162
    endloop
  endfacet
  facet normal -0.375455 0.920886 0.104892
    outer loop
      vertex -4.77575 1.97818 25.072
      vertex -4.37999 2.92661 18.162
      vertex -8.20211 3.39742 0.347586
    endloop
  endfacet
  facet normal 0.38269 0.923877 -0
    outer loop
      vertex -6.02734 4.02734 2.60179
      vertex -6.3688 4.16878 0.1378
      vertex -6.02734 4.02734 2.6018
    endloop
  endfacet
  facet normal 0.916651 0.38568 -0.104891
    outer loop
      vertex -6.02734 4.02734 2.60179
      vertex -5.98729 3.87095 2.37675
      vertex -6.3688 4.16878 0.1378
    endloop
  endfacet
  facet normal 0.916649 0.385683 -0.104893
    outer loop
      vertex -5.98729 3.87095 2.37675
      vertex -6.02734 4.02734 2.60179
      vertex -5.4496 3.64131 6.2312
    endloop
  endfacet
  facet normal 0.916663 0.38565 -0.104896
    outer loop
      vertex -6.30221 4.00544 0.119196
      vertex -6.3688 4.16878 0.1378
      vertex -5.98729 3.87095 2.37675
    endloop
  endfacet
  facet normal -0.137045 0.0567672 -0.988937
    outer loop
      vertex -6.55506 3.60367 0.131173
      vertex -6.3688 4.16878 0.1378
      vertex -6.30221 4.00544 0.119196
    endloop
  endfacet
  facet normal -0.137061 0.0567724 -0.988934
    outer loop
      vertex -6.95302 2.75568 0.137647
      vertex -6.3688 4.16878 0.1378
      vertex -6.55506 3.60367 0.131173
    endloop
  endfacet
  facet normal -0.140476 0.0581842 -0.988373
    outer loop
      vertex -6.95412 2.75333 0.137665
      vertex -6.3688 4.16878 0.1378
      vertex -6.95302 2.75568 0.137647
    endloop
  endfacet
  facet normal -0.135991 0.0563297 -0.989107
    outer loop
      vertex -6.95412 2.75333 0.137665
      vertex -7.4512 1.55565 0.1378
      vertex -6.3688 4.16878 0.1378
    endloop
  endfacet
  facet normal -0.141802 0.0587415 -0.988151
    outer loop
      vertex -6.95493 2.75087 0.137635
      vertex -7.4512 1.55565 0.1378
      vertex -6.95412 2.75333 0.137665
    endloop
  endfacet
  facet normal -0.13703 0.0567601 -0.988939
    outer loop
      vertex -7.24594 1.86044 0.126852
      vertex -7.4512 1.55565 0.1378
      vertex -6.95493 2.75087 0.137635
    endloop
  endfacet
  facet normal -0.137045 0.0567702 -0.988937
    outer loop
      vertex -7.4512 1.55565 0.1378
      vertex -7.24594 1.86044 0.126852
      vertex -7.29244 1.62245 0.119634
    endloop
  endfacet
  facet normal -0.137049 0.0567679 -0.988936
    outer loop
      vertex -7.4512 1.55565 0.1378
      vertex -8.20211 3.39742 0.347586
      vertex -6.3688 4.16878 0.1378
    endloop
  endfacet
  facet normal -0.375458 0.920885 0.104893
    outer loop
      vertex -6.02734 4.02734 2.6018
      vertex -8.20211 3.39742 0.347586
      vertex -4.37999 2.92661 18.162
    endloop
  endfacet
  facet normal -0.375457 0.920885 0.104892
    outer loop
      vertex -8.20211 3.39742 0.347586
      vertex -6.02734 4.02734 2.6018
      vertex -6.3688 4.16878 0.1378
    endloop
  endfacet
  facet normal 0.148289 0 0.988944
    outer loop
      vertex -4.31953 0.859207 24.9445
      vertex -3.77067 3.78952e-06 24.8622
      vertex -3.77067 0.750032 24.8622
    endloop
  endfacet
  facet normal 0.14835 3.99283e-05 0.988935
    outer loop
      vertex -5.16924 0 25.072
      vertex -3.77067 3.78952e-06 24.8622
      vertex -4.31953 0.859207 24.9445
    endloop
  endfacet
  facet normal 0.14835 0 0.988935
    outer loop
      vertex -5.16924 0 25.072
      vertex -3.77067 -3.78952e-06 24.8622
      vertex -3.77067 0 24.8622
    endloop
  endfacet
  facet normal 0.14835 0 0.988935
    outer loop
      vertex -3.77067 3.78952e-06 24.8622
      vertex -5.16924 0 25.072
      vertex -3.77067 0 24.8622
    endloop
  endfacet
  facet normal 0.148289 0 0.988944
    outer loop
      vertex -3.77067 -3.78952e-06 24.8622
      vertex -4.31953 -0.859207 24.9445
      vertex -3.77067 -0.750032 24.8622
    endloop
  endfacet
  facet normal 0.14839 0 0.988929
    outer loop
      vertex -5.16924 0 25.072
      vertex -4.31953 0.859207 24.9445
      vertex -4.31953 0.859209 24.9445
    endloop
  endfacet
  facet normal 0.14835 -3.99283e-05 0.988935
    outer loop
      vertex -3.77067 -3.78952e-06 24.8622
      vertex -5.16924 0 25.072
      vertex -4.31953 -0.859207 24.9445
    endloop
  endfacet
  facet normal 0.14839 0 0.988929
    outer loop
      vertex -4.31953 -0.859207 24.9445
      vertex -5.16924 0 25.072
      vertex -4.31953 -0.859209 24.9445
    endloop
  endfacet
  facet normal 0.699282 -0.707108 -0.104893
    outer loop
      vertex -7.10973 -1.41421 2.6018
      vertex -7.01267 -1.28499 2.37776
      vertex -6.42097 -1.27721 6.26997
    endloop
  endfacet
  facet normal 0.699283 -0.707108 -0.104892
    outer loop
      vertex -7.01267 -1.28499 2.37776
      vertex -7.10973 -1.41421 2.6018
      vertex -7.47933 -1.41421 0.1378
    endloop
  endfacet
  facet normal -0.699283 -0.707108 0.104893
    outer loop
      vertex -8.8779 0 0.347586
      vertex -7.10973 -1.41421 2.60181
      vertex -5.16654 -1.02769 18.162
    endloop
  endfacet
  facet normal -0.624607 -0.780939 0
    outer loop
      vertex -8.8779 0 0.347586
      vertex -7.10973 -1.41421 2.6018
      vertex -7.10973 -1.41421 2.60181
    endloop
  endfacet
  facet normal -0.699282 -0.707108 0.104892
    outer loop
      vertex -7.10973 -1.41421 2.6018
      vertex -8.8779 0 0.347586
      vertex -7.47933 -1.41421 0.1378
    endloop
  endfacet
  facet normal 0.148466 -0.000122066 0.988918
    outer loop
      vertex -3.77067 0.750032 24.8622
      vertex -3.74159 0.472672 24.8578
      vertex -3.69275 0.734532 24.8505
    endloop
  endfacet
  facet normal 0.150206 6.45309e-05 0.988655
    outer loop
      vertex -3.77067 0.750032 24.8622
      vertex -3.77035 0.00518311 24.8622
      vertex -3.74159 0.472672 24.8578
    endloop
  endfacet
  facet normal 0 0 1
    outer loop
      vertex -3.77035 0.00518311 24.8622
      vertex -3.77067 0.750032 24.8622
      vertex -3.77067 3.78952e-06 24.8622
    endloop
  endfacet
  facet normal 0 0 1
    outer loop
      vertex -3.77067 -0.750032 24.8622
      vertex -3.77035 -0.00518311 24.8622
      vertex -3.77067 -3.78952e-06 24.8622
    endloop
  endfacet
  facet normal 0.148466 0.000122066 0.988918
    outer loop
      vertex -3.74159 -0.472672 24.8578
      vertex -3.77067 -0.750032 24.8622
      vertex -3.69275 -0.734532 24.8505
    endloop
  endfacet
  facet normal 0.150206 -6.45309e-05 0.988655
    outer loop
      vertex -3.77035 -0.00518311 24.8622
      vertex -3.77067 -0.750032 24.8622
      vertex -3.74159 -0.472672 24.8578
    endloop
  endfacet
  facet normal -0.699278 -0.707112 0.104892
    outer loop
      vertex -5.16924 0 25.072
      vertex -5.16654 -1.02769 18.162
      vertex -4.31953 -0.859209 24.9445
    endloop
  endfacet
  facet normal -0.699279 -0.707111 0.104892
    outer loop
      vertex -5.16654 -1.02769 18.162
      vertex -5.16924 0 25.072
      vertex -8.8779 0 0.347586
    endloop
  endfacet
  facet normal -0.699278 0.707112 0.104892
    outer loop
      vertex -5.16654 1.02769 18.162
      vertex -5.16924 0 25.072
      vertex -4.31953 0.859209 24.9445
    endloop
  endfacet
  facet normal -0.699279 0.707111 0.104892
    outer loop
      vertex -5.16924 0 25.072
      vertex -5.16654 1.02769 18.162
      vertex -8.8779 0 0.347586
    endloop
  endfacet
  facet normal 0.699282 0.707108 -0.104893
    outer loop
      vertex -7.01267 1.28499 2.37776
      vertex -7.10973 1.41421 2.6018
      vertex -6.42097 1.27721 6.26997
    endloop
  endfacet
  facet normal 0.699283 0.707108 -0.104892
    outer loop
      vertex -7.10973 1.41421 2.6018
      vertex -7.01267 1.28499 2.37776
      vertex -7.47933 1.41421 0.1378
    endloop
  endfacet
  facet normal -0.148328 4.76738e-07 -0.988938
    outer loop
      vertex -7.42164 0.937571 0.129147
      vertex -7.47933 1.41421 0.1378
      vertex -7.356 1.28951 0.119302
    endloop
  endfacet
  facet normal -0.147245 0.000134466 -0.9891
    outer loop
      vertex -7.42179 0.935142 0.129169
      vertex -7.47933 1.41421 0.1378
      vertex -7.42164 0.937571 0.129147
    endloop
  endfacet
  facet normal -0.14834 -0 -0.988936
    outer loop
      vertex -7.47933 1.41421 0.1378
      vertex -7.42179 0.935142 0.129169
      vertex -7.47933 1.36423e-05 0.1378
    endloop
  endfacet
  facet normal -0.148328 -4.76738e-07 -0.988938
    outer loop
      vertex -7.47933 -1.41421 0.1378
      vertex -7.42164 -0.937571 0.129147
      vertex -7.356 -1.28951 0.119302
    endloop
  endfacet
  facet normal -0.147245 -0.000134466 -0.9891
    outer loop
      vertex -7.47933 -1.41421 0.1378
      vertex -7.42179 -0.935142 0.129169
      vertex -7.42164 -0.937571 0.129147
    endloop
  endfacet
  facet normal -0.14834 0 -0.988936
    outer loop
      vertex -7.42179 -0.935142 0.129169
      vertex -7.47933 -1.41421 0.1378
      vertex -7.47933 -1.36423e-05 0.1378
    endloop
  endfacet
  facet normal -0.148341 0 -0.988936
    outer loop
      vertex -8.8779 0 0.347586
      vertex -7.47933 -1.36423e-05 0.1378
      vertex -7.47933 -1.41421 0.1378
    endloop
  endfacet
  facet normal -0.148341 0 -0.988936
    outer loop
      vertex -7.47933 -1.36423e-05 0.1378
      vertex -8.8779 0 0.347586
      vertex -7.47933 0 0.1378
    endloop
  endfacet
  facet normal -0.148341 0 -0.988936
    outer loop
      vertex -8.8779 0 0.347586
      vertex -7.47933 1.36423e-05 0.1378
      vertex -7.47933 0 0.1378
    endloop
  endfacet
  facet normal -0.148341 0 -0.988936
    outer loop
      vertex -7.47933 1.36423e-05 0.1378
      vertex -8.8779 0 0.347586
      vertex -7.47933 1.41421 0.1378
    endloop
  endfacet
  facet normal -0.699283 0.707108 0.104893
    outer loop
      vertex -7.10973 1.41421 2.60181
      vertex -8.8779 0 0.347586
      vertex -5.16654 1.02769 18.162
    endloop
  endfacet
  facet normal -0.624607 0.780939 0
    outer loop
      vertex -7.10973 1.41421 2.6018
      vertex -8.8779 0 0.347586
      vertex -7.10973 1.41421 2.60181
    endloop
  endfacet
  facet normal -0.699282 0.707108 0.104892
    outer loop
      vertex -8.8779 0 0.347586
      vertex -7.10973 1.41421 2.6018
      vertex -7.47933 1.41421 0.1378
    endloop
  endfacet
  facet normal 0.699257 0.707134 -0.104886
    outer loop
      vertex -7.356 1.28951 0.119302
      vertex -7.47933 1.41421 0.1378
      vertex -7.01267 1.28499 2.37776
    endloop
  endfacet
  facet normal 0.699257 -0.707134 -0.104886
    outer loop
      vertex -7.01267 -1.28499 2.37776
      vertex -7.47933 -1.41421 0.1378
      vertex -7.356 -1.28951 0.119302
    endloop
  endfacet
  facet normal 0.137001 0.0567478 0.988944
    outer loop
      vertex -3.77067 -0.750032 24.8622
      vertex -3.66192 -2.44682 24.9445
      vertex -3.19662 -2.13591 24.8622
    endloop
  endfacet
  facet normal 0.137002 0.0567478 0.988944
    outer loop
      vertex -4.31953 -0.859207 24.9445
      vertex -3.66192 -2.44682 24.9445
      vertex -3.77067 -0.750032 24.8622
    endloop
  endfacet
  facet normal 0.137095 0.0567867 0.988929
    outer loop
      vertex -3.66192 -2.44682 24.9445
      vertex -4.31953 -0.859207 24.9445
      vertex -4.77575 -1.97818 25.072
    endloop
  endfacet
  facet normal -0.916648 0.385687 0.104892
    outer loop
      vertex -4.77575 -1.97818 25.072
      vertex -7.10973 -1.41421 2.60181
      vertex -7.4512 -1.55565 0.1378
    endloop
  endfacet
  facet normal -0.916648 0.385685 0.104892
    outer loop
      vertex -7.10973 -1.41421 2.60181
      vertex -4.77575 -1.97818 25.072
      vertex -5.16654 -1.02769 18.162
    endloop
  endfacet
  facet normal -0.269157 0 -0.963096
    outer loop
      vertex -4.31953 -0.859209 24.9445
      vertex -4.77575 -1.97818 25.072
      vertex -4.31953 -0.859207 24.9445
    endloop
  endfacet
  facet normal -0.91665 0.385683 0.104892
    outer loop
      vertex -5.16654 -1.02769 18.162
      vertex -4.77575 -1.97818 25.072
      vertex -4.31953 -0.859209 24.9445
    endloop
  endfacet
  facet normal -0.916652 0.385677 0.104893
    outer loop
      vertex -7.4512 -1.55565 0.1378
      vertex -8.20211 -3.39742 0.347586
      vertex -4.77575 -1.97818 25.072
    endloop
  endfacet
  facet normal 0.137675 0.0568517 0.988845
    outer loop
      vertex -3.3047 -1.81678 24.8589
      vertex -3.19662 -2.13591 24.8622
      vertex -3.13132 -2.09228 24.8506
    endloop
  endfacet
  facet normal 0.0791118 0.0370939 0.996175
    outer loop
      vertex -3.30696 -1.81196 24.8589
      vertex -3.19662 -2.13591 24.8622
      vertex -3.3047 -1.81678 24.8589
    endloop
  endfacet
  facet normal 0.136302 0.0565008 0.989055
    outer loop
      vertex -3.50589 -1.38808 24.8621
      vertex -3.19662 -2.13591 24.8622
      vertex -3.30696 -1.81196 24.8589
    endloop
  endfacet
  facet normal 0.198652 0.0822845 0.97661
    outer loop
      vertex -3.50589 -1.38808 24.8621
      vertex -3.77067 -0.750032 24.8622
      vertex -3.19662 -2.13591 24.8622
    endloop
  endfacet
  facet normal 0.137851 0.0570509 0.988809
    outer loop
      vertex -3.65133 -0.943064 24.8567
      vertex -3.77067 -0.750032 24.8622
      vertex -3.50589 -1.38808 24.8621
    endloop
  endfacet
  facet normal 0.0974578 0.0319098 0.994728
    outer loop
      vertex -3.65301 -0.937933 24.8567
      vertex -3.77067 -0.750032 24.8622
      vertex -3.65133 -0.943064 24.8567
    endloop
  endfacet
  facet normal 0.137162 0.056942 0.988911
    outer loop
      vertex -3.77067 -0.750032 24.8622
      vertex -3.65301 -0.937933 24.8567
      vertex -3.69275 -0.734532 24.8505
    endloop
  endfacet
  facet normal -0.375458 -0.920885 0.104893
    outer loop
      vertex -8.20211 -3.39742 0.347586
      vertex -6.02734 -4.02734 2.6018
      vertex -4.37999 -2.92661 18.162
    endloop
  endfacet
  facet normal -0.375457 -0.920885 0.104892
    outer loop
      vertex -6.02734 -4.02734 2.6018
      vertex -8.20211 -3.39742 0.347586
      vertex -6.3688 -4.16878 0.1378
    endloop
  endfacet
  facet normal -0.375453 -0.920887 0.104892
    outer loop
      vertex -4.77575 -1.97818 25.072
      vertex -4.37998 -2.92661 18.162
      vertex -3.66192 -2.44682 24.9445
    endloop
  endfacet
  facet normal 0 -0.990712 0.13598
    outer loop
      vertex -4.77575 -1.97818 25.072
      vertex -4.37999 -2.92661 18.162
      vertex -4.37998 -2.92661 18.162
    endloop
  endfacet
  facet normal -0.375455 -0.920886 0.104892
    outer loop
      vertex -4.37999 -2.92661 18.162
      vertex -4.77575 -1.97818 25.072
      vertex -8.20211 -3.39742 0.347586
    endloop
  endfacet
  facet normal -0.137049 -0.0567679 -0.988936
    outer loop
      vertex -6.3688 -4.16878 0.1378
      vertex -8.20211 -3.39742 0.347586
      vertex -7.4512 -1.55565 0.1378
    endloop
  endfacet
  facet normal 0.375475 0.920878 -0.104895
    outer loop
      vertex -7.29244 -1.62245 0.119634
      vertex -7.10973 -1.41421 2.6018
      vertex -6.42097 -1.27721 6.26997
    endloop
  endfacet
  facet normal 0.375468 0.92088 -0.104895
    outer loop
      vertex -7.10973 -1.41421 2.6018
      vertex -7.29244 -1.62245 0.119634
      vertex -7.4512 -1.55565 0.1378
    endloop
  endfacet
  facet normal -0.38268 0.923881 0
    outer loop
      vertex -7.10973 -1.41421 2.60181
      vertex -7.10973 -1.41421 2.6018
      vertex -7.4512 -1.55565 0.1378
    endloop
  endfacet
  facet normal -0.137045 -0.0567672 -0.988937
    outer loop
      vertex -6.3688 -4.16878 0.1378
      vertex -6.55506 -3.60367 0.131173
      vertex -6.30221 -4.00544 0.119196
    endloop
  endfacet
  facet normal -0.137061 -0.0567724 -0.988934
    outer loop
      vertex -6.3688 -4.16878 0.1378
      vertex -6.95302 -2.75568 0.137647
      vertex -6.55506 -3.60367 0.131173
    endloop
  endfacet
  facet normal -0.140476 -0.0581842 -0.988373
    outer loop
      vertex -6.3688 -4.16878 0.1378
      vertex -6.95412 -2.75333 0.137665
      vertex -6.95302 -2.75568 0.137647
    endloop
  endfacet
  facet normal -0.137045 -0.0567702 -0.988937
    outer loop
      vertex -7.24594 -1.86044 0.126852
      vertex -7.4512 -1.55565 0.1378
      vertex -7.29244 -1.62245 0.119634
    endloop
  endfacet
  facet normal -0.13703 -0.0567601 -0.988939
    outer loop
      vertex -6.95493 -2.75087 0.137635
      vertex -7.4512 -1.55565 0.1378
      vertex -7.24594 -1.86044 0.126852
    endloop
  endfacet
  facet normal -0.141802 -0.0587415 -0.988151
    outer loop
      vertex -6.95412 -2.75333 0.137665
      vertex -7.4512 -1.55565 0.1378
      vertex -6.95493 -2.75087 0.137635
    endloop
  endfacet
  facet normal -0.135991 -0.0563297 -0.989107
    outer loop
      vertex -7.4512 -1.55565 0.1378
      vertex -6.95412 -2.75333 0.137665
      vertex -6.3688 -4.16878 0.1378
    endloop
  endfacet
  facet normal 0.916663 -0.38565 -0.104896
    outer loop
      vertex -5.98729 -3.87095 2.37675
      vertex -6.3688 -4.16878 0.1378
      vertex -6.30221 -4.00544 0.119196
    endloop
  endfacet
  facet normal 0.916649 -0.385683 -0.104893
    outer loop
      vertex -6.02734 -4.02734 2.60179
      vertex -5.98729 -3.87095 2.37675
      vertex -5.4496 -3.64131 6.2312
    endloop
  endfacet
  facet normal 0.916651 -0.38568 -0.104891
    outer loop
      vertex -6.02734 -4.02734 2.60179
      vertex -6.3688 -4.16878 0.1378
      vertex -5.98729 -3.87095 2.37675
    endloop
  endfacet
  facet normal 0.38269 -0.923877 0
    outer loop
      vertex -6.3688 -4.16878 0.1378
      vertex -6.02734 -4.02734 2.60179
      vertex -6.02734 -4.02734 2.6018
    endloop
  endfacet
  facet normal 0.104856 0.104856 0.988944
    outer loop
      vertex -3.19662 -2.13591 24.8622
      vertex -2.44682 -3.66192 24.9445
      vertex -2.13591 -3.19662 24.8622
    endloop
  endfacet
  facet normal 0.104856 0.104856 0.988944
    outer loop
      vertex -3.66192 -2.44682 24.9445
      vertex -2.44682 -3.66192 24.9445
      vertex -3.19662 -2.13591 24.8622
    endloop
  endfacet
  facet normal 0.104929 0.104929 0.988929
    outer loop
      vertex -3.6552 -3.6552 25.072
      vertex -2.44682 -3.66192 24.9445
      vertex -3.66192 -2.44682 24.9445
    endloop
  endfacet
  facet normal 0.994468 -0.00555308 -0.104889
    outer loop
      vertex -4.02734 -6.02734 2.60179
      vertex -4.05317 -5.8728 2.34871
      vertex -3.64958 -5.46198 6.15346
    endloop
  endfacet
  facet normal 0.994469 -0.00555186 -0.104888
    outer loop
      vertex -4.05317 -5.8728 2.34871
      vertex -4.02734 -6.02734 2.60179
      vertex -4.28868 -6.28868 0.1378
    endloop
  endfacet
  facet normal -0.982764 0 0.184864
    outer loop
      vertex -6.27762 -6.27762 0.347586
      vertex -2.92661 -4.37999 18.162
      vertex -2.92661 -4.37998 18.162
    endloop
  endfacet
  facet normal 0.0055305 -0.994468 0.104893
    outer loop
      vertex -2.92661 -4.37999 18.162
      vertex -6.27762 -6.27762 0.347586
      vertex -4.02734 -6.02734 2.6018
    endloop
  endfacet
  facet normal 0.11054 -0.993872 0
    outer loop
      vertex -6.27762 -6.27762 0.347586
      vertex -4.02734 -6.02734 2.60179
      vertex -4.02734 -6.02734 2.6018
    endloop
  endfacet
  facet normal 0.00553343 -0.994468 0.10489
    outer loop
      vertex -4.02734 -6.02734 2.60179
      vertex -6.27762 -6.27762 0.347586
      vertex -4.28868 -6.28868 0.1378
    endloop
  endfacet
  facet normal 0.104971 0.105045 0.988912
    outer loop
      vertex -2.39948 -2.90876 24.8596
      vertex -2.13591 -3.19662 24.8622
      vertex -2.09329 -3.13283 24.8509
    endloop
  endfacet
  facet normal 0.0905897 0.0919023 0.991639
    outer loop
      vertex -2.40375 -2.90563 24.8597
      vertex -2.13591 -3.19662 24.8622
      vertex -2.39948 -2.90876 24.8596
    endloop
  endfacet
  facet normal 0.235023 0.22445 0.94572
    outer loop
      vertex -2.4076 -2.90202 24.8598
      vertex -2.13591 -3.19662 24.8622
      vertex -2.40375 -2.90563 24.8597
    endloop
  endfacet
  facet normal 0.102968 0.103021 0.989335
    outer loop
      vertex -2.74873 -2.58123 24.8619
      vertex -2.13591 -3.19662 24.8622
      vertex -2.4076 -2.90202 24.8598
    endloop
  endfacet
  facet normal 0.115173 0.115173 0.986646
    outer loop
      vertex -2.74873 -2.58123 24.8619
      vertex -3.19662 -2.13591 24.8622
      vertex -2.13591 -3.19662 24.8622
    endloop
  endfacet
  facet normal 0.104626 0.104564 0.988999
    outer loop
      vertex -3.05136 -2.21694 24.8554
      vertex -3.19662 -2.13591 24.8622
      vertex -2.74873 -2.58123 24.8619
    endloop
  endfacet
  facet normal 0.105154 0.105524 0.988841
    outer loop
      vertex -3.19662 -2.13591 24.8622
      vertex -3.05136 -2.21694 24.8554
      vertex -3.13132 -2.09228 24.8506
    endloop
  endfacet
  facet normal 0.0055371 -0.994468 0.104892
    outer loop
      vertex -3.6552 -3.6552 25.072
      vertex -2.92661 -4.37998 18.162
      vertex -2.44682 -3.66192 24.9445
    endloop
  endfacet
  facet normal 0.00553616 -0.994468 0.104892
    outer loop
      vertex -2.92661 -4.37998 18.162
      vertex -3.6552 -3.6552 25.072
      vertex -6.27762 -6.27762 0.347586
    endloop
  endfacet
  facet normal -0.994468 0.0055371 0.104892
    outer loop
      vertex -4.37998 -2.92661 18.162
      vertex -3.6552 -3.6552 25.072
      vertex -3.66192 -2.44682 24.9445
    endloop
  endfacet
  facet normal -0.994468 0.00553616 0.104892
    outer loop
      vertex -3.6552 -3.6552 25.072
      vertex -4.37998 -2.92661 18.162
      vertex -6.27762 -6.27762 0.347586
    endloop
  endfacet
  facet normal -0.00553621 0.994468 -0.104892
    outer loop
      vertex -5.88196 -4.05836 2.30002
      vertex -6.02734 -4.02734 2.60179
      vertex -5.4496 -3.64131 6.2312
    endloop
  endfacet
  facet normal -0.00553252 0.994468 -0.10489
    outer loop
      vertex -6.02734 -4.02734 2.60179
      vertex -5.88196 -4.05836 2.30002
      vertex -6.28868 -4.28868 0.1378
    endloop
  endfacet
  facet normal -0.1049 -0.1049 -0.988935
    outer loop
      vertex -4.28868 -6.28868 0.1378
      vertex -4.76797 -5.76348 0.13293
      vertex -4.28966 -6.11352 0.119324
    endloop
  endfacet
  facet normal -0.1049 -0.1049 -0.988935
    outer loop
      vertex -4.28868 -6.28868 0.1378
      vertex -5.45037 -5.12178 0.137247
      vertex -4.76797 -5.76348 0.13293
    endloop
  endfacet
  facet normal -0.0993829 -0.0994083 -0.990071
    outer loop
      vertex -4.28868 -6.28868 0.1378
      vertex -5.45226 -5.12001 0.137259
      vertex -5.45037 -5.12178 0.137247
    endloop
  endfacet
  facet normal -0.104897 -0.1049 -0.988935
    outer loop
      vertex -6.05254 -4.39743 0.124288
      vertex -6.28868 -4.28868 0.1378
      vertex -6.1217 -4.28961 0.120187
    endloop
  endfacet
  facet normal -0.104893 -0.104892 -0.988936
    outer loop
      vertex -5.45226 -5.12001 0.137259
      vertex -6.28868 -4.28868 0.1378
      vertex -6.05254 -4.39743 0.124288
    endloop
  endfacet
  facet normal -0.105106 -0.105106 -0.988891
    outer loop
      vertex -6.28868 -4.28868 0.1378
      vertex -5.45226 -5.12001 0.137259
      vertex -4.28868 -6.28868 0.1378
    endloop
  endfacet
  facet normal -0.104893 -0.104893 -0.988936
    outer loop
      vertex -6.27762 -6.27762 0.347586
      vertex -6.28868 -4.28868 0.1378
      vertex -4.28868 -6.28868 0.1378
    endloop
  endfacet
  facet normal -0.994468 0.00553343 0.10489
    outer loop
      vertex -6.27762 -6.27762 0.347586
      vertex -6.02734 -4.02734 2.60179
      vertex -6.28868 -4.28868 0.1378
    endloop
  endfacet
  facet normal -0.994468 0.0055305 0.104893
    outer loop
      vertex -6.27762 -6.27762 0.347586
      vertex -4.37999 -2.92661 18.162
      vertex -6.02734 -4.02734 2.6018
    endloop
  endfacet
  facet normal -0.993872 0.11054 0
    outer loop
      vertex -6.02734 -4.02734 2.60179
      vertex -6.27762 -6.27762 0.347586
      vertex -6.02734 -4.02734 2.6018
    endloop
  endfacet
  facet normal 0 -0.982764 0.184864
    outer loop
      vertex -4.37999 -2.92661 18.162
      vertex -6.27762 -6.27762 0.347586
      vertex -4.37998 -2.92661 18.162
    endloop
  endfacet
  facet normal -0.00552521 0.994468 -0.104892
    outer loop
      vertex -6.1217 -4.28961 0.120187
      vertex -6.28868 -4.28868 0.1378
      vertex -5.88196 -4.05836 2.30002
    endloop
  endfacet
  facet normal 0.994468 -0.00550075 -0.104898
    outer loop
      vertex -4.28868 -6.28868 0.1378
      vertex -4.28966 -6.11352 0.119324
      vertex -4.05317 -5.8728 2.34871
    endloop
  endfacet
  facet normal 0.0567478 0.137002 0.988944
    outer loop
      vertex -2.44682 -3.66192 24.9445
      vertex -0.859207 -4.31953 24.9445
      vertex -0.750032 -3.77067 24.8622
    endloop
  endfacet
  facet normal 0.0567478 0.137001 0.988944
    outer loop
      vertex -2.44682 -3.66192 24.9445
      vertex -0.750032 -3.77067 24.8622
      vertex -2.13591 -3.19662 24.8622
    endloop
  endfacet
  facet normal 0.0567867 0.137095 0.988929
    outer loop
      vertex -0.859207 -4.31953 24.9445
      vertex -2.44682 -3.66192 24.9445
      vertex -1.97818 -4.77575 25.072
    endloop
  endfacet
  facet normal 0.923881 -0.38268 0
    outer loop
      vertex -1.55565 -7.4512 0.1378
      vertex -1.41421 -7.10973 2.6018
      vertex -1.41421 -7.10973 2.60181
    endloop
  endfacet
  facet normal 0.920895 0.375434 -0.104891
    outer loop
      vertex -1.41421 -7.10973 2.6018
      vertex -1.55565 -7.4512 0.1378
      vertex -1.62222 -7.29297 0.119695
    endloop
  endfacet
  facet normal 0.920911 0.375398 -0.104882
    outer loop
      vertex -1.41421 -7.10973 2.6018
      vertex -1.3584 -6.6433 4.7613
      vertex -1.28594 -6.46486 6.03621
    endloop
  endfacet
  facet normal 0.920892 0.375442 -0.104891
    outer loop
      vertex -1.3584 -6.6433 4.7613
      vertex -1.41421 -7.10973 2.6018
      vertex -1.62222 -7.29297 0.119695
    endloop
  endfacet
  facet normal 0.385683 -0.91665 0.104892
    outer loop
      vertex -1.97818 -4.77575 25.072
      vertex -1.02769 -5.16654 18.162
      vertex -0.859209 -4.31953 24.9445
    endloop
  endfacet
  facet normal 0.385685 -0.916648 0.104892
    outer loop
      vertex -1.97818 -4.77575 25.072
      vertex -1.41421 -7.10973 2.60181
      vertex -1.02769 -5.16654 18.162
    endloop
  endfacet
  facet normal 0.385687 -0.916648 0.104892
    outer loop
      vertex -1.41421 -7.10973 2.60181
      vertex -1.97818 -4.77575 25.072
      vertex -1.55565 -7.4512 0.1378
    endloop
  endfacet
  facet normal 0 -0.269157 -0.963096
    outer loop
      vertex -1.97818 -4.77575 25.072
      vertex -0.859209 -4.31953 24.9445
      vertex -0.859207 -4.31953 24.9445
    endloop
  endfacet
  facet normal 0.0568848 0.137238 0.988903
    outer loop
      vertex -1.16019 -3.58769 24.8604
      vertex -0.750032 -3.77067 24.8622
      vertex -0.735598 -3.69811 24.8513
    endloop
  endfacet
  facet normal 0.0531031 0.128774 0.990251
    outer loop
      vertex -1.16528 -3.58636 24.8605
      vertex -0.750032 -3.77067 24.8622
      vertex -1.16019 -3.58769 24.8604
    endloop
  endfacet
  facet normal 0.0327293 0.0829256 0.996018
    outer loop
      vertex -1.17017 -3.58443 24.8605
      vertex -0.750032 -3.77067 24.8622
      vertex -1.16528 -3.58636 24.8605
    endloop
  endfacet
  facet normal 0.0573601 0.138423 0.988711
    outer loop
      vertex -1.60551 -3.41189 24.8616
      vertex -0.750032 -3.77067 24.8622
      vertex -1.17017 -3.58443 24.8605
    endloop
  endfacet
  facet normal 0.0595378 0.109341 0.99222
    outer loop
      vertex -2.13591 -3.19662 24.8622
      vertex -2.01626 -3.18736 24.854
      vertex -2.02109 -3.18473 24.854
    endloop
  endfacet
  facet normal 0.0555192 0.134035 0.98942
    outer loop
      vertex -1.60551 -3.41189 24.8616
      vertex -2.13591 -3.19662 24.8622
      vertex -0.750032 -3.77067 24.8622
    endloop
  endfacet
  facet normal 0.0570921 0.137912 0.988798
    outer loop
      vertex -2.01626 -3.18736 24.854
      vertex -2.13591 -3.19662 24.8622
      vertex -1.60551 -3.41189 24.8616
    endloop
  endfacet
  facet normal 0.056384 0.137505 0.988895
    outer loop
      vertex -2.13591 -3.19662 24.8622
      vertex -2.02109 -3.18473 24.854
      vertex -2.09329 -3.13283 24.8509
    endloop
  endfacet
  facet normal 0.385677 -0.916652 0.104893
    outer loop
      vertex -1.97818 -4.77575 25.072
      vertex -3.39742 -8.20211 0.347586
      vertex -1.55565 -7.4512 0.1378
    endloop
  endfacet
  facet normal -0.990712 0 0.13598
    outer loop
      vertex -1.97818 -4.77575 25.072
      vertex -2.92661 -4.37998 18.162
      vertex -2.92661 -4.37999 18.162
    endloop
  endfacet
  facet normal -0.920887 -0.375453 0.104892
    outer loop
      vertex -2.92661 -4.37998 18.162
      vertex -1.97818 -4.77575 25.072
      vertex -2.44682 -3.66192 24.9445
    endloop
  endfacet
  facet normal -0.920886 -0.375455 0.104892
    outer loop
      vertex -1.97818 -4.77575 25.072
      vertex -2.92661 -4.37999 18.162
      vertex -3.39742 -8.20211 0.347586
    endloop
  endfacet
  facet normal -0.385684 0.916649 -0.104892
    outer loop
      vertex -3.64958 -5.46198 6.15346
      vertex -3.89157 -6.01371 2.22168
      vertex -4.02734 -6.02734 2.60179
    endloop
  endfacet
  facet normal -0.923877 0.38269 0
    outer loop
      vertex -4.02734 -6.02734 2.60179
      vertex -4.16878 -6.3688 0.1378
      vertex -4.02734 -6.02734 2.6018
    endloop
  endfacet
  facet normal -0.38568 0.916651 -0.10489
    outer loop
      vertex -4.16878 -6.3688 0.1378
      vertex -4.02734 -6.02734 2.60179
      vertex -3.89157 -6.01371 2.22168
    endloop
  endfacet
  facet normal -0.385653 0.916662 -0.104896
    outer loop
      vertex -4.02087 -6.3085 0.120953
      vertex -4.16878 -6.3688 0.1378
      vertex -3.89157 -6.01371 2.22168
    endloop
  endfacet
  facet normal -0.0567631 -0.137038 -0.988938
    outer loop
      vertex -1.55565 -7.4512 0.1378
      vertex -2.3114 -7.11375 0.134418
      vertex -1.62222 -7.29297 0.119695
    endloop
  endfacet
  facet normal -0.0567655 -0.137043 -0.988937
    outer loop
      vertex -1.55565 -7.4512 0.1378
      vertex -3.18223 -6.76861 0.136576
      vertex -2.3114 -7.11375 0.134418
    endloop
  endfacet
  facet normal -0.0602836 -0.145424 -0.987531
    outer loop
      vertex -1.55565 -7.4512 0.1378
      vertex -3.18462 -6.76766 0.136582
      vertex -3.18223 -6.76861 0.136576
    endloop
  endfacet
  facet normal -0.0571073 -0.137889 -0.9888
    outer loop
      vertex -4.16878 -6.3688 0.1378
      vertex -3.18688 -6.76643 0.136541
      vertex -3.18462 -6.76766 0.136582
    endloop
  endfacet
  facet normal -0.0568539 -0.136797 -0.988966
    outer loop
      vertex -4.16878 -6.3688 0.1378
      vertex -4.01079 -6.31574 0.121378
      vertex -4.00894 -6.31708 0.121457
    endloop
  endfacet
  facet normal -0.0567576 -0.137074 -0.988933
    outer loop
      vertex -4.01079 -6.31574 0.121378
      vertex -4.16878 -6.3688 0.1378
      vertex -4.02087 -6.3085 0.120953
    endloop
  endfacet
  facet normal -0.0567684 -0.137052 -0.988936
    outer loop
      vertex -3.18688 -6.76643 0.136541
      vertex -4.16878 -6.3688 0.1378
      vertex -4.00894 -6.31708 0.121457
    endloop
  endfacet
  facet normal -0.0567318 -0.136962 -0.98895
    outer loop
      vertex -4.16878 -6.3688 0.1378
      vertex -3.18462 -6.76766 0.136582
      vertex -1.55565 -7.4512 0.1378
    endloop
  endfacet
  facet normal -0.0567679 -0.137049 -0.988936
    outer loop
      vertex -3.39742 -8.20211 0.347586
      vertex -4.16878 -6.3688 0.1378
      vertex -1.55565 -7.4512 0.1378
    endloop
  endfacet
  facet normal -0.920885 -0.375457 0.104892
    outer loop
      vertex -3.39742 -8.20211 0.347586
      vertex -4.02734 -6.02734 2.6018
      vertex -4.16878 -6.3688 0.1378
    endloop
  endfacet
  facet normal -0.920885 -0.375458 0.104893
    outer loop
      vertex -4.02734 -6.02734 2.6018
      vertex -3.39742 -8.20211 0.347586
      vertex -2.92661 -4.37999 18.162
    endloop
  endfacet
  facet normal -0 0.14839 0.988929
    outer loop
      vertex 0.859207 -4.31953 24.9445
      vertex 0 -5.16924 25.072
      vertex 0.859209 -4.31953 24.9445
    endloop
  endfacet
  facet normal -0 0.148289 0.988944
    outer loop
      vertex -0.859207 -4.31953 24.9445
      vertex 0.859207 -4.31953 24.9445
      vertex 0.750032 -3.77067 24.8622
    endloop
  endfacet
  facet normal 0 0.148289 0.988944
    outer loop
      vertex -0.859207 -4.31953 24.9445
      vertex 0.750032 -3.77067 24.8622
      vertex -0.750032 -3.77067 24.8622
    endloop
  endfacet
  facet normal 0 0.14839 0.988929
    outer loop
      vertex 0.859207 -4.31953 24.9445
      vertex -0.859207 -4.31953 24.9445
      vertex 0 -5.16924 25.072
    endloop
  endfacet
  facet normal 0 0.14839 0.988929
    outer loop
      vertex 0 -5.16924 25.072
      vertex -0.859207 -4.31953 24.9445
      vertex -0.859209 -4.31953 24.9445
    endloop
  endfacet
  facet normal 0.707122 0.699268 -0.10489
    outer loop
      vertex 1.41421 -7.10973 2.6018
      vertex 1.29331 -6.77978 3.98642
      vertex 1.28594 -6.46486 6.03621
    endloop
  endfacet
  facet normal 0.707111 0.699279 -0.104893
    outer loop
      vertex 1.41421 -7.10973 2.6018
      vertex 1.29471 -7.04776 2.20935
      vertex 1.29331 -6.77978 3.98642
    endloop
  endfacet
  facet normal 0.707109 0.699282 -0.104892
    outer loop
      vertex 1.29471 -7.04776 2.20935
      vertex 1.41421 -7.10973 2.6018
      vertex 1.41421 -7.47933 0.1378
    endloop
  endfacet
  facet normal 0.780939 -0.624607 0
    outer loop
      vertex 0 -8.8779 0.347586
      vertex 1.41421 -7.10973 2.6018
      vertex 1.41421 -7.10973 2.60181
    endloop
  endfacet
  facet normal 0.707108 -0.699283 0.104893
    outer loop
      vertex 0 -8.8779 0.347586
      vertex 1.41421 -7.10973 2.60181
      vertex 1.02769 -5.16654 18.162
    endloop
  endfacet
  facet normal 0.707108 -0.699282 0.104892
    outer loop
      vertex 1.41421 -7.10973 2.6018
      vertex 0 -8.8779 0.347586
      vertex 1.41421 -7.47933 0.1378
    endloop
  endfacet
  facet normal 0.000553639 0.148661 0.988888
    outer loop
      vertex 0.706828 -3.70532 24.8524
      vertex 0.750032 -3.77067 24.8622
      vertex 0.735598 -3.69811 24.8513
    endloop
  endfacet
  facet normal -1.61019e-05 0.148293 0.988943
    outer loop
      vertex 0.236772 -3.76339 24.8611
      vertex 0.750032 -3.77067 24.8622
      vertex 0.706828 -3.70532 24.8524
    endloop
  endfacet
  facet normal -0 0.149403 0.988776
    outer loop
      vertex -0.236772 -3.76339 24.8611
      vertex 0.750032 -3.77067 24.8622
      vertex 0.236772 -3.76339 24.8611
    endloop
  endfacet
  facet normal 0 0.149403 0.988776
    outer loop
      vertex -0.236772 -3.76339 24.8611
      vertex -0.750032 -3.77067 24.8622
      vertex 0.750032 -3.77067 24.8622
    endloop
  endfacet
  facet normal 1.61019e-05 0.148293 0.988943
    outer loop
      vertex -0.706828 -3.70532 24.8524
      vertex -0.750032 -3.77067 24.8622
      vertex -0.236772 -3.76339 24.8611
    endloop
  endfacet
  facet normal -0.000553639 0.148661 0.988888
    outer loop
      vertex -0.750032 -3.77067 24.8622
      vertex -0.706828 -3.70532 24.8524
      vertex -0.735598 -3.69811 24.8513
    endloop
  endfacet
  facet normal 0.707112 -0.699278 0.104892
    outer loop
      vertex 0 -5.16924 25.072
      vertex 1.02769 -5.16654 18.162
      vertex 0.859209 -4.31953 24.9445
    endloop
  endfacet
  facet normal 0.707111 -0.699279 0.104892
    outer loop
      vertex 1.02769 -5.16654 18.162
      vertex 0 -5.16924 25.072
      vertex 0 -8.8779 0.347586
    endloop
  endfacet
  facet normal -0.707112 -0.699278 0.104892
    outer loop
      vertex -1.02769 -5.16654 18.162
      vertex 0 -5.16924 25.072
      vertex -0.859209 -4.31953 24.9445
    endloop
  endfacet
  facet normal -0.707111 -0.699279 0.104892
    outer loop
      vertex 0 -5.16924 25.072
      vertex -1.02769 -5.16654 18.162
      vertex 0 -8.8779 0.347586
    endloop
  endfacet
  facet normal -0.707122 0.699268 -0.10489
    outer loop
      vertex -1.29331 -6.77978 3.98642
      vertex -1.41421 -7.10973 2.6018
      vertex -1.28594 -6.46486 6.03621
    endloop
  endfacet
  facet normal -0.707111 0.699279 -0.104893
    outer loop
      vertex -1.29471 -7.04776 2.20935
      vertex -1.41421 -7.10973 2.6018
      vertex -1.29331 -6.77978 3.98642
    endloop
  endfacet
  facet normal -0.707109 0.699282 -0.104892
    outer loop
      vertex -1.41421 -7.10973 2.6018
      vertex -1.29471 -7.04776 2.20935
      vertex -1.41421 -7.47933 0.1378
    endloop
  endfacet
  facet normal -1.06342e-06 -0.148342 -0.988936
    outer loop
      vertex 1.41421 -7.47933 0.1378
      vertex 0.469651 -7.46489 0.135635
      vertex 1.29635 -7.36277 0.120316
    endloop
  endfacet
  facet normal 0 -0.148273 -0.988946
    outer loop
      vertex 1.41421 -7.47933 0.1378
      vertex -0.469651 -7.46489 0.135635
      vertex 0.469651 -7.46489 0.135635
    endloop
  endfacet
  facet normal 1.06342e-06 -0.148342 -0.988936
    outer loop
      vertex -0.469651 -7.46489 0.135635
      vertex -1.41421 -7.47933 0.1378
      vertex -1.29635 -7.36277 0.120316
    endloop
  endfacet
  facet normal 0 -0.148273 -0.988946
    outer loop
      vertex -1.41421 -7.47933 0.1378
      vertex -0.469651 -7.46489 0.135635
      vertex 1.41421 -7.47933 0.1378
    endloop
  endfacet
  facet normal 0 -0.148341 -0.988936
    outer loop
      vertex 0 -8.8779 0.347586
      vertex -1.41421 -7.47933 0.1378
      vertex 1.41421 -7.47933 0.1378
    endloop
  endfacet
  facet normal -0.707108 -0.699282 0.104892
    outer loop
      vertex 0 -8.8779 0.347586
      vertex -1.41421 -7.10973 2.6018
      vertex -1.41421 -7.47933 0.1378
    endloop
  endfacet
  facet normal -0.780939 -0.624607 0
    outer loop
      vertex -1.41421 -7.10973 2.6018
      vertex 0 -8.8779 0.347586
      vertex -1.41421 -7.10973 2.60181
    endloop
  endfacet
  facet normal -0.707108 -0.699283 0.104893
    outer loop
      vertex -1.41421 -7.10973 2.60181
      vertex 0 -8.8779 0.347586
      vertex -1.02769 -5.16654 18.162
    endloop
  endfacet
  facet normal -0.707119 0.699272 -0.10489
    outer loop
      vertex -1.29635 -7.36277 0.120316
      vertex -1.41421 -7.47933 0.1378
      vertex -1.29471 -7.04776 2.20935
    endloop
  endfacet
  facet normal 0.707119 0.699272 -0.10489
    outer loop
      vertex 1.29635 -7.36277 0.120316
      vertex 1.29471 -7.04776 2.20935
      vertex 1.41421 -7.47933 0.1378
    endloop
  endfacet
  facet normal -0.0567477 0.137001 0.988944
    outer loop
      vertex 0.859207 -4.31953 24.9445
      vertex 2.44682 -3.66192 24.9445
      vertex 2.13591 -3.19662 24.8622
    endloop
  endfacet
  facet normal -0.0567867 0.137095 0.988929
    outer loop
      vertex 2.44682 -3.66192 24.9445
      vertex 0.859207 -4.31953 24.9445
      vertex 1.97818 -4.77575 25.072
    endloop
  endfacet
  facet normal -0.0567479 0.137001 0.988944
    outer loop
      vertex 0.859207 -4.31953 24.9445
      vertex 2.13591 -3.19662 24.8622
      vertex 0.750032 -3.77067 24.8622
    endloop
  endfacet
  facet normal -0 -0.269157 -0.963096
    outer loop
      vertex 0.859209 -4.31953 24.9445
      vertex 1.97818 -4.77575 25.072
      vertex 0.859207 -4.31953 24.9445
    endloop
  endfacet
  facet normal -0.385683 -0.91665 0.104892
    outer loop
      vertex 1.02769 -5.16654 18.162
      vertex 1.97818 -4.77575 25.072
      vertex 0.859209 -4.31953 24.9445
    endloop
  endfacet
  facet normal -0.385685 -0.916648 0.104892
    outer loop
      vertex 1.41421 -7.10973 2.60181
      vertex 1.97818 -4.77575 25.072
      vertex 1.02769 -5.16654 18.162
    endloop
  endfacet
  facet normal -0.385687 -0.916648 0.104892
    outer loop
      vertex 1.97818 -4.77575 25.072
      vertex 1.41421 -7.10973 2.60181
      vertex 1.55565 -7.4512 0.1378
    endloop
  endfacet
  facet normal -0.385677 -0.916652 0.104893
    outer loop
      vertex 1.97818 -4.77575 25.072
      vertex 1.55565 -7.4512 0.1378
      vertex 3.39742 -8.20211 0.347586
    endloop
  endfacet
  facet normal -0.056384 0.137505 0.988895
    outer loop
      vertex 2.02109 -3.18473 24.854
      vertex 2.13591 -3.19662 24.8622
      vertex 2.09329 -3.13283 24.8509
    endloop
  endfacet
  facet normal -0.0595378 0.109341 0.99222
    outer loop
      vertex 2.01626 -3.18736 24.854
      vertex 2.13591 -3.19662 24.8622
      vertex 2.02109 -3.18473 24.854
    endloop
  endfacet
  facet normal -0.0570921 0.137912 0.988798
    outer loop
      vertex 1.60551 -3.41189 24.8616
      vertex 2.13591 -3.19662 24.8622
      vertex 2.01626 -3.18736 24.854
    endloop
  endfacet
  facet normal -0.0327293 0.0829256 0.996018
    outer loop
      vertex 0.750032 -3.77067 24.8622
      vertex 1.17017 -3.58443 24.8605
      vertex 1.16528 -3.58636 24.8605
    endloop
  endfacet
  facet normal -0.0555192 0.134035 0.98942
    outer loop
      vertex 1.60551 -3.41189 24.8616
      vertex 0.750032 -3.77067 24.8622
      vertex 2.13591 -3.19662 24.8622
    endloop
  endfacet
  facet normal -0.0573601 0.138423 0.988711
    outer loop
      vertex 1.17017 -3.58443 24.8605
      vertex 0.750032 -3.77067 24.8622
      vertex 1.60551 -3.41189 24.8616
    endloop
  endfacet
  facet normal -0.0531031 0.128774 0.990251
    outer loop
      vertex 1.16019 -3.58769 24.8604
      vertex 0.750032 -3.77067 24.8622
      vertex 1.16528 -3.58636 24.8605
    endloop
  endfacet
  facet normal -0.0568848 0.137238 0.988903
    outer loop
      vertex 0.750032 -3.77067 24.8622
      vertex 1.16019 -3.58769 24.8604
      vertex 0.735598 -3.69811 24.8513
    endloop
  endfacet
  facet normal 0.920885 -0.375458 0.104893
    outer loop
      vertex 3.39742 -8.20211 0.347586
      vertex 4.02734 -6.02734 2.6018
      vertex 2.92661 -4.37999 18.162
    endloop
  endfacet
  facet normal 0.920885 -0.375457 0.104892
    outer loop
      vertex 4.02734 -6.02734 2.6018
      vertex 3.39742 -8.20211 0.347586
      vertex 4.16878 -6.3688 0.1378
    endloop
  endfacet
  facet normal 0.920887 -0.375453 0.104892
    outer loop
      vertex 1.97818 -4.77575 25.072
      vertex 2.92661 -4.37998 18.162
      vertex 2.44682 -3.66192 24.9445
    endloop
  endfacet
  facet normal 0.990712 0 0.13598
    outer loop
      vertex 2.92661 -4.37998 18.162
      vertex 1.97818 -4.77575 25.072
      vertex 2.92661 -4.37999 18.162
    endloop
  endfacet
  facet normal 0.920886 -0.375455 0.104892
    outer loop
      vertex 2.92661 -4.37999 18.162
      vertex 1.97818 -4.77575 25.072
      vertex 3.39742 -8.20211 0.347586
    endloop
  endfacet
  facet normal 0.0567679 -0.137049 -0.988936
    outer loop
      vertex 3.39742 -8.20211 0.347586
      vertex 1.55565 -7.4512 0.1378
      vertex 4.16878 -6.3688 0.1378
    endloop
  endfacet
  facet normal -0.920911 0.375398 -0.104882
    outer loop
      vertex 1.3584 -6.6433 4.7613
      vertex 1.41421 -7.10973 2.6018
      vertex 1.28594 -6.46486 6.03621
    endloop
  endfacet
  facet normal -0.920892 0.375442 -0.104891
    outer loop
      vertex 1.62222 -7.29297 0.119695
      vertex 1.41421 -7.10973 2.6018
      vertex 1.3584 -6.6433 4.7613
    endloop
  endfacet
  facet normal -0.920895 0.375434 -0.104891
    outer loop
      vertex 1.55565 -7.4512 0.1378
      vertex 1.41421 -7.10973 2.6018
      vertex 1.62222 -7.29297 0.119695
    endloop
  endfacet
  facet normal -0.923881 -0.38268 0
    outer loop
      vertex 1.41421 -7.10973 2.6018
      vertex 1.55565 -7.4512 0.1378
      vertex 1.41421 -7.10973 2.60181
    endloop
  endfacet
  facet normal 0.0567576 -0.137074 -0.988933
    outer loop
      vertex 4.16878 -6.3688 0.1378
      vertex 4.01079 -6.31574 0.121378
      vertex 4.02087 -6.3085 0.120953
    endloop
  endfacet
  facet normal 0.0568539 -0.136797 -0.988966
    outer loop
      vertex 4.16878 -6.3688 0.1378
      vertex 4.00894 -6.31708 0.121457
      vertex 4.01079 -6.31574 0.121378
    endloop
  endfacet
  facet normal 0.0567684 -0.137052 -0.988936
    outer loop
      vertex 4.16878 -6.3688 0.1378
      vertex 3.18688 -6.76643 0.136541
      vertex 4.00894 -6.31708 0.121457
    endloop
  endfacet
  facet normal 0.0571073 -0.137889 -0.9888
    outer loop
      vertex 4.16878 -6.3688 0.1378
      vertex 3.18462 -6.76766 0.136582
      vertex 3.18688 -6.76643 0.136541
    endloop
  endfacet
  facet normal 0.0567631 -0.137038 -0.988938
    outer loop
      vertex 2.3114 -7.11375 0.134418
      vertex 1.55565 -7.4512 0.1378
      vertex 1.62222 -7.29297 0.119695
    endloop
  endfacet
  facet normal 0.0567655 -0.137043 -0.988937
    outer loop
      vertex 3.18223 -6.76861 0.136576
      vertex 1.55565 -7.4512 0.1378
      vertex 2.3114 -7.11375 0.134418
    endloop
  endfacet
  facet normal 0.0602836 -0.145424 -0.987531
    outer loop
      vertex 3.18462 -6.76766 0.136582
      vertex 1.55565 -7.4512 0.1378
      vertex 3.18223 -6.76861 0.136576
    endloop
  endfacet
  facet normal 0.0567318 -0.136962 -0.98895
    outer loop
      vertex 1.55565 -7.4512 0.1378
      vertex 3.18462 -6.76766 0.136582
      vertex 4.16878 -6.3688 0.1378
    endloop
  endfacet
  facet normal 0.385653 0.916662 -0.104896
    outer loop
      vertex 4.02087 -6.3085 0.120953
      vertex 3.89157 -6.01371 2.22168
      vertex 4.16878 -6.3688 0.1378
    endloop
  endfacet
  facet normal 0.38568 0.916651 -0.10489
    outer loop
      vertex 4.02734 -6.02734 2.60179
      vertex 4.16878 -6.3688 0.1378
      vertex 3.89157 -6.01371 2.22168
    endloop
  endfacet
  facet normal 0.923877 0.38269 0
    outer loop
      vertex 4.16878 -6.3688 0.1378
      vertex 4.02734 -6.02734 2.60179
      vertex 4.02734 -6.02734 2.6018
    endloop
  endfacet
  facet normal 0.385684 0.916649 -0.104892
    outer loop
      vertex 3.64958 -5.46198 6.15346
      vertex 4.02734 -6.02734 2.60179
      vertex 3.89157 -6.01371 2.22168
    endloop
  endfacet
  facet normal -0.104856 0.104856 0.988944
    outer loop
      vertex 3.19662 -2.13591 24.8622
      vertex 2.13591 -3.19662 24.8622
      vertex 2.44682 -3.66192 24.9445
    endloop
  endfacet
  facet normal -0.104856 0.104856 0.988944
    outer loop
      vertex 2.44682 -3.66192 24.9445
      vertex 3.66192 -2.44682 24.9445
      vertex 3.19662 -2.13591 24.8622
    endloop
  endfacet
  facet normal -0.104929 0.104929 0.988929
    outer loop
      vertex 3.66192 -2.44682 24.9445
      vertex 2.44682 -3.66192 24.9445
      vertex 3.6552 -3.6552 25.072
    endloop
  endfacet
  facet normal 0.00553621 0.994468 -0.104892
    outer loop
      vertex 6.02734 -4.02734 2.60179
      vertex 5.88196 -4.05836 2.30002
      vertex 5.4496 -3.64131 6.2312
    endloop
  endfacet
  facet normal 0.00553252 0.994468 -0.10489
    outer loop
      vertex 5.88196 -4.05836 2.30002
      vertex 6.02734 -4.02734 2.60179
      vertex 6.28868 -4.28868 0.1378
    endloop
  endfacet
  facet normal 0 -0.982764 0.184864
    outer loop
      vertex 6.27762 -6.27762 0.347586
      vertex 4.37999 -2.92661 18.162
      vertex 4.37998 -2.92661 18.162
    endloop
  endfacet
  facet normal 0.994468 0.0055305 0.104893
    outer loop
      vertex 4.37999 -2.92661 18.162
      vertex 6.27762 -6.27762 0.347586
      vertex 6.02734 -4.02734 2.6018
    endloop
  endfacet
  facet normal 0.994468 0.00553339 0.10489
    outer loop
      vertex 6.02734 -4.02734 2.6018
      vertex 6.27762 -6.27762 0.347586
      vertex 6.28868 -4.28868 0.1378
    endloop
  endfacet
  facet normal 0.707107 0.707107 -0
    outer loop
      vertex 6.02734 -4.02734 2.60179
      vertex 6.02734 -4.02734 2.6018
      vertex 6.28868 -4.28868 0.1378
    endloop
  endfacet
  facet normal -0.105154 0.105524 0.988841
    outer loop
      vertex 3.05136 -2.21694 24.8554
      vertex 3.19662 -2.13591 24.8622
      vertex 3.13132 -2.09228 24.8506
    endloop
  endfacet
  facet normal -0.104626 0.104564 0.988999
    outer loop
      vertex 2.74873 -2.58123 24.8619
      vertex 3.19662 -2.13591 24.8622
      vertex 3.05136 -2.21694 24.8554
    endloop
  endfacet
  facet normal -0.115173 0.115173 0.986646
    outer loop
      vertex 2.74873 -2.58123 24.8619
      vertex 2.13591 -3.19662 24.8622
      vertex 3.19662 -2.13591 24.8622
    endloop
  endfacet
  facet normal -0.102968 0.103021 0.989335
    outer loop
      vertex 2.4076 -2.90202 24.8598
      vertex 2.13591 -3.19662 24.8622
      vertex 2.74873 -2.58123 24.8619
    endloop
  endfacet
  facet normal -0.235023 0.22445 0.94572
    outer loop
      vertex 2.40375 -2.90563 24.8597
      vertex 2.13591 -3.19662 24.8622
      vertex 2.4076 -2.90202 24.8598
    endloop
  endfacet
  facet normal -0.0905897 0.0919023 0.991639
    outer loop
      vertex 2.39948 -2.90876 24.8596
      vertex 2.13591 -3.19662 24.8622
      vertex 2.40375 -2.90563 24.8597
    endloop
  endfacet
  facet normal -0.104971 0.105045 0.988912
    outer loop
      vertex 2.13591 -3.19662 24.8622
      vertex 2.39948 -2.90876 24.8596
      vertex 2.09329 -3.13283 24.8509
    endloop
  endfacet
  facet normal 0.994468 0.0055371 0.104892
    outer loop
      vertex 3.6552 -3.6552 25.072
      vertex 4.37998 -2.92661 18.162
      vertex 3.66192 -2.44682 24.9445
    endloop
  endfacet
  facet normal 0.994468 0.00553616 0.104892
    outer loop
      vertex 4.37998 -2.92661 18.162
      vertex 3.6552 -3.6552 25.072
      vertex 6.27762 -6.27762 0.347586
    endloop
  endfacet
  facet normal -0.0055371 -0.994468 0.104892
    outer loop
      vertex 2.92661 -4.37998 18.162
      vertex 3.6552 -3.6552 25.072
      vertex 2.44682 -3.66192 24.9445
    endloop
  endfacet
  facet normal -0.00553616 -0.994468 0.104892
    outer loop
      vertex 3.6552 -3.6552 25.072
      vertex 2.92661 -4.37998 18.162
      vertex 6.27762 -6.27762 0.347586
    endloop
  endfacet
  facet normal -0.994468 -0.00555308 -0.104889
    outer loop
      vertex 4.05317 -5.8728 2.34871
      vertex 4.02734 -6.02734 2.60179
      vertex 3.64958 -5.46198 6.15346
    endloop
  endfacet
  facet normal -0.994469 -0.00555186 -0.104888
    outer loop
      vertex 4.02734 -6.02734 2.60179
      vertex 4.05317 -5.8728 2.34871
      vertex 4.28868 -6.28868 0.1378
    endloop
  endfacet
  facet normal 0.104897 -0.1049 -0.988935
    outer loop
      vertex 6.28868 -4.28868 0.1378
      vertex 6.05254 -4.39743 0.124288
      vertex 6.1217 -4.28961 0.120187
    endloop
  endfacet
  facet normal 0.104893 -0.104892 -0.988936
    outer loop
      vertex 6.28868 -4.28868 0.1378
      vertex 5.45226 -5.12001 0.137259
      vertex 6.05254 -4.39743 0.124288
    endloop
  endfacet
  facet normal 0.0993829 -0.0994083 -0.990071
    outer loop
      vertex 4.28868 -6.28868 0.1378
      vertex 5.45037 -5.12178 0.137247
      vertex 5.45226 -5.12001 0.137259
    endloop
  endfacet
  facet normal 0.1049 -0.1049 -0.988935
    outer loop
      vertex 4.76797 -5.76348 0.13293
      vertex 4.28868 -6.28868 0.1378
      vertex 4.28966 -6.11352 0.119324
    endloop
  endfacet
  facet normal 0.1049 -0.1049 -0.988935
    outer loop
      vertex 5.45037 -5.12178 0.137247
      vertex 4.28868 -6.28868 0.1378
      vertex 4.76797 -5.76348 0.13293
    endloop
  endfacet
  facet normal 0.105106 -0.105106 -0.988891
    outer loop
      vertex 4.28868 -6.28868 0.1378
      vertex 5.45226 -5.12001 0.137259
      vertex 6.28868 -4.28868 0.1378
    endloop
  endfacet
  facet normal 0.104893 -0.104893 -0.988936
    outer loop
      vertex 6.27762 -6.27762 0.347586
      vertex 4.28868 -6.28868 0.1378
      vertex 6.28868 -4.28868 0.1378
    endloop
  endfacet
  facet normal -0.0055305 -0.994468 0.104893
    outer loop
      vertex 6.27762 -6.27762 0.347586
      vertex 2.92661 -4.37999 18.162
      vertex 4.02734 -6.02734 2.6018
    endloop
  endfacet
  facet normal 0.982764 -0 0.184864
    outer loop
      vertex 2.92661 -4.37999 18.162
      vertex 6.27762 -6.27762 0.347586
      vertex 2.92661 -4.37998 18.162
    endloop
  endfacet
  facet normal -0.11054 -0.993872 0
    outer loop
      vertex 4.02734 -6.02734 2.60179
      vertex 6.27762 -6.27762 0.347586
      vertex 4.02734 -6.02734 2.6018
    endloop
  endfacet
  facet normal -0.00553343 -0.994468 0.10489
    outer loop
      vertex 6.27762 -6.27762 0.347586
      vertex 4.02734 -6.02734 2.60179
      vertex 4.28868 -6.28868 0.1378
    endloop
  endfacet
  facet normal -0.994468 -0.00550075 -0.104898
    outer loop
      vertex 4.28868 -6.28868 0.1378
      vertex 4.05317 -5.8728 2.34871
      vertex 4.28966 -6.11352 0.119324
    endloop
  endfacet
  facet normal 0.00552521 0.994468 -0.104892
    outer loop
      vertex 6.1217 -4.28961 0.120187
      vertex 5.88196 -4.05836 2.30002
      vertex 6.28868 -4.28868 0.1378
    endloop
  endfacet
  facet normal -0.137002 0.0567478 0.988944
    outer loop
      vertex 3.66192 -2.44682 24.9445
      vertex 4.31953 -0.859207 24.9445
      vertex 3.77067 -0.750032 24.8622
    endloop
  endfacet
  facet normal -0.137095 0.0567867 0.988929
    outer loop
      vertex 4.31953 -0.859207 24.9445
      vertex 3.66192 -2.44682 24.9445
      vertex 4.77575 -1.97818 25.072
    endloop
  endfacet
  facet normal -0.137001 0.0567478 0.988944
    outer loop
      vertex 3.66192 -2.44682 24.9445
      vertex 3.77067 -0.750032 24.8622
      vertex 3.19662 -2.13591 24.8622
    endloop
  endfacet
  facet normal 0.38268 0.923881 0
    outer loop
      vertex 7.10973 -1.41421 2.60181
      vertex 7.4512 -1.55565 0.1378
      vertex 7.10973 -1.41421 2.6018
    endloop
  endfacet
  facet normal -0.375468 0.92088 -0.104895
    outer loop
      vertex 7.29244 -1.62245 0.119634
      vertex 7.10973 -1.41421 2.6018
      vertex 7.4512 -1.55565 0.1378
    endloop
  endfacet
  facet normal -0.375475 0.920878 -0.104895
    outer loop
      vertex 7.10973 -1.41421 2.6018
      vertex 7.29244 -1.62245 0.119634
      vertex 6.42097 -1.27721 6.26997
    endloop
  endfacet
  facet normal 0.916648 0.385685 0.104892
    outer loop
      vertex 4.77575 -1.97818 25.072
      vertex 7.10973 -1.41421 2.60181
      vertex 5.16654 -1.02769 18.162
    endloop
  endfacet
  facet normal 0.91665 0.385683 0.104892
    outer loop
      vertex 4.77575 -1.97818 25.072
      vertex 5.16654 -1.02769 18.162
      vertex 4.31953 -0.859209 24.9445
    endloop
  endfacet
  facet normal 0.916648 0.385687 0.104892
    outer loop
      vertex 7.10973 -1.41421 2.60181
      vertex 4.77575 -1.97818 25.072
      vertex 7.4512 -1.55565 0.1378
    endloop
  endfacet
  facet normal 0.269157 0 -0.963096
    outer loop
      vertex 4.77575 -1.97818 25.072
      vertex 4.31953 -0.859209 24.9445
      vertex 4.31953 -0.859207 24.9445
    endloop
  endfacet
  facet normal -0.137162 0.056942 0.988911
    outer loop
      vertex 3.65301 -0.937933 24.8567
      vertex 3.77067 -0.750032 24.8622
      vertex 3.69275 -0.734532 24.8505
    endloop
  endfacet
  facet normal -0.0974578 0.0319098 0.994728
    outer loop
      vertex 3.65133 -0.943064 24.8567
      vertex 3.77067 -0.750032 24.8622
      vertex 3.65301 -0.937933 24.8567
    endloop
  endfacet
  facet normal -0.137851 0.0570509 0.988809
    outer loop
      vertex 3.50589 -1.38808 24.8621
      vertex 3.77067 -0.750032 24.8622
      vertex 3.65133 -0.943064 24.8567
    endloop
  endfacet
  facet normal -0.0791118 0.0370939 0.996175
    outer loop
      vertex 3.19662 -2.13591 24.8622
      vertex 3.30696 -1.81196 24.8589
      vertex 3.3047 -1.81678 24.8589
    endloop
  endfacet
  facet normal -0.198652 0.0822845 0.97661
    outer loop
      vertex 3.50589 -1.38808 24.8621
      vertex 3.19662 -2.13591 24.8622
      vertex 3.77067 -0.750032 24.8622
    endloop
  endfacet
  facet normal -0.136302 0.0565008 0.989055
    outer loop
      vertex 3.30696 -1.81196 24.8589
      vertex 3.19662 -2.13591 24.8622
      vertex 3.50589 -1.38808 24.8621
    endloop
  endfacet
  facet normal -0.137675 0.0568517 0.988845
    outer loop
      vertex 3.19662 -2.13591 24.8622
      vertex 3.3047 -1.81678 24.8589
      vertex 3.13132 -2.09228 24.8506
    endloop
  endfacet
  facet normal 0.916652 0.385677 0.104893
    outer loop
      vertex 7.4512 -1.55565 0.1378
      vertex 4.77575 -1.97818 25.072
      vertex 8.20211 -3.39742 0.347586
    endloop
  endfacet
  facet normal 0.375453 -0.920887 0.104892
    outer loop
      vertex 4.37998 -2.92661 18.162
      vertex 4.77575 -1.97818 25.072
      vertex 3.66192 -2.44682 24.9445
    endloop
  endfacet
  facet normal 0 -0.990712 0.13598
    outer loop
      vertex 4.37999 -2.92661 18.162
      vertex 4.77575 -1.97818 25.072
      vertex 4.37998 -2.92661 18.162
    endloop
  endfacet
  facet normal 0.375455 -0.920886 0.104892
    outer loop
      vertex 4.77575 -1.97818 25.072
      vertex 4.37999 -2.92661 18.162
      vertex 8.20211 -3.39742 0.347586
    endloop
  endfacet
  facet normal -0.916649 -0.385683 -0.104893
    outer loop
      vertex 5.98729 -3.87095 2.37675
      vertex 6.02734 -4.02734 2.60179
      vertex 5.4496 -3.64131 6.2312
    endloop
  endfacet
  facet normal -0.38269 -0.923877 0
    outer loop
      vertex 6.02734 -4.02734 2.60179
      vertex 6.3688 -4.16878 0.1378
      vertex 6.02734 -4.02734 2.6018
    endloop
  endfacet
  facet normal -0.916651 -0.38568 -0.104891
    outer loop
      vertex 6.3688 -4.16878 0.1378
      vertex 6.02734 -4.02734 2.60179
      vertex 5.98729 -3.87095 2.37675
    endloop
  endfacet
  facet normal -0.916663 -0.38565 -0.104896
    outer loop
      vertex 6.3688 -4.16878 0.1378
      vertex 5.98729 -3.87095 2.37675
      vertex 6.30221 -4.00544 0.119196
    endloop
  endfacet
  facet normal 0.137045 -0.0567702 -0.988937
    outer loop
      vertex 7.4512 -1.55565 0.1378
      vertex 7.24594 -1.86044 0.126852
      vertex 7.29244 -1.62245 0.119634
    endloop
  endfacet
  facet normal 0.13703 -0.0567601 -0.988939
    outer loop
      vertex 7.4512 -1.55565 0.1378
      vertex 6.95493 -2.75087 0.137635
      vertex 7.24594 -1.86044 0.126852
    endloop
  endfacet
  facet normal 0.141802 -0.0587415 -0.988151
    outer loop
      vertex 7.4512 -1.55565 0.1378
      vertex 6.95412 -2.75333 0.137665
      vertex 6.95493 -2.75087 0.137635
    endloop
  endfacet
  facet normal 0.135991 -0.0563297 -0.989107
    outer loop
      vertex 6.3688 -4.16878 0.1378
      vertex 6.95412 -2.75333 0.137665
      vertex 7.4512 -1.55565 0.1378
    endloop
  endfacet
  facet normal 0.140476 -0.0581842 -0.988373
    outer loop
      vertex 6.3688 -4.16878 0.1378
      vertex 6.95302 -2.75568 0.137647
      vertex 6.95412 -2.75333 0.137665
    endloop
  endfacet
  facet normal 0.137061 -0.0567724 -0.988934
    outer loop
      vertex 6.3688 -4.16878 0.1378
      vertex 6.55506 -3.60367 0.131173
      vertex 6.95302 -2.75568 0.137647
    endloop
  endfacet
  facet normal 0.137045 -0.0567672 -0.988937
    outer loop
      vertex 6.55506 -3.60367 0.131173
      vertex 6.3688 -4.16878 0.1378
      vertex 6.30221 -4.00544 0.119196
    endloop
  endfacet
  facet normal 0.137049 -0.0567679 -0.988936
    outer loop
      vertex 8.20211 -3.39742 0.347586
      vertex 6.3688 -4.16878 0.1378
      vertex 7.4512 -1.55565 0.1378
    endloop
  endfacet
  facet normal 0.375458 -0.920885 0.104893
    outer loop
      vertex 6.02734 -4.02734 2.6018
      vertex 8.20211 -3.39742 0.347586
      vertex 4.37999 -2.92661 18.162
    endloop
  endfacet
  facet normal 0.375457 -0.920885 0.104892
    outer loop
      vertex 8.20211 -3.39742 0.347586
      vertex 6.02734 -4.02734 2.6018
      vertex 6.3688 -4.16878 0.1378
    endloop
  endfacet
  facet normal 0.0428648 0.339335 0.939688
    outer loop
      vertex 0.447905 2.348 26.4447
      vertex 0.15009 2.38562 26.4447
      vertex 0.376514 1.97376 26.5831
    endloop
  endfacet
  facet normal -0.240387 -0.113118 0.964063
    outer loop
      vertex -1.48455 -0.587774 26.6966
      vertex -1.86825 -0.739691 26.5831
      vertex -1.76081 -0.968012 26.5831
    endloop
  endfacet
  facet normal -0.0432217 -0.0460258 0.998005
    outer loop
      vertex -0.171646 -0.161186 26.8713
      vertex -0.512231 -0.481017 26.8418
      vertex -0.447905 -0.541424 26.8418
    endloop
  endfacet
  facet normal -0.618379 -0.038901 0.784917
    outer loop
      vertex -3.03381 0 26.1021
      vertex -3.26024 -0.411863 25.9033
      vertex -3.00989 -0.380238 26.1021
    endloop
  endfacet
  facet normal 0.65957 0.310372 0.68457
    outer loop
      vertex 3.24182 1.28353 25.6902
      vertex 2.87967 1.58311 25.9033
      vertex 3.05538 1.20971 25.9033
    endloop
  endfacet
  facet normal 0.974633 -0.185905 0.124616
    outer loop
      vertex 3.69109 -0.466293 25.235
      vertex 3.60355 -0.925233 25.235
      vertex 3.72043 -0.469999 25
    endloop
  endfacet
  facet normal 0.990247 0.0623014 0.124616
    outer loop
      vertex 3.72043 0.469999 25
      vertex 3.69109 0.466293 25.235
      vertex 3.75 0 25
    endloop
  endfacet
  facet normal 0.25267 -0.0820954 0.964063
    outer loop
      vertex 1.54651 -0.397076 26.6966
      vertex 1.48455 -0.587774 26.6966
      vertex 1.86825 -0.739691 26.5831
    endloop
  endfacet
  facet normal 0.450226 0.818944 0.355848
    outer loop
      vertex 1.58408 3.36635 25.235
      vertex 1.54651 3.2865 25.4663
      vertex 1.99351 3.14126 25.235
    endloop
  endfacet
  facet normal 0.78906 0.500763 0.355838
    outer loop
      vertex 3.26024 1.79233 25.235
      vertex 2.9385 2.13494 25.4663
      vertex 3.18291 1.74982 25.4663
    endloop
  endfacet
  facet normal 0.190667 0.481568 0.855417
    outer loop
      vertex 1.29173 2.74508 26.1021
      vertex 0.9375 2.88533 26.1021
      vertex 1.16392 2.47346 26.2835
    endloop
  endfacet
  facet normal -0.288795 -0.183263 0.939687
    outer loop
      vertex -1.76081 -0.968012 26.5831
      vertex -2.09467 -1.15155 26.4447
      vertex -1.93383 -1.40501 26.4447
    endloop
  endfacet
  facet normal 0.478007 0.869476 0.124581
    outer loop
      vertex 1.59667 3.3931 25
      vertex 1.58408 3.36635 25.235
      vertex 1.99351 3.14126 25.235
    endloop
  endfacet
  facet normal -0.10515 -0.832332 0.544212
    outer loop
      vertex -0.653335 -3.4249 25.6902
      vertex -0.680603 -3.56785 25.4663
      vertex -0.228066 -3.62502 25.4663
    endloop
  endfacet
  facet normal 0.824095 0.157212 0.544198
    outer loop
      vertex 3.51807 0.903288 25.4663
      vertex 3.37712 0.867097 25.6902
      vertex 3.45917 0.436995 25.6902
    endloop
  endfacet
  facet normal 0.49313 0.678731 0.544194
    outer loop
      vertex 1.94622 3.06676 25.4663
      vertex 1.86825 2.94389 25.6902
      vertex 2.31524 2.79865 25.4663
    endloop
  endfacet
  facet normal 0.549316 0.756065 0.355832
    outer loop
      vertex 1.99351 3.14126 25.235
      vertex 1.94622 3.06676 25.4663
      vertex 2.31524 2.79865 25.4663
    endloop
  endfacet
  facet normal 0.618378 -0.0389017 0.784917
    outer loop
      vertex 3.28615 0 25.9033
      vertex 3.03381 0 26.1021
      vertex 3.26024 -0.411863 25.9033
    endloop
  endfacet
  facet normal -0.508779 0.0970598 0.855409
    outer loop
      vertex -2.64775 0.679826 26.2835
      vertex -3.00989 0.380238 26.1021
      vertex -2.71208 0.342614 26.2835
    endloop
  endfacet
  facet normal -0.0243632 -0.192861 0.980924
    outer loop
      vertex -0.0727625 -1.15653 26.7832
      vertex -0.299186 -1.56839 26.6966
      vertex -0.100255 -1.59352 26.6966
    endloop
  endfacet
  facet normal -0.194007 -0.0122057 0.980924
    outer loop
      vertex -1.15881 0 26.7832
      vertex -1.59667 0 26.6966
      vertex -1.58408 -0.200115 26.6966
    endloop
  endfacet
  facet normal -0.232406 -0.905182 0.355856
    outer loop
      vertex -1.12241 -3.45441 25.4663
      vertex -1.14968 -3.53834 25.235
      vertex -0.697139 -3.65453 25.235
    endloop
  endfacet
  facet normal -0.354563 -0.377566 0.855411
    outer loop
      vertex -1.99273 -1.8713 26.2835
      vertex -2.21155 -2.07679 26.1021
      vertex -1.93383 -2.33759 26.1021
    endloop
  endfacet
  facet normal -0.639737 -0.681262 0.355833
    outer loop
      vertex -2.31524 -2.79865 25.4663
      vertex -2.71208 -2.54681 25.235
      vertex -2.37149 -2.86664 25.235
    endloop
  endfacet
  facet normal 0.046999 -0.118705 0.991817
    outer loop
      vertex 0.299186 -0.635803 26.8418
      vertex 0.217139 -0.668288 26.8418
      vertex 0.493399 -1.04853 26.7832
    endloop
  endfacet
  facet normal -0.918002 -0.175137 0.355809
    outer loop
      vertex -3.60355 -0.455234 25.4663
      vertex -3.69109 -0.466293 25.235
      vertex -3.51807 -0.903288 25.4663
    endloop
  endfacet
  facet normal 0.265145 -0.0166813 0.964064
    outer loop
      vertex 1.59667 0 26.6966
      vertex 1.58408 -0.200115 26.6966
      vertex 1.99351 -0.251838 26.5831
    endloop
  endfacet
  facet normal 0.194012 0.0121961 0.980923
    outer loop
      vertex 1.58408 0.200115 26.6966
      vertex 1.14968 0.145237 26.7832
      vertex 1.15881 0 26.7832
    endloop
  endfacet
  facet normal 0.0483385 0.188286 0.980924
    outer loop
      vertex 0.299186 1.56839 26.6966
      vertex 0.217139 1.13829 26.7832
      vertex 0.493399 1.51853 26.6966
    endloop
  endfacet
  facet normal 0.574303 -0.611569 0.544205
    outer loop
      vertex 2.54167 -2.38678 25.6902
      vertex 2.22248 -2.68652 25.6902
      vertex 2.31524 -2.79865 25.4663
    endloop
  endfacet
  facet normal 0.679213 0.72329 0.124581
    outer loop
      vertex 2.73363 2.56705 25
      vertex 2.39034 2.88942 25
      vertex 2.71208 2.54681 25.235
    endloop
  endfacet
  facet normal 0.708354 0.449545 0.54419
    outer loop
      vertex 2.9385 2.13494 25.4663
      vertex 2.82077 2.04941 25.6902
      vertex 3.18291 1.74982 25.4663
    endloop
  endfacet
  facet normal 0.679207 0.723294 0.124594
    outer loop
      vertex 2.39034 2.88942 25
      vertex 2.37149 2.86664 25.235
      vertex 2.71208 2.54681 25.235
    endloop
  endfacet
  facet normal 0.574306 -0.611569 0.544202
    outer loop
      vertex 2.54167 -2.38678 25.6902
      vertex 2.31524 -2.79865 25.4663
      vertex 2.64775 -2.4864 25.4663
    endloop
  endfacet
  facet normal -0.549316 -0.756065 0.355832
    outer loop
      vertex -1.94622 -3.06676 25.4663
      vertex -2.31524 -2.79865 25.4663
      vertex -1.99351 -3.14126 25.235
    endloop
  endfacet
  facet normal 0.208635 0.812592 0.544212
    outer loop
      vertex 0.680603 3.56785 25.4663
      vertex 0.653335 3.4249 25.6902
      vertex 1.07744 3.31601 25.6902
    endloop
  endfacet
  facet normal -0.418186 0.0797775 0.904851
    outer loop
      vertex -2.64775 0.679826 26.2835
      vertex -2.71208 0.342614 26.2835
      vertex -2.31524 0.594453 26.4447
    endloop
  endfacet
  facet normal -0.308835 -0.780043 0.5442
    outer loop
      vertex -1.07744 -3.31601 25.6902
      vertex -1.54651 -3.2865 25.4663
      vertex -1.12241 -3.45441 25.4663
    endloop
  endfacet
  facet normal -0.304439 -0.41903 0.855413
    outer loop
      vertex -1.74248 -2.1063 26.2835
      vertex -1.93383 -2.33759 26.1021
      vertex -1.46475 -2.30808 26.2835
    endloop
  endfacet
  facet normal -0.759098 -0.357202 0.544221
    outer loop
      vertex -3.05538 -1.67971 25.6902
      vertex -3.37712 -1.3371 25.4663
      vertex -3.18291 -1.74982 25.4663
    endloop
  endfacet
  facet normal 0.0371118 0.0510803 0.998005
    outer loop
      vertex 0.376514 0.593292 26.8418
      vertex 0.126167 0.198809 26.8713
      vertex 0.15009 0.181428 26.8713
    endloop
  endfacet
  facet normal 0.837739 0.531664 0.124604
    outer loop
      vertex 3.28615 1.80658 25
      vertex 3.03381 2.20419 25
      vertex 3.26024 1.79233 25.235
    endloop
  endfacet
  facet normal 0.797897 -0.259245 0.544198
    outer loop
      vertex 3.37712 -0.867097 25.6902
      vertex 3.37712 -1.3371 25.4663
      vertex 3.51807 -0.903288 25.4663
    endloop
  endfacet
  facet normal 0.560644 -0.263823 0.784905
    outer loop
      vertex 2.82077 -1.11682 26.1021
      vertex 2.65855 -1.46155 26.1021
      vertex 3.05538 -1.20971 25.9033
    endloop
  endfacet
  facet normal 0.897776 -0.422459 0.124602
    outer loop
      vertex 3.45917 -1.36958 25.235
      vertex 3.26024 -1.79233 25.235
      vertex 3.28615 -1.80658 25
    endloop
  endfacet
  facet normal 0.309482 -0.145632 0.939687
    outer loop
      vertex 1.86825 -0.739691 26.5831
      vertex 1.76081 -0.968012 26.5831
      vertex 2.22248 -0.879942 26.4447
    endloop
  endfacet
  facet normal 0.175895 0.0827676 0.980923
    outer loop
      vertex 1.39917 0.769202 26.6966
      vertex 1.01548 0.558262 26.7832
      vertex 1.07744 0.426587 26.7832
    endloop
  endfacet
  facet normal 0.437318 0.277539 0.85541
    outer loop
      vertex 2.65855 1.46155 26.1021
      vertex 2.21155 1.60679 26.2835
      vertex 2.3955 1.31694 26.2835
    endloop
  endfacet
  facet normal -0.117133 0.927179 0.355836
    outer loop
      vertex -0.228066 3.62502 25.4663
      vertex -0.697139 3.65453 25.235
      vertex -0.680603 3.56785 25.4663
    endloop
  endfacet
  facet normal 0.399083 0.330147 0.855416
    outer loop
      vertex 2.45441 1.78323 26.1021
      vertex 1.99273 1.8713 26.2835
      vertex 2.21155 1.60679 26.2835
    endloop
  endfacet
  facet normal 0.175889 0.0827732 0.980924
    outer loop
      vertex 1.39917 0.769202 26.6966
      vertex 1.07744 0.426587 26.7832
      vertex 1.48455 0.587774 26.6966
    endloop
  endfacet
  facet normal 0.918002 0.175137 0.355809
    outer loop
      vertex 3.69109 0.466293 25.235
      vertex 3.51807 0.903288 25.4663
      vertex 3.60355 0.455234 25.4663
    endloop
  endfacet
  facet normal 0.351177 0.638791 0.684558
    outer loop
      vertex 1.48455 3.15483 25.6902
      vertex 1.39917 2.9734 25.9033
      vertex 1.86825 2.94389 25.6902
    endloop
  endfacet
  facet normal 0.78906 0.500763 0.355839
    outer loop
      vertex 3.00989 2.18681 25.235
      vertex 2.9385 2.13494 25.4663
      vertex 3.26024 1.79233 25.235
    endloop
  endfacet
  facet normal 0.639737 0.681262 0.355833
    outer loop
      vertex 2.37149 2.86664 25.235
      vertex 2.31524 2.79865 25.4663
      vertex 2.71208 2.54681 25.235
    endloop
  endfacet
  facet normal 0.499009 -0.531389 0.684555
    outer loop
      vertex 2.3955 -2.24952 25.9033
      vertex 2.22248 -2.68652 25.6902
      vertex 2.54167 -2.38678 25.6902
    endloop
  endfacet
  facet normal 0.133068 -0.141704 0.980924
    outer loop
      vertex 0.844738 -0.793262 26.7832
      vertex 0.738655 -0.89288 26.7832
      vertex 1.01776 -1.23026 26.6966
    endloop
  endfacet
  facet normal -0.325295 0.105693 0.939687
    outer loop
      vertex -2.22248 0.879942 26.4447
      vertex -2.31524 0.594453 26.4447
      vertex -1.86825 0.739691 26.5831
    endloop
  endfacet
  facet normal -0.716053 -0.136601 0.68455
    outer loop
      vertex -3.26024 -0.411863 25.9033
      vertex -3.45917 -0.436995 25.6902
      vertex -3.37712 -0.867097 25.6902
    endloop
  endfacet
  facet normal -0.897778 0.422458 0.124598
    outer loop
      vertex -3.28615 1.80658 25
      vertex -3.48666 1.38047 25
      vertex -3.45917 1.36958 25.235
    endloop
  endfacet
  facet normal -0.720084 0.595699 0.35584
    outer loop
      vertex -2.64775 2.4864 25.4663
      vertex -3.00989 2.18681 25.235
      vertex -2.9385 2.13494 25.4663
    endloop
  endfacet
  facet normal -0.943643 0.306614 0.124599
    outer loop
      vertex -3.45917 1.36958 25.235
      vertex -3.63219 0.932587 25
      vertex -3.60355 0.925233 25.235
    endloop
  endfacet
  facet normal -0.424893 -0.0267253 0.904849
    outer loop
      vertex -2.39034 0 26.4447
      vertex -2.73363 0 26.2835
      vertex -2.71208 -0.342614 26.2835
    endloop
  endfacet
  facet normal -0.618378 -0.0389017 0.784917
    outer loop
      vertex -3.03381 0 26.1021
      vertex -3.28615 0 25.9033
      vertex -3.26024 -0.411863 25.9033
    endloop
  endfacet
  facet normal -0.561671 0.46466 0.684556
    outer loop
      vertex -2.54167 2.38678 25.6902
      vertex -2.82077 2.04941 25.6902
      vertex -2.65855 1.93155 25.9033
    endloop
  endfacet
  facet normal -0.164771 -0.299723 0.93969
    outer loop
      vertex -1.07666 -1.69655 26.5831
      vertex -1.28081 -2.01823 26.4447
      vertex -0.855539 -1.81811 26.5831
    endloop
  endfacet
  facet normal -0.154095 -0.600149 0.784905
    outer loop
      vertex -0.56848 -2.98008 26.1021
      vertex -0.9375 -2.88533 26.1021
      vertex -0.615763 -3.22794 25.9033
    endloop
  endfacet
  facet normal 0.190667 -0.481568 0.855417
    outer loop
      vertex 1.16392 -2.47346 26.2835
      vertex 0.9375 -2.88533 26.1021
      vertex 1.29173 -2.74508 26.1021
    endloop
  endfacet
  facet normal -0.797905 -0.259241 0.54419
    outer loop
      vertex -3.37712 -0.867097 25.6902
      vertex -3.37712 -1.3371 25.4663
      vertex -3.24182 -1.28353 25.6902
    endloop
  endfacet
  facet normal -0.679207 -0.723294 0.124594
    outer loop
      vertex -2.37149 -2.86664 25.235
      vertex -2.71208 -2.54681 25.235
      vertex -2.39034 -2.88942 25
    endloop
  endfacet
  facet normal 0.298498 -0.542955 0.784919
    outer loop
      vertex 1.6256 -2.56153 26.1021
      vertex 1.29173 -2.74508 26.1021
      vertex 1.76081 -2.77459 25.9033
    endloop
  endfacet
  facet normal 0.288795 -0.183263 0.939687
    outer loop
      vertex 2.09467 -1.15155 26.4447
      vertex 1.76081 -0.968012 26.5831
      vertex 1.93383 -1.40501 26.4447
    endloop
  endfacet
  facet normal -0.156156 -0.214935 0.964063
    outer loop
      vertex -0.855539 -1.34811 26.6966
      vertex -1.28081 -1.54823 26.5831
      vertex -1.07666 -1.69655 26.5831
    endloop
  endfacet
  facet normal 0.308835 -0.780043 0.5442
    outer loop
      vertex 1.54651 -3.2865 25.4663
      vertex 1.07744 -3.31601 25.6902
      vertex 1.12241 -3.45441 25.4663
    endloop
  endfacet
  facet normal 0.516933 -0.0325144 0.855408
    outer loop
      vertex 2.73363 0 26.2835
      vertex 2.71208 -0.342614 26.2835
      vertex 3.00989 -0.380238 26.1021
    endloop
  endfacet
  facet normal 0.837292 0.0526763 0.544212
    outer loop
      vertex 3.60355 0.455234 25.4663
      vertex 3.45917 0.436995 25.6902
      vertex 3.63219 0 25.4663
    endloop
  endfacet
  facet normal 0.204696 -0.169351 0.964064
    outer loop
      vertex 1.6256 -1.18107 26.5831
      vertex 1.29173 -0.9385 26.6966
      vertex 1.46475 -1.37549 26.5831
    endloop
  endfacet
  facet normal 0.34136 0.0214783 0.939687
    outer loop
      vertex 2.37149 0.299588 26.4447
      vertex 1.99351 0.251838 26.5831
      vertex 2.39034 0 26.4447
    endloop
  endfacet
  facet normal -0.759107 -0.357231 0.54419
    outer loop
      vertex -3.24182 -1.28353 25.6902
      vertex -3.37712 -1.3371 25.4663
      vertex -3.05538 -1.67971 25.6902
    endloop
  endfacet
  facet normal -0.15673 -0.395833 0.904849
    outer loop
      vertex -0.738655 -2.27335 26.4447
      vertex -1.16392 -2.47346 26.2835
      vertex -0.844738 -2.59984 26.2835
    endloop
  endfacet
  facet normal 0.063014 0.00396462 0.998005
    outer loop
      vertex 0.697139 0.088069 26.8418
      vertex 0.235464 0 26.8713
      vertex 0.70268 0 26.8418
    endloop
  endfacet
  facet normal 0.184878 -0.060069 0.980924
    outer loop
      vertex 1.54651 -0.397076 26.6966
      vertex 1.07744 -0.426587 26.7832
      vertex 1.48455 -0.587774 26.6966
    endloop
  endfacet
  facet normal 0.404889 0.131555 0.904853
    outer loop
      vertex 2.54167 1.00632 26.2835
      vertex 2.22248 0.879942 26.4447
      vertex 2.31524 0.594453 26.4447
    endloop
  endfacet
  facet normal 0.720085 -0.59569 0.355853
    outer loop
      vertex 3.00989 -2.18681 25.235
      vertex 2.64775 -2.4864 25.4663
      vertex 2.71208 -2.54681 25.235
    endloop
  endfacet
  facet normal 0.204696 0.169351 0.964064
    outer loop
      vertex 1.46475 1.37549 26.5831
      vertex 1.29173 0.9385 26.6966
      vertex 1.6256 1.18107 26.5831
    endloop
  endfacet
  facet normal -0.125409 0.0239244 0.991817
    outer loop
      vertex -0.680603 0.174749 26.8418
      vertex -1.12241 0.288185 26.7832
      vertex -0.697139 0.088069 26.8418
    endloop
  endfacet
  facet normal -0.304439 0.41903 0.855413
    outer loop
      vertex -1.46475 2.30808 26.2835
      vertex -1.93383 2.33759 26.1021
      vertex -1.74248 2.1063 26.2835
    endloop
  endfacet
  facet normal 0 0.934547 0.355839
    outer loop
      vertex 0.233607 3.71309 25.235
      vertex -0.228066 3.62502 25.4663
      vertex 0.228066 3.62502 25.4663
    endloop
  endfacet
  facet normal 0 0.934547 0.355839
    outer loop
      vertex -0.228066 3.62502 25.4663
      vertex 0.233607 3.71309 25.235
      vertex -0.233607 3.71309 25.235
    endloop
  endfacet
  facet normal 0.127993 0.232811 0.964063
    outer loop
      vertex 0.855539 1.81811 26.5831
      vertex 0.67983 1.44471 26.6966
      vertex 0.855539 1.34811 26.6966
    endloop
  endfacet
  facet normal 0.404168 0.735187 0.544195
    outer loop
      vertex 1.94622 3.06676 25.4663
      vertex 1.54651 3.2865 25.4663
      vertex 1.86825 2.94389 25.6902
    endloop
  endfacet
  facet normal 0.837292 -0.0526763 0.544212
    outer loop
      vertex 3.63219 0 25.4663
      vertex 3.45917 -0.436995 25.6902
      vertex 3.60355 -0.455234 25.4663
    endloop
  endfacet
  facet normal 0.468654 0.220537 0.85541
    outer loop
      vertex 2.65855 1.46155 26.1021
      vertex 2.3955 1.31694 26.2835
      vertex 2.54167 1.00632 26.2835
    endloop
  endfacet
  facet normal 0.298494 0.542968 0.784912
    outer loop
      vertex 1.39917 2.9734 25.9033
      vertex 1.29173 2.74508 26.1021
      vertex 1.76081 2.77459 25.9033
    endloop
  endfacet
  facet normal 0.224312 0.142353 0.964064
    outer loop
      vertex 1.76081 0.968012 26.5831
      vertex 1.29173 0.9385 26.6966
      vertex 1.39917 0.769202 26.6966
    endloop
  endfacet
  facet normal 0.156151 0.214943 0.964062
    outer loop
      vertex 1.28081 1.54823 26.5831
      vertex 0.855539 1.34811 26.6966
      vertex 1.01776 1.23026 26.6966
    endloop
  endfacet
  facet normal 0.574306 0.611569 0.544202
    outer loop
      vertex 2.64775 2.4864 25.4663
      vertex 2.31524 2.79865 25.4663
      vertex 2.54167 2.38678 25.6902
    endloop
  endfacet
  facet normal 0.897778 0.422458 0.124598
    outer loop
      vertex 3.48666 1.38047 25
      vertex 3.28615 1.80658 25
      vertex 3.45917 1.36958 25.235
    endloop
  endfacet
  facet normal 0.0160015 -0.126664 0.991817
    outer loop
      vertex 0.131669 -0.690233 26.8418
      vertex 0.0441208 -0.701293 26.8418
      vertex 0.0727625 -1.15653 26.7832
    endloop
  endfacet
  facet normal 0.194007 -0.0122057 0.980924
    outer loop
      vertex 1.59667 0 26.6966
      vertex 1.15881 0 26.7832
      vertex 1.58408 -0.200115 26.6966
    endloop
  endfacet
  facet normal -0.127419 -0.00800994 0.991817
    outer loop
      vertex -0.697139 -0.088069 26.8418
      vertex -1.15881 0 26.7832
      vertex -1.14968 -0.145237 26.7832
    endloop
  endfacet
  facet normal -0.194012 -0.0121961 0.980923
    outer loop
      vertex -1.15881 0 26.7832
      vertex -1.58408 -0.200115 26.6966
      vertex -1.14968 -0.145237 26.7832
    endloop
  endfacet
  facet normal -0.720084 -0.595699 0.35584
    outer loop
      vertex -2.9385 -2.13494 25.4663
      vertex -3.00989 -2.18681 25.235
      vertex -2.64775 -2.4864 25.4663
    endloop
  endfacet
  facet normal -0.888808 -0.288783 0.355843
    outer loop
      vertex -3.37712 -1.3371 25.4663
      vertex -3.51807 -0.903288 25.4663
      vertex -3.45917 -1.36958 25.235
    endloop
  endfacet
  facet normal -0.837288 -0.0526712 0.544219
    outer loop
      vertex -3.48666 0 25.6902
      vertex -3.63219 0 25.4663
      vertex -3.45917 -0.436995 25.6902
    endloop
  endfacet
  facet normal -0.477995 -0.869479 0.124606
    outer loop
      vertex -1.99351 -3.14126 25.235
      vertex -2.00935 -3.16623 25
      vertex -1.59667 -3.3931 25
    endloop
  endfacet
  facet normal -0.708349 0.449515 0.544222
    outer loop
      vertex -2.82077 2.04941 25.6902
      vertex -3.18291 1.74982 25.4663
      vertex -3.05538 1.67971 25.6902
    endloop
  endfacet
  facet normal -0.589279 0.191465 0.784915
    outer loop
      vertex -2.82077 1.11682 26.1021
      vertex -3.18291 0.817232 25.9033
      vertex -2.9385 0.754478 26.1021
    endloop
  endfacet
  facet normal -0.845604 0.397909 0.35584
    outer loop
      vertex -3.26024 1.79233 25.235
      vertex -3.45917 1.36958 25.235
      vertex -3.37712 1.3371 25.4663
    endloop
  endfacet
  facet normal -0.78906 0.500763 0.355839
    outer loop
      vertex -3.00989 2.18681 25.235
      vertex -3.26024 1.79233 25.235
      vertex -2.9385 2.13494 25.4663
    endloop
  endfacet
  facet normal -0.888808 0.288783 0.355843
    outer loop
      vertex -3.45917 1.36958 25.235
      vertex -3.51807 0.903288 25.4663
      vertex -3.37712 1.3371 25.4663
    endloop
  endfacet
  facet normal -0.824095 0.157212 0.544198
    outer loop
      vertex -3.37712 0.867097 25.6902
      vertex -3.51807 0.903288 25.4663
      vertex -3.45917 0.436995 25.6902
    endloop
  endfacet
  facet normal -0.764515 -0.632453 0.124579
    outer loop
      vertex -2.71208 -2.54681 25.235
      vertex -3.03381 -2.20419 25
      vertex -2.73363 -2.56705 25
    endloop
  endfacet
  facet normal -0.190667 -0.481568 0.855417
    outer loop
      vertex -1.16392 -2.47346 26.2835
      vertex -1.29173 -2.74508 26.1021
      vertex -0.9375 -2.88533 26.1021
    endloop
  endfacet
  facet normal 0 -0.425726 0.904852
    outer loop
      vertex -0.15009 -2.38562 26.4447
      vertex 0.171646 -2.72824 26.2835
      vertex 0.15009 -2.38562 26.4447
    endloop
  endfacet
  facet normal 0 -0.425726 0.904852
    outer loop
      vertex 0.171646 -2.72824 26.2835
      vertex -0.15009 -2.38562 26.4447
      vertex -0.171646 -2.72824 26.2835
    endloop
  endfacet
  facet normal -0.124361 -0.98438 0.124618
    outer loop
      vertex -0.697139 -3.65453 25.235
      vertex -0.70268 -3.68358 25
      vertex -0.233607 -3.71309 25.235
    endloop
  endfacet
  facet normal 0.0649213 -0.513856 0.855416
    outer loop
      vertex 0.512231 -2.68521 26.2835
      vertex 0.171646 -2.72824 26.2835
      vertex 0.56848 -2.98008 26.1021
    endloop
  endfacet
  facet normal -0.493132 -0.67872 0.544206
    outer loop
      vertex -2.22248 -2.68652 25.6902
      vertex -2.31524 -2.79865 25.4663
      vertex -1.86825 -2.94389 25.6902
    endloop
  endfacet
  facet normal -0.181286 -0.706061 0.684553
    outer loop
      vertex -1.01548 -3.12531 25.9033
      vertex -1.07744 -3.31601 25.6902
      vertex -0.615763 -3.22794 25.9033
    endloop
  endfacet
  facet normal 0.845604 -0.397909 0.35584
    outer loop
      vertex 3.37712 -1.3371 25.4663
      vertex 3.18291 -1.74982 25.4663
      vertex 3.26024 -1.79233 25.235
    endloop
  endfacet
  facet normal 0.260967 -0.0497896 0.964063
    outer loop
      vertex 1.99351 -0.251838 26.5831
      vertex 1.54651 -0.397076 26.6966
      vertex 1.94622 -0.499704 26.5831
    endloop
  endfacet
  facet normal 0.646423 -0.534774 0.544201
    outer loop
      vertex 2.82077 -2.04941 25.6902
      vertex 2.54167 -2.38678 25.6902
      vertex 2.64775 -2.4864 25.4663
    endloop
  endfacet
  facet normal 0.228093 -0.576096 0.784912
    outer loop
      vertex 1.29173 -2.74508 26.1021
      vertex 0.9375 -2.88533 26.1021
      vertex 1.39917 -2.9734 25.9033
    endloop
  endfacet
  facet normal -0.932714 0.058688 0.35581
    outer loop
      vertex -3.69109 0.466293 25.235
      vertex -3.72043 0 25.235
      vertex -3.60355 0.455234 25.4663
    endloop
  endfacet
  facet normal 0.990247 -0.0623014 0.124616
    outer loop
      vertex 3.75 0 25
      vertex 3.69109 -0.466293 25.235
      vertex 3.72043 -0.469999 25
    endloop
  endfacet
  facet normal 0.897778 -0.422458 0.124598
    outer loop
      vertex 3.45917 -1.36958 25.235
      vertex 3.28615 -1.80658 25
      vertex 3.48666 -1.38047 25
    endloop
  endfacet
  facet normal 0.61549 -0.390587 0.684554
    outer loop
      vertex 2.87967 -1.58311 25.9033
      vertex 2.82077 -2.04941 25.6902
      vertex 3.05538 -1.67971 25.6902
    endloop
  endfacet
  facet normal 0.359461 -0.228128 0.904846
    outer loop
      vertex 2.3955 -1.31694 26.2835
      vertex 1.93383 -1.40501 26.4447
      vertex 2.21155 -1.60679 26.2835
    endloop
  endfacet
  facet normal 0.716057 -0.136598 0.684546
    outer loop
      vertex 3.26024 -0.411863 25.9033
      vertex 3.18291 -0.817232 25.9033
      vertex 3.37712 -0.867097 25.6902
    endloop
  endfacet
  facet normal 0.608629 -0.116105 0.784914
    outer loop
      vertex 3.26024 -0.411863 25.9033
      vertex 2.9385 -0.754478 26.1021
      vertex 3.18291 -0.817232 25.9033
    endloop
  endfacet
  facet normal 0.990248 -0.0623082 0.124603
    outer loop
      vertex 3.72043 0 25.235
      vertex 3.69109 -0.466293 25.235
      vertex 3.75 0 25
    endloop
  endfacet
  facet normal 0.974634 -0.185914 0.124599
    outer loop
      vertex 3.72043 -0.469999 25
      vertex 3.60355 -0.925233 25.235
      vertex 3.63219 -0.932587 25
    endloop
  endfacet
  facet normal 0.837744 -0.53166 0.124592
    outer loop
      vertex 3.26024 -1.79233 25.235
      vertex 3.00989 -2.18681 25.235
      vertex 3.03381 -2.20419 25
    endloop
  endfacet
  facet normal 0.837739 -0.531664 0.124604
    outer loop
      vertex 3.26024 -1.79233 25.235
      vertex 3.03381 -2.20419 25
      vertex 3.28615 -1.80658 25
    endloop
  endfacet
  facet normal 0.304439 -0.419029 0.855413
    outer loop
      vertex 1.93383 -2.33759 26.1021
      vertex 1.46475 -2.30808 26.2835
      vertex 1.6256 -2.56153 26.1021
    endloop
  endfacet
  facet normal 0.304439 -0.41903 0.855413
    outer loop
      vertex 1.74248 -2.1063 26.2835
      vertex 1.46475 -2.30808 26.2835
      vertex 1.93383 -2.33759 26.1021
    endloop
  endfacet
  facet normal 0.127419 0.00800994 0.991817
    outer loop
      vertex 1.14968 0.145237 26.7832
      vertex 0.697139 0.088069 26.8418
      vertex 1.15881 0 26.7832
    endloop
  endfacet
  facet normal 0.0620201 0.0118316 0.998005
    outer loop
      vertex 0.680603 0.174749 26.8418
      vertex 0.228066 0.0585575 26.8713
      vertex 0.697139 0.088069 26.8418
    endloop
  endfacet
  facet normal 0.184878 0.0600712 0.980924
    outer loop
      vertex 1.54651 0.397076 26.6966
      vertex 1.07744 0.426587 26.7832
      vertex 1.12241 0.288185 26.7832
    endloop
  endfacet
  facet normal 0.418186 0.0797775 0.904851
    outer loop
      vertex 2.64775 0.679826 26.2835
      vertex 2.31524 0.594453 26.4447
      vertex 2.71208 0.342614 26.2835
    endloop
  endfacet
  facet normal 0.11552 0.0543585 0.991817
    outer loop
      vertex 1.01548 0.558262 26.7832
      vertex 0.615763 0.338518 26.8418
      vertex 1.07744 0.426587 26.7832
    endloop
  endfacet
  facet normal -0.0157021 -0.0611551 0.998005
    outer loop
      vertex -0.0727625 -0.22394 26.8713
      vertex -0.131669 -0.690233 26.8418
      vertex -0.0441208 -0.231294 26.8713
    endloop
  endfacet
  facet normal 0.424886 -0.0267337 0.904852
    outer loop
      vertex 2.39034 0 26.4447
      vertex 2.37149 -0.299588 26.4447
      vertex 2.71208 -0.342614 26.2835
    endloop
  endfacet
  facet normal 0.424886 0.0267337 0.904852
    outer loop
      vertex 2.71208 0.342614 26.2835
      vertex 2.37149 0.299588 26.4447
      vertex 2.39034 0 26.4447
    endloop
  endfacet
  facet normal 0.260967 0.0497896 0.964063
    outer loop
      vertex 1.94622 0.499704 26.5831
      vertex 1.54651 0.397076 26.6966
      vertex 1.99351 0.251838 26.5831
    endloop
  endfacet
  facet normal 0.234136 0.249325 0.93969
    outer loop
      vertex 1.52366 1.84179 26.4447
      vertex 1.46475 1.37549 26.5831
      vertex 1.74248 1.6363 26.4447
    endloop
  endfacet
  facet normal -0.127419 0.00800994 0.991817
    outer loop
      vertex -1.14968 0.145237 26.7832
      vertex -1.15881 0 26.7832
      vertex -0.697139 0.088069 26.8418
    endloop
  endfacet
  facet normal -0.063014 -0.00396462 0.998005
    outer loop
      vertex -0.235464 0 26.8713
      vertex -0.70268 0 26.8418
      vertex -0.697139 -0.088069 26.8418
    endloop
  endfacet
  facet normal -0.646423 0.534774 0.544201
    outer loop
      vertex -2.64775 2.4864 25.4663
      vertex -2.82077 2.04941 25.6902
      vertex -2.54167 2.38678 25.6902
    endloop
  endfacet
  facet normal -0.344025 0.868915 0.355856
    outer loop
      vertex -1.14968 3.53834 25.235
      vertex -1.58408 3.36635 25.235
      vertex -1.12241 3.45441 25.4663
    endloop
  endfacet
  facet normal -0.516928 0.0325189 0.855411
    outer loop
      vertex -3.00989 0.380238 26.1021
      vertex -3.03381 0 26.1021
      vertex -2.73363 0 26.2835
    endloop
  endfacet
  facet normal 0.128809 0.501669 0.855416
    outer loop
      vertex 0.56848 2.98008 26.1021
      vertex 0.512231 2.68521 26.2835
      vertex 0.9375 2.88533 26.1021
    endloop
  endfacet
  facet normal -0.499011 0.531389 0.684553
    outer loop
      vertex -2.22248 2.68652 25.6902
      vertex -2.3955 2.24952 25.9033
      vertex -2.09467 2.53202 25.9033
    endloop
  endfacet
  facet normal 0.181286 0.706061 0.684553
    outer loop
      vertex 1.07744 3.31601 25.6902
      vertex 0.615763 3.22794 25.9033
      vertex 1.01548 3.12531 25.9033
    endloop
  endfacet
  facet normal 0.246763 0.96103 0.124618
    outer loop
      vertex 0.70268 3.68358 25
      vertex 0.697139 3.65453 25.235
      vertex 1.15881 3.56646 25
    endloop
  endfacet
  facet normal -0.0913657 0.723211 0.684557
    outer loop
      vertex -0.218929 3.47978 25.6902
      vertex -0.653335 3.4249 25.6902
      vertex -0.206339 3.27966 25.9033
    endloop
  endfacet
  facet normal 0.365255 0.922534 0.12458
    outer loop
      vertex 1.59667 3.3931 25
      vertex 1.15881 3.56646 25
      vertex 1.58408 3.36635 25.235
    endloop
  endfacet
  facet normal 0.181284 0.706065 0.68455
    outer loop
      vertex 0.653335 3.4249 25.6902
      vertex 0.615763 3.22794 25.9033
      vertex 1.07744 3.31601 25.6902
    endloop
  endfacet
  facet normal 0.399083 0.330158 0.855411
    outer loop
      vertex 2.21155 2.07679 26.1021
      vertex 1.99273 1.8713 26.2835
      vertex 2.45441 1.78323 26.1021
    endloop
  endfacet
  facet normal 0.561671 0.46466 0.684556
    outer loop
      vertex 2.82077 2.04941 25.6902
      vertex 2.54167 2.38678 25.6902
      vertex 2.65855 1.93155 25.9033
    endloop
  endfacet
  facet normal 0.759107 0.357231 0.54419
    outer loop
      vertex 3.37712 1.3371 25.4663
      vertex 3.05538 1.67971 25.6902
      vertex 3.24182 1.28353 25.6902
    endloop
  endfacet
  facet normal 0.646423 0.534774 0.544201
    outer loop
      vertex 2.64775 2.4864 25.4663
      vertex 2.54167 2.38678 25.6902
      vertex 2.82077 2.04941 25.6902
    endloop
  endfacet
  facet normal 0.47741 0.394958 0.784913
    outer loop
      vertex 2.3955 2.24952 25.9033
      vertex 2.21155 2.07679 26.1021
      vertex 2.45441 1.78323 26.1021
    endloop
  endfacet
  facet normal 0.45022 0.818956 0.355828
    outer loop
      vertex 1.99351 3.14126 25.235
      vertex 1.54651 3.2865 25.4663
      vertex 1.94622 3.06676 25.4663
    endloop
  endfacet
  facet normal 0.424154 0.451675 0.78491
    outer loop
      vertex 2.09467 2.53202 25.9033
      vertex 1.93383 2.33759 26.1021
      vertex 2.3955 2.24952 25.9033
    endloop
  endfacet
  facet normal 0.364203 0.501269 0.784911
    outer loop
      vertex 2.09467 2.53202 25.9033
      vertex 1.76081 2.77459 25.9033
      vertex 1.93383 2.33759 26.1021
    endloop
  endfacet
  facet normal 0.424154 0.451672 0.784911
    outer loop
      vertex 2.3955 2.24952 25.9033
      vertex 1.93383 2.33759 26.1021
      vertex 2.21155 2.07679 26.1021
    endloop
  endfacet
  facet normal 0.11426 0.157264 0.980924
    outer loop
      vertex 1.01776 1.23026 26.6966
      vertex 0.620923 0.978418 26.7832
      vertex 0.738655 0.89288 26.7832
    endloop
  endfacet
  facet normal 0.932714 0.058688 0.35581
    outer loop
      vertex 3.69109 0.466293 25.235
      vertex 3.60355 0.455234 25.4663
      vertex 3.72043 0 25.235
    endloop
  endfacet
  facet normal 0.932714 -0.058688 0.35581
    outer loop
      vertex 3.72043 0 25.235
      vertex 3.60355 -0.455234 25.4663
      vertex 3.69109 -0.466293 25.235
    endloop
  endfacet
  facet normal 0.764515 0.632453 0.124579
    outer loop
      vertex 2.73363 2.56705 25
      vertex 2.71208 2.54681 25.235
      vertex 3.03381 2.20419 25
    endloop
  endfacet
  facet normal 0.260964 -0.0497785 0.964064
    outer loop
      vertex 1.58408 -0.200115 26.6966
      vertex 1.54651 -0.397076 26.6966
      vertex 1.99351 -0.251838 26.5831
    endloop
  endfacet
  facet normal -0.0620201 0.0118316 0.998005
    outer loop
      vertex -0.680603 0.174749 26.8418
      vertex -0.697139 0.088069 26.8418
      vertex -0.228066 0.0585575 26.8713
    endloop
  endfacet
  facet normal -0.234136 -0.249325 0.93969
    outer loop
      vertex -1.46475 -1.37549 26.5831
      vertex -1.74248 -1.6363 26.4447
      vertex -1.52366 -1.84179 26.4447
    endloop
  endfacet
  facet normal 0.0913597 -0.723218 0.68455
    outer loop
      vertex 0.615763 -3.22794 25.9033
      vertex 0.206339 -3.27966 25.9033
      vertex 0.653335 -3.4249 25.6902
    endloop
  endfacet
  facet normal 0.175889 -0.0827732 0.980924
    outer loop
      vertex 1.48455 -0.587774 26.6966
      vertex 1.07744 -0.426587 26.7832
      vertex 1.39917 -0.769202 26.6966
    endloop
  endfacet
  facet normal -0.837288 0.0526712 0.544219
    outer loop
      vertex -3.45917 0.436995 25.6902
      vertex -3.63219 0 25.4663
      vertex -3.48666 0 25.6902
    endloop
  endfacet
  facet normal -0.608629 0.116105 0.784914
    outer loop
      vertex -3.18291 0.817232 25.9033
      vertex -3.26024 0.411863 25.9033
      vertex -2.9385 0.754478 26.1021
    endloop
  endfacet
  facet normal -0.589279 -0.191465 0.784915
    outer loop
      vertex -2.9385 -0.754478 26.1021
      vertex -3.18291 -0.817232 25.9033
      vertex -2.82077 -1.11682 26.1021
    endloop
  endfacet
  facet normal -0.837744 0.53166 0.124592
    outer loop
      vertex -3.03381 2.20419 25
      vertex -3.26024 1.79233 25.235
      vertex -3.00989 2.18681 25.235
    endloop
  endfacet
  facet normal -0.837739 0.531664 0.124604
    outer loop
      vertex -3.03381 2.20419 25
      vertex -3.28615 1.80658 25
      vertex -3.26024 1.79233 25.235
    endloop
  endfacet
  facet normal -0.679213 0.72329 0.124581
    outer loop
      vertex -2.39034 2.88942 25
      vertex -2.73363 2.56705 25
      vertex -2.71208 2.54681 25.235
    endloop
  endfacet
  facet normal -0.693288 0.225274 0.684546
    outer loop
      vertex -3.05538 1.20971 25.9033
      vertex -3.37712 0.867097 25.6902
      vertex -3.18291 0.817232 25.9033
    endloop
  endfacet
  facet normal -0.508775 0.0970539 0.855411
    outer loop
      vertex -2.9385 0.754478 26.1021
      vertex -3.00989 0.380238 26.1021
      vertex -2.64775 0.679826 26.2835
    endloop
  endfacet
  facet normal -0.468656 0.220536 0.855409
    outer loop
      vertex -2.65855 1.46155 26.1021
      vertex -2.82077 1.11682 26.1021
      vertex -2.54167 1.00632 26.2835
    endloop
  endfacet
  facet normal -0.45022 0.818956 0.355828
    outer loop
      vertex -1.54651 3.2865 25.4663
      vertex -1.99351 3.14126 25.235
      vertex -1.94622 3.06676 25.4663
    endloop
  endfacet
  facet normal -0.208645 0.812597 0.544199
    outer loop
      vertex -0.680603 3.56785 25.4663
      vertex -1.12241 3.45441 25.4663
      vertex -1.07744 3.31601 25.6902
    endloop
  endfacet
  facet normal -0.764515 0.632453 0.124579
    outer loop
      vertex -2.73363 2.56705 25
      vertex -3.03381 2.20419 25
      vertex -2.71208 2.54681 25.235
    endloop
  endfacet
  facet normal -0.845604 0.397909 0.35584
    outer loop
      vertex -3.26024 1.79233 25.235
      vertex -3.37712 1.3371 25.4663
      vertex -3.18291 1.74982 25.4663
    endloop
  endfacet
  facet normal -0.932709 0.0586792 0.355825
    outer loop
      vertex -3.60355 0.455234 25.4663
      vertex -3.72043 0 25.235
      vertex -3.63219 0 25.4663
    endloop
  endfacet
  facet normal -0.888796 0.288793 0.355866
    outer loop
      vertex -3.45917 1.36958 25.235
      vertex -3.60355 0.925233 25.235
      vertex -3.51807 0.903288 25.4663
    endloop
  endfacet
  facet normal -0.837292 0.0526763 0.544212
    outer loop
      vertex -3.60355 0.455234 25.4663
      vertex -3.63219 0 25.4663
      vertex -3.45917 0.436995 25.6902
    endloop
  endfacet
  facet normal -0.824085 0.157219 0.544211
    outer loop
      vertex -3.51807 0.903288 25.4663
      vertex -3.60355 0.455234 25.4663
      vertex -3.45917 0.436995 25.6902
    endloop
  endfacet
  facet normal -0.354558 0.377566 0.855413
    outer loop
      vertex -1.93383 2.33759 26.1021
      vertex -1.99273 1.8713 26.2835
      vertex -1.74248 2.1063 26.2835
    endloop
  endfacet
  facet normal -0.78906 0.500763 0.355838
    outer loop
      vertex -2.9385 2.13494 25.4663
      vertex -3.26024 1.79233 25.235
      vertex -3.18291 1.74982 25.4663
    endloop
  endfacet
  facet normal -0.888796 -0.288793 0.355866
    outer loop
      vertex -3.51807 -0.903288 25.4663
      vertex -3.60355 -0.925233 25.235
      vertex -3.45917 -1.36958 25.235
    endloop
  endfacet
  facet normal -0.797897 -0.259245 0.544198
    outer loop
      vertex -3.37712 -0.867097 25.6902
      vertex -3.51807 -0.903288 25.4663
      vertex -3.37712 -1.3371 25.4663
    endloop
  endfacet
  facet normal -0.646435 -0.534772 0.544188
    outer loop
      vertex -2.82077 -2.04941 25.6902
      vertex -2.9385 -2.13494 25.4663
      vertex -2.64775 -2.4864 25.4663
    endloop
  endfacet
  facet normal -0.679213 -0.72329 0.124581
    outer loop
      vertex -2.71208 -2.54681 25.235
      vertex -2.73363 -2.56705 25
      vertex -2.39034 -2.88942 25
    endloop
  endfacet
  facet normal -0.897778 -0.422458 0.124598
    outer loop
      vertex -3.45917 -1.36958 25.235
      vertex -3.48666 -1.38047 25
      vertex -3.28615 -1.80658 25
    endloop
  endfacet
  facet normal -0.308832 -0.78005 0.544191
    outer loop
      vertex -1.48455 -3.15483 25.6902
      vertex -1.54651 -3.2865 25.4663
      vertex -1.07744 -3.31601 25.6902
    endloop
  endfacet
  facet normal -0.508779 -0.0970598 0.855409
    outer loop
      vertex -2.71208 -0.342614 26.2835
      vertex -3.00989 -0.380238 26.1021
      vertex -2.64775 -0.679826 26.2835
    endloop
  endfacet
  facet normal -0.204696 -0.169351 0.964064
    outer loop
      vertex -1.29173 -0.9385 26.6966
      vertex -1.6256 -1.18107 26.5831
      vertex -1.46475 -1.37549 26.5831
    endloop
  endfacet
  facet normal -0.291435 -0.310347 0.904848
    outer loop
      vertex -1.52366 -1.84179 26.4447
      vertex -1.99273 -1.8713 26.2835
      vertex -1.74248 -2.1063 26.2835
    endloop
  endfacet
  facet normal -0.399083 -0.330147 0.855416
    outer loop
      vertex -2.21155 -1.60679 26.2835
      vertex -2.45441 -1.78323 26.1021
      vertex -1.99273 -1.8713 26.2835
    endloop
  endfacet
  facet normal -0.0913597 -0.723218 0.68455
    outer loop
      vertex -0.615763 -3.22794 25.9033
      vertex -0.653335 -3.4249 25.6902
      vertex -0.206339 -3.27966 25.9033
    endloop
  endfacet
  facet normal 0.232419 -0.905186 0.355836
    outer loop
      vertex 1.12241 -3.45441 25.4663
      vertex 0.680603 -3.56785 25.4663
      vertex 0.697139 -3.65453 25.235
    endloop
  endfacet
  facet normal 0.0776579 -0.614733 0.784903
    outer loop
      vertex 0.56848 -2.98008 26.1021
      vertex 0.190495 -3.02783 26.1021
      vertex 0.206339 -3.27966 25.9033
    endloop
  endfacet
  facet normal 0.128809 -0.501669 0.855416
    outer loop
      vertex 0.9375 -2.88533 26.1021
      vertex 0.512231 -2.68521 26.2835
      vertex 0.56848 -2.98008 26.1021
    endloop
  endfacet
  facet normal 0.117133 -0.927179 0.355836
    outer loop
      vertex 0.680603 -3.56785 25.4663
      vertex 0.228066 -3.62502 25.4663
      vertex 0.697139 -3.65453 25.235
    endloop
  endfacet
  facet normal 0.181284 -0.706065 0.68455
    outer loop
      vertex 1.07744 -3.31601 25.6902
      vertex 0.615763 -3.22794 25.9033
      vertex 0.653335 -3.4249 25.6902
    endloop
  endfacet
  facet normal -0.246747 -0.961038 0.124584
    outer loop
      vertex -1.14968 -3.53834 25.235
      vertex -1.15881 -3.56646 25
      vertex -0.697139 -3.65453 25.235
    endloop
  endfacet
  facet normal -0.117134 -0.927178 0.355839
    outer loop
      vertex -0.228066 -3.62502 25.4663
      vertex -0.697139 -3.65453 25.235
      vertex -0.233607 -3.71309 25.235
    endloop
  endfacet
  facet normal -0.523159 -0.332 0.784908
    outer loop
      vertex -2.65855 -1.46155 26.1021
      vertex -2.65855 -1.93155 25.9033
      vertex -2.45441 -1.78323 26.1021
    endloop
  endfacet
  facet normal -0.351176 -0.638796 0.684554
    outer loop
      vertex -1.76081 -2.77459 25.9033
      vertex -1.86825 -2.94389 25.6902
      vertex -1.39917 -2.9734 25.9033
    endloop
  endfacet
  facet normal -0.298494 -0.542968 0.784912
    outer loop
      vertex -1.29173 -2.74508 26.1021
      vertex -1.76081 -2.77459 25.9033
      vertex -1.39917 -2.9734 25.9033
    endloop
  endfacet
  facet normal -0.181284 -0.706065 0.68455
    outer loop
      vertex -0.615763 -3.22794 25.9033
      vertex -1.07744 -3.31601 25.6902
      vertex -0.653335 -3.4249 25.6902
    endloop
  endfacet
  facet normal -0.583207 -0.802712 0.124592
    outer loop
      vertex -2.37149 -2.86664 25.235
      vertex -2.39034 -2.88942 25
      vertex -1.99351 -3.14126 25.235
    endloop
  endfacet
  facet normal -0.549317 -0.756065 0.355832
    outer loop
      vertex -2.31524 -2.79865 25.4663
      vertex -2.37149 -2.86664 25.235
      vertex -1.99351 -3.14126 25.235
    endloop
  endfacet
  facet normal 0.385209 -0.181267 0.904852
    outer loop
      vertex 2.22248 -0.879942 26.4447
      vertex 2.09467 -1.15155 26.4447
      vertex 2.3955 -1.31694 26.2835
    endloop
  endfacet
  facet normal 0.240387 -0.113118 0.964063
    outer loop
      vertex 1.86825 -0.739691 26.5831
      vertex 1.48455 -0.587774 26.6966
      vertex 1.76081 -0.968012 26.5831
    endloop
  endfacet
  facet normal 0.288785 -0.183267 0.93969
    outer loop
      vertex 1.76081 -0.968012 26.5831
      vertex 1.6256 -1.18107 26.5831
      vertex 1.93383 -1.40501 26.4447
    endloop
  endfacet
  facet normal 0.164133 -0.104162 0.980923
    outer loop
      vertex 1.39917 -0.769202 26.6966
      vertex 1.01548 -0.558262 26.7832
      vertex 1.29173 -0.9385 26.6966
    endloop
  endfacet
  facet normal 0.154095 -0.600149 0.784905
    outer loop
      vertex 0.9375 -2.88533 26.1021
      vertex 0.56848 -2.98008 26.1021
      vertex 0.615763 -3.22794 25.9033
    endloop
  endfacet
  facet normal 0.523159 0.332 0.784908
    outer loop
      vertex 2.65855 1.93155 25.9033
      vertex 2.45441 1.78323 26.1021
      vertex 2.65855 1.46155 26.1021
    endloop
  endfacet
  facet normal 0.727528 0.0457683 0.684549
    outer loop
      vertex 3.45917 0.436995 25.6902
      vertex 3.26024 0.411863 25.9033
      vertex 3.28615 0 25.9033
    endloop
  endfacet
  facet normal 0.437318 -0.277539 0.85541
    outer loop
      vertex 2.3955 -1.31694 26.2835
      vertex 2.21155 -1.60679 26.2835
      vertex 2.65855 -1.46155 26.1021
    endloop
  endfacet
  facet normal 0.477417 -0.394957 0.784909
    outer loop
      vertex 2.45441 -1.78323 26.1021
      vertex 2.3955 -2.24952 25.9033
      vertex 2.65855 -1.93155 25.9033
    endloop
  endfacet
  facet normal 0.646435 -0.534772 0.544188
    outer loop
      vertex 2.82077 -2.04941 25.6902
      vertex 2.64775 -2.4864 25.4663
      vertex 2.9385 -2.13494 25.4663
    endloop
  endfacet
  facet normal 0.720084 -0.595699 0.35584
    outer loop
      vertex 2.9385 -2.13494 25.4663
      vertex 2.64775 -2.4864 25.4663
      vertex 3.00989 -2.18681 25.235
    endloop
  endfacet
  facet normal 0.523159 -0.332 0.784908
    outer loop
      vertex 2.65855 -1.46155 26.1021
      vertex 2.45441 -1.78323 26.1021
      vertex 2.65855 -1.93155 25.9033
    endloop
  endfacet
  facet normal 0.424154 -0.451675 0.78491
    outer loop
      vertex 2.3955 -2.24952 25.9033
      vertex 1.93383 -2.33759 26.1021
      vertex 2.09467 -2.53202 25.9033
    endloop
  endfacet
  facet normal 0.78906 -0.500763 0.355838
    outer loop
      vertex 3.18291 -1.74982 25.4663
      vertex 2.9385 -2.13494 25.4663
      vertex 3.26024 -1.79233 25.235
    endloop
  endfacet
  facet normal 0.659577 -0.310393 0.684554
    outer loop
      vertex 3.24182 -1.28353 25.6902
      vertex 2.87967 -1.58311 25.9033
      vertex 3.05538 -1.67971 25.6902
    endloop
  endfacet
  facet normal 0.990248 0.0623082 0.124603
    outer loop
      vertex 3.75 0 25
      vertex 3.69109 0.466293 25.235
      vertex 3.72043 0 25.235
    endloop
  endfacet
  facet normal 0.888796 -0.288793 0.355866
    outer loop
      vertex 3.51807 -0.903288 25.4663
      vertex 3.45917 -1.36958 25.235
      vertex 3.60355 -0.925233 25.235
    endloop
  endfacet
  facet normal 0.708354 -0.449545 0.54419
    outer loop
      vertex 3.18291 -1.74982 25.4663
      vertex 2.82077 -2.04941 25.6902
      vertex 2.9385 -2.13494 25.4663
    endloop
  endfacet
  facet normal 0.78906 -0.500763 0.355839
    outer loop
      vertex 3.26024 -1.79233 25.235
      vertex 2.9385 -2.13494 25.4663
      vertex 3.00989 -2.18681 25.235
    endloop
  endfacet
  facet normal 0.154092 -0.600147 0.784907
    outer loop
      vertex 0.9375 -2.88533 26.1021
      vertex 0.615763 -3.22794 25.9033
      vertex 1.01548 -3.12531 25.9033
    endloop
  endfacet
  facet normal 0.364188 -0.501267 0.784919
    outer loop
      vertex 1.93383 -2.33759 26.1021
      vertex 1.6256 -2.56153 26.1021
      vertex 1.76081 -2.77459 25.9033
    endloop
  endfacet
  facet normal 0.351176 -0.638796 0.684554
    outer loop
      vertex 1.76081 -2.77459 25.9033
      vertex 1.39917 -2.9734 25.9033
      vertex 1.86825 -2.94389 25.6902
    endloop
  endfacet
  facet normal 0.298494 -0.542968 0.784912
    outer loop
      vertex 1.76081 -2.77459 25.9033
      vertex 1.29173 -2.74508 26.1021
      vertex 1.39917 -2.9734 25.9033
    endloop
  endfacet
  facet normal 0.354558 -0.377566 0.855413
    outer loop
      vertex 1.99273 -1.8713 26.2835
      vertex 1.74248 -2.1063 26.2835
      vertex 1.93383 -2.33759 26.1021
    endloop
  endfacet
  facet normal 0.437315 -0.277523 0.855416
    outer loop
      vertex 2.65855 -1.46155 26.1021
      vertex 2.21155 -1.60679 26.2835
      vertex 2.45441 -1.78323 26.1021
    endloop
  endfacet
  facet normal 0.0873979 -0.093068 0.991816
    outer loop
      vertex 0.512231 -0.481017 26.8418
      vertex 0.447905 -0.541424 26.8418
      vertex 0.844738 -0.793262 26.7832
    endloop
  endfacet
  facet normal -0.0486491 -0.0402462 0.998005
    outer loop
      vertex -0.171646 -0.161186 26.8713
      vertex -0.56848 -0.413024 26.8418
      vertex -0.512231 -0.481017 26.8418
    endloop
  endfacet
  facet normal 0.075044 0.103288 0.991816
    outer loop
      vertex 0.620923 0.978418 26.7832
      vertex 0.376514 0.593292 26.8418
      vertex 0.738655 0.89288 26.7832
    endloop
  endfacet
  facet normal 0.127421 0.00801688 0.991816
    outer loop
      vertex 1.15881 0 26.7832
      vertex 0.697139 0.088069 26.8418
      vertex 0.70268 0 26.8418
    endloop
  endfacet
  facet normal 0.560644 0.263823 0.784905
    outer loop
      vertex 3.05538 1.20971 25.9033
      vertex 2.65855 1.46155 26.1021
      vertex 2.82077 1.11682 26.1021
    endloop
  endfacet
  facet normal 0.404893 0.131552 0.904851
    outer loop
      vertex 2.54167 1.00632 26.2835
      vertex 2.31524 0.594453 26.4447
      vertex 2.64775 0.679826 26.2835
    endloop
  endfacet
  facet normal 0.291436 0.310341 0.90485
    outer loop
      vertex 1.99273 1.8713 26.2835
      vertex 1.52366 1.84179 26.4447
      vertex 1.74248 1.6363 26.4447
    endloop
  endfacet
  facet normal 0.288785 0.183267 0.93969
    outer loop
      vertex 1.93383 1.40501 26.4447
      vertex 1.6256 1.18107 26.5831
      vertex 1.76081 0.968012 26.5831
    endloop
  endfacet
  facet normal 0.341355 0.0214704 0.939689
    outer loop
      vertex 2.39034 0 26.4447
      vertex 1.99351 0.251838 26.5831
      vertex 2.00935 0 26.5831
    endloop
  endfacet
  facet normal 0.265148 -0.0166772 0.964064
    outer loop
      vertex 2.00935 0 26.5831
      vertex 1.59667 0 26.6966
      vertex 1.99351 -0.251838 26.5831
    endloop
  endfacet
  facet normal 0.194012 -0.0121961 0.980923
    outer loop
      vertex 1.15881 0 26.7832
      vertex 1.14968 -0.145237 26.7832
      vertex 1.58408 -0.200115 26.6966
    endloop
  endfacet
  facet normal 0.252674 -0.0820918 0.964063
    outer loop
      vertex 1.94622 -0.499704 26.5831
      vertex 1.54651 -0.397076 26.6966
      vertex 1.86825 -0.739691 26.5831
    endloop
  endfacet
  facet normal 0.359459 -0.228104 0.904852
    outer loop
      vertex 2.09467 -1.15155 26.4447
      vertex 1.93383 -1.40501 26.4447
      vertex 2.3955 -1.31694 26.2835
    endloop
  endfacet
  facet normal 0.589279 -0.191465 0.784915
    outer loop
      vertex 2.9385 -0.754478 26.1021
      vertex 2.82077 -1.11682 26.1021
      vertex 3.18291 -0.817232 25.9033
    endloop
  endfacet
  facet normal 0.105873 0.412358 0.904849
    outer loop
      vertex 0.512231 2.68521 26.2835
      vertex 0.447905 2.348 26.4447
      vertex 0.738655 2.27335 26.4447
    endloop
  endfacet
  facet normal -0.0873979 0.093068 0.991816
    outer loop
      vertex -0.447905 0.541424 26.8418
      vertex -0.844738 0.793262 26.7832
      vertex -0.512231 0.481017 26.8418
    endloop
  endfacet
  facet normal -0.325292 0.105685 0.939689
    outer loop
      vertex -1.86825 0.739691 26.5831
      vertex -2.31524 0.594453 26.4447
      vertex -1.94622 0.499704 26.5831
    endloop
  endfacet
  facet normal -0.0630139 -0.00396513 0.998005
    outer loop
      vertex -0.235464 0 26.8713
      vertex -0.697139 -0.088069 26.8418
      vertex -0.233607 -0.0295115 26.8713
    endloop
  endfacet
  facet normal -0.0317505 0.12366 0.991817
    outer loop
      vertex -0.217139 1.13829 26.7832
      vertex -0.217139 0.668288 26.8418
      vertex -0.131669 0.690233 26.8418
    endloop
  endfacet
  facet normal -0.0978089 0.247015 0.964063
    outer loop
      vertex -0.493399 1.51853 26.6966
      vertex -0.855539 1.81811 26.5831
      vertex -0.67983 1.44471 26.6966
    endloop
  endfacet
  facet normal -0.364203 0.501269 0.784911
    outer loop
      vertex -1.76081 2.77459 25.9033
      vertex -2.09467 2.53202 25.9033
      vertex -1.93383 2.33759 26.1021
    endloop
  endfacet
  facet normal -0.344023 0.868918 0.35585
    outer loop
      vertex -1.12241 3.45441 25.4663
      vertex -1.58408 3.36635 25.235
      vertex -1.54651 3.2865 25.4663
    endloop
  endfacet
  facet normal 0.268339 0.677773 0.684557
    outer loop
      vertex 1.48455 3.15483 25.6902
      vertex 1.07744 3.31601 25.6902
      vertex 1.39917 2.9734 25.9033
    endloop
  endfacet
  facet normal 0.154092 0.600147 0.784907
    outer loop
      vertex 1.01548 3.12531 25.9033
      vertex 0.615763 3.22794 25.9033
      vertex 0.9375 2.88533 26.1021
    endloop
  endfacet
  facet normal -0.385209 0.181267 0.904852
    outer loop
      vertex -2.09467 1.15155 26.4447
      vertex -2.3955 1.31694 26.2835
      vertex -2.22248 0.879942 26.4447
    endloop
  endfacet
  facet normal -0.250238 0.344427 0.904848
    outer loop
      vertex -1.46475 2.30808 26.2835
      vertex -1.74248 2.1063 26.2835
      vertex -1.52366 1.84179 26.4447
    endloop
  endfacet
  facet normal -0.105151 0.832333 0.544211
    outer loop
      vertex -0.228066 3.62502 25.4663
      vertex -0.653335 3.4249 25.6902
      vertex -0.218929 3.47978 25.6902
    endloop
  endfacet
  facet normal -0.12435 0.984384 0.124596
    outer loop
      vertex -0.235464 3.7426 25
      vertex -0.70268 3.68358 25
      vertex -0.233607 3.71309 25.235
    endloop
  endfacet
  facet normal -0.154095 0.600149 0.784905
    outer loop
      vertex -0.615763 3.22794 25.9033
      vertex -0.9375 2.88533 26.1021
      vertex -0.56848 2.98008 26.1021
    endloop
  endfacet
  facet normal 0.208645 0.812597 0.544199
    outer loop
      vertex 1.12241 3.45441 25.4663
      vertex 0.680603 3.56785 25.4663
      vertex 1.07744 3.31601 25.6902
    endloop
  endfacet
  facet normal 0.365255 0.922534 0.124581
    outer loop
      vertex 1.15881 3.56646 25
      vertex 1.14968 3.53834 25.235
      vertex 1.58408 3.36635 25.235
    endloop
  endfacet
  facet normal 0.583211 0.802708 0.124603
    outer loop
      vertex 2.00935 3.16623 25
      vertex 1.99351 3.14126 25.235
      vertex 2.39034 2.88942 25
    endloop
  endfacet
  facet normal 0.583207 0.802712 0.124592
    outer loop
      vertex 2.39034 2.88942 25
      vertex 1.99351 3.14126 25.235
      vertex 2.37149 2.86664 25.235
    endloop
  endfacet
  facet normal 0.549317 0.756065 0.355832
    outer loop
      vertex 2.37149 2.86664 25.235
      vertex 1.99351 3.14126 25.235
      vertex 2.31524 2.79865 25.4663
    endloop
  endfacet
  facet normal 0.437315 0.277523 0.855416
    outer loop
      vertex 2.45441 1.78323 26.1021
      vertex 2.21155 1.60679 26.2835
      vertex 2.65855 1.46155 26.1021
    endloop
  endfacet
  facet normal 0.561672 0.46466 0.684555
    outer loop
      vertex 2.54167 2.38678 25.6902
      vertex 2.3955 2.24952 25.9033
      vertex 2.65855 1.93155 25.9033
    endloop
  endfacet
  facet normal 0.523162 0.331999 0.784906
    outer loop
      vertex 2.65855 1.93155 25.9033
      vertex 2.65855 1.46155 26.1021
      vertex 2.87967 1.58311 25.9033
    endloop
  endfacet
  facet normal 0.693274 0.225246 0.684569
    outer loop
      vertex 3.24182 1.28353 25.6902
      vertex 3.05538 1.20971 25.9033
      vertex 3.37712 0.867097 25.6902
    endloop
  endfacet
  facet normal 0.897776 0.422459 0.124602
    outer loop
      vertex 3.28615 1.80658 25
      vertex 3.26024 1.79233 25.235
      vertex 3.45917 1.36958 25.235
    endloop
  endfacet
  facet normal 0.720084 0.595699 0.35584
    outer loop
      vertex 3.00989 2.18681 25.235
      vertex 2.64775 2.4864 25.4663
      vertex 2.9385 2.13494 25.4663
    endloop
  endfacet
  facet normal 0.646435 0.534772 0.544188
    outer loop
      vertex 2.9385 2.13494 25.4663
      vertex 2.64775 2.4864 25.4663
      vertex 2.82077 2.04941 25.6902
    endloop
  endfacet
  facet normal 0.344025 0.868915 0.355856
    outer loop
      vertex 1.14968 3.53834 25.235
      vertex 1.12241 3.45441 25.4663
      vertex 1.58408 3.36635 25.235
    endloop
  endfacet
  facet normal 0.22809 0.576103 0.784908
    outer loop
      vertex 1.01548 3.12531 25.9033
      vertex 0.9375 2.88533 26.1021
      vertex 1.39917 2.9734 25.9033
    endloop
  endfacet
  facet normal 0.246747 0.961038 0.124584
    outer loop
      vertex 1.15881 3.56646 25
      vertex 0.697139 3.65453 25.235
      vertex 1.14968 3.53834 25.235
    endloop
  endfacet
  facet normal 0.344023 0.868918 0.35585
    outer loop
      vertex 1.58408 3.36635 25.235
      vertex 1.12241 3.45441 25.4663
      vertex 1.54651 3.2865 25.4663
    endloop
  endfacet
  facet normal 0.298498 0.542955 0.784919
    outer loop
      vertex 1.76081 2.77459 25.9033
      vertex 1.29173 2.74508 26.1021
      vertex 1.6256 2.56153 26.1021
    endloop
  endfacet
  facet normal 0.364188 0.501267 0.784919
    outer loop
      vertex 1.76081 2.77459 25.9033
      vertex 1.6256 2.56153 26.1021
      vertex 1.93383 2.33759 26.1021
    endloop
  endfacet
  facet normal 0.477417 0.394957 0.784909
    outer loop
      vertex 2.65855 1.93155 25.9033
      vertex 2.3955 2.24952 25.9033
      vertex 2.45441 1.78323 26.1021
    endloop
  endfacet
  facet normal 0.404171 0.735188 0.544192
    outer loop
      vertex 1.54651 3.2865 25.4663
      vertex 1.48455 3.15483 25.6902
      vertex 1.86825 2.94389 25.6902
    endloop
  endfacet
  facet normal -0.128804 0.501677 0.855412
    outer loop
      vertex -0.512231 2.68521 26.2835
      vertex -0.9375 2.88533 26.1021
      vertex -0.844738 2.59984 26.2835
    endloop
  endfacet
  facet normal 0.0533626 0.422368 0.904852
    outer loop
      vertex 0.171646 2.72824 26.2835
      vertex 0.15009 2.38562 26.4447
      vertex 0.512231 2.68521 26.2835
    endloop
  endfacet
  facet normal 0.25024 0.344428 0.904848
    outer loop
      vertex 1.46475 2.30808 26.2835
      vertex 1.28081 2.01823 26.4447
      vertex 1.52366 1.84179 26.4447
    endloop
  endfacet
  facet normal 0.249526 0.453879 0.855413
    outer loop
      vertex 1.6256 2.56153 26.1021
      vertex 1.29173 2.74508 26.1021
      vertex 1.46475 2.30808 26.2835
    endloop
  endfacet
  facet normal 0.359461 0.228128 0.904846
    outer loop
      vertex 2.21155 1.60679 26.2835
      vertex 1.93383 1.40501 26.4447
      vertex 2.3955 1.31694 26.2835
    endloop
  endfacet
  facet normal 0.560643 0.263821 0.784906
    outer loop
      vertex 2.87967 1.58311 25.9033
      vertex 2.65855 1.46155 26.1021
      vertex 3.05538 1.20971 25.9033
    endloop
  endfacet
  facet normal 0.888796 0.288793 0.355866
    outer loop
      vertex 3.60355 0.925233 25.235
      vertex 3.45917 1.36958 25.235
      vertex 3.51807 0.903288 25.4663
    endloop
  endfacet
  facet normal 0.888808 0.288783 0.355843
    outer loop
      vertex 3.45917 1.36958 25.235
      vertex 3.37712 1.3371 25.4663
      vertex 3.51807 0.903288 25.4663
    endloop
  endfacet
  facet normal 0.764518 0.632447 0.124592
    outer loop
      vertex 3.03381 2.20419 25
      vertex 2.71208 2.54681 25.235
      vertex 3.00989 2.18681 25.235
    endloop
  endfacet
  facet normal 0.837744 0.53166 0.124592
    outer loop
      vertex 3.03381 2.20419 25
      vertex 3.00989 2.18681 25.235
      vertex 3.26024 1.79233 25.235
    endloop
  endfacet
  facet normal 0.12435 0.984384 0.124596
    outer loop
      vertex 0.235464 3.7426 25
      vertex 0.233607 3.71309 25.235
      vertex 0.70268 3.68358 25
    endloop
  endfacet
  facet normal 0.125409 -0.0239241 0.991817
    outer loop
      vertex 1.14968 -0.145237 26.7832
      vertex 0.697139 -0.088069 26.8418
      vertex 1.12241 -0.288185 26.7832
    endloop
  endfacet
  facet normal 0.127419 -0.00800994 0.991817
    outer loop
      vertex 1.15881 0 26.7832
      vertex 0.697139 -0.088069 26.8418
      vertex 1.14968 -0.145237 26.7832
    endloop
  endfacet
  facet normal -0.201039 -0.276708 0.939689
    outer loop
      vertex -1.28081 -1.54823 26.5831
      vertex -1.52366 -1.84179 26.4447
      vertex -1.28081 -2.01823 26.4447
    endloop
  endfacet
  facet normal -0.125409 -0.0239244 0.991817
    outer loop
      vertex -0.697139 -0.088069 26.8418
      vertex -1.12241 -0.288185 26.7832
      vertex -0.680603 -0.174749 26.8418
    endloop
  endfacet
  facet normal 0.105873 -0.412358 0.904849
    outer loop
      vertex 0.738655 -2.27335 26.4447
      vertex 0.447905 -2.348 26.4447
      vertex 0.512231 -2.68521 26.2835
    endloop
  endfacet
  facet normal 0.0660664 -0.257326 0.964063
    outer loop
      vertex 0.620923 -1.91101 26.5831
      vertex 0.299186 -1.56839 26.6966
      vertex 0.376514 -1.97376 26.5831
    endloop
  endfacet
  facet normal -0.328039 -0.271375 0.904846
    outer loop
      vertex -1.93383 -1.40501 26.4447
      vertex -2.21155 -1.60679 26.2835
      vertex -1.99273 -1.8713 26.2835
    endloop
  endfacet
  facet normal -0.260964 -0.0497785 0.964064
    outer loop
      vertex -1.58408 -0.200115 26.6966
      vertex -1.99351 -0.251838 26.5831
      vertex -1.54651 -0.397076 26.6966
    endloop
  endfacet
  facet normal -0.974633 -0.185905 0.124616
    outer loop
      vertex -3.69109 -0.466293 25.235
      vertex -3.72043 -0.469999 25
      vertex -3.60355 -0.925233 25.235
    endloop
  endfacet
  facet normal -0.917986 -0.1751 0.355867
    outer loop
      vertex -3.51807 -0.903288 25.4663
      vertex -3.69109 -0.466293 25.235
      vertex -3.60355 -0.925233 25.235
    endloop
  endfacet
  facet normal -0.608629 -0.116105 0.784914
    outer loop
      vertex -2.9385 -0.754478 26.1021
      vertex -3.26024 -0.411863 25.9033
      vertex -3.18291 -0.817232 25.9033
    endloop
  endfacet
  facet normal -0.824095 -0.157212 0.544198
    outer loop
      vertex -3.45917 -0.436995 25.6902
      vertex -3.51807 -0.903288 25.4663
      vertex -3.37712 -0.867097 25.6902
    endloop
  endfacet
  facet normal -0.932714 -0.058688 0.35581
    outer loop
      vertex -3.60355 -0.455234 25.4663
      vertex -3.72043 0 25.235
      vertex -3.69109 -0.466293 25.235
    endloop
  endfacet
  facet normal -0.932709 -0.0586792 0.355825
    outer loop
      vertex -3.63219 0 25.4663
      vertex -3.72043 0 25.235
      vertex -3.60355 -0.455234 25.4663
    endloop
  endfacet
  facet normal -0.478007 0.869476 0.124581
    outer loop
      vertex -1.59667 3.3931 25
      vertex -1.99351 3.14126 25.235
      vertex -1.58408 3.36635 25.235
    endloop
  endfacet
  facet normal -0.175889 0.0827732 0.980924
    outer loop
      vertex -1.39917 0.769202 26.6966
      vertex -1.48455 0.587774 26.6966
      vertex -1.07744 0.426587 26.7832
    endloop
  endfacet
  facet normal -0.291435 0.310347 0.904848
    outer loop
      vertex -1.74248 2.1063 26.2835
      vertex -1.99273 1.8713 26.2835
      vertex -1.52366 1.84179 26.4447
    endloop
  endfacet
  facet normal -0.341355 -0.0214704 0.939689
    outer loop
      vertex -2.00935 0 26.5831
      vertex -2.39034 0 26.4447
      vertex -1.99351 -0.251838 26.5831
    endloop
  endfacet
  facet normal -0.194007 0.0122057 0.980924
    outer loop
      vertex -1.58408 0.200115 26.6966
      vertex -1.59667 0 26.6966
      vertex -1.15881 0 26.7832
    endloop
  endfacet
  facet normal -0.25267 0.0820954 0.964063
    outer loop
      vertex -1.48455 0.587774 26.6966
      vertex -1.86825 0.739691 26.5831
      vertex -1.54651 0.397076 26.6966
    endloop
  endfacet
  facet normal -0.11552 0.0543601 0.991817
    outer loop
      vertex -0.615763 0.338518 26.8418
      vertex -1.07744 0.426587 26.7832
      vertex -0.653335 0.258674 26.8418
    endloop
  endfacet
  facet normal -0.759098 0.357202 0.544221
    outer loop
      vertex -3.18291 1.74982 25.4663
      vertex -3.37712 1.3371 25.4663
      vertex -3.05538 1.67971 25.6902
    endloop
  endfacet
  facet normal -0.523159 0.332 0.784908
    outer loop
      vertex -2.65855 1.93155 25.9033
      vertex -2.65855 1.46155 26.1021
      vertex -2.45441 1.78323 26.1021
    endloop
  endfacet
  facet normal -0.897776 0.422459 0.124602
    outer loop
      vertex -3.28615 1.80658 25
      vertex -3.45917 1.36958 25.235
      vertex -3.26024 1.79233 25.235
    endloop
  endfacet
  facet normal -0.918002 0.175137 0.355809
    outer loop
      vertex -3.51807 0.903288 25.4663
      vertex -3.69109 0.466293 25.235
      vertex -3.60355 0.455234 25.4663
    endloop
  endfacet
  facet normal -0.974634 0.185914 0.124599
    outer loop
      vertex -3.63219 0.932587 25
      vertex -3.72043 0.469999 25
      vertex -3.60355 0.925233 25.235
    endloop
  endfacet
  facet normal -0.974633 0.185905 0.124616
    outer loop
      vertex -3.60355 0.925233 25.235
      vertex -3.72043 0.469999 25
      vertex -3.69109 0.466293 25.235
    endloop
  endfacet
  facet normal -0.917986 0.1751 0.355867
    outer loop
      vertex -3.60355 0.925233 25.235
      vertex -3.69109 0.466293 25.235
      vertex -3.51807 0.903288 25.4663
    endloop
  endfacet
  facet normal -0.797897 0.259245 0.544198
    outer loop
      vertex -3.37712 1.3371 25.4663
      vertex -3.51807 0.903288 25.4663
      vertex -3.37712 0.867097 25.6902
    endloop
  endfacet
  facet normal -0.72753 0.0457667 0.684547
    outer loop
      vertex -3.45917 0.436995 25.6902
      vertex -3.48666 0 25.6902
      vertex -3.28615 0 25.9033
    endloop
  endfacet
  facet normal -0.341355 0.0214704 0.939689
    outer loop
      vertex -1.99351 0.251838 26.5831
      vertex -2.39034 0 26.4447
      vertex -2.00935 0 26.5831
    endloop
  endfacet
  facet normal -0.716053 0.136601 0.68455
    outer loop
      vertex -3.37712 0.867097 25.6902
      vertex -3.45917 0.436995 25.6902
      vertex -3.26024 0.411863 25.9033
    endloop
  endfacet
  facet normal -0.65957 0.310372 0.68457
    outer loop
      vertex -2.87967 1.58311 25.9033
      vertex -3.24182 1.28353 25.6902
      vertex -3.05538 1.20971 25.9033
    endloop
  endfacet
  facet normal -0.659577 0.310393 0.684554
    outer loop
      vertex -3.05538 1.67971 25.6902
      vertex -3.24182 1.28353 25.6902
      vertex -2.87967 1.58311 25.9033
    endloop
  endfacet
  facet normal -0.943643 -0.306617 0.124595
    outer loop
      vertex -3.45917 -1.36958 25.235
      vertex -3.63219 -0.932587 25
      vertex -3.48666 -1.38047 25
    endloop
  endfacet
  facet normal -0.764518 -0.632447 0.124592
    outer loop
      vertex -3.00989 -2.18681 25.235
      vertex -3.03381 -2.20419 25
      vertex -2.71208 -2.54681 25.235
    endloop
  endfacet
  facet normal -0.65957 -0.310372 0.68457
    outer loop
      vertex -3.05538 -1.20971 25.9033
      vertex -3.24182 -1.28353 25.6902
      vertex -2.87967 -1.58311 25.9033
    endloop
  endfacet
  facet normal -0.608627 -0.116102 0.784917
    outer loop
      vertex -3.00989 -0.380238 26.1021
      vertex -3.26024 -0.411863 25.9033
      vertex -2.9385 -0.754478 26.1021
    endloop
  endfacet
  facet normal -0.492601 -0.160049 0.855411
    outer loop
      vertex -2.64775 -0.679826 26.2835
      vertex -2.9385 -0.754478 26.1021
      vertex -2.54167 -1.00632 26.2835
    endloop
  endfacet
  facet normal -0.468656 -0.220536 0.855409
    outer loop
      vertex -2.54167 -1.00632 26.2835
      vertex -2.82077 -1.11682 26.1021
      vertex -2.65855 -1.46155 26.1021
    endloop
  endfacet
  facet normal -0.492603 -0.160053 0.85541
    outer loop
      vertex -2.54167 -1.00632 26.2835
      vertex -2.9385 -0.754478 26.1021
      vertex -2.82077 -1.11682 26.1021
    endloop
  endfacet
  facet normal -0.523162 -0.331999 0.784906
    outer loop
      vertex -2.65855 -1.46155 26.1021
      vertex -2.87967 -1.58311 25.9033
      vertex -2.65855 -1.93155 25.9033
    endloop
  endfacet
  facet normal -0.428481 -0.589737 0.684554
    outer loop
      vertex -1.76081 -2.77459 25.9033
      vertex -2.22248 -2.68652 25.6902
      vertex -1.86825 -2.94389 25.6902
    endloop
  endfacet
  facet normal 0.0776552 -0.614731 0.784905
    outer loop
      vertex 0.56848 -2.98008 26.1021
      vertex 0.206339 -3.27966 25.9033
      vertex 0.615763 -3.22794 25.9033
    endloop
  endfacet
  facet normal 0.249517 -0.453876 0.855417
    outer loop
      vertex 1.46475 -2.30808 26.2835
      vertex 1.16392 -2.47346 26.2835
      vertex 1.29173 -2.74508 26.1021
    endloop
  endfacet
  facet normal 0.0649152 -0.513863 0.855413
    outer loop
      vertex 0.56848 -2.98008 26.1021
      vertex 0.171646 -2.72824 26.2835
      vertex 0.190495 -3.02783 26.1021
    endloop
  endfacet
  facet normal 0.10515 -0.832332 0.544212
    outer loop
      vertex 0.653335 -3.4249 25.6902
      vertex 0.228066 -3.62502 25.4663
      vertex 0.680603 -3.56785 25.4663
    endloop
  endfacet
  facet normal 0 -0.728959 0.684558
    outer loop
      vertex -0.218929 -3.47978 25.6902
      vertex 0.206339 -3.27966 25.9033
      vertex -0.206339 -3.27966 25.9033
    endloop
  endfacet
  facet normal 0 -0.728959 0.684558
    outer loop
      vertex 0.206339 -3.27966 25.9033
      vertex -0.218929 -3.47978 25.6902
      vertex 0.218929 -3.47978 25.6902
    endloop
  endfacet
  facet normal -0.351177 -0.638791 0.684558
    outer loop
      vertex -1.39917 -2.9734 25.9033
      vertex -1.86825 -2.94389 25.6902
      vertex -1.48455 -3.15483 25.6902
    endloop
  endfacet
  facet normal -0.404168 -0.735187 0.544195
    outer loop
      vertex -1.86825 -2.94389 25.6902
      vertex -1.94622 -3.06676 25.4663
      vertex -1.54651 -3.2865 25.4663
    endloop
  endfacet
  facet normal -0.246763 -0.96103 0.124618
    outer loop
      vertex -0.697139 -3.65453 25.235
      vertex -1.15881 -3.56646 25
      vertex -0.70268 -3.68358 25
    endloop
  endfacet
  facet normal 0.124361 -0.98438 0.124618
    outer loop
      vertex 0.697139 -3.65453 25.235
      vertex 0.233607 -3.71309 25.235
      vertex 0.70268 -3.68358 25
    endloop
  endfacet
  facet normal 0 -0.934547 0.355839
    outer loop
      vertex -0.233607 -3.71309 25.235
      vertex 0.228066 -3.62502 25.4663
      vertex -0.228066 -3.62502 25.4663
    endloop
  endfacet
  facet normal 0 -0.934547 0.355839
    outer loop
      vertex 0.228066 -3.62502 25.4663
      vertex -0.233607 -3.71309 25.235
      vertex 0.233607 -3.71309 25.235
    endloop
  endfacet
  facet normal -0.268339 -0.677773 0.684557
    outer loop
      vertex -1.39917 -2.9734 25.9033
      vertex -1.48455 -3.15483 25.6902
      vertex -1.07744 -3.31601 25.6902
    endloop
  endfacet
  facet normal -0.49313 -0.678731 0.544194
    outer loop
      vertex -1.86825 -2.94389 25.6902
      vertex -2.31524 -2.79865 25.4663
      vertex -1.94622 -3.06676 25.4663
    endloop
  endfacet
  facet normal -0.364188 -0.501267 0.784919
    outer loop
      vertex -1.6256 -2.56153 26.1021
      vertex -1.93383 -2.33759 26.1021
      vertex -1.76081 -2.77459 25.9033
    endloop
  endfacet
  facet normal -0.399083 -0.330158 0.855411
    outer loop
      vertex -1.99273 -1.8713 26.2835
      vertex -2.45441 -1.78323 26.1021
      vertex -2.21155 -2.07679 26.1021
    endloop
  endfacet
  facet normal -0.304439 -0.419029 0.855413
    outer loop
      vertex -1.46475 -2.30808 26.2835
      vertex -1.93383 -2.33759 26.1021
      vertex -1.6256 -2.56153 26.1021
    endloop
  endfacet
  facet normal -0.228093 -0.576096 0.784912
    outer loop
      vertex -1.29173 -2.74508 26.1021
      vertex -1.39917 -2.9734 25.9033
      vertex -0.9375 -2.88533 26.1021
    endloop
  endfacet
  facet normal -0.298498 -0.542955 0.784919
    outer loop
      vertex -1.6256 -2.56153 26.1021
      vertex -1.76081 -2.77459 25.9033
      vertex -1.29173 -2.74508 26.1021
    endloop
  endfacet
  facet normal -0.249526 -0.453879 0.855413
    outer loop
      vertex -1.46475 -2.30808 26.2835
      vertex -1.6256 -2.56153 26.1021
      vertex -1.29173 -2.74508 26.1021
    endloop
  endfacet
  facet normal 0.493132 -0.67872 0.544206
    outer loop
      vertex 2.22248 -2.68652 25.6902
      vertex 1.86825 -2.94389 25.6902
      vertex 2.31524 -2.79865 25.4663
    endloop
  endfacet
  facet normal 0.246747 -0.961038 0.124584
    outer loop
      vertex 1.14968 -3.53834 25.235
      vertex 0.697139 -3.65453 25.235
      vertex 1.15881 -3.56646 25
    endloop
  endfacet
  facet normal 0.492603 0.160053 0.85541
    outer loop
      vertex 2.82077 1.11682 26.1021
      vertex 2.54167 1.00632 26.2835
      vertex 2.9385 0.754478 26.1021
    endloop
  endfacet
  facet normal 0.618379 0.038901 0.784917
    outer loop
      vertex 3.26024 0.411863 25.9033
      vertex 3.00989 0.380238 26.1021
      vertex 3.03381 0 26.1021
    endloop
  endfacet
  facet normal 0.608627 -0.116102 0.784917
    outer loop
      vertex 3.00989 -0.380238 26.1021
      vertex 2.9385 -0.754478 26.1021
      vertex 3.26024 -0.411863 25.9033
    endloop
  endfacet
  facet normal 0.560643 -0.263821 0.784906
    outer loop
      vertex 3.05538 -1.20971 25.9033
      vertex 2.65855 -1.46155 26.1021
      vertex 2.87967 -1.58311 25.9033
    endloop
  endfacet
  facet normal 0.837288 0.0526712 0.544219
    outer loop
      vertex 3.63219 0 25.4663
      vertex 3.45917 0.436995 25.6902
      vertex 3.48666 0 25.6902
    endloop
  endfacet
  facet normal 0.837288 -0.0526712 0.544219
    outer loop
      vertex 3.48666 0 25.6902
      vertex 3.45917 -0.436995 25.6902
      vertex 3.63219 0 25.4663
    endloop
  endfacet
  facet normal 0.561672 -0.46466 0.684555
    outer loop
      vertex 2.65855 -1.93155 25.9033
      vertex 2.3955 -2.24952 25.9033
      vertex 2.54167 -2.38678 25.6902
    endloop
  endfacet
  facet normal 0.561671 -0.46466 0.684556
    outer loop
      vertex 2.65855 -1.93155 25.9033
      vertex 2.54167 -2.38678 25.6902
      vertex 2.82077 -2.04941 25.6902
    endloop
  endfacet
  facet normal 0.639741 -0.681249 0.355853
    outer loop
      vertex 2.64775 -2.4864 25.4663
      vertex 2.31524 -2.79865 25.4663
      vertex 2.71208 -2.54681 25.235
    endloop
  endfacet
  facet normal 0.65957 -0.310372 0.68457
    outer loop
      vertex 3.05538 -1.20971 25.9033
      vertex 2.87967 -1.58311 25.9033
      vertex 3.24182 -1.28353 25.6902
    endloop
  endfacet
  facet normal 0.693274 -0.225246 0.684569
    outer loop
      vertex 3.37712 -0.867097 25.6902
      vertex 3.05538 -1.20971 25.9033
      vertex 3.24182 -1.28353 25.6902
    endloop
  endfacet
  facet normal 0.888808 -0.288783 0.355843
    outer loop
      vertex 3.51807 -0.903288 25.4663
      vertex 3.37712 -1.3371 25.4663
      vertex 3.45917 -1.36958 25.235
    endloop
  endfacet
  facet normal 0.764515 -0.632453 0.124579
    outer loop
      vertex 3.03381 -2.20419 25
      vertex 2.71208 -2.54681 25.235
      vertex 2.73363 -2.56705 25
    endloop
  endfacet
  facet normal 0.759098 -0.357202 0.544221
    outer loop
      vertex 3.37712 -1.3371 25.4663
      vertex 3.05538 -1.67971 25.6902
      vertex 3.18291 -1.74982 25.4663
    endloop
  endfacet
  facet normal 0.708349 -0.449515 0.544222
    outer loop
      vertex 3.05538 -1.67971 25.6902
      vertex 2.82077 -2.04941 25.6902
      vertex 3.18291 -1.74982 25.4663
    endloop
  endfacet
  facet normal 0.105871 -0.412357 0.904849
    outer loop
      vertex 0.738655 -2.27335 26.4447
      vertex 0.512231 -2.68521 26.2835
      vertex 0.844738 -2.59984 26.2835
    endloop
  endfacet
  facet normal 0.250238 -0.344427 0.904848
    outer loop
      vertex 1.52366 -1.84179 26.4447
      vertex 1.46475 -2.30808 26.2835
      vertex 1.74248 -2.1063 26.2835
    endloop
  endfacet
  facet normal 0.249526 -0.453879 0.855413
    outer loop
      vertex 1.46475 -2.30808 26.2835
      vertex 1.29173 -2.74508 26.1021
      vertex 1.6256 -2.56153 26.1021
    endloop
  endfacet
  facet normal 0.201039 -0.276708 0.939689
    outer loop
      vertex 1.28081 -1.54823 26.5831
      vertex 1.28081 -2.01823 26.4447
      vertex 1.52366 -1.84179 26.4447
    endloop
  endfacet
  facet normal 0.364203 -0.501269 0.784911
    outer loop
      vertex 1.93383 -2.33759 26.1021
      vertex 1.76081 -2.77459 25.9033
      vertex 2.09467 -2.53202 25.9033
    endloop
  endfacet
  facet normal 0.499011 -0.531389 0.684553
    outer loop
      vertex 2.3955 -2.24952 25.9033
      vertex 2.09467 -2.53202 25.9033
      vertex 2.22248 -2.68652 25.6902
    endloop
  endfacet
  facet normal 0.208645 -0.812597 0.544199
    outer loop
      vertex 1.07744 -3.31601 25.6902
      vertex 0.680603 -3.56785 25.4663
      vertex 1.12241 -3.45441 25.4663
    endloop
  endfacet
  facet normal 0.232406 -0.905182 0.355856
    outer loop
      vertex 1.12241 -3.45441 25.4663
      vertex 0.697139 -3.65453 25.235
      vertex 1.14968 -3.53834 25.235
    endloop
  endfacet
  facet normal 0.424154 -0.451672 0.784911
    outer loop
      vertex 2.21155 -2.07679 26.1021
      vertex 1.93383 -2.33759 26.1021
      vertex 2.3955 -2.24952 25.9033
    endloop
  endfacet
  facet normal 0.399083 -0.330147 0.855416
    outer loop
      vertex 2.21155 -1.60679 26.2835
      vertex 1.99273 -1.8713 26.2835
      vertex 2.45441 -1.78323 26.1021
    endloop
  endfacet
  facet normal 0.328039 -0.271375 0.904846
    outer loop
      vertex 2.21155 -1.60679 26.2835
      vertex 1.93383 -1.40501 26.4447
      vertex 1.99273 -1.8713 26.2835
    endloop
  endfacet
  facet normal 0.399083 -0.330158 0.855411
    outer loop
      vertex 2.45441 -1.78323 26.1021
      vertex 1.99273 -1.8713 26.2835
      vertex 2.21155 -2.07679 26.1021
    endloop
  endfacet
  facet normal 0.127421 -0.00801688 0.991816
    outer loop
      vertex 0.70268 0 26.8418
      vertex 0.697139 -0.088069 26.8418
      vertex 1.15881 0 26.7832
    endloop
  endfacet
  facet normal 0.063014 -0.00396462 0.998005
    outer loop
      vertex 0.70268 0 26.8418
      vertex 0.235464 0 26.8713
      vertex 0.697139 -0.088069 26.8418
    endloop
  endfacet
  facet normal -0.0432217 0.0460258 0.998005
    outer loop
      vertex -0.447905 0.541424 26.8418
      vertex -0.512231 0.481017 26.8418
      vertex -0.171646 0.161186 26.8713
    endloop
  endfacet
  facet normal 0.03175 0.12366 0.991817
    outer loop
      vertex 0.217139 1.13829 26.7832
      vertex 0.217139 0.668288 26.8418
      vertex 0.358092 1.1021 26.7832
    endloop
  endfacet
  facet normal 0.190951 0.0364274 0.980924
    outer loop
      vertex 1.58408 0.200115 26.6966
      vertex 1.12241 0.288185 26.7832
      vertex 1.14968 0.145237 26.7832
    endloop
  endfacet
  facet normal 0.121422 0.0394529 0.991817
    outer loop
      vertex 1.07744 0.426587 26.7832
      vertex 0.653335 0.258674 26.8418
      vertex 1.12241 0.288185 26.7832
    endloop
  endfacet
  facet normal 0.133073 0.141702 0.980924
    outer loop
      vertex 1.01776 1.23026 26.6966
      vertex 0.844738 0.793262 26.7832
      vertex 1.16392 1.093 26.6966
    endloop
  endfacet
  facet normal 0.149782 0.12391 0.980924
    outer loop
      vertex 1.29173 0.9385 26.6966
      vertex 0.844738 0.793262 26.7832
      vertex 0.937499 0.681133 26.7832
    endloop
  endfacet
  facet normal 0.325295 0.105693 0.939687
    outer loop
      vertex 2.22248 0.879942 26.4447
      vertex 1.86825 0.739691 26.5831
      vertex 2.31524 0.594453 26.4447
    endloop
  endfacet
  facet normal 0.608627 0.116102 0.784917
    outer loop
      vertex 3.26024 0.411863 25.9033
      vertex 2.9385 0.754478 26.1021
      vertex 3.00989 0.380238 26.1021
    endloop
  endfacet
  facet normal 0.309482 0.145632 0.939687
    outer loop
      vertex 2.22248 0.879942 26.4447
      vertex 1.76081 0.968012 26.5831
      vertex 1.86825 0.739691 26.5831
    endloop
  endfacet
  facet normal 0.25267 0.0820954 0.964063
    outer loop
      vertex 1.86825 0.739691 26.5831
      vertex 1.48455 0.587774 26.6966
      vertex 1.54651 0.397076 26.6966
    endloop
  endfacet
  facet normal 0.260964 0.0497785 0.964064
    outer loop
      vertex 1.99351 0.251838 26.5831
      vertex 1.54651 0.397076 26.6966
      vertex 1.58408 0.200115 26.6966
    endloop
  endfacet
  facet normal 0.418185 0.0797752 0.904852
    outer loop
      vertex 2.71208 0.342614 26.2835
      vertex 2.31524 0.594453 26.4447
      vertex 2.37149 0.299588 26.4447
    endloop
  endfacet
  facet normal 0.335976 -0.0640926 0.939687
    outer loop
      vertex 2.37149 -0.299588 26.4447
      vertex 1.99351 -0.251838 26.5831
      vertex 2.31524 -0.594453 26.4447
    endloop
  endfacet
  facet normal 0.618379 -0.038901 0.784917
    outer loop
      vertex 3.03381 0 26.1021
      vertex 3.00989 -0.380238 26.1021
      vertex 3.26024 -0.411863 25.9033
    endloop
  endfacet
  facet normal 0.184878 -0.0600712 0.980924
    outer loop
      vertex 1.12241 -0.288185 26.7832
      vertex 1.07744 -0.426587 26.7832
      vertex 1.54651 -0.397076 26.6966
    endloop
  endfacet
  facet normal 0.0232446 -0.058704 0.998005
    outer loop
      vertex 0.100255 -0.213054 26.8713
      vertex 0.0727625 -0.22394 26.8713
      vertex 0.299186 -0.635803 26.8418
    endloop
  endfacet
  facet normal 0.252674 0.0820918 0.964063
    outer loop
      vertex 1.86825 0.739691 26.5831
      vertex 1.54651 0.397076 26.6966
      vertex 1.94622 0.499704 26.5831
    endloop
  endfacet
  facet normal 0.194007 0.0122057 0.980924
    outer loop
      vertex 1.58408 0.200115 26.6966
      vertex 1.15881 0 26.7832
      vertex 1.59667 0 26.6966
    endloop
  endfacet
  facet normal 0.424893 -0.0267253 0.904849
    outer loop
      vertex 2.73363 0 26.2835
      vertex 2.39034 0 26.4447
      vertex 2.71208 -0.342614 26.2835
    endloop
  endfacet
  facet normal 0.309482 -0.145632 0.939687
    outer loop
      vertex 2.22248 -0.879942 26.4447
      vertex 1.76081 -0.968012 26.5831
      vertex 2.09467 -1.15155 26.4447
    endloop
  endfacet
  facet normal -0.105873 0.412358 0.904849
    outer loop
      vertex -0.512231 2.68521 26.2835
      vertex -0.738655 2.27335 26.4447
      vertex -0.447905 2.348 26.4447
    endloop
  endfacet
  facet normal 0.0660664 0.257326 0.964063
    outer loop
      vertex 0.376514 1.97376 26.5831
      vertex 0.299186 1.56839 26.6966
      vertex 0.620923 1.91101 26.5831
    endloop
  endfacet
  facet normal 0.114254 0.157272 0.980924
    outer loop
      vertex 0.855539 1.34811 26.6966
      vertex 0.620923 0.978418 26.7832
      vertex 1.01776 1.23026 26.6966
    endloop
  endfacet
  facet normal 0.0850577 0.331286 0.939689
    outer loop
      vertex 0.447905 2.348 26.4447
      vertex 0.376514 1.97376 26.5831
      vertex 0.738655 2.27335 26.4447
    endloop
  endfacet
  facet normal -0.127421 0.00801688 0.991816
    outer loop
      vertex -0.697139 0.088069 26.8418
      vertex -1.15881 0 26.7832
      vertex -0.70268 0 26.8418
    endloop
  endfacet
  facet normal -0.127421 -0.00801688 0.991816
    outer loop
      vertex -0.70268 0 26.8418
      vertex -1.15881 0 26.7832
      vertex -0.697139 -0.088069 26.8418
    endloop
  endfacet
  facet normal -0.0469974 -0.118706 0.991817
    outer loop
      vertex -0.217139 -0.668288 26.8418
      vertex -0.493399 -1.04853 26.7832
      vertex -0.358092 -1.1021 26.7832
    endloop
  endfacet
  facet normal -0.063014 0.00396462 0.998005
    outer loop
      vertex -0.697139 0.088069 26.8418
      vertex -0.70268 0 26.8418
      vertex -0.235464 0 26.8713
    endloop
  endfacet
  facet normal -0.298494 0.542968 0.784912
    outer loop
      vertex -1.39917 2.9734 25.9033
      vertex -1.76081 2.77459 25.9033
      vertex -1.29173 2.74508 26.1021
    endloop
  endfacet
  facet normal -0.574306 0.611569 0.544202
    outer loop
      vertex -2.31524 2.79865 25.4663
      vertex -2.64775 2.4864 25.4663
      vertex -2.54167 2.38678 25.6902
    endloop
  endfacet
  facet normal -0.0160023 0.126664 0.991817
    outer loop
      vertex -0.0727625 1.15653 26.7832
      vertex -0.217139 1.13829 26.7832
      vertex -0.131669 0.690233 26.8418
    endloop
  endfacet
  facet normal 0.0660636 0.257329 0.964063
    outer loop
      vertex 0.620923 1.91101 26.5831
      vertex 0.299186 1.56839 26.6966
      vertex 0.493399 1.51853 26.6966
    endloop
  endfacet
  facet normal -0.450226 0.818944 0.355848
    outer loop
      vertex -1.58408 3.36635 25.235
      vertex -1.99351 3.14126 25.235
      vertex -1.54651 3.2865 25.4663
    endloop
  endfacet
  facet normal -0.492603 0.160053 0.85541
    outer loop
      vertex -2.82077 1.11682 26.1021
      vertex -2.9385 0.754478 26.1021
      vertex -2.54167 1.00632 26.2835
    endloop
  endfacet
  facet normal -0.232406 0.905182 0.355856
    outer loop
      vertex -0.697139 3.65453 25.235
      vertex -1.14968 3.53834 25.235
      vertex -1.12241 3.45441 25.4663
    endloop
  endfacet
  facet normal -0.246747 0.961038 0.124584
    outer loop
      vertex -0.697139 3.65453 25.235
      vertex -1.15881 3.56646 25
      vertex -1.14968 3.53834 25.235
    endloop
  endfacet
  facet normal 0.0913657 0.723211 0.684557
    outer loop
      vertex 0.218929 3.47978 25.6902
      vertex 0.206339 3.27966 25.9033
      vertex 0.653335 3.4249 25.6902
    endloop
  endfacet
  facet normal -0.10515 0.832332 0.544212
    outer loop
      vertex -0.228066 3.62502 25.4663
      vertex -0.680603 3.56785 25.4663
      vertex -0.653335 3.4249 25.6902
    endloop
  endfacet
  facet normal -0.208635 0.812592 0.544212
    outer loop
      vertex -0.680603 3.56785 25.4663
      vertex -1.07744 3.31601 25.6902
      vertex -0.653335 3.4249 25.6902
    endloop
  endfacet
  facet normal 0.0533546 0.422376 0.904849
    outer loop
      vertex 0.512231 2.68521 26.2835
      vertex 0.15009 2.38562 26.4447
      vertex 0.447905 2.348 26.4447
    endloop
  endfacet
  facet normal 0.124361 0.98438 0.124618
    outer loop
      vertex 0.70268 3.68358 25
      vertex 0.233607 3.71309 25.235
      vertex 0.697139 3.65453 25.235
    endloop
  endfacet
  facet normal 0.477995 0.869479 0.124606
    outer loop
      vertex 2.00935 3.16623 25
      vertex 1.59667 3.3931 25
      vertex 1.99351 3.14126 25.235
    endloop
  endfacet
  facet normal 0.917986 0.1751 0.355867
    outer loop
      vertex 3.60355 0.925233 25.235
      vertex 3.51807 0.903288 25.4663
      vertex 3.69109 0.466293 25.235
    endloop
  endfacet
  facet normal 0.974633 0.185905 0.124616
    outer loop
      vertex 3.72043 0.469999 25
      vertex 3.60355 0.925233 25.235
      vertex 3.69109 0.466293 25.235
    endloop
  endfacet
  facet normal 0.720085 0.59569 0.355853
    outer loop
      vertex 2.71208 2.54681 25.235
      vertex 2.64775 2.4864 25.4663
      vertex 3.00989 2.18681 25.235
    endloop
  endfacet
  facet normal 0.639741 0.681249 0.355853
    outer loop
      vertex 2.71208 2.54681 25.235
      vertex 2.31524 2.79865 25.4663
      vertex 2.64775 2.4864 25.4663
    endloop
  endfacet
  facet normal 0.615487 0.390588 0.684556
    outer loop
      vertex 2.82077 2.04941 25.6902
      vertex 2.65855 1.93155 25.9033
      vertex 2.87967 1.58311 25.9033
    endloop
  endfacet
  facet normal 0.759098 0.357202 0.544221
    outer loop
      vertex 3.18291 1.74982 25.4663
      vertex 3.05538 1.67971 25.6902
      vertex 3.37712 1.3371 25.4663
    endloop
  endfacet
  facet normal 0.232406 0.905182 0.355856
    outer loop
      vertex 1.14968 3.53834 25.235
      vertex 0.697139 3.65453 25.235
      vertex 1.12241 3.45441 25.4663
    endloop
  endfacet
  facet normal 0.117134 0.927178 0.355839
    outer loop
      vertex 0.233607 3.71309 25.235
      vertex 0.228066 3.62502 25.4663
      vertex 0.697139 3.65453 25.235
    endloop
  endfacet
  facet normal 0.493132 0.67872 0.544206
    outer loop
      vertex 2.31524 2.79865 25.4663
      vertex 1.86825 2.94389 25.6902
      vertex 2.22248 2.68652 25.6902
    endloop
  endfacet
  facet normal 0.428481 0.589737 0.684554
    outer loop
      vertex 1.86825 2.94389 25.6902
      vertex 1.76081 2.77459 25.9033
      vertex 2.22248 2.68652 25.6902
    endloop
  endfacet
  facet normal 0.499011 0.531389 0.684553
    outer loop
      vertex 2.22248 2.68652 25.6902
      vertex 2.09467 2.53202 25.9033
      vertex 2.3955 2.24952 25.9033
    endloop
  endfacet
  facet normal 0.304439 0.419029 0.855413
    outer loop
      vertex 1.6256 2.56153 26.1021
      vertex 1.46475 2.30808 26.2835
      vertex 1.93383 2.33759 26.1021
    endloop
  endfacet
  facet normal 0.308832 0.78005 0.544191
    outer loop
      vertex 1.54651 3.2865 25.4663
      vertex 1.07744 3.31601 25.6902
      vertex 1.48455 3.15483 25.6902
    endloop
  endfacet
  facet normal 0.268344 0.677775 0.684553
    outer loop
      vertex 1.07744 3.31601 25.6902
      vertex 1.01548 3.12531 25.9033
      vertex 1.39917 2.9734 25.9033
    endloop
  endfacet
  facet normal 0.154095 0.600149 0.784905
    outer loop
      vertex 0.615763 3.22794 25.9033
      vertex 0.56848 2.98008 26.1021
      vertex 0.9375 2.88533 26.1021
    endloop
  endfacet
  facet normal 0.0776579 0.614733 0.784903
    outer loop
      vertex 0.206339 3.27966 25.9033
      vertex 0.190495 3.02783 26.1021
      vertex 0.56848 2.98008 26.1021
    endloop
  endfacet
  facet normal 0.354558 0.377566 0.855413
    outer loop
      vertex 1.93383 2.33759 26.1021
      vertex 1.74248 2.1063 26.2835
      vertex 1.99273 1.8713 26.2835
    endloop
  endfacet
  facet normal 0.234142 0.249324 0.939689
    outer loop
      vertex 1.52366 1.84179 26.4447
      vertex 1.28081 1.54823 26.5831
      vertex 1.46475 1.37549 26.5831
    endloop
  endfacet
  facet normal 0.304439 0.41903 0.855413
    outer loop
      vertex 1.93383 2.33759 26.1021
      vertex 1.46475 2.30808 26.2835
      vertex 1.74248 2.1063 26.2835
    endloop
  endfacet
  facet normal 0.354563 0.377566 0.855411
    outer loop
      vertex 2.21155 2.07679 26.1021
      vertex 1.93383 2.33759 26.1021
      vertex 1.99273 1.8713 26.2835
    endloop
  endfacet
  facet normal 0.228093 0.576096 0.784912
    outer loop
      vertex 1.39917 2.9734 25.9033
      vertex 0.9375 2.88533 26.1021
      vertex 1.29173 2.74508 26.1021
    endloop
  endfacet
  facet normal 0.249517 0.453876 0.855417
    outer loop
      vertex 1.29173 2.74508 26.1021
      vertex 1.16392 2.47346 26.2835
      vertex 1.46475 2.30808 26.2835
    endloop
  endfacet
  facet normal 0.328039 0.271375 0.904846
    outer loop
      vertex 1.99273 1.8713 26.2835
      vertex 1.93383 1.40501 26.4447
      vertex 2.21155 1.60679 26.2835
    endloop
  endfacet
  facet normal 0.328023 0.271379 0.90485
    outer loop
      vertex 1.99273 1.8713 26.2835
      vertex 1.74248 1.6363 26.4447
      vertex 1.93383 1.40501 26.4447
    endloop
  endfacet
  facet normal 0.845604 0.397909 0.35584
    outer loop
      vertex 3.26024 1.79233 25.235
      vertex 3.18291 1.74982 25.4663
      vertex 3.37712 1.3371 25.4663
    endloop
  endfacet
  facet normal 0.708349 0.449515 0.544222
    outer loop
      vertex 3.18291 1.74982 25.4663
      vertex 2.82077 2.04941 25.6902
      vertex 3.05538 1.67971 25.6902
    endloop
  endfacet
  facet normal -0.0232431 0.0587048 0.998005
    outer loop
      vertex -0.217139 0.668288 26.8418
      vertex -0.299186 0.635803 26.8418
      vertex -0.0727625 0.22394 26.8713
    endloop
  endfacet
  facet normal -0.0715667 -0.18074 0.980924
    outer loop
      vertex -0.493399 -1.04853 26.7832
      vertex -0.67983 -1.44471 26.6966
      vertex -0.493399 -1.51853 26.6966
    endloop
  endfacet
  facet normal -0.25024 -0.344428 0.904848
    outer loop
      vertex -1.28081 -2.01823 26.4447
      vertex -1.52366 -1.84179 26.4447
      vertex -1.46475 -2.30808 26.2835
    endloop
  endfacet
  facet normal -0.125409 -0.0239241 0.991817
    outer loop
      vertex -0.697139 -0.088069 26.8418
      vertex -1.14968 -0.145237 26.7832
      vertex -1.12241 -0.288185 26.7832
    endloop
  endfacet
  facet normal -0.190951 -0.0364274 0.980924
    outer loop
      vertex -1.14968 -0.145237 26.7832
      vertex -1.58408 -0.200115 26.6966
      vertex -1.12241 -0.288185 26.7832
    endloop
  endfacet
  facet normal 0.15673 -0.395833 0.904849
    outer loop
      vertex 1.16392 -2.47346 26.2835
      vertex 0.738655 -2.27335 26.4447
      vertex 0.844738 -2.59984 26.2835
    endloop
  endfacet
  facet normal 0.149782 -0.12391 0.980924
    outer loop
      vertex 0.937499 -0.681133 26.7832
      vertex 0.844738 -0.793262 26.7832
      vertex 1.29173 -0.9385 26.6966
    endloop
  endfacet
  facet normal -0.359459 -0.228104 0.904852
    outer loop
      vertex -2.09467 -1.15155 26.4447
      vertex -2.3955 -1.31694 26.2835
      vertex -1.93383 -1.40501 26.4447
    endloop
  endfacet
  facet normal -0.0873972 -0.0930691 0.991816
    outer loop
      vertex -0.447905 -0.541424 26.8418
      vertex -0.844738 -0.793262 26.7832
      vertex -0.738655 -0.89288 26.7832
    endloop
  endfacet
  facet normal -0.265148 -0.0166772 0.964064
    outer loop
      vertex -1.59667 0 26.6966
      vertex -2.00935 0 26.5831
      vertex -1.99351 -0.251838 26.5831
    endloop
  endfacet
  facet normal -0.404893 -0.131552 0.904851
    outer loop
      vertex -2.31524 -0.594453 26.4447
      vertex -2.64775 -0.679826 26.2835
      vertex -2.54167 -1.00632 26.2835
    endloop
  endfacet
  facet normal -0.990248 -0.0623082 0.124603
    outer loop
      vertex -3.72043 0 25.235
      vertex -3.75 0 25
      vertex -3.69109 -0.466293 25.235
    endloop
  endfacet
  facet normal -0.990247 -0.0623014 0.124616
    outer loop
      vertex -3.69109 -0.466293 25.235
      vertex -3.75 0 25
      vertex -3.72043 -0.469999 25
    endloop
  endfacet
  facet normal -0.824085 -0.157219 0.544211
    outer loop
      vertex -3.45917 -0.436995 25.6902
      vertex -3.60355 -0.455234 25.4663
      vertex -3.51807 -0.903288 25.4663
    endloop
  endfacet
  facet normal -0.837292 -0.0526763 0.544212
    outer loop
      vertex -3.45917 -0.436995 25.6902
      vertex -3.63219 0 25.4663
      vertex -3.60355 -0.455234 25.4663
    endloop
  endfacet
  facet normal -0.246763 0.96103 0.124618
    outer loop
      vertex -0.70268 3.68358 25
      vertex -1.15881 3.56646 25
      vertex -0.697139 3.65453 25.235
    endloop
  endfacet
  facet normal -0.232419 0.905186 0.355836
    outer loop
      vertex -0.697139 3.65453 25.235
      vertex -1.12241 3.45441 25.4663
      vertex -0.680603 3.56785 25.4663
    endloop
  endfacet
  facet normal -0.943643 0.306617 0.124595
    outer loop
      vertex -3.48666 1.38047 25
      vertex -3.63219 0.932587 25
      vertex -3.45917 1.36958 25.235
    endloop
  endfacet
  facet normal -0.639741 0.681249 0.355853
    outer loop
      vertex -2.31524 2.79865 25.4663
      vertex -2.71208 2.54681 25.235
      vertex -2.64775 2.4864 25.4663
    endloop
  endfacet
  facet normal -0.583207 0.802712 0.124592
    outer loop
      vertex -1.99351 3.14126 25.235
      vertex -2.39034 2.88942 25
      vertex -2.37149 2.86664 25.235
    endloop
  endfacet
  facet normal -0.549316 0.756065 0.355832
    outer loop
      vertex -1.99351 3.14126 25.235
      vertex -2.31524 2.79865 25.4663
      vertex -1.94622 3.06676 25.4663
    endloop
  endfacet
  facet normal -0.589287 0.19148 0.784905
    outer loop
      vertex -3.05538 1.20971 25.9033
      vertex -3.18291 0.817232 25.9033
      vertex -2.82077 1.11682 26.1021
    endloop
  endfacet
  facet normal -0.615487 0.390588 0.684556
    outer loop
      vertex -2.82077 2.04941 25.6902
      vertex -2.87967 1.58311 25.9033
      vertex -2.65855 1.93155 25.9033
    endloop
  endfacet
  facet normal -0.516933 0.0325144 0.855408
    outer loop
      vertex -2.71208 0.342614 26.2835
      vertex -3.00989 0.380238 26.1021
      vertex -2.73363 0 26.2835
    endloop
  endfacet
  facet normal -0.424893 0.0267253 0.904849
    outer loop
      vertex -2.71208 0.342614 26.2835
      vertex -2.73363 0 26.2835
      vertex -2.39034 0 26.4447
    endloop
  endfacet
  facet normal -0.260967 0.0497896 0.964063
    outer loop
      vertex -1.94622 0.499704 26.5831
      vertex -1.99351 0.251838 26.5831
      vertex -1.54651 0.397076 26.6966
    endloop
  endfacet
  facet normal -0.265145 -0.0166813 0.964064
    outer loop
      vertex -1.59667 0 26.6966
      vertex -1.99351 -0.251838 26.5831
      vertex -1.58408 -0.200115 26.6966
    endloop
  endfacet
  facet normal -0.19095 0.0364234 0.980924
    outer loop
      vertex -1.54651 0.397076 26.6966
      vertex -1.58408 0.200115 26.6966
      vertex -1.12241 0.288185 26.7832
    endloop
  endfacet
  facet normal -0.107794 0.0684125 0.991817
    outer loop
      vertex -0.937499 0.681133 26.7832
      vertex -1.01548 0.558262 26.7832
      vertex -0.615763 0.338518 26.8418
    endloop
  endfacet
  facet normal -0.33597 0.0640992 0.939689
    outer loop
      vertex -1.94622 0.499704 26.5831
      vertex -2.31524 0.594453 26.4447
      vertex -1.99351 0.251838 26.5831
    endloop
  endfacet
  facet normal -0.125409 0.0239241 0.991817
    outer loop
      vertex -1.12241 0.288185 26.7832
      vertex -1.14968 0.145237 26.7832
      vertex -0.697139 0.088069 26.8418
    endloop
  endfacet
  facet normal -0.201036 0.276709 0.93969
    outer loop
      vertex -1.28081 2.01823 26.4447
      vertex -1.28081 1.54823 26.5831
      vertex -1.07666 1.69655 26.5831
    endloop
  endfacet
  facet normal -0.708354 0.449545 0.54419
    outer loop
      vertex -2.9385 2.13494 25.4663
      vertex -3.18291 1.74982 25.4663
      vertex -2.82077 2.04941 25.6902
    endloop
  endfacet
  facet normal -0.646435 0.534772 0.544188
    outer loop
      vertex -2.64775 2.4864 25.4663
      vertex -2.9385 2.13494 25.4663
      vertex -2.82077 2.04941 25.6902
    endloop
  endfacet
  facet normal -0.990247 0.0623014 0.124616
    outer loop
      vertex -3.72043 0.469999 25
      vertex -3.75 0 25
      vertex -3.69109 0.466293 25.235
    endloop
  endfacet
  facet normal -0.990248 0.0623082 0.124603
    outer loop
      vertex -3.69109 0.466293 25.235
      vertex -3.75 0 25
      vertex -3.72043 0 25.235
    endloop
  endfacet
  facet normal -0.61549 0.390587 0.684554
    outer loop
      vertex -2.82077 2.04941 25.6902
      vertex -3.05538 1.67971 25.6902
      vertex -2.87967 1.58311 25.9033
    endloop
  endfacet
  facet normal -0.759107 0.357231 0.54419
    outer loop
      vertex -3.05538 1.67971 25.6902
      vertex -3.37712 1.3371 25.4663
      vertex -3.24182 1.28353 25.6902
    endloop
  endfacet
  facet normal -0.797905 0.259241 0.54419
    outer loop
      vertex -3.37712 1.3371 25.4663
      vertex -3.37712 0.867097 25.6902
      vertex -3.24182 1.28353 25.6902
    endloop
  endfacet
  facet normal -0.693274 0.225246 0.684569
    outer loop
      vertex -3.24182 1.28353 25.6902
      vertex -3.37712 0.867097 25.6902
      vertex -3.05538 1.20971 25.9033
    endloop
  endfacet
  facet normal -0.78906 -0.500763 0.355839
    outer loop
      vertex -2.9385 -2.13494 25.4663
      vertex -3.26024 -1.79233 25.235
      vertex -3.00989 -2.18681 25.235
    endloop
  endfacet
  facet normal -0.837744 -0.53166 0.124592
    outer loop
      vertex -3.00989 -2.18681 25.235
      vertex -3.26024 -1.79233 25.235
      vertex -3.03381 -2.20419 25
    endloop
  endfacet
  facet normal -0.943643 -0.306614 0.124599
    outer loop
      vertex -3.60355 -0.925233 25.235
      vertex -3.63219 -0.932587 25
      vertex -3.45917 -1.36958 25.235
    endloop
  endfacet
  facet normal -0.974634 -0.185914 0.124599
    outer loop
      vertex -3.60355 -0.925233 25.235
      vertex -3.72043 -0.469999 25
      vertex -3.63219 -0.932587 25
    endloop
  endfacet
  facet normal -0.78906 -0.500763 0.355838
    outer loop
      vertex -3.18291 -1.74982 25.4663
      vertex -3.26024 -1.79233 25.235
      vertex -2.9385 -2.13494 25.4663
    endloop
  endfacet
  facet normal -0.61549 -0.390587 0.684554
    outer loop
      vertex -2.87967 -1.58311 25.9033
      vertex -3.05538 -1.67971 25.6902
      vertex -2.82077 -2.04941 25.6902
    endloop
  endfacet
  facet normal -0.583211 -0.802708 0.124603
    outer loop
      vertex -1.99351 -3.14126 25.235
      vertex -2.39034 -2.88942 25
      vertex -2.00935 -3.16623 25
    endloop
  endfacet
  facet normal -0.418186 -0.0797775 0.904851
    outer loop
      vertex -2.31524 -0.594453 26.4447
      vertex -2.71208 -0.342614 26.2835
      vertex -2.64775 -0.679826 26.2835
    endloop
  endfacet
  facet normal -0.508775 -0.0970539 0.855411
    outer loop
      vertex -2.64775 -0.679826 26.2835
      vertex -3.00989 -0.380238 26.1021
      vertex -2.9385 -0.754478 26.1021
    endloop
  endfacet
  facet normal -0.716057 -0.136598 0.684546
    outer loop
      vertex -3.26024 -0.411863 25.9033
      vertex -3.37712 -0.867097 25.6902
      vertex -3.18291 -0.817232 25.9033
    endloop
  endfacet
  facet normal -0.589287 -0.19148 0.784905
    outer loop
      vertex -2.82077 -1.11682 26.1021
      vertex -3.18291 -0.817232 25.9033
      vertex -3.05538 -1.20971 25.9033
    endloop
  endfacet
  facet normal -0.560643 -0.263821 0.784906
    outer loop
      vertex -2.65855 -1.46155 26.1021
      vertex -3.05538 -1.20971 25.9033
      vertex -2.87967 -1.58311 25.9033
    endloop
  endfacet
  facet normal -0.560644 -0.263823 0.784905
    outer loop
      vertex -2.82077 -1.11682 26.1021
      vertex -3.05538 -1.20971 25.9033
      vertex -2.65855 -1.46155 26.1021
    endloop
  endfacet
  facet normal -0.646423 -0.534774 0.544201
    outer loop
      vertex -2.54167 -2.38678 25.6902
      vertex -2.82077 -2.04941 25.6902
      vertex -2.64775 -2.4864 25.4663
    endloop
  endfacet
  facet normal -0.424154 -0.451672 0.784911
    outer loop
      vertex -2.21155 -2.07679 26.1021
      vertex -2.3955 -2.24952 25.9033
      vertex -1.93383 -2.33759 26.1021
    endloop
  endfacet
  facet normal -0.561672 -0.46466 0.684555
    outer loop
      vertex -2.3955 -2.24952 25.9033
      vertex -2.65855 -1.93155 25.9033
      vertex -2.54167 -2.38678 25.6902
    endloop
  endfacet
  facet normal -0.354558 -0.377566 0.855413
    outer loop
      vertex -1.74248 -2.1063 26.2835
      vertex -1.99273 -1.8713 26.2835
      vertex -1.93383 -2.33759 26.1021
    endloop
  endfacet
  facet normal 0.0333015 -0.263577 0.964063
    outer loop
      vertex 0.299186 -1.56839 26.6966
      vertex 0.126167 -2.00539 26.5831
      vertex 0.376514 -1.97376 26.5831
    endloop
  endfacet
  facet normal -0.0428737 -0.339339 0.939687
    outer loop
      vertex -0.126167 -2.00539 26.5831
      vertex -0.376514 -1.97376 26.5831
      vertex -0.15009 -2.38562 26.4447
    endloop
  endfacet
  facet normal 0.190678 -0.481572 0.855412
    outer loop
      vertex 1.16392 -2.47346 26.2835
      vertex 0.844738 -2.59984 26.2835
      vertex 0.9375 -2.88533 26.1021
    endloop
  endfacet
  facet normal 0.25024 -0.344428 0.904848
    outer loop
      vertex 1.52366 -1.84179 26.4447
      vertex 1.28081 -2.01823 26.4447
      vertex 1.46475 -2.30808 26.2835
    endloop
  endfacet
  facet normal -0.268344 -0.677775 0.684553
    outer loop
      vertex -1.01548 -3.12531 25.9033
      vertex -1.39917 -2.9734 25.9033
      vertex -1.07744 -3.31601 25.6902
    endloop
  endfacet
  facet normal -0.128809 -0.501669 0.855416
    outer loop
      vertex -0.512231 -2.68521 26.2835
      vertex -0.9375 -2.88533 26.1021
      vertex -0.56848 -2.98008 26.1021
    endloop
  endfacet
  facet normal -0.105151 -0.832333 0.544211
    outer loop
      vertex -0.218929 -3.47978 25.6902
      vertex -0.653335 -3.4249 25.6902
      vertex -0.228066 -3.62502 25.4663
    endloop
  endfacet
  facet normal 0.208635 -0.812592 0.544212
    outer loop
      vertex 1.07744 -3.31601 25.6902
      vertex 0.653335 -3.4249 25.6902
      vertex 0.680603 -3.56785 25.4663
    endloop
  endfacet
  facet normal -0.208635 -0.812592 0.544212
    outer loop
      vertex -0.653335 -3.4249 25.6902
      vertex -1.07744 -3.31601 25.6902
      vertex -0.680603 -3.56785 25.4663
    endloop
  endfacet
  facet normal -0.208645 -0.812597 0.544199
    outer loop
      vertex -1.07744 -3.31601 25.6902
      vertex -1.12241 -3.45441 25.4663
      vertex -0.680603 -3.56785 25.4663
    endloop
  endfacet
  facet normal -0.365255 -0.922534 0.124581
    outer loop
      vertex -1.14968 -3.53834 25.235
      vertex -1.58408 -3.36635 25.235
      vertex -1.15881 -3.56646 25
    endloop
  endfacet
  facet normal -0.344025 -0.868915 0.355856
    outer loop
      vertex -1.12241 -3.45441 25.4663
      vertex -1.58408 -3.36635 25.235
      vertex -1.14968 -3.53834 25.235
    endloop
  endfacet
  facet normal -0.45022 -0.818956 0.355828
    outer loop
      vertex -1.94622 -3.06676 25.4663
      vertex -1.99351 -3.14126 25.235
      vertex -1.54651 -3.2865 25.4663
    endloop
  endfacet
  facet normal -0.404171 -0.735188 0.544192
    outer loop
      vertex -1.48455 -3.15483 25.6902
      vertex -1.86825 -2.94389 25.6902
      vertex -1.54651 -3.2865 25.4663
    endloop
  endfacet
  facet normal -0.0649152 -0.513863 0.855413
    outer loop
      vertex -0.171646 -2.72824 26.2835
      vertex -0.56848 -2.98008 26.1021
      vertex -0.190495 -3.02783 26.1021
    endloop
  endfacet
  facet normal -0.105873 -0.412358 0.904849
    outer loop
      vertex -0.447905 -2.348 26.4447
      vertex -0.738655 -2.27335 26.4447
      vertex -0.512231 -2.68521 26.2835
    endloop
  endfacet
  facet normal -0.0978089 -0.247015 0.964063
    outer loop
      vertex -0.67983 -1.44471 26.6966
      vertex -0.855539 -1.81811 26.5831
      vertex -0.493399 -1.51853 26.6966
    endloop
  endfacet
  facet normal 0.0332961 -0.263575 0.964064
    outer loop
      vertex 0.299186 -1.56839 26.6966
      vertex 0.100255 -1.59352 26.6966
      vertex 0.126167 -2.00539 26.5831
    endloop
  endfacet
  facet normal -0.205097 -0.373076 0.904848
    outer loop
      vertex -1.28081 -2.01823 26.4447
      vertex -1.46475 -2.30808 26.2835
      vertex -1.16392 -2.47346 26.2835
    endloop
  endfacet
  facet normal -0.250238 -0.344427 0.904848
    outer loop
      vertex -1.52366 -1.84179 26.4447
      vertex -1.74248 -2.1063 26.2835
      vertex -1.46475 -2.30808 26.2835
    endloop
  endfacet
  facet normal 0.365255 -0.922534 0.12458
    outer loop
      vertex 1.58408 -3.36635 25.235
      vertex 1.15881 -3.56646 25
      vertex 1.59667 -3.3931 25
    endloop
  endfacet
  facet normal 0.246763 -0.96103 0.124618
    outer loop
      vertex 1.15881 -3.56646 25
      vertex 0.697139 -3.65453 25.235
      vertex 0.70268 -3.68358 25
    endloop
  endfacet
  facet normal 0.117134 -0.927178 0.355839
    outer loop
      vertex 0.697139 -3.65453 25.235
      vertex 0.228066 -3.62502 25.4663
      vertex 0.233607 -3.71309 25.235
    endloop
  endfacet
  facet normal 0.72753 0.0457667 0.684547
    outer loop
      vertex 3.45917 0.436995 25.6902
      vertex 3.28615 0 25.9033
      vertex 3.48666 0 25.6902
    endloop
  endfacet
  facet normal 0.516933 0.0325144 0.855408
    outer loop
      vertex 3.00989 0.380238 26.1021
      vertex 2.71208 0.342614 26.2835
      vertex 2.73363 0 26.2835
    endloop
  endfacet
  facet normal 0.824085 0.157219 0.544211
    outer loop
      vertex 3.51807 0.903288 25.4663
      vertex 3.45917 0.436995 25.6902
      vertex 3.60355 0.455234 25.4663
    endloop
  endfacet
  facet normal 0.716053 0.136601 0.68455
    outer loop
      vertex 3.37712 0.867097 25.6902
      vertex 3.26024 0.411863 25.9033
      vertex 3.45917 0.436995 25.6902
    endloop
  endfacet
  facet normal 0.589287 0.19148 0.784905
    outer loop
      vertex 3.05538 1.20971 25.9033
      vertex 2.82077 1.11682 26.1021
      vertex 3.18291 0.817232 25.9033
    endloop
  endfacet
  facet normal 0.492601 0.160049 0.855411
    outer loop
      vertex 2.9385 0.754478 26.1021
      vertex 2.54167 1.00632 26.2835
      vertex 2.64775 0.679826 26.2835
    endloop
  endfacet
  facet normal 0.618378 0.0389017 0.784917
    outer loop
      vertex 3.26024 0.411863 25.9033
      vertex 3.03381 0 26.1021
      vertex 3.28615 0 25.9033
    endloop
  endfacet
  facet normal 0.716053 -0.136601 0.68455
    outer loop
      vertex 3.45917 -0.436995 25.6902
      vertex 3.26024 -0.411863 25.9033
      vertex 3.37712 -0.867097 25.6902
    endloop
  endfacet
  facet normal 0.824085 -0.157219 0.544211
    outer loop
      vertex 3.60355 -0.455234 25.4663
      vertex 3.45917 -0.436995 25.6902
      vertex 3.51807 -0.903288 25.4663
    endloop
  endfacet
  facet normal 0.824095 -0.157212 0.544198
    outer loop
      vertex 3.45917 -0.436995 25.6902
      vertex 3.37712 -0.867097 25.6902
      vertex 3.51807 -0.903288 25.4663
    endloop
  endfacet
  facet normal 0.918002 -0.175137 0.355809
    outer loop
      vertex 3.60355 -0.455234 25.4663
      vertex 3.51807 -0.903288 25.4663
      vertex 3.69109 -0.466293 25.235
    endloop
  endfacet
  facet normal 0.917986 -0.1751 0.355867
    outer loop
      vertex 3.69109 -0.466293 25.235
      vertex 3.51807 -0.903288 25.4663
      vertex 3.60355 -0.925233 25.235
    endloop
  endfacet
  facet normal 0.932709 -0.0586792 0.355825
    outer loop
      vertex 3.63219 0 25.4663
      vertex 3.60355 -0.455234 25.4663
      vertex 3.72043 0 25.235
    endloop
  endfacet
  facet normal 0.932709 0.0586792 0.355825
    outer loop
      vertex 3.72043 0 25.235
      vertex 3.60355 0.455234 25.4663
      vertex 3.63219 0 25.4663
    endloop
  endfacet
  facet normal 0.523162 -0.331999 0.784906
    outer loop
      vertex 2.65855 -1.46155 26.1021
      vertex 2.65855 -1.93155 25.9033
      vertex 2.87967 -1.58311 25.9033
    endloop
  endfacet
  facet normal 0.615487 -0.390588 0.684556
    outer loop
      vertex 2.87967 -1.58311 25.9033
      vertex 2.65855 -1.93155 25.9033
      vertex 2.82077 -2.04941 25.6902
    endloop
  endfacet
  facet normal 0.354563 -0.377566 0.855411
    outer loop
      vertex 1.99273 -1.8713 26.2835
      vertex 1.93383 -2.33759 26.1021
      vertex 2.21155 -2.07679 26.1021
    endloop
  endfacet
  facet normal 0.47741 -0.394958 0.784913
    outer loop
      vertex 2.45441 -1.78323 26.1021
      vertex 2.21155 -2.07679 26.1021
      vertex 2.3955 -2.24952 25.9033
    endloop
  endfacet
  facet normal 0.477995 -0.869479 0.124606
    outer loop
      vertex 1.99351 -3.14126 25.235
      vertex 1.59667 -3.3931 25
      vertex 2.00935 -3.16623 25
    endloop
  endfacet
  facet normal 0.764518 -0.632447 0.124592
    outer loop
      vertex 3.00989 -2.18681 25.235
      vertex 2.71208 -2.54681 25.235
      vertex 3.03381 -2.20419 25
    endloop
  endfacet
  facet normal 0.428481 -0.589737 0.684554
    outer loop
      vertex 2.09467 -2.53202 25.9033
      vertex 1.76081 -2.77459 25.9033
      vertex 2.22248 -2.68652 25.6902
    endloop
  endfacet
  facet normal 0.428481 -0.589737 0.684554
    outer loop
      vertex 2.22248 -2.68652 25.6902
      vertex 1.76081 -2.77459 25.9033
      vertex 1.86825 -2.94389 25.6902
    endloop
  endfacet
  facet normal 0.45022 -0.818956 0.355828
    outer loop
      vertex 1.94622 -3.06676 25.4663
      vertex 1.54651 -3.2865 25.4663
      vertex 1.99351 -3.14126 25.235
    endloop
  endfacet
  facet normal 0.468656 -0.220536 0.855409
    outer loop
      vertex 2.82077 -1.11682 26.1021
      vertex 2.54167 -1.00632 26.2835
      vertex 2.65855 -1.46155 26.1021
    endloop
  endfacet
  facet normal 0.693288 -0.225274 0.684546
    outer loop
      vertex 3.18291 -0.817232 25.9033
      vertex 3.05538 -1.20971 25.9033
      vertex 3.37712 -0.867097 25.6902
    endloop
  endfacet
  facet normal 0.759107 -0.357231 0.54419
    outer loop
      vertex 3.24182 -1.28353 25.6902
      vertex 3.05538 -1.67971 25.6902
      vertex 3.37712 -1.3371 25.4663
    endloop
  endfacet
  facet normal 0.797905 -0.259241 0.54419
    outer loop
      vertex 3.37712 -0.867097 25.6902
      vertex 3.24182 -1.28353 25.6902
      vertex 3.37712 -1.3371 25.4663
    endloop
  endfacet
  facet normal 0.845604 -0.397909 0.35584
    outer loop
      vertex 3.37712 -1.3371 25.4663
      vertex 3.26024 -1.79233 25.235
      vertex 3.45917 -1.36958 25.235
    endloop
  endfacet
  facet normal 0.234136 -0.249325 0.93969
    outer loop
      vertex 1.74248 -1.6363 26.4447
      vertex 1.46475 -1.37549 26.5831
      vertex 1.52366 -1.84179 26.4447
    endloop
  endfacet
  facet normal 0.26353 -0.218027 0.939689
    outer loop
      vertex 1.6256 -1.18107 26.5831
      vertex 1.46475 -1.37549 26.5831
      vertex 1.93383 -1.40501 26.4447
    endloop
  endfacet
  facet normal 0.308832 -0.78005 0.544191
    outer loop
      vertex 1.48455 -3.15483 25.6902
      vertex 1.07744 -3.31601 25.6902
      vertex 1.54651 -3.2865 25.4663
    endloop
  endfacet
  facet normal 0.404171 -0.735188 0.544192
    outer loop
      vertex 1.86825 -2.94389 25.6902
      vertex 1.48455 -3.15483 25.6902
      vertex 1.54651 -3.2865 25.4663
    endloop
  endfacet
  facet normal -0.0913657 -0.723211 0.684557
    outer loop
      vertex -0.206339 -3.27966 25.9033
      vertex -0.653335 -3.4249 25.6902
      vertex -0.218929 -3.47978 25.6902
    endloop
  endfacet
  facet normal 0.181286 -0.706061 0.684553
    outer loop
      vertex 1.01548 -3.12531 25.9033
      vertex 0.615763 -3.22794 25.9033
      vertex 1.07744 -3.31601 25.6902
    endloop
  endfacet
  facet normal 0.263531 -0.218023 0.93969
    outer loop
      vertex 1.93383 -1.40501 26.4447
      vertex 1.46475 -1.37549 26.5831
      vertex 1.74248 -1.6363 26.4447
    endloop
  endfacet
  facet normal 0.291435 -0.310347 0.904848
    outer loop
      vertex 1.99273 -1.8713 26.2835
      vertex 1.52366 -1.84179 26.4447
      vertex 1.74248 -2.1063 26.2835
    endloop
  endfacet
  facet normal 0.0486488 -0.0402467 0.998005
    outer loop
      vertex 0.190495 -0.138402 26.8713
      vertex 0.171646 -0.161186 26.8713
      vertex 0.56848 -0.413024 26.8418
    endloop
  endfacet
  facet normal -0.0432208 -0.0460265 0.998005
    outer loop
      vertex -0.171646 -0.161186 26.8713
      vertex -0.447905 -0.541424 26.8418
      vertex -0.15009 -0.181428 26.8713
    endloop
  endfacet
  facet normal 0.0304169 -0.055329 0.998005
    outer loop
      vertex 0.126167 -0.198809 26.8713
      vertex 0.100255 -0.213054 26.8713
      vertex 0.299186 -0.635803 26.8418
    endloop
  endfacet
  facet normal 0.11552 0.0543601 0.991817
    outer loop
      vertex 1.07744 0.426587 26.7832
      vertex 0.615763 0.338518 26.8418
      vertex 0.653335 0.258674 26.8418
    endloop
  endfacet
  facet normal 0.181872 0.193665 0.964062
    outer loop
      vertex 1.28081 1.54823 26.5831
      vertex 1.01776 1.23026 26.6966
      vertex 1.46475 1.37549 26.5831
    endloop
  endfacet
  facet normal 0 0.0631387 0.998005
    outer loop
      vertex 0.0441208 0.701293 26.8418
      vertex -0.0147848 0.235 26.8713
      vertex 0.0147848 0.235 26.8713
    endloop
  endfacet
  facet normal 0 0.0631387 0.998005
    outer loop
      vertex -0.0147848 0.235 26.8713
      vertex 0.0441208 0.701293 26.8418
      vertex -0.0441208 0.701293 26.8418
    endloop
  endfacet
  facet normal -0.0600486 0.0195101 0.998005
    outer loop
      vertex -0.218929 0.0866795 26.8713
      vertex -0.680603 0.174749 26.8418
      vertex -0.228066 0.0585575 26.8713
    endloop
  endfacet
  facet normal 0.34136 -0.0214783 0.939687
    outer loop
      vertex 2.39034 0 26.4447
      vertex 1.99351 -0.251838 26.5831
      vertex 2.37149 -0.299588 26.4447
    endloop
  endfacet
  facet normal 0.19095 0.0364234 0.980924
    outer loop
      vertex 1.54651 0.397076 26.6966
      vertex 1.12241 0.288185 26.7832
      vertex 1.58408 0.200115 26.6966
    endloop
  endfacet
  facet normal 0.125409 0.0239241 0.991817
    outer loop
      vertex 1.12241 0.288185 26.7832
      vertex 0.697139 0.088069 26.8418
      vertex 1.14968 0.145237 26.7832
    endloop
  endfacet
  facet normal 0.125409 0.0239244 0.991817
    outer loop
      vertex 1.12241 0.288185 26.7832
      vertex 0.680603 0.174749 26.8418
      vertex 0.697139 0.088069 26.8418
    endloop
  endfacet
  facet normal 0.0750432 0.103289 0.991816
    outer loop
      vertex 0.738655 0.89288 26.7832
      vertex 0.376514 0.593292 26.8418
      vertex 0.447905 0.541424 26.8418
    endloop
  endfacet
  facet normal 0.224312 0.142352 0.964064
    outer loop
      vertex 1.6256 1.18107 26.5831
      vertex 1.29173 0.9385 26.6966
      vertex 1.76081 0.968012 26.5831
    endloop
  endfacet
  facet normal 0.385206 0.181268 0.904853
    outer loop
      vertex 2.3955 1.31694 26.2835
      vertex 2.22248 0.879942 26.4447
      vertex 2.54167 1.00632 26.2835
    endloop
  endfacet
  facet normal 0.468656 0.220536 0.855409
    outer loop
      vertex 2.65855 1.46155 26.1021
      vertex 2.54167 1.00632 26.2835
      vertex 2.82077 1.11682 26.1021
    endloop
  endfacet
  facet normal 0.335976 0.0640926 0.939687
    outer loop
      vertex 2.31524 0.594453 26.4447
      vertex 1.99351 0.251838 26.5831
      vertex 2.37149 0.299588 26.4447
    endloop
  endfacet
  facet normal 0.184878 0.060069 0.980924
    outer loop
      vertex 1.48455 0.587774 26.6966
      vertex 1.07744 0.426587 26.7832
      vertex 1.54651 0.397076 26.6966
    endloop
  endfacet
  facet normal 0.516928 -0.0325189 0.855411
    outer loop
      vertex 3.03381 0 26.1021
      vertex 2.73363 0 26.2835
      vertex 3.00989 -0.380238 26.1021
    endloop
  endfacet
  facet normal 0.516928 0.0325189 0.855411
    outer loop
      vertex 3.00989 0.380238 26.1021
      vertex 2.73363 0 26.2835
      vertex 3.03381 0 26.1021
    endloop
  endfacet
  facet normal 0.589287 -0.19148 0.784905
    outer loop
      vertex 3.18291 -0.817232 25.9033
      vertex 2.82077 -1.11682 26.1021
      vertex 3.05538 -1.20971 25.9033
    endloop
  endfacet
  facet normal 0.341355 -0.0214704 0.939689
    outer loop
      vertex 2.00935 0 26.5831
      vertex 1.99351 -0.251838 26.5831
      vertex 2.39034 0 26.4447
    endloop
  endfacet
  facet normal 0.33597 -0.0640992 0.939689
    outer loop
      vertex 1.99351 -0.251838 26.5831
      vertex 1.94622 -0.499704 26.5831
      vertex 2.31524 -0.594453 26.4447
    endloop
  endfacet
  facet normal 0.325292 -0.105685 0.939689
    outer loop
      vertex 1.94622 -0.499704 26.5831
      vertex 1.86825 -0.739691 26.5831
      vertex 2.31524 -0.594453 26.4447
    endloop
  endfacet
  facet normal 0.418186 -0.0797775 0.904851
    outer loop
      vertex 2.71208 -0.342614 26.2835
      vertex 2.31524 -0.594453 26.4447
      vertex 2.64775 -0.679826 26.2835
    endloop
  endfacet
  facet normal 0.404889 -0.131555 0.904853
    outer loop
      vertex 2.31524 -0.594453 26.4447
      vertex 2.22248 -0.879942 26.4447
      vertex 2.54167 -1.00632 26.2835
    endloop
  endfacet
  facet normal -0.0660664 0.257326 0.964063
    outer loop
      vertex -0.376514 1.97376 26.5831
      vertex -0.620923 1.91101 26.5831
      vertex -0.299186 1.56839 26.6966
    endloop
  endfacet
  facet normal 0.128804 0.501677 0.855412
    outer loop
      vertex 0.9375 2.88533 26.1021
      vertex 0.512231 2.68521 26.2835
      vertex 0.844738 2.59984 26.2835
    endloop
  endfacet
  facet normal 0.181872 0.193665 0.964062
    outer loop
      vertex 1.46475 1.37549 26.5831
      vertex 1.01776 1.23026 26.6966
      vertex 1.16392 1.093 26.6966
    endloop
  endfacet
  facet normal 0.164771 0.299724 0.939689
    outer loop
      vertex 1.01776 2.16284 26.4447
      vertex 0.855539 1.81811 26.5831
      vertex 1.28081 2.01823 26.4447
    endloop
  endfacet
  facet normal -0.0533098 0.0338314 0.998005
    outer loop
      vertex -0.56848 0.413024 26.8418
      vertex -0.615763 0.338518 26.8418
      vertex -0.206339 0.113436 26.8713
    endloop
  endfacet
  facet normal -0.0620202 0.0118314 0.998005
    outer loop
      vertex -0.228066 0.0585575 26.8713
      vertex -0.697139 0.088069 26.8418
      vertex -0.233607 0.0295115 26.8713
    endloop
  endfacet
  facet normal -0.249526 0.453879 0.855413
    outer loop
      vertex -1.29173 2.74508 26.1021
      vertex -1.6256 2.56153 26.1021
      vertex -1.46475 2.30808 26.2835
    endloop
  endfacet
  facet normal -0.574303 0.611569 0.544205
    outer loop
      vertex -2.31524 2.79865 25.4663
      vertex -2.54167 2.38678 25.6902
      vertex -2.22248 2.68652 25.6902
    endloop
  endfacet
  facet normal -0.424154 0.451672 0.784911
    outer loop
      vertex -1.93383 2.33759 26.1021
      vertex -2.3955 2.24952 25.9033
      vertex -2.21155 2.07679 26.1021
    endloop
  endfacet
  facet normal -0.437315 0.277523 0.855416
    outer loop
      vertex -2.45441 1.78323 26.1021
      vertex -2.65855 1.46155 26.1021
      vertex -2.21155 1.60679 26.2835
    endloop
  endfacet
  facet normal -0.164771 0.299723 0.93969
    outer loop
      vertex -0.855539 1.81811 26.5831
      vertex -1.28081 2.01823 26.4447
      vertex -1.07666 1.69655 26.5831
    endloop
  endfacet
  facet normal -0.234136 0.249325 0.93969
    outer loop
      vertex -1.52366 1.84179 26.4447
      vertex -1.74248 1.6363 26.4447
      vertex -1.46475 1.37549 26.5831
    endloop
  endfacet
  facet normal 0 0.619619 0.784903
    outer loop
      vertex 0.206339 3.27966 25.9033
      vertex -0.190495 3.02783 26.1021
      vertex 0.190495 3.02783 26.1021
    endloop
  endfacet
  facet normal 0 0.619619 0.784903
    outer loop
      vertex -0.190495 3.02783 26.1021
      vertex 0.206339 3.27966 25.9033
      vertex -0.206339 3.27966 25.9033
    endloop
  endfacet
  facet normal -0.309482 0.145632 0.939687
    outer loop
      vertex -2.09467 1.15155 26.4447
      vertex -2.22248 0.879942 26.4447
      vertex -1.76081 0.968012 26.5831
    endloop
  endfacet
  facet normal -0.240381 0.113123 0.964064
    outer loop
      vertex -1.39917 0.769202 26.6966
      vertex -1.76081 0.968012 26.5831
      vertex -1.48455 0.587774 26.6966
    endloop
  endfacet
  facet normal -0.308835 0.780043 0.5442
    outer loop
      vertex -1.12241 3.45441 25.4663
      vertex -1.54651 3.2865 25.4663
      vertex -1.07744 3.31601 25.6902
    endloop
  endfacet
  facet normal -0.49313 0.678731 0.544194
    outer loop
      vertex -1.94622 3.06676 25.4663
      vertex -2.31524 2.79865 25.4663
      vertex -1.86825 2.94389 25.6902
    endloop
  endfacet
  facet normal 0 0.728959 0.684558
    outer loop
      vertex 0.218929 3.47978 25.6902
      vertex -0.206339 3.27966 25.9033
      vertex 0.206339 3.27966 25.9033
    endloop
  endfacet
  facet normal 0 0.728959 0.684558
    outer loop
      vertex -0.206339 3.27966 25.9033
      vertex 0.218929 3.47978 25.6902
      vertex -0.218929 3.47978 25.6902
    endloop
  endfacet
  facet normal 0.105151 0.832333 0.544211
    outer loop
      vertex 0.228066 3.62502 25.4663
      vertex 0.218929 3.47978 25.6902
      vertex 0.653335 3.4249 25.6902
    endloop
  endfacet
  facet normal 0.0776552 0.614731 0.784905
    outer loop
      vertex 0.615763 3.22794 25.9033
      vertex 0.206339 3.27966 25.9033
      vertex 0.56848 2.98008 26.1021
    endloop
  endfacet
  facet normal 0.0913597 0.723218 0.68455
    outer loop
      vertex 0.653335 3.4249 25.6902
      vertex 0.206339 3.27966 25.9033
      vertex 0.615763 3.22794 25.9033
    endloop
  endfacet
  facet normal -0.0913597 0.723218 0.68455
    outer loop
      vertex -0.206339 3.27966 25.9033
      vertex -0.653335 3.4249 25.6902
      vertex -0.615763 3.22794 25.9033
    endloop
  endfacet
  facet normal -0.181284 0.706065 0.68455
    outer loop
      vertex -0.653335 3.4249 25.6902
      vertex -1.07744 3.31601 25.6902
      vertex -0.615763 3.22794 25.9033
    endloop
  endfacet
  facet normal 0 0.838948 0.544211
    outer loop
      vertex 0.228066 3.62502 25.4663
      vertex -0.218929 3.47978 25.6902
      vertex 0.218929 3.47978 25.6902
    endloop
  endfacet
  facet normal 0 0.838948 0.544211
    outer loop
      vertex -0.218929 3.47978 25.6902
      vertex 0.228066 3.62502 25.4663
      vertex -0.228066 3.62502 25.4663
    endloop
  endfacet
  facet normal -0.268344 0.677775 0.684553
    outer loop
      vertex -1.07744 3.31601 25.6902
      vertex -1.39917 2.9734 25.9033
      vertex -1.01548 3.12531 25.9033
    endloop
  endfacet
  facet normal -0.105871 0.412357 0.904849
    outer loop
      vertex -0.512231 2.68521 26.2835
      vertex -0.844738 2.59984 26.2835
      vertex -0.738655 2.27335 26.4447
    endloop
  endfacet
  facet normal 0.845604 0.397909 0.35584
    outer loop
      vertex 3.45917 1.36958 25.235
      vertex 3.26024 1.79233 25.235
      vertex 3.37712 1.3371 25.4663
    endloop
  endfacet
  facet normal 0.974634 0.185914 0.124599
    outer loop
      vertex 3.63219 0.932587 25
      vertex 3.60355 0.925233 25.235
      vertex 3.72043 0.469999 25
    endloop
  endfacet
  facet normal 0.943643 0.306614 0.124599
    outer loop
      vertex 3.63219 0.932587 25
      vertex 3.45917 1.36958 25.235
      vertex 3.60355 0.925233 25.235
    endloop
  endfacet
  facet normal 0.943643 0.306617 0.124595
    outer loop
      vertex 3.48666 1.38047 25
      vertex 3.45917 1.36958 25.235
      vertex 3.63219 0.932587 25
    endloop
  endfacet
  facet normal 0.61549 0.390587 0.684554
    outer loop
      vertex 3.05538 1.67971 25.6902
      vertex 2.82077 2.04941 25.6902
      vertex 2.87967 1.58311 25.9033
    endloop
  endfacet
  facet normal 0.659577 0.310393 0.684554
    outer loop
      vertex 3.05538 1.67971 25.6902
      vertex 2.87967 1.58311 25.9033
      vertex 3.24182 1.28353 25.6902
    endloop
  endfacet
  facet normal 0.308835 0.780043 0.5442
    outer loop
      vertex 1.12241 3.45441 25.4663
      vertex 1.07744 3.31601 25.6902
      vertex 1.54651 3.2865 25.4663
    endloop
  endfacet
  facet normal 0.232419 0.905186 0.355836
    outer loop
      vertex 0.697139 3.65453 25.235
      vertex 0.680603 3.56785 25.4663
      vertex 1.12241 3.45441 25.4663
    endloop
  endfacet
  facet normal 0.428481 0.589737 0.684554
    outer loop
      vertex 2.22248 2.68652 25.6902
      vertex 1.76081 2.77459 25.9033
      vertex 2.09467 2.53202 25.9033
    endloop
  endfacet
  facet normal 0.351176 0.638796 0.684554
    outer loop
      vertex 1.86825 2.94389 25.6902
      vertex 1.39917 2.9734 25.9033
      vertex 1.76081 2.77459 25.9033
    endloop
  endfacet
  facet normal 0.499009 0.531389 0.684555
    outer loop
      vertex 2.54167 2.38678 25.6902
      vertex 2.22248 2.68652 25.6902
      vertex 2.3955 2.24952 25.9033
    endloop
  endfacet
  facet normal 0.574303 0.611569 0.544205
    outer loop
      vertex 2.31524 2.79865 25.4663
      vertex 2.22248 2.68652 25.6902
      vertex 2.54167 2.38678 25.6902
    endloop
  endfacet
  facet normal 0.201039 0.276708 0.939689
    outer loop
      vertex 1.28081 2.01823 26.4447
      vertex 1.28081 1.54823 26.5831
      vertex 1.52366 1.84179 26.4447
    endloop
  endfacet
  facet normal 0.204709 0.169346 0.964062
    outer loop
      vertex 1.46475 1.37549 26.5831
      vertex 1.16392 1.093 26.6966
      vertex 1.29173 0.9385 26.6966
    endloop
  endfacet
  facet normal 0.250238 0.344427 0.904848
    outer loop
      vertex 1.74248 2.1063 26.2835
      vertex 1.46475 2.30808 26.2835
      vertex 1.52366 1.84179 26.4447
    endloop
  endfacet
  facet normal 0.291435 0.310347 0.904848
    outer loop
      vertex 1.74248 2.1063 26.2835
      vertex 1.52366 1.84179 26.4447
      vertex 1.99273 1.8713 26.2835
    endloop
  endfacet
  facet normal 0.156728 0.395835 0.904849
    outer loop
      vertex 1.16392 2.47346 26.2835
      vertex 0.738655 2.27335 26.4447
      vertex 1.01776 2.16284 26.4447
    endloop
  endfacet
  facet normal 0.190678 0.481572 0.855412
    outer loop
      vertex 0.9375 2.88533 26.1021
      vertex 0.844738 2.59984 26.2835
      vertex 1.16392 2.47346 26.2835
    endloop
  endfacet
  facet normal 0.288795 0.183263 0.939687
    outer loop
      vertex 1.93383 1.40501 26.4447
      vertex 1.76081 0.968012 26.5831
      vertex 2.09467 1.15155 26.4447
    endloop
  endfacet
  facet normal 0.309482 0.145632 0.939687
    outer loop
      vertex 2.09467 1.15155 26.4447
      vertex 1.76081 0.968012 26.5831
      vertex 2.22248 0.879942 26.4447
    endloop
  endfacet
  facet normal -0.00791344 0.0626409 0.998005
    outer loop
      vertex -0.0441208 0.701293 26.8418
      vertex -0.131669 0.690233 26.8418
      vertex -0.0147848 0.235 26.8713
    endloop
  endfacet
  facet normal 0.0873979 0.093068 0.991816
    outer loop
      vertex 0.844738 0.793262 26.7832
      vertex 0.447905 0.541424 26.8418
      vertex 0.512231 0.481017 26.8418
    endloop
  endfacet
  facet normal 0.0615052 -0.111879 0.991817
    outer loop
      vertex 0.376514 -0.593292 26.8418
      vertex 0.299186 -0.635803 26.8418
      vertex 0.493399 -1.04853 26.7832
    endloop
  endfacet
  facet normal 0.0317505 -0.12366 0.991817
    outer loop
      vertex 0.217139 -0.668288 26.8418
      vertex 0.131669 -0.690233 26.8418
      vertex 0.217139 -1.13829 26.7832
    endloop
  endfacet
  facet normal -0.0232431 -0.0587048 0.998005
    outer loop
      vertex -0.0727625 -0.22394 26.8713
      vertex -0.299186 -0.635803 26.8418
      vertex -0.217139 -0.668288 26.8418
    endloop
  endfacet
  facet normal -0.015702 -0.0611551 0.998005
    outer loop
      vertex -0.0727625 -0.22394 26.8713
      vertex -0.217139 -0.668288 26.8418
      vertex -0.131669 -0.690233 26.8418
    endloop
  endfacet
  facet normal -0.00791338 -0.0626409 0.998005
    outer loop
      vertex -0.0441208 -0.231294 26.8713
      vertex -0.131669 -0.690233 26.8418
      vertex -0.0147848 -0.235 26.8713
    endloop
  endfacet
  facet normal -0.164133 -0.104162 0.980923
    outer loop
      vertex -1.01548 -0.558262 26.7832
      vertex -1.39917 -0.769202 26.6966
      vertex -1.29173 -0.9385 26.6966
    endloop
  endfacet
  facet normal 0.107797 -0.0684101 0.991816
    outer loop
      vertex 0.615763 -0.338518 26.8418
      vertex 0.56848 -0.413024 26.8418
      vertex 0.937499 -0.681133 26.7832
    endloop
  endfacet
  facet normal 0.204709 -0.169346 0.964062
    outer loop
      vertex 1.29173 -0.9385 26.6966
      vertex 1.16392 -1.093 26.6966
      vertex 1.46475 -1.37549 26.5831
    endloop
  endfacet
  facet normal -0.0243652 -0.19286 0.980924
    outer loop
      vertex -0.217139 -1.13829 26.7832
      vertex -0.299186 -1.56839 26.6966
      vertex -0.0727625 -1.15653 26.7832
    endloop
  endfacet
  facet normal -0.224312 -0.142352 0.964064
    outer loop
      vertex -1.29173 -0.9385 26.6966
      vertex -1.76081 -0.968012 26.5831
      vertex -1.6256 -1.18107 26.5831
    endloop
  endfacet
  facet normal -0.240381 -0.113123 0.964064
    outer loop
      vertex -1.48455 -0.587774 26.6966
      vertex -1.76081 -0.968012 26.5831
      vertex -1.39917 -0.769202 26.6966
    endloop
  endfacet
  facet normal -0.149782 -0.12391 0.980924
    outer loop
      vertex -0.937499 -0.681133 26.7832
      vertex -1.29173 -0.9385 26.6966
      vertex -0.844738 -0.793262 26.7832
    endloop
  endfacet
  facet normal -0.133068 -0.141704 0.980924
    outer loop
      vertex -0.844738 -0.793262 26.7832
      vertex -1.01776 -1.23026 26.6966
      vertex -0.738655 -0.89288 26.7832
    endloop
  endfacet
  facet normal -0.25267 -0.0820954 0.964063
    outer loop
      vertex -1.54651 -0.397076 26.6966
      vertex -1.86825 -0.739691 26.5831
      vertex -1.48455 -0.587774 26.6966
    endloop
  endfacet
  facet normal -0.727528 -0.0457683 0.684549
    outer loop
      vertex -3.28615 0 25.9033
      vertex -3.45917 -0.436995 25.6902
      vertex -3.26024 -0.411863 25.9033
    endloop
  endfacet
  facet normal -0.72753 -0.0457667 0.684547
    outer loop
      vertex -3.28615 0 25.9033
      vertex -3.48666 0 25.6902
      vertex -3.45917 -0.436995 25.6902
    endloop
  endfacet
  facet normal -0.117134 0.927178 0.355839
    outer loop
      vertex -0.233607 3.71309 25.235
      vertex -0.697139 3.65453 25.235
      vertex -0.228066 3.62502 25.4663
    endloop
  endfacet
  facet normal -0.124361 0.98438 0.124618
    outer loop
      vertex -0.233607 3.71309 25.235
      vertex -0.70268 3.68358 25
      vertex -0.697139 3.65453 25.235
    endloop
  endfacet
  facet normal -0.679207 0.723294 0.124594
    outer loop
      vertex -2.39034 2.88942 25
      vertex -2.71208 2.54681 25.235
      vertex -2.37149 2.86664 25.235
    endloop
  endfacet
  facet normal -0.583211 0.802708 0.124603
    outer loop
      vertex -2.00935 3.16623 25
      vertex -2.39034 2.88942 25
      vertex -1.99351 3.14126 25.235
    endloop
  endfacet
  facet normal -0.477995 0.869479 0.124606
    outer loop
      vertex -1.59667 3.3931 25
      vertex -2.00935 3.16623 25
      vertex -1.99351 3.14126 25.235
    endloop
  endfacet
  facet normal -0.716057 0.136598 0.684546
    outer loop
      vertex -3.18291 0.817232 25.9033
      vertex -3.37712 0.867097 25.6902
      vertex -3.26024 0.411863 25.9033
    endloop
  endfacet
  facet normal -0.288795 0.183263 0.939687
    outer loop
      vertex -1.93383 1.40501 26.4447
      vertex -2.09467 1.15155 26.4447
      vertex -1.76081 0.968012 26.5831
    endloop
  endfacet
  facet normal -0.523162 0.331999 0.784906
    outer loop
      vertex -2.65855 1.93155 25.9033
      vertex -2.87967 1.58311 25.9033
      vertex -2.65855 1.46155 26.1021
    endloop
  endfacet
  facet normal -0.560643 0.263821 0.784906
    outer loop
      vertex -2.87967 1.58311 25.9033
      vertex -3.05538 1.20971 25.9033
      vertex -2.65855 1.46155 26.1021
    endloop
  endfacet
  facet normal -0.516928 -0.0325189 0.855411
    outer loop
      vertex -2.73363 0 26.2835
      vertex -3.03381 0 26.1021
      vertex -3.00989 -0.380238 26.1021
    endloop
  endfacet
  facet normal -0.516933 -0.0325144 0.855408
    outer loop
      vertex -2.73363 0 26.2835
      vertex -3.00989 -0.380238 26.1021
      vertex -2.71208 -0.342614 26.2835
    endloop
  endfacet
  facet normal -0.265148 0.0166772 0.964064
    outer loop
      vertex -1.99351 0.251838 26.5831
      vertex -2.00935 0 26.5831
      vertex -1.59667 0 26.6966
    endloop
  endfacet
  facet normal -0.252674 0.0820918 0.964063
    outer loop
      vertex -1.86825 0.739691 26.5831
      vertex -1.94622 0.499704 26.5831
      vertex -1.54651 0.397076 26.6966
    endloop
  endfacet
  facet normal -0.260964 0.0497785 0.964064
    outer loop
      vertex -1.54651 0.397076 26.6966
      vertex -1.99351 0.251838 26.5831
      vertex -1.58408 0.200115 26.6966
    endloop
  endfacet
  facet normal -0.265145 0.0166813 0.964064
    outer loop
      vertex -1.58408 0.200115 26.6966
      vertex -1.99351 0.251838 26.5831
      vertex -1.59667 0 26.6966
    endloop
  endfacet
  facet normal -0.190951 0.0364274 0.980924
    outer loop
      vertex -1.12241 0.288185 26.7832
      vertex -1.58408 0.200115 26.6966
      vertex -1.14968 0.145237 26.7832
    endloop
  endfacet
  facet normal -0.194012 0.0121961 0.980923
    outer loop
      vertex -1.14968 0.145237 26.7832
      vertex -1.58408 0.200115 26.6966
      vertex -1.15881 0 26.7832
    endloop
  endfacet
  facet normal -0.184878 0.0600712 0.980924
    outer loop
      vertex -1.07744 0.426587 26.7832
      vertex -1.54651 0.397076 26.6966
      vertex -1.12241 0.288185 26.7832
    endloop
  endfacet
  facet normal -0.184878 0.060069 0.980924
    outer loop
      vertex -1.48455 0.587774 26.6966
      vertex -1.54651 0.397076 26.6966
      vertex -1.07744 0.426587 26.7832
    endloop
  endfacet
  facet normal -0.030417 -0.0553289 0.998005
    outer loop
      vertex -0.126167 -0.198809 26.8713
      vertex -0.376514 -0.593292 26.8418
      vertex -0.299186 -0.635803 26.8418
    endloop
  endfacet
  facet normal 0 0.127671 0.991817
    outer loop
      vertex 0.0727625 1.15653 26.7832
      vertex -0.0441208 0.701293 26.8418
      vertex 0.0441208 0.701293 26.8418
    endloop
  endfacet
  facet normal 0 0.127671 0.991817
    outer loop
      vertex -0.0441208 0.701293 26.8418
      vertex 0.0727625 1.15653 26.7832
      vertex -0.0727625 1.15653 26.7832
    endloop
  endfacet
  facet normal 0.0232446 0.058704 0.998005
    outer loop
      vertex 0.299186 0.635803 26.8418
      vertex 0.0727625 0.22394 26.8713
      vertex 0.100255 0.213054 26.8713
    endloop
  endfacet
  facet normal -0.897776 -0.422459 0.124602
    outer loop
      vertex -3.26024 -1.79233 25.235
      vertex -3.45917 -1.36958 25.235
      vertex -3.28615 -1.80658 25
    endloop
  endfacet
  facet normal -0.837739 -0.531664 0.124604
    outer loop
      vertex -3.26024 -1.79233 25.235
      vertex -3.28615 -1.80658 25
      vertex -3.03381 -2.20419 25
    endloop
  endfacet
  facet normal -0.309482 -0.145632 0.939687
    outer loop
      vertex -1.76081 -0.968012 26.5831
      vertex -2.22248 -0.879942 26.4447
      vertex -2.09467 -1.15155 26.4447
    endloop
  endfacet
  facet normal -0.33597 -0.0640992 0.939689
    outer loop
      vertex -1.99351 -0.251838 26.5831
      vertex -2.31524 -0.594453 26.4447
      vertex -1.94622 -0.499704 26.5831
    endloop
  endfacet
  facet normal -0.404889 -0.131555 0.904853
    outer loop
      vertex -2.31524 -0.594453 26.4447
      vertex -2.54167 -1.00632 26.2835
      vertex -2.22248 -0.879942 26.4447
    endloop
  endfacet
  facet normal -0.468654 -0.220537 0.85541
    outer loop
      vertex -2.54167 -1.00632 26.2835
      vertex -2.65855 -1.46155 26.1021
      vertex -2.3955 -1.31694 26.2835
    endloop
  endfacet
  facet normal -0.615487 -0.390588 0.684556
    outer loop
      vertex -2.65855 -1.93155 25.9033
      vertex -2.87967 -1.58311 25.9033
      vertex -2.82077 -2.04941 25.6902
    endloop
  endfacet
  facet normal -0.659577 -0.310393 0.684554
    outer loop
      vertex -2.87967 -1.58311 25.9033
      vertex -3.24182 -1.28353 25.6902
      vertex -3.05538 -1.67971 25.6902
    endloop
  endfacet
  facet normal -0.693288 -0.225274 0.684546
    outer loop
      vertex -3.18291 -0.817232 25.9033
      vertex -3.37712 -0.867097 25.6902
      vertex -3.05538 -1.20971 25.9033
    endloop
  endfacet
  facet normal -0.693274 -0.225246 0.684569
    outer loop
      vertex -3.05538 -1.20971 25.9033
      vertex -3.37712 -0.867097 25.6902
      vertex -3.24182 -1.28353 25.6902
    endloop
  endfacet
  facet normal -0.561671 -0.46466 0.684556
    outer loop
      vertex -2.65855 -1.93155 25.9033
      vertex -2.82077 -2.04941 25.6902
      vertex -2.54167 -2.38678 25.6902
    endloop
  endfacet
  facet normal -0.574306 -0.611569 0.544202
    outer loop
      vertex -2.54167 -2.38678 25.6902
      vertex -2.64775 -2.4864 25.4663
      vertex -2.31524 -2.79865 25.4663
    endloop
  endfacet
  facet normal -0.499009 -0.531389 0.684555
    outer loop
      vertex -2.3955 -2.24952 25.9033
      vertex -2.54167 -2.38678 25.6902
      vertex -2.22248 -2.68652 25.6902
    endloop
  endfacet
  facet normal -0.477417 -0.394957 0.784909
    outer loop
      vertex -2.45441 -1.78323 26.1021
      vertex -2.65855 -1.93155 25.9033
      vertex -2.3955 -2.24952 25.9033
    endloop
  endfacet
  facet normal -0.437315 -0.277523 0.855416
    outer loop
      vertex -2.21155 -1.60679 26.2835
      vertex -2.65855 -1.46155 26.1021
      vertex -2.45441 -1.78323 26.1021
    endloop
  endfacet
  facet normal -0.263531 -0.218023 0.93969
    outer loop
      vertex -1.46475 -1.37549 26.5831
      vertex -1.93383 -1.40501 26.4447
      vertex -1.74248 -1.6363 26.4447
    endloop
  endfacet
  facet normal 0.201036 -0.276709 0.93969
    outer loop
      vertex 1.28081 -1.54823 26.5831
      vertex 1.07666 -1.69655 26.5831
      vertex 1.28081 -2.01823 26.4447
    endloop
  endfacet
  facet normal 0.128804 -0.501677 0.855412
    outer loop
      vertex 0.844738 -2.59984 26.2835
      vertex 0.512231 -2.68521 26.2835
      vertex 0.9375 -2.88533 26.1021
    endloop
  endfacet
  facet normal -0.154092 -0.600147 0.784907
    outer loop
      vertex -0.9375 -2.88533 26.1021
      vertex -1.01548 -3.12531 25.9033
      vertex -0.615763 -3.22794 25.9033
    endloop
  endfacet
  facet normal -0.22809 -0.576103 0.784908
    outer loop
      vertex -0.9375 -2.88533 26.1021
      vertex -1.39917 -2.9734 25.9033
      vertex -1.01548 -3.12531 25.9033
    endloop
  endfacet
  facet normal 0 -0.838948 0.544211
    outer loop
      vertex -0.228066 -3.62502 25.4663
      vertex 0.218929 -3.47978 25.6902
      vertex -0.218929 -3.47978 25.6902
    endloop
  endfacet
  facet normal 0 -0.838948 0.544211
    outer loop
      vertex 0.218929 -3.47978 25.6902
      vertex -0.228066 -3.62502 25.4663
      vertex 0.228066 -3.62502 25.4663
    endloop
  endfacet
  facet normal 0 -0.619619 0.784903
    outer loop
      vertex -0.190495 -3.02783 26.1021
      vertex 0.206339 -3.27966 25.9033
      vertex 0.190495 -3.02783 26.1021
    endloop
  endfacet
  facet normal 0 -0.619619 0.784903
    outer loop
      vertex 0.206339 -3.27966 25.9033
      vertex -0.190495 -3.02783 26.1021
      vertex -0.206339 -3.27966 25.9033
    endloop
  endfacet
  facet normal -0.450226 -0.818944 0.355848
    outer loop
      vertex -1.54651 -3.2865 25.4663
      vertex -1.99351 -3.14126 25.235
      vertex -1.58408 -3.36635 25.235
    endloop
  endfacet
  facet normal -0.344023 -0.868918 0.35585
    outer loop
      vertex -1.54651 -3.2865 25.4663
      vertex -1.58408 -3.36635 25.235
      vertex -1.12241 -3.45441 25.4663
    endloop
  endfacet
  facet normal -0.365255 -0.922534 0.12458
    outer loop
      vertex -1.58408 -3.36635 25.235
      vertex -1.59667 -3.3931 25
      vertex -1.15881 -3.56646 25
    endloop
  endfacet
  facet normal -0.478007 -0.869476 0.124581
    outer loop
      vertex -1.58408 -3.36635 25.235
      vertex -1.99351 -3.14126 25.235
      vertex -1.59667 -3.3931 25
    endloop
  endfacet
  facet normal -0.0428648 -0.339335 0.939688
    outer loop
      vertex -0.376514 -1.97376 26.5831
      vertex -0.447905 -2.348 26.4447
      vertex -0.15009 -2.38562 26.4447
    endloop
  endfacet
  facet normal 0 -0.517947 0.855413
    outer loop
      vertex -0.171646 -2.72824 26.2835
      vertex 0.190495 -3.02783 26.1021
      vertex 0.171646 -2.72824 26.2835
    endloop
  endfacet
  facet normal 0 -0.517947 0.855413
    outer loop
      vertex 0.190495 -3.02783 26.1021
      vertex -0.171646 -2.72824 26.2835
      vertex -0.190495 -3.02783 26.1021
    endloop
  endfacet
  facet normal -0.190678 -0.481572 0.855412
    outer loop
      vertex -0.844738 -2.59984 26.2835
      vertex -1.16392 -2.47346 26.2835
      vertex -0.9375 -2.88533 26.1021
    endloop
  endfacet
  facet normal -0.0649213 -0.513856 0.855416
    outer loop
      vertex -0.512231 -2.68521 26.2835
      vertex -0.56848 -2.98008 26.1021
      vertex -0.171646 -2.72824 26.2835
    endloop
  endfacet
  facet normal 0.234142 -0.249324 0.939689
    outer loop
      vertex 1.46475 -1.37549 26.5831
      vertex 1.28081 -1.54823 26.5831
      vertex 1.52366 -1.84179 26.4447
    endloop
  endfacet
  facet normal 0.0615096 -0.111878 0.991817
    outer loop
      vertex 0.620923 -0.978418 26.7832
      vertex 0.376514 -0.593292 26.8418
      vertex 0.493399 -1.04853 26.7832
    endloop
  endfacet
  facet normal -0.125914 -0.318009 0.939689
    outer loop
      vertex -0.855539 -1.81811 26.5831
      vertex -1.01776 -2.16284 26.4447
      vertex -0.738655 -2.27335 26.4447
    endloop
  endfacet
  facet normal -0.249517 -0.453876 0.855417
    outer loop
      vertex -1.16392 -2.47346 26.2835
      vertex -1.46475 -2.30808 26.2835
      vertex -1.29173 -2.74508 26.1021
    endloop
  endfacet
  facet normal -0.117133 -0.927179 0.355836
    outer loop
      vertex -0.680603 -3.56785 25.4663
      vertex -0.697139 -3.65453 25.235
      vertex -0.228066 -3.62502 25.4663
    endloop
  endfacet
  facet normal -0.232419 -0.905186 0.355836
    outer loop
      vertex -0.680603 -3.56785 25.4663
      vertex -1.12241 -3.45441 25.4663
      vertex -0.697139 -3.65453 25.235
    endloop
  endfacet
  facet normal 0.727528 -0.0457683 0.684549
    outer loop
      vertex 3.28615 0 25.9033
      vertex 3.26024 -0.411863 25.9033
      vertex 3.45917 -0.436995 25.6902
    endloop
  endfacet
  facet normal 0.72753 -0.0457667 0.684547
    outer loop
      vertex 3.48666 0 25.6902
      vertex 3.28615 0 25.9033
      vertex 3.45917 -0.436995 25.6902
    endloop
  endfacet
  facet normal 0.508775 0.0970539 0.855411
    outer loop
      vertex 2.9385 0.754478 26.1021
      vertex 2.64775 0.679826 26.2835
      vertex 3.00989 0.380238 26.1021
    endloop
  endfacet
  facet normal 0.508779 0.0970598 0.855409
    outer loop
      vertex 3.00989 0.380238 26.1021
      vertex 2.64775 0.679826 26.2835
      vertex 2.71208 0.342614 26.2835
    endloop
  endfacet
  facet normal 0.716057 0.136598 0.684546
    outer loop
      vertex 3.37712 0.867097 25.6902
      vertex 3.18291 0.817232 25.9033
      vertex 3.26024 0.411863 25.9033
    endloop
  endfacet
  facet normal 0.693288 0.225274 0.684546
    outer loop
      vertex 3.37712 0.867097 25.6902
      vertex 3.05538 1.20971 25.9033
      vertex 3.18291 0.817232 25.9033
    endloop
  endfacet
  facet normal 0.404168 -0.735187 0.544195
    outer loop
      vertex 1.86825 -2.94389 25.6902
      vertex 1.54651 -3.2865 25.4663
      vertex 1.94622 -3.06676 25.4663
    endloop
  endfacet
  facet normal 0.583207 -0.802712 0.124592
    outer loop
      vertex 2.37149 -2.86664 25.235
      vertex 1.99351 -3.14126 25.235
      vertex 2.39034 -2.88942 25
    endloop
  endfacet
  facet normal 0.344023 -0.868918 0.35585
    outer loop
      vertex 1.54651 -3.2865 25.4663
      vertex 1.12241 -3.45441 25.4663
      vertex 1.58408 -3.36635 25.235
    endloop
  endfacet
  facet normal 0.943643 -0.306617 0.124595
    outer loop
      vertex 3.63219 -0.932587 25
      vertex 3.45917 -1.36958 25.235
      vertex 3.48666 -1.38047 25
    endloop
  endfacet
  facet normal 0.943643 -0.306614 0.124599
    outer loop
      vertex 3.60355 -0.925233 25.235
      vertex 3.45917 -1.36958 25.235
      vertex 3.63219 -0.932587 25
    endloop
  endfacet
  facet normal 0.224312 -0.142352 0.964064
    outer loop
      vertex 1.76081 -0.968012 26.5831
      vertex 1.29173 -0.9385 26.6966
      vertex 1.6256 -1.18107 26.5831
    endloop
  endfacet
  facet normal 0.175895 -0.0827676 0.980923
    outer loop
      vertex 1.07744 -0.426587 26.7832
      vertex 1.01548 -0.558262 26.7832
      vertex 1.39917 -0.769202 26.6966
    endloop
  endfacet
  facet normal 0.268339 -0.677773 0.684557
    outer loop
      vertex 1.39917 -2.9734 25.9033
      vertex 1.07744 -3.31601 25.6902
      vertex 1.48455 -3.15483 25.6902
    endloop
  endfacet
  facet normal 0.351177 -0.638791 0.684558
    outer loop
      vertex 1.86825 -2.94389 25.6902
      vertex 1.39917 -2.9734 25.9033
      vertex 1.48455 -3.15483 25.6902
    endloop
  endfacet
  facet normal 0.291436 -0.310341 0.90485
    outer loop
      vertex 1.74248 -1.6363 26.4447
      vertex 1.52366 -1.84179 26.4447
      vertex 1.99273 -1.8713 26.2835
    endloop
  endfacet
  facet normal 0.328023 -0.271379 0.90485
    outer loop
      vertex 1.93383 -1.40501 26.4447
      vertex 1.74248 -1.6363 26.4447
      vertex 1.99273 -1.8713 26.2835
    endloop
  endfacet
  facet normal 0.0157021 -0.0611551 0.998005
    outer loop
      vertex 0.0727625 -0.22394 26.8713
      vertex 0.0441208 -0.231294 26.8713
      vertex 0.131669 -0.690233 26.8418
    endloop
  endfacet
  facet normal 0.164128 -0.104165 0.980924
    outer loop
      vertex 1.01548 -0.558262 26.7832
      vertex 0.937499 -0.681133 26.7832
      vertex 1.29173 -0.9385 26.6966
    endloop
  endfacet
  facet normal -0.015702 0.0611551 0.998005
    outer loop
      vertex -0.131669 0.690233 26.8418
      vertex -0.217139 0.668288 26.8418
      vertex -0.0727625 0.22394 26.8713
    endloop
  endfacet
  facet normal 0.0483385 -0.188286 0.980924
    outer loop
      vertex 0.493399 -1.51853 26.6966
      vertex 0.217139 -1.13829 26.7832
      vertex 0.299186 -1.56839 26.6966
    endloop
  endfacet
  facet normal 0.0486491 -0.0402462 0.998005
    outer loop
      vertex 0.56848 -0.413024 26.8418
      vertex 0.171646 -0.161186 26.8713
      vertex 0.512231 -0.481017 26.8418
    endloop
  endfacet
  facet normal 0.0432217 -0.0460258 0.998005
    outer loop
      vertex 0.512231 -0.481017 26.8418
      vertex 0.171646 -0.161186 26.8713
      vertex 0.447905 -0.541424 26.8418
    endloop
  endfacet
  facet normal 0.0620202 0.0118314 0.998005
    outer loop
      vertex 0.697139 0.088069 26.8418
      vertex 0.228066 0.0585575 26.8713
      vertex 0.233607 0.0295115 26.8713
    endloop
  endfacet
  facet normal 0.0630139 0.00396513 0.998005
    outer loop
      vertex 0.697139 0.088069 26.8418
      vertex 0.233607 0.0295115 26.8713
      vertex 0.235464 0 26.8713
    endloop
  endfacet
  facet normal 0.133068 0.141704 0.980924
    outer loop
      vertex 1.01776 1.23026 26.6966
      vertex 0.738655 0.89288 26.7832
      vertex 0.844738 0.793262 26.7832
    endloop
  endfacet
  facet normal -0.0571295 -0.0268833 0.998005
    outer loop
      vertex -0.206339 -0.113436 26.8713
      vertex -0.653335 -0.258674 26.8418
      vertex -0.615763 -0.338518 26.8418
    endloop
  endfacet
  facet normal 0.0983725 0.0813813 0.991816
    outer loop
      vertex 0.844738 0.793262 26.7832
      vertex 0.512231 0.481017 26.8418
      vertex 0.56848 0.413024 26.8418
    endloop
  endfacet
  facet normal 0.149783 0.123908 0.980924
    outer loop
      vertex 1.16392 1.093 26.6966
      vertex 0.844738 0.793262 26.7832
      vertex 1.29173 0.9385 26.6966
    endloop
  endfacet
  facet normal -0.0630139 0.00396513 0.998005
    outer loop
      vertex -0.233607 0.0295115 26.8713
      vertex -0.697139 0.088069 26.8418
      vertex -0.235464 0 26.8713
    endloop
  endfacet
  facet normal -0.00791338 0.0626409 0.998005
    outer loop
      vertex -0.0147848 0.235 26.8713
      vertex -0.131669 0.690233 26.8418
      vertex -0.0441208 0.231294 26.8713
    endloop
  endfacet
  facet normal 0.0978089 0.247015 0.964063
    outer loop
      vertex 0.855539 1.81811 26.5831
      vertex 0.493399 1.51853 26.6966
      vertex 0.67983 1.44471 26.6966
    endloop
  endfacet
  facet normal 0.0615096 0.111878 0.991817
    outer loop
      vertex 0.493399 1.04853 26.7832
      vertex 0.376514 0.593292 26.8418
      vertex 0.620923 0.978418 26.7832
    endloop
  endfacet
  facet normal -0.0304169 -0.055329 0.998005
    outer loop
      vertex -0.126167 -0.198809 26.8713
      vertex -0.299186 -0.635803 26.8418
      vertex -0.100255 -0.213054 26.8713
    endloop
  endfacet
  facet normal 0.164128 0.104165 0.980924
    outer loop
      vertex 1.29173 0.9385 26.6966
      vertex 0.937499 0.681133 26.7832
      vertex 1.01548 0.558262 26.7832
    endloop
  endfacet
  facet normal 0.164133 0.104162 0.980923
    outer loop
      vertex 1.29173 0.9385 26.6966
      vertex 1.01548 0.558262 26.7832
      vertex 1.39917 0.769202 26.6966
    endloop
  endfacet
  facet normal 0.26353 0.218027 0.939689
    outer loop
      vertex 1.93383 1.40501 26.4447
      vertex 1.46475 1.37549 26.5831
      vertex 1.6256 1.18107 26.5831
    endloop
  endfacet
  facet normal 0.263531 0.218023 0.93969
    outer loop
      vertex 1.74248 1.6363 26.4447
      vertex 1.46475 1.37549 26.5831
      vertex 1.93383 1.40501 26.4447
    endloop
  endfacet
  facet normal 0.359459 0.228104 0.904852
    outer loop
      vertex 2.3955 1.31694 26.2835
      vertex 1.93383 1.40501 26.4447
      vertex 2.09467 1.15155 26.4447
    endloop
  endfacet
  facet normal 0.385209 0.181267 0.904852
    outer loop
      vertex 2.3955 1.31694 26.2835
      vertex 2.09467 1.15155 26.4447
      vertex 2.22248 0.879942 26.4447
    endloop
  endfacet
  facet normal 0.240387 0.113118 0.964063
    outer loop
      vertex 1.76081 0.968012 26.5831
      vertex 1.48455 0.587774 26.6966
      vertex 1.86825 0.739691 26.5831
    endloop
  endfacet
  facet normal 0.240381 0.113123 0.964064
    outer loop
      vertex 1.76081 0.968012 26.5831
      vertex 1.39917 0.769202 26.6966
      vertex 1.48455 0.587774 26.6966
    endloop
  endfacet
  facet normal 0.265145 0.0166813 0.964064
    outer loop
      vertex 1.99351 0.251838 26.5831
      vertex 1.58408 0.200115 26.6966
      vertex 1.59667 0 26.6966
    endloop
  endfacet
  facet normal 0.265148 0.0166772 0.964064
    outer loop
      vertex 1.99351 0.251838 26.5831
      vertex 1.59667 0 26.6966
      vertex 2.00935 0 26.5831
    endloop
  endfacet
  facet normal 0.418185 -0.0797752 0.904852
    outer loop
      vertex 2.37149 -0.299588 26.4447
      vertex 2.31524 -0.594453 26.4447
      vertex 2.71208 -0.342614 26.2835
    endloop
  endfacet
  facet normal 0.424893 0.0267253 0.904849
    outer loop
      vertex 2.71208 0.342614 26.2835
      vertex 2.39034 0 26.4447
      vertex 2.73363 0 26.2835
    endloop
  endfacet
  facet normal 0.492603 -0.160053 0.85541
    outer loop
      vertex 2.9385 -0.754478 26.1021
      vertex 2.54167 -1.00632 26.2835
      vertex 2.82077 -1.11682 26.1021
    endloop
  endfacet
  facet normal 0.325295 -0.105693 0.939687
    outer loop
      vertex 2.31524 -0.594453 26.4447
      vertex 1.86825 -0.739691 26.5831
      vertex 2.22248 -0.879942 26.4447
    endloop
  endfacet
  facet normal 0.508779 -0.0970598 0.855409
    outer loop
      vertex 2.71208 -0.342614 26.2835
      vertex 2.64775 -0.679826 26.2835
      vertex 3.00989 -0.380238 26.1021
    endloop
  endfacet
  facet normal 0.404893 -0.131552 0.904851
    outer loop
      vertex 2.64775 -0.679826 26.2835
      vertex 2.31524 -0.594453 26.4447
      vertex 2.54167 -1.00632 26.2835
    endloop
  endfacet
  facet normal 0.385206 -0.181268 0.904853
    outer loop
      vertex 2.54167 -1.00632 26.2835
      vertex 2.22248 -0.879942 26.4447
      vertex 2.3955 -1.31694 26.2835
    endloop
  endfacet
  facet normal 0.468654 -0.220537 0.85541
    outer loop
      vertex 2.54167 -1.00632 26.2835
      vertex 2.3955 -1.31694 26.2835
      vertex 2.65855 -1.46155 26.1021
    endloop
  endfacet
  facet normal 0.0649213 0.513856 0.855416
    outer loop
      vertex 0.56848 2.98008 26.1021
      vertex 0.171646 2.72824 26.2835
      vertex 0.512231 2.68521 26.2835
    endloop
  endfacet
  facet normal 0.0649152 0.513863 0.855413
    outer loop
      vertex 0.190495 3.02783 26.1021
      vertex 0.171646 2.72824 26.2835
      vertex 0.56848 2.98008 26.1021
    endloop
  endfacet
  facet normal 0.0978093 0.247014 0.964063
    outer loop
      vertex 0.620923 1.91101 26.5831
      vertex 0.493399 1.51853 26.6966
      vertex 0.855539 1.81811 26.5831
    endloop
  endfacet
  facet normal 0.0850556 0.331288 0.939688
    outer loop
      vertex 0.738655 2.27335 26.4447
      vertex 0.376514 1.97376 26.5831
      vertex 0.620923 1.91101 26.5831
    endloop
  endfacet
  facet normal 0.0936547 0.170345 0.980924
    outer loop
      vertex 0.855539 1.34811 26.6966
      vertex 0.493399 1.04853 26.7832
      vertex 0.620923 0.978418 26.7832
    endloop
  endfacet
  facet normal 0.0936524 0.170347 0.980924
    outer loop
      vertex 0.67983 1.44471 26.6966
      vertex 0.493399 1.04853 26.7832
      vertex 0.855539 1.34811 26.6966
    endloop
  endfacet
  facet normal 0.205097 0.373076 0.904848
    outer loop
      vertex 1.46475 2.30808 26.2835
      vertex 1.16392 2.47346 26.2835
      vertex 1.28081 2.01823 26.4447
    endloop
  endfacet
  facet normal 0.205096 0.373076 0.904848
    outer loop
      vertex 1.16392 2.47346 26.2835
      vertex 1.01776 2.16284 26.4447
      vertex 1.28081 2.01823 26.4447
    endloop
  endfacet
  facet normal 0.121422 -0.0394529 0.991817
    outer loop
      vertex 1.12241 -0.288185 26.7832
      vertex 0.653335 -0.258674 26.8418
      vertex 1.07744 -0.426587 26.7832
    endloop
  endfacet
  facet normal -0.107797 -0.0684101 0.991816
    outer loop
      vertex -0.615763 -0.338518 26.8418
      vertex -0.937499 -0.681133 26.7832
      vertex -0.56848 -0.413024 26.8418
    endloop
  endfacet
  facet normal -0.477417 0.394957 0.784909
    outer loop
      vertex -2.3955 2.24952 25.9033
      vertex -2.65855 1.93155 25.9033
      vertex -2.45441 1.78323 26.1021
    endloop
  endfacet
  facet normal -0.47741 0.394958 0.784913
    outer loop
      vertex -2.3955 2.24952 25.9033
      vertex -2.45441 1.78323 26.1021
      vertex -2.21155 2.07679 26.1021
    endloop
  endfacet
  facet normal -0.164128 0.104165 0.980924
    outer loop
      vertex -0.937499 0.681133 26.7832
      vertex -1.29173 0.9385 26.6966
      vertex -1.01548 0.558262 26.7832
    endloop
  endfacet
  facet normal -0.11552 0.0543585 0.991817
    outer loop
      vertex -1.01548 0.558262 26.7832
      vertex -1.07744 0.426587 26.7832
      vertex -0.615763 0.338518 26.8418
    endloop
  endfacet
  facet normal -0.424154 0.451675 0.78491
    outer loop
      vertex -2.09467 2.53202 25.9033
      vertex -2.3955 2.24952 25.9033
      vertex -1.93383 2.33759 26.1021
    endloop
  endfacet
  facet normal -0.304439 0.419029 0.855413
    outer loop
      vertex -1.6256 2.56153 26.1021
      vertex -1.93383 2.33759 26.1021
      vertex -1.46475 2.30808 26.2835
    endloop
  endfacet
  facet normal -0.0533546 0.422376 0.904849
    outer loop
      vertex -0.15009 2.38562 26.4447
      vertex -0.512231 2.68521 26.2835
      vertex -0.447905 2.348 26.4447
    endloop
  endfacet
  facet normal 0.0243652 0.19286 0.980924
    outer loop
      vertex 0.299186 1.56839 26.6966
      vertex 0.0727625 1.15653 26.7832
      vertex 0.217139 1.13829 26.7832
    endloop
  endfacet
  facet normal -0.154092 0.600147 0.784907
    outer loop
      vertex -0.615763 3.22794 25.9033
      vertex -1.01548 3.12531 25.9033
      vertex -0.9375 2.88533 26.1021
    endloop
  endfacet
  facet normal -0.125914 0.318009 0.939689
    outer loop
      vertex -0.738655 2.27335 26.4447
      vertex -1.01776 2.16284 26.4447
      vertex -0.855539 1.81811 26.5831
    endloop
  endfacet
  facet normal -0.0332961 0.263575 0.964064
    outer loop
      vertex -0.126167 2.00539 26.5831
      vertex -0.299186 1.56839 26.6966
      vertex -0.100255 1.59352 26.6966
    endloop
  endfacet
  facet normal 0 0.342037 0.939687
    outer loop
      vertex 0.15009 2.38562 26.4447
      vertex -0.126167 2.00539 26.5831
      vertex 0.126167 2.00539 26.5831
    endloop
  endfacet
  facet normal 0 0.342037 0.939687
    outer loop
      vertex -0.126167 2.00539 26.5831
      vertex 0.15009 2.38562 26.4447
      vertex -0.15009 2.38562 26.4447
    endloop
  endfacet
  facet normal 0.0428737 0.339339 0.939687
    outer loop
      vertex 0.15009 2.38562 26.4447
      vertex 0.126167 2.00539 26.5831
      vertex 0.376514 1.97376 26.5831
    endloop
  endfacet
  facet normal 0 0.265669 0.964064
    outer loop
      vertex 0.126167 2.00539 26.5831
      vertex -0.100255 1.59352 26.6966
      vertex 0.100255 1.59352 26.6966
    endloop
  endfacet
  facet normal 0 0.265669 0.964064
    outer loop
      vertex -0.100255 1.59352 26.6966
      vertex 0.126167 2.00539 26.5831
      vertex -0.126167 2.00539 26.5831
    endloop
  endfacet
  facet normal -0.234142 0.249324 0.939689
    outer loop
      vertex -1.28081 1.54823 26.5831
      vertex -1.52366 1.84179 26.4447
      vertex -1.46475 1.37549 26.5831
    endloop
  endfacet
  facet normal -0.328039 0.271375 0.904846
    outer loop
      vertex -1.99273 1.8713 26.2835
      vertex -2.21155 1.60679 26.2835
      vertex -1.93383 1.40501 26.4447
    endloop
  endfacet
  facet normal 0.0533098 -0.0338314 0.998005
    outer loop
      vertex 0.615763 -0.338518 26.8418
      vertex 0.206339 -0.113436 26.8713
      vertex 0.56848 -0.413024 26.8418
    endloop
  endfacet
  facet normal -0.133073 0.141702 0.980924
    outer loop
      vertex -1.01776 1.23026 26.6966
      vertex -1.16392 1.093 26.6966
      vertex -0.844738 0.793262 26.7832
    endloop
  endfacet
  facet normal -0.365255 0.922534 0.124581
    outer loop
      vertex -1.15881 3.56646 25
      vertex -1.58408 3.36635 25.235
      vertex -1.14968 3.53834 25.235
    endloop
  endfacet
  facet normal -0.365255 0.922534 0.12458
    outer loop
      vertex -1.15881 3.56646 25
      vertex -1.59667 3.3931 25
      vertex -1.58408 3.36635 25.235
    endloop
  endfacet
  facet normal 0.117133 0.927179 0.355836
    outer loop
      vertex 0.697139 3.65453 25.235
      vertex 0.228066 3.62502 25.4663
      vertex 0.680603 3.56785 25.4663
    endloop
  endfacet
  facet normal 0.10515 0.832332 0.544212
    outer loop
      vertex 0.680603 3.56785 25.4663
      vertex 0.228066 3.62502 25.4663
      vertex 0.653335 3.4249 25.6902
    endloop
  endfacet
  facet normal -0.493132 0.67872 0.544206
    outer loop
      vertex -1.86825 2.94389 25.6902
      vertex -2.31524 2.79865 25.4663
      vertex -2.22248 2.68652 25.6902
    endloop
  endfacet
  facet normal -0.268339 0.677773 0.684557
    outer loop
      vertex -1.07744 3.31601 25.6902
      vertex -1.48455 3.15483 25.6902
      vertex -1.39917 2.9734 25.9033
    endloop
  endfacet
  facet normal -0.128809 0.501669 0.855416
    outer loop
      vertex -0.56848 2.98008 26.1021
      vertex -0.9375 2.88533 26.1021
      vertex -0.512231 2.68521 26.2835
    endloop
  endfacet
  facet normal -0.181286 0.706061 0.684553
    outer loop
      vertex -0.615763 3.22794 25.9033
      vertex -1.07744 3.31601 25.6902
      vertex -1.01548 3.12531 25.9033
    endloop
  endfacet
  facet normal 0.105871 0.412357 0.904849
    outer loop
      vertex 0.844738 2.59984 26.2835
      vertex 0.512231 2.68521 26.2835
      vertex 0.738655 2.27335 26.4447
    endloop
  endfacet
  facet normal 0.15673 0.395833 0.904849
    outer loop
      vertex 0.844738 2.59984 26.2835
      vertex 0.738655 2.27335 26.4447
      vertex 1.16392 2.47346 26.2835
    endloop
  endfacet
  facet normal -0.0615052 0.111879 0.991817
    outer loop
      vertex -0.299186 0.635803 26.8418
      vertex -0.493399 1.04853 26.7832
      vertex -0.376514 0.593292 26.8418
    endloop
  endfacet
  facet normal 0 -0.0631387 0.998005
    outer loop
      vertex -0.0147848 -0.235 26.8713
      vertex 0.0441208 -0.701293 26.8418
      vertex 0.0147848 -0.235 26.8713
    endloop
  endfacet
  facet normal 0 -0.0631387 0.998005
    outer loop
      vertex 0.0441208 -0.701293 26.8418
      vertex -0.0147848 -0.235 26.8713
      vertex -0.0441208 -0.701293 26.8418
    endloop
  endfacet
  facet normal -0.0317505 -0.12366 0.991817
    outer loop
      vertex -0.217139 -0.668288 26.8418
      vertex -0.217139 -1.13829 26.7832
      vertex -0.131669 -0.690233 26.8418
    endloop
  endfacet
  facet normal -0.03175 -0.12366 0.991817
    outer loop
      vertex -0.217139 -0.668288 26.8418
      vertex -0.358092 -1.1021 26.7832
      vertex -0.217139 -1.13829 26.7832
    endloop
  endfacet
  facet normal 0.0533097 -0.0338315 0.998005
    outer loop
      vertex 0.206339 -0.113436 26.8713
      vertex 0.190495 -0.138402 26.8713
      vertex 0.56848 -0.413024 26.8418
    endloop
  endfacet
  facet normal -0.0750432 -0.103289 0.991816
    outer loop
      vertex -0.447905 -0.541424 26.8418
      vertex -0.738655 -0.89288 26.7832
      vertex -0.376514 -0.593292 26.8418
    endloop
  endfacet
  facet normal 0.0304169 0.055329 0.998005
    outer loop
      vertex 0.299186 0.635803 26.8418
      vertex 0.100255 0.213054 26.8713
      vertex 0.126167 0.198809 26.8713
    endloop
  endfacet
  facet normal -0.121422 -0.0394512 0.991817
    outer loop
      vertex -0.680603 -0.174749 26.8418
      vertex -1.12241 -0.288185 26.7832
      vertex -0.653335 -0.258674 26.8418
    endloop
  endfacet
  facet normal 0.0371116 -0.0510804 0.998005
    outer loop
      vertex 0.447905 -0.541424 26.8418
      vertex 0.15009 -0.181428 26.8713
      vertex 0.376514 -0.593292 26.8418
    endloop
  endfacet
  facet normal -0.0571295 0.0268833 0.998005
    outer loop
      vertex -0.615763 0.338518 26.8418
      vertex -0.653335 0.258674 26.8418
      vertex -0.206339 0.113436 26.8713
    endloop
  endfacet
  facet normal 0.19095 -0.0364234 0.980924
    outer loop
      vertex 1.58408 -0.200115 26.6966
      vertex 1.12241 -0.288185 26.7832
      vertex 1.54651 -0.397076 26.6966
    endloop
  endfacet
  facet normal 0.190951 -0.0364274 0.980924
    outer loop
      vertex 1.14968 -0.145237 26.7832
      vertex 1.12241 -0.288185 26.7832
      vertex 1.58408 -0.200115 26.6966
    endloop
  endfacet
  facet normal 0.0600486 -0.0195103 0.998005
    outer loop
      vertex 0.680603 -0.174749 26.8418
      vertex 0.218929 -0.0866795 26.8713
      vertex 0.653335 -0.258674 26.8418
    endloop
  endfacet
  facet normal 0.05713 -0.0268819 0.998005
    outer loop
      vertex 0.218929 -0.0866795 26.8713
      vertex 0.206339 -0.113436 26.8713
      vertex 0.653335 -0.258674 26.8418
    endloop
  endfacet
  facet normal -0.0850556 -0.331288 0.939688
    outer loop
      vertex -0.620923 -1.91101 26.5831
      vertex -0.738655 -2.27335 26.4447
      vertex -0.376514 -1.97376 26.5831
    endloop
  endfacet
  facet normal -0.0850577 -0.331286 0.939689
    outer loop
      vertex -0.376514 -1.97376 26.5831
      vertex -0.738655 -2.27335 26.4447
      vertex -0.447905 -2.348 26.4447
    endloop
  endfacet
  facet normal -0.164771 -0.299724 0.939689
    outer loop
      vertex -0.855539 -1.81811 26.5831
      vertex -1.28081 -2.01823 26.4447
      vertex -1.01776 -2.16284 26.4447
    endloop
  endfacet
  facet normal -0.127987 -0.232811 0.964064
    outer loop
      vertex -0.855539 -1.34811 26.6966
      vertex -1.07666 -1.69655 26.5831
      vertex -0.855539 -1.81811 26.5831
    endloop
  endfacet
  facet normal 0 -0.342037 0.939687
    outer loop
      vertex -0.126167 -2.00539 26.5831
      vertex 0.15009 -2.38562 26.4447
      vertex 0.126167 -2.00539 26.5831
    endloop
  endfacet
  facet normal 0 -0.342037 0.939687
    outer loop
      vertex 0.15009 -2.38562 26.4447
      vertex -0.126167 -2.00539 26.5831
      vertex -0.15009 -2.38562 26.4447
    endloop
  endfacet
  facet normal -0.0660664 -0.257326 0.964063
    outer loop
      vertex -0.299186 -1.56839 26.6966
      vertex -0.620923 -1.91101 26.5831
      vertex -0.376514 -1.97376 26.5831
    endloop
  endfacet
  facet normal -0.184878 -0.0600712 0.980924
    outer loop
      vertex -1.12241 -0.288185 26.7832
      vertex -1.54651 -0.397076 26.6966
      vertex -1.07744 -0.426587 26.7832
    endloop
  endfacet
  facet normal -0.11552 -0.0543585 0.991817
    outer loop
      vertex -0.615763 -0.338518 26.8418
      vertex -1.07744 -0.426587 26.7832
      vertex -1.01548 -0.558262 26.7832
    endloop
  endfacet
  facet normal -0.252674 -0.0820918 0.964063
    outer loop
      vertex -1.54651 -0.397076 26.6966
      vertex -1.94622 -0.499704 26.5831
      vertex -1.86825 -0.739691 26.5831
    endloop
  endfacet
  facet normal -0.19095 -0.0364234 0.980924
    outer loop
      vertex -1.12241 -0.288185 26.7832
      vertex -1.58408 -0.200115 26.6966
      vertex -1.54651 -0.397076 26.6966
    endloop
  endfacet
  facet normal -0.133073 -0.141702 0.980924
    outer loop
      vertex -0.844738 -0.793262 26.7832
      vertex -1.16392 -1.093 26.6966
      vertex -1.01776 -1.23026 26.6966
    endloop
  endfacet
  facet normal -0.181872 -0.193665 0.964062
    outer loop
      vertex -1.16392 -1.093 26.6966
      vertex -1.46475 -1.37549 26.5831
      vertex -1.01776 -1.23026 26.6966
    endloop
  endfacet
  facet normal 0 0.992208 0.124596
    outer loop
      vertex 0.235464 3.7426 25
      vertex -0.233607 3.71309 25.235
      vertex 0.233607 3.71309 25.235
    endloop
  endfacet
  facet normal 0 0.992208 0.124596
    outer loop
      vertex -0.233607 3.71309 25.235
      vertex 0.235464 3.7426 25
      vertex -0.235464 3.7426 25
    endloop
  endfacet
  facet normal -0.764518 0.632447 0.124592
    outer loop
      vertex -2.71208 2.54681 25.235
      vertex -3.03381 2.20419 25
      vertex -3.00989 2.18681 25.235
    endloop
  endfacet
  facet normal -0.720085 0.59569 0.355853
    outer loop
      vertex -2.71208 2.54681 25.235
      vertex -3.00989 2.18681 25.235
      vertex -2.64775 2.4864 25.4663
    endloop
  endfacet
  facet normal -0.727528 0.0457683 0.684549
    outer loop
      vertex -3.26024 0.411863 25.9033
      vertex -3.45917 0.436995 25.6902
      vertex -3.28615 0 25.9033
    endloop
  endfacet
  facet normal -0.618378 0.0389017 0.784917
    outer loop
      vertex -3.26024 0.411863 25.9033
      vertex -3.28615 0 25.9033
      vertex -3.03381 0 26.1021
    endloop
  endfacet
  facet normal -0.437318 0.277539 0.85541
    outer loop
      vertex -2.21155 1.60679 26.2835
      vertex -2.65855 1.46155 26.1021
      vertex -2.3955 1.31694 26.2835
    endloop
  endfacet
  facet normal -0.560644 0.263823 0.784905
    outer loop
      vertex -2.65855 1.46155 26.1021
      vertex -3.05538 1.20971 25.9033
      vertex -2.82077 1.11682 26.1021
    endloop
  endfacet
  facet normal -0.418185 0.0797752 0.904852
    outer loop
      vertex -2.31524 0.594453 26.4447
      vertex -2.71208 0.342614 26.2835
      vertex -2.37149 0.299588 26.4447
    endloop
  endfacet
  facet normal -0.424886 0.0267337 0.904852
    outer loop
      vertex -2.37149 0.299588 26.4447
      vertex -2.71208 0.342614 26.2835
      vertex -2.39034 0 26.4447
    endloop
  endfacet
  facet normal -0.121422 0.0394529 0.991817
    outer loop
      vertex -1.07744 0.426587 26.7832
      vertex -1.12241 0.288185 26.7832
      vertex -0.653335 0.258674 26.8418
    endloop
  endfacet
  facet normal -0.121422 0.0394512 0.991817
    outer loop
      vertex -0.653335 0.258674 26.8418
      vertex -1.12241 0.288185 26.7832
      vertex -0.680603 0.174749 26.8418
    endloop
  endfacet
  facet normal -0.181872 0.193665 0.964062
    outer loop
      vertex -1.01776 1.23026 26.6966
      vertex -1.46475 1.37549 26.5831
      vertex -1.16392 1.093 26.6966
    endloop
  endfacet
  facet normal -0.164133 0.104162 0.980923
    outer loop
      vertex -1.29173 0.9385 26.6966
      vertex -1.39917 0.769202 26.6966
      vertex -1.01548 0.558262 26.7832
    endloop
  endfacet
  facet normal -0.046999 0.118705 0.991817
    outer loop
      vertex -0.217139 0.668288 26.8418
      vertex -0.493399 1.04853 26.7832
      vertex -0.299186 0.635803 26.8418
    endloop
  endfacet
  facet normal 0.0232431 0.0587048 0.998005
    outer loop
      vertex 0.217139 0.668288 26.8418
      vertex 0.0727625 0.22394 26.8713
      vertex 0.299186 0.635803 26.8418
    endloop
  endfacet
  facet normal -0.845604 -0.397909 0.35584
    outer loop
      vertex -3.18291 -1.74982 25.4663
      vertex -3.37712 -1.3371 25.4663
      vertex -3.26024 -1.79233 25.235
    endloop
  endfacet
  facet normal -0.845604 -0.397909 0.35584
    outer loop
      vertex -3.37712 -1.3371 25.4663
      vertex -3.45917 -1.36958 25.235
      vertex -3.26024 -1.79233 25.235
    endloop
  endfacet
  facet normal -0.418185 -0.0797752 0.904852
    outer loop
      vertex -2.37149 -0.299588 26.4447
      vertex -2.71208 -0.342614 26.2835
      vertex -2.31524 -0.594453 26.4447
    endloop
  endfacet
  facet normal -0.335976 -0.0640926 0.939687
    outer loop
      vertex -1.99351 -0.251838 26.5831
      vertex -2.37149 -0.299588 26.4447
      vertex -2.31524 -0.594453 26.4447
    endloop
  endfacet
  facet normal -0.47741 -0.394958 0.784913
    outer loop
      vertex -2.21155 -2.07679 26.1021
      vertex -2.45441 -1.78323 26.1021
      vertex -2.3955 -2.24952 25.9033
    endloop
  endfacet
  facet normal -0.574303 -0.611569 0.544205
    outer loop
      vertex -2.22248 -2.68652 25.6902
      vertex -2.54167 -2.38678 25.6902
      vertex -2.31524 -2.79865 25.4663
    endloop
  endfacet
  facet normal -0.708349 -0.449515 0.544222
    outer loop
      vertex -3.05538 -1.67971 25.6902
      vertex -3.18291 -1.74982 25.4663
      vertex -2.82077 -2.04941 25.6902
    endloop
  endfacet
  facet normal -0.708354 -0.449545 0.54419
    outer loop
      vertex -2.82077 -2.04941 25.6902
      vertex -3.18291 -1.74982 25.4663
      vertex -2.9385 -2.13494 25.4663
    endloop
  endfacet
  facet normal -0.720085 -0.59569 0.355853
    outer loop
      vertex -2.64775 -2.4864 25.4663
      vertex -3.00989 -2.18681 25.235
      vertex -2.71208 -2.54681 25.235
    endloop
  endfacet
  facet normal -0.639741 -0.681249 0.355853
    outer loop
      vertex -2.64775 -2.4864 25.4663
      vertex -2.71208 -2.54681 25.235
      vertex -2.31524 -2.79865 25.4663
    endloop
  endfacet
  facet normal -0.328023 -0.271379 0.90485
    outer loop
      vertex -1.93383 -1.40501 26.4447
      vertex -1.99273 -1.8713 26.2835
      vertex -1.74248 -1.6363 26.4447
    endloop
  endfacet
  facet normal -0.291436 -0.310341 0.90485
    outer loop
      vertex -1.74248 -1.6363 26.4447
      vertex -1.99273 -1.8713 26.2835
      vertex -1.52366 -1.84179 26.4447
    endloop
  endfacet
  facet normal -0.288785 -0.183267 0.93969
    outer loop
      vertex -1.76081 -0.968012 26.5831
      vertex -1.93383 -1.40501 26.4447
      vertex -1.6256 -1.18107 26.5831
    endloop
  endfacet
  facet normal -0.26353 -0.218027 0.939689
    outer loop
      vertex -1.6256 -1.18107 26.5831
      vertex -1.93383 -1.40501 26.4447
      vertex -1.46475 -1.37549 26.5831
    endloop
  endfacet
  facet normal -0.359461 -0.228128 0.904846
    outer loop
      vertex -1.93383 -1.40501 26.4447
      vertex -2.3955 -1.31694 26.2835
      vertex -2.21155 -1.60679 26.2835
    endloop
  endfacet
  facet normal -0.437318 -0.277539 0.85541
    outer loop
      vertex -2.3955 -1.31694 26.2835
      vertex -2.65855 -1.46155 26.1021
      vertex -2.21155 -1.60679 26.2835
    endloop
  endfacet
  facet normal 0.0913657 -0.723211 0.684557
    outer loop
      vertex 0.653335 -3.4249 25.6902
      vertex 0.206339 -3.27966 25.9033
      vertex 0.218929 -3.47978 25.6902
    endloop
  endfacet
  facet normal 0.105151 -0.832333 0.544211
    outer loop
      vertex 0.653335 -3.4249 25.6902
      vertex 0.218929 -3.47978 25.6902
      vertex 0.228066 -3.62502 25.4663
    endloop
  endfacet
  facet normal 0.0533626 -0.422368 0.904852
    outer loop
      vertex 0.512231 -2.68521 26.2835
      vertex 0.15009 -2.38562 26.4447
      vertex 0.171646 -2.72824 26.2835
    endloop
  endfacet
  facet normal 0.0533546 -0.422376 0.904849
    outer loop
      vertex 0.447905 -2.348 26.4447
      vertex 0.15009 -2.38562 26.4447
      vertex 0.512231 -2.68521 26.2835
    endloop
  endfacet
  facet normal -0.0776552 -0.614731 0.784905
    outer loop
      vertex -0.56848 -2.98008 26.1021
      vertex -0.615763 -3.22794 25.9033
      vertex -0.206339 -3.27966 25.9033
    endloop
  endfacet
  facet normal -0.0776579 -0.614733 0.784903
    outer loop
      vertex -0.190495 -3.02783 26.1021
      vertex -0.56848 -2.98008 26.1021
      vertex -0.206339 -3.27966 25.9033
    endloop
  endfacet
  facet normal 0.181872 -0.193665 0.964062
    outer loop
      vertex 1.46475 -1.37549 26.5831
      vertex 1.01776 -1.23026 26.6966
      vertex 1.28081 -1.54823 26.5831
    endloop
  endfacet
  facet normal 0.0850577 -0.331286 0.939689
    outer loop
      vertex 0.738655 -2.27335 26.4447
      vertex 0.376514 -1.97376 26.5831
      vertex 0.447905 -2.348 26.4447
    endloop
  endfacet
  facet normal -0.128804 -0.501677 0.855412
    outer loop
      vertex -0.844738 -2.59984 26.2835
      vertex -0.9375 -2.88533 26.1021
      vertex -0.512231 -2.68521 26.2835
    endloop
  endfacet
  facet normal -0.105871 -0.412357 0.904849
    outer loop
      vertex -0.738655 -2.27335 26.4447
      vertex -0.844738 -2.59984 26.2835
      vertex -0.512231 -2.68521 26.2835
    endloop
  endfacet
  facet normal 0.549317 -0.756065 0.355832
    outer loop
      vertex 2.31524 -2.79865 25.4663
      vertex 1.99351 -3.14126 25.235
      vertex 2.37149 -2.86664 25.235
    endloop
  endfacet
  facet normal 0.12435 -0.984384 0.124596
    outer loop
      vertex 0.70268 -3.68358 25
      vertex 0.233607 -3.71309 25.235
      vertex 0.235464 -3.7426 25
    endloop
  endfacet
  facet normal 0 -0.992208 0.124596
    outer loop
      vertex -0.235464 -3.7426 25
      vertex 0.233607 -3.71309 25.235
      vertex -0.233607 -3.71309 25.235
    endloop
  endfacet
  facet normal 0 -0.992208 0.124596
    outer loop
      vertex 0.233607 -3.71309 25.235
      vertex -0.235464 -3.7426 25
      vertex 0.235464 -3.7426 25
    endloop
  endfacet
  facet normal -0.12435 -0.984384 0.124596
    outer loop
      vertex -0.233607 -3.71309 25.235
      vertex -0.70268 -3.68358 25
      vertex -0.235464 -3.7426 25
    endloop
  endfacet
  facet normal 0.797897 0.259245 0.544198
    outer loop
      vertex 3.37712 1.3371 25.4663
      vertex 3.37712 0.867097 25.6902
      vertex 3.51807 0.903288 25.4663
    endloop
  endfacet
  facet normal 0.797905 0.259241 0.54419
    outer loop
      vertex 3.37712 1.3371 25.4663
      vertex 3.24182 1.28353 25.6902
      vertex 3.37712 0.867097 25.6902
    endloop
  endfacet
  facet normal 0.608629 0.116105 0.784914
    outer loop
      vertex 3.18291 0.817232 25.9033
      vertex 2.9385 0.754478 26.1021
      vertex 3.26024 0.411863 25.9033
    endloop
  endfacet
  facet normal 0.589279 0.191465 0.784915
    outer loop
      vertex 3.18291 0.817232 25.9033
      vertex 2.82077 1.11682 26.1021
      vertex 2.9385 0.754478 26.1021
    endloop
  endfacet
  facet normal 0.450226 -0.818944 0.355848
    outer loop
      vertex 1.99351 -3.14126 25.235
      vertex 1.54651 -3.2865 25.4663
      vertex 1.58408 -3.36635 25.235
    endloop
  endfacet
  facet normal 0.478007 -0.869476 0.124581
    outer loop
      vertex 1.99351 -3.14126 25.235
      vertex 1.58408 -3.36635 25.235
      vertex 1.59667 -3.3931 25
    endloop
  endfacet
  facet normal 0.365255 -0.922534 0.124581
    outer loop
      vertex 1.58408 -3.36635 25.235
      vertex 1.14968 -3.53834 25.235
      vertex 1.15881 -3.56646 25
    endloop
  endfacet
  facet normal 0.344025 -0.868915 0.355856
    outer loop
      vertex 1.58408 -3.36635 25.235
      vertex 1.12241 -3.45441 25.4663
      vertex 1.14968 -3.53834 25.235
    endloop
  endfacet
  facet normal 0.224312 -0.142353 0.964064
    outer loop
      vertex 1.39917 -0.769202 26.6966
      vertex 1.29173 -0.9385 26.6966
      vertex 1.76081 -0.968012 26.5831
    endloop
  endfacet
  facet normal 0.240381 -0.113123 0.964064
    outer loop
      vertex 1.48455 -0.587774 26.6966
      vertex 1.39917 -0.769202 26.6966
      vertex 1.76081 -0.968012 26.5831
    endloop
  endfacet
  facet normal 0.268344 -0.677775 0.684553
    outer loop
      vertex 1.39917 -2.9734 25.9033
      vertex 1.01548 -3.12531 25.9033
      vertex 1.07744 -3.31601 25.6902
    endloop
  endfacet
  facet normal 0.22809 -0.576103 0.784908
    outer loop
      vertex 1.39917 -2.9734 25.9033
      vertex 0.9375 -2.88533 26.1021
      vertex 1.01548 -3.12531 25.9033
    endloop
  endfacet
  facet normal 0.0486491 0.0402462 0.998005
    outer loop
      vertex 0.512231 0.481017 26.8418
      vertex 0.171646 0.161186 26.8713
      vertex 0.56848 0.413024 26.8418
    endloop
  endfacet
  facet normal 0.0160023 -0.126664 0.991817
    outer loop
      vertex 0.131669 -0.690233 26.8418
      vertex 0.0727625 -1.15653 26.7832
      vertex 0.217139 -1.13829 26.7832
    endloop
  endfacet
  facet normal 0.0571295 0.0268833 0.998005
    outer loop
      vertex 0.615763 0.338518 26.8418
      vertex 0.206339 0.113436 26.8713
      vertex 0.653335 0.258674 26.8418
    endloop
  endfacet
  facet normal 0.0660636 -0.257329 0.964063
    outer loop
      vertex 0.493399 -1.51853 26.6966
      vertex 0.299186 -1.56839 26.6966
      vertex 0.620923 -1.91101 26.5831
    endloop
  endfacet
  facet normal 0.05713 0.0268819 0.998005
    outer loop
      vertex 0.653335 0.258674 26.8418
      vertex 0.206339 0.113436 26.8713
      vertex 0.218929 0.0866795 26.8713
    endloop
  endfacet
  facet normal 0.0600486 -0.0195101 0.998005
    outer loop
      vertex 0.228066 -0.0585575 26.8713
      vertex 0.218929 -0.0866795 26.8713
      vertex 0.680603 -0.174749 26.8418
    endloop
  endfacet
  facet normal 0.149783 -0.123908 0.980924
    outer loop
      vertex 1.29173 -0.9385 26.6966
      vertex 0.844738 -0.793262 26.7832
      vertex 1.16392 -1.093 26.6966
    endloop
  endfacet
  facet normal 0.11426 -0.157264 0.980924
    outer loop
      vertex 0.738655 -0.89288 26.7832
      vertex 0.620923 -0.978418 26.7832
      vertex 1.01776 -1.23026 26.6966
    endloop
  endfacet
  facet normal 0.121422 0.0394512 0.991817
    outer loop
      vertex 1.12241 0.288185 26.7832
      vertex 0.653335 0.258674 26.8418
      vertex 0.680603 0.174749 26.8418
    endloop
  endfacet
  facet normal 0.0600486 0.0195101 0.998005
    outer loop
      vertex 0.680603 0.174749 26.8418
      vertex 0.218929 0.0866795 26.8713
      vertex 0.228066 0.0585575 26.8713
    endloop
  endfacet
  facet normal 0.030417 -0.0553289 0.998005
    outer loop
      vertex 0.376514 -0.593292 26.8418
      vertex 0.126167 -0.198809 26.8713
      vertex 0.299186 -0.635803 26.8418
    endloop
  endfacet
  facet normal 0.0533098 0.0338314 0.998005
    outer loop
      vertex 0.56848 0.413024 26.8418
      vertex 0.206339 0.113436 26.8713
      vertex 0.615763 0.338518 26.8418
    endloop
  endfacet
  facet normal 0.0983729 0.081381 0.991816
    outer loop
      vertex 0.844738 0.793262 26.7832
      vertex 0.56848 0.413024 26.8418
      vertex 0.937499 0.681133 26.7832
    endloop
  endfacet
  facet normal 0.030417 0.0553289 0.998005
    outer loop
      vertex 0.299186 0.635803 26.8418
      vertex 0.126167 0.198809 26.8713
      vertex 0.376514 0.593292 26.8418
    endloop
  endfacet
  facet normal -0.0983729 -0.081381 0.991816
    outer loop
      vertex -0.56848 -0.413024 26.8418
      vertex -0.937499 -0.681133 26.7832
      vertex -0.844738 -0.793262 26.7832
    endloop
  endfacet
  facet normal 0.0432208 -0.0460265 0.998005
    outer loop
      vertex 0.171646 -0.161186 26.8713
      vertex 0.15009 -0.181428 26.8713
      vertex 0.447905 -0.541424 26.8418
    endloop
  endfacet
  facet normal -0.0160015 0.126664 0.991817
    outer loop
      vertex -0.0727625 1.15653 26.7832
      vertex -0.131669 0.690233 26.8418
      vertex -0.0441208 0.701293 26.8418
    endloop
  endfacet
  facet normal 0.0715667 0.18074 0.980924
    outer loop
      vertex 0.493399 1.51853 26.6966
      vertex 0.493399 1.04853 26.7832
      vertex 0.67983 1.44471 26.6966
    endloop
  endfacet
  facet normal 0.0469974 0.118706 0.991817
    outer loop
      vertex 0.358092 1.1021 26.7832
      vertex 0.217139 0.668288 26.8418
      vertex 0.493399 1.04853 26.7832
    endloop
  endfacet
  facet normal -0.0232446 -0.058704 0.998005
    outer loop
      vertex -0.100255 -0.213054 26.8713
      vertex -0.299186 -0.635803 26.8418
      vertex -0.0727625 -0.22394 26.8713
    endloop
  endfacet
  facet normal -0.0243652 0.19286 0.980924
    outer loop
      vertex -0.0727625 1.15653 26.7832
      vertex -0.299186 1.56839 26.6966
      vertex -0.217139 1.13829 26.7832
    endloop
  endfacet
  facet normal 0.0317505 0.12366 0.991817
    outer loop
      vertex 0.217139 1.13829 26.7832
      vertex 0.131669 0.690233 26.8418
      vertex 0.217139 0.668288 26.8418
    endloop
  endfacet
  facet normal 0.107797 0.0684101 0.991816
    outer loop
      vertex 0.937499 0.681133 26.7832
      vertex 0.56848 0.413024 26.8418
      vertex 0.615763 0.338518 26.8418
    endloop
  endfacet
  facet normal 0.107794 0.0684125 0.991817
    outer loop
      vertex 0.937499 0.681133 26.7832
      vertex 0.615763 0.338518 26.8418
      vertex 1.01548 0.558262 26.7832
    endloop
  endfacet
  facet normal 0.156156 0.214935 0.964063
    outer loop
      vertex 1.07666 1.69655 26.5831
      vertex 0.855539 1.34811 26.6966
      vertex 1.28081 1.54823 26.5831
    endloop
  endfacet
  facet normal 0.201036 0.276709 0.93969
    outer loop
      vertex 1.28081 2.01823 26.4447
      vertex 1.07666 1.69655 26.5831
      vertex 1.28081 1.54823 26.5831
    endloop
  endfacet
  facet normal 0.33597 0.0640992 0.939689
    outer loop
      vertex 2.31524 0.594453 26.4447
      vertex 1.94622 0.499704 26.5831
      vertex 1.99351 0.251838 26.5831
    endloop
  endfacet
  facet normal 0.325292 0.105685 0.939689
    outer loop
      vertex 2.31524 0.594453 26.4447
      vertex 1.86825 0.739691 26.5831
      vertex 1.94622 0.499704 26.5831
    endloop
  endfacet
  facet normal 0.492601 -0.160049 0.855411
    outer loop
      vertex 2.64775 -0.679826 26.2835
      vertex 2.54167 -1.00632 26.2835
      vertex 2.9385 -0.754478 26.1021
    endloop
  endfacet
  facet normal 0.508775 -0.0970539 0.855411
    outer loop
      vertex 3.00989 -0.380238 26.1021
      vertex 2.64775 -0.679826 26.2835
      vertex 2.9385 -0.754478 26.1021
    endloop
  endfacet
  facet normal -0.354563 0.377566 0.855411
    outer loop
      vertex -1.93383 2.33759 26.1021
      vertex -2.21155 2.07679 26.1021
      vertex -1.99273 1.8713 26.2835
    endloop
  endfacet
  facet normal -0.298498 0.542955 0.784919
    outer loop
      vertex -1.29173 2.74508 26.1021
      vertex -1.76081 2.77459 25.9033
      vertex -1.6256 2.56153 26.1021
    endloop
  endfacet
  facet normal -0.499009 0.531389 0.684555
    outer loop
      vertex -2.22248 2.68652 25.6902
      vertex -2.54167 2.38678 25.6902
      vertex -2.3955 2.24952 25.9033
    endloop
  endfacet
  facet normal -0.561672 0.46466 0.684555
    outer loop
      vertex -2.54167 2.38678 25.6902
      vertex -2.65855 1.93155 25.9033
      vertex -2.3955 2.24952 25.9033
    endloop
  endfacet
  facet normal -0.364188 0.501267 0.784919
    outer loop
      vertex -1.76081 2.77459 25.9033
      vertex -1.93383 2.33759 26.1021
      vertex -1.6256 2.56153 26.1021
    endloop
  endfacet
  facet normal -0.351177 0.638791 0.684558
    outer loop
      vertex -1.48455 3.15483 25.6902
      vertex -1.86825 2.94389 25.6902
      vertex -1.39917 2.9734 25.9033
    endloop
  endfacet
  facet normal 0.0243632 0.192861 0.980924
    outer loop
      vertex 0.100255 1.59352 26.6966
      vertex 0.0727625 1.15653 26.7832
      vertex 0.299186 1.56839 26.6966
    endloop
  endfacet
  facet normal 0.0160015 0.126664 0.991817
    outer loop
      vertex 0.0727625 1.15653 26.7832
      vertex 0.0441208 0.701293 26.8418
      vertex 0.131669 0.690233 26.8418
    endloop
  endfacet
  facet normal 0.0160023 0.126664 0.991817
    outer loop
      vertex 0.217139 1.13829 26.7832
      vertex 0.0727625 1.15653 26.7832
      vertex 0.131669 0.690233 26.8418
    endloop
  endfacet
  facet normal -0.205097 0.373076 0.904848
    outer loop
      vertex -1.16392 2.47346 26.2835
      vertex -1.46475 2.30808 26.2835
      vertex -1.28081 2.01823 26.4447
    endloop
  endfacet
  facet normal -0.164771 0.299724 0.939689
    outer loop
      vertex -1.01776 2.16284 26.4447
      vertex -1.28081 2.01823 26.4447
      vertex -0.855539 1.81811 26.5831
    endloop
  endfacet
  facet normal -0.0533626 0.422368 0.904852
    outer loop
      vertex -0.171646 2.72824 26.2835
      vertex -0.512231 2.68521 26.2835
      vertex -0.15009 2.38562 26.4447
    endloop
  endfacet
  facet normal -0.0776552 0.614731 0.784905
    outer loop
      vertex -0.206339 3.27966 25.9033
      vertex -0.615763 3.22794 25.9033
      vertex -0.56848 2.98008 26.1021
    endloop
  endfacet
  facet normal -0.0850577 0.331286 0.939689
    outer loop
      vertex -0.447905 2.348 26.4447
      vertex -0.738655 2.27335 26.4447
      vertex -0.376514 1.97376 26.5831
    endloop
  endfacet
  facet normal -0.0428648 0.339335 0.939688
    outer loop
      vertex -0.15009 2.38562 26.4447
      vertex -0.447905 2.348 26.4447
      vertex -0.376514 1.97376 26.5831
    endloop
  endfacet
  facet normal -0.0850556 0.331288 0.939688
    outer loop
      vertex -0.376514 1.97376 26.5831
      vertex -0.738655 2.27335 26.4447
      vertex -0.620923 1.91101 26.5831
    endloop
  endfacet
  facet normal -0.125921 0.31801 0.939688
    outer loop
      vertex -0.738655 2.27335 26.4447
      vertex -0.855539 1.81811 26.5831
      vertex -0.620923 1.91101 26.5831
    endloop
  endfacet
  facet normal 0.0332961 0.263575 0.964064
    outer loop
      vertex 0.126167 2.00539 26.5831
      vertex 0.100255 1.59352 26.6966
      vertex 0.299186 1.56839 26.6966
    endloop
  endfacet
  facet normal 0.0333015 0.263577 0.964063
    outer loop
      vertex 0.376514 1.97376 26.5831
      vertex 0.126167 2.00539 26.5831
      vertex 0.299186 1.56839 26.6966
    endloop
  endfacet
  facet normal -0.240387 0.113118 0.964063
    outer loop
      vertex -1.76081 0.968012 26.5831
      vertex -1.86825 0.739691 26.5831
      vertex -1.48455 0.587774 26.6966
    endloop
  endfacet
  facet normal -0.309482 0.145632 0.939687
    outer loop
      vertex -1.76081 0.968012 26.5831
      vertex -2.22248 0.879942 26.4447
      vertex -1.86825 0.739691 26.5831
    endloop
  endfacet
  facet normal -0.263531 0.218023 0.93969
    outer loop
      vertex -1.74248 1.6363 26.4447
      vertex -1.93383 1.40501 26.4447
      vertex -1.46475 1.37549 26.5831
    endloop
  endfacet
  facet normal -0.492601 0.160049 0.855411
    outer loop
      vertex -2.54167 1.00632 26.2835
      vertex -2.9385 0.754478 26.1021
      vertex -2.64775 0.679826 26.2835
    endloop
  endfacet
  facet normal -0.428481 0.589737 0.684554
    outer loop
      vertex -1.76081 2.77459 25.9033
      vertex -2.22248 2.68652 25.6902
      vertex -2.09467 2.53202 25.9033
    endloop
  endfacet
  facet normal -0.308832 0.78005 0.544191
    outer loop
      vertex -1.07744 3.31601 25.6902
      vertex -1.54651 3.2865 25.4663
      vertex -1.48455 3.15483 25.6902
    endloop
  endfacet
  facet normal -0.404171 0.735188 0.544192
    outer loop
      vertex -1.54651 3.2865 25.4663
      vertex -1.86825 2.94389 25.6902
      vertex -1.48455 3.15483 25.6902
    endloop
  endfacet
  facet normal -0.404168 0.735187 0.544195
    outer loop
      vertex -1.54651 3.2865 25.4663
      vertex -1.94622 3.06676 25.4663
      vertex -1.86825 2.94389 25.6902
    endloop
  endfacet
  facet normal -0.22809 0.576103 0.784908
    outer loop
      vertex -1.01548 3.12531 25.9033
      vertex -1.39917 2.9734 25.9033
      vertex -0.9375 2.88533 26.1021
    endloop
  endfacet
  facet normal -0.228093 0.576096 0.784912
    outer loop
      vertex -0.9375 2.88533 26.1021
      vertex -1.39917 2.9734 25.9033
      vertex -1.29173 2.74508 26.1021
    endloop
  endfacet
  facet normal 0.125921 0.31801 0.939688
    outer loop
      vertex 0.738655 2.27335 26.4447
      vertex 0.620923 1.91101 26.5831
      vertex 0.855539 1.81811 26.5831
    endloop
  endfacet
  facet normal 0.125914 0.318009 0.939689
    outer loop
      vertex 1.01776 2.16284 26.4447
      vertex 0.738655 2.27335 26.4447
      vertex 0.855539 1.81811 26.5831
    endloop
  endfacet
  facet normal -0.0160023 -0.126664 0.991817
    outer loop
      vertex -0.131669 -0.690233 26.8418
      vertex -0.217139 -1.13829 26.7832
      vertex -0.0727625 -1.15653 26.7832
    endloop
  endfacet
  facet normal -0.00791344 -0.0626409 0.998005
    outer loop
      vertex -0.0147848 -0.235 26.8713
      vertex -0.131669 -0.690233 26.8418
      vertex -0.0441208 -0.701293 26.8418
    endloop
  endfacet
  facet normal -0.0371118 -0.0510803 0.998005
    outer loop
      vertex -0.15009 -0.181428 26.8713
      vertex -0.376514 -0.593292 26.8418
      vertex -0.126167 -0.198809 26.8713
    endloop
  endfacet
  facet normal -0.0160015 -0.126664 0.991817
    outer loop
      vertex -0.0441208 -0.701293 26.8418
      vertex -0.131669 -0.690233 26.8418
      vertex -0.0727625 -1.15653 26.7832
    endloop
  endfacet
  facet normal 0.0243632 -0.192861 0.980924
    outer loop
      vertex 0.299186 -1.56839 26.6966
      vertex 0.0727625 -1.15653 26.7832
      vertex 0.100255 -1.59352 26.6966
    endloop
  endfacet
  facet normal -0.0620201 -0.0118316 0.998005
    outer loop
      vertex -0.228066 -0.0585575 26.8713
      vertex -0.697139 -0.088069 26.8418
      vertex -0.680603 -0.174749 26.8418
    endloop
  endfacet
  facet normal -0.046999 -0.118705 0.991817
    outer loop
      vertex -0.299186 -0.635803 26.8418
      vertex -0.493399 -1.04853 26.7832
      vertex -0.217139 -0.668288 26.8418
    endloop
  endfacet
  facet normal -0.0371116 -0.0510804 0.998005
    outer loop
      vertex -0.15009 -0.181428 26.8713
      vertex -0.447905 -0.541424 26.8418
      vertex -0.376514 -0.593292 26.8418
    endloop
  endfacet
  facet normal -0.0371118 0.0510803 0.998005
    outer loop
      vertex -0.126167 0.198809 26.8713
      vertex -0.376514 0.593292 26.8418
      vertex -0.15009 0.181428 26.8713
    endloop
  endfacet
  facet normal 0.0232431 -0.0587048 0.998005
    outer loop
      vertex 0.299186 -0.635803 26.8418
      vertex 0.0727625 -0.22394 26.8713
      vertex 0.217139 -0.668288 26.8418
    endloop
  endfacet
  facet normal 0.125409 -0.0239244 0.991817
    outer loop
      vertex 0.697139 -0.088069 26.8418
      vertex 0.680603 -0.174749 26.8418
      vertex 1.12241 -0.288185 26.7832
    endloop
  endfacet
  facet normal 0.015702 -0.0611551 0.998005
    outer loop
      vertex 0.217139 -0.668288 26.8418
      vertex 0.0727625 -0.22394 26.8713
      vertex 0.131669 -0.690233 26.8418
    endloop
  endfacet
  facet normal -0.0486491 0.0402462 0.998005
    outer loop
      vertex -0.512231 0.481017 26.8418
      vertex -0.56848 0.413024 26.8418
      vertex -0.171646 0.161186 26.8713
    endloop
  endfacet
  facet normal -0.0486488 0.0402467 0.998005
    outer loop
      vertex -0.171646 0.161186 26.8713
      vertex -0.56848 0.413024 26.8418
      vertex -0.190495 0.138402 26.8713
    endloop
  endfacet
  facet normal 0.0983725 -0.0813813 0.991816
    outer loop
      vertex 0.56848 -0.413024 26.8418
      vertex 0.512231 -0.481017 26.8418
      vertex 0.844738 -0.793262 26.7832
    endloop
  endfacet
  facet normal 0.0983729 -0.081381 0.991816
    outer loop
      vertex 0.937499 -0.681133 26.7832
      vertex 0.56848 -0.413024 26.8418
      vertex 0.844738 -0.793262 26.7832
    endloop
  endfacet
  facet normal 0.11552 -0.0543585 0.991817
    outer loop
      vertex 1.07744 -0.426587 26.7832
      vertex 0.615763 -0.338518 26.8418
      vertex 1.01548 -0.558262 26.7832
    endloop
  endfacet
  facet normal 0.107794 -0.0684125 0.991817
    outer loop
      vertex 1.01548 -0.558262 26.7832
      vertex 0.615763 -0.338518 26.8418
      vertex 0.937499 -0.681133 26.7832
    endloop
  endfacet
  facet normal -0.0333015 -0.263577 0.964063
    outer loop
      vertex -0.299186 -1.56839 26.6966
      vertex -0.376514 -1.97376 26.5831
      vertex -0.126167 -2.00539 26.5831
    endloop
  endfacet
  facet normal -0.0332961 -0.263575 0.964064
    outer loop
      vertex -0.100255 -1.59352 26.6966
      vertex -0.299186 -1.56839 26.6966
      vertex -0.126167 -2.00539 26.5831
    endloop
  endfacet
  facet normal -0.0615052 -0.111879 0.991817
    outer loop
      vertex -0.376514 -0.593292 26.8418
      vertex -0.493399 -1.04853 26.7832
      vertex -0.299186 -0.635803 26.8418
    endloop
  endfacet
  facet normal -0.0936547 -0.170345 0.980924
    outer loop
      vertex -0.620923 -0.978418 26.7832
      vertex -0.855539 -1.34811 26.6966
      vertex -0.493399 -1.04853 26.7832
    endloop
  endfacet
  facet normal -0.11426 -0.157264 0.980924
    outer loop
      vertex -0.738655 -0.89288 26.7832
      vertex -1.01776 -1.23026 26.6966
      vertex -0.620923 -0.978418 26.7832
    endloop
  endfacet
  facet normal -0.201036 -0.276709 0.93969
    outer loop
      vertex -1.28081 -1.54823 26.5831
      vertex -1.28081 -2.01823 26.4447
      vertex -1.07666 -1.69655 26.5831
    endloop
  endfacet
  facet normal -0.205096 -0.373076 0.904848
    outer loop
      vertex -1.01776 -2.16284 26.4447
      vertex -1.28081 -2.01823 26.4447
      vertex -1.16392 -2.47346 26.2835
    endloop
  endfacet
  facet normal -0.156728 -0.395835 0.904849
    outer loop
      vertex -1.01776 -2.16284 26.4447
      vertex -1.16392 -2.47346 26.2835
      vertex -0.738655 -2.27335 26.4447
    endloop
  endfacet
  facet normal -0.0486488 -0.0402467 0.998005
    outer loop
      vertex -0.190495 -0.138402 26.8713
      vertex -0.56848 -0.413024 26.8418
      vertex -0.171646 -0.161186 26.8713
    endloop
  endfacet
  facet normal -0.0873979 -0.093068 0.991816
    outer loop
      vertex -0.512231 -0.481017 26.8418
      vertex -0.844738 -0.793262 26.7832
      vertex -0.447905 -0.541424 26.8418
    endloop
  endfacet
  facet normal -0.156151 -0.214943 0.964062
    outer loop
      vertex -1.01776 -1.23026 26.6966
      vertex -1.28081 -1.54823 26.5831
      vertex -0.855539 -1.34811 26.6966
    endloop
  endfacet
  facet normal -0.127993 -0.232811 0.964063
    outer loop
      vertex -0.855539 -1.34811 26.6966
      vertex -0.855539 -1.81811 26.5831
      vertex -0.67983 -1.44471 26.6966
    endloop
  endfacet
  facet normal -0.175889 -0.0827732 0.980924
    outer loop
      vertex -1.07744 -0.426587 26.7832
      vertex -1.48455 -0.587774 26.6966
      vertex -1.39917 -0.769202 26.6966
    endloop
  endfacet
  facet normal -0.184878 -0.060069 0.980924
    outer loop
      vertex -1.07744 -0.426587 26.7832
      vertex -1.54651 -0.397076 26.6966
      vertex -1.48455 -0.587774 26.6966
    endloop
  endfacet
  facet normal -0.639737 0.681262 0.355833
    outer loop
      vertex -2.37149 2.86664 25.235
      vertex -2.71208 2.54681 25.235
      vertex -2.31524 2.79865 25.4663
    endloop
  endfacet
  facet normal -0.549317 0.756065 0.355832
    outer loop
      vertex -1.99351 3.14126 25.235
      vertex -2.37149 2.86664 25.235
      vertex -2.31524 2.79865 25.4663
    endloop
  endfacet
  facet normal -0.608627 0.116102 0.784917
    outer loop
      vertex -2.9385 0.754478 26.1021
      vertex -3.26024 0.411863 25.9033
      vertex -3.00989 0.380238 26.1021
    endloop
  endfacet
  facet normal -0.618379 0.038901 0.784917
    outer loop
      vertex -3.00989 0.380238 26.1021
      vertex -3.26024 0.411863 25.9033
      vertex -3.03381 0 26.1021
    endloop
  endfacet
  facet normal -0.404893 0.131552 0.904851
    outer loop
      vertex -2.54167 1.00632 26.2835
      vertex -2.64775 0.679826 26.2835
      vertex -2.31524 0.594453 26.4447
    endloop
  endfacet
  facet normal -0.404889 0.131555 0.904853
    outer loop
      vertex -2.22248 0.879942 26.4447
      vertex -2.54167 1.00632 26.2835
      vertex -2.31524 0.594453 26.4447
    endloop
  endfacet
  facet normal -0.335976 0.0640926 0.939687
    outer loop
      vertex -2.31524 0.594453 26.4447
      vertex -2.37149 0.299588 26.4447
      vertex -1.99351 0.251838 26.5831
    endloop
  endfacet
  facet normal -0.34136 0.0214783 0.939687
    outer loop
      vertex -2.37149 0.299588 26.4447
      vertex -2.39034 0 26.4447
      vertex -1.99351 0.251838 26.5831
    endloop
  endfacet
  facet normal -0.0715667 0.18074 0.980924
    outer loop
      vertex -0.493399 1.51853 26.6966
      vertex -0.67983 1.44471 26.6966
      vertex -0.493399 1.04853 26.7832
    endloop
  endfacet
  facet normal -0.0483385 0.188286 0.980924
    outer loop
      vertex -0.299186 1.56839 26.6966
      vertex -0.493399 1.51853 26.6966
      vertex -0.217139 1.13829 26.7832
    endloop
  endfacet
  facet normal -0.133068 0.141704 0.980924
    outer loop
      vertex -0.738655 0.89288 26.7832
      vertex -1.01776 1.23026 26.6966
      vertex -0.844738 0.793262 26.7832
    endloop
  endfacet
  facet normal -0.175895 0.0827676 0.980923
    outer loop
      vertex -1.01548 0.558262 26.7832
      vertex -1.39917 0.769202 26.6966
      vertex -1.07744 0.426587 26.7832
    endloop
  endfacet
  facet normal -0.0615096 0.111878 0.991817
    outer loop
      vertex -0.493399 1.04853 26.7832
      vertex -0.620923 0.978418 26.7832
      vertex -0.376514 0.593292 26.8418
    endloop
  endfacet
  facet normal -0.0936547 0.170345 0.980924
    outer loop
      vertex -0.493399 1.04853 26.7832
      vertex -0.855539 1.34811 26.6966
      vertex -0.620923 0.978418 26.7832
    endloop
  endfacet
  facet normal -0.030417 0.0553289 0.998005
    outer loop
      vertex -0.299186 0.635803 26.8418
      vertex -0.376514 0.593292 26.8418
      vertex -0.126167 0.198809 26.8713
    endloop
  endfacet
  facet normal -0.385206 -0.181268 0.904853
    outer loop
      vertex -2.22248 -0.879942 26.4447
      vertex -2.54167 -1.00632 26.2835
      vertex -2.3955 -1.31694 26.2835
    endloop
  endfacet
  facet normal -0.385209 -0.181267 0.904852
    outer loop
      vertex -2.22248 -0.879942 26.4447
      vertex -2.3955 -1.31694 26.2835
      vertex -2.09467 -1.15155 26.4447
    endloop
  endfacet
  facet normal -0.325292 -0.105685 0.939689
    outer loop
      vertex -1.94622 -0.499704 26.5831
      vertex -2.31524 -0.594453 26.4447
      vertex -1.86825 -0.739691 26.5831
    endloop
  endfacet
  facet normal -0.260967 -0.0497896 0.964063
    outer loop
      vertex -1.54651 -0.397076 26.6966
      vertex -1.99351 -0.251838 26.5831
      vertex -1.94622 -0.499704 26.5831
    endloop
  endfacet
  facet normal -0.34136 -0.0214783 0.939687
    outer loop
      vertex -1.99351 -0.251838 26.5831
      vertex -2.39034 0 26.4447
      vertex -2.37149 -0.299588 26.4447
    endloop
  endfacet
  facet normal -0.424886 -0.0267337 0.904852
    outer loop
      vertex -2.39034 0 26.4447
      vertex -2.71208 -0.342614 26.2835
      vertex -2.37149 -0.299588 26.4447
    endloop
  endfacet
  facet normal -0.428481 -0.589737 0.684554
    outer loop
      vertex -2.09467 -2.53202 25.9033
      vertex -2.22248 -2.68652 25.6902
      vertex -1.76081 -2.77459 25.9033
    endloop
  endfacet
  facet normal -0.364203 -0.501269 0.784911
    outer loop
      vertex -1.93383 -2.33759 26.1021
      vertex -2.09467 -2.53202 25.9033
      vertex -1.76081 -2.77459 25.9033
    endloop
  endfacet
  facet normal -0.0533546 -0.422376 0.904849
    outer loop
      vertex -0.447905 -2.348 26.4447
      vertex -0.512231 -2.68521 26.2835
      vertex -0.15009 -2.38562 26.4447
    endloop
  endfacet
  facet normal -0.0533626 -0.422368 0.904852
    outer loop
      vertex -0.15009 -2.38562 26.4447
      vertex -0.512231 -2.68521 26.2835
      vertex -0.171646 -2.72824 26.2835
    endloop
  endfacet
  facet normal 0.0243652 -0.19286 0.980924
    outer loop
      vertex 0.217139 -1.13829 26.7832
      vertex 0.0727625 -1.15653 26.7832
      vertex 0.299186 -1.56839 26.6966
    endloop
  endfacet
  facet normal 0 -0.265669 0.964064
    outer loop
      vertex -0.100255 -1.59352 26.6966
      vertex 0.126167 -2.00539 26.5831
      vertex 0.100255 -1.59352 26.6966
    endloop
  endfacet
  facet normal 0 -0.265669 0.964064
    outer loop
      vertex 0.126167 -2.00539 26.5831
      vertex -0.100255 -1.59352 26.6966
      vertex -0.126167 -2.00539 26.5831
    endloop
  endfacet
  facet normal 0.0715667 -0.18074 0.980924
    outer loop
      vertex 0.493399 -1.04853 26.7832
      vertex 0.493399 -1.51853 26.6966
      vertex 0.67983 -1.44471 26.6966
    endloop
  endfacet
  facet normal 0.0978089 -0.247015 0.964063
    outer loop
      vertex 0.67983 -1.44471 26.6966
      vertex 0.493399 -1.51853 26.6966
      vertex 0.855539 -1.81811 26.5831
    endloop
  endfacet
  facet normal 0.164771 -0.299723 0.93969
    outer loop
      vertex 1.07666 -1.69655 26.5831
      vertex 0.855539 -1.81811 26.5831
      vertex 1.28081 -2.01823 26.4447
    endloop
  endfacet
  facet normal 0.205096 -0.373076 0.904848
    outer loop
      vertex 1.28081 -2.01823 26.4447
      vertex 1.01776 -2.16284 26.4447
      vertex 1.16392 -2.47346 26.2835
    endloop
  endfacet
  facet normal 0.679213 -0.72329 0.124581
    outer loop
      vertex 2.71208 -2.54681 25.235
      vertex 2.39034 -2.88942 25
      vertex 2.73363 -2.56705 25
    endloop
  endfacet
  facet normal 0.583211 -0.802708 0.124603
    outer loop
      vertex 2.39034 -2.88942 25
      vertex 1.99351 -3.14126 25.235
      vertex 2.00935 -3.16623 25
    endloop
  endfacet
  facet normal 0.549316 -0.756065 0.355832
    outer loop
      vertex 2.31524 -2.79865 25.4663
      vertex 1.94622 -3.06676 25.4663
      vertex 1.99351 -3.14126 25.235
    endloop
  endfacet
  facet normal 0.49313 -0.678731 0.544194
    outer loop
      vertex 2.31524 -2.79865 25.4663
      vertex 1.86825 -2.94389 25.6902
      vertex 1.94622 -3.06676 25.4663
    endloop
  endfacet
  facet normal 0.00791344 -0.0626409 0.998005
    outer loop
      vertex 0.131669 -0.690233 26.8418
      vertex 0.0147848 -0.235 26.8713
      vertex 0.0441208 -0.701293 26.8418
    endloop
  endfacet
  facet normal 0.0600486 0.0195103 0.998005
    outer loop
      vertex 0.653335 0.258674 26.8418
      vertex 0.218929 0.0866795 26.8713
      vertex 0.680603 0.174749 26.8418
    endloop
  endfacet
  facet normal 0.0873972 -0.0930691 0.991816
    outer loop
      vertex 0.844738 -0.793262 26.7832
      vertex 0.447905 -0.541424 26.8418
      vertex 0.738655 -0.89288 26.7832
    endloop
  endfacet
  facet normal -0.0983725 -0.0813813 0.991816
    outer loop
      vertex -0.56848 -0.413024 26.8418
      vertex -0.844738 -0.793262 26.7832
      vertex -0.512231 -0.481017 26.8418
    endloop
  endfacet
  facet normal 0.0157021 0.0611551 0.998005
    outer loop
      vertex 0.131669 0.690233 26.8418
      vertex 0.0441208 0.231294 26.8713
      vertex 0.0727625 0.22394 26.8713
    endloop
  endfacet
  facet normal 0.0873972 0.0930691 0.991816
    outer loop
      vertex 0.738655 0.89288 26.7832
      vertex 0.447905 0.541424 26.8418
      vertex 0.844738 0.793262 26.7832
    endloop
  endfacet
  facet normal 0.133073 -0.141702 0.980924
    outer loop
      vertex 1.16392 -1.093 26.6966
      vertex 0.844738 -0.793262 26.7832
      vertex 1.01776 -1.23026 26.6966
    endloop
  endfacet
  facet normal 0.181872 -0.193665 0.964062
    outer loop
      vertex 1.16392 -1.093 26.6966
      vertex 1.01776 -1.23026 26.6966
      vertex 1.46475 -1.37549 26.5831
    endloop
  endfacet
  facet normal 0.0750432 -0.103289 0.991816
    outer loop
      vertex 0.447905 -0.541424 26.8418
      vertex 0.376514 -0.593292 26.8418
      vertex 0.738655 -0.89288 26.7832
    endloop
  endfacet
  facet normal 0.075044 -0.103288 0.991816
    outer loop
      vertex 0.738655 -0.89288 26.7832
      vertex 0.376514 -0.593292 26.8418
      vertex 0.620923 -0.978418 26.7832
    endloop
  endfacet
  facet normal 0.00791344 0.0626409 0.998005
    outer loop
      vertex 0.0441208 0.701293 26.8418
      vertex 0.0147848 0.235 26.8713
      vertex 0.131669 0.690233 26.8418
    endloop
  endfacet
  facet normal -0.0600486 -0.0195103 0.998005
    outer loop
      vertex -0.218929 -0.0866795 26.8713
      vertex -0.680603 -0.174749 26.8418
      vertex -0.653335 -0.258674 26.8418
    endloop
  endfacet
  facet normal 0.0371116 0.0510804 0.998005
    outer loop
      vertex 0.376514 0.593292 26.8418
      vertex 0.15009 0.181428 26.8713
      vertex 0.447905 0.541424 26.8418
    endloop
  endfacet
  facet normal 0.0432208 0.0460265 0.998005
    outer loop
      vertex 0.447905 0.541424 26.8418
      vertex 0.15009 0.181428 26.8713
      vertex 0.171646 0.161186 26.8713
    endloop
  endfacet
  facet normal 0.0432217 0.0460258 0.998005
    outer loop
      vertex 0.447905 0.541424 26.8418
      vertex 0.171646 0.161186 26.8713
      vertex 0.512231 0.481017 26.8418
    endloop
  endfacet
  facet normal -0.0232446 0.058704 0.998005
    outer loop
      vertex -0.0727625 0.22394 26.8713
      vertex -0.299186 0.635803 26.8418
      vertex -0.100255 0.213054 26.8713
    endloop
  endfacet
  facet normal -0.05713 -0.0268819 0.998005
    outer loop
      vertex -0.218929 -0.0866795 26.8713
      vertex -0.653335 -0.258674 26.8418
      vertex -0.206339 -0.113436 26.8713
    endloop
  endfacet
  facet normal 0.0715578 0.180741 0.980924
    outer loop
      vertex 0.493399 1.51853 26.6966
      vertex 0.358092 1.1021 26.7832
      vertex 0.493399 1.04853 26.7832
    endloop
  endfacet
  facet normal 0.0483423 0.188284 0.980924
    outer loop
      vertex 0.493399 1.51853 26.6966
      vertex 0.217139 1.13829 26.7832
      vertex 0.358092 1.1021 26.7832
    endloop
  endfacet
  facet normal 0.0615052 0.111879 0.991817
    outer loop
      vertex 0.493399 1.04853 26.7832
      vertex 0.299186 0.635803 26.8418
      vertex 0.376514 0.593292 26.8418
    endloop
  endfacet
  facet normal 0.046999 0.118705 0.991817
    outer loop
      vertex 0.493399 1.04853 26.7832
      vertex 0.217139 0.668288 26.8418
      vertex 0.299186 0.635803 26.8418
    endloop
  endfacet
  facet normal 0.164771 0.299723 0.93969
    outer loop
      vertex 1.28081 2.01823 26.4447
      vertex 0.855539 1.81811 26.5831
      vertex 1.07666 1.69655 26.5831
    endloop
  endfacet
  facet normal 0.127987 0.232811 0.964064
    outer loop
      vertex 0.855539 1.81811 26.5831
      vertex 0.855539 1.34811 26.6966
      vertex 1.07666 1.69655 26.5831
    endloop
  endfacet
  facet normal -0.03175 0.12366 0.991817
    outer loop
      vertex -0.217139 1.13829 26.7832
      vertex -0.358092 1.1021 26.7832
      vertex -0.217139 0.668288 26.8418
    endloop
  endfacet
  facet normal -0.0483423 0.188284 0.980924
    outer loop
      vertex -0.217139 1.13829 26.7832
      vertex -0.493399 1.51853 26.6966
      vertex -0.358092 1.1021 26.7832
    endloop
  endfacet
  facet normal -0.201039 0.276708 0.939689
    outer loop
      vertex -1.28081 2.01823 26.4447
      vertex -1.52366 1.84179 26.4447
      vertex -1.28081 1.54823 26.5831
    endloop
  endfacet
  facet normal -0.25024 0.344428 0.904848
    outer loop
      vertex -1.46475 2.30808 26.2835
      vertex -1.52366 1.84179 26.4447
      vertex -1.28081 2.01823 26.4447
    endloop
  endfacet
  facet normal -0.156728 0.395835 0.904849
    outer loop
      vertex -0.738655 2.27335 26.4447
      vertex -1.16392 2.47346 26.2835
      vertex -1.01776 2.16284 26.4447
    endloop
  endfacet
  facet normal -0.205096 0.373076 0.904848
    outer loop
      vertex -1.16392 2.47346 26.2835
      vertex -1.28081 2.01823 26.4447
      vertex -1.01776 2.16284 26.4447
    endloop
  endfacet
  facet normal 0 0.517947 0.855413
    outer loop
      vertex 0.190495 3.02783 26.1021
      vertex -0.171646 2.72824 26.2835
      vertex 0.171646 2.72824 26.2835
    endloop
  endfacet
  facet normal 0 0.517947 0.855413
    outer loop
      vertex -0.171646 2.72824 26.2835
      vertex 0.190495 3.02783 26.1021
      vertex -0.190495 3.02783 26.1021
    endloop
  endfacet
  facet normal -0.0649152 0.513863 0.855413
    outer loop
      vertex -0.190495 3.02783 26.1021
      vertex -0.56848 2.98008 26.1021
      vertex -0.171646 2.72824 26.2835
    endloop
  endfacet
  facet normal -0.0428737 0.339339 0.939687
    outer loop
      vertex -0.15009 2.38562 26.4447
      vertex -0.376514 1.97376 26.5831
      vertex -0.126167 2.00539 26.5831
    endloop
  endfacet
  facet normal -0.0333015 0.263577 0.964063
    outer loop
      vertex -0.126167 2.00539 26.5831
      vertex -0.376514 1.97376 26.5831
      vertex -0.299186 1.56839 26.6966
    endloop
  endfacet
  facet normal -0.359459 0.228104 0.904852
    outer loop
      vertex -1.93383 1.40501 26.4447
      vertex -2.3955 1.31694 26.2835
      vertex -2.09467 1.15155 26.4447
    endloop
  endfacet
  facet normal -0.359461 0.228128 0.904846
    outer loop
      vertex -2.21155 1.60679 26.2835
      vertex -2.3955 1.31694 26.2835
      vertex -1.93383 1.40501 26.4447
    endloop
  endfacet
  facet normal -0.149783 0.123908 0.980924
    outer loop
      vertex -1.16392 1.093 26.6966
      vertex -1.29173 0.9385 26.6966
      vertex -0.844738 0.793262 26.7832
    endloop
  endfacet
  facet normal -0.204709 0.169346 0.964062
    outer loop
      vertex -1.16392 1.093 26.6966
      vertex -1.46475 1.37549 26.5831
      vertex -1.29173 0.9385 26.6966
    endloop
  endfacet
  facet normal -0.351176 0.638796 0.684554
    outer loop
      vertex -1.39917 2.9734 25.9033
      vertex -1.86825 2.94389 25.6902
      vertex -1.76081 2.77459 25.9033
    endloop
  endfacet
  facet normal -0.428481 0.589737 0.684554
    outer loop
      vertex -1.86825 2.94389 25.6902
      vertex -2.22248 2.68652 25.6902
      vertex -1.76081 2.77459 25.9033
    endloop
  endfacet
  facet normal 0 -0.127671 0.991817
    outer loop
      vertex -0.0441208 -0.701293 26.8418
      vertex 0.0727625 -1.15653 26.7832
      vertex 0.0441208 -0.701293 26.8418
    endloop
  endfacet
  facet normal 0 -0.127671 0.991817
    outer loop
      vertex 0.0727625 -1.15653 26.7832
      vertex -0.0441208 -0.701293 26.8418
      vertex -0.0727625 -1.15653 26.7832
    endloop
  endfacet
  facet normal -0.0620202 -0.0118314 0.998005
    outer loop
      vertex -0.233607 -0.0295115 26.8713
      vertex -0.697139 -0.088069 26.8418
      vertex -0.228066 -0.0585575 26.8713
    endloop
  endfacet
  facet normal 0.0371118 -0.0510803 0.998005
    outer loop
      vertex 0.15009 -0.181428 26.8713
      vertex 0.126167 -0.198809 26.8713
      vertex 0.376514 -0.593292 26.8418
    endloop
  endfacet
  facet normal 0.0533097 0.0338315 0.998005
    outer loop
      vertex 0.56848 0.413024 26.8418
      vertex 0.190495 0.138402 26.8713
      vertex 0.206339 0.113436 26.8713
    endloop
  endfacet
  facet normal 0.00791338 -0.0626409 0.998005
    outer loop
      vertex 0.0441208 -0.231294 26.8713
      vertex 0.0147848 -0.235 26.8713
      vertex 0.131669 -0.690233 26.8418
    endloop
  endfacet
  facet normal 0.121422 -0.0394512 0.991817
    outer loop
      vertex 0.680603 -0.174749 26.8418
      vertex 0.653335 -0.258674 26.8418
      vertex 1.12241 -0.288185 26.7832
    endloop
  endfacet
  facet normal 0.0486488 0.0402467 0.998005
    outer loop
      vertex 0.56848 0.413024 26.8418
      vertex 0.171646 0.161186 26.8713
      vertex 0.190495 0.138402 26.8713
    endloop
  endfacet
  facet normal 0.0571295 -0.0268833 0.998005
    outer loop
      vertex 0.653335 -0.258674 26.8418
      vertex 0.206339 -0.113436 26.8713
      vertex 0.615763 -0.338518 26.8418
    endloop
  endfacet
  facet normal 0.11552 -0.0543601 0.991817
    outer loop
      vertex 0.653335 -0.258674 26.8418
      vertex 0.615763 -0.338518 26.8418
      vertex 1.07744 -0.426587 26.7832
    endloop
  endfacet
  facet normal 0.0620201 -0.0118316 0.998005
    outer loop
      vertex 0.697139 -0.088069 26.8418
      vertex 0.228066 -0.0585575 26.8713
      vertex 0.680603 -0.174749 26.8418
    endloop
  endfacet
  facet normal -0.0978093 -0.247014 0.964063
    outer loop
      vertex -0.493399 -1.51853 26.6966
      vertex -0.855539 -1.81811 26.5831
      vertex -0.620923 -1.91101 26.5831
    endloop
  endfacet
  facet normal -0.125921 -0.31801 0.939688
    outer loop
      vertex -0.620923 -1.91101 26.5831
      vertex -0.855539 -1.81811 26.5831
      vertex -0.738655 -2.27335 26.4447
    endloop
  endfacet
  facet normal -0.0660636 -0.257329 0.964063
    outer loop
      vertex -0.493399 -1.51853 26.6966
      vertex -0.620923 -1.91101 26.5831
      vertex -0.299186 -1.56839 26.6966
    endloop
  endfacet
  facet normal -0.0483385 -0.188286 0.980924
    outer loop
      vertex -0.217139 -1.13829 26.7832
      vertex -0.493399 -1.51853 26.6966
      vertex -0.299186 -1.56839 26.6966
    endloop
  endfacet
  facet normal -0.149783 -0.123908 0.980924
    outer loop
      vertex -0.844738 -0.793262 26.7832
      vertex -1.29173 -0.9385 26.6966
      vertex -1.16392 -1.093 26.6966
    endloop
  endfacet
  facet normal -0.204709 -0.169346 0.964062
    outer loop
      vertex -1.29173 -0.9385 26.6966
      vertex -1.46475 -1.37549 26.5831
      vertex -1.16392 -1.093 26.6966
    endloop
  endfacet
  facet normal -0.181872 -0.193665 0.964062
    outer loop
      vertex -1.01776 -1.23026 26.6966
      vertex -1.46475 -1.37549 26.5831
      vertex -1.28081 -1.54823 26.5831
    endloop
  endfacet
  facet normal -0.234142 -0.249324 0.939689
    outer loop
      vertex -1.46475 -1.37549 26.5831
      vertex -1.52366 -1.84179 26.4447
      vertex -1.28081 -1.54823 26.5831
    endloop
  endfacet
  facet normal -0.0936524 -0.170347 0.980924
    outer loop
      vertex -0.493399 -1.04853 26.7832
      vertex -0.855539 -1.34811 26.6966
      vertex -0.67983 -1.44471 26.6966
    endloop
  endfacet
  facet normal -0.114254 -0.157272 0.980924
    outer loop
      vertex -0.620923 -0.978418 26.7832
      vertex -1.01776 -1.23026 26.6966
      vertex -0.855539 -1.34811 26.6966
    endloop
  endfacet
  facet normal -0.11552 -0.0543601 0.991817
    outer loop
      vertex -0.653335 -0.258674 26.8418
      vertex -1.07744 -0.426587 26.7832
      vertex -0.615763 -0.338518 26.8418
    endloop
  endfacet
  facet normal -0.121422 -0.0394529 0.991817
    outer loop
      vertex -0.653335 -0.258674 26.8418
      vertex -1.12241 -0.288185 26.7832
      vertex -1.07744 -0.426587 26.7832
    endloop
  endfacet
  facet normal -0.224312 -0.142353 0.964064
    outer loop
      vertex -1.39917 -0.769202 26.6966
      vertex -1.76081 -0.968012 26.5831
      vertex -1.29173 -0.9385 26.6966
    endloop
  endfacet
  facet normal -0.175895 -0.0827676 0.980923
    outer loop
      vertex -1.07744 -0.426587 26.7832
      vertex -1.39917 -0.769202 26.6966
      vertex -1.01548 -0.558262 26.7832
    endloop
  endfacet
  facet normal -0.127987 0.232811 0.964064
    outer loop
      vertex -0.855539 1.81811 26.5831
      vertex -1.07666 1.69655 26.5831
      vertex -0.855539 1.34811 26.6966
    endloop
  endfacet
  facet normal -0.156156 0.214935 0.964063
    outer loop
      vertex -1.07666 1.69655 26.5831
      vertex -1.28081 1.54823 26.5831
      vertex -0.855539 1.34811 26.6966
    endloop
  endfacet
  facet normal -0.181872 0.193665 0.964062
    outer loop
      vertex -1.28081 1.54823 26.5831
      vertex -1.46475 1.37549 26.5831
      vertex -1.01776 1.23026 26.6966
    endloop
  endfacet
  facet normal -0.075044 0.103288 0.991816
    outer loop
      vertex -0.620923 0.978418 26.7832
      vertex -0.738655 0.89288 26.7832
      vertex -0.376514 0.593292 26.8418
    endloop
  endfacet
  facet normal -0.0660636 0.257329 0.964063
    outer loop
      vertex -0.299186 1.56839 26.6966
      vertex -0.620923 1.91101 26.5831
      vertex -0.493399 1.51853 26.6966
    endloop
  endfacet
  facet normal -0.0978093 0.247014 0.964063
    outer loop
      vertex -0.620923 1.91101 26.5831
      vertex -0.855539 1.81811 26.5831
      vertex -0.493399 1.51853 26.6966
    endloop
  endfacet
  facet normal -0.325295 -0.105693 0.939687
    outer loop
      vertex -1.86825 -0.739691 26.5831
      vertex -2.31524 -0.594453 26.4447
      vertex -2.22248 -0.879942 26.4447
    endloop
  endfacet
  facet normal -0.309482 -0.145632 0.939687
    outer loop
      vertex -1.86825 -0.739691 26.5831
      vertex -2.22248 -0.879942 26.4447
      vertex -1.76081 -0.968012 26.5831
    endloop
  endfacet
  facet normal -0.499011 -0.531389 0.684553
    outer loop
      vertex -2.09467 -2.53202 25.9033
      vertex -2.3955 -2.24952 25.9033
      vertex -2.22248 -2.68652 25.6902
    endloop
  endfacet
  facet normal -0.424154 -0.451675 0.78491
    outer loop
      vertex -1.93383 -2.33759 26.1021
      vertex -2.3955 -2.24952 25.9033
      vertex -2.09467 -2.53202 25.9033
    endloop
  endfacet
  facet normal 0 -0.194393 0.980924
    outer loop
      vertex -0.0727625 -1.15653 26.7832
      vertex 0.100255 -1.59352 26.6966
      vertex 0.0727625 -1.15653 26.7832
    endloop
  endfacet
  facet normal 0 -0.194393 0.980924
    outer loop
      vertex 0.100255 -1.59352 26.6966
      vertex -0.0727625 -1.15653 26.7832
      vertex -0.100255 -1.59352 26.6966
    endloop
  endfacet
  facet normal 0.0428737 -0.339339 0.939687
    outer loop
      vertex 0.376514 -1.97376 26.5831
      vertex 0.126167 -2.00539 26.5831
      vertex 0.15009 -2.38562 26.4447
    endloop
  endfacet
  facet normal 0.0428648 -0.339335 0.939688
    outer loop
      vertex 0.376514 -1.97376 26.5831
      vertex 0.15009 -2.38562 26.4447
      vertex 0.447905 -2.348 26.4447
    endloop
  endfacet
  facet normal 0.0936547 -0.170345 0.980924
    outer loop
      vertex 0.620923 -0.978418 26.7832
      vertex 0.493399 -1.04853 26.7832
      vertex 0.855539 -1.34811 26.6966
    endloop
  endfacet
  facet normal 0.127987 -0.232811 0.964064
    outer loop
      vertex 0.855539 -1.34811 26.6966
      vertex 0.855539 -1.81811 26.5831
      vertex 1.07666 -1.69655 26.5831
    endloop
  endfacet
  facet normal 0.164771 -0.299724 0.939689
    outer loop
      vertex 1.28081 -2.01823 26.4447
      vertex 0.855539 -1.81811 26.5831
      vertex 1.01776 -2.16284 26.4447
    endloop
  endfacet
  facet normal 0.205097 -0.373076 0.904848
    outer loop
      vertex 1.28081 -2.01823 26.4447
      vertex 1.16392 -2.47346 26.2835
      vertex 1.46475 -2.30808 26.2835
    endloop
  endfacet
  facet normal 0.0936524 -0.170347 0.980924
    outer loop
      vertex 0.855539 -1.34811 26.6966
      vertex 0.493399 -1.04853 26.7832
      vertex 0.67983 -1.44471 26.6966
    endloop
  endfacet
  facet normal 0.127993 -0.232811 0.964063
    outer loop
      vertex 0.855539 -1.34811 26.6966
      vertex 0.67983 -1.44471 26.6966
      vertex 0.855539 -1.81811 26.5831
    endloop
  endfacet
  facet normal 0.679207 -0.723294 0.124594
    outer loop
      vertex 2.71208 -2.54681 25.235
      vertex 2.37149 -2.86664 25.235
      vertex 2.39034 -2.88942 25
    endloop
  endfacet
  facet normal 0.639737 -0.681262 0.355833
    outer loop
      vertex 2.71208 -2.54681 25.235
      vertex 2.31524 -2.79865 25.4663
      vertex 2.37149 -2.86664 25.235
    endloop
  endfacet
  facet normal 0.015702 0.0611551 0.998005
    outer loop
      vertex 0.131669 0.690233 26.8418
      vertex 0.0727625 0.22394 26.8713
      vertex 0.217139 0.668288 26.8418
    endloop
  endfacet
  facet normal -0.0600486 -0.0195101 0.998005
    outer loop
      vertex -0.228066 -0.0585575 26.8713
      vertex -0.680603 -0.174749 26.8418
      vertex -0.218929 -0.0866795 26.8713
    endloop
  endfacet
  facet normal 0 0 1
    outer loop
      vertex 0.233607 0.0295115 26.8713
      vertex 0.233607 -0.0295115 26.8713
      vertex 0.235464 0 26.8713
    endloop
  endfacet
  facet normal 0 0 1
    outer loop
      vertex 0.228066 0.0585575 26.8713
      vertex 0.233607 -0.0295115 26.8713
      vertex 0.233607 0.0295115 26.8713
    endloop
  endfacet
  facet normal 0 0 1
    outer loop
      vertex 0.228066 0.0585575 26.8713
      vertex 0.228066 -0.0585575 26.8713
      vertex 0.233607 -0.0295115 26.8713
    endloop
  endfacet
  facet normal 0 0 1
    outer loop
      vertex 0.218929 0.0866795 26.8713
      vertex 0.228066 -0.0585575 26.8713
      vertex 0.228066 0.0585575 26.8713
    endloop
  endfacet
  facet normal 0 0 1
    outer loop
      vertex 0.218929 0.0866795 26.8713
      vertex 0.218929 -0.0866795 26.8713
      vertex 0.228066 -0.0585575 26.8713
    endloop
  endfacet
  facet normal 0 0 1
    outer loop
      vertex 0.206339 0.113436 26.8713
      vertex 0.218929 -0.0866795 26.8713
      vertex 0.218929 0.0866795 26.8713
    endloop
  endfacet
  facet normal 0 0 1
    outer loop
      vertex 0.206339 0.113436 26.8713
      vertex 0.206339 -0.113436 26.8713
      vertex 0.218929 -0.0866795 26.8713
    endloop
  endfacet
  facet normal 0 0 1
    outer loop
      vertex 0.190495 0.138402 26.8713
      vertex 0.206339 -0.113436 26.8713
      vertex 0.206339 0.113436 26.8713
    endloop
  endfacet
  facet normal 0 0 1
    outer loop
      vertex 0.190495 0.138402 26.8713
      vertex 0.190495 -0.138402 26.8713
      vertex 0.206339 -0.113436 26.8713
    endloop
  endfacet
  facet normal 0 0 1
    outer loop
      vertex 0.171646 0.161186 26.8713
      vertex 0.190495 -0.138402 26.8713
      vertex 0.190495 0.138402 26.8713
    endloop
  endfacet
  facet normal 0 0 1
    outer loop
      vertex 0.171646 0.161186 26.8713
      vertex 0.171646 -0.161186 26.8713
      vertex 0.190495 -0.138402 26.8713
    endloop
  endfacet
  facet normal 0 0 1
    outer loop
      vertex 0.15009 0.181428 26.8713
      vertex 0.171646 -0.161186 26.8713
      vertex 0.171646 0.161186 26.8713
    endloop
  endfacet
  facet normal 0 0 1
    outer loop
      vertex 0.15009 0.181428 26.8713
      vertex 0.15009 -0.181428 26.8713
      vertex 0.171646 -0.161186 26.8713
    endloop
  endfacet
  facet normal 0 0 1
    outer loop
      vertex 0.126167 0.198809 26.8713
      vertex 0.15009 -0.181428 26.8713
      vertex 0.15009 0.181428 26.8713
    endloop
  endfacet
  facet normal 0 0 1
    outer loop
      vertex 0.126167 0.198809 26.8713
      vertex 0.126167 -0.198809 26.8713
      vertex 0.15009 -0.181428 26.8713
    endloop
  endfacet
  facet normal 0 0 1
    outer loop
      vertex 0.100255 0.213054 26.8713
      vertex 0.126167 -0.198809 26.8713
      vertex 0.126167 0.198809 26.8713
    endloop
  endfacet
  facet normal 0 0 1
    outer loop
      vertex 0.100255 0.213054 26.8713
      vertex 0.100255 -0.213054 26.8713
      vertex 0.126167 -0.198809 26.8713
    endloop
  endfacet
  facet normal 0 0 1
    outer loop
      vertex 0.0727625 0.22394 26.8713
      vertex 0.100255 -0.213054 26.8713
      vertex 0.100255 0.213054 26.8713
    endloop
  endfacet
  facet normal 0 0 1
    outer loop
      vertex 0.0727625 0.22394 26.8713
      vertex 0.0727625 -0.22394 26.8713
      vertex 0.100255 -0.213054 26.8713
    endloop
  endfacet
  facet normal 0 0 1
    outer loop
      vertex 0.0441208 0.231294 26.8713
      vertex 0.0727625 -0.22394 26.8713
      vertex 0.0727625 0.22394 26.8713
    endloop
  endfacet
  facet normal 0 0 1
    outer loop
      vertex 0.0441208 0.231294 26.8713
      vertex 0.0441208 -0.231294 26.8713
      vertex 0.0727625 -0.22394 26.8713
    endloop
  endfacet
  facet normal 0 0 1
    outer loop
      vertex 0.0147848 0.235 26.8713
      vertex 0.0441208 -0.231294 26.8713
      vertex 0.0441208 0.231294 26.8713
    endloop
  endfacet
  facet normal 0 0 1
    outer loop
      vertex 0.0147848 0.235 26.8713
      vertex 0.0147848 -0.235 26.8713
      vertex 0.0441208 -0.231294 26.8713
    endloop
  endfacet
  facet normal -0 0 1
    outer loop
      vertex -0.0147848 0.235 26.8713
      vertex 0.0147848 -0.235 26.8713
      vertex 0.0147848 0.235 26.8713
    endloop
  endfacet
  facet normal 0 0 1
    outer loop
      vertex -0.0147848 0.235 26.8713
      vertex -0.0147848 -0.235 26.8713
      vertex 0.0147848 -0.235 26.8713
    endloop
  endfacet
  facet normal -0 0 1
    outer loop
      vertex -0.0441208 0.231294 26.8713
      vertex -0.0147848 -0.235 26.8713
      vertex -0.0147848 0.235 26.8713
    endloop
  endfacet
  facet normal 0 0 1
    outer loop
      vertex -0.0441208 0.231294 26.8713
      vertex -0.0441208 -0.231294 26.8713
      vertex -0.0147848 -0.235 26.8713
    endloop
  endfacet
  facet normal -0 0 1
    outer loop
      vertex -0.0727625 0.22394 26.8713
      vertex -0.0441208 -0.231294 26.8713
      vertex -0.0441208 0.231294 26.8713
    endloop
  endfacet
  facet normal 0 0 1
    outer loop
      vertex -0.0727625 0.22394 26.8713
      vertex -0.0727625 -0.22394 26.8713
      vertex -0.0441208 -0.231294 26.8713
    endloop
  endfacet
  facet normal -0 0 1
    outer loop
      vertex -0.100255 0.213054 26.8713
      vertex -0.0727625 -0.22394 26.8713
      vertex -0.0727625 0.22394 26.8713
    endloop
  endfacet
  facet normal 0 0 1
    outer loop
      vertex -0.100255 0.213054 26.8713
      vertex -0.100255 -0.213054 26.8713
      vertex -0.0727625 -0.22394 26.8713
    endloop
  endfacet
  facet normal -0 0 1
    outer loop
      vertex -0.126167 0.198809 26.8713
      vertex -0.100255 -0.213054 26.8713
      vertex -0.100255 0.213054 26.8713
    endloop
  endfacet
  facet normal 0 0 1
    outer loop
      vertex -0.126167 0.198809 26.8713
      vertex -0.126167 -0.198809 26.8713
      vertex -0.100255 -0.213054 26.8713
    endloop
  endfacet
  facet normal -0 0 1
    outer loop
      vertex -0.15009 0.181428 26.8713
      vertex -0.126167 -0.198809 26.8713
      vertex -0.126167 0.198809 26.8713
    endloop
  endfacet
  facet normal 0 0 1
    outer loop
      vertex -0.15009 0.181428 26.8713
      vertex -0.15009 -0.181428 26.8713
      vertex -0.126167 -0.198809 26.8713
    endloop
  endfacet
  facet normal -0 0 1
    outer loop
      vertex -0.171646 0.161186 26.8713
      vertex -0.15009 -0.181428 26.8713
      vertex -0.15009 0.181428 26.8713
    endloop
  endfacet
  facet normal 0 0 1
    outer loop
      vertex -0.171646 0.161186 26.8713
      vertex -0.171646 -0.161186 26.8713
      vertex -0.15009 -0.181428 26.8713
    endloop
  endfacet
  facet normal -0 0 1
    outer loop
      vertex -0.190495 0.138402 26.8713
      vertex -0.171646 -0.161186 26.8713
      vertex -0.171646 0.161186 26.8713
    endloop
  endfacet
  facet normal 0 0 1
    outer loop
      vertex -0.190495 0.138402 26.8713
      vertex -0.190495 -0.138402 26.8713
      vertex -0.171646 -0.161186 26.8713
    endloop
  endfacet
  facet normal -0 0 1
    outer loop
      vertex -0.206339 0.113436 26.8713
      vertex -0.190495 -0.138402 26.8713
      vertex -0.190495 0.138402 26.8713
    endloop
  endfacet
  facet normal 0 0 1
    outer loop
      vertex -0.206339 0.113436 26.8713
      vertex -0.206339 -0.113436 26.8713
      vertex -0.190495 -0.138402 26.8713
    endloop
  endfacet
  facet normal -0 0 1
    outer loop
      vertex -0.218929 0.0866795 26.8713
      vertex -0.206339 -0.113436 26.8713
      vertex -0.206339 0.113436 26.8713
    endloop
  endfacet
  facet normal 0 0 1
    outer loop
      vertex -0.218929 0.0866795 26.8713
      vertex -0.218929 -0.0866795 26.8713
      vertex -0.206339 -0.113436 26.8713
    endloop
  endfacet
  facet normal -0 0 1
    outer loop
      vertex -0.228066 0.0585575 26.8713
      vertex -0.218929 -0.0866795 26.8713
      vertex -0.218929 0.0866795 26.8713
    endloop
  endfacet
  facet normal 0 0 1
    outer loop
      vertex -0.228066 0.0585575 26.8713
      vertex -0.228066 -0.0585575 26.8713
      vertex -0.218929 -0.0866795 26.8713
    endloop
  endfacet
  facet normal -0 0 1
    outer loop
      vertex -0.233607 0.0295115 26.8713
      vertex -0.228066 -0.0585575 26.8713
      vertex -0.228066 0.0585575 26.8713
    endloop
  endfacet
  facet normal 0 0 1
    outer loop
      vertex -0.233607 0.0295115 26.8713
      vertex -0.233607 -0.0295115 26.8713
      vertex -0.228066 -0.0585575 26.8713
    endloop
  endfacet
  facet normal 0 -0 1
    outer loop
      vertex -0.233607 -0.0295115 26.8713
      vertex -0.233607 0.0295115 26.8713
      vertex -0.235464 0 26.8713
    endloop
  endfacet
  facet normal -0.0157021 0.0611551 0.998005
    outer loop
      vertex -0.0441208 0.231294 26.8713
      vertex -0.131669 0.690233 26.8418
      vertex -0.0727625 0.22394 26.8713
    endloop
  endfacet
  facet normal -0.0533097 0.0338315 0.998005
    outer loop
      vertex -0.190495 0.138402 26.8713
      vertex -0.56848 0.413024 26.8418
      vertex -0.206339 0.113436 26.8713
    endloop
  endfacet
  facet normal 0.00791338 0.0626409 0.998005
    outer loop
      vertex 0.131669 0.690233 26.8418
      vertex 0.0147848 0.235 26.8713
      vertex 0.0441208 0.231294 26.8713
    endloop
  endfacet
  facet normal -0.399083 0.330158 0.855411
    outer loop
      vertex -2.21155 2.07679 26.1021
      vertex -2.45441 1.78323 26.1021
      vertex -1.99273 1.8713 26.2835
    endloop
  endfacet
  facet normal -0.399083 0.330147 0.855416
    outer loop
      vertex -1.99273 1.8713 26.2835
      vertex -2.45441 1.78323 26.1021
      vertex -2.21155 1.60679 26.2835
    endloop
  endfacet
  facet normal -0.190667 0.481568 0.855417
    outer loop
      vertex -0.9375 2.88533 26.1021
      vertex -1.29173 2.74508 26.1021
      vertex -1.16392 2.47346 26.2835
    endloop
  endfacet
  facet normal -0.249517 0.453876 0.855417
    outer loop
      vertex -1.29173 2.74508 26.1021
      vertex -1.46475 2.30808 26.2835
      vertex -1.16392 2.47346 26.2835
    endloop
  endfacet
  facet normal -0.0649213 0.513856 0.855416
    outer loop
      vertex -0.171646 2.72824 26.2835
      vertex -0.56848 2.98008 26.1021
      vertex -0.512231 2.68521 26.2835
    endloop
  endfacet
  facet normal -0.0776579 0.614733 0.784903
    outer loop
      vertex -0.206339 3.27966 25.9033
      vertex -0.56848 2.98008 26.1021
      vertex -0.190495 3.02783 26.1021
    endloop
  endfacet
  facet normal 0 0.425726 0.904852
    outer loop
      vertex 0.171646 2.72824 26.2835
      vertex -0.15009 2.38562 26.4447
      vertex 0.15009 2.38562 26.4447
    endloop
  endfacet
  facet normal 0 0.425726 0.904852
    outer loop
      vertex -0.15009 2.38562 26.4447
      vertex 0.171646 2.72824 26.2835
      vertex -0.171646 2.72824 26.2835
    endloop
  endfacet
  facet normal -0.468654 0.220537 0.85541
    outer loop
      vertex -2.3955 1.31694 26.2835
      vertex -2.65855 1.46155 26.1021
      vertex -2.54167 1.00632 26.2835
    endloop
  endfacet
  facet normal -0.385206 0.181268 0.904853
    outer loop
      vertex -2.3955 1.31694 26.2835
      vertex -2.54167 1.00632 26.2835
      vertex -2.22248 0.879942 26.4447
    endloop
  endfacet
  facet normal -0.149782 0.12391 0.980924
    outer loop
      vertex -0.844738 0.793262 26.7832
      vertex -1.29173 0.9385 26.6966
      vertex -0.937499 0.681133 26.7832
    endloop
  endfacet
  facet normal -0.26353 0.218027 0.939689
    outer loop
      vertex -1.46475 1.37549 26.5831
      vertex -1.93383 1.40501 26.4447
      vertex -1.6256 1.18107 26.5831
    endloop
  endfacet
  facet normal -0.288785 0.183267 0.93969
    outer loop
      vertex -1.6256 1.18107 26.5831
      vertex -1.93383 1.40501 26.4447
      vertex -1.76081 0.968012 26.5831
    endloop
  endfacet
  facet normal -0.204696 0.169351 0.964064
    outer loop
      vertex -1.46475 1.37549 26.5831
      vertex -1.6256 1.18107 26.5831
      vertex -1.29173 0.9385 26.6966
    endloop
  endfacet
  facet normal -0.05713 0.0268819 0.998005
    outer loop
      vertex -0.206339 0.113436 26.8713
      vertex -0.653335 0.258674 26.8418
      vertex -0.218929 0.0866795 26.8713
    endloop
  endfacet
  facet normal -0.0600486 0.0195103 0.998005
    outer loop
      vertex -0.653335 0.258674 26.8418
      vertex -0.680603 0.174749 26.8418
      vertex -0.218929 0.0866795 26.8713
    endloop
  endfacet
  facet normal -0.0533097 -0.0338315 0.998005
    outer loop
      vertex -0.206339 -0.113436 26.8713
      vertex -0.56848 -0.413024 26.8418
      vertex -0.190495 -0.138402 26.8713
    endloop
  endfacet
  facet normal -0.0533098 -0.0338314 0.998005
    outer loop
      vertex -0.206339 -0.113436 26.8713
      vertex -0.615763 -0.338518 26.8418
      vertex -0.56848 -0.413024 26.8418
    endloop
  endfacet
  facet normal -0.0304169 0.055329 0.998005
    outer loop
      vertex -0.100255 0.213054 26.8713
      vertex -0.299186 0.635803 26.8418
      vertex -0.126167 0.198809 26.8713
    endloop
  endfacet
  facet normal 0.0620202 -0.0118314 0.998005
    outer loop
      vertex 0.233607 -0.0295115 26.8713
      vertex 0.228066 -0.0585575 26.8713
      vertex 0.697139 -0.088069 26.8418
    endloop
  endfacet
  facet normal 0.0630139 -0.00396513 0.998005
    outer loop
      vertex 0.235464 0 26.8713
      vertex 0.233607 -0.0295115 26.8713
      vertex 0.697139 -0.088069 26.8418
    endloop
  endfacet
  facet normal -0.0715578 -0.180741 0.980924
    outer loop
      vertex -0.493399 -1.04853 26.7832
      vertex -0.493399 -1.51853 26.6966
      vertex -0.358092 -1.1021 26.7832
    endloop
  endfacet
  facet normal -0.0483423 -0.188284 0.980924
    outer loop
      vertex -0.358092 -1.1021 26.7832
      vertex -0.493399 -1.51853 26.6966
      vertex -0.217139 -1.13829 26.7832
    endloop
  endfacet
  facet normal -0.0615096 -0.111878 0.991817
    outer loop
      vertex -0.376514 -0.593292 26.8418
      vertex -0.620923 -0.978418 26.7832
      vertex -0.493399 -1.04853 26.7832
    endloop
  endfacet
  facet normal -0.075044 -0.103288 0.991816
    outer loop
      vertex -0.376514 -0.593292 26.8418
      vertex -0.738655 -0.89288 26.7832
      vertex -0.620923 -0.978418 26.7832
    endloop
  endfacet
  facet normal -0.164128 -0.104165 0.980924
    outer loop
      vertex -1.01548 -0.558262 26.7832
      vertex -1.29173 -0.9385 26.6966
      vertex -0.937499 -0.681133 26.7832
    endloop
  endfacet
  facet normal -0.107794 -0.0684125 0.991817
    outer loop
      vertex -0.615763 -0.338518 26.8418
      vertex -1.01548 -0.558262 26.7832
      vertex -0.937499 -0.681133 26.7832
    endloop
  endfacet
  facet normal -0.0936524 0.170347 0.980924
    outer loop
      vertex -0.67983 1.44471 26.6966
      vertex -0.855539 1.34811 26.6966
      vertex -0.493399 1.04853 26.7832
    endloop
  endfacet
  facet normal -0.127993 0.232811 0.964063
    outer loop
      vertex -0.855539 1.81811 26.5831
      vertex -0.855539 1.34811 26.6966
      vertex -0.67983 1.44471 26.6966
    endloop
  endfacet
  facet normal -0.107797 0.0684101 0.991816
    outer loop
      vertex -0.56848 0.413024 26.8418
      vertex -0.937499 0.681133 26.7832
      vertex -0.615763 0.338518 26.8418
    endloop
  endfacet
  facet normal -0.11426 0.157264 0.980924
    outer loop
      vertex -0.620923 0.978418 26.7832
      vertex -1.01776 1.23026 26.6966
      vertex -0.738655 0.89288 26.7832
    endloop
  endfacet
  facet normal -0.0715578 0.180741 0.980924
    outer loop
      vertex -0.493399 1.51853 26.6966
      vertex -0.493399 1.04853 26.7832
      vertex -0.358092 1.1021 26.7832
    endloop
  endfacet
  facet normal -0.0469974 0.118706 0.991817
    outer loop
      vertex -0.358092 1.1021 26.7832
      vertex -0.493399 1.04853 26.7832
      vertex -0.217139 0.668288 26.8418
    endloop
  endfacet
  facet normal 0.0850556 -0.331288 0.939688
    outer loop
      vertex 0.620923 -1.91101 26.5831
      vertex 0.376514 -1.97376 26.5831
      vertex 0.738655 -2.27335 26.4447
    endloop
  endfacet
  facet normal 0.125921 -0.31801 0.939688
    outer loop
      vertex 0.855539 -1.81811 26.5831
      vertex 0.620923 -1.91101 26.5831
      vertex 0.738655 -2.27335 26.4447
    endloop
  endfacet
  facet normal 0.0978093 -0.247014 0.964063
    outer loop
      vertex 0.855539 -1.81811 26.5831
      vertex 0.493399 -1.51853 26.6966
      vertex 0.620923 -1.91101 26.5831
    endloop
  endfacet
  facet normal 0.156156 -0.214935 0.964063
    outer loop
      vertex 1.28081 -1.54823 26.5831
      vertex 0.855539 -1.34811 26.6966
      vertex 1.07666 -1.69655 26.5831
    endloop
  endfacet
  facet normal 0.125914 -0.318009 0.939689
    outer loop
      vertex 0.855539 -1.81811 26.5831
      vertex 0.738655 -2.27335 26.4447
      vertex 1.01776 -2.16284 26.4447
    endloop
  endfacet
  facet normal 0.156728 -0.395835 0.904849
    outer loop
      vertex 1.01776 -2.16284 26.4447
      vertex 0.738655 -2.27335 26.4447
      vertex 1.16392 -2.47346 26.2835
    endloop
  endfacet
  facet normal 0.156151 -0.214943 0.964062
    outer loop
      vertex 1.01776 -1.23026 26.6966
      vertex 0.855539 -1.34811 26.6966
      vertex 1.28081 -1.54823 26.5831
    endloop
  endfacet
  facet normal 0.114254 -0.157272 0.980924
    outer loop
      vertex 1.01776 -1.23026 26.6966
      vertex 0.620923 -0.978418 26.7832
      vertex 0.855539 -1.34811 26.6966
    endloop
  endfacet
  facet normal 0 0.194393 0.980924
    outer loop
      vertex 0.100255 1.59352 26.6966
      vertex -0.0727625 1.15653 26.7832
      vertex 0.0727625 1.15653 26.7832
    endloop
  endfacet
  facet normal 0 0.194393 0.980924
    outer loop
      vertex -0.0727625 1.15653 26.7832
      vertex 0.100255 1.59352 26.6966
      vertex -0.100255 1.59352 26.6966
    endloop
  endfacet
  facet normal -0.0243632 0.192861 0.980924
    outer loop
      vertex -0.100255 1.59352 26.6966
      vertex -0.299186 1.56839 26.6966
      vertex -0.0727625 1.15653 26.7832
    endloop
  endfacet
  facet normal -0.0371116 0.0510804 0.998005
    outer loop
      vertex -0.376514 0.593292 26.8418
      vertex -0.447905 0.541424 26.8418
      vertex -0.15009 0.181428 26.8713
    endloop
  endfacet
  facet normal -0.0432208 0.0460265 0.998005
    outer loop
      vertex -0.15009 0.181428 26.8713
      vertex -0.447905 0.541424 26.8418
      vertex -0.171646 0.161186 26.8713
    endloop
  endfacet
  facet normal -0.291436 0.310341 0.90485
    outer loop
      vertex -1.52366 1.84179 26.4447
      vertex -1.99273 1.8713 26.2835
      vertex -1.74248 1.6363 26.4447
    endloop
  endfacet
  facet normal -0.328023 0.271379 0.90485
    outer loop
      vertex -1.74248 1.6363 26.4447
      vertex -1.99273 1.8713 26.2835
      vertex -1.93383 1.40501 26.4447
    endloop
  endfacet
  facet normal -0.190678 0.481572 0.855412
    outer loop
      vertex -0.9375 2.88533 26.1021
      vertex -1.16392 2.47346 26.2835
      vertex -0.844738 2.59984 26.2835
    endloop
  endfacet
  facet normal -0.15673 0.395833 0.904849
    outer loop
      vertex -0.844738 2.59984 26.2835
      vertex -1.16392 2.47346 26.2835
      vertex -0.738655 2.27335 26.4447
    endloop
  endfacet
  facet normal -0.114254 0.157272 0.980924
    outer loop
      vertex -0.855539 1.34811 26.6966
      vertex -1.01776 1.23026 26.6966
      vertex -0.620923 0.978418 26.7832
    endloop
  endfacet
  facet normal -0.156151 0.214943 0.964062
    outer loop
      vertex -0.855539 1.34811 26.6966
      vertex -1.28081 1.54823 26.5831
      vertex -1.01776 1.23026 26.6966
    endloop
  endfacet
  facet normal -0.0983729 0.081381 0.991816
    outer loop
      vertex -0.844738 0.793262 26.7832
      vertex -0.937499 0.681133 26.7832
      vertex -0.56848 0.413024 26.8418
    endloop
  endfacet
  facet normal -0.0983725 0.0813813 0.991816
    outer loop
      vertex -0.512231 0.481017 26.8418
      vertex -0.844738 0.793262 26.7832
      vertex -0.56848 0.413024 26.8418
    endloop
  endfacet
  facet normal -0.224312 0.142352 0.964064
    outer loop
      vertex -1.6256 1.18107 26.5831
      vertex -1.76081 0.968012 26.5831
      vertex -1.29173 0.9385 26.6966
    endloop
  endfacet
  facet normal -0.224312 0.142353 0.964064
    outer loop
      vertex -1.29173 0.9385 26.6966
      vertex -1.76081 0.968012 26.5831
      vertex -1.39917 0.769202 26.6966
    endloop
  endfacet
  facet normal 0.0469974 -0.118706 0.991817
    outer loop
      vertex 0.493399 -1.04853 26.7832
      vertex 0.217139 -0.668288 26.8418
      vertex 0.358092 -1.1021 26.7832
    endloop
  endfacet
  facet normal 0.03175 -0.12366 0.991817
    outer loop
      vertex 0.217139 -0.668288 26.8418
      vertex 0.217139 -1.13829 26.7832
      vertex 0.358092 -1.1021 26.7832
    endloop
  endfacet
  facet normal -0.0873972 0.0930691 0.991816
    outer loop
      vertex -0.738655 0.89288 26.7832
      vertex -0.844738 0.793262 26.7832
      vertex -0.447905 0.541424 26.8418
    endloop
  endfacet
  facet normal -0.0750432 0.103289 0.991816
    outer loop
      vertex -0.376514 0.593292 26.8418
      vertex -0.738655 0.89288 26.7832
      vertex -0.447905 0.541424 26.8418
    endloop
  endfacet
  facet normal 0.0715578 -0.180741 0.980924
    outer loop
      vertex 0.493399 -1.04853 26.7832
      vertex 0.358092 -1.1021 26.7832
      vertex 0.493399 -1.51853 26.6966
    endloop
  endfacet
  facet normal 0.0483423 -0.188284 0.980924
    outer loop
      vertex 0.358092 -1.1021 26.7832
      vertex 0.217139 -1.13829 26.7832
      vertex 0.493399 -1.51853 26.6966
    endloop
  endfacet
  facet normal 0.987029 0.0621 0.148048
    outer loop
      vertex 7.5 0 0
      vertex 7.42179 0.935142 0.129169
      vertex 7.47933 1.36423e-05 0.1378
    endloop
  endfacet
  facet normal 0.988936 0 0.14834
    outer loop
      vertex 7.5 0 0
      vertex 7.47933 1.36423e-05 0.1378
      vertex 7.47933 0 0.1378
    endloop
  endfacet
  facet normal 0.987027 0.0620988 0.148056
    outer loop
      vertex 7.42179 0.935142 0.129169
      vertex 7.5 0 0
      vertex 7.44086 0.939999 0
    endloop
  endfacet
  facet normal 0.987098 0.0609425 0.148065
    outer loop
      vertex 3.77067 0 24.8622
      vertex 3.77035 0.00518311 24.8622
      vertex 3.75 0 25
    endloop
  endfacet
  facet normal 0 0 1
    outer loop
      vertex 3.77035 0.00518311 24.8622
      vertex 3.77067 0 24.8622
      vertex 3.77067 3.78952e-06 24.8622
    endloop
  endfacet
  facet normal -0.762024 0.630412 0.147989
    outer loop
      vertex -6.06763 4.40839 0
      vertex -5.45226 5.12001 0.137259
      vertex -5.46726 5.1341 0
    endloop
  endfacet
  facet normal -0.762021 0.630387 0.148107
    outer loop
      vertex -5.45226 5.12001 0.137259
      vertex -6.06763 4.40839 0
      vertex -6.05254 4.39743 0.124288
    endloop
  endfacet
  facet normal -0.762022 0.6304 0.148049
    outer loop
      vertex -3.05136 2.21694 24.8554
      vertex -2.73363 2.56705 25
      vertex -2.74873 2.58123 24.8619
    endloop
  endfacet
  facet normal -0.762024 0.630393 0.148071
    outer loop
      vertex -2.73363 2.56705 25
      vertex -3.05136 2.21694 24.8554
      vertex -3.03381 2.20419 25
    endloop
  endfacet
  facet normal 0.245943 0.957917 0.148012
    outer loop
      vertex 2.3114 7.11375 0.134418
      vertex 2.31763 7.13292 0
      vertex 1.62222 7.29297 0.119695
    endloop
  endfacet
  facet normal 0.245948 0.957909 0.148055
    outer loop
      vertex 1.62222 7.29297 0.119695
      vertex 1.40536 7.36715 0
      vertex 1.3584 6.6433 4.7613
    endloop
  endfacet
  facet normal 0.245948 0.957909 0.148055
    outer loop
      vertex 1.40536 7.36715 0
      vertex 1.62222 7.29297 0.119695
      vertex 2.31763 7.13292 0
    endloop
  endfacet
  facet normal 0.247298 0.957559 0.148068
    outer loop
      vertex 1.16019 3.58769 24.8604
      vertex 1.15881 3.56646 25
      vertex 1.16528 3.58636 24.8605
    endloop
  endfacet
  facet normal -0.364076 0.919533 0.148013
    outer loop
      vertex -2.31763 7.13292 0
      vertex -3.18223 6.76861 0.136576
      vertex -2.3114 7.11375 0.134418
    endloop
  endfacet
  facet normal -0.36407 0.91953 0.148045
    outer loop
      vertex -3.18223 6.76861 0.136576
      vertex -2.31763 7.13292 0
      vertex -3.19334 6.7862 0
    endloop
  endfacet
  facet normal -0.363076 0.919919 0.148068
    outer loop
      vertex -1.16528 3.58636 24.8605
      vertex -1.17017 3.58443 24.8605
      vertex -1.15881 3.56646 25
    endloop
  endfacet
  facet normal 0.987021 -0.0620985 0.148097
    outer loop
      vertex 3.72043 -0.469999 25
      vertex 3.77035 -0.00518311 24.8622
      vertex 3.75 0 25
    endloop
  endfacet
  facet normal 0.987028 -0.0621155 0.148042
    outer loop
      vertex 3.77035 -0.00518311 24.8622
      vertex 3.72043 -0.469999 25
      vertex 3.74159 -0.472672 24.8578
    endloop
  endfacet
  facet normal 0.987014 -0.0622929 0.148061
    outer loop
      vertex 7.42179 -0.935142 0.129169
      vertex 7.42164 -0.937571 0.129147
      vertex 7.44086 -0.939999 0
    endloop
  endfacet
  facet normal -0.676998 0.720933 0.148088
    outer loop
      vertex -4.78068 5.77885 0
      vertex -5.45037 5.12178 0.137247
      vertex -4.76797 5.76348 0.13293
    endloop
  endfacet
  facet normal -0.67701 0.720933 0.148029
    outer loop
      vertex -5.45037 5.12178 0.137247
      vertex -4.78068 5.77885 0
      vertex -5.46726 5.1341 0
    endloop
  endfacet
  facet normal -0.674419 0.723356 0.148037
    outer loop
      vertex -2.40375 2.90563 24.8597
      vertex -2.4076 2.90202 24.8598
      vertex -2.39034 2.88942 25
    endloop
  endfacet
  facet normal 0.894859 -0.421086 0.148033
    outer loop
      vertex 6.55506 -3.60367 0.131173
      vertex 6.97332 -2.76093 0
      vertex 6.95302 -2.75568 0.137647
    endloop
  endfacet
  facet normal 0.894858 -0.421084 0.148043
    outer loop
      vertex 6.97332 -2.76093 0
      vertex 6.55506 -3.60367 0.131173
      vertex 6.5723 -3.61315 0
    endloop
  endfacet
  facet normal 0.895433 -0.41985 0.148071
    outer loop
      vertex 3.30696 -1.81196 24.8589
      vertex 3.28615 -1.80658 25
      vertex 3.3047 -1.81678 24.8589
    endloop
  endfacet
  facet normal 0.245948 -0.957909 0.148055
    outer loop
      vertex 2.31763 -7.13292 0
      vertex 1.62222 -7.29297 0.119695
      vertex 1.40536 -7.36715 0
    endloop
  endfacet
  facet normal 0.245943 -0.957917 0.148012
    outer loop
      vertex 1.62222 -7.29297 0.119695
      vertex 2.31763 -7.13292 0
      vertex 2.3114 -7.11375 0.134418
    endloop
  endfacet
  facet normal 0.245948 -0.957909 0.148055
    outer loop
      vertex 1.3584 -6.6433 4.7613
      vertex 1.40536 -7.36715 0
      vertex 1.62222 -7.29297 0.119695
    endloop
  endfacet
  facet normal 0.247298 -0.957559 0.148068
    outer loop
      vertex 1.16528 -3.58636 24.8605
      vertex 1.15881 -3.56646 25
      vertex 1.16019 -3.58769 24.8604
    endloop
  endfacet
  facet normal -0.124119 -0.98116 0.148055
    outer loop
      vertex -1.40536 -7.36715 0
      vertex -1.29471 -7.04776 2.20935
      vertex -1.29331 -6.77978 3.98642
    endloop
  endfacet
  facet normal -0.123983 -0.981177 0.148051
    outer loop
      vertex -1.29471 -7.04776 2.20935
      vertex -1.40536 -7.36715 0
      vertex -1.29635 -7.36277 0.120316
    endloop
  endfacet
  facet normal -0.123956 -0.981184 0.148027
    outer loop
      vertex -0.470928 -7.4852 0
      vertex -1.29635 -7.36277 0.120316
      vertex -1.40536 -7.36715 0
    endloop
  endfacet
  facet normal -0.123946 -0.981176 0.148088
    outer loop
      vertex -1.29635 -7.36277 0.120316
      vertex -0.470928 -7.4852 0
      vertex -0.469651 -7.46489 0.135635
    endloop
  endfacet
  facet normal -0.123946 -0.981186 0.148027
    outer loop
      vertex -0.70268 -3.68358 25
      vertex -0.236772 -3.76339 24.8611
      vertex -0.235464 -3.7426 25
    endloop
  endfacet
  facet normal -0.123954 -0.981188 0.148003
    outer loop
      vertex -0.236772 -3.76339 24.8611
      vertex -0.70268 -3.68358 25
      vertex -0.706828 -3.70532 24.8524
    endloop
  endfacet
  facet normal 0.476442 0.866655 0.14803
    outer loop
      vertex 3.19334 6.7862 0
      vertex 4.00894 6.31708 0.121457
      vertex 4.0187 6.33246 0
    endloop
  endfacet
  facet normal 0.476442 0.866655 0.148026
    outer loop
      vertex 4.00894 6.31708 0.121457
      vertex 3.19334 6.7862 0
      vertex 3.18688 6.76643 0.136541
    endloop
  endfacet
  facet normal 0.472942 0.86856 0.148087
    outer loop
      vertex 2.01626 3.18736 24.854
      vertex 2.00935 3.16623 25
      vertex 2.02109 3.18473 24.854
    endloop
  endfacet
  facet normal 0.940581 0.305613 0.148013
    outer loop
      vertex 6.95493 2.75087 0.137635
      vertex 7.26437 1.86517 0
      vertex 6.97332 2.76093 0
    endloop
  endfacet
  facet normal 0.940578 0.305606 0.148049
    outer loop
      vertex 7.26437 1.86517 0
      vertex 6.95493 2.75087 0.137635
      vertex 7.24594 1.86044 0.126852
    endloop
  endfacet
  facet normal 0.939884 0.307738 0.148036
    outer loop
      vertex 3.65133 0.943064 24.8567
      vertex 3.63219 0.932587 25
      vertex 3.65301 0.937933 24.8567
    endloop
  endfacet
  facet normal -0.987028 0.0621155 0.148042
    outer loop
      vertex -3.77035 0.00518311 24.8622
      vertex -3.72043 0.469999 25
      vertex -3.74159 0.472672 24.8578
    endloop
  endfacet
  facet normal -0.987021 0.0620985 0.148097
    outer loop
      vertex -3.72043 0.469999 25
      vertex -3.77035 0.00518311 24.8622
      vertex -3.75 0 25
    endloop
  endfacet
  facet normal -0.987014 0.0622929 0.148061
    outer loop
      vertex -7.42164 0.937571 0.129147
      vertex -7.44086 0.939999 0
      vertex -7.42179 0.935142 0.129169
    endloop
  endfacet
  facet normal 0.762022 0.6304 0.148049
    outer loop
      vertex 2.73363 2.56705 25
      vertex 3.05136 2.21694 24.8554
      vertex 2.74873 2.58123 24.8619
    endloop
  endfacet
  facet normal 0.762024 0.630393 0.148071
    outer loop
      vertex 3.05136 2.21694 24.8554
      vertex 2.73363 2.56705 25
      vertex 3.03381 2.20419 25
    endloop
  endfacet
  facet normal 0.762024 0.630412 0.147989
    outer loop
      vertex 5.45226 5.12001 0.137259
      vertex 6.06763 4.40839 0
      vertex 5.46726 5.1341 0
    endloop
  endfacet
  facet normal 0.762021 0.630387 0.148107
    outer loop
      vertex 6.06763 4.40839 0
      vertex 5.45226 5.12001 0.137259
      vertex 6.05254 4.39743 0.124288
    endloop
  endfacet
  facet normal 0 -0.988974 0.148089
    outer loop
      vertex -0.470928 -7.4852 0
      vertex 0.469651 -7.46489 0.135635
      vertex -0.469651 -7.46489 0.135635
    endloop
  endfacet
  facet normal 0 -0.988974 0.148089
    outer loop
      vertex 0.469651 -7.46489 0.135635
      vertex -0.470928 -7.4852 0
      vertex 0.470928 -7.4852 0
    endloop
  endfacet
  facet normal 0 -0.988983 0.148027
    outer loop
      vertex -0.236772 -3.76339 24.8611
      vertex 0.235464 -3.7426 25
      vertex -0.235464 -3.7426 25
    endloop
  endfacet
  facet normal 0 -0.988983 0.148027
    outer loop
      vertex 0.235464 -3.7426 25
      vertex -0.236772 -3.76339 24.8611
      vertex 0.236772 -3.76339 24.8611
    endloop
  endfacet
  facet normal 0.835029 0.529907 0.148071
    outer loop
      vertex 3.03381 2.20419 25
      vertex 3.13132 2.09228 24.8506
      vertex 3.05136 2.21694 24.8554
    endloop
  endfacet
  facet normal 0.835016 0.529936 0.14804
    outer loop
      vertex 3.28615 1.80658 25
      vertex 3.13132 2.09228 24.8506
      vertex 3.03381 2.20419 25
    endloop
  endfacet
  facet normal 0.834999 0.52995 0.148085
    outer loop
      vertex 3.13132 2.09228 24.8506
      vertex 3.28615 1.80658 25
      vertex 3.3047 1.81678 24.8589
    endloop
  endfacet
  facet normal 0.835022 0.529923 0.148052
    outer loop
      vertex 5.88196 4.05836 2.30002
      vertex 5.98729 3.87095 2.37675
      vertex 6.30221 4.00544 0.119196
    endloop
  endfacet
  facet normal 0.835021 0.529924 0.148056
    outer loop
      vertex 5.98729 3.87095 2.37675
      vertex 5.88196 4.05836 2.30002
      vertex 5.4496 3.64131 6.2312
    endloop
  endfacet
  facet normal 0.834988 0.529961 0.14811
    outer loop
      vertex 6.1217 4.28961 0.120187
      vertex 6.06763 4.40839 0
      vertex 6.05254 4.39743 0.124288
    endloop
  endfacet
  facet normal 0.83503 0.52991 0.148053
    outer loop
      vertex 6.30221 4.00544 0.119196
      vertex 6.1217 4.28961 0.120187
      vertex 5.88196 4.05836 2.30002
    endloop
  endfacet
  facet normal 0.835032 0.529911 0.148042
    outer loop
      vertex 6.30221 4.00544 0.119196
      vertex 6.06763 4.40839 0
      vertex 6.1217 4.28961 0.120187
    endloop
  endfacet
  facet normal 0.835022 0.529916 0.148078
    outer loop
      vertex 6.30221 4.00544 0.119196
      vertex 6.5723 3.61315 0
      vertex 6.06763 4.40839 0
    endloop
  endfacet
  facet normal 0.835022 0.529926 0.148045
    outer loop
      vertex 6.5723 3.61315 0
      vertex 6.30221 4.00544 0.119196
      vertex 6.55506 3.60367 0.131173
    endloop
  endfacet
  facet normal 0.894861 0.421082 0.148033
    outer loop
      vertex 3.28615 1.80658 25
      vertex 3.50589 1.38808 24.8621
      vertex 3.30696 1.81196 24.8589
    endloop
  endfacet
  facet normal 0.894861 0.421085 0.148025
    outer loop
      vertex 3.50589 1.38808 24.8621
      vertex 3.28615 1.80658 25
      vertex 3.48666 1.38047 25
    endloop
  endfacet
  facet normal 0.895272 0.420198 0.14806
    outer loop
      vertex 6.97332 2.76093 0
      vertex 6.95302 2.75568 0.137647
      vertex 6.95412 2.75333 0.137665
    endloop
  endfacet
  facet normal 0.895433 0.41985 0.148071
    outer loop
      vertex 3.3047 1.81678 24.8589
      vertex 3.28615 1.80658 25
      vertex 3.30696 1.81196 24.8589
    endloop
  endfacet
  facet normal 0.894858 0.421084 0.148043
    outer loop
      vertex 6.55506 3.60367 0.131173
      vertex 6.97332 2.76093 0
      vertex 6.5723 3.61315 0
    endloop
  endfacet
  facet normal 0.894859 0.421086 0.148033
    outer loop
      vertex 6.97332 2.76093 0
      vertex 6.55506 3.60367 0.131173
      vertex 6.95302 2.75568 0.137647
    endloop
  endfacet
  facet normal 0.940578 -0.305606 0.148049
    outer loop
      vertex 6.95493 -2.75087 0.137635
      vertex 7.26437 -1.86517 0
      vertex 7.24594 -1.86044 0.126852
    endloop
  endfacet
  facet normal 0.940581 -0.305613 0.148013
    outer loop
      vertex 7.26437 -1.86517 0
      vertex 6.95493 -2.75087 0.137635
      vertex 6.97332 -2.76093 0
    endloop
  endfacet
  facet normal 0.939884 -0.307738 0.148036
    outer loop
      vertex 3.65301 -0.937933 24.8567
      vertex 3.63219 -0.932587 25
      vertex 3.65133 -0.943064 24.8567
    endloop
  endfacet
  facet normal -0.364986 0.919163 0.148072
    outer loop
      vertex -3.18223 6.76861 0.136576
      vertex -3.19334 6.7862 0
      vertex -3.18462 6.76766 0.136582
    endloop
  endfacet
  facet normal -0.364063 0.919524 0.148098
    outer loop
      vertex -1.17017 3.58443 24.8605
      vertex -1.59667 3.3931 25
      vertex -1.15881 3.56646 25
    endloop
  endfacet
  facet normal -0.364065 0.919524 0.148094
    outer loop
      vertex -1.59667 3.3931 25
      vertex -1.17017 3.58443 24.8605
      vertex -1.60551 3.41189 24.8616
    endloop
  endfacet
  facet normal -0.940584 -0.305623 0.147975
    outer loop
      vertex -3.65133 -0.943064 24.8567
      vertex -3.48666 -1.38047 25
      vertex -3.63219 -0.932587 25
    endloop
  endfacet
  facet normal -0.940582 -0.305604 0.148028
    outer loop
      vertex -3.48666 -1.38047 25
      vertex -3.65133 -0.943064 24.8567
      vertex -3.50589 -1.38808 24.8621
    endloop
  endfacet
  facet normal -0.9399 -0.307673 0.148072
    outer loop
      vertex -6.95493 -2.75087 0.137635
      vertex -6.97332 -2.76093 0
      vertex -6.95412 -2.75333 0.137665
    endloop
  endfacet
  facet normal 0.67701 0.720933 0.148029
    outer loop
      vertex 4.78068 5.77885 0
      vertex 5.45037 5.12178 0.137247
      vertex 5.46726 5.1341 0
    endloop
  endfacet
  facet normal 0.676998 0.720933 0.148088
    outer loop
      vertex 5.45037 5.12178 0.137247
      vertex 4.78068 5.77885 0
      vertex 4.76797 5.76348 0.13293
    endloop
  endfacet
  facet normal 0.674419 0.723356 0.148037
    outer loop
      vertex 2.40375 2.90563 24.8597
      vertex 2.39034 2.88942 25
      vertex 2.4076 2.90202 24.8598
    endloop
  endfacet
  facet normal -0.364065 -0.919524 0.148094
    outer loop
      vertex -1.17017 -3.58443 24.8605
      vertex -1.59667 -3.3931 25
      vertex -1.60551 -3.41189 24.8616
    endloop
  endfacet
  facet normal -0.364063 -0.919524 0.148098
    outer loop
      vertex -1.59667 -3.3931 25
      vertex -1.17017 -3.58443 24.8605
      vertex -1.15881 -3.56646 25
    endloop
  endfacet
  facet normal -0.364986 -0.919163 0.148072
    outer loop
      vertex -3.18462 -6.76766 0.136582
      vertex -3.19334 -6.7862 0
      vertex -3.18223 -6.76861 0.136576
    endloop
  endfacet
  facet normal 0 0 1
    outer loop
      vertex -3.77035 -0.00518311 24.8622
      vertex -3.77067 0 24.8622
      vertex -3.77067 -3.78952e-06 24.8622
    endloop
  endfacet
  facet normal -0.987098 -0.0609425 0.148065
    outer loop
      vertex -3.77067 0 24.8622
      vertex -3.77035 -0.00518311 24.8622
      vertex -3.75 0 25
    endloop
  endfacet
  facet normal -0.988936 0 0.14834
    outer loop
      vertex -7.5 0 0
      vertex -7.47933 -1.36423e-05 0.1378
      vertex -7.47933 0 0.1378
    endloop
  endfacet
  facet normal -0.987029 -0.0621 0.148048
    outer loop
      vertex -7.5 0 0
      vertex -7.42179 -0.935142 0.129169
      vertex -7.47933 -1.36423e-05 0.1378
    endloop
  endfacet
  facet normal -0.987027 -0.0620988 0.148056
    outer loop
      vertex -7.42179 -0.935142 0.129169
      vertex -7.5 0 0
      vertex -7.44086 -0.939999 0
    endloop
  endfacet
  facet normal 0.474836 0.867528 0.148076
    outer loop
      vertex 3.19334 6.7862 0
      vertex 3.18462 6.76766 0.136582
      vertex 3.18688 6.76643 0.136541
    endloop
  endfacet
  facet normal 0.476437 0.866647 0.148092
    outer loop
      vertex 2.00935 3.16623 25
      vertex 1.60551 3.41189 24.8616
      vertex 1.59667 3.3931 25
    endloop
  endfacet
  facet normal 0.476476 0.866645 0.147977
    outer loop
      vertex 1.60551 3.41189 24.8616
      vertex 2.00935 3.16623 25
      vertex 2.01626 3.18736 24.854
    endloop
  endfacet
  facet normal -0.895272 -0.420198 0.14806
    outer loop
      vertex -6.95412 -2.75333 0.137665
      vertex -6.97332 -2.76093 0
      vertex -6.95302 -2.75568 0.137647
    endloop
  endfacet
  facet normal -0.894861 -0.421085 0.148025
    outer loop
      vertex -3.50589 -1.38808 24.8621
      vertex -3.28615 -1.80658 25
      vertex -3.48666 -1.38047 25
    endloop
  endfacet
  facet normal -0.894861 -0.421082 0.148033
    outer loop
      vertex -3.28615 -1.80658 25
      vertex -3.50589 -1.38808 24.8621
      vertex -3.30696 -1.81196 24.8589
    endloop
  endfacet
  facet normal 0 0 1
    outer loop
      vertex -3.77067 0 24.8622
      vertex -3.77035 0.00518311 24.8622
      vertex -3.77067 3.78952e-06 24.8622
    endloop
  endfacet
  facet normal -0.987098 0.0609425 0.148065
    outer loop
      vertex -3.77035 0.00518311 24.8622
      vertex -3.77067 0 24.8622
      vertex -3.75 0 25
    endloop
  endfacet
  facet normal -0.987027 0.0620988 0.148056
    outer loop
      vertex -7.5 0 0
      vertex -7.42179 0.935142 0.129169
      vertex -7.44086 0.939999 0
    endloop
  endfacet
  facet normal -0.987029 0.0621 0.148048
    outer loop
      vertex -7.42179 0.935142 0.129169
      vertex -7.5 0 0
      vertex -7.47933 1.36423e-05 0.1378
    endloop
  endfacet
  facet normal -0.988936 0 0.14834
    outer loop
      vertex -7.47933 1.36423e-05 0.1378
      vertex -7.5 0 0
      vertex -7.47933 0 0.1378
    endloop
  endfacet
  facet normal -0.67701 -0.720933 0.148029
    outer loop
      vertex -4.78068 -5.77885 0
      vertex -5.45037 -5.12178 0.137247
      vertex -5.46726 -5.1341 0
    endloop
  endfacet
  facet normal -0.676998 -0.720933 0.148088
    outer loop
      vertex -5.45037 -5.12178 0.137247
      vertex -4.78068 -5.77885 0
      vertex -4.76797 -5.76348 0.13293
    endloop
  endfacet
  facet normal -0.674419 -0.723356 0.148037
    outer loop
      vertex -2.39034 -2.88942 25
      vertex -2.4076 -2.90202 24.8598
      vertex -2.40375 -2.90563 24.8597
    endloop
  endfacet
  facet normal -0.894861 0.421082 0.148033
    outer loop
      vertex -3.50589 1.38808 24.8621
      vertex -3.28615 1.80658 25
      vertex -3.30696 1.81196 24.8589
    endloop
  endfacet
  facet normal -0.894861 0.421085 0.148025
    outer loop
      vertex -3.28615 1.80658 25
      vertex -3.50589 1.38808 24.8621
      vertex -3.48666 1.38047 25
    endloop
  endfacet
  facet normal -0.895272 0.420198 0.14806
    outer loop
      vertex -6.95302 2.75568 0.137647
      vertex -6.97332 2.76093 0
      vertex -6.95412 2.75333 0.137665
    endloop
  endfacet
  facet normal 0.476437 -0.866647 0.148092
    outer loop
      vertex 1.60551 -3.41189 24.8616
      vertex 2.00935 -3.16623 25
      vertex 1.59667 -3.3931 25
    endloop
  endfacet
  facet normal 0.476476 -0.866645 0.147977
    outer loop
      vertex 2.00935 -3.16623 25
      vertex 1.60551 -3.41189 24.8616
      vertex 2.01626 -3.18736 24.854
    endloop
  endfacet
  facet normal 0.474836 -0.867528 0.148076
    outer loop
      vertex 3.18688 -6.76643 0.136541
      vertex 3.18462 -6.76766 0.136582
      vertex 3.19334 -6.7862 0
    endloop
  endfacet
  facet normal 0.364076 -0.919533 0.148013
    outer loop
      vertex 2.31763 -7.13292 0
      vertex 3.18223 -6.76861 0.136576
      vertex 2.3114 -7.11375 0.134418
    endloop
  endfacet
  facet normal 0.36407 -0.91953 0.148045
    outer loop
      vertex 3.18223 -6.76861 0.136576
      vertex 2.31763 -7.13292 0
      vertex 3.19334 -6.7862 0
    endloop
  endfacet
  facet normal 0.363076 -0.919919 0.148068
    outer loop
      vertex 1.17017 -3.58443 24.8605
      vertex 1.15881 -3.56646 25
      vertex 1.16528 -3.58636 24.8605
    endloop
  endfacet
  facet normal 0.476442 -0.866655 0.148026
    outer loop
      vertex 3.19334 -6.7862 0
      vertex 4.00894 -6.31708 0.121457
      vertex 3.18688 -6.76643 0.136541
    endloop
  endfacet
  facet normal 0.476442 -0.866655 0.14803
    outer loop
      vertex 4.00894 -6.31708 0.121457
      vertex 3.19334 -6.7862 0
      vertex 4.0187 -6.33246 0
    endloop
  endfacet
  facet normal 0.472942 -0.86856 0.148087
    outer loop
      vertex 2.02109 -3.18473 24.854
      vertex 2.00935 -3.16623 25
      vertex 2.01626 -3.18736 24.854
    endloop
  endfacet
  facet normal 0.36407 0.91953 0.148045
    outer loop
      vertex 2.31763 7.13292 0
      vertex 3.18223 6.76861 0.136576
      vertex 3.19334 6.7862 0
    endloop
  endfacet
  facet normal 0.364076 0.919533 0.148013
    outer loop
      vertex 3.18223 6.76861 0.136576
      vertex 2.31763 7.13292 0
      vertex 2.3114 7.11375 0.134418
    endloop
  endfacet
  facet normal 0.363076 0.919919 0.148068
    outer loop
      vertex 1.16528 3.58636 24.8605
      vertex 1.15881 3.56646 25
      vertex 1.17017 3.58443 24.8605
    endloop
  endfacet
  facet normal 0.364063 -0.919524 0.148098
    outer loop
      vertex 1.17017 -3.58443 24.8605
      vertex 1.59667 -3.3931 25
      vertex 1.15881 -3.56646 25
    endloop
  endfacet
  facet normal 0.364065 -0.919524 0.148094
    outer loop
      vertex 1.59667 -3.3931 25
      vertex 1.17017 -3.58443 24.8605
      vertex 1.60551 -3.41189 24.8616
    endloop
  endfacet
  facet normal 0.364986 -0.919163 0.148072
    outer loop
      vertex 3.18462 -6.76766 0.136582
      vertex 3.18223 -6.76861 0.136576
      vertex 3.19334 -6.7862 0
    endloop
  endfacet
  facet normal 0.835022 -0.529923 0.148052
    outer loop
      vertex 5.98729 -3.87095 2.37675
      vertex 5.88196 -4.05836 2.30002
      vertex 6.30221 -4.00544 0.119196
    endloop
  endfacet
  facet normal 0.835021 -0.529924 0.148056
    outer loop
      vertex 5.88196 -4.05836 2.30002
      vertex 5.98729 -3.87095 2.37675
      vertex 5.4496 -3.64131 6.2312
    endloop
  endfacet
  facet normal 0.835022 -0.529926 0.148045
    outer loop
      vertex 6.30221 -4.00544 0.119196
      vertex 6.5723 -3.61315 0
      vertex 6.55506 -3.60367 0.131173
    endloop
  endfacet
  facet normal 0.83503 -0.52991 0.148053
    outer loop
      vertex 6.1217 -4.28961 0.120187
      vertex 6.30221 -4.00544 0.119196
      vertex 5.88196 -4.05836 2.30002
    endloop
  endfacet
  facet normal 0.835032 -0.529911 0.148042
    outer loop
      vertex 6.06763 -4.40839 0
      vertex 6.30221 -4.00544 0.119196
      vertex 6.1217 -4.28961 0.120187
    endloop
  endfacet
  facet normal 0.834988 -0.529961 0.14811
    outer loop
      vertex 6.06763 -4.40839 0
      vertex 6.1217 -4.28961 0.120187
      vertex 6.05254 -4.39743 0.124288
    endloop
  endfacet
  facet normal 0.835022 -0.529916 0.148078
    outer loop
      vertex 6.30221 -4.00544 0.119196
      vertex 6.06763 -4.40839 0
      vertex 6.5723 -3.61315 0
    endloop
  endfacet
  facet normal 0.834999 -0.52995 0.148085
    outer loop
      vertex 3.28615 -1.80658 25
      vertex 3.13132 -2.09228 24.8506
      vertex 3.3047 -1.81678 24.8589
    endloop
  endfacet
  facet normal 0.835016 -0.529936 0.14804
    outer loop
      vertex 3.03381 -2.20419 25
      vertex 3.13132 -2.09228 24.8506
      vertex 3.28615 -1.80658 25
    endloop
  endfacet
  facet normal 0.835029 -0.529907 0.148071
    outer loop
      vertex 3.13132 -2.09228 24.8506
      vertex 3.03381 -2.20419 25
      vertex 3.05136 -2.21694 24.8554
    endloop
  endfacet
  facet normal -0.762021 -0.630387 0.148107
    outer loop
      vertex -6.06763 -4.40839 0
      vertex -5.45226 -5.12001 0.137259
      vertex -6.05254 -4.39743 0.124288
    endloop
  endfacet
  facet normal -0.762024 -0.630412 0.147989
    outer loop
      vertex -5.45226 -5.12001 0.137259
      vertex -6.06763 -4.40839 0
      vertex -5.46726 -5.1341 0
    endloop
  endfacet
  facet normal -0.762024 -0.630393 0.148071
    outer loop
      vertex -3.05136 -2.21694 24.8554
      vertex -2.73363 -2.56705 25
      vertex -3.03381 -2.20419 25
    endloop
  endfacet
  facet normal -0.762022 -0.6304 0.148049
    outer loop
      vertex -2.73363 -2.56705 25
      vertex -3.05136 -2.21694 24.8554
      vertex -2.74873 -2.58123 24.8619
    endloop
  endfacet
  facet normal 0.988936 -0 0.14834
    outer loop
      vertex 7.47933 -1.36423e-05 0.1378
      vertex 7.5 0 0
      vertex 7.47933 0 0.1378
    endloop
  endfacet
  facet normal 0.987029 -0.0621 0.148048
    outer loop
      vertex 7.42179 -0.935142 0.129169
      vertex 7.5 0 0
      vertex 7.47933 -1.36423e-05 0.1378
    endloop
  endfacet
  facet normal 0.987027 -0.0620988 0.148056
    outer loop
      vertex 7.5 0 0
      vertex 7.42179 -0.935142 0.129169
      vertex 7.44086 -0.939999 0
    endloop
  endfacet
  facet normal 0.987098 -0.0609425 0.148065
    outer loop
      vertex 3.77035 -0.00518311 24.8622
      vertex 3.77067 0 24.8622
      vertex 3.75 0 25
    endloop
  endfacet
  facet normal 0 0 1
    outer loop
      vertex 3.77067 0 24.8622
      vertex 3.77035 -0.00518311 24.8622
      vertex 3.77067 -3.78952e-06 24.8622
    endloop
  endfacet
  facet normal -0.67553 0.722332 0.147973
    outer loop
      vertex -5.45037 5.12178 0.137247
      vertex -5.46726 5.1341 0
      vertex -5.45226 5.12001 0.137259
    endloop
  endfacet
  facet normal -0.676994 0.720927 0.148135
    outer loop
      vertex -2.4076 2.90202 24.8598
      vertex -2.73363 2.56705 25
      vertex -2.39034 2.88942 25
    endloop
  endfacet
  facet normal -0.677022 0.720918 0.14805
    outer loop
      vertex -2.73363 2.56705 25
      vertex -2.4076 2.90202 24.8598
      vertex -2.74873 2.58123 24.8619
    endloop
  endfacet
  facet normal 0.584287 0.797939 0.147994
    outer loop
      vertex 4.0187 6.33246 0
      vertex 4.00894 6.31708 0.121457
      vertex 4.01079 6.31574 0.121378
    endloop
  endfacet
  facet normal 0.581307 0.800101 0.148056
    outer loop
      vertex 2.09329 3.13283 24.8509
      vertex 2.39034 2.88942 25
      vertex 2.39948 2.90876 24.8596
    endloop
  endfacet
  facet normal 0.581315 0.800099 0.148037
    outer loop
      vertex 2.39034 2.88942 25
      vertex 2.09329 3.13283 24.8509
      vertex 2.00935 3.16623 25
    endloop
  endfacet
  facet normal 0.581429 0.8 0.148123
    outer loop
      vertex 2.00935 3.16623 25
      vertex 2.09329 3.13283 24.8509
      vertex 2.02109 3.18473 24.854
    endloop
  endfacet
  facet normal -0.581295 0.800108 0.148067
    outer loop
      vertex -4.02087 6.3085 0.120953
      vertex -4.0187 6.33246 0
      vertex -4.28966 6.11352 0.119324
    endloop
  endfacet
  facet normal -0.581048 0.80028 0.148106
    outer loop
      vertex -4.0187 6.33246 0
      vertex -4.02087 6.3085 0.120953
      vertex -4.01079 6.31574 0.121378
    endloop
  endfacet
  facet normal -0.581291 0.800113 0.148053
    outer loop
      vertex -3.89157 6.01371 2.22168
      vertex -4.05317 5.8728 2.34871
      vertex -3.64958 5.46198 6.15346
    endloop
  endfacet
  facet normal -0.581296 0.800109 0.148056
    outer loop
      vertex -4.28966 6.11352 0.119324
      vertex -3.89157 6.01371 2.22168
      vertex -4.02087 6.3085 0.120953
    endloop
  endfacet
  facet normal -0.58129 0.800113 0.148055
    outer loop
      vertex -3.89157 6.01371 2.22168
      vertex -4.28966 6.11352 0.119324
      vertex -4.05317 5.8728 2.34871
    endloop
  endfacet
  facet normal -0.581309 0.800105 0.148029
    outer loop
      vertex -4.78068 5.77885 0
      vertex -4.28966 6.11352 0.119324
      vertex -4.0187 6.33246 0
    endloop
  endfacet
  facet normal -0.581314 0.800089 0.148092
    outer loop
      vertex -4.28966 6.11352 0.119324
      vertex -4.78068 5.77885 0
      vertex -4.76797 5.76348 0.13293
    endloop
  endfacet
  facet normal -0.58243 0.799291 0.148018
    outer loop
      vertex -2.39948 2.90876 24.8596
      vertex -2.40375 2.90563 24.8597
      vertex -2.39034 2.88942 25
    endloop
  endfacet
  facet normal 0.581314 0.800089 0.148092
    outer loop
      vertex 4.76797 5.76348 0.13293
      vertex 4.78068 5.77885 0
      vertex 4.28966 6.11352 0.119324
    endloop
  endfacet
  facet normal 0.581291 0.800113 0.148053
    outer loop
      vertex 4.05317 5.8728 2.34871
      vertex 3.89157 6.01371 2.22168
      vertex 3.64958 5.46198 6.15346
    endloop
  endfacet
  facet normal 0.58129 0.800113 0.148055
    outer loop
      vertex 4.28966 6.11352 0.119324
      vertex 3.89157 6.01371 2.22168
      vertex 4.05317 5.8728 2.34871
    endloop
  endfacet
  facet normal 0.581296 0.800109 0.148056
    outer loop
      vertex 3.89157 6.01371 2.22168
      vertex 4.28966 6.11352 0.119324
      vertex 4.02087 6.3085 0.120953
    endloop
  endfacet
  facet normal 0.581309 0.800105 0.148029
    outer loop
      vertex 4.0187 6.33246 0
      vertex 4.28966 6.11352 0.119324
      vertex 4.78068 5.77885 0
    endloop
  endfacet
  facet normal 0.581295 0.800108 0.148067
    outer loop
      vertex 4.28966 6.11352 0.119324
      vertex 4.0187 6.33246 0
      vertex 4.02087 6.3085 0.120953
    endloop
  endfacet
  facet normal 0.581048 0.80028 0.148106
    outer loop
      vertex 4.02087 6.3085 0.120953
      vertex 4.0187 6.33246 0
      vertex 4.01079 6.31574 0.121378
    endloop
  endfacet
  facet normal 0.58243 0.799291 0.148018
    outer loop
      vertex 2.39948 2.90876 24.8596
      vertex 2.39034 2.88942 25
      vertex 2.40375 2.90563 24.8597
    endloop
  endfacet
  facet normal 0.364986 0.919163 0.148072
    outer loop
      vertex 3.19334 6.7862 0
      vertex 3.18223 6.76861 0.136576
      vertex 3.18462 6.76766 0.136582
    endloop
  endfacet
  facet normal 0.364065 0.919524 0.148094
    outer loop
      vertex 1.17017 3.58443 24.8605
      vertex 1.59667 3.3931 25
      vertex 1.60551 3.41189 24.8616
    endloop
  endfacet
  facet normal 0.364063 0.919524 0.148098
    outer loop
      vertex 1.59667 3.3931 25
      vertex 1.17017 3.58443 24.8605
      vertex 1.15881 3.56646 25
    endloop
  endfacet
  facet normal -0.36407 -0.91953 0.148045
    outer loop
      vertex -2.31763 -7.13292 0
      vertex -3.18223 -6.76861 0.136576
      vertex -3.19334 -6.7862 0
    endloop
  endfacet
  facet normal -0.364076 -0.919533 0.148013
    outer loop
      vertex -3.18223 -6.76861 0.136576
      vertex -2.31763 -7.13292 0
      vertex -2.3114 -7.11375 0.134418
    endloop
  endfacet
  facet normal -0.363076 -0.919919 0.148068
    outer loop
      vertex -1.15881 -3.56646 25
      vertex -1.17017 -3.58443 24.8605
      vertex -1.16528 -3.58636 24.8605
    endloop
  endfacet
  facet normal 0.971463 0.18531 0.148052
    outer loop
      vertex 7.29244 1.62245 0.119634
      vertex 7.01267 1.28499 2.37776
      vertex 7.356 1.28951 0.119302
    endloop
  endfacet
  facet normal 0.971461 0.185319 0.148054
    outer loop
      vertex 7.01267 1.28499 2.37776
      vertex 7.29244 1.62245 0.119634
      vertex 6.42097 1.27721 6.26997
    endloop
  endfacet
  facet normal 0.971461 0.18532 0.148051
    outer loop
      vertex 7.29244 1.62245 0.119634
      vertex 7.26437 1.86517 0
      vertex 7.24594 1.86044 0.126852
    endloop
  endfacet
  facet normal 0.971466 0.18531 0.148031
    outer loop
      vertex 7.356 1.28951 0.119302
      vertex 7.26437 1.86517 0
      vertex 7.29244 1.62245 0.119634
    endloop
  endfacet
  facet normal 0.971457 0.18532 0.148083
    outer loop
      vertex 7.356 1.28951 0.119302
      vertex 7.44086 0.939999 0
      vertex 7.26437 1.86517 0
    endloop
  endfacet
  facet normal 0.971459 0.185328 0.148059
    outer loop
      vertex 7.44086 0.939999 0
      vertex 7.356 1.28951 0.119302
      vertex 7.42164 0.937571 0.129147
    endloop
  endfacet
  facet normal 0.971466 0.18529 0.148056
    outer loop
      vertex 3.63219 0.932587 25
      vertex 3.69275 0.734532 24.8505
      vertex 3.65301 0.937933 24.8567
    endloop
  endfacet
  facet normal 0.971467 0.18531 0.14803
    outer loop
      vertex 3.72043 0.469999 25
      vertex 3.69275 0.734532 24.8505
      vertex 3.63219 0.932587 25
    endloop
  endfacet
  facet normal 0.971464 0.185317 0.148042
    outer loop
      vertex 3.69275 0.734532 24.8505
      vertex 3.72043 0.469999 25
      vertex 3.74159 0.472672 24.8578
    endloop
  endfacet
  facet normal -0.476442 -0.866655 0.14803
    outer loop
      vertex -3.19334 -6.7862 0
      vertex -4.00894 -6.31708 0.121457
      vertex -4.0187 -6.33246 0
    endloop
  endfacet
  facet normal -0.476442 -0.866655 0.148026
    outer loop
      vertex -4.00894 -6.31708 0.121457
      vertex -3.19334 -6.7862 0
      vertex -3.18688 -6.76643 0.136541
    endloop
  endfacet
  facet normal -0.472942 -0.86856 0.148087
    outer loop
      vertex -2.00935 -3.16623 25
      vertex -2.02109 -3.18473 24.854
      vertex -2.01626 -3.18736 24.854
    endloop
  endfacet
  facet normal -0.940582 0.305604 0.148028
    outer loop
      vertex -3.65133 0.943064 24.8567
      vertex -3.48666 1.38047 25
      vertex -3.50589 1.38808 24.8621
    endloop
  endfacet
  facet normal -0.940584 0.305623 0.147975
    outer loop
      vertex -3.48666 1.38047 25
      vertex -3.65133 0.943064 24.8567
      vertex -3.63219 0.932587 25
    endloop
  endfacet
  facet normal -0.9399 0.307673 0.148072
    outer loop
      vertex -6.95412 2.75333 0.137665
      vertex -6.97332 2.76093 0
      vertex -6.95493 2.75087 0.137635
    endloop
  endfacet
  facet normal -0.939884 0.307738 0.148036
    outer loop
      vertex -3.65133 0.943064 24.8567
      vertex -3.65301 0.937933 24.8567
      vertex -3.63219 0.932587 25
    endloop
  endfacet
  facet normal -0.940581 0.305613 0.148013
    outer loop
      vertex -7.26437 1.86517 0
      vertex -6.95493 2.75087 0.137635
      vertex -6.97332 2.76093 0
    endloop
  endfacet
  facet normal -0.940578 0.305606 0.148049
    outer loop
      vertex -6.95493 2.75087 0.137635
      vertex -7.26437 1.86517 0
      vertex -7.24594 1.86044 0.126852
    endloop
  endfacet
  facet normal 0.9399 -0.307673 0.148072
    outer loop
      vertex 6.95493 -2.75087 0.137635
      vertex 6.95412 -2.75333 0.137665
      vertex 6.97332 -2.76093 0
    endloop
  endfacet
  facet normal 0.940584 -0.305623 0.147975
    outer loop
      vertex 3.48666 -1.38047 25
      vertex 3.65133 -0.943064 24.8567
      vertex 3.63219 -0.932587 25
    endloop
  endfacet
  facet normal 0.940582 -0.305604 0.148028
    outer loop
      vertex 3.65133 -0.943064 24.8567
      vertex 3.48666 -1.38047 25
      vertex 3.50589 -1.38808 24.8621
    endloop
  endfacet
  facet normal -0.894858 0.421084 0.148043
    outer loop
      vertex -6.97332 2.76093 0
      vertex -6.55506 3.60367 0.131173
      vertex -6.5723 3.61315 0
    endloop
  endfacet
  facet normal -0.894859 0.421086 0.148033
    outer loop
      vertex -6.55506 3.60367 0.131173
      vertex -6.97332 2.76093 0
      vertex -6.95302 2.75568 0.137647
    endloop
  endfacet
  facet normal -0.895433 0.41985 0.148071
    outer loop
      vertex -3.3047 1.81678 24.8589
      vertex -3.30696 1.81196 24.8589
      vertex -3.28615 1.80658 25
    endloop
  endfacet
  facet normal 0.971464 -0.185317 0.148042
    outer loop
      vertex 3.72043 -0.469999 25
      vertex 3.69275 -0.734532 24.8505
      vertex 3.74159 -0.472672 24.8578
    endloop
  endfacet
  facet normal 0.971467 -0.18531 0.14803
    outer loop
      vertex 3.63219 -0.932587 25
      vertex 3.69275 -0.734532 24.8505
      vertex 3.72043 -0.469999 25
    endloop
  endfacet
  facet normal 0.971466 -0.18529 0.148056
    outer loop
      vertex 3.69275 -0.734532 24.8505
      vertex 3.63219 -0.932587 25
      vertex 3.65301 -0.937933 24.8567
    endloop
  endfacet
  facet normal 0.971461 -0.185319 0.148054
    outer loop
      vertex 7.29244 -1.62245 0.119634
      vertex 7.01267 -1.28499 2.37776
      vertex 6.42097 -1.27721 6.26997
    endloop
  endfacet
  facet normal 0.971463 -0.18531 0.148052
    outer loop
      vertex 7.01267 -1.28499 2.37776
      vertex 7.29244 -1.62245 0.119634
      vertex 7.356 -1.28951 0.119302
    endloop
  endfacet
  facet normal 0.971459 -0.185328 0.148059
    outer loop
      vertex 7.356 -1.28951 0.119302
      vertex 7.44086 -0.939999 0
      vertex 7.42164 -0.937571 0.129147
    endloop
  endfacet
  facet normal 0.971466 -0.18531 0.148031
    outer loop
      vertex 7.26437 -1.86517 0
      vertex 7.356 -1.28951 0.119302
      vertex 7.29244 -1.62245 0.119634
    endloop
  endfacet
  facet normal 0.971461 -0.18532 0.148051
    outer loop
      vertex 7.26437 -1.86517 0
      vertex 7.29244 -1.62245 0.119634
      vertex 7.24594 -1.86044 0.126852
    endloop
  endfacet
  facet normal 0.971457 -0.18532 0.148083
    outer loop
      vertex 7.356 -1.28951 0.119302
      vertex 7.26437 -1.86517 0
      vertex 7.44086 -0.939999 0
    endloop
  endfacet
  facet normal -0.939884 -0.307738 0.148036
    outer loop
      vertex -3.63219 -0.932587 25
      vertex -3.65301 -0.937933 24.8567
      vertex -3.65133 -0.943064 24.8567
    endloop
  endfacet
  facet normal -0.940578 -0.305606 0.148049
    outer loop
      vertex -7.26437 -1.86517 0
      vertex -6.95493 -2.75087 0.137635
      vertex -7.24594 -1.86044 0.126852
    endloop
  endfacet
  facet normal -0.940581 -0.305613 0.148013
    outer loop
      vertex -6.95493 -2.75087 0.137635
      vertex -7.26437 -1.86517 0
      vertex -6.97332 -2.76093 0
    endloop
  endfacet
  facet normal -0.245948 0.957909 0.148055
    outer loop
      vertex -1.3584 6.6433 4.7613
      vertex -1.40536 7.36715 0
      vertex -1.62222 7.29297 0.119695
    endloop
  endfacet
  facet normal -0.245948 0.957909 0.148055
    outer loop
      vertex -2.31763 7.13292 0
      vertex -1.62222 7.29297 0.119695
      vertex -1.40536 7.36715 0
    endloop
  endfacet
  facet normal -0.245943 0.957917 0.148012
    outer loop
      vertex -1.62222 7.29297 0.119695
      vertex -2.31763 7.13292 0
      vertex -2.3114 7.11375 0.134418
    endloop
  endfacet
  facet normal -0.247298 0.957559 0.148068
    outer loop
      vertex -1.16019 3.58769 24.8604
      vertex -1.16528 3.58636 24.8605
      vertex -1.15881 3.56646 25
    endloop
  endfacet
  facet normal 0.895272 -0.420198 0.14806
    outer loop
      vertex 6.95412 -2.75333 0.137665
      vertex 6.95302 -2.75568 0.137647
      vertex 6.97332 -2.76093 0
    endloop
  endfacet
  facet normal 0.894861 -0.421085 0.148025
    outer loop
      vertex 3.28615 -1.80658 25
      vertex 3.50589 -1.38808 24.8621
      vertex 3.48666 -1.38047 25
    endloop
  endfacet
  facet normal 0.894861 -0.421082 0.148033
    outer loop
      vertex 3.50589 -1.38808 24.8621
      vertex 3.28615 -1.80658 25
      vertex 3.30696 -1.81196 24.8589
    endloop
  endfacet
  facet normal 0.762021 -0.630387 0.148107
    outer loop
      vertex 5.45226 -5.12001 0.137259
      vertex 6.06763 -4.40839 0
      vertex 6.05254 -4.39743 0.124288
    endloop
  endfacet
  facet normal 0.762024 -0.630412 0.147989
    outer loop
      vertex 6.06763 -4.40839 0
      vertex 5.45226 -5.12001 0.137259
      vertex 5.46726 -5.1341 0
    endloop
  endfacet
  facet normal 0.762024 -0.630393 0.148071
    outer loop
      vertex 2.73363 -2.56705 25
      vertex 3.05136 -2.21694 24.8554
      vertex 3.03381 -2.20419 25
    endloop
  endfacet
  facet normal 0.762022 -0.6304 0.148049
    outer loop
      vertex 3.05136 -2.21694 24.8554
      vertex 2.73363 -2.56705 25
      vertex 2.74873 -2.58123 24.8619
    endloop
  endfacet
  facet normal 0.67553 0.722332 0.147973
    outer loop
      vertex 5.46726 5.1341 0
      vertex 5.45037 5.12178 0.137247
      vertex 5.45226 5.12001 0.137259
    endloop
  endfacet
  facet normal 0.677022 0.720918 0.14805
    outer loop
      vertex 2.4076 2.90202 24.8598
      vertex 2.73363 2.56705 25
      vertex 2.74873 2.58123 24.8619
    endloop
  endfacet
  facet normal 0.676994 0.720927 0.148135
    outer loop
      vertex 2.73363 2.56705 25
      vertex 2.4076 2.90202 24.8598
      vertex 2.39034 2.88942 25
    endloop
  endfacet
  facet normal -0.971466 0.18529 0.148056
    outer loop
      vertex -3.69275 0.734532 24.8505
      vertex -3.63219 0.932587 25
      vertex -3.65301 0.937933 24.8567
    endloop
  endfacet
  facet normal -0.971464 0.185317 0.148042
    outer loop
      vertex -3.72043 0.469999 25
      vertex -3.69275 0.734532 24.8505
      vertex -3.74159 0.472672 24.8578
    endloop
  endfacet
  facet normal -0.971467 0.18531 0.14803
    outer loop
      vertex -3.69275 0.734532 24.8505
      vertex -3.72043 0.469999 25
      vertex -3.63219 0.932587 25
    endloop
  endfacet
  facet normal -0.971461 0.18532 0.148051
    outer loop
      vertex -7.26437 1.86517 0
      vertex -7.29244 1.62245 0.119634
      vertex -7.24594 1.86044 0.126852
    endloop
  endfacet
  facet normal -0.971466 0.18531 0.148031
    outer loop
      vertex -7.26437 1.86517 0
      vertex -7.356 1.28951 0.119302
      vertex -7.29244 1.62245 0.119634
    endloop
  endfacet
  facet normal -0.971457 0.18532 0.148083
    outer loop
      vertex -7.44086 0.939999 0
      vertex -7.356 1.28951 0.119302
      vertex -7.26437 1.86517 0
    endloop
  endfacet
  facet normal -0.971459 0.185328 0.148059
    outer loop
      vertex -7.356 1.28951 0.119302
      vertex -7.44086 0.939999 0
      vertex -7.42164 0.937571 0.129147
    endloop
  endfacet
  facet normal -0.971463 0.18531 0.148052
    outer loop
      vertex -7.01267 1.28499 2.37776
      vertex -7.29244 1.62245 0.119634
      vertex -7.356 1.28951 0.119302
    endloop
  endfacet
  facet normal -0.971461 0.185319 0.148054
    outer loop
      vertex -7.29244 1.62245 0.119634
      vertex -7.01267 1.28499 2.37776
      vertex -6.42097 1.27721 6.26997
    endloop
  endfacet
  facet normal -0.476442 0.866655 0.148026
    outer loop
      vertex -3.19334 6.7862 0
      vertex -4.00894 6.31708 0.121457
      vertex -3.18688 6.76643 0.136541
    endloop
  endfacet
  facet normal -0.476442 0.866655 0.14803
    outer loop
      vertex -4.00894 6.31708 0.121457
      vertex -3.19334 6.7862 0
      vertex -4.0187 6.33246 0
    endloop
  endfacet
  facet normal -0.472942 0.86856 0.148087
    outer loop
      vertex -2.01626 3.18736 24.854
      vertex -2.02109 3.18473 24.854
      vertex -2.00935 3.16623 25
    endloop
  endfacet
  facet normal -0.584287 0.797939 0.147994
    outer loop
      vertex -4.00894 6.31708 0.121457
      vertex -4.0187 6.33246 0
      vertex -4.01079 6.31574 0.121378
    endloop
  endfacet
  facet normal -0.581315 0.800099 0.148037
    outer loop
      vertex -2.09329 3.13283 24.8509
      vertex -2.39034 2.88942 25
      vertex -2.00935 3.16623 25
    endloop
  endfacet
  facet normal -0.581429 0.8 0.148123
    outer loop
      vertex -2.09329 3.13283 24.8509
      vertex -2.00935 3.16623 25
      vertex -2.02109 3.18473 24.854
    endloop
  endfacet
  facet normal -0.581307 0.800101 0.148056
    outer loop
      vertex -2.39034 2.88942 25
      vertex -2.09329 3.13283 24.8509
      vertex -2.39948 2.90876 24.8596
    endloop
  endfacet
  facet normal -0.123946 0.981186 0.148027
    outer loop
      vertex -0.236772 3.76339 24.8611
      vertex -0.70268 3.68358 25
      vertex -0.235464 3.7426 25
    endloop
  endfacet
  facet normal -0.123954 0.981188 0.148003
    outer loop
      vertex -0.70268 3.68358 25
      vertex -0.236772 3.76339 24.8611
      vertex -0.706828 3.70532 24.8524
    endloop
  endfacet
  facet normal -0.123946 0.981176 0.148088
    outer loop
      vertex -0.469651 7.46489 0.135635
      vertex -0.470928 7.4852 0
      vertex -1.29635 7.36277 0.120316
    endloop
  endfacet
  facet normal -0.123983 0.981177 0.148051
    outer loop
      vertex -1.40536 7.36715 0
      vertex -1.29471 7.04776 2.20935
      vertex -1.29635 7.36277 0.120316
    endloop
  endfacet
  facet normal -0.124119 0.98116 0.148055
    outer loop
      vertex -1.29471 7.04776 2.20935
      vertex -1.40536 7.36715 0
      vertex -1.29331 6.77978 3.98642
    endloop
  endfacet
  facet normal -0.123956 0.981184 0.148027
    outer loop
      vertex -1.40536 7.36715 0
      vertex -1.29635 7.36277 0.120316
      vertex -0.470928 7.4852 0
    endloop
  endfacet
  facet normal 0.245996 0.957897 0.148051
    outer loop
      vertex 1.3584 6.6433 4.7613
      vertex 1.29331 6.77978 3.98642
      vertex 1.28594 6.46486 6.03621
    endloop
  endfacet
  facet normal 0.245976 0.957902 0.148054
    outer loop
      vertex 1.29331 6.77978 3.98642
      vertex 1.3584 6.6433 4.7613
      vertex 1.40536 7.36715 0
    endloop
  endfacet
  facet normal 0.245939 0.957903 0.148107
    outer loop
      vertex 0.735598 3.69811 24.8513
      vertex 1.15881 3.56646 25
      vertex 1.16019 3.58769 24.8604
    endloop
  endfacet
  facet normal 0.245961 0.957906 0.148049
    outer loop
      vertex 1.15881 3.56646 25
      vertex 0.735598 3.69811 24.8513
      vertex 0.70268 3.68358 25
    endloop
  endfacet
  facet normal 0.245734 0.957971 0.148005
    outer loop
      vertex 0.70268 3.68358 25
      vertex 0.735598 3.69811 24.8513
      vertex 0.706828 3.70532 24.8524
    endloop
  endfacet
  facet normal 0 0.988974 0.148089
    outer loop
      vertex 0.470928 7.4852 0
      vertex -0.469651 7.46489 0.135635
      vertex 0.469651 7.46489 0.135635
    endloop
  endfacet
  facet normal 0 0.988974 0.148089
    outer loop
      vertex -0.469651 7.46489 0.135635
      vertex 0.470928 7.4852 0
      vertex -0.470928 7.4852 0
    endloop
  endfacet
  facet normal 0 0.988983 0.148027
    outer loop
      vertex 0.236772 3.76339 24.8611
      vertex -0.235464 3.7426 25
      vertex 0.235464 3.7426 25
    endloop
  endfacet
  facet normal 0 0.988983 0.148027
    outer loop
      vertex -0.235464 3.7426 25
      vertex 0.236772 3.76339 24.8611
      vertex -0.236772 3.76339 24.8611
    endloop
  endfacet
  facet normal -0.245961 0.957906 0.148049
    outer loop
      vertex -0.735598 3.69811 24.8513
      vertex -1.15881 3.56646 25
      vertex -0.70268 3.68358 25
    endloop
  endfacet
  facet normal -0.245734 0.957971 0.148005
    outer loop
      vertex -0.735598 3.69811 24.8513
      vertex -0.70268 3.68358 25
      vertex -0.706828 3.70532 24.8524
    endloop
  endfacet
  facet normal -0.245939 0.957903 0.148107
    outer loop
      vertex -1.15881 3.56646 25
      vertex -0.735598 3.69811 24.8513
      vertex -1.16019 3.58769 24.8604
    endloop
  endfacet
  facet normal -0.245996 0.957897 0.148051
    outer loop
      vertex -1.29331 6.77978 3.98642
      vertex -1.3584 6.6433 4.7613
      vertex -1.28594 6.46486 6.03621
    endloop
  endfacet
  facet normal -0.245976 0.957902 0.148054
    outer loop
      vertex -1.3584 6.6433 4.7613
      vertex -1.29331 6.77978 3.98642
      vertex -1.40536 7.36715 0
    endloop
  endfacet
  facet normal 0.124119 0.98116 0.148055
    outer loop
      vertex 1.40536 7.36715 0
      vertex 1.29471 7.04776 2.20935
      vertex 1.29331 6.77978 3.98642
    endloop
  endfacet
  facet normal 0.123983 0.981177 0.148051
    outer loop
      vertex 1.29471 7.04776 2.20935
      vertex 1.40536 7.36715 0
      vertex 1.29635 7.36277 0.120316
    endloop
  endfacet
  facet normal 0.123956 0.981184 0.148027
    outer loop
      vertex 0.470928 7.4852 0
      vertex 1.29635 7.36277 0.120316
      vertex 1.40536 7.36715 0
    endloop
  endfacet
  facet normal 0.123946 0.981176 0.148088
    outer loop
      vertex 1.29635 7.36277 0.120316
      vertex 0.470928 7.4852 0
      vertex 0.469651 7.46489 0.135635
    endloop
  endfacet
  facet normal 0.123946 0.981186 0.148027
    outer loop
      vertex 0.70268 3.68358 25
      vertex 0.236772 3.76339 24.8611
      vertex 0.235464 3.7426 25
    endloop
  endfacet
  facet normal 0.123954 0.981188 0.148003
    outer loop
      vertex 0.236772 3.76339 24.8611
      vertex 0.70268 3.68358 25
      vertex 0.706828 3.70532 24.8524
    endloop
  endfacet
  facet normal 0.584287 -0.797939 0.147994
    outer loop
      vertex 4.01079 -6.31574 0.121378
      vertex 4.00894 -6.31708 0.121457
      vertex 4.0187 -6.33246 0
    endloop
  endfacet
  facet normal 0.581315 -0.800099 0.148037
    outer loop
      vertex 2.09329 -3.13283 24.8509
      vertex 2.39034 -2.88942 25
      vertex 2.00935 -3.16623 25
    endloop
  endfacet
  facet normal 0.581429 -0.8 0.148123
    outer loop
      vertex 2.09329 -3.13283 24.8509
      vertex 2.00935 -3.16623 25
      vertex 2.02109 -3.18473 24.854
    endloop
  endfacet
  facet normal 0.581307 -0.800101 0.148056
    outer loop
      vertex 2.39034 -2.88942 25
      vertex 2.09329 -3.13283 24.8509
      vertex 2.39948 -2.90876 24.8596
    endloop
  endfacet
  facet normal 0.581295 -0.800108 0.148067
    outer loop
      vertex 4.02087 -6.3085 0.120953
      vertex 4.0187 -6.33246 0
      vertex 4.28966 -6.11352 0.119324
    endloop
  endfacet
  facet normal 0.581048 -0.80028 0.148106
    outer loop
      vertex 4.0187 -6.33246 0
      vertex 4.02087 -6.3085 0.120953
      vertex 4.01079 -6.31574 0.121378
    endloop
  endfacet
  facet normal 0.581291 -0.800113 0.148053
    outer loop
      vertex 3.89157 -6.01371 2.22168
      vertex 4.05317 -5.8728 2.34871
      vertex 3.64958 -5.46198 6.15346
    endloop
  endfacet
  facet normal 0.581296 -0.800109 0.148056
    outer loop
      vertex 4.28966 -6.11352 0.119324
      vertex 3.89157 -6.01371 2.22168
      vertex 4.02087 -6.3085 0.120953
    endloop
  endfacet
  facet normal 0.58129 -0.800113 0.148055
    outer loop
      vertex 3.89157 -6.01371 2.22168
      vertex 4.28966 -6.11352 0.119324
      vertex 4.05317 -5.8728 2.34871
    endloop
  endfacet
  facet normal 0.581309 -0.800105 0.148029
    outer loop
      vertex 4.78068 -5.77885 0
      vertex 4.28966 -6.11352 0.119324
      vertex 4.0187 -6.33246 0
    endloop
  endfacet
  facet normal 0.581314 -0.800089 0.148092
    outer loop
      vertex 4.28966 -6.11352 0.119324
      vertex 4.78068 -5.77885 0
      vertex 4.76797 -5.76348 0.13293
    endloop
  endfacet
  facet normal 0.58243 -0.799291 0.148018
    outer loop
      vertex 2.40375 -2.90563 24.8597
      vertex 2.39034 -2.88942 25
      vertex 2.39948 -2.90876 24.8596
    endloop
  endfacet
  facet normal -0.894859 -0.421086 0.148033
    outer loop
      vertex -6.97332 -2.76093 0
      vertex -6.55506 -3.60367 0.131173
      vertex -6.95302 -2.75568 0.137647
    endloop
  endfacet
  facet normal -0.894858 -0.421084 0.148043
    outer loop
      vertex -6.55506 -3.60367 0.131173
      vertex -6.97332 -2.76093 0
      vertex -6.5723 -3.61315 0
    endloop
  endfacet
  facet normal -0.895433 -0.41985 0.148071
    outer loop
      vertex -3.28615 -1.80658 25
      vertex -3.30696 -1.81196 24.8589
      vertex -3.3047 -1.81678 24.8589
    endloop
  endfacet
  facet normal -0.476437 -0.866647 0.148092
    outer loop
      vertex -2.00935 -3.16623 25
      vertex -1.60551 -3.41189 24.8616
      vertex -1.59667 -3.3931 25
    endloop
  endfacet
  facet normal -0.476476 -0.866645 0.147977
    outer loop
      vertex -1.60551 -3.41189 24.8616
      vertex -2.00935 -3.16623 25
      vertex -2.01626 -3.18736 24.854
    endloop
  endfacet
  facet normal -0.474836 -0.867528 0.148076
    outer loop
      vertex -3.18688 -6.76643 0.136541
      vertex -3.19334 -6.7862 0
      vertex -3.18462 -6.76766 0.136582
    endloop
  endfacet
  facet normal -0.834988 0.529961 0.14811
    outer loop
      vertex -6.06763 4.40839 0
      vertex -6.1217 4.28961 0.120187
      vertex -6.05254 4.39743 0.124288
    endloop
  endfacet
  facet normal -0.83503 0.52991 0.148053
    outer loop
      vertex -6.1217 4.28961 0.120187
      vertex -6.30221 4.00544 0.119196
      vertex -5.88196 4.05836 2.30002
    endloop
  endfacet
  facet normal -0.835032 0.529911 0.148042
    outer loop
      vertex -6.06763 4.40839 0
      vertex -6.30221 4.00544 0.119196
      vertex -6.1217 4.28961 0.120187
    endloop
  endfacet
  facet normal -0.835022 0.529916 0.148078
    outer loop
      vertex -6.5723 3.61315 0
      vertex -6.30221 4.00544 0.119196
      vertex -6.06763 4.40839 0
    endloop
  endfacet
  facet normal -0.835022 0.529926 0.148045
    outer loop
      vertex -6.30221 4.00544 0.119196
      vertex -6.5723 3.61315 0
      vertex -6.55506 3.60367 0.131173
    endloop
  endfacet
  facet normal -0.835022 0.529923 0.148052
    outer loop
      vertex -5.98729 3.87095 2.37675
      vertex -5.88196 4.05836 2.30002
      vertex -6.30221 4.00544 0.119196
    endloop
  endfacet
  facet normal -0.835021 0.529924 0.148056
    outer loop
      vertex -5.88196 4.05836 2.30002
      vertex -5.98729 3.87095 2.37675
      vertex -5.4496 3.64131 6.2312
    endloop
  endfacet
  facet normal -0.835029 0.529907 0.148071
    outer loop
      vertex -3.13132 2.09228 24.8506
      vertex -3.03381 2.20419 25
      vertex -3.05136 2.21694 24.8554
    endloop
  endfacet
  facet normal -0.834999 0.52995 0.148085
    outer loop
      vertex -3.28615 1.80658 25
      vertex -3.13132 2.09228 24.8506
      vertex -3.3047 1.81678 24.8589
    endloop
  endfacet
  facet normal -0.835016 0.529936 0.14804
    outer loop
      vertex -3.13132 2.09228 24.8506
      vertex -3.28615 1.80658 25
      vertex -3.03381 2.20419 25
    endloop
  endfacet
  facet normal 0.676998 -0.720933 0.148088
    outer loop
      vertex 4.78068 -5.77885 0
      vertex 5.45037 -5.12178 0.137247
      vertex 4.76797 -5.76348 0.13293
    endloop
  endfacet
  facet normal 0.67701 -0.720933 0.148029
    outer loop
      vertex 5.45037 -5.12178 0.137247
      vertex 4.78068 -5.77885 0
      vertex 5.46726 -5.1341 0
    endloop
  endfacet
  facet normal 0.674419 -0.723356 0.148037
    outer loop
      vertex 2.4076 -2.90202 24.8598
      vertex 2.39034 -2.88942 25
      vertex 2.40375 -2.90563 24.8597
    endloop
  endfacet
  facet normal 0.67553 -0.722332 0.147973
    outer loop
      vertex 5.45226 -5.12001 0.137259
      vertex 5.45037 -5.12178 0.137247
      vertex 5.46726 -5.1341 0
    endloop
  endfacet
  facet normal 0.676994 -0.720927 0.148135
    outer loop
      vertex 2.4076 -2.90202 24.8598
      vertex 2.73363 -2.56705 25
      vertex 2.39034 -2.88942 25
    endloop
  endfacet
  facet normal 0.677022 -0.720918 0.14805
    outer loop
      vertex 2.73363 -2.56705 25
      vertex 2.4076 -2.90202 24.8598
      vertex 2.74873 -2.58123 24.8619
    endloop
  endfacet
  facet normal 0.987014 0.0622929 0.148061
    outer loop
      vertex 7.44086 0.939999 0
      vertex 7.42164 0.937571 0.129147
      vertex 7.42179 0.935142 0.129169
    endloop
  endfacet
  facet normal 0.987028 0.0621155 0.148042
    outer loop
      vertex 3.72043 0.469999 25
      vertex 3.77035 0.00518311 24.8622
      vertex 3.74159 0.472672 24.8578
    endloop
  endfacet
  facet normal 0.987021 0.0620985 0.148097
    outer loop
      vertex 3.77035 0.00518311 24.8622
      vertex 3.72043 0.469999 25
      vertex 3.75 0 25
    endloop
  endfacet
  facet normal -0.474836 0.867528 0.148076
    outer loop
      vertex -3.18462 6.76766 0.136582
      vertex -3.19334 6.7862 0
      vertex -3.18688 6.76643 0.136541
    endloop
  endfacet
  facet normal -0.476437 0.866647 0.148092
    outer loop
      vertex -1.60551 3.41189 24.8616
      vertex -2.00935 3.16623 25
      vertex -1.59667 3.3931 25
    endloop
  endfacet
  facet normal -0.476476 0.866645 0.147977
    outer loop
      vertex -2.00935 3.16623 25
      vertex -1.60551 3.41189 24.8616
      vertex -2.01626 3.18736 24.854
    endloop
  endfacet
  facet normal -0.987021 -0.0620985 0.148097
    outer loop
      vertex -3.77035 -0.00518311 24.8622
      vertex -3.72043 -0.469999 25
      vertex -3.75 0 25
    endloop
  endfacet
  facet normal -0.987028 -0.0621155 0.148042
    outer loop
      vertex -3.72043 -0.469999 25
      vertex -3.77035 -0.00518311 24.8622
      vertex -3.74159 -0.472672 24.8578
    endloop
  endfacet
  facet normal -0.987014 -0.0622929 0.148061
    outer loop
      vertex -7.42179 -0.935142 0.129169
      vertex -7.44086 -0.939999 0
      vertex -7.42164 -0.937571 0.129147
    endloop
  endfacet
  facet normal 0.9399 0.307673 0.148072
    outer loop
      vertex 6.97332 2.76093 0
      vertex 6.95412 2.75333 0.137665
      vertex 6.95493 2.75087 0.137635
    endloop
  endfacet
  facet normal 0.940582 0.305604 0.148028
    outer loop
      vertex 3.48666 1.38047 25
      vertex 3.65133 0.943064 24.8567
      vertex 3.50589 1.38808 24.8621
    endloop
  endfacet
  facet normal 0.940584 0.305623 0.147975
    outer loop
      vertex 3.65133 0.943064 24.8567
      vertex 3.48666 1.38047 25
      vertex 3.63219 0.932587 25
    endloop
  endfacet
  facet normal 0.123983 -0.981177 0.148051
    outer loop
      vertex 1.40536 -7.36715 0
      vertex 1.29471 -7.04776 2.20935
      vertex 1.29635 -7.36277 0.120316
    endloop
  endfacet
  facet normal 0.124119 -0.98116 0.148055
    outer loop
      vertex 1.29471 -7.04776 2.20935
      vertex 1.40536 -7.36715 0
      vertex 1.29331 -6.77978 3.98642
    endloop
  endfacet
  facet normal 0.123956 -0.981184 0.148027
    outer loop
      vertex 1.40536 -7.36715 0
      vertex 1.29635 -7.36277 0.120316
      vertex 0.470928 -7.4852 0
    endloop
  endfacet
  facet normal 0.123946 -0.981176 0.148088
    outer loop
      vertex 0.469651 -7.46489 0.135635
      vertex 0.470928 -7.4852 0
      vertex 1.29635 -7.36277 0.120316
    endloop
  endfacet
  facet normal 0.123946 -0.981186 0.148027
    outer loop
      vertex 0.236772 -3.76339 24.8611
      vertex 0.70268 -3.68358 25
      vertex 0.235464 -3.7426 25
    endloop
  endfacet
  facet normal 0.123954 -0.981188 0.148003
    outer loop
      vertex 0.70268 -3.68358 25
      vertex 0.236772 -3.76339 24.8611
      vertex 0.706828 -3.70532 24.8524
    endloop
  endfacet
  facet normal 0.245961 -0.957906 0.148049
    outer loop
      vertex 0.735598 -3.69811 24.8513
      vertex 1.15881 -3.56646 25
      vertex 0.70268 -3.68358 25
    endloop
  endfacet
  facet normal 0.245734 -0.957971 0.148005
    outer loop
      vertex 0.735598 -3.69811 24.8513
      vertex 0.70268 -3.68358 25
      vertex 0.706828 -3.70532 24.8524
    endloop
  endfacet
  facet normal 0.245939 -0.957903 0.148107
    outer loop
      vertex 1.15881 -3.56646 25
      vertex 0.735598 -3.69811 24.8513
      vertex 1.16019 -3.58769 24.8604
    endloop
  endfacet
  facet normal 0.245996 -0.957897 0.148051
    outer loop
      vertex 1.29331 -6.77978 3.98642
      vertex 1.3584 -6.6433 4.7613
      vertex 1.28594 -6.46486 6.03621
    endloop
  endfacet
  facet normal 0.245976 -0.957902 0.148054
    outer loop
      vertex 1.3584 -6.6433 4.7613
      vertex 1.29331 -6.77978 3.98642
      vertex 1.40536 -7.36715 0
    endloop
  endfacet
  facet normal -0.67553 -0.722332 0.147973
    outer loop
      vertex -5.45226 -5.12001 0.137259
      vertex -5.46726 -5.1341 0
      vertex -5.45037 -5.12178 0.137247
    endloop
  endfacet
  facet normal -0.677022 -0.720918 0.14805
    outer loop
      vertex -2.4076 -2.90202 24.8598
      vertex -2.73363 -2.56705 25
      vertex -2.74873 -2.58123 24.8619
    endloop
  endfacet
  facet normal -0.676994 -0.720927 0.148135
    outer loop
      vertex -2.73363 -2.56705 25
      vertex -2.4076 -2.90202 24.8598
      vertex -2.39034 -2.88942 25
    endloop
  endfacet
  facet normal -0.245939 -0.957903 0.148107
    outer loop
      vertex -0.735598 -3.69811 24.8513
      vertex -1.15881 -3.56646 25
      vertex -1.16019 -3.58769 24.8604
    endloop
  endfacet
  facet normal -0.245961 -0.957906 0.148049
    outer loop
      vertex -1.15881 -3.56646 25
      vertex -0.735598 -3.69811 24.8513
      vertex -0.70268 -3.68358 25
    endloop
  endfacet
  facet normal -0.245734 -0.957971 0.148005
    outer loop
      vertex -0.70268 -3.68358 25
      vertex -0.735598 -3.69811 24.8513
      vertex -0.706828 -3.70532 24.8524
    endloop
  endfacet
  facet normal -0.245996 -0.957897 0.148051
    outer loop
      vertex -1.3584 -6.6433 4.7613
      vertex -1.29331 -6.77978 3.98642
      vertex -1.28594 -6.46486 6.03621
    endloop
  endfacet
  facet normal -0.245976 -0.957902 0.148054
    outer loop
      vertex -1.29331 -6.77978 3.98642
      vertex -1.3584 -6.6433 4.7613
      vertex -1.40536 -7.36715 0
    endloop
  endfacet
  facet normal -0.834999 -0.52995 0.148085
    outer loop
      vertex -3.13132 -2.09228 24.8506
      vertex -3.28615 -1.80658 25
      vertex -3.3047 -1.81678 24.8589
    endloop
  endfacet
  facet normal -0.835016 -0.529936 0.14804
    outer loop
      vertex -3.13132 -2.09228 24.8506
      vertex -3.03381 -2.20419 25
      vertex -3.28615 -1.80658 25
    endloop
  endfacet
  facet normal -0.835029 -0.529907 0.148071
    outer loop
      vertex -3.03381 -2.20419 25
      vertex -3.13132 -2.09228 24.8506
      vertex -3.05136 -2.21694 24.8554
    endloop
  endfacet
  facet normal -0.835022 -0.529926 0.148045
    outer loop
      vertex -6.5723 -3.61315 0
      vertex -6.30221 -4.00544 0.119196
      vertex -6.55506 -3.60367 0.131173
    endloop
  endfacet
  facet normal -0.83503 -0.52991 0.148053
    outer loop
      vertex -6.30221 -4.00544 0.119196
      vertex -6.1217 -4.28961 0.120187
      vertex -5.88196 -4.05836 2.30002
    endloop
  endfacet
  facet normal -0.835022 -0.529916 0.148078
    outer loop
      vertex -6.06763 -4.40839 0
      vertex -6.30221 -4.00544 0.119196
      vertex -6.5723 -3.61315 0
    endloop
  endfacet
  facet normal -0.835032 -0.529911 0.148042
    outer loop
      vertex -6.30221 -4.00544 0.119196
      vertex -6.06763 -4.40839 0
      vertex -6.1217 -4.28961 0.120187
    endloop
  endfacet
  facet normal -0.834988 -0.529961 0.14811
    outer loop
      vertex -6.1217 -4.28961 0.120187
      vertex -6.06763 -4.40839 0
      vertex -6.05254 -4.39743 0.124288
    endloop
  endfacet
  facet normal -0.835021 -0.529924 0.148056
    outer loop
      vertex -5.98729 -3.87095 2.37675
      vertex -5.88196 -4.05836 2.30002
      vertex -5.4496 -3.64131 6.2312
    endloop
  endfacet
  facet normal -0.835022 -0.529923 0.148052
    outer loop
      vertex -5.88196 -4.05836 2.30002
      vertex -5.98729 -3.87095 2.37675
      vertex -6.30221 -4.00544 0.119196
    endloop
  endfacet
  facet normal 0 0 -1
    outer loop
      vertex 3.075 0 0
      vertex 7.5 0 0
      vertex 7.44086 -0.939999 0
    endloop
  endfacet
  facet normal 0 0 -1
    outer loop
      vertex 2.9245 -0.950227 0
      vertex 7.44086 -0.939999 0
      vertex 7.26437 -1.86517 0
    endloop
  endfacet
  facet normal 0 0 -1
    outer loop
      vertex 7.5 0 0
      vertex 3.075 0 0
      vertex 7.44086 0.939999 0
    endloop
  endfacet
  facet normal 0 0 -1
    outer loop
      vertex 2.9245 -0.950227 0
      vertex 7.26437 -1.86517 0
      vertex 6.97332 -2.76093 0
    endloop
  endfacet
  facet normal 0 0 -1
    outer loop
      vertex 2.9245 0.950227 0
      vertex 7.44086 0.939999 0
      vertex 3.075 0 0
    endloop
  endfacet
  facet normal 0 0 -1
    outer loop
      vertex 2.9245 -0.950227 0
      vertex 6.97332 -2.76093 0
      vertex 6.5723 -3.61315 0
    endloop
  endfacet
  facet normal 0 0 -1
    outer loop
      vertex 7.44086 0.939999 0
      vertex 2.9245 0.950227 0
      vertex 7.26437 1.86517 0
    endloop
  endfacet
  facet normal 0 0 -1
    outer loop
      vertex 2.48773 -1.80744 0
      vertex 6.5723 -3.61315 0
      vertex 6.06763 -4.40839 0
    endloop
  endfacet
  facet normal -0 0 -1
    outer loop
      vertex 7.26437 1.86517 0
      vertex 2.9245 0.950227 0
      vertex 6.97332 2.76093 0
    endloop
  endfacet
  facet normal 0 0 -1
    outer loop
      vertex 2.48773 -1.80744 0
      vertex 6.06763 -4.40839 0
      vertex 5.46726 -5.1341 0
    endloop
  endfacet
  facet normal -0 0 -1
    outer loop
      vertex 6.97332 2.76093 0
      vertex 2.9245 0.950227 0
      vertex 6.5723 3.61315 0
    endloop
  endfacet
  facet normal 0 0 -1
    outer loop
      vertex 1.80744 -2.48773 0
      vertex 5.46726 -5.1341 0
      vertex 4.78068 -5.77885 0
    endloop
  endfacet
  facet normal 0 0 -1
    outer loop
      vertex 2.48773 1.80744 0
      vertex 6.5723 3.61315 0
      vertex 2.9245 0.950227 0
    endloop
  endfacet
  facet normal 0 0 -1
    outer loop
      vertex 1.80744 -2.48773 0
      vertex 4.78068 -5.77885 0
      vertex 4.0187 -6.33246 0
    endloop
  endfacet
  facet normal -0 0 -1
    outer loop
      vertex 6.5723 3.61315 0
      vertex 2.48773 1.80744 0
      vertex 6.06763 4.40839 0
    endloop
  endfacet
  facet normal 0 0 -1
    outer loop
      vertex 1.80744 -2.48773 0
      vertex 4.0187 -6.33246 0
      vertex 3.19334 -6.7862 0
    endloop
  endfacet
  facet normal -0 0 -1
    outer loop
      vertex 6.06763 4.40839 0
      vertex 2.48773 1.80744 0
      vertex 5.46726 5.1341 0
    endloop
  endfacet
  facet normal 0 0 -1
    outer loop
      vertex 1.80744 2.48773 0
      vertex 5.46726 5.1341 0
      vertex 2.48773 1.80744 0
    endloop
  endfacet
  facet normal -0 0 -1
    outer loop
      vertex 7.44086 -0.939999 0
      vertex 2.9245 -0.950227 0
      vertex 3.075 0 0
    endloop
  endfacet
  facet normal 0 0 -1
    outer loop
      vertex 6.5723 -3.61315 0
      vertex 2.48773 -1.80744 0
      vertex 2.9245 -0.950227 0
    endloop
  endfacet
  facet normal 0 0 -1
    outer loop
      vertex 0.950227 -2.9245 0
      vertex 3.19334 -6.7862 0
      vertex 2.31763 -7.13292 0
    endloop
  endfacet
  facet normal 0 0 -1
    outer loop
      vertex 5.46726 -5.1341 0
      vertex 1.80744 -2.48773 0
      vertex 2.48773 -1.80744 0
    endloop
  endfacet
  facet normal 0 0 -1
    outer loop
      vertex 0.950227 -2.9245 0
      vertex 2.31763 -7.13292 0
      vertex 1.40536 -7.36715 0
    endloop
  endfacet
  facet normal 0 0 -1
    outer loop
      vertex 3.19334 -6.7862 0
      vertex 0.950227 -2.9245 0
      vertex 1.80744 -2.48773 0
    endloop
  endfacet
  facet normal 0 0 -1
    outer loop
      vertex 0 -3.075 0
      vertex 1.40536 -7.36715 0
      vertex 0.470928 -7.4852 0
    endloop
  endfacet
  facet normal 0 0 -1
    outer loop
      vertex 1.40536 -7.36715 0
      vertex 0 -3.075 0
      vertex 0.950227 -2.9245 0
    endloop
  endfacet
  facet normal 0 0 -1
    outer loop
      vertex -0.470928 -7.4852 0
      vertex 0 -3.075 0
      vertex 0.470928 -7.4852 0
    endloop
  endfacet
  facet normal 0 0 -1
    outer loop
      vertex -1.40536 -7.36715 0
      vertex 0 -3.075 0
      vertex -0.470928 -7.4852 0
    endloop
  endfacet
  facet normal -0 0 -1
    outer loop
      vertex 0 -3.075 0
      vertex -1.40536 -7.36715 0
      vertex -0.950227 -2.9245 0
    endloop
  endfacet
  facet normal 0 0 -1
    outer loop
      vertex -2.31763 -7.13292 0
      vertex -0.950227 -2.9245 0
      vertex -1.40536 -7.36715 0
    endloop
  endfacet
  facet normal 0 0 -1
    outer loop
      vertex -3.19334 -6.7862 0
      vertex -0.950227 -2.9245 0
      vertex -2.31763 -7.13292 0
    endloop
  endfacet
  facet normal -0 0 -1
    outer loop
      vertex -0.950227 -2.9245 0
      vertex -3.19334 -6.7862 0
      vertex -1.80744 -2.48773 0
    endloop
  endfacet
  facet normal 0 0 -1
    outer loop
      vertex -4.0187 -6.33246 0
      vertex -1.80744 -2.48773 0
      vertex -3.19334 -6.7862 0
    endloop
  endfacet
  facet normal 0 0 -1
    outer loop
      vertex -4.78068 -5.77885 0
      vertex -1.80744 -2.48773 0
      vertex -4.0187 -6.33246 0
    endloop
  endfacet
  facet normal 0 0 -1
    outer loop
      vertex -5.46726 -5.1341 0
      vertex -1.80744 -2.48773 0
      vertex -4.78068 -5.77885 0
    endloop
  endfacet
  facet normal -0 0 -1
    outer loop
      vertex 5.46726 5.1341 0
      vertex 1.80744 2.48773 0
      vertex 4.78068 5.77885 0
    endloop
  endfacet
  facet normal -0 0 -1
    outer loop
      vertex 4.78068 5.77885 0
      vertex 1.80744 2.48773 0
      vertex 4.0187 6.33246 0
    endloop
  endfacet
  facet normal -0 0 -1
    outer loop
      vertex 4.0187 6.33246 0
      vertex 1.80744 2.48773 0
      vertex 3.19334 6.7862 0
    endloop
  endfacet
  facet normal 0 0 -1
    outer loop
      vertex 0.950227 2.9245 0
      vertex 3.19334 6.7862 0
      vertex 1.80744 2.48773 0
    endloop
  endfacet
  facet normal -0 0 -1
    outer loop
      vertex 3.19334 6.7862 0
      vertex 0.950227 2.9245 0
      vertex 2.31763 7.13292 0
    endloop
  endfacet
  facet normal -0 0 -1
    outer loop
      vertex 2.31763 7.13292 0
      vertex 0.950227 2.9245 0
      vertex 1.40536 7.36715 0
    endloop
  endfacet
  facet normal 0 0 -1
    outer loop
      vertex 0 3.075 0
      vertex 1.40536 7.36715 0
      vertex 0.950227 2.9245 0
    endloop
  endfacet
  facet normal -0 0 -1
    outer loop
      vertex 1.40536 7.36715 0
      vertex 0 3.075 0
      vertex 0.470928 7.4852 0
    endloop
  endfacet
  facet normal 0 0 -1
    outer loop
      vertex 0 3.075 0
      vertex -0.470928 7.4852 0
      vertex 0.470928 7.4852 0
    endloop
  endfacet
  facet normal 0 0 -1
    outer loop
      vertex -1.40536 7.36715 0
      vertex 0 3.075 0
      vertex -0.950227 2.9245 0
    endloop
  endfacet
  facet normal 0 0 -1
    outer loop
      vertex 0 3.075 0
      vertex -1.40536 7.36715 0
      vertex -0.470928 7.4852 0
    endloop
  endfacet
  facet normal 0 0 -1
    outer loop
      vertex -3.19334 6.7862 0
      vertex -0.950227 2.9245 0
      vertex -1.80744 2.48773 0
    endloop
  endfacet
  facet normal 0 0 -1
    outer loop
      vertex -0.950227 2.9245 0
      vertex -2.31763 7.13292 0
      vertex -1.40536 7.36715 0
    endloop
  endfacet
  facet normal 0 0 -1
    outer loop
      vertex -5.46726 5.1341 0
      vertex -1.80744 2.48773 0
      vertex -2.48773 1.80744 0
    endloop
  endfacet
  facet normal 0 0 -1
    outer loop
      vertex -6.5723 3.61315 0
      vertex -2.48773 1.80744 0
      vertex -2.9245 0.950227 0
    endloop
  endfacet
  facet normal 0 0 -1
    outer loop
      vertex -7.44086 0.939999 0
      vertex -2.9245 0.950227 0
      vertex -3.075 0 0
    endloop
  endfacet
  facet normal 0 0 -1
    outer loop
      vertex -0.950227 2.9245 0
      vertex -3.19334 6.7862 0
      vertex -2.31763 7.13292 0
    endloop
  endfacet
  facet normal -0 0 -1
    outer loop
      vertex -1.80744 -2.48773 0
      vertex -5.46726 -5.1341 0
      vertex -2.48773 -1.80744 0
    endloop
  endfacet
  facet normal 0 0 -1
    outer loop
      vertex -6.06763 -4.40839 0
      vertex -2.48773 -1.80744 0
      vertex -5.46726 -5.1341 0
    endloop
  endfacet
  facet normal 0 0 -1
    outer loop
      vertex -1.80744 2.48773 0
      vertex -4.0187 6.33246 0
      vertex -3.19334 6.7862 0
    endloop
  endfacet
  facet normal 0 0 -1
    outer loop
      vertex -6.5723 -3.61315 0
      vertex -2.48773 -1.80744 0
      vertex -6.06763 -4.40839 0
    endloop
  endfacet
  facet normal 0 0 -1
    outer loop
      vertex -1.80744 2.48773 0
      vertex -4.78068 5.77885 0
      vertex -4.0187 6.33246 0
    endloop
  endfacet
  facet normal -0 0 -1
    outer loop
      vertex -2.48773 -1.80744 0
      vertex -6.5723 -3.61315 0
      vertex -2.9245 -0.950227 0
    endloop
  endfacet
  facet normal 0 0 -1
    outer loop
      vertex -1.80744 2.48773 0
      vertex -5.46726 5.1341 0
      vertex -4.78068 5.77885 0
    endloop
  endfacet
  facet normal 0 0 -1
    outer loop
      vertex -6.97332 -2.76093 0
      vertex -2.9245 -0.950227 0
      vertex -6.5723 -3.61315 0
    endloop
  endfacet
  facet normal 0 0 -1
    outer loop
      vertex -2.48773 1.80744 0
      vertex -6.06763 4.40839 0
      vertex -5.46726 5.1341 0
    endloop
  endfacet
  facet normal 0 0 -1
    outer loop
      vertex -7.26437 -1.86517 0
      vertex -2.9245 -0.950227 0
      vertex -6.97332 -2.76093 0
    endloop
  endfacet
  facet normal 0 0 -1
    outer loop
      vertex -2.48773 1.80744 0
      vertex -6.5723 3.61315 0
      vertex -6.06763 4.40839 0
    endloop
  endfacet
  facet normal 0 0 -1
    outer loop
      vertex -7.44086 -0.939999 0
      vertex -2.9245 -0.950227 0
      vertex -7.26437 -1.86517 0
    endloop
  endfacet
  facet normal 0 0 -1
    outer loop
      vertex -2.9245 0.950227 0
      vertex -6.97332 2.76093 0
      vertex -6.5723 3.61315 0
    endloop
  endfacet
  facet normal 0 0 -1
    outer loop
      vertex -2.9245 -0.950227 0
      vertex -7.44086 -0.939999 0
      vertex -3.075 0 0
    endloop
  endfacet
  facet normal 0 0 -1
    outer loop
      vertex -2.9245 0.950227 0
      vertex -7.26437 1.86517 0
      vertex -6.97332 2.76093 0
    endloop
  endfacet
  facet normal 0 0 -1
    outer loop
      vertex -7.5 0 0
      vertex -3.075 0 0
      vertex -7.44086 -0.939999 0
    endloop
  endfacet
  facet normal -0 0 -1
    outer loop
      vertex -2.9245 0.950227 0
      vertex -7.44086 0.939999 0
      vertex -7.26437 1.86517 0
    endloop
  endfacet
  facet normal 0 0 -1
    outer loop
      vertex -3.075 0 0
      vertex -7.5 0 0
      vertex -7.44086 0.939999 0
    endloop
  endfacet
  facet normal -0.245943 -0.957917 0.148012
    outer loop
      vertex -2.3114 -7.11375 0.134418
      vertex -2.31763 -7.13292 0
      vertex -1.62222 -7.29297 0.119695
    endloop
  endfacet
  facet normal -0.245948 -0.957909 0.148055
    outer loop
      vertex -1.62222 -7.29297 0.119695
      vertex -1.40536 -7.36715 0
      vertex -1.3584 -6.6433 4.7613
    endloop
  endfacet
  facet normal -0.245948 -0.957909 0.148055
    outer loop
      vertex -1.40536 -7.36715 0
      vertex -1.62222 -7.29297 0.119695
      vertex -2.31763 -7.13292 0
    endloop
  endfacet
  facet normal -0.247298 -0.957559 0.148068
    outer loop
      vertex -1.15881 -3.56646 25
      vertex -1.16528 -3.58636 24.8605
      vertex -1.16019 -3.58769 24.8604
    endloop
  endfacet
  facet normal -0.971464 -0.185317 0.148042
    outer loop
      vertex -3.69275 -0.734532 24.8505
      vertex -3.72043 -0.469999 25
      vertex -3.74159 -0.472672 24.8578
    endloop
  endfacet
  facet normal -0.971467 -0.18531 0.14803
    outer loop
      vertex -3.69275 -0.734532 24.8505
      vertex -3.63219 -0.932587 25
      vertex -3.72043 -0.469999 25
    endloop
  endfacet
  facet normal -0.971466 -0.18529 0.148056
    outer loop
      vertex -3.63219 -0.932587 25
      vertex -3.69275 -0.734532 24.8505
      vertex -3.65301 -0.937933 24.8567
    endloop
  endfacet
  facet normal -0.971459 -0.185328 0.148059
    outer loop
      vertex -7.44086 -0.939999 0
      vertex -7.356 -1.28951 0.119302
      vertex -7.42164 -0.937571 0.129147
    endloop
  endfacet
  facet normal -0.971457 -0.18532 0.148083
    outer loop
      vertex -7.26437 -1.86517 0
      vertex -7.356 -1.28951 0.119302
      vertex -7.44086 -0.939999 0
    endloop
  endfacet
  facet normal -0.971466 -0.18531 0.148031
    outer loop
      vertex -7.356 -1.28951 0.119302
      vertex -7.26437 -1.86517 0
      vertex -7.29244 -1.62245 0.119634
    endloop
  endfacet
  facet normal -0.971461 -0.18532 0.148051
    outer loop
      vertex -7.29244 -1.62245 0.119634
      vertex -7.26437 -1.86517 0
      vertex -7.24594 -1.86044 0.126852
    endloop
  endfacet
  facet normal -0.971463 -0.18531 0.148052
    outer loop
      vertex -7.29244 -1.62245 0.119634
      vertex -7.01267 -1.28499 2.37776
      vertex -7.356 -1.28951 0.119302
    endloop
  endfacet
  facet normal -0.971461 -0.185319 0.148054
    outer loop
      vertex -7.01267 -1.28499 2.37776
      vertex -7.29244 -1.62245 0.119634
      vertex -6.42097 -1.27721 6.26997
    endloop
  endfacet
  facet normal -0.584287 -0.797939 0.147994
    outer loop
      vertex -4.01079 -6.31574 0.121378
      vertex -4.0187 -6.33246 0
      vertex -4.00894 -6.31708 0.121457
    endloop
  endfacet
  facet normal -0.581307 -0.800101 0.148056
    outer loop
      vertex -2.09329 -3.13283 24.8509
      vertex -2.39034 -2.88942 25
      vertex -2.39948 -2.90876 24.8596
    endloop
  endfacet
  facet normal -0.581315 -0.800099 0.148037
    outer loop
      vertex -2.39034 -2.88942 25
      vertex -2.09329 -3.13283 24.8509
      vertex -2.00935 -3.16623 25
    endloop
  endfacet
  facet normal -0.581429 -0.8 0.148123
    outer loop
      vertex -2.00935 -3.16623 25
      vertex -2.09329 -3.13283 24.8509
      vertex -2.02109 -3.18473 24.854
    endloop
  endfacet
  facet normal -0.581314 -0.800089 0.148092
    outer loop
      vertex -4.76797 -5.76348 0.13293
      vertex -4.78068 -5.77885 0
      vertex -4.28966 -6.11352 0.119324
    endloop
  endfacet
  facet normal -0.581291 -0.800113 0.148053
    outer loop
      vertex -4.05317 -5.8728 2.34871
      vertex -3.89157 -6.01371 2.22168
      vertex -3.64958 -5.46198 6.15346
    endloop
  endfacet
  facet normal -0.58129 -0.800113 0.148055
    outer loop
      vertex -4.28966 -6.11352 0.119324
      vertex -3.89157 -6.01371 2.22168
      vertex -4.05317 -5.8728 2.34871
    endloop
  endfacet
  facet normal -0.581296 -0.800109 0.148056
    outer loop
      vertex -3.89157 -6.01371 2.22168
      vertex -4.28966 -6.11352 0.119324
      vertex -4.02087 -6.3085 0.120953
    endloop
  endfacet
  facet normal -0.581309 -0.800105 0.148029
    outer loop
      vertex -4.0187 -6.33246 0
      vertex -4.28966 -6.11352 0.119324
      vertex -4.78068 -5.77885 0
    endloop
  endfacet
  facet normal -0.581295 -0.800108 0.148067
    outer loop
      vertex -4.28966 -6.11352 0.119324
      vertex -4.0187 -6.33246 0
      vertex -4.02087 -6.3085 0.120953
    endloop
  endfacet
  facet normal -0.581048 -0.80028 0.148106
    outer loop
      vertex -4.02087 -6.3085 0.120953
      vertex -4.0187 -6.33246 0
      vertex -4.01079 -6.31574 0.121378
    endloop
  endfacet
  facet normal -0.58243 -0.799291 0.148018
    outer loop
      vertex -2.39034 -2.88942 25
      vertex -2.40375 -2.90563 24.8597
      vertex -2.39948 -2.90876 24.8596
    endloop
  endfacet
  facet normal -0.891007 -0.453989 0
    outer loop
      vertex 2.9245 0.950227 0
      vertex 2.48773 1.80744 7.999
      vertex 2.48773 1.80744 0
    endloop
  endfacet
  facet normal -0.891007 -0.453989 0
    outer loop
      vertex 2.48773 1.80744 7.999
      vertex 2.9245 0.950227 0
      vertex 2.9245 0.950227 7.999
    endloop
  endfacet
  facet normal -0.987689 -0.156433 0
    outer loop
      vertex 3.075 0 0
      vertex 2.9245 0.950227 7.999
      vertex 2.9245 0.950227 0
    endloop
  endfacet
  facet normal -0.987689 -0.156433 0
    outer loop
      vertex 2.9245 0.950227 7.999
      vertex 3.075 0 0
      vertex 3.075 0 7.999
    endloop
  endfacet
  facet normal -0.707107 -0.707107 0
    outer loop
      vertex 2.48773 1.80744 0
      vertex 1.80744 2.48773 7.999
      vertex 1.80744 2.48773 0
    endloop
  endfacet
  facet normal -0.707107 -0.707107 0
    outer loop
      vertex 1.80744 2.48773 7.999
      vertex 2.48773 1.80744 0
      vertex 2.48773 1.80744 7.999
    endloop
  endfacet
  facet normal -0.156433 -0.987689 0
    outer loop
      vertex 0 3.075 0
      vertex 0.950227 2.9245 7.999
      vertex 0 3.075 7.999
    endloop
  endfacet
  facet normal -0.156433 -0.987689 -0
    outer loop
      vertex 0.950227 2.9245 7.999
      vertex 0 3.075 0
      vertex 0.950227 2.9245 0
    endloop
  endfacet
  facet normal 0.987689 -0.156433 0
    outer loop
      vertex -3.075 0 7.999
      vertex -2.9245 0.950227 0
      vertex -2.9245 0.950227 7.999
    endloop
  endfacet
  facet normal 0.987689 -0.156433 0
    outer loop
      vertex -2.9245 0.950227 0
      vertex -3.075 0 7.999
      vertex -3.075 0 0
    endloop
  endfacet
  facet normal -0.891007 0.453989 0
    outer loop
      vertex 2.48773 -1.80744 0
      vertex 2.9245 -0.950227 7.999
      vertex 2.9245 -0.950227 0
    endloop
  endfacet
  facet normal -0.891007 0.453989 0
    outer loop
      vertex 2.9245 -0.950227 7.999
      vertex 2.48773 -1.80744 0
      vertex 2.48773 -1.80744 7.999
    endloop
  endfacet
  facet normal -0.453989 -0.891007 0
    outer loop
      vertex 0.950227 2.9245 0
      vertex 1.80744 2.48773 7.999
      vertex 0.950227 2.9245 7.999
    endloop
  endfacet
  facet normal -0.453989 -0.891007 -0
    outer loop
      vertex 1.80744 2.48773 7.999
      vertex 0.950227 2.9245 0
      vertex 1.80744 2.48773 0
    endloop
  endfacet
  facet normal 0.453989 -0.891007 0
    outer loop
      vertex -1.80744 2.48773 0
      vertex -0.950227 2.9245 7.999
      vertex -1.80744 2.48773 7.999
    endloop
  endfacet
  facet normal 0.453989 -0.891007 0
    outer loop
      vertex -0.950227 2.9245 7.999
      vertex -1.80744 2.48773 0
      vertex -0.950227 2.9245 0
    endloop
  endfacet
  facet normal 0.156433 0.987689 -0
    outer loop
      vertex 0 -3.075 0
      vertex -0.950227 -2.9245 7.999
      vertex 0 -3.075 7.999
    endloop
  endfacet
  facet normal 0.156433 0.987689 0
    outer loop
      vertex -0.950227 -2.9245 7.999
      vertex 0 -3.075 0
      vertex -0.950227 -2.9245 0
    endloop
  endfacet
  facet normal -0.707107 0.707107 0
    outer loop
      vertex 1.80744 -2.48773 0
      vertex 2.48773 -1.80744 7.999
      vertex 2.48773 -1.80744 0
    endloop
  endfacet
  facet normal -0.707107 0.707107 0
    outer loop
      vertex 2.48773 -1.80744 7.999
      vertex 1.80744 -2.48773 0
      vertex 1.80744 -2.48773 7.999
    endloop
  endfacet
  facet normal 0.891007 0.453989 0
    outer loop
      vertex -2.48773 -1.80744 7.999
      vertex -2.9245 -0.950227 0
      vertex -2.9245 -0.950227 7.999
    endloop
  endfacet
  facet normal 0.891007 0.453989 0
    outer loop
      vertex -2.9245 -0.950227 0
      vertex -2.48773 -1.80744 7.999
      vertex -2.48773 -1.80744 0
    endloop
  endfacet
  facet normal 0.156433 -0.987689 0
    outer loop
      vertex -0.950227 2.9245 0
      vertex 0 3.075 7.999
      vertex -0.950227 2.9245 7.999
    endloop
  endfacet
  facet normal 0.156433 -0.987689 0
    outer loop
      vertex 0 3.075 7.999
      vertex -0.950227 2.9245 0
      vertex 0 3.075 0
    endloop
  endfacet
  facet normal -0.453989 0.891007 0
    outer loop
      vertex 1.80744 -2.48773 0
      vertex 0.950227 -2.9245 7.999
      vertex 1.80744 -2.48773 7.999
    endloop
  endfacet
  facet normal -0.453989 0.891007 0
    outer loop
      vertex 0.950227 -2.9245 7.999
      vertex 1.80744 -2.48773 0
      vertex 0.950227 -2.9245 0
    endloop
  endfacet
  facet normal -0.156433 0.987689 0
    outer loop
      vertex 0.950227 -2.9245 0
      vertex 0 -3.075 7.999
      vertex 0.950227 -2.9245 7.999
    endloop
  endfacet
  facet normal -0.156433 0.987689 0
    outer loop
      vertex 0 -3.075 7.999
      vertex 0.950227 -2.9245 0
      vertex 0 -3.075 0
    endloop
  endfacet
  facet normal 0.987689 0.156433 0
    outer loop
      vertex -2.9245 -0.950227 7.999
      vertex -3.075 0 0
      vertex -3.075 0 7.999
    endloop
  endfacet
  facet normal 0.987689 0.156433 0
    outer loop
      vertex -3.075 0 0
      vertex -2.9245 -0.950227 7.999
      vertex -2.9245 -0.950227 0
    endloop
  endfacet
  facet normal 0.891007 -0.453989 0
    outer loop
      vertex -2.9245 0.950227 7.999
      vertex -2.48773 1.80744 0
      vertex -2.48773 1.80744 7.999
    endloop
  endfacet
  facet normal 0.891007 -0.453989 0
    outer loop
      vertex -2.48773 1.80744 0
      vertex -2.9245 0.950227 7.999
      vertex -2.9245 0.950227 0
    endloop
  endfacet
  facet normal 0.707107 -0.707107 0
    outer loop
      vertex -2.48773 1.80744 7.999
      vertex -1.80744 2.48773 0
      vertex -1.80744 2.48773 7.999
    endloop
  endfacet
  facet normal 0.707107 -0.707107 0
    outer loop
      vertex -1.80744 2.48773 0
      vertex -2.48773 1.80744 7.999
      vertex -2.48773 1.80744 0
    endloop
  endfacet
  facet normal 0 0 -1
    outer loop
      vertex 2.9245 -0.950227 7.999
      vertex 2.9245 0.950227 7.999
      vertex 3.075 0 7.999
    endloop
  endfacet
  facet normal 0 0 -1
    outer loop
      vertex 2.48773 -1.80744 7.999
      vertex 2.9245 0.950227 7.999
      vertex 2.9245 -0.950227 7.999
    endloop
  endfacet
  facet normal 0 0 -1
    outer loop
      vertex 2.48773 -1.80744 7.999
      vertex 2.48773 1.80744 7.999
      vertex 2.9245 0.950227 7.999
    endloop
  endfacet
  facet normal 0 0 -1
    outer loop
      vertex 1.80744 -2.48773 7.999
      vertex 2.48773 1.80744 7.999
      vertex 2.48773 -1.80744 7.999
    endloop
  endfacet
  facet normal 0 0 -1
    outer loop
      vertex 1.80744 -2.48773 7.999
      vertex 1.80744 2.48773 7.999
      vertex 2.48773 1.80744 7.999
    endloop
  endfacet
  facet normal 0 0 -1
    outer loop
      vertex 0.950227 -2.9245 7.999
      vertex 1.80744 2.48773 7.999
      vertex 1.80744 -2.48773 7.999
    endloop
  endfacet
  facet normal 0 0 -1
    outer loop
      vertex 0.950227 -2.9245 7.999
      vertex 0.950227 2.9245 7.999
      vertex 1.80744 2.48773 7.999
    endloop
  endfacet
  facet normal 0 0 -1
    outer loop
      vertex 0 -3.075 7.999
      vertex 0.950227 2.9245 7.999
      vertex 0.950227 -2.9245 7.999
    endloop
  endfacet
  facet normal 0 0 -1
    outer loop
      vertex 0 -3.075 7.999
      vertex 0 3.075 7.999
      vertex 0.950227 2.9245 7.999
    endloop
  endfacet
  facet normal 0 0 -1
    outer loop
      vertex -0.950227 -2.9245 7.999
      vertex 0 3.075 7.999
      vertex 0 -3.075 7.999
    endloop
  endfacet
  facet normal 0 0 -1
    outer loop
      vertex -0.950227 -2.9245 7.999
      vertex -0.950227 2.9245 7.999
      vertex 0 3.075 7.999
    endloop
  endfacet
  facet normal 0 0 -1
    outer loop
      vertex -1.80744 -2.48773 7.999
      vertex -0.950227 2.9245 7.999
      vertex -0.950227 -2.9245 7.999
    endloop
  endfacet
  facet normal 0 0 -1
    outer loop
      vertex -1.80744 -2.48773 7.999
      vertex -1.80744 2.48773 7.999
      vertex -0.950227 2.9245 7.999
    endloop
  endfacet
  facet normal 0 0 -1
    outer loop
      vertex -2.48773 -1.80744 7.999
      vertex -1.80744 2.48773 7.999
      vertex -1.80744 -2.48773 7.999
    endloop
  endfacet
  facet normal 0 0 -1
    outer loop
      vertex -2.48773 -1.80744 7.999
      vertex -2.48773 1.80744 7.999
      vertex -1.80744 2.48773 7.999
    endloop
  endfacet
  facet normal 0 0 -1
    outer loop
      vertex -2.9245 -0.950227 7.999
      vertex -2.48773 1.80744 7.999
      vertex -2.48773 -1.80744 7.999
    endloop
  endfacet
  facet normal 0 0 -1
    outer loop
      vertex -2.9245 -0.950227 7.999
      vertex -2.9245 0.950227 7.999
      vertex -2.48773 1.80744 7.999
    endloop
  endfacet
  facet normal 0 -0 -1
    outer loop
      vertex -2.9245 0.950227 7.999
      vertex -2.9245 -0.950227 7.999
      vertex -3.075 0 7.999
    endloop
  endfacet
  facet normal -0.987689 0.156433 0
    outer loop
      vertex 2.9245 -0.950227 0
      vertex 3.075 0 7.999
      vertex 3.075 0 0
    endloop
  endfacet
  facet normal -0.987689 0.156433 0
    outer loop
      vertex 3.075 0 7.999
      vertex 2.9245 -0.950227 0
      vertex 2.9245 -0.950227 7.999
    endloop
  endfacet
  facet normal 0.707107 0.707107 0
    outer loop
      vertex -1.80744 -2.48773 7.999
      vertex -2.48773 -1.80744 0
      vertex -2.48773 -1.80744 7.999
    endloop
  endfacet
  facet normal 0.707107 0.707107 0
    outer loop
      vertex -2.48773 -1.80744 0
      vertex -1.80744 -2.48773 7.999
      vertex -1.80744 -2.48773 0
    endloop
  endfacet
  facet normal 0.453989 0.891007 -0
    outer loop
      vertex -0.950227 -2.9245 0
      vertex -1.80744 -2.48773 7.999
      vertex -0.950227 -2.9245 7.999
    endloop
  endfacet
  facet normal 0.453989 0.891007 0
    outer loop
      vertex -1.80744 -2.48773 7.999
      vertex -0.950227 -2.9245 0
      vertex -1.80744 -2.48773 0
    endloop
  endfacet
endsolid OpenSCAD_Model
