solid ASCII
  facet normal -8.715550e-02 -9.961947e-01 -0.000000e+00
    outer loop
      vertex   6.251226e+00 6.040707e+00 2.900000e+00
      vertex   5.055792e+00 6.145293e+00 2.900000e+00
      vertex   6.251226e+00 6.040707e+00 -2.900000e+00
    endloop
  endfacet
  facet normal -8.715550e-02 -9.961947e-01 3.500875e-19
    outer loop
      vertex   6.251226e+00 6.040707e+00 -2.900000e+00
      vertex   5.055792e+00 6.145293e+00 2.900000e+00
      vertex   5.055792e+00 6.145293e+00 -2.900000e+00
    endloop
  endfacet
  facet normal 9.235487e-01 3.834811e-01 -0.000000e+00
    outer loop
      vertex   5.369552e+00 9.731594e+00 -2.900000e+00
      vertex   5.369552e+00 9.731594e+00 2.900000e+00
      vertex   5.613525e+00 9.144027e+00 -2.900000e+00
    endloop
  endfacet
  facet normal 9.235487e-01 3.834811e-01 -0.000000e+00
    outer loop
      vertex   5.613525e+00 9.144027e+00 -2.900000e+00
      vertex   5.369552e+00 9.731594e+00 2.900000e+00
      vertex   5.613525e+00 9.144027e+00 2.900000e+00
    endloop
  endfacet
  facet normal 9.460646e-01 3.239780e-01 -0.000000e+00
    outer loop
      vertex   5.613525e+00 9.144027e+00 -2.900000e+00
      vertex   5.613525e+00 9.144027e+00 2.900000e+00
      vertex   5.819642e+00 8.542136e+00 -2.900000e+00
    endloop
  endfacet
  facet normal 9.460646e-01 3.239780e-01 -0.000000e+00
    outer loop
      vertex   5.819642e+00 8.542136e+00 -2.900000e+00
      vertex   5.613525e+00 9.144027e+00 2.900000e+00
      vertex   5.819642e+00 8.542136e+00 2.900000e+00
    endloop
  endfacet
  facet normal 9.647512e-01 2.631637e-01 -0.000000e+00
    outer loop
      vertex   5.819642e+00 8.542136e+00 -2.900000e+00
      vertex   5.819642e+00 8.542136e+00 2.900000e+00
      vertex   5.987068e+00 7.928355e+00 -2.900000e+00
    endloop
  endfacet
  facet normal 9.647512e-01 2.631637e-01 -0.000000e+00
    outer loop
      vertex   5.987068e+00 7.928355e+00 -2.900000e+00
      vertex   5.819642e+00 8.542136e+00 2.900000e+00
      vertex   5.987068e+00 7.928355e+00 2.900000e+00
    endloop
  endfacet
  facet normal 9.795329e-01 2.012841e-01 -0.000000e+00
    outer loop
      vertex   5.987068e+00 7.928355e+00 -2.900000e+00
      vertex   5.987068e+00 7.928355e+00 2.900000e+00
      vertex   6.115126e+00 7.305171e+00 -2.900000e+00
    endloop
  endfacet
  facet normal 9.795329e-01 2.012841e-01 -0.000000e+00
    outer loop
      vertex   6.115126e+00 7.305171e+00 -2.900000e+00
      vertex   5.987068e+00 7.928355e+00 2.900000e+00
      vertex   6.115126e+00 7.305171e+00 2.900000e+00
    endloop
  endfacet
  facet normal 9.903499e-01 1.385898e-01 -0.000000e+00
    outer loop
      vertex   6.115126e+00 7.305171e+00 -2.900000e+00
      vertex   6.115126e+00 7.305171e+00 2.900000e+00
      vertex   6.203298e+00 6.675105e+00 -2.900000e+00
    endloop
  endfacet
  facet normal 9.903499e-01 1.385898e-01 -0.000000e+00
    outer loop
      vertex   6.203298e+00 6.675105e+00 -2.900000e+00
      vertex   6.115126e+00 7.305171e+00 2.900000e+00
      vertex   6.203298e+00 6.675105e+00 2.900000e+00
    endloop
  endfacet
  facet normal 9.971583e-01 7.533462e-02 -0.000000e+00
    outer loop
      vertex   6.203298e+00 6.675105e+00 -2.900000e+00
      vertex   6.203298e+00 6.675105e+00 2.900000e+00
      vertex   6.251226e+00 6.040707e+00 -2.900000e+00
    endloop
  endfacet
  facet normal 9.971583e-01 7.533462e-02 -0.000000e+00
    outer loop
      vertex   6.251226e+00 6.040707e+00 -2.900000e+00
      vertex   6.203298e+00 6.675105e+00 2.900000e+00
      vertex   6.251226e+00 6.040707e+00 2.900000e+00
    endloop
  endfacet
  facet normal 8.715550e-02 9.961947e-01 0.000000e+00
    outer loop
      vertex   1.683632e+00 1.005407e+01 2.900000e+00
      vertex   5.369552e+00 9.731594e+00 2.900000e+00
      vertex   1.683632e+00 1.005407e+01 -2.900000e+00
    endloop
  endfacet
  facet normal 8.715550e-02 9.961947e-01 -3.343362e-18
    outer loop
      vertex   1.683632e+00 1.005407e+01 -2.900000e+00
      vertex   5.369552e+00 9.731594e+00 2.900000e+00
      vertex   5.369552e+00 9.731594e+00 -2.900000e+00
    endloop
  endfacet
  facet normal 9.807853e-01 -1.950903e-01 -4.481250e-17
    outer loop
      vertex   4.319807e+00 -2.267081e+00 2.900000e+00
      vertex   4.319807e+00 -2.267081e+00 -2.900000e+00
      vertex   4.362284e+00 -2.053531e+00 5.551115e-16
    endloop
  endfacet
  facet normal 9.807853e-01 -1.950903e-01 2.406336e-16
    outer loop
      vertex   4.362284e+00 -2.053531e+00 5.551115e-16
      vertex   4.319807e+00 -2.267081e+00 -2.900000e+00
      vertex   4.362284e+00 -2.053531e+00 -2.900000e+00
    endloop
  endfacet
  facet normal 9.153115e-01 -4.027467e-01 1.569824e-16
    outer loop
      vertex   4.362284e+00 -2.053531e+00 5.551115e-16
      vertex   4.362284e+00 -2.053531e+00 -2.900000e+00
      vertex   4.449976e+00 -1.854236e+00 5.551115e-16
    endloop
  endfacet
  facet normal 9.153115e-01 -4.027467e-01 -1.233486e-16
    outer loop
      vertex   4.449976e+00 -1.854236e+00 5.551115e-16
      vertex   4.362284e+00 -2.053531e+00 -2.900000e+00
      vertex   4.449976e+00 -1.854236e+00 -2.900000e+00
    endloop
  endfacet
  facet normal 8.064446e-01 -5.913096e-01 -1.810995e-16
    outer loop
      vertex   4.449976e+00 -1.854236e+00 5.551115e-16
      vertex   4.449976e+00 -1.854236e+00 -2.900000e+00
      vertex   4.578724e+00 -1.678646e+00 5.551115e-16
    endloop
  endfacet
  facet normal 8.064446e-01 -5.913096e-01 -1.358246e-16
    outer loop
      vertex   4.578724e+00 -1.678646e+00 5.551115e-16
      vertex   4.449976e+00 -1.854236e+00 -2.900000e+00
      vertex   4.578724e+00 -1.678646e+00 -2.900000e+00
    endloop
  endfacet
  facet normal 6.593458e-01 -7.518398e-01 -1.726986e-16
    outer loop
      vertex   4.578724e+00 -1.678646e+00 5.551115e-16
      vertex   4.578724e+00 -1.678646e+00 -2.900000e+00
      vertex   4.742425e+00 -1.535084e+00 -2.900000e+00
    endloop
  endfacet
  facet normal 6.593458e-01 -7.518398e-01 -1.726986e-16
    outer loop
      vertex   4.742425e+00 -1.535084e+00 -2.900000e+00
      vertex   4.742425e+00 -1.535084e+00 2.900000e+00
      vertex   4.578724e+00 -1.678646e+00 5.551115e-16
    endloop
  endfacet
  facet normal 6.593458e-01 -7.518398e-01 -1.726986e-16
    outer loop
      vertex   4.578724e+00 -1.678646e+00 5.551115e-16
      vertex   4.742425e+00 -1.535084e+00 2.900000e+00
      vertex   4.578724e+00 -1.678646e+00 2.900000e+00
    endloop
  endfacet
  facet normal 8.064446e-01 -5.913096e-01 -1.358246e-16
    outer loop
      vertex   4.578724e+00 -1.678646e+00 5.551115e-16
      vertex   4.578724e+00 -1.678646e+00 2.900000e+00
      vertex   4.449976e+00 -1.854236e+00 5.551115e-16
    endloop
  endfacet
  facet normal 8.064446e-01 -5.913096e-01 -2.263743e-16
    outer loop
      vertex   4.449976e+00 -1.854236e+00 5.551115e-16
      vertex   4.578724e+00 -1.678646e+00 2.900000e+00
      vertex   4.449976e+00 -1.854236e+00 2.900000e+00
    endloop
  endfacet
  facet normal 9.153115e-01 -4.027467e-01 -1.541857e-16
    outer loop
      vertex   4.449976e+00 -1.854236e+00 5.551115e-16
      vertex   4.449976e+00 -1.854236e+00 2.900000e+00
      vertex   4.362284e+00 -2.053531e+00 5.551115e-16
    endloop
  endfacet
  facet normal 9.153115e-01 -4.027467e-01 -4.036796e-16
    outer loop
      vertex   4.362284e+00 -2.053531e+00 5.551115e-16
      vertex   4.449976e+00 -1.854236e+00 2.900000e+00
      vertex   4.362284e+00 -2.053531e+00 2.900000e+00
    endloop
  endfacet
  facet normal 9.807853e-01 -1.950903e-01 -3.601336e-16
    outer loop
      vertex   4.362284e+00 -2.053531e+00 5.551115e-16
      vertex   4.362284e+00 -2.053531e+00 2.900000e+00
      vertex   4.319807e+00 -2.267081e+00 2.900000e+00
    endloop
  endfacet
  facet normal 5.735764e-01 -8.191520e-01 -1.881603e-16
    outer loop
      vertex   4.742425e+00 -1.535084e+00 -2.900000e+00
      vertex   6.499102e+00 -3.050456e-01 -2.900000e+00
      vertex   4.742425e+00 -1.535084e+00 2.900000e+00
    endloop
  endfacet
  facet normal 5.735764e-01 -8.191520e-01 -2.475717e-16
    outer loop
      vertex   4.742425e+00 -1.535084e+00 2.900000e+00
      vertex   6.499102e+00 -3.050456e-01 -2.900000e+00
      vertex   6.499102e+00 -3.050456e-01 2.900000e+00
    endloop
  endfacet
  facet normal -9.961947e-01 8.715550e-02 0.000000e+00
    outer loop
      vertex   8.207923e-01 1.917421e-01 -2.900000e+00
      vertex   8.207923e-01 1.917421e-01 2.900000e+00
      vertex   1.683632e+00 1.005407e+01 -2.900000e+00
    endloop
  endfacet
  facet normal -9.961947e-01 8.715550e-02 0.000000e+00
    outer loop
      vertex   1.683632e+00 1.005407e+01 -2.900000e+00
      vertex   8.207923e-01 1.917421e-01 2.900000e+00
      vertex   1.683632e+00 1.005407e+01 2.900000e+00
    endloop
  endfacet
  facet normal 1.195674e-16 -1.046076e-17 1.000000e+00
    outer loop
      vertex   4.506713e+00 -1.307332e-01 2.900000e+00
      vertex   5.055792e+00 6.145293e+00 2.900000e+00
      vertex   8.207923e-01 1.917421e-01 2.900000e+00
    endloop
  endfacet
  facet normal 4.738863e-17 4.088289e-17 1.000000e+00
    outer loop
      vertex   8.207923e-01 1.917421e-01 2.900000e+00
      vertex   5.055792e+00 6.145293e+00 2.900000e+00
      vertex   1.683632e+00 1.005407e+01 2.900000e+00
    endloop
  endfacet
  facet normal 0.000000e+00 0.000000e+00 1.000000e+00
    outer loop
      vertex   1.683632e+00 1.005407e+01 2.900000e+00
      vertex   5.055792e+00 6.145293e+00 2.900000e+00
      vertex   5.369552e+00 9.731594e+00 2.900000e+00
    endloop
  endfacet
  facet normal 0.000000e+00 0.000000e+00 1.000000e+00
    outer loop
      vertex   5.369552e+00 9.731594e+00 2.900000e+00
      vertex   5.055792e+00 6.145293e+00 2.900000e+00
      vertex   5.613525e+00 9.144027e+00 2.900000e+00
    endloop
  endfacet
  facet normal 0.000000e+00 0.000000e+00 1.000000e+00
    outer loop
      vertex   5.613525e+00 9.144027e+00 2.900000e+00
      vertex   5.055792e+00 6.145293e+00 2.900000e+00
      vertex   5.819642e+00 8.542136e+00 2.900000e+00
    endloop
  endfacet
  facet normal 0.000000e+00 0.000000e+00 1.000000e+00
    outer loop
      vertex   5.819642e+00 8.542136e+00 2.900000e+00
      vertex   5.055792e+00 6.145293e+00 2.900000e+00
      vertex   5.987068e+00 7.928355e+00 2.900000e+00
    endloop
  endfacet
  facet normal 0.000000e+00 0.000000e+00 1.000000e+00
    outer loop
      vertex   5.987068e+00 7.928355e+00 2.900000e+00
      vertex   5.055792e+00 6.145293e+00 2.900000e+00
      vertex   6.115126e+00 7.305171e+00 2.900000e+00
    endloop
  endfacet
  facet normal 0.000000e+00 0.000000e+00 1.000000e+00
    outer loop
      vertex   6.115126e+00 7.305171e+00 2.900000e+00
      vertex   5.055792e+00 6.145293e+00 2.900000e+00
      vertex   6.203298e+00 6.675105e+00 2.900000e+00
    endloop
  endfacet
  facet normal 0.000000e+00 0.000000e+00 1.000000e+00
    outer loop
      vertex   6.203298e+00 6.675105e+00 2.900000e+00
      vertex   5.055792e+00 6.145293e+00 2.900000e+00
      vertex   6.251226e+00 6.040707e+00 2.900000e+00
    endloop
  endfacet
  facet normal 9.961947e-01 -8.715550e-02 0.000000e+00
    outer loop
      vertex   4.506713e+00 -1.307332e-01 2.900000e+00
      vertex   4.506713e+00 -1.307332e-01 -2.900000e+00
      vertex   5.055792e+00 6.145293e+00 2.900000e+00
    endloop
  endfacet
  facet normal 9.961947e-01 -8.715550e-02 0.000000e+00
    outer loop
      vertex   5.055792e+00 6.145293e+00 2.900000e+00
      vertex   4.506713e+00 -1.307332e-01 -2.900000e+00
      vertex   5.055792e+00 6.145293e+00 -2.900000e+00
    endloop
  endfacet
  facet normal -1.634829e-02 -7.665582e-01 6.419667e-01
    outer loop
      vertex   4.506713e+00 -1.307342e-01 4.900000e+00
      vertex   4.386572e+00 -1.503951e+00 3.257212e+00
      vertex   4.818391e+00 -1.580025e-01 4.875377e+00
    endloop
  endfacet
  facet normal 1.670568e-02 -7.708901e-01 6.367491e-01
    outer loop
      vertex   4.818391e+00 -1.580025e-01 4.875377e+00
      vertex   4.386572e+00 -1.503951e+00 3.257212e+00
      vertex   4.478673e+00 -1.512009e+00 3.245041e+00
    endloop
  endfacet
  facet normal 8.314454e-02 -7.750723e-01 6.263784e-01
    outer loop
      vertex   4.818391e+00 -1.580025e-01 4.875377e+00
      vertex   4.478673e+00 -1.512009e+00 3.245041e+00
      vertex   5.122395e+00 -1.845994e-01 4.802113e+00
    endloop
  endfacet
  facet normal 1.786076e-01 -7.839944e-01 5.945184e-01
    outer loop
      vertex   5.122395e+00 -1.845994e-01 4.802113e+00
      vertex   4.478673e+00 -1.512009e+00 3.245041e+00
      vertex   4.564498e+00 -1.519518e+00 3.209355e+00
    endloop
  endfacet
  facet normal 1.786076e-01 -7.839944e-01 5.945184e-01
    outer loop
      vertex   5.122395e+00 -1.845994e-01 4.802113e+00
      vertex   4.564498e+00 -1.519518e+00 3.209355e+00
      vertex   5.411239e+00 -2.098699e-01 4.682013e+00
    endloop
  endfacet
  facet normal 2.686374e-01 -7.913008e-01 5.492512e-01
    outer loop
      vertex   5.411239e+00 -2.098699e-01 4.682013e+00
      vertex   4.564498e+00 -1.519518e+00 3.209355e+00
      vertex   5.677810e+00 -2.331919e-01 4.518034e+00
    endloop
  endfacet
  facet normal 3.226804e-01 -7.976594e-01 5.095261e-01
    outer loop
      vertex   5.677810e+00 -2.331919e-01 4.518034e+00
      vertex   4.564498e+00 -1.519518e+00 3.209355e+00
      vertex   4.638198e+00 -1.525966e+00 3.152587e+00
    endloop
  endfacet
  facet normal 3.499419e-01 -7.986045e-01 4.896648e-01
    outer loop
      vertex   5.677810e+00 -2.331919e-01 4.518034e+00
      vertex   4.638198e+00 -1.525966e+00 3.152587e+00
      vertex   5.915545e+00 -2.539910e-01 4.314214e+00
    endloop
  endfacet
  facet normal 4.211215e-01 -8.048319e-01 4.182132e-01
    outer loop
      vertex   5.915545e+00 -2.539910e-01 4.314214e+00
      vertex   4.638198e+00 -1.525966e+00 3.152587e+00
      vertex   6.118590e+00 -2.717551e-01 4.075571e+00
    endloop
  endfacet
  facet normal 4.407823e-01 -8.079920e-01 3.909731e-01
    outer loop
      vertex   6.118590e+00 -2.717551e-01 4.075571e+00
      vertex   4.638198e+00 -1.525966e+00 3.152587e+00
      vertex   4.694750e+00 -1.530913e+00 3.078606e+00
    endloop
  endfacet
  facet normal 4.804978e-01 -8.098362e-01 3.365816e-01
    outer loop
      vertex   6.118590e+00 -2.717551e-01 4.075571e+00
      vertex   4.694750e+00 -1.530913e+00 3.078606e+00
      vertex   6.281945e+00 -2.860468e-01 3.807981e+00
    endloop
  endfacet
  facet normal 5.255432e-01 -8.143473e-01 2.462576e-01
    outer loop
      vertex   6.281945e+00 -2.860468e-01 3.807981e+00
      vertex   4.694750e+00 -1.530913e+00 3.078606e+00
      vertex   4.730299e+00 -1.534023e+00 2.992453e+00
    endloop
  endfacet
  facet normal 5.255432e-01 -8.143473e-01 2.462576e-01
    outer loop
      vertex   6.281945e+00 -2.860468e-01 3.807981e+00
      vertex   4.730299e+00 -1.534023e+00 2.992453e+00
      vertex   6.401588e+00 -2.965142e-01 3.518034e+00
    endloop
  endfacet
  facet normal 5.573315e-01 -8.165583e-01 1.503802e-01
    outer loop
      vertex   6.401588e+00 -2.965142e-01 3.518034e+00
      vertex   4.730299e+00 -1.534023e+00 2.992453e+00
      vertex   6.474572e+00 -3.028996e-01 3.212869e+00
    endloop
  endfacet
  facet normal 5.675211e-01 -8.190802e-01 8.382961e-02
    outer loop
      vertex   6.474572e+00 -3.028996e-01 3.212869e+00
      vertex   4.730299e+00 -1.534023e+00 2.992453e+00
      vertex   4.742425e+00 -1.535084e+00 2.900000e+00
    endloop
  endfacet
  facet normal 5.728439e-01 -8.181059e-01 5.052387e-02
    outer loop
      vertex   6.474572e+00 -3.028996e-01 3.212869e+00
      vertex   4.742425e+00 -1.535084e+00 2.900000e+00
      vertex   6.499102e+00 -3.050456e-01 2.900000e+00
    endloop
  endfacet
  facet normal 3.518607e-02 -6.899484e-01 7.230029e-01
    outer loop
      vertex   4.478673e+00 -1.512009e+00 3.245041e+00
      vertex   4.386572e+00 -1.503951e+00 3.257212e+00
      vertex   4.405067e+00 -1.663453e+00 3.104102e+00
    endloop
  endfacet
  facet normal -3.628534e-03 -6.927180e-01 7.211994e-01
    outer loop
      vertex   4.405067e+00 -1.663453e+00 3.104102e+00
      vertex   4.386572e+00 -1.503951e+00 3.257212e+00
      vertex   4.372864e+00 -1.660636e+00 3.106647e+00
    endloop
  endfacet
  facet normal 2.176372e-02 -5.214842e-01 8.529833e-01
    outer loop
      vertex   4.405067e+00 -1.663453e+00 3.104102e+00
      vertex   4.372864e+00 -1.660636e+00 3.106647e+00
      vertex   4.356640e+00 -1.846071e+00 2.993692e+00
    endloop
  endfacet
  facet normal 2.176372e-02 -5.214842e-01 8.529833e-01
    outer loop
      vertex   4.405067e+00 -1.663453e+00 3.104102e+00
      vertex   4.356640e+00 -1.846071e+00 2.993692e+00
      vertex   4.371241e+00 -1.847348e+00 2.992539e+00
    endloop
  endfacet
  facet normal 4.609829e-02 -3.258081e-01 9.443114e-01
    outer loop
      vertex   4.371241e+00 -1.847348e+00 2.992539e+00
      vertex   4.356640e+00 -1.846071e+00 2.993692e+00
      vertex   4.338671e+00 -2.051465e+00 2.923704e+00
    endloop
  endfacet
  facet normal 4.609829e-02 -3.258081e-01 9.443114e-01
    outer loop
      vertex   4.371241e+00 -1.847348e+00 2.992539e+00
      vertex   4.338671e+00 -2.051465e+00 2.923704e+00
      vertex   4.342365e+00 -2.051788e+00 2.923412e+00
    endloop
  endfacet
  facet normal 6.823934e-02 -1.149200e-01 9.910281e-01
    outer loop
      vertex   4.342365e+00 -2.051788e+00 2.923412e+00
      vertex   4.338671e+00 -2.051465e+00 2.923704e+00
      vertex   4.319807e+00 -2.267081e+00 2.900000e+00
    endloop
  endfacet
  facet normal 9.777975e-01 -1.944960e-01 7.799561e-02
    outer loop
      vertex   4.319807e+00 -2.267081e+00 2.900000e+00
      vertex   4.362284e+00 -2.053531e+00 2.900000e+00
      vertex   4.361994e+00 -2.053505e+00 2.903708e+00
    endloop
  endfacet
  facet normal 9.127802e-01 -4.016329e-01 7.431892e-02
    outer loop
      vertex   4.361994e+00 -2.053505e+00 2.903708e+00
      vertex   4.362284e+00 -2.053531e+00 2.900000e+00
      vertex   4.449976e+00 -1.854236e+00 2.900000e+00
    endloop
  endfacet
  facet normal 9.127802e-01 -4.016329e-01 7.431892e-02
    outer loop
      vertex   4.361994e+00 -2.053505e+00 2.903708e+00
      vertex   4.449976e+00 -1.854236e+00 2.900000e+00
      vertex   4.448827e+00 -1.854136e+00 2.914657e+00
    endloop
  endfacet
  facet normal 8.046254e-01 -5.899757e-01 6.713124e-02
    outer loop
      vertex   4.448827e+00 -1.854136e+00 2.914657e+00
      vertex   4.449976e+00 -1.854236e+00 2.900000e+00
      vertex   4.578724e+00 -1.678646e+00 2.900000e+00
    endloop
  endfacet
  facet normal 8.046254e-01 -5.899757e-01 6.713124e-02
    outer loop
      vertex   4.448827e+00 -1.854136e+00 2.914657e+00
      vertex   4.578724e+00 -1.678646e+00 2.900000e+00
      vertex   4.576189e+00 -1.678424e+00 2.932327e+00
    endloop
  endfacet
  facet normal 6.582829e-01 -7.506277e-01 5.675963e-02
    outer loop
      vertex   4.576189e+00 -1.678424e+00 2.932327e+00
      vertex   4.578724e+00 -1.678646e+00 2.900000e+00
      vertex   4.742425e+00 -1.535084e+00 2.900000e+00
    endloop
  endfacet
  facet normal 6.606148e-01 -7.446663e-01 9.518514e-02
    outer loop
      vertex   4.576189e+00 -1.678424e+00 2.932327e+00
      vertex   4.742425e+00 -1.535084e+00 2.900000e+00
      vertex   4.730299e+00 -1.534023e+00 2.992453e+00
    endloop
  endfacet
  facet normal 6.382128e-01 -7.512259e-01 1.683571e-01
    outer loop
      vertex   4.576189e+00 -1.678424e+00 2.932327e+00
      vertex   4.730299e+00 -1.534023e+00 2.992453e+00
      vertex   4.568648e+00 -1.677765e+00 2.963857e+00
    endloop
  endfacet
  facet normal 6.102048e-01 -7.416536e-01 2.785678e-01
    outer loop
      vertex   4.568648e+00 -1.677765e+00 2.963857e+00
      vertex   4.730299e+00 -1.534023e+00 2.992453e+00
      vertex   4.694750e+00 -1.530913e+00 3.078606e+00
    endloop
  endfacet
  facet normal 6.102048e-01 -7.416536e-01 2.785678e-01
    outer loop
      vertex   4.568648e+00 -1.677765e+00 2.963857e+00
      vertex   4.694750e+00 -1.530913e+00 3.078606e+00
      vertex   4.556286e+00 -1.676683e+00 2.993816e+00
    endloop
  endfacet
  facet normal 5.521941e-01 -7.437002e-01 3.768177e-01
    outer loop
      vertex   4.556286e+00 -1.676683e+00 2.993816e+00
      vertex   4.694750e+00 -1.530913e+00 3.078606e+00
      vertex   4.539408e+00 -1.675206e+00 3.021464e+00
    endloop
  endfacet
  facet normal 6.816486e-01 -5.792167e-01 4.470607e-01
    outer loop
      vertex   4.556286e+00 -1.676683e+00 2.993816e+00
      vertex   4.539408e+00 -1.675206e+00 3.021464e+00
      vertex   4.432150e+00 -1.852677e+00 2.955071e+00
    endloop
  endfacet
  facet normal 6.030314e-01 -5.723386e-01 5.556813e-01
    outer loop
      vertex   4.432150e+00 -1.852677e+00 2.955071e+00
      vertex   4.539408e+00 -1.675206e+00 3.021464e+00
      vertex   4.422638e+00 -1.851845e+00 2.966250e+00
    endloop
  endfacet
  facet normal 6.896017e-01 -3.821073e-01 6.151776e-01
    outer loop
      vertex   4.432150e+00 -1.852677e+00 2.955071e+00
      vertex   4.422638e+00 -1.851845e+00 2.966250e+00
      vertex   4.355368e+00 -2.052925e+00 2.916761e+00
    endloop
  endfacet
  facet normal 5.848988e-01 -3.729470e-01 7.202804e-01
    outer loop
      vertex   4.355368e+00 -2.052925e+00 2.916761e+00
      vertex   4.422638e+00 -1.851845e+00 2.966250e+00
      vertex   4.352550e+00 -2.052679e+00 2.919177e+00
    endloop
  endfacet
  facet normal 6.336953e-01 -1.643910e-01 7.559139e-01
    outer loop
      vertex   4.355368e+00 -2.052925e+00 2.916761e+00
      vertex   4.352550e+00 -2.052679e+00 2.919177e+00
      vertex   4.319807e+00 -2.267081e+00 2.900000e+00
    endloop
  endfacet
  facet normal 5.167079e-01 -7.320761e-01 4.439342e-01
    outer loop
      vertex   4.694750e+00 -1.530913e+00 3.078606e+00
      vertex   4.638198e+00 -1.525966e+00 3.152587e+00
      vertex   4.539408e+00 -1.675206e+00 3.021464e+00
    endloop
  endfacet
  facet normal 4.878346e-01 -7.357155e-01 4.698299e-01
    outer loop
      vertex   4.539408e+00 -1.675206e+00 3.021464e+00
      vertex   4.638198e+00 -1.525966e+00 3.152587e+00
      vertex   4.518429e+00 -1.673371e+00 3.046121e+00
    endloop
  endfacet
  facet normal 6.030314e-01 -5.723386e-01 5.556813e-01
    outer loop
      vertex   4.539408e+00 -1.675206e+00 3.021464e+00
      vertex   4.518429e+00 -1.673371e+00 3.046121e+00
      vertex   4.422638e+00 -1.851845e+00 2.966250e+00
    endloop
  endfacet
  facet normal 5.084547e-01 -5.640642e-01 6.506192e-01
    outer loop
      vertex   4.422638e+00 -1.851845e+00 2.966250e+00
      vertex   4.518429e+00 -1.673371e+00 3.046121e+00
      vertex   4.411501e+00 -1.850870e+00 2.975799e+00
    endloop
  endfacet
  facet normal 5.848988e-01 -3.729470e-01 7.202804e-01
    outer loop
      vertex   4.422638e+00 -1.851845e+00 2.966250e+00
      vertex   4.411501e+00 -1.850870e+00 2.975799e+00
      vertex   4.352550e+00 -2.052679e+00 2.919177e+00
    endloop
  endfacet
  facet normal 4.651059e-01 -3.624665e-01 8.076476e-01
    outer loop
      vertex   4.352550e+00 -2.052679e+00 2.919177e+00
      vertex   4.411501e+00 -1.850870e+00 2.975799e+00
      vertex   4.349391e+00 -2.052402e+00 2.921120e+00
    endloop
  endfacet
  facet normal 5.079760e-01 -1.533920e-01 8.476033e-01
    outer loop
      vertex   4.352550e+00 -2.052679e+00 2.919177e+00
      vertex   4.349391e+00 -2.052402e+00 2.921120e+00
      vertex   4.319807e+00 -2.267081e+00 2.900000e+00
    endloop
  endfacet
  facet normal 4.078699e-01 -7.287194e-01 5.501001e-01
    outer loop
      vertex   4.518429e+00 -1.673371e+00 3.046121e+00
      vertex   4.638198e+00 -1.525966e+00 3.152587e+00
      vertex   4.493865e+00 -1.671222e+00 3.067181e+00
    endloop
  endfacet
  facet normal 3.826080e-01 -7.203438e-01 5.785463e-01
    outer loop
      vertex   4.493865e+00 -1.671222e+00 3.067181e+00
      vertex   4.638198e+00 -1.525966e+00 3.152587e+00
      vertex   4.564498e+00 -1.519518e+00 3.209355e+00
    endloop
  endfacet
  facet normal 3.150073e-01 -7.229491e-01 6.149106e-01
    outer loop
      vertex   4.493865e+00 -1.671222e+00 3.067181e+00
      vertex   4.564498e+00 -1.519518e+00 3.209355e+00
      vertex   4.466322e+00 -1.668812e+00 3.084124e+00
    endloop
  endfacet
  facet normal 2.177496e-01 -7.073182e-01 6.725222e-01
    outer loop
      vertex   4.466322e+00 -1.668812e+00 3.084124e+00
      vertex   4.564498e+00 -1.519518e+00 3.209355e+00
      vertex   4.478673e+00 -1.512009e+00 3.245041e+00
    endloop
  endfacet
  facet normal 2.177496e-01 -7.073182e-01 6.725222e-01
    outer loop
      vertex   4.466322e+00 -1.668812e+00 3.084124e+00
      vertex   4.478673e+00 -1.512009e+00 3.245041e+00
      vertex   4.436478e+00 -1.666201e+00 3.096533e+00
    endloop
  endfacet
  facet normal 1.073399e-01 -7.047805e-01 7.012578e-01
    outer loop
      vertex   4.436478e+00 -1.666201e+00 3.096533e+00
      vertex   4.478673e+00 -1.512009e+00 3.245041e+00
      vertex   4.405067e+00 -1.663453e+00 3.104102e+00
    endloop
  endfacet
  facet normal 1.538686e-01 -5.330419e-01 8.319800e-01
    outer loop
      vertex   4.436478e+00 -1.666201e+00 3.096533e+00
      vertex   4.405067e+00 -1.663453e+00 3.104102e+00
      vertex   4.371241e+00 -1.847348e+00 2.992539e+00
    endloop
  endfacet
  facet normal 2.217238e-01 -1.283481e-01 9.666257e-01
    outer loop
      vertex   4.342365e+00 -2.051788e+00 2.923412e+00
      vertex   4.319807e+00 -2.267081e+00 2.900000e+00
      vertex   4.345968e+00 -2.052103e+00 2.922544e+00
    endloop
  endfacet
  facet normal 3.695157e-01 -1.412783e-01 9.184218e-01
    outer loop
      vertex   4.345968e+00 -2.052103e+00 2.922544e+00
      vertex   4.319807e+00 -2.267081e+00 2.900000e+00
      vertex   4.349391e+00 -2.052402e+00 2.921120e+00
    endloop
  endfacet
  facet normal 7.435780e-01 -1.740045e-01 6.456115e-01
    outer loop
      vertex   4.355368e+00 -2.052925e+00 2.916761e+00
      vertex   4.319807e+00 -2.267081e+00 2.900000e+00
      vertex   4.357774e+00 -2.053136e+00 2.913933e+00
    endloop
  endfacet
  facet normal 8.349184e-01 -1.819957e-01 5.194120e-01
    outer loop
      vertex   4.357774e+00 -2.053136e+00 2.913933e+00
      vertex   4.319807e+00 -2.267081e+00 2.900000e+00
      vertex   4.359711e+00 -2.053305e+00 2.910761e+00
    endloop
  endfacet
  facet normal 9.054675e-01 -1.881680e-01 3.804228e-01
    outer loop
      vertex   4.359711e+00 -2.053305e+00 2.910761e+00
      vertex   4.319807e+00 -2.267081e+00 2.900000e+00
      vertex   4.361129e+00 -2.053429e+00 2.907325e+00
    endloop
  endfacet
  facet normal 9.534880e-01 -1.923692e-01 2.320663e-01
    outer loop
      vertex   4.361129e+00 -2.053429e+00 2.907325e+00
      vertex   4.319807e+00 -2.267081e+00 2.900000e+00
      vertex   4.361994e+00 -2.053505e+00 2.903708e+00
    endloop
  endfacet
  facet normal 1.923475e-01 -3.386032e-01 9.210593e-01
    outer loop
      vertex   4.371241e+00 -1.847348e+00 2.992539e+00
      vertex   4.342365e+00 -2.051788e+00 2.923412e+00
      vertex   4.385482e+00 -1.848594e+00 2.989107e+00
    endloop
  endfacet
  facet normal 1.923475e-01 -3.386032e-01 9.210593e-01
    outer loop
      vertex   4.385482e+00 -1.848594e+00 2.989107e+00
      vertex   4.342365e+00 -2.051788e+00 2.923412e+00
      vertex   4.345968e+00 -2.052103e+00 2.922544e+00
    endloop
  endfacet
  facet normal 3.331726e-01 -3.509238e-01 8.751277e-01
    outer loop
      vertex   4.385482e+00 -1.848594e+00 2.989107e+00
      vertex   4.345968e+00 -2.052103e+00 2.922544e+00
      vertex   4.399014e+00 -1.849778e+00 2.983480e+00
    endloop
  endfacet
  facet normal 3.331726e-01 -3.509238e-01 8.751277e-01
    outer loop
      vertex   4.399014e+00 -1.849778e+00 2.983480e+00
      vertex   4.345968e+00 -2.052103e+00 2.922544e+00
      vertex   4.349391e+00 -2.052402e+00 2.921120e+00
    endloop
  endfacet
  facet normal 4.651059e-01 -3.624665e-01 8.076476e-01
    outer loop
      vertex   4.399014e+00 -1.849778e+00 2.983480e+00
      vertex   4.349391e+00 -2.052402e+00 2.921120e+00
      vertex   4.411501e+00 -1.850870e+00 2.975799e+00
    endloop
  endfacet
  facet normal 8.896166e-01 -3.996064e-01 2.211268e-01
    outer loop
      vertex   4.361129e+00 -2.053429e+00 2.907325e+00
      vertex   4.361994e+00 -2.053505e+00 2.903708e+00
      vertex   4.448827e+00 -1.854136e+00 2.914657e+00
    endloop
  endfacet
  facet normal 7.837020e-01 -5.881452e-01 1.997407e-01
    outer loop
      vertex   4.448827e+00 -1.854136e+00 2.914657e+00
      vertex   4.576189e+00 -1.678424e+00 2.932327e+00
      vertex   4.445408e+00 -1.853837e+00 2.928952e+00
    endloop
  endfacet
  facet normal 7.837020e-01 -5.881452e-01 1.997407e-01
    outer loop
      vertex   4.445408e+00 -1.853837e+00 2.928952e+00
      vertex   4.576189e+00 -1.678424e+00 2.932327e+00
      vertex   4.568648e+00 -1.677765e+00 2.963857e+00
    endloop
  endfacet
  facet normal 7.423705e-01 -5.845291e-01 3.274319e-01
    outer loop
      vertex   4.445408e+00 -1.853837e+00 2.928952e+00
      vertex   4.568648e+00 -1.677765e+00 2.963857e+00
      vertex   4.439803e+00 -1.853346e+00 2.942535e+00
    endloop
  endfacet
  facet normal 7.423705e-01 -5.845291e-01 3.274319e-01
    outer loop
      vertex   4.439803e+00 -1.853346e+00 2.942535e+00
      vertex   4.568648e+00 -1.677765e+00 2.963857e+00
      vertex   4.556286e+00 -1.676683e+00 2.993816e+00
    endloop
  endfacet
  facet normal 6.816486e-01 -5.792167e-01 4.470607e-01
    outer loop
      vertex   4.439803e+00 -1.853346e+00 2.942535e+00
      vertex   4.556286e+00 -1.676683e+00 2.993816e+00
      vertex   4.432150e+00 -1.852677e+00 2.955071e+00
    endloop
  endfacet
  facet normal 8.438598e-01 -3.956031e-01 3.624898e-01
    outer loop
      vertex   4.359711e+00 -2.053305e+00 2.910761e+00
      vertex   4.361129e+00 -2.053429e+00 2.907325e+00
      vertex   4.445408e+00 -1.853837e+00 2.928952e+00
    endloop
  endfacet
  facet normal 8.896166e-01 -3.996064e-01 2.211268e-01
    outer loop
      vertex   4.445408e+00 -1.853837e+00 2.928952e+00
      vertex   4.361129e+00 -2.053429e+00 2.907325e+00
      vertex   4.448827e+00 -1.854136e+00 2.914657e+00
    endloop
  endfacet
  facet normal 8.438598e-01 -3.956031e-01 3.624898e-01
    outer loop
      vertex   4.359711e+00 -2.053305e+00 2.910761e+00
      vertex   4.445408e+00 -1.853837e+00 2.928952e+00
      vertex   4.439803e+00 -1.853346e+00 2.942535e+00
    endloop
  endfacet
  facet normal 7.766364e-01 -3.897219e-01 4.949271e-01
    outer loop
      vertex   4.359711e+00 -2.053305e+00 2.910761e+00
      vertex   4.439803e+00 -1.853346e+00 2.942535e+00
      vertex   4.357774e+00 -2.053136e+00 2.913933e+00
    endloop
  endfacet
  facet normal 7.766364e-01 -3.897219e-01 4.949271e-01
    outer loop
      vertex   4.357774e+00 -2.053136e+00 2.913933e+00
      vertex   4.439803e+00 -1.853346e+00 2.942535e+00
      vertex   4.432150e+00 -1.852677e+00 2.955071e+00
    endloop
  endfacet
  facet normal 6.896017e-01 -3.821073e-01 6.151776e-01
    outer loop
      vertex   4.357774e+00 -2.053136e+00 2.913933e+00
      vertex   4.432150e+00 -1.852677e+00 2.955071e+00
      vertex   4.355368e+00 -2.052925e+00 2.916761e+00
    endloop
  endfacet
  facet normal 4.002474e-01 -5.545973e-01 7.295368e-01
    outer loop
      vertex   4.399014e+00 -1.849778e+00 2.983480e+00
      vertex   4.411501e+00 -1.850870e+00 2.975799e+00
      vertex   4.493865e+00 -1.671222e+00 3.067181e+00
    endloop
  endfacet
  facet normal 5.084547e-01 -5.640642e-01 6.506192e-01
    outer loop
      vertex   4.493865e+00 -1.671222e+00 3.067181e+00
      vertex   4.411501e+00 -1.850870e+00 2.975799e+00
      vertex   4.518429e+00 -1.673371e+00 3.046121e+00
    endloop
  endfacet
  facet normal 2.810739e-01 -5.441709e-01 7.904907e-01
    outer loop
      vertex   4.385482e+00 -1.848594e+00 2.989107e+00
      vertex   4.399014e+00 -1.849778e+00 2.983480e+00
      vertex   4.466322e+00 -1.668812e+00 3.084124e+00
    endloop
  endfacet
  facet normal 4.002474e-01 -5.545973e-01 7.295368e-01
    outer loop
      vertex   4.466322e+00 -1.668812e+00 3.084124e+00
      vertex   4.399014e+00 -1.849778e+00 2.983480e+00
      vertex   4.493865e+00 -1.671222e+00 3.067181e+00
    endloop
  endfacet
  facet normal 2.810739e-01 -5.441709e-01 7.904907e-01
    outer loop
      vertex   4.466322e+00 -1.668812e+00 3.084124e+00
      vertex   4.436478e+00 -1.666201e+00 3.096533e+00
      vertex   4.385482e+00 -1.848594e+00 2.989107e+00
    endloop
  endfacet
  facet normal 1.538686e-01 -5.330419e-01 8.319800e-01
    outer loop
      vertex   4.385482e+00 -1.848594e+00 2.989107e+00
      vertex   4.436478e+00 -1.666201e+00 3.096533e+00
      vertex   4.371241e+00 -1.847348e+00 2.992539e+00
    endloop
  endfacet
  facet normal -9.488373e-03 -1.084526e-01 9.940563e-01
    outer loop
      vertex   6.338862e-01 -1.944604e+00 2.900000e+00
      vertex   4.319807e+00 -2.267081e+00 2.900000e+00
      vertex   6.527501e-01 -1.728988e+00 2.923704e+00
    endloop
  endfacet
  facet normal -9.488373e-03 -1.084526e-01 9.940563e-01
    outer loop
      vertex   6.527501e-01 -1.728988e+00 2.923704e+00
      vertex   4.319807e+00 -2.267081e+00 2.900000e+00
      vertex   4.338671e+00 -2.051465e+00 2.923704e+00
    endloop
  endfacet
  facet normal -2.801530e-02 -3.202163e-01 9.469301e-01
    outer loop
      vertex   6.527501e-01 -1.728988e+00 2.923704e+00
      vertex   4.338671e+00 -2.051465e+00 2.923704e+00
      vertex   6.707198e-01 -1.523594e+00 2.993692e+00
    endloop
  endfacet
  facet normal -2.801530e-02 -3.202163e-01 9.469301e-01
    outer loop
      vertex   6.707198e-01 -1.523594e+00 2.993692e+00
      vertex   4.338671e+00 -2.051465e+00 2.923704e+00
      vertex   4.356640e+00 -1.846071e+00 2.993692e+00
    endloop
  endfacet
  facet normal -4.521407e-02 -5.167992e-01 8.549119e-01
    outer loop
      vertex   6.707198e-01 -1.523594e+00 2.993692e+00
      vertex   4.356640e+00 -1.846071e+00 2.993692e+00
      vertex   6.869432e-01 -1.338159e+00 3.106647e+00
    endloop
  endfacet
  facet normal -4.521407e-02 -5.167992e-01 8.549119e-01
    outer loop
      vertex   6.869432e-01 -1.338159e+00 3.106647e+00
      vertex   4.356640e+00 -1.846071e+00 2.993692e+00
      vertex   4.372864e+00 -1.660636e+00 3.106647e+00
    endloop
  endfacet
  facet normal -6.026933e-02 -6.888816e-01 7.223640e-01
    outer loop
      vertex   6.869432e-01 -1.338159e+00 3.106647e+00
      vertex   4.372864e+00 -1.660636e+00 3.106647e+00
      vertex   7.006513e-01 -1.181475e+00 3.257212e+00
    endloop
  endfacet
  facet normal -6.026933e-02 -6.888816e-01 7.223640e-01
    outer loop
      vertex   7.006513e-01 -1.181475e+00 3.257212e+00
      vertex   4.372864e+00 -1.660636e+00 3.106647e+00
      vertex   4.386572e+00 -1.503951e+00 3.257212e+00
    endloop
  endfacet
  facet normal 8.715550e-02 9.961947e-01 2.806484e-16
    outer loop
      vertex   8.207923e-01 1.917421e-01 2.900000e+00
      vertex   8.207923e-01 1.917421e-01 4.900000e+00
      vertex   4.506713e+00 -1.307332e-01 2.900000e+00
    endloop
  endfacet
  facet normal 8.715574e-02 9.961947e-01 4.550596e-07
    outer loop
      vertex   4.506713e+00 -1.307332e-01 2.900000e+00
      vertex   8.207923e-01 1.917421e-01 4.900000e+00
      vertex   4.506713e+00 -1.307342e-01 4.900000e+00
    endloop
  endfacet
  facet normal 8.715578e-02 9.961947e-01 4.550596e-07
    outer loop
      vertex   4.506713e+00 -1.307332e-01 2.900000e+00
      vertex   4.506713e+00 -1.307342e-01 4.900000e+00
      vertex   4.818391e+00 -1.580025e-01 4.875377e+00
    endloop
  endfacet
  facet normal 8.715585e-02 9.961947e-01 4.438545e-07
    outer loop
      vertex   4.818391e+00 -1.580025e-01 4.875377e+00
      vertex   5.122395e+00 -1.845994e-01 4.802113e+00
      vertex   4.506713e+00 -1.307332e-01 2.900000e+00
    endloop
  endfacet
  facet normal 8.715592e-02 9.961947e-01 4.217202e-07
    outer loop
      vertex   4.506713e+00 -1.307332e-01 2.900000e+00
      vertex   5.122395e+00 -1.845994e-01 4.802113e+00
      vertex   5.411239e+00 -2.098699e-01 4.682013e+00
    endloop
  endfacet
  facet normal 8.715598e-02 9.961947e-01 3.892018e-07
    outer loop
      vertex   4.506713e+00 -1.307332e-01 2.900000e+00
      vertex   5.411239e+00 -2.098699e-01 4.682013e+00
      vertex   5.677810e+00 -2.331919e-01 4.518034e+00
    endloop
  endfacet
  facet normal 8.715604e-02 9.961947e-01 3.471000e-07
    outer loop
      vertex   5.677810e+00 -2.331919e-01 4.518034e+00
      vertex   5.915545e+00 -2.539910e-01 4.314214e+00
      vertex   4.506713e+00 -1.307332e-01 2.900000e+00
    endloop
  endfacet
  facet normal 8.715609e-02 9.961947e-01 2.964514e-07
    outer loop
      vertex   4.506713e+00 -1.307332e-01 2.900000e+00
      vertex   5.915545e+00 -2.539910e-01 4.314214e+00
      vertex   6.118590e+00 -2.717551e-01 4.075571e+00
    endloop
  endfacet
  facet normal 8.715613e-02 9.961947e-01 2.385032e-07
    outer loop
      vertex   4.506713e+00 -1.307332e-01 2.900000e+00
      vertex   6.118590e+00 -2.717551e-01 4.075571e+00
      vertex   6.281945e+00 -2.860468e-01 3.807981e+00
    endloop
  endfacet
  facet normal 8.715616e-02 9.961947e-01 1.746822e-07
    outer loop
      vertex   6.281945e+00 -2.860468e-01 3.807981e+00
      vertex   6.401588e+00 -2.965142e-01 3.518034e+00
      vertex   4.506713e+00 -1.307332e-01 2.900000e+00
    endloop
  endfacet
  facet normal 8.715618e-02 9.961947e-01 1.065600e-07
    outer loop
      vertex   4.506713e+00 -1.307332e-01 2.900000e+00
      vertex   6.401588e+00 -2.965142e-01 3.518034e+00
      vertex   6.474572e+00 -3.028996e-01 3.212869e+00
    endloop
  endfacet
  facet normal 8.715620e-02 9.961947e-01 3.581397e-08
    outer loop
      vertex   4.506713e+00 -1.307332e-01 2.900000e+00
      vertex   6.474572e+00 -3.028996e-01 3.212869e+00
      vertex   6.499102e+00 -3.050456e-01 2.900000e+00
    endloop
  endfacet
  facet normal 8.715620e-02 9.961947e-01 2.669651e-16
    outer loop
      vertex   6.499102e+00 -3.050456e-01 -2.900000e+00
      vertex   4.506713e+00 -1.307332e-01 -2.900000e+00
      vertex   6.499102e+00 -3.050456e-01 2.900000e+00
    endloop
  endfacet
  facet normal 8.715620e-02 9.961947e-01 -2.386779e-18
    outer loop
      vertex   6.499102e+00 -3.050456e-01 2.900000e+00
      vertex   4.506713e+00 -1.307332e-01 -2.900000e+00
      vertex   4.506713e+00 -1.307332e-01 2.900000e+00
    endloop
  endfacet
  facet normal -6.676517e-02 -7.631294e-01 6.427876e-01
    outer loop
      vertex   4.386572e+00 -1.503951e+00 3.257212e+00
      vertex   4.506713e+00 -1.307342e-01 4.900000e+00
      vertex   7.006513e-01 -1.181475e+00 3.257212e+00
    endloop
  endfacet
  facet normal -6.676517e-02 -7.631294e-01 6.427876e-01
    outer loop
      vertex   7.006513e-01 -1.181475e+00 3.257212e+00
      vertex   4.506713e+00 -1.307342e-01 4.900000e+00
      vertex   8.207923e-01 1.917421e-01 4.900000e+00
    endloop
  endfacet
  facet normal -9.961947e-01 8.715574e-02 0.000000e+00
    outer loop
      vertex   2.083716e-01 -6.808258e+00 2.900000e+00
      vertex   6.338862e-01 -1.944604e+00 2.900000e+00
      vertex   2.083716e-01 -6.808258e+00 -2.900000e+00
    endloop
  endfacet
  facet normal -9.961947e-01 8.715574e-02 4.201894e-17
    outer loop
      vertex   2.083716e-01 -6.808258e+00 -2.900000e+00
      vertex   6.338862e-01 -1.944604e+00 2.900000e+00
      vertex   8.207923e-01 1.917421e-01 -2.900000e+00
    endloop
  endfacet
  facet normal -9.961947e-01 8.715574e-02 1.964443e-18
    outer loop
      vertex   8.207923e-01 1.917421e-01 -2.900000e+00
      vertex   6.338862e-01 -1.944604e+00 2.900000e+00
      vertex   6.527501e-01 -1.728988e+00 2.923704e+00
    endloop
  endfacet
  facet normal -9.961947e-01 8.715574e-02 1.363395e-16
    outer loop
      vertex   8.207923e-01 1.917421e-01 -2.900000e+00
      vertex   6.527501e-01 -1.728988e+00 2.923704e+00
      vertex   6.707198e-01 -1.523594e+00 2.993692e+00
    endloop
  endfacet
  facet normal -9.961947e-01 8.715574e-02 0.000000e+00
    outer loop
      vertex   8.207923e-01 1.917421e-01 -2.900000e+00
      vertex   6.707198e-01 -1.523594e+00 2.993692e+00
      vertex   8.207923e-01 1.917421e-01 2.900000e+00
    endloop
  endfacet
  facet normal -9.961947e-01 8.715574e-02 2.322926e-16
    outer loop
      vertex   8.207923e-01 1.917421e-01 2.900000e+00
      vertex   6.707198e-01 -1.523594e+00 2.993692e+00
      vertex   6.869432e-01 -1.338159e+00 3.106647e+00
    endloop
  endfacet
  facet normal -9.961947e-01 8.715574e-02 7.292500e-16
    outer loop
      vertex   8.207923e-01 1.917421e-01 2.900000e+00
      vertex   6.869432e-01 -1.338159e+00 3.106647e+00
      vertex   7.006513e-01 -1.181475e+00 3.257212e+00
    endloop
  endfacet
  facet normal -9.961947e-01 8.715574e-02 1.434284e-16
    outer loop
      vertex   7.006513e-01 -1.181475e+00 3.257212e+00
      vertex   8.207923e-01 1.917421e-01 4.900000e+00
      vertex   8.207923e-01 1.917421e-01 2.900000e+00
    endloop
  endfacet
  facet normal 9.961947e-01 -8.715574e-02 -2.001979e-17
    outer loop
      vertex   4.319807e+00 -2.267081e+00 -2.900000e+00
      vertex   4.319807e+00 -2.267081e+00 2.900000e+00
      vertex   3.894292e+00 -7.130733e+00 -2.900000e+00
    endloop
  endfacet
  facet normal 9.961947e-01 -8.715574e-02 0.000000e+00
    outer loop
      vertex   3.894292e+00 -7.130733e+00 -2.900000e+00
      vertex   4.319807e+00 -2.267081e+00 2.900000e+00
      vertex   3.894292e+00 -7.130733e+00 2.900000e+00
    endloop
  endfacet
  facet normal -8.762697e-01 -4.818210e-01 0.000000e+00
    outer loop
      vertex   9.503441e-01 -9.971085e+00 -2.900000e+00
      vertex   9.503441e-01 -9.971085e+00 2.900000e+00
      vertex   7.230034e-01 -9.557629e+00 -2.900000e+00
    endloop
  endfacet
  facet normal -8.762697e-01 -4.818210e-01 0.000000e+00
    outer loop
      vertex   7.230034e-01 -9.557629e+00 -2.900000e+00
      vertex   9.503441e-01 -9.971085e+00 2.900000e+00
      vertex   7.230034e-01 -9.557629e+00 2.900000e+00
    endloop
  endfacet
  facet normal -9.163367e-01 -4.004086e-01 0.000000e+00
    outer loop
      vertex   7.230034e-01 -9.557629e+00 -2.900000e+00
      vertex   7.230034e-01 -9.557629e+00 2.900000e+00
      vertex   5.340760e-01 -9.125268e+00 -2.900000e+00
    endloop
  endfacet
  facet normal -9.163367e-01 -4.004086e-01 0.000000e+00
    outer loop
      vertex   5.340760e-01 -9.125268e+00 -2.900000e+00
      vertex   7.230034e-01 -9.557629e+00 2.900000e+00
      vertex   5.340760e-01 -9.125268e+00 2.900000e+00
    endloop
  endfacet
  facet normal -9.488592e-01 -3.156995e-01 0.000000e+00
    outer loop
      vertex   5.340760e-01 -9.125268e+00 -2.900000e+00
      vertex   5.340760e-01 -9.125268e+00 2.900000e+00
      vertex   3.851175e-01 -8.677561e+00 -2.900000e+00
    endloop
  endfacet
  facet normal -9.488592e-01 -3.156995e-01 0.000000e+00
    outer loop
      vertex   3.851175e-01 -8.677561e+00 -2.900000e+00
      vertex   5.340760e-01 -9.125268e+00 2.900000e+00
      vertex   3.851175e-01 -8.677561e+00 2.900000e+00
    endloop
  endfacet
  facet normal -9.735694e-01 -2.283912e-01 0.000000e+00
    outer loop
      vertex   3.851175e-01 -8.677561e+00 -2.900000e+00
      vertex   3.851175e-01 -8.677561e+00 2.900000e+00
      vertex   2.773542e-01 -8.218196e+00 -2.900000e+00
    endloop
  endfacet
  facet normal -9.735694e-01 -2.283912e-01 0.000000e+00
    outer loop
      vertex   2.773542e-01 -8.218196e+00 -2.900000e+00
      vertex   3.851175e-01 -8.677561e+00 2.900000e+00
      vertex   2.773542e-01 -8.218196e+00 2.900000e+00
    endloop
  endfacet
  facet normal -9.902639e-01 -1.392024e-01 0.000000e+00
    outer loop
      vertex   2.773542e-01 -8.218196e+00 -2.900000e+00
      vertex   2.773542e-01 -8.218196e+00 2.900000e+00
      vertex   2.116735e-01 -7.750953e+00 -2.900000e+00
    endloop
  endfacet
  facet normal -9.902639e-01 -1.392024e-01 0.000000e+00
    outer loop
      vertex   2.116735e-01 -7.750953e+00 -2.900000e+00
      vertex   2.773542e-01 -8.218196e+00 2.900000e+00
      vertex   2.116735e-01 -7.750953e+00 2.900000e+00
    endloop
  endfacet
  facet normal -9.988053e-01 -4.886754e-02 0.000000e+00
    outer loop
      vertex   2.116735e-01 -7.750953e+00 -2.900000e+00
      vertex   2.116735e-01 -7.750953e+00 2.900000e+00
      vertex   1.886160e-01 -7.279681e+00 -2.900000e+00
    endloop
  endfacet
  facet normal -9.988053e-01 -4.886754e-02 0.000000e+00
    outer loop
      vertex   1.886160e-01 -7.279681e+00 -2.900000e+00
      vertex   2.116735e-01 -7.750953e+00 2.900000e+00
      vertex   1.886160e-01 -7.279681e+00 2.900000e+00
    endloop
  endfacet
  facet normal -9.991231e-01 4.186968e-02 0.000000e+00
    outer loop
      vertex   1.886160e-01 -7.279681e+00 -2.900000e+00
      vertex   1.886160e-01 -7.279681e+00 2.900000e+00
      vertex   2.083716e-01 -6.808258e+00 -2.900000e+00
    endloop
  endfacet
  facet normal -9.991231e-01 4.186968e-02 0.000000e+00
    outer loop
      vertex   2.083716e-01 -6.808258e+00 -2.900000e+00
      vertex   1.886160e-01 -7.279681e+00 2.900000e+00
      vertex   2.083716e-01 -6.808258e+00 2.900000e+00
    endloop
  endfacet
  facet normal 8.921595e-01 4.517205e-01 0.000000e+00
    outer loop
      vertex   4.000805e+00 -7.830737e+00 2.900000e+00
      vertex   4.108322e+00 -8.043087e+00 2.900000e+00
      vertex   4.000805e+00 -7.830737e+00 0.000000e+00
    endloop
  endfacet
  facet normal 8.921595e-01 4.517205e-01 -6.329434e-20
    outer loop
      vertex   4.000805e+00 -7.830737e+00 0.000000e+00
      vertex   4.108322e+00 -8.043087e+00 2.900000e+00
      vertex   4.108322e+00 -8.043087e+00 -2.900000e+00
    endloop
  endfacet
  facet normal 8.921595e-01 4.517205e-01 0.000000e+00
    outer loop
      vertex   4.000805e+00 -7.830737e+00 0.000000e+00
      vertex   4.108322e+00 -8.043087e+00 -2.900000e+00
      vertex   4.000805e+00 -7.830737e+00 -2.900000e+00
    endloop
  endfacet
  facet normal 9.523802e-01 3.049132e-01 0.000000e+00
    outer loop
      vertex   4.000805e+00 -7.830737e+00 0.000000e+00
      vertex   4.000805e+00 -7.830737e+00 -2.900000e+00
      vertex   3.928230e+00 -7.604054e+00 0.000000e+00
    endloop
  endfacet
  facet normal 9.523802e-01 3.049132e-01 -1.458420e-16
    outer loop
      vertex   3.928230e+00 -7.604054e+00 0.000000e+00
      vertex   4.000805e+00 -7.830737e+00 -2.900000e+00
      vertex   3.928230e+00 -7.604054e+00 -2.900000e+00
    endloop
  endfacet
  facet normal 9.886209e-01 1.504284e-01 -1.513917e-16
    outer loop
      vertex   3.928230e+00 -7.604054e+00 0.000000e+00
      vertex   3.928230e+00 -7.604054e+00 -2.900000e+00
      vertex   3.892425e+00 -7.368744e+00 0.000000e+00
    endloop
  endfacet
  facet normal 9.886209e-01 1.504284e-01 0.000000e+00
    outer loop
      vertex   3.892425e+00 -7.368744e+00 0.000000e+00
      vertex   3.928230e+00 -7.604054e+00 -2.900000e+00
      vertex   3.892425e+00 -7.368744e+00 -2.900000e+00
    endloop
  endfacet
  facet normal 9.999692e-01 -7.843910e-03 0.000000e+00
    outer loop
      vertex   3.892425e+00 -7.368744e+00 0.000000e+00
      vertex   3.892425e+00 -7.368744e+00 -2.900000e+00
      vertex   3.894292e+00 -7.130733e+00 -2.900000e+00
    endloop
  endfacet
  facet normal 9.999692e-01 -7.843910e-03 0.000000e+00
    outer loop
      vertex   3.894292e+00 -7.130733e+00 -2.900000e+00
      vertex   3.894292e+00 -7.130733e+00 2.900000e+00
      vertex   3.892425e+00 -7.368744e+00 0.000000e+00
    endloop
  endfacet
  facet normal 9.999692e-01 -7.843910e-03 0.000000e+00
    outer loop
      vertex   3.892425e+00 -7.368744e+00 0.000000e+00
      vertex   3.894292e+00 -7.130733e+00 2.900000e+00
      vertex   3.892425e+00 -7.368744e+00 2.900000e+00
    endloop
  endfacet
  facet normal 9.886209e-01 1.504284e-01 -0.000000e+00
    outer loop
      vertex   3.892425e+00 -7.368744e+00 0.000000e+00
      vertex   3.892425e+00 -7.368744e+00 2.900000e+00
      vertex   3.928230e+00 -7.604054e+00 0.000000e+00
    endloop
  endfacet
  facet normal 9.886209e-01 1.504284e-01 1.513917e-16
    outer loop
      vertex   3.928230e+00 -7.604054e+00 0.000000e+00
      vertex   3.892425e+00 -7.368744e+00 2.900000e+00
      vertex   3.928230e+00 -7.604054e+00 2.900000e+00
    endloop
  endfacet
  facet normal 9.523802e-01 3.049132e-01 1.458420e-16
    outer loop
      vertex   3.928230e+00 -7.604054e+00 0.000000e+00
      vertex   3.928230e+00 -7.604054e+00 2.900000e+00
      vertex   4.000805e+00 -7.830737e+00 0.000000e+00
    endloop
  endfacet
  facet normal 9.523802e-01 3.049132e-01 -0.000000e+00
    outer loop
      vertex   4.000805e+00 -7.830737e+00 0.000000e+00
      vertex   3.928230e+00 -7.604054e+00 2.900000e+00
      vertex   4.000805e+00 -7.830737e+00 2.900000e+00
    endloop
  endfacet
  facet normal -9.989570e-01 -4.566048e-02 0.000000e+00
    outer loop
      vertex   1.800000e+00 -1.299335e+01 -2.900000e+00
      vertex   1.800000e+00 -1.299335e+01 2.900000e+00
      vertex   1.775815e+00 -1.246424e+01 -2.900000e+00
    endloop
  endfacet
  facet normal -9.989570e-01 -4.566048e-02 0.000000e+00
    outer loop
      vertex   1.775815e+00 -1.246424e+01 -2.900000e+00
      vertex   1.800000e+00 -1.299335e+01 2.900000e+00
      vertex   1.775815e+00 -1.246424e+01 2.900000e+00
    endloop
  endfacet
  facet normal -9.906262e-01 -1.366006e-01 0.000000e+00
    outer loop
      vertex   1.775815e+00 -1.246424e+01 -2.900000e+00
      vertex   1.775815e+00 -1.246424e+01 2.900000e+00
      vertex   1.703463e+00 -1.193955e+01 -2.900000e+00
    endloop
  endfacet
  facet normal -9.906262e-01 -1.366006e-01 0.000000e+00
    outer loop
      vertex   1.703463e+00 -1.193955e+01 -2.900000e+00
      vertex   1.775815e+00 -1.246424e+01 2.900000e+00
      vertex   1.703463e+00 -1.193955e+01 2.900000e+00
    endloop
  endfacet
  facet normal -9.740340e-01 -2.264016e-01 0.000000e+00
    outer loop
      vertex   1.703463e+00 -1.193955e+01 -2.900000e+00
      vertex   1.703463e+00 -1.193955e+01 2.900000e+00
      vertex   1.583547e+00 -1.142364e+01 -2.900000e+00
    endloop
  endfacet
  facet normal -9.740340e-01 -2.264016e-01 0.000000e+00
    outer loop
      vertex   1.583547e+00 -1.142364e+01 -2.900000e+00
      vertex   1.703463e+00 -1.193955e+01 2.900000e+00
      vertex   1.583547e+00 -1.142364e+01 2.900000e+00
    endloop
  endfacet
  facet normal -9.493189e-01 -3.143145e-01 0.000000e+00
    outer loop
      vertex   1.583547e+00 -1.142364e+01 -2.900000e+00
      vertex   1.583547e+00 -1.142364e+01 2.900000e+00
      vertex   1.417067e+00 -1.092082e+01 -2.900000e+00
    endloop
  endfacet
  facet normal -9.493189e-01 -3.143145e-01 0.000000e+00
    outer loop
      vertex   1.417067e+00 -1.092082e+01 -2.900000e+00
      vertex   1.583547e+00 -1.142364e+01 2.900000e+00
      vertex   1.417067e+00 -1.092082e+01 2.900000e+00
    endloop
  endfacet
  facet normal -9.166869e-01 -3.996062e-01 0.000000e+00
    outer loop
      vertex   1.417067e+00 -1.092082e+01 -2.900000e+00
      vertex   1.417067e+00 -1.092082e+01 2.900000e+00
      vertex   1.205411e+00 -1.043529e+01 -2.900000e+00
    endloop
  endfacet
  facet normal -9.166869e-01 -3.996062e-01 0.000000e+00
    outer loop
      vertex   1.205411e+00 -1.043529e+01 -2.900000e+00
      vertex   1.417067e+00 -1.092082e+01 2.900000e+00
      vertex   1.205411e+00 -1.043529e+01 2.900000e+00
    endloop
  endfacet
  facet normal -8.764102e-01 -4.815653e-01 0.000000e+00
    outer loop
      vertex   1.205411e+00 -1.043529e+01 -2.900000e+00
      vertex   1.205411e+00 -1.043529e+01 2.900000e+00
      vertex   9.503441e-01 -9.971085e+00 -2.900000e+00
    endloop
  endfacet
  facet normal -8.764102e-01 -4.815653e-01 0.000000e+00
    outer loop
      vertex   9.503441e-01 -9.971085e+00 -2.900000e+00
      vertex   1.205411e+00 -1.043529e+01 2.900000e+00
      vertex   9.503441e-01 -9.971085e+00 2.900000e+00
    endloop
  endfacet
  facet normal 9.994133e-01 3.425057e-02 0.000000e+00
    outer loop
      vertex   5.500000e+00 -1.299335e+01 2.900000e+00
      vertex   5.500000e+00 -1.299335e+01 -2.900000e+00
      vertex   5.477711e+00 -1.234297e+01 2.900000e+00
    endloop
  endfacet
  facet normal 9.994133e-01 3.425057e-02 0.000000e+00
    outer loop
      vertex   5.477711e+00 -1.234297e+01 2.900000e+00
      vertex   5.500000e+00 -1.299335e+01 -2.900000e+00
      vertex   5.477711e+00 -1.234297e+01 -2.900000e+00
    endloop
  endfacet
  facet normal 9.947236e-01 1.025910e-01 0.000000e+00
    outer loop
      vertex   5.477711e+00 -1.234297e+01 2.900000e+00
      vertex   5.477711e+00 -1.234297e+01 -2.900000e+00
      vertex   5.410949e+00 -1.169564e+01 2.900000e+00
    endloop
  endfacet
  facet normal 9.947236e-01 1.025910e-01 0.000000e+00
    outer loop
      vertex   5.410949e+00 -1.169564e+01 2.900000e+00
      vertex   5.477711e+00 -1.234297e+01 -2.900000e+00
      vertex   5.410949e+00 -1.169564e+01 -2.900000e+00
    endloop
  endfacet
  facet normal 9.853663e-01 1.704500e-01 0.000000e+00
    outer loop
      vertex   5.410949e+00 -1.169564e+01 2.900000e+00
      vertex   5.410949e+00 -1.169564e+01 -2.900000e+00
      vertex   5.300027e+00 -1.105441e+01 2.900000e+00
    endloop
  endfacet
  facet normal 9.853663e-01 1.704500e-01 0.000000e+00
    outer loop
      vertex   5.300027e+00 -1.105441e+01 2.900000e+00
      vertex   5.410949e+00 -1.169564e+01 -2.900000e+00
      vertex   5.300027e+00 -1.105441e+01 -2.900000e+00
    endloop
  endfacet
  facet normal 9.713853e-01 2.375092e-01 0.000000e+00
    outer loop
      vertex   5.300027e+00 -1.105441e+01 2.900000e+00
      vertex   5.300027e+00 -1.105441e+01 -2.900000e+00
      vertex   5.145465e+00 -1.042227e+01 2.900000e+00
    endloop
  endfacet
  facet normal 9.713853e-01 2.375092e-01 0.000000e+00
    outer loop
      vertex   5.145465e+00 -1.042227e+01 2.900000e+00
      vertex   5.300027e+00 -1.105441e+01 -2.900000e+00
      vertex   5.145465e+00 -1.042227e+01 -2.900000e+00
    endloop
  endfacet
  facet normal 9.528461e-01 3.034539e-01 0.000000e+00
    outer loop
      vertex   5.145465e+00 -1.042227e+01 2.900000e+00
      vertex   5.145465e+00 -1.042227e+01 -2.900000e+00
      vertex   4.947989e+00 -9.802193e+00 2.900000e+00
    endloop
  endfacet
  facet normal 9.528461e-01 3.034539e-01 0.000000e+00
    outer loop
      vertex   4.947989e+00 -9.802193e+00 2.900000e+00
      vertex   5.145465e+00 -1.042227e+01 -2.900000e+00
      vertex   4.947989e+00 -9.802193e+00 -2.900000e+00
    endloop
  endfacet
  facet normal 9.298358e-01 3.679747e-01 0.000000e+00
    outer loop
      vertex   4.947989e+00 -9.802193e+00 2.900000e+00
      vertex   4.947989e+00 -9.802193e+00 -2.900000e+00
      vertex   4.708526e+00 -9.197092e+00 2.900000e+00
    endloop
  endfacet
  facet normal 9.298358e-01 3.679747e-01 0.000000e+00
    outer loop
      vertex   4.708526e+00 -9.197092e+00 2.900000e+00
      vertex   4.947989e+00 -9.802193e+00 -2.900000e+00
      vertex   4.708526e+00 -9.197092e+00 -2.900000e+00
    endloop
  endfacet
  facet normal 9.024623e-01 4.307688e-01 0.000000e+00
    outer loop
      vertex   4.708526e+00 -9.197092e+00 2.900000e+00
      vertex   4.708526e+00 -9.197092e+00 -2.900000e+00
      vertex   4.428198e+00 -8.609805e+00 2.900000e+00
    endloop
  endfacet
  facet normal 9.024623e-01 4.307688e-01 0.000000e+00
    outer loop
      vertex   4.428198e+00 -8.609805e+00 2.900000e+00
      vertex   4.708526e+00 -9.197092e+00 -2.900000e+00
      vertex   4.428198e+00 -8.609805e+00 -2.900000e+00
    endloop
  endfacet
  facet normal 8.708541e-01 4.915415e-01 0.000000e+00
    outer loop
      vertex   4.428198e+00 -8.609805e+00 2.900000e+00
      vertex   4.428198e+00 -8.609805e+00 -2.900000e+00
      vertex   4.108322e+00 -8.043087e+00 2.900000e+00
    endloop
  endfacet
  facet normal 8.708541e-01 4.915415e-01 0.000000e+00
    outer loop
      vertex   4.108322e+00 -8.043087e+00 2.900000e+00
      vertex   4.428198e+00 -8.609805e+00 -2.900000e+00
      vertex   4.108322e+00 -8.043087e+00 -2.900000e+00
    endloop
  endfacet
  facet normal -1.000000e+00 8.442259e-15 0.000000e+00
    outer loop
      vertex   1.800000e+00 -2.509207e+01 -2.900000e+00
      vertex   1.800000e+00 -2.509207e+01 2.900000e+00
      vertex   1.800000e+00 -1.299335e+01 -2.900000e+00
    endloop
  endfacet
  facet normal -1.000000e+00 8.442259e-15 0.000000e+00
    outer loop
      vertex   1.800000e+00 -1.299335e+01 -2.900000e+00
      vertex   1.800000e+00 -2.509207e+01 2.900000e+00
      vertex   1.800000e+00 -1.299335e+01 2.900000e+00
    endloop
  endfacet
  facet normal 1.000000e+00 -8.442259e-15 0.000000e+00
    outer loop
      vertex   5.500000e+00 -2.509207e+01 2.900000e+00
      vertex   5.500000e+00 -2.509207e+01 -2.900000e+00
      vertex   5.500000e+00 -1.299335e+01 2.900000e+00
    endloop
  endfacet
  facet normal 1.000000e+00 -8.442259e-15 0.000000e+00
    outer loop
      vertex   5.500000e+00 -1.299335e+01 2.900000e+00
      vertex   5.500000e+00 -2.509207e+01 -2.900000e+00
      vertex   5.500000e+00 -1.299335e+01 -2.900000e+00
    endloop
  endfacet
  facet normal 8.715550e-02 -9.961947e-01 0.000000e+00
    outer loop
      vertex   -5.055792e+00 6.145293e+00 2.900000e+00
      vertex   -6.251226e+00 6.040707e+00 2.900000e+00
      vertex   -5.055792e+00 6.145293e+00 -2.900000e+00
    endloop
  endfacet
  facet normal 8.715550e-02 -9.961947e-01 -3.500875e-19
    outer loop
      vertex   -5.055792e+00 6.145293e+00 -2.900000e+00
      vertex   -6.251226e+00 6.040707e+00 2.900000e+00
      vertex   -6.251226e+00 6.040707e+00 -2.900000e+00
    endloop
  endfacet
  facet normal -9.971583e-01 7.533462e-02 0.000000e+00
    outer loop
      vertex   -6.251226e+00 6.040707e+00 -2.900000e+00
      vertex   -6.251226e+00 6.040707e+00 2.900000e+00
      vertex   -6.203298e+00 6.675105e+00 -2.900000e+00
    endloop
  endfacet
  facet normal -9.971583e-01 7.533462e-02 0.000000e+00
    outer loop
      vertex   -6.203298e+00 6.675105e+00 -2.900000e+00
      vertex   -6.251226e+00 6.040707e+00 2.900000e+00
      vertex   -6.203298e+00 6.675105e+00 2.900000e+00
    endloop
  endfacet
  facet normal -9.903499e-01 1.385898e-01 0.000000e+00
    outer loop
      vertex   -6.203298e+00 6.675105e+00 -2.900000e+00
      vertex   -6.203298e+00 6.675105e+00 2.900000e+00
      vertex   -6.115126e+00 7.305171e+00 -2.900000e+00
    endloop
  endfacet
  facet normal -9.903499e-01 1.385898e-01 0.000000e+00
    outer loop
      vertex   -6.115126e+00 7.305171e+00 -2.900000e+00
      vertex   -6.203298e+00 6.675105e+00 2.900000e+00
      vertex   -6.115126e+00 7.305171e+00 2.900000e+00
    endloop
  endfacet
  facet normal -9.795329e-01 2.012841e-01 0.000000e+00
    outer loop
      vertex   -6.115126e+00 7.305171e+00 -2.900000e+00
      vertex   -6.115126e+00 7.305171e+00 2.900000e+00
      vertex   -5.987068e+00 7.928355e+00 -2.900000e+00
    endloop
  endfacet
  facet normal -9.795329e-01 2.012841e-01 0.000000e+00
    outer loop
      vertex   -5.987068e+00 7.928355e+00 -2.900000e+00
      vertex   -6.115126e+00 7.305171e+00 2.900000e+00
      vertex   -5.987068e+00 7.928355e+00 2.900000e+00
    endloop
  endfacet
  facet normal -9.647512e-01 2.631637e-01 0.000000e+00
    outer loop
      vertex   -5.987068e+00 7.928355e+00 -2.900000e+00
      vertex   -5.987068e+00 7.928355e+00 2.900000e+00
      vertex   -5.819642e+00 8.542136e+00 -2.900000e+00
    endloop
  endfacet
  facet normal -9.647512e-01 2.631637e-01 0.000000e+00
    outer loop
      vertex   -5.819642e+00 8.542136e+00 -2.900000e+00
      vertex   -5.987068e+00 7.928355e+00 2.900000e+00
      vertex   -5.819642e+00 8.542136e+00 2.900000e+00
    endloop
  endfacet
  facet normal -9.460646e-01 3.239780e-01 0.000000e+00
    outer loop
      vertex   -5.819642e+00 8.542136e+00 -2.900000e+00
      vertex   -5.819642e+00 8.542136e+00 2.900000e+00
      vertex   -5.613525e+00 9.144027e+00 -2.900000e+00
    endloop
  endfacet
  facet normal -9.460646e-01 3.239780e-01 0.000000e+00
    outer loop
      vertex   -5.613525e+00 9.144027e+00 -2.900000e+00
      vertex   -5.819642e+00 8.542136e+00 2.900000e+00
      vertex   -5.613525e+00 9.144027e+00 2.900000e+00
    endloop
  endfacet
  facet normal -9.235487e-01 3.834811e-01 0.000000e+00
    outer loop
      vertex   -5.613525e+00 9.144027e+00 -2.900000e+00
      vertex   -5.613525e+00 9.144027e+00 2.900000e+00
      vertex   -5.369552e+00 9.731594e+00 -2.900000e+00
    endloop
  endfacet
  facet normal -9.235487e-01 3.834811e-01 0.000000e+00
    outer loop
      vertex   -5.369552e+00 9.731594e+00 -2.900000e+00
      vertex   -5.613525e+00 9.144027e+00 2.900000e+00
      vertex   -5.369552e+00 9.731594e+00 2.900000e+00
    endloop
  endfacet
  facet normal -8.715550e-02 9.961947e-01 0.000000e+00
    outer loop
      vertex   -5.369552e+00 9.731594e+00 2.900000e+00
      vertex   -1.683632e+00 1.005407e+01 2.900000e+00
      vertex   -5.369552e+00 9.731594e+00 -2.900000e+00
    endloop
  endfacet
  facet normal -8.715550e-02 9.961947e-01 3.343362e-18
    outer loop
      vertex   -5.369552e+00 9.731594e+00 -2.900000e+00
      vertex   -1.683632e+00 1.005407e+01 2.900000e+00
      vertex   -1.683632e+00 1.005407e+01 -2.900000e+00
    endloop
  endfacet
  facet normal -6.593458e-01 -7.518398e-01 -1.726986e-16
    outer loop
      vertex   -4.742425e+00 -1.535084e+00 2.900000e+00
      vertex   -4.742425e+00 -1.535084e+00 -2.900000e+00
      vertex   -4.578724e+00 -1.678646e+00 0.000000e+00
    endloop
  endfacet
  facet normal -6.593458e-01 -7.518398e-01 -1.726986e-16
    outer loop
      vertex   -4.578724e+00 -1.678646e+00 0.000000e+00
      vertex   -4.742425e+00 -1.535084e+00 -2.900000e+00
      vertex   -4.578724e+00 -1.678646e+00 -2.900000e+00
    endloop
  endfacet
  facet normal -8.064446e-01 -5.913096e-01 -1.358246e-16
    outer loop
      vertex   -4.578724e+00 -1.678646e+00 0.000000e+00
      vertex   -4.578724e+00 -1.678646e+00 -2.900000e+00
      vertex   -4.449976e+00 -1.854236e+00 0.000000e+00
    endloop
  endfacet
  facet normal -8.064446e-01 -5.913096e-01 -1.810995e-16
    outer loop
      vertex   -4.449976e+00 -1.854236e+00 0.000000e+00
      vertex   -4.578724e+00 -1.678646e+00 -2.900000e+00
      vertex   -4.449976e+00 -1.854236e+00 -2.900000e+00
    endloop
  endfacet
  facet normal -9.153115e-01 -4.027467e-01 -1.233486e-16
    outer loop
      vertex   -4.449976e+00 -1.854236e+00 0.000000e+00
      vertex   -4.449976e+00 -1.854236e+00 -2.900000e+00
      vertex   -4.362284e+00 -2.053531e+00 0.000000e+00
    endloop
  endfacet
  facet normal -9.153115e-01 -4.027467e-01 1.569824e-16
    outer loop
      vertex   -4.362284e+00 -2.053531e+00 0.000000e+00
      vertex   -4.449976e+00 -1.854236e+00 -2.900000e+00
      vertex   -4.362284e+00 -2.053531e+00 -2.900000e+00
    endloop
  endfacet
  facet normal -9.807853e-01 -1.950903e-01 2.406336e-16
    outer loop
      vertex   -4.362284e+00 -2.053531e+00 0.000000e+00
      vertex   -4.362284e+00 -2.053531e+00 -2.900000e+00
      vertex   -4.319807e+00 -2.267081e+00 -2.900000e+00
    endloop
  endfacet
  facet normal -9.807853e-01 -1.950903e-01 -4.481250e-17
    outer loop
      vertex   -4.319807e+00 -2.267081e+00 -2.900000e+00
      vertex   -4.319807e+00 -2.267081e+00 2.900000e+00
      vertex   -4.362284e+00 -2.053531e+00 0.000000e+00
    endloop
  endfacet
  facet normal -9.807853e-01 -1.950903e-01 -3.601336e-16
    outer loop
      vertex   -4.362284e+00 -2.053531e+00 0.000000e+00
      vertex   -4.319807e+00 -2.267081e+00 2.900000e+00
      vertex   -4.362284e+00 -2.053531e+00 2.900000e+00
    endloop
  endfacet
  facet normal -9.153115e-01 -4.027467e-01 -4.036796e-16
    outer loop
      vertex   -4.362284e+00 -2.053531e+00 0.000000e+00
      vertex   -4.362284e+00 -2.053531e+00 2.900000e+00
      vertex   -4.449976e+00 -1.854236e+00 0.000000e+00
    endloop
  endfacet
  facet normal -9.153115e-01 -4.027467e-01 -1.541857e-16
    outer loop
      vertex   -4.449976e+00 -1.854236e+00 0.000000e+00
      vertex   -4.362284e+00 -2.053531e+00 2.900000e+00
      vertex   -4.449976e+00 -1.854236e+00 2.900000e+00
    endloop
  endfacet
  facet normal -8.064446e-01 -5.913096e-01 -2.263743e-16
    outer loop
      vertex   -4.449976e+00 -1.854236e+00 0.000000e+00
      vertex   -4.449976e+00 -1.854236e+00 2.900000e+00
      vertex   -4.578724e+00 -1.678646e+00 0.000000e+00
    endloop
  endfacet
  facet normal -8.064446e-01 -5.913096e-01 -1.358246e-16
    outer loop
      vertex   -4.578724e+00 -1.678646e+00 0.000000e+00
      vertex   -4.449976e+00 -1.854236e+00 2.900000e+00
      vertex   -4.578724e+00 -1.678646e+00 2.900000e+00
    endloop
  endfacet
  facet normal -6.593458e-01 -7.518398e-01 -1.726986e-16
    outer loop
      vertex   -4.578724e+00 -1.678646e+00 0.000000e+00
      vertex   -4.578724e+00 -1.678646e+00 2.900000e+00
      vertex   -4.742425e+00 -1.535084e+00 2.900000e+00
    endloop
  endfacet
  facet normal -5.735764e-01 -8.191520e-01 -2.195204e-16
    outer loop
      vertex   -6.499102e+00 -3.050456e-01 -2.900000e+00
      vertex   -4.742425e+00 -1.535084e+00 -2.900000e+00
      vertex   -6.499102e+00 -3.050456e-01 2.900000e+00
    endloop
  endfacet
  facet normal -5.735764e-01 -8.191520e-01 -1.808742e-16
    outer loop
      vertex   -6.499102e+00 -3.050456e-01 2.900000e+00
      vertex   -4.742425e+00 -1.535084e+00 -2.900000e+00
      vertex   -4.742425e+00 -1.535084e+00 2.900000e+00
    endloop
  endfacet
  facet normal 9.961947e-01 8.715550e-02 0.000000e+00
    outer loop
      vertex   -8.207923e-01 1.917421e-01 2.900000e+00
      vertex   -8.207923e-01 1.917421e-01 -2.900000e+00
      vertex   -1.683632e+00 1.005407e+01 2.900000e+00
    endloop
  endfacet
  facet normal 9.961947e-01 8.715550e-02 0.000000e+00
    outer loop
      vertex   -1.683632e+00 1.005407e+01 2.900000e+00
      vertex   -8.207923e-01 1.917421e-01 -2.900000e+00
      vertex   -1.683632e+00 1.005407e+01 -2.900000e+00
    endloop
  endfacet
  facet normal -1.195674e-16 -1.046076e-17 1.000000e+00
    outer loop
      vertex   -4.506713e+00 -1.307332e-01 2.900000e+00
      vertex   -8.207923e-01 1.917421e-01 2.900000e+00
      vertex   -5.055792e+00 6.145293e+00 2.900000e+00
    endloop
  endfacet
  facet normal -4.738863e-17 4.088289e-17 1.000000e+00
    outer loop
      vertex   -5.055792e+00 6.145293e+00 2.900000e+00
      vertex   -8.207923e-01 1.917421e-01 2.900000e+00
      vertex   -1.683632e+00 1.005407e+01 2.900000e+00
    endloop
  endfacet
  facet normal 0.000000e+00 -0.000000e+00 1.000000e+00
    outer loop
      vertex   -5.055792e+00 6.145293e+00 2.900000e+00
      vertex   -1.683632e+00 1.005407e+01 2.900000e+00
      vertex   -5.369552e+00 9.731594e+00 2.900000e+00
    endloop
  endfacet
  facet normal 0.000000e+00 0.000000e+00 1.000000e+00
    outer loop
      vertex   -5.369552e+00 9.731594e+00 2.900000e+00
      vertex   -5.613525e+00 9.144027e+00 2.900000e+00
      vertex   -5.055792e+00 6.145293e+00 2.900000e+00
    endloop
  endfacet
  facet normal 0.000000e+00 0.000000e+00 1.000000e+00
    outer loop
      vertex   -5.055792e+00 6.145293e+00 2.900000e+00
      vertex   -5.613525e+00 9.144027e+00 2.900000e+00
      vertex   -5.819642e+00 8.542136e+00 2.900000e+00
    endloop
  endfacet
  facet normal 0.000000e+00 0.000000e+00 1.000000e+00
    outer loop
      vertex   -5.055792e+00 6.145293e+00 2.900000e+00
      vertex   -5.819642e+00 8.542136e+00 2.900000e+00
      vertex   -5.987068e+00 7.928355e+00 2.900000e+00
    endloop
  endfacet
  facet normal 0.000000e+00 0.000000e+00 1.000000e+00
    outer loop
      vertex   -5.987068e+00 7.928355e+00 2.900000e+00
      vertex   -6.115126e+00 7.305171e+00 2.900000e+00
      vertex   -5.055792e+00 6.145293e+00 2.900000e+00
    endloop
  endfacet
  facet normal 0.000000e+00 0.000000e+00 1.000000e+00
    outer loop
      vertex   -5.055792e+00 6.145293e+00 2.900000e+00
      vertex   -6.115126e+00 7.305171e+00 2.900000e+00
      vertex   -6.203298e+00 6.675105e+00 2.900000e+00
    endloop
  endfacet
  facet normal 0.000000e+00 0.000000e+00 1.000000e+00
    outer loop
      vertex   -5.055792e+00 6.145293e+00 2.900000e+00
      vertex   -6.203298e+00 6.675105e+00 2.900000e+00
      vertex   -6.251226e+00 6.040707e+00 2.900000e+00
    endloop
  endfacet
  facet normal -9.961947e-01 -8.715550e-02 0.000000e+00
    outer loop
      vertex   -4.506713e+00 -1.307332e-01 -2.900000e+00
      vertex   -4.506713e+00 -1.307332e-01 2.900000e+00
      vertex   -5.055792e+00 6.145293e+00 -2.900000e+00
    endloop
  endfacet
  facet normal -9.961947e-01 -8.715550e-02 0.000000e+00
    outer loop
      vertex   -5.055792e+00 6.145293e+00 -2.900000e+00
      vertex   -4.506713e+00 -1.307332e-01 2.900000e+00
      vertex   -5.055792e+00 6.145293e+00 2.900000e+00
    endloop
  endfacet
  facet normal 1.634829e-02 -7.665582e-01 6.419667e-01
    outer loop
      vertex   -4.506713e+00 -1.307342e-01 4.900000e+00
      vertex   -4.818391e+00 -1.580025e-01 4.875377e+00
      vertex   -4.386572e+00 -1.503951e+00 3.257212e+00
    endloop
  endfacet
  facet normal -1.670568e-02 -7.708901e-01 6.367491e-01
    outer loop
      vertex   -4.386572e+00 -1.503951e+00 3.257212e+00
      vertex   -4.818391e+00 -1.580025e-01 4.875377e+00
      vertex   -4.478673e+00 -1.512009e+00 3.245041e+00
    endloop
  endfacet
  facet normal -8.314454e-02 -7.750723e-01 6.263784e-01
    outer loop
      vertex   -4.478673e+00 -1.512009e+00 3.245041e+00
      vertex   -4.818391e+00 -1.580025e-01 4.875377e+00
      vertex   -5.122395e+00 -1.845994e-01 4.802113e+00
    endloop
  endfacet
  facet normal -1.786076e-01 -7.839944e-01 5.945184e-01
    outer loop
      vertex   -4.478673e+00 -1.512009e+00 3.245041e+00
      vertex   -5.122395e+00 -1.845994e-01 4.802113e+00
      vertex   -5.411239e+00 -2.098699e-01 4.682013e+00
    endloop
  endfacet
  facet normal -1.786076e-01 -7.839944e-01 5.945184e-01
    outer loop
      vertex   -4.478673e+00 -1.512009e+00 3.245041e+00
      vertex   -5.411239e+00 -2.098699e-01 4.682013e+00
      vertex   -4.564498e+00 -1.519518e+00 3.209355e+00
    endloop
  endfacet
  facet normal -2.686374e-01 -7.913008e-01 5.492512e-01
    outer loop
      vertex   -4.564498e+00 -1.519518e+00 3.209355e+00
      vertex   -5.411239e+00 -2.098699e-01 4.682013e+00
      vertex   -5.677810e+00 -2.331919e-01 4.518034e+00
    endloop
  endfacet
  facet normal -3.226804e-01 -7.976594e-01 5.095261e-01
    outer loop
      vertex   -4.564498e+00 -1.519518e+00 3.209355e+00
      vertex   -5.677810e+00 -2.331919e-01 4.518034e+00
      vertex   -4.638198e+00 -1.525966e+00 3.152587e+00
    endloop
  endfacet
  facet normal -3.499419e-01 -7.986045e-01 4.896648e-01
    outer loop
      vertex   -4.638198e+00 -1.525966e+00 3.152587e+00
      vertex   -5.677810e+00 -2.331919e-01 4.518034e+00
      vertex   -5.915545e+00 -2.539910e-01 4.314214e+00
    endloop
  endfacet
  facet normal -4.211215e-01 -8.048319e-01 4.182132e-01
    outer loop
      vertex   -4.638198e+00 -1.525966e+00 3.152587e+00
      vertex   -5.915545e+00 -2.539910e-01 4.314214e+00
      vertex   -6.118590e+00 -2.717551e-01 4.075571e+00
    endloop
  endfacet
  facet normal -4.407823e-01 -8.079920e-01 3.909731e-01
    outer loop
      vertex   -4.638198e+00 -1.525966e+00 3.152587e+00
      vertex   -6.118590e+00 -2.717551e-01 4.075571e+00
      vertex   -4.694750e+00 -1.530913e+00 3.078606e+00
    endloop
  endfacet
  facet normal -4.804978e-01 -8.098362e-01 3.365816e-01
    outer loop
      vertex   -4.694750e+00 -1.530913e+00 3.078606e+00
      vertex   -6.118590e+00 -2.717551e-01 4.075571e+00
      vertex   -6.281945e+00 -2.860468e-01 3.807981e+00
    endloop
  endfacet
  facet normal -5.255432e-01 -8.143473e-01 2.462576e-01
    outer loop
      vertex   -4.694750e+00 -1.530913e+00 3.078606e+00
      vertex   -6.281945e+00 -2.860468e-01 3.807981e+00
      vertex   -6.401588e+00 -2.965142e-01 3.518034e+00
    endloop
  endfacet
  facet normal -5.255432e-01 -8.143473e-01 2.462576e-01
    outer loop
      vertex   -4.694750e+00 -1.530913e+00 3.078606e+00
      vertex   -6.401588e+00 -2.965142e-01 3.518034e+00
      vertex   -4.730299e+00 -1.534023e+00 2.992453e+00
    endloop
  endfacet
  facet normal -5.573315e-01 -8.165583e-01 1.503802e-01
    outer loop
      vertex   -4.730299e+00 -1.534023e+00 2.992453e+00
      vertex   -6.401588e+00 -2.965142e-01 3.518034e+00
      vertex   -6.474572e+00 -3.028996e-01 3.212869e+00
    endloop
  endfacet
  facet normal -5.675211e-01 -8.190802e-01 8.382961e-02
    outer loop
      vertex   -4.730299e+00 -1.534023e+00 2.992453e+00
      vertex   -6.474572e+00 -3.028996e-01 3.212869e+00
      vertex   -4.742425e+00 -1.535084e+00 2.900000e+00
    endloop
  endfacet
  facet normal -5.728439e-01 -8.181059e-01 5.052387e-02
    outer loop
      vertex   -4.742425e+00 -1.535084e+00 2.900000e+00
      vertex   -6.474572e+00 -3.028996e-01 3.212869e+00
      vertex   -6.499102e+00 -3.050456e-01 2.900000e+00
    endloop
  endfacet
  facet normal -6.823934e-02 -1.149200e-01 9.910281e-01
    outer loop
      vertex   -4.319807e+00 -2.267081e+00 2.900000e+00
      vertex   -4.338671e+00 -2.051465e+00 2.923704e+00
      vertex   -4.342365e+00 -2.051788e+00 2.923412e+00
    endloop
  endfacet
  facet normal -4.609829e-02 -3.258081e-01 9.443114e-01
    outer loop
      vertex   -4.342365e+00 -2.051788e+00 2.923412e+00
      vertex   -4.338671e+00 -2.051465e+00 2.923704e+00
      vertex   -4.356640e+00 -1.846071e+00 2.993692e+00
    endloop
  endfacet
  facet normal -4.609829e-02 -3.258081e-01 9.443114e-01
    outer loop
      vertex   -4.342365e+00 -2.051788e+00 2.923412e+00
      vertex   -4.356640e+00 -1.846071e+00 2.993692e+00
      vertex   -4.371241e+00 -1.847348e+00 2.992539e+00
    endloop
  endfacet
  facet normal -2.176372e-02 -5.214842e-01 8.529833e-01
    outer loop
      vertex   -4.371241e+00 -1.847348e+00 2.992539e+00
      vertex   -4.356640e+00 -1.846071e+00 2.993692e+00
      vertex   -4.372864e+00 -1.660636e+00 3.106647e+00
    endloop
  endfacet
  facet normal -2.176372e-02 -5.214842e-01 8.529833e-01
    outer loop
      vertex   -4.371241e+00 -1.847348e+00 2.992539e+00
      vertex   -4.372864e+00 -1.660636e+00 3.106647e+00
      vertex   -4.405067e+00 -1.663453e+00 3.104102e+00
    endloop
  endfacet
  facet normal 3.628534e-03 -6.927180e-01 7.211994e-01
    outer loop
      vertex   -4.405067e+00 -1.663453e+00 3.104102e+00
      vertex   -4.372864e+00 -1.660636e+00 3.106647e+00
      vertex   -4.386572e+00 -1.503951e+00 3.257212e+00
    endloop
  endfacet
  facet normal -3.518607e-02 -6.899484e-01 7.230029e-01
    outer loop
      vertex   -4.405067e+00 -1.663453e+00 3.104102e+00
      vertex   -4.386572e+00 -1.503951e+00 3.257212e+00
      vertex   -4.478673e+00 -1.512009e+00 3.245041e+00
    endloop
  endfacet
  facet normal -1.073399e-01 -7.047805e-01 7.012578e-01
    outer loop
      vertex   -4.405067e+00 -1.663453e+00 3.104102e+00
      vertex   -4.478673e+00 -1.512009e+00 3.245041e+00
      vertex   -4.436478e+00 -1.666201e+00 3.096533e+00
    endloop
  endfacet
  facet normal -2.177496e-01 -7.073182e-01 6.725222e-01
    outer loop
      vertex   -4.436478e+00 -1.666201e+00 3.096533e+00
      vertex   -4.478673e+00 -1.512009e+00 3.245041e+00
      vertex   -4.564498e+00 -1.519518e+00 3.209355e+00
    endloop
  endfacet
  facet normal -2.177496e-01 -7.073182e-01 6.725222e-01
    outer loop
      vertex   -4.436478e+00 -1.666201e+00 3.096533e+00
      vertex   -4.564498e+00 -1.519518e+00 3.209355e+00
      vertex   -4.466322e+00 -1.668812e+00 3.084124e+00
    endloop
  endfacet
  facet normal -3.150073e-01 -7.229491e-01 6.149106e-01
    outer loop
      vertex   -4.466322e+00 -1.668812e+00 3.084124e+00
      vertex   -4.564498e+00 -1.519518e+00 3.209355e+00
      vertex   -4.493865e+00 -1.671222e+00 3.067181e+00
    endloop
  endfacet
  facet normal -4.002474e-01 -5.545973e-01 7.295368e-01
    outer loop
      vertex   -4.466322e+00 -1.668812e+00 3.084124e+00
      vertex   -4.493865e+00 -1.671222e+00 3.067181e+00
      vertex   -4.411501e+00 -1.850870e+00 2.975799e+00
    endloop
  endfacet
  facet normal -5.084547e-01 -5.640642e-01 6.506192e-01
    outer loop
      vertex   -4.411501e+00 -1.850870e+00 2.975799e+00
      vertex   -4.493865e+00 -1.671222e+00 3.067181e+00
      vertex   -4.422638e+00 -1.851845e+00 2.966250e+00
    endloop
  endfacet
  facet normal -5.848988e-01 -3.729470e-01 7.202804e-01
    outer loop
      vertex   -4.411501e+00 -1.850870e+00 2.975799e+00
      vertex   -4.422638e+00 -1.851845e+00 2.966250e+00
      vertex   -4.355368e+00 -2.052925e+00 2.916761e+00
    endloop
  endfacet
  facet normal -6.896017e-01 -3.821073e-01 6.151776e-01
    outer loop
      vertex   -4.355368e+00 -2.052925e+00 2.916761e+00
      vertex   -4.422638e+00 -1.851845e+00 2.966250e+00
      vertex   -4.357774e+00 -2.053136e+00 2.913933e+00
    endloop
  endfacet
  facet normal -7.435780e-01 -1.740045e-01 6.456115e-01
    outer loop
      vertex   -4.355368e+00 -2.052925e+00 2.916761e+00
      vertex   -4.357774e+00 -2.053136e+00 2.913933e+00
      vertex   -4.319807e+00 -2.267081e+00 2.900000e+00
    endloop
  endfacet
  facet normal -3.826080e-01 -7.203438e-01 5.785463e-01
    outer loop
      vertex   -4.564498e+00 -1.519518e+00 3.209355e+00
      vertex   -4.638198e+00 -1.525966e+00 3.152587e+00
      vertex   -4.493865e+00 -1.671222e+00 3.067181e+00
    endloop
  endfacet
  facet normal -4.078699e-01 -7.287194e-01 5.501001e-01
    outer loop
      vertex   -4.493865e+00 -1.671222e+00 3.067181e+00
      vertex   -4.638198e+00 -1.525966e+00 3.152587e+00
      vertex   -4.518429e+00 -1.673371e+00 3.046121e+00
    endloop
  endfacet
  facet normal -5.084547e-01 -5.640642e-01 6.506192e-01
    outer loop
      vertex   -4.493865e+00 -1.671222e+00 3.067181e+00
      vertex   -4.518429e+00 -1.673371e+00 3.046121e+00
      vertex   -4.422638e+00 -1.851845e+00 2.966250e+00
    endloop
  endfacet
  facet normal -6.030314e-01 -5.723386e-01 5.556813e-01
    outer loop
      vertex   -4.422638e+00 -1.851845e+00 2.966250e+00
      vertex   -4.518429e+00 -1.673371e+00 3.046121e+00
      vertex   -4.432150e+00 -1.852677e+00 2.955071e+00
    endloop
  endfacet
  facet normal -6.896017e-01 -3.821073e-01 6.151776e-01
    outer loop
      vertex   -4.422638e+00 -1.851845e+00 2.966250e+00
      vertex   -4.432150e+00 -1.852677e+00 2.955071e+00
      vertex   -4.357774e+00 -2.053136e+00 2.913933e+00
    endloop
  endfacet
  facet normal -7.766364e-01 -3.897219e-01 4.949271e-01
    outer loop
      vertex   -4.357774e+00 -2.053136e+00 2.913933e+00
      vertex   -4.432150e+00 -1.852677e+00 2.955071e+00
      vertex   -4.359711e+00 -2.053305e+00 2.910761e+00
    endloop
  endfacet
  facet normal -8.349184e-01 -1.819957e-01 5.194120e-01
    outer loop
      vertex   -4.357774e+00 -2.053136e+00 2.913933e+00
      vertex   -4.359711e+00 -2.053305e+00 2.910761e+00
      vertex   -4.319807e+00 -2.267081e+00 2.900000e+00
    endloop
  endfacet
  facet normal -4.878346e-01 -7.357155e-01 4.698299e-01
    outer loop
      vertex   -4.518429e+00 -1.673371e+00 3.046121e+00
      vertex   -4.638198e+00 -1.525966e+00 3.152587e+00
      vertex   -4.539408e+00 -1.675206e+00 3.021464e+00
    endloop
  endfacet
  facet normal -5.167079e-01 -7.320761e-01 4.439342e-01
    outer loop
      vertex   -4.539408e+00 -1.675206e+00 3.021464e+00
      vertex   -4.638198e+00 -1.525966e+00 3.152587e+00
      vertex   -4.694750e+00 -1.530913e+00 3.078606e+00
    endloop
  endfacet
  facet normal -5.521941e-01 -7.437002e-01 3.768177e-01
    outer loop
      vertex   -4.539408e+00 -1.675206e+00 3.021464e+00
      vertex   -4.694750e+00 -1.530913e+00 3.078606e+00
      vertex   -4.556286e+00 -1.676683e+00 2.993816e+00
    endloop
  endfacet
  facet normal -6.102048e-01 -7.416536e-01 2.785678e-01
    outer loop
      vertex   -4.556286e+00 -1.676683e+00 2.993816e+00
      vertex   -4.694750e+00 -1.530913e+00 3.078606e+00
      vertex   -4.730299e+00 -1.534023e+00 2.992453e+00
    endloop
  endfacet
  facet normal -6.102048e-01 -7.416536e-01 2.785678e-01
    outer loop
      vertex   -4.556286e+00 -1.676683e+00 2.993816e+00
      vertex   -4.730299e+00 -1.534023e+00 2.992453e+00
      vertex   -4.568648e+00 -1.677765e+00 2.963857e+00
    endloop
  endfacet
  facet normal -6.382128e-01 -7.512259e-01 1.683571e-01
    outer loop
      vertex   -4.568648e+00 -1.677765e+00 2.963857e+00
      vertex   -4.730299e+00 -1.534023e+00 2.992453e+00
      vertex   -4.576189e+00 -1.678424e+00 2.932327e+00
    endloop
  endfacet
  facet normal -7.837020e-01 -5.881452e-01 1.997407e-01
    outer loop
      vertex   -4.568648e+00 -1.677765e+00 2.963857e+00
      vertex   -4.576189e+00 -1.678424e+00 2.932327e+00
      vertex   -4.448827e+00 -1.854136e+00 2.914657e+00
    endloop
  endfacet
  facet normal -8.046254e-01 -5.899757e-01 6.713124e-02
    outer loop
      vertex   -4.448827e+00 -1.854136e+00 2.914657e+00
      vertex   -4.576189e+00 -1.678424e+00 2.932327e+00
      vertex   -4.449976e+00 -1.854236e+00 2.900000e+00
    endloop
  endfacet
  facet normal -9.127802e-01 -4.016329e-01 7.431892e-02
    outer loop
      vertex   -4.448827e+00 -1.854136e+00 2.914657e+00
      vertex   -4.449976e+00 -1.854236e+00 2.900000e+00
      vertex   -4.362284e+00 -2.053531e+00 2.900000e+00
    endloop
  endfacet
  facet normal -6.606148e-01 -7.446663e-01 9.518514e-02
    outer loop
      vertex   -4.730299e+00 -1.534023e+00 2.992453e+00
      vertex   -4.742425e+00 -1.535084e+00 2.900000e+00
      vertex   -4.576189e+00 -1.678424e+00 2.932327e+00
    endloop
  endfacet
  facet normal -6.582829e-01 -7.506277e-01 5.675963e-02
    outer loop
      vertex   -4.576189e+00 -1.678424e+00 2.932327e+00
      vertex   -4.742425e+00 -1.535084e+00 2.900000e+00
      vertex   -4.578724e+00 -1.678646e+00 2.900000e+00
    endloop
  endfacet
  facet normal -8.046254e-01 -5.899757e-01 6.713124e-02
    outer loop
      vertex   -4.576189e+00 -1.678424e+00 2.932327e+00
      vertex   -4.578724e+00 -1.678646e+00 2.900000e+00
      vertex   -4.449976e+00 -1.854236e+00 2.900000e+00
    endloop
  endfacet
  facet normal -9.127802e-01 -4.016329e-01 7.431892e-02
    outer loop
      vertex   -4.448827e+00 -1.854136e+00 2.914657e+00
      vertex   -4.362284e+00 -2.053531e+00 2.900000e+00
      vertex   -4.361994e+00 -2.053505e+00 2.903708e+00
    endloop
  endfacet
  facet normal -9.777975e-01 -1.944960e-01 7.799561e-02
    outer loop
      vertex   -4.361994e+00 -2.053505e+00 2.903708e+00
      vertex   -4.362284e+00 -2.053531e+00 2.900000e+00
      vertex   -4.319807e+00 -2.267081e+00 2.900000e+00
    endloop
  endfacet
  facet normal -9.534880e-01 -1.923692e-01 2.320663e-01
    outer loop
      vertex   -4.361994e+00 -2.053505e+00 2.903708e+00
      vertex   -4.319807e+00 -2.267081e+00 2.900000e+00
      vertex   -4.361129e+00 -2.053429e+00 2.907325e+00
    endloop
  endfacet
  facet normal -9.054675e-01 -1.881680e-01 3.804228e-01
    outer loop
      vertex   -4.361129e+00 -2.053429e+00 2.907325e+00
      vertex   -4.319807e+00 -2.267081e+00 2.900000e+00
      vertex   -4.359711e+00 -2.053305e+00 2.910761e+00
    endloop
  endfacet
  facet normal -6.336953e-01 -1.643910e-01 7.559139e-01
    outer loop
      vertex   -4.355368e+00 -2.052925e+00 2.916761e+00
      vertex   -4.319807e+00 -2.267081e+00 2.900000e+00
      vertex   -4.352550e+00 -2.052679e+00 2.919177e+00
    endloop
  endfacet
  facet normal -5.079760e-01 -1.533920e-01 8.476033e-01
    outer loop
      vertex   -4.352550e+00 -2.052679e+00 2.919177e+00
      vertex   -4.319807e+00 -2.267081e+00 2.900000e+00
      vertex   -4.349391e+00 -2.052402e+00 2.921120e+00
    endloop
  endfacet
  facet normal -3.695157e-01 -1.412783e-01 9.184218e-01
    outer loop
      vertex   -4.349391e+00 -2.052402e+00 2.921120e+00
      vertex   -4.319807e+00 -2.267081e+00 2.900000e+00
      vertex   -4.345968e+00 -2.052103e+00 2.922544e+00
    endloop
  endfacet
  facet normal -2.217238e-01 -1.283481e-01 9.666257e-01
    outer loop
      vertex   -4.345968e+00 -2.052103e+00 2.922544e+00
      vertex   -4.319807e+00 -2.267081e+00 2.900000e+00
      vertex   -4.342365e+00 -2.051788e+00 2.923412e+00
    endloop
  endfacet
  facet normal -1.923475e-01 -3.386032e-01 9.210593e-01
    outer loop
      vertex   -4.345968e+00 -2.052103e+00 2.922544e+00
      vertex   -4.342365e+00 -2.051788e+00 2.923412e+00
      vertex   -4.371241e+00 -1.847348e+00 2.992539e+00
    endloop
  endfacet
  facet normal -1.538686e-01 -5.330419e-01 8.319800e-01
    outer loop
      vertex   -4.371241e+00 -1.847348e+00 2.992539e+00
      vertex   -4.405067e+00 -1.663453e+00 3.104102e+00
      vertex   -4.385482e+00 -1.848594e+00 2.989107e+00
    endloop
  endfacet
  facet normal -1.538686e-01 -5.330419e-01 8.319800e-01
    outer loop
      vertex   -4.385482e+00 -1.848594e+00 2.989107e+00
      vertex   -4.405067e+00 -1.663453e+00 3.104102e+00
      vertex   -4.436478e+00 -1.666201e+00 3.096533e+00
    endloop
  endfacet
  facet normal -2.810739e-01 -5.441709e-01 7.904907e-01
    outer loop
      vertex   -4.385482e+00 -1.848594e+00 2.989107e+00
      vertex   -4.436478e+00 -1.666201e+00 3.096533e+00
      vertex   -4.399014e+00 -1.849778e+00 2.983480e+00
    endloop
  endfacet
  facet normal -2.810739e-01 -5.441709e-01 7.904907e-01
    outer loop
      vertex   -4.399014e+00 -1.849778e+00 2.983480e+00
      vertex   -4.436478e+00 -1.666201e+00 3.096533e+00
      vertex   -4.466322e+00 -1.668812e+00 3.084124e+00
    endloop
  endfacet
  facet normal -4.002474e-01 -5.545973e-01 7.295368e-01
    outer loop
      vertex   -4.399014e+00 -1.849778e+00 2.983480e+00
      vertex   -4.466322e+00 -1.668812e+00 3.084124e+00
      vertex   -4.411501e+00 -1.850870e+00 2.975799e+00
    endloop
  endfacet
  facet normal -3.331726e-01 -3.509238e-01 8.751277e-01
    outer loop
      vertex   -4.349391e+00 -2.052402e+00 2.921120e+00
      vertex   -4.345968e+00 -2.052103e+00 2.922544e+00
      vertex   -4.385482e+00 -1.848594e+00 2.989107e+00
    endloop
  endfacet
  facet normal -1.923475e-01 -3.386032e-01 9.210593e-01
    outer loop
      vertex   -4.385482e+00 -1.848594e+00 2.989107e+00
      vertex   -4.345968e+00 -2.052103e+00 2.922544e+00
      vertex   -4.371241e+00 -1.847348e+00 2.992539e+00
    endloop
  endfacet
  facet normal -3.331726e-01 -3.509238e-01 8.751277e-01
    outer loop
      vertex   -4.349391e+00 -2.052402e+00 2.921120e+00
      vertex   -4.385482e+00 -1.848594e+00 2.989107e+00
      vertex   -4.399014e+00 -1.849778e+00 2.983480e+00
    endloop
  endfacet
  facet normal -4.651059e-01 -3.624665e-01 8.076476e-01
    outer loop
      vertex   -4.349391e+00 -2.052402e+00 2.921120e+00
      vertex   -4.399014e+00 -1.849778e+00 2.983480e+00
      vertex   -4.352550e+00 -2.052679e+00 2.919177e+00
    endloop
  endfacet
  facet normal -4.651059e-01 -3.624665e-01 8.076476e-01
    outer loop
      vertex   -4.352550e+00 -2.052679e+00 2.919177e+00
      vertex   -4.399014e+00 -1.849778e+00 2.983480e+00
      vertex   -4.411501e+00 -1.850870e+00 2.975799e+00
    endloop
  endfacet
  facet normal -5.848988e-01 -3.729470e-01 7.202804e-01
    outer loop
      vertex   -4.352550e+00 -2.052679e+00 2.919177e+00
      vertex   -4.411501e+00 -1.850870e+00 2.975799e+00
      vertex   -4.355368e+00 -2.052925e+00 2.916761e+00
    endloop
  endfacet
  facet normal -6.030314e-01 -5.723386e-01 5.556813e-01
    outer loop
      vertex   -4.518429e+00 -1.673371e+00 3.046121e+00
      vertex   -4.539408e+00 -1.675206e+00 3.021464e+00
      vertex   -4.432150e+00 -1.852677e+00 2.955071e+00
    endloop
  endfacet
  facet normal -6.816486e-01 -5.792167e-01 4.470607e-01
    outer loop
      vertex   -4.432150e+00 -1.852677e+00 2.955071e+00
      vertex   -4.539408e+00 -1.675206e+00 3.021464e+00
      vertex   -4.439803e+00 -1.853346e+00 2.942535e+00
    endloop
  endfacet
  facet normal -7.766364e-01 -3.897219e-01 4.949271e-01
    outer loop
      vertex   -4.432150e+00 -1.852677e+00 2.955071e+00
      vertex   -4.439803e+00 -1.853346e+00 2.942535e+00
      vertex   -4.359711e+00 -2.053305e+00 2.910761e+00
    endloop
  endfacet
  facet normal -8.438598e-01 -3.956031e-01 3.624898e-01
    outer loop
      vertex   -4.359711e+00 -2.053305e+00 2.910761e+00
      vertex   -4.439803e+00 -1.853346e+00 2.942535e+00
      vertex   -4.361129e+00 -2.053429e+00 2.907325e+00
    endloop
  endfacet
  facet normal -6.816486e-01 -5.792167e-01 4.470607e-01
    outer loop
      vertex   -4.539408e+00 -1.675206e+00 3.021464e+00
      vertex   -4.556286e+00 -1.676683e+00 2.993816e+00
      vertex   -4.439803e+00 -1.853346e+00 2.942535e+00
    endloop
  endfacet
  facet normal -7.423705e-01 -5.845291e-01 3.274319e-01
    outer loop
      vertex   -4.439803e+00 -1.853346e+00 2.942535e+00
      vertex   -4.556286e+00 -1.676683e+00 2.993816e+00
      vertex   -4.445408e+00 -1.853837e+00 2.928952e+00
    endloop
  endfacet
  facet normal -8.438598e-01 -3.956031e-01 3.624898e-01
    outer loop
      vertex   -4.439803e+00 -1.853346e+00 2.942535e+00
      vertex   -4.445408e+00 -1.853837e+00 2.928952e+00
      vertex   -4.361129e+00 -2.053429e+00 2.907325e+00
    endloop
  endfacet
  facet normal -8.896166e-01 -3.996064e-01 2.211268e-01
    outer loop
      vertex   -4.361129e+00 -2.053429e+00 2.907325e+00
      vertex   -4.445408e+00 -1.853837e+00 2.928952e+00
      vertex   -4.361994e+00 -2.053505e+00 2.903708e+00
    endloop
  endfacet
  facet normal -7.837020e-01 -5.881452e-01 1.997407e-01
    outer loop
      vertex   -4.568648e+00 -1.677765e+00 2.963857e+00
      vertex   -4.448827e+00 -1.854136e+00 2.914657e+00
      vertex   -4.445408e+00 -1.853837e+00 2.928952e+00
    endloop
  endfacet
  facet normal -8.896166e-01 -3.996064e-01 2.211268e-01
    outer loop
      vertex   -4.445408e+00 -1.853837e+00 2.928952e+00
      vertex   -4.448827e+00 -1.854136e+00 2.914657e+00
      vertex   -4.361994e+00 -2.053505e+00 2.903708e+00
    endloop
  endfacet
  facet normal -7.423705e-01 -5.845291e-01 3.274319e-01
    outer loop
      vertex   -4.556286e+00 -1.676683e+00 2.993816e+00
      vertex   -4.568648e+00 -1.677765e+00 2.963857e+00
      vertex   -4.445408e+00 -1.853837e+00 2.928952e+00
    endloop
  endfacet
  facet normal 6.026933e-02 -6.888816e-01 7.223640e-01
    outer loop
      vertex   -7.006513e-01 -1.181475e+00 3.257212e+00
      vertex   -4.386572e+00 -1.503951e+00 3.257212e+00
      vertex   -6.869432e-01 -1.338159e+00 3.106647e+00
    endloop
  endfacet
  facet normal 6.026933e-02 -6.888816e-01 7.223640e-01
    outer loop
      vertex   -6.869432e-01 -1.338159e+00 3.106647e+00
      vertex   -4.386572e+00 -1.503951e+00 3.257212e+00
      vertex   -4.372864e+00 -1.660636e+00 3.106647e+00
    endloop
  endfacet
  facet normal 4.521407e-02 -5.167992e-01 8.549119e-01
    outer loop
      vertex   -6.869432e-01 -1.338159e+00 3.106647e+00
      vertex   -4.372864e+00 -1.660636e+00 3.106647e+00
      vertex   -6.707198e-01 -1.523594e+00 2.993692e+00
    endloop
  endfacet
  facet normal 4.521407e-02 -5.167992e-01 8.549119e-01
    outer loop
      vertex   -6.707198e-01 -1.523594e+00 2.993692e+00
      vertex   -4.372864e+00 -1.660636e+00 3.106647e+00
      vertex   -4.356640e+00 -1.846071e+00 2.993692e+00
    endloop
  endfacet
  facet normal 2.801530e-02 -3.202163e-01 9.469301e-01
    outer loop
      vertex   -6.707198e-01 -1.523594e+00 2.993692e+00
      vertex   -4.356640e+00 -1.846071e+00 2.993692e+00
      vertex   -6.527501e-01 -1.728988e+00 2.923704e+00
    endloop
  endfacet
  facet normal 2.801530e-02 -3.202163e-01 9.469301e-01
    outer loop
      vertex   -6.527501e-01 -1.728988e+00 2.923704e+00
      vertex   -4.356640e+00 -1.846071e+00 2.993692e+00
      vertex   -4.338671e+00 -2.051465e+00 2.923704e+00
    endloop
  endfacet
  facet normal 9.488373e-03 -1.084526e-01 9.940563e-01
    outer loop
      vertex   -6.527501e-01 -1.728988e+00 2.923704e+00
      vertex   -4.338671e+00 -2.051465e+00 2.923704e+00
      vertex   -6.338862e-01 -1.944604e+00 2.900000e+00
    endloop
  endfacet
  facet normal 9.488373e-03 -1.084526e-01 9.940563e-01
    outer loop
      vertex   -6.338862e-01 -1.944604e+00 2.900000e+00
      vertex   -4.338671e+00 -2.051465e+00 2.923704e+00
      vertex   -4.319807e+00 -2.267081e+00 2.900000e+00
    endloop
  endfacet
  facet normal -8.715574e-02 9.961947e-01 2.806483e-16
    outer loop
      vertex   -8.207923e-01 1.917421e-01 4.900000e+00
      vertex   -8.207923e-01 1.917421e-01 2.900000e+00
      vertex   -4.506713e+00 -1.307342e-01 4.900000e+00
    endloop
  endfacet
  facet normal -8.715550e-02 9.961947e-01 4.550596e-07
    outer loop
      vertex   -4.506713e+00 -1.307342e-01 4.900000e+00
      vertex   -8.207923e-01 1.917421e-01 2.900000e+00
      vertex   -4.506713e+00 -1.307332e-01 2.900000e+00
    endloop
  endfacet
  facet normal -8.715578e-02 9.961947e-01 4.550596e-07
    outer loop
      vertex   -4.506713e+00 -1.307342e-01 4.900000e+00
      vertex   -4.506713e+00 -1.307332e-01 2.900000e+00
      vertex   -4.818391e+00 -1.580025e-01 4.875377e+00
    endloop
  endfacet
  facet normal -8.715585e-02 9.961947e-01 4.438545e-07
    outer loop
      vertex   -4.818391e+00 -1.580025e-01 4.875377e+00
      vertex   -4.506713e+00 -1.307332e-01 2.900000e+00
      vertex   -5.122395e+00 -1.845994e-01 4.802113e+00
    endloop
  endfacet
  facet normal -8.715592e-02 9.961947e-01 4.217202e-07
    outer loop
      vertex   -5.122395e+00 -1.845994e-01 4.802113e+00
      vertex   -4.506713e+00 -1.307332e-01 2.900000e+00
      vertex   -5.411239e+00 -2.098699e-01 4.682013e+00
    endloop
  endfacet
  facet normal -8.715598e-02 9.961947e-01 3.892018e-07
    outer loop
      vertex   -5.411239e+00 -2.098699e-01 4.682013e+00
      vertex   -4.506713e+00 -1.307332e-01 2.900000e+00
      vertex   -5.677810e+00 -2.331919e-01 4.518034e+00
    endloop
  endfacet
  facet normal -8.715604e-02 9.961947e-01 3.471000e-07
    outer loop
      vertex   -5.677810e+00 -2.331919e-01 4.518034e+00
      vertex   -4.506713e+00 -1.307332e-01 2.900000e+00
      vertex   -5.915545e+00 -2.539910e-01 4.314214e+00
    endloop
  endfacet
  facet normal -8.715609e-02 9.961947e-01 2.964514e-07
    outer loop
      vertex   -5.915545e+00 -2.539910e-01 4.314214e+00
      vertex   -4.506713e+00 -1.307332e-01 2.900000e+00
      vertex   -6.118590e+00 -2.717551e-01 4.075571e+00
    endloop
  endfacet
  facet normal -8.715613e-02 9.961947e-01 2.385032e-07
    outer loop
      vertex   -6.118590e+00 -2.717551e-01 4.075571e+00
      vertex   -4.506713e+00 -1.307332e-01 2.900000e+00
      vertex   -6.281945e+00 -2.860468e-01 3.807981e+00
    endloop
  endfacet
  facet normal -8.715616e-02 9.961947e-01 1.746822e-07
    outer loop
      vertex   -6.281945e+00 -2.860468e-01 3.807981e+00
      vertex   -4.506713e+00 -1.307332e-01 2.900000e+00
      vertex   -6.401588e+00 -2.965142e-01 3.518034e+00
    endloop
  endfacet
  facet normal -8.715618e-02 9.961947e-01 1.065600e-07
    outer loop
      vertex   -6.401588e+00 -2.965142e-01 3.518034e+00
      vertex   -4.506713e+00 -1.307332e-01 2.900000e+00
      vertex   -6.474572e+00 -3.028996e-01 3.212869e+00
    endloop
  endfacet
  facet normal -8.715620e-02 9.961947e-01 3.581397e-08
    outer loop
      vertex   -6.474572e+00 -3.028996e-01 3.212869e+00
      vertex   -4.506713e+00 -1.307332e-01 2.900000e+00
      vertex   -6.499102e+00 -3.050456e-01 2.900000e+00
    endloop
  endfacet
  facet normal -8.715620e-02 9.961947e-01 2.386779e-18
    outer loop
      vertex   -6.499102e+00 -3.050456e-01 2.900000e+00
      vertex   -4.506713e+00 -1.307332e-01 2.900000e+00
      vertex   -4.506713e+00 -1.307332e-01 -2.900000e+00
    endloop
  endfacet
  facet normal -8.715620e-02 9.961947e-01 2.669651e-16
    outer loop
      vertex   -6.499102e+00 -3.050456e-01 2.900000e+00
      vertex   -4.506713e+00 -1.307332e-01 -2.900000e+00
      vertex   -6.499102e+00 -3.050456e-01 -2.900000e+00
    endloop
  endfacet
  facet normal 6.676517e-02 -7.631294e-01 6.427876e-01
    outer loop
      vertex   -4.506713e+00 -1.307342e-01 4.900000e+00
      vertex   -4.386572e+00 -1.503951e+00 3.257212e+00
      vertex   -8.207923e-01 1.917421e-01 4.900000e+00
    endloop
  endfacet
  facet normal 6.676517e-02 -7.631294e-01 6.427876e-01
    outer loop
      vertex   -8.207923e-01 1.917421e-01 4.900000e+00
      vertex   -4.386572e+00 -1.503951e+00 3.257212e+00
      vertex   -7.006513e-01 -1.181475e+00 3.257212e+00
    endloop
  endfacet
  facet normal 2.378314e-17 -2.718425e-16 1.000000e+00
    outer loop
      vertex   -4.319807e+00 -2.267081e+00 2.900000e+00
      vertex   -3.894292e+00 -7.130733e+00 2.900000e+00
      vertex   -6.338862e-01 -1.944604e+00 2.900000e+00
    endloop
  endfacet
  facet normal -1.037120e-16 -1.916891e-16 1.000000e+00
    outer loop
      vertex   -6.338862e-01 -1.944604e+00 2.900000e+00
      vertex   -3.894292e+00 -7.130733e+00 2.900000e+00
      vertex   -2.083716e-01 -6.808258e+00 2.900000e+00
    endloop
  endfacet
  facet normal -1.230072e-16 2.885645e-17 1.000000e+00
    outer loop
      vertex   -2.083716e-01 -6.808258e+00 2.900000e+00
      vertex   -3.894292e+00 -7.130733e+00 2.900000e+00
      vertex   -9.503441e-01 -9.971085e+00 2.900000e+00
    endloop
  endfacet
  facet normal 0.000000e+00 0.000000e+00 1.000000e+00
    outer loop
      vertex   -2.083716e-01 -6.808258e+00 2.900000e+00
      vertex   -9.503441e-01 -9.971085e+00 2.900000e+00
      vertex   -7.230034e-01 -9.557629e+00 2.900000e+00
    endloop
  endfacet
  facet normal -9.858463e-17 5.416977e-17 1.000000e+00
    outer loop
      vertex   -9.503441e-01 -9.971085e+00 2.900000e+00
      vertex   -3.894292e+00 -7.130733e+00 2.900000e+00
      vertex   -1.205411e+00 -1.043529e+01 2.900000e+00
    endloop
  endfacet
  facet normal -1.667653e-16 -1.308132e-18 1.000000e+00
    outer loop
      vertex   -1.205411e+00 -1.043529e+01 2.900000e+00
      vertex   -3.894292e+00 -7.130733e+00 2.900000e+00
      vertex   -3.892425e+00 -7.368744e+00 2.900000e+00
    endloop
  endfacet
  facet normal 5.866840e-16 6.588913e-16 1.000000e+00
    outer loop
      vertex   -1.205411e+00 -1.043529e+01 2.900000e+00
      vertex   -3.892425e+00 -7.368744e+00 2.900000e+00
      vertex   -1.417067e+00 -1.092082e+01 2.900000e+00
    endloop
  endfacet
  facet normal -2.432411e-16 8.053587e-17 1.000000e+00
    outer loop
      vertex   -1.417067e+00 -1.092082e+01 2.900000e+00
      vertex   -3.892425e+00 -7.368744e+00 2.900000e+00
      vertex   -1.583547e+00 -1.142364e+01 2.900000e+00
    endloop
  endfacet
  facet normal -3.035604e-16 4.618972e-17 1.000000e+00
    outer loop
      vertex   -1.583547e+00 -1.142364e+01 2.900000e+00
      vertex   -3.892425e+00 -7.368744e+00 2.900000e+00
      vertex   -3.928230e+00 -7.604054e+00 2.900000e+00
    endloop
  endfacet
  facet normal -2.747656e-16 6.386570e-17 1.000000e+00
    outer loop
      vertex   -1.583547e+00 -1.142364e+01 2.900000e+00
      vertex   -3.928230e+00 -7.604054e+00 2.900000e+00
      vertex   -1.703463e+00 -1.193955e+01 2.900000e+00
    endloop
  endfacet
  facet normal -2.458412e-16 7.870830e-17 1.000000e+00
    outer loop
      vertex   -1.703463e+00 -1.193955e+01 2.900000e+00
      vertex   -3.928230e+00 -7.604054e+00 2.900000e+00
      vertex   -4.000805e+00 -7.830737e+00 2.900000e+00
    endloop
  endfacet
  facet normal -3.101270e-16 4.276442e-17 1.000000e+00
    outer loop
      vertex   -1.703463e+00 -1.193955e+01 2.900000e+00
      vertex   -4.000805e+00 -7.830737e+00 2.900000e+00
      vertex   -1.775815e+00 -1.246424e+01 2.900000e+00
    endloop
  endfacet
  facet normal -1.943057e-16 9.838135e-17 1.000000e+00
    outer loop
      vertex   -1.775815e+00 -1.246424e+01 2.900000e+00
      vertex   -4.000805e+00 -7.830737e+00 2.900000e+00
      vertex   -4.108322e+00 -8.043087e+00 2.900000e+00
    endloop
  endfacet
  facet normal -1.839653e-16 1.038367e-16 1.000000e+00
    outer loop
      vertex   -1.775815e+00 -1.246424e+01 2.900000e+00
      vertex   -4.108322e+00 -8.043087e+00 2.900000e+00
      vertex   -4.428198e+00 -8.609805e+00 2.900000e+00
    endloop
  endfacet
  facet normal -1.457725e-15 -7.726851e-16 1.000000e+00
    outer loop
      vertex   -1.775815e+00 -1.246424e+01 2.900000e+00
      vertex   -4.428198e+00 -8.609805e+00 2.900000e+00
      vertex   -1.800000e+00 -1.299335e+01 2.900000e+00
    endloop
  endfacet
  facet normal 6.081074e-16 4.659050e-16 1.000000e+00
    outer loop
      vertex   -1.800000e+00 -1.299335e+01 2.900000e+00
      vertex   -4.428198e+00 -8.609805e+00 2.900000e+00
      vertex   -4.708526e+00 -9.197092e+00 2.900000e+00
    endloop
  endfacet
  facet normal -6.316476e-16 -4.839404e-16 1.000000e+00
    outer loop
      vertex   -1.800000e+00 -1.299335e+01 2.900000e+00
      vertex   -4.708526e+00 -9.197092e+00 2.900000e+00
      vertex   -4.947989e+00 -9.802193e+00 2.900000e+00
    endloop
  endfacet
  facet normal 4.421832e-16 5.753639e-16 1.000000e+00
    outer loop
      vertex   -4.947989e+00 -9.802193e+00 2.900000e+00
      vertex   -5.145465e+00 -1.042227e+01 2.900000e+00
      vertex   -1.800000e+00 -1.299335e+01 2.900000e+00
    endloop
  endfacet
  facet normal -4.544998e-16 -5.913900e-16 1.000000e+00
    outer loop
      vertex   -1.800000e+00 -1.299335e+01 2.900000e+00
      vertex   -5.145465e+00 -1.042227e+01 2.900000e+00
      vertex   -5.300027e+00 -1.105441e+01 2.900000e+00
    endloop
  endfacet
  facet normal 2.343223e-16 6.520166e-16 1.000000e+00
    outer loop
      vertex   -1.800000e+00 -1.299335e+01 2.900000e+00
      vertex   -5.300027e+00 -1.105441e+01 2.900000e+00
      vertex   -5.410949e+00 -1.169564e+01 2.900000e+00
    endloop
  endfacet
  facet normal -2.377363e-16 -6.615162e-16 1.000000e+00
    outer loop
      vertex   -5.410949e+00 -1.169564e+01 2.900000e+00
      vertex   -5.477711e+00 -1.234297e+01 2.900000e+00
      vertex   -1.800000e+00 -1.299335e+01 2.900000e+00
    endloop
  endfacet
  facet normal -1.200241e-16 4.113307e-18 1.000000e+00
    outer loop
      vertex   -1.800000e+00 -1.299335e+01 2.900000e+00
      vertex   -5.477711e+00 -1.234297e+01 2.900000e+00
      vertex   -5.500000e+00 -1.299335e+01 2.900000e+00
    endloop
  endfacet
  facet normal -1.200241e-16 -1.013275e-30 1.000000e+00
    outer loop
      vertex   -1.800000e+00 -1.299335e+01 2.900000e+00
      vertex   -5.500000e+00 -1.299335e+01 2.900000e+00
      vertex   -1.800000e+00 -2.509207e+01 2.900000e+00
    endloop
  endfacet
  facet normal -1.200241e-16 -1.013275e-30 1.000000e+00
    outer loop
      vertex   -1.800000e+00 -2.509207e+01 2.900000e+00
      vertex   -5.500000e+00 -1.299335e+01 2.900000e+00
      vertex   -5.500000e+00 -2.509207e+01 2.900000e+00
    endloop
  endfacet
  facet normal -1.200241e-16 -3.640892e-17 1.000000e+00
    outer loop
      vertex   -1.800000e+00 -2.509207e+01 2.900000e+00
      vertex   -5.500000e+00 -2.509207e+01 2.900000e+00
      vertex   -4.573083e+00 -2.814771e+01 2.900000e+00
    endloop
  endfacet
  facet normal 0.000000e+00 0.000000e+00 1.000000e+00
    outer loop
      vertex   -4.573083e+00 -2.814771e+01 2.900000e+00
      vertex   -5.500000e+00 -2.509207e+01 2.900000e+00
      vertex   -4.850567e+00 -2.768475e+01 2.900000e+00
    endloop
  endfacet
  facet normal 0.000000e+00 0.000000e+00 1.000000e+00
    outer loop
      vertex   -4.850567e+00 -2.768475e+01 2.900000e+00
      vertex   -5.500000e+00 -2.509207e+01 2.900000e+00
      vertex   -5.081337e+00 -2.719683e+01 2.900000e+00
    endloop
  endfacet
  facet normal 0.000000e+00 0.000000e+00 1.000000e+00
    outer loop
      vertex   -5.081337e+00 -2.719683e+01 2.900000e+00
      vertex   -5.500000e+00 -2.509207e+01 2.900000e+00
      vertex   -5.263172e+00 -2.668864e+01 2.900000e+00
    endloop
  endfacet
  facet normal 0.000000e+00 0.000000e+00 1.000000e+00
    outer loop
      vertex   -5.263172e+00 -2.668864e+01 2.900000e+00
      vertex   -5.500000e+00 -2.509207e+01 2.900000e+00
      vertex   -5.394319e+00 -2.616507e+01 2.900000e+00
    endloop
  endfacet
  facet normal 0.000000e+00 0.000000e+00 1.000000e+00
    outer loop
      vertex   -5.394319e+00 -2.616507e+01 2.900000e+00
      vertex   -5.500000e+00 -2.509207e+01 2.900000e+00
      vertex   -5.473516e+00 -2.563116e+01 2.900000e+00
    endloop
  endfacet
  facet normal -8.812523e-17 -6.535812e-17 1.000000e+00
    outer loop
      vertex   -4.573083e+00 -2.814771e+01 2.900000e+00
      vertex   -4.251557e+00 -2.858123e+01 2.900000e+00
      vertex   -1.800000e+00 -2.509207e+01 2.900000e+00
    endloop
  endfacet
  facet normal -7.910458e-17 -7.169621e-17 1.000000e+00
    outer loop
      vertex   -1.800000e+00 -2.509207e+01 2.900000e+00
      vertex   -4.251557e+00 -2.858123e+01 2.900000e+00
      vertex   -3.889087e+00 -2.898116e+01 2.900000e+00
    endloop
  endfacet
  facet normal -6.960609e-17 -7.679849e-17 1.000000e+00
    outer loop
      vertex   -1.800000e+00 -2.509207e+01 2.900000e+00
      vertex   -3.889087e+00 -2.898116e+01 2.900000e+00
      vertex   -3.489163e+00 -2.934363e+01 2.900000e+00
    endloop
  endfacet
  facet normal -2.154595e-16 -1.885026e-17 1.000000e+00
    outer loop
      vertex   -1.800000e+00 -2.509207e+01 2.900000e+00
      vertex   -3.489163e+00 -2.934363e+01 2.900000e+00
      vertex   -1.772654e+00 -2.540464e+01 2.900000e+00
    endloop
  endfacet
  facet normal -6.319195e-17 -8.520448e-17 1.000000e+00
    outer loop
      vertex   -1.772654e+00 -2.540464e+01 2.900000e+00
      vertex   -3.489163e+00 -2.934363e+01 2.900000e+00
      vertex   -3.055636e+00 -2.966515e+01 2.900000e+00
    endloop
  endfacet
  facet normal -1.831610e-16 -4.907784e-17 1.000000e+00
    outer loop
      vertex   -1.772654e+00 -2.540464e+01 2.900000e+00
      vertex   -3.055636e+00 -2.966515e+01 2.900000e+00
      vertex   -1.691447e+00 -2.570771e+01 2.900000e+00
    endloop
  endfacet
  facet normal -5.574255e-17 -9.300083e-17 1.000000e+00
    outer loop
      vertex   -1.691447e+00 -2.570771e+01 2.900000e+00
      vertex   -3.055636e+00 -2.966515e+01 2.900000e+00
      vertex   -2.592682e+00 -2.994264e+01 2.900000e+00
    endloop
  endfacet
  facet normal -1.544112e-16 -7.200315e-17 1.000000e+00
    outer loop
      vertex   -1.691447e+00 -2.570771e+01 2.900000e+00
      vertex   -2.592682e+00 -2.994264e+01 2.900000e+00
      vertex   -1.558846e+00 -2.599207e+01 2.900000e+00
    endloop
  endfacet
  facet normal -4.731093e-17 -1.000306e-16 1.000000e+00
    outer loop
      vertex   -1.558846e+00 -2.599207e+01 2.900000e+00
      vertex   -2.592682e+00 -2.994264e+01 2.900000e+00
      vertex   -2.104759e+00 -3.017341e+01 2.900000e+00
    endloop
  endfacet
  facet normal -1.278427e-16 -8.951639e-17 1.000000e+00
    outer loop
      vertex   -1.558846e+00 -2.599207e+01 2.900000e+00
      vertex   -2.104759e+00 -3.017341e+01 2.900000e+00
      vertex   -1.378880e+00 -2.624909e+01 2.900000e+00
    endloop
  endfacet
  facet normal -3.797706e-17 -1.061388e-16 1.000000e+00
    outer loop
      vertex   -1.378880e+00 -2.624909e+01 2.900000e+00
      vertex   -2.104759e+00 -3.017341e+01 2.900000e+00
      vertex   -1.596566e+00 -3.035524e+01 2.900000e+00
    endloop
  endfacet
  facet normal -1.027071e-16 -1.027071e-16 1.000000e+00
    outer loop
      vertex   -1.378880e+00 -2.624909e+01 2.900000e+00
      vertex   -1.596566e+00 -3.035524e+01 2.900000e+00
      vertex   -1.157018e+00 -2.647095e+01 2.900000e+00
    endloop
  endfacet
  facet normal -2.784868e-17 -1.111781e-16 1.000000e+00
    outer loop
      vertex   -1.157018e+00 -2.647095e+01 2.900000e+00
      vertex   -1.596566e+00 -3.035524e+01 2.900000e+00
      vertex   -1.072997e+00 -3.048639e+01 2.900000e+00
    endloop
  endfacet
  facet normal -7.859123e-17 -1.122399e-16 1.000000e+00
    outer loop
      vertex   -1.157018e+00 -2.647095e+01 2.900000e+00
      vertex   -1.072997e+00 -3.048639e+01 2.900000e+00
      vertex   -9.000000e-01 -2.665092e+01 2.900000e+00
    endloop
  endfacet
  facet normal -5.287912e-17 -1.133996e-16 1.000000e+00
    outer loop
      vertex   -9.000000e-01 -2.665092e+01 2.900000e+00
      vertex   -1.072997e+00 -3.048639e+01 2.900000e+00
      vertex   -6.156363e-01 -2.678352e+01 2.900000e+00
    endloop
  endfacet
  facet normal -1.747000e-17 -1.177732e-16 1.000000e+00
    outer loop
      vertex   -6.156363e-01 -2.678352e+01 2.900000e+00
      vertex   -1.072997e+00 -3.048639e+01 2.900000e+00
      vertex   -5.390943e-01 -3.056559e+01 2.900000e+00
    endloop
  endfacet
  facet normal -3.163404e-17 -1.180599e-16 1.000000e+00
    outer loop
      vertex   -6.156363e-01 -2.678352e+01 2.900000e+00
      vertex   -5.390943e-01 -3.056559e+01 2.900000e+00
      vertex   -3.125667e-01 -2.686472e+01 2.900000e+00
    endloop
  endfacet
  facet normal -5.877360e-18 -1.196364e-16 1.000000e+00
    outer loop
      vertex   -3.125667e-01 -2.686472e+01 2.900000e+00
      vertex   -5.390943e-01 -3.056559e+01 2.900000e+00
      vertex   0.000000e+00 -3.059207e+01 2.900000e+00
    endloop
  endfacet
  facet normal -1.050075e-17 -1.200241e-16 1.000000e+00
    outer loop
      vertex   -3.125667e-01 -2.686472e+01 2.900000e+00
      vertex   0.000000e+00 -3.059207e+01 2.900000e+00
      vertex   0.000000e+00 -2.689207e+01 2.900000e+00
    endloop
  endfacet
  facet normal 1.050075e-17 -1.200241e-16 1.000000e+00
    outer loop
      vertex   0.000000e+00 -2.689207e+01 2.900000e+00
      vertex   0.000000e+00 -3.059207e+01 2.900000e+00
      vertex   3.125667e-01 -2.686472e+01 2.900000e+00
    endloop
  endfacet
  facet normal 5.877360e-18 -1.196364e-16 1.000000e+00
    outer loop
      vertex   3.125667e-01 -2.686472e+01 2.900000e+00
      vertex   0.000000e+00 -3.059207e+01 2.900000e+00
      vertex   5.390943e-01 -3.056559e+01 2.900000e+00
    endloop
  endfacet
  facet normal 3.163404e-17 -1.180599e-16 1.000000e+00
    outer loop
      vertex   3.125667e-01 -2.686472e+01 2.900000e+00
      vertex   5.390943e-01 -3.056559e+01 2.900000e+00
      vertex   6.156363e-01 -2.678352e+01 2.900000e+00
    endloop
  endfacet
  facet normal 1.747000e-17 -1.177732e-16 1.000000e+00
    outer loop
      vertex   6.156363e-01 -2.678352e+01 2.900000e+00
      vertex   5.390943e-01 -3.056559e+01 2.900000e+00
      vertex   1.072997e+00 -3.048639e+01 2.900000e+00
    endloop
  endfacet
  facet normal 5.287912e-17 -1.133996e-16 1.000000e+00
    outer loop
      vertex   6.156363e-01 -2.678352e+01 2.900000e+00
      vertex   1.072997e+00 -3.048639e+01 2.900000e+00
      vertex   9.000000e-01 -2.665092e+01 2.900000e+00
    endloop
  endfacet
  facet normal 2.867855e-17 -1.144912e-16 1.000000e+00
    outer loop
      vertex   9.000000e-01 -2.665092e+01 2.900000e+00
      vertex   1.072997e+00 -3.048639e+01 2.900000e+00
      vertex   1.596566e+00 -3.035524e+01 2.900000e+00
    endloop
  endfacet
  facet normal 4.019102e-17 -1.123264e-16 1.000000e+00
    outer loop
      vertex   9.000000e-01 -2.665092e+01 2.900000e+00
      vertex   1.596566e+00 -3.035524e+01 2.900000e+00
      vertex   2.104759e+00 -3.017341e+01 2.900000e+00
    endloop
  endfacet
  facet normal 5.132530e-17 -1.085182e-16 1.000000e+00
    outer loop
      vertex   2.104759e+00 -3.017341e+01 2.900000e+00
      vertex   2.592682e+00 -2.994264e+01 2.900000e+00
      vertex   9.000000e-01 -2.665092e+01 2.900000e+00
    endloop
  endfacet
  facet normal 6.181138e-17 -1.031260e-16 1.000000e+00
    outer loop
      vertex   9.000000e-01 -2.665092e+01 2.900000e+00
      vertex   2.592682e+00 -2.994264e+01 2.900000e+00
      vertex   3.055636e+00 -2.966515e+01 2.900000e+00
    endloop
  endfacet
  facet normal 7.139853e-17 -9.626978e-17 1.000000e+00
    outer loop
      vertex   9.000000e-01 -2.665092e+01 2.900000e+00
      vertex   3.055636e+00 -2.966515e+01 2.900000e+00
      vertex   3.489163e+00 -2.934363e+01 2.900000e+00
    endloop
  endfacet
  facet normal 7.987054e-17 -8.812356e-17 1.000000e+00
    outer loop
      vertex   3.489163e+00 -2.934363e+01 2.900000e+00
      vertex   3.889087e+00 -2.898116e+01 2.900000e+00
      vertex   9.000000e-01 -2.665092e+01 2.900000e+00
    endloop
  endfacet
  facet normal 8.705762e-17 -7.890443e-17 1.000000e+00
    outer loop
      vertex   9.000000e-01 -2.665092e+01 2.900000e+00
      vertex   3.889087e+00 -2.898116e+01 2.900000e+00
      vertex   4.251557e+00 -2.858123e+01 2.900000e+00
    endloop
  endfacet
  facet normal 9.284396e-17 -6.885777e-17 1.000000e+00
    outer loop
      vertex   9.000000e-01 -2.665092e+01 2.900000e+00
      vertex   4.251557e+00 -2.858123e+01 2.900000e+00
      vertex   4.573083e+00 -2.814771e+01 2.900000e+00
    endloop
  endfacet
  facet normal 0.000000e+00 -0.000000e+00 1.000000e+00
    outer loop
      vertex   4.850567e+00 -2.768475e+01 2.900000e+00
      vertex   5.500000e+00 -2.509207e+01 2.900000e+00
      vertex   4.573083e+00 -2.814771e+01 2.900000e+00
    endloop
  endfacet
  facet normal 1.200241e-16 -3.640892e-17 1.000000e+00
    outer loop
      vertex   4.573083e+00 -2.814771e+01 2.900000e+00
      vertex   5.500000e+00 -2.509207e+01 2.900000e+00
      vertex   1.800000e+00 -2.509207e+01 2.900000e+00
    endloop
  endfacet
  facet normal 1.460620e-16 -1.277877e-17 1.000000e+00
    outer loop
      vertex   4.573083e+00 -2.814771e+01 2.900000e+00
      vertex   1.800000e+00 -2.509207e+01 2.900000e+00
      vertex   1.772654e+00 -2.540464e+01 2.900000e+00
    endloop
  endfacet
  facet normal 0.000000e+00 0.000000e+00 1.000000e+00
    outer loop
      vertex   4.850567e+00 -2.768475e+01 2.900000e+00
      vertex   5.081337e+00 -2.719683e+01 2.900000e+00
      vertex   5.500000e+00 -2.509207e+01 2.900000e+00
    endloop
  endfacet
  facet normal 0.000000e+00 0.000000e+00 1.000000e+00
    outer loop
      vertex   5.500000e+00 -2.509207e+01 2.900000e+00
      vertex   5.081337e+00 -2.719683e+01 2.900000e+00
      vertex   5.263172e+00 -2.668864e+01 2.900000e+00
    endloop
  endfacet
  facet normal 0.000000e+00 0.000000e+00 1.000000e+00
    outer loop
      vertex   5.500000e+00 -2.509207e+01 2.900000e+00
      vertex   5.263172e+00 -2.668864e+01 2.900000e+00
      vertex   5.394319e+00 -2.616507e+01 2.900000e+00
    endloop
  endfacet
  facet normal 0.000000e+00 0.000000e+00 1.000000e+00
    outer loop
      vertex   5.394319e+00 -2.616507e+01 2.900000e+00
      vertex   5.473516e+00 -2.563116e+01 2.900000e+00
      vertex   5.500000e+00 -2.509207e+01 2.900000e+00
    endloop
  endfacet
  facet normal 1.200241e-16 -1.013275e-30 1.000000e+00
    outer loop
      vertex   1.800000e+00 -2.509207e+01 2.900000e+00
      vertex   5.500000e+00 -2.509207e+01 2.900000e+00
      vertex   1.800000e+00 -1.299335e+01 2.900000e+00
    endloop
  endfacet
  facet normal 1.200241e-16 -1.013275e-30 1.000000e+00
    outer loop
      vertex   1.800000e+00 -1.299335e+01 2.900000e+00
      vertex   5.500000e+00 -2.509207e+01 2.900000e+00
      vertex   5.500000e+00 -1.299335e+01 2.900000e+00
    endloop
  endfacet
  facet normal 1.200241e-16 4.113307e-18 1.000000e+00
    outer loop
      vertex   1.800000e+00 -1.299335e+01 2.900000e+00
      vertex   5.500000e+00 -1.299335e+01 2.900000e+00
      vertex   5.477711e+00 -1.234297e+01 2.900000e+00
    endloop
  endfacet
  facet normal 2.377363e-16 -6.615162e-16 1.000000e+00
    outer loop
      vertex   5.477711e+00 -1.234297e+01 2.900000e+00
      vertex   5.410949e+00 -1.169564e+01 2.900000e+00
      vertex   1.800000e+00 -1.299335e+01 2.900000e+00
    endloop
  endfacet
  facet normal -2.343223e-16 6.520166e-16 1.000000e+00
    outer loop
      vertex   1.800000e+00 -1.299335e+01 2.900000e+00
      vertex   5.410949e+00 -1.169564e+01 2.900000e+00
      vertex   5.300027e+00 -1.105441e+01 2.900000e+00
    endloop
  endfacet
  facet normal 4.544998e-16 -5.913900e-16 1.000000e+00
    outer loop
      vertex   1.800000e+00 -1.299335e+01 2.900000e+00
      vertex   5.300027e+00 -1.105441e+01 2.900000e+00
      vertex   5.145465e+00 -1.042227e+01 2.900000e+00
    endloop
  endfacet
  facet normal -4.421832e-16 5.753639e-16 1.000000e+00
    outer loop
      vertex   5.145465e+00 -1.042227e+01 2.900000e+00
      vertex   4.947989e+00 -9.802193e+00 2.900000e+00
      vertex   1.800000e+00 -1.299335e+01 2.900000e+00
    endloop
  endfacet
  facet normal 6.316476e-16 -4.839404e-16 1.000000e+00
    outer loop
      vertex   1.800000e+00 -1.299335e+01 2.900000e+00
      vertex   4.947989e+00 -9.802193e+00 2.900000e+00
      vertex   4.708526e+00 -9.197092e+00 2.900000e+00
    endloop
  endfacet
  facet normal -6.081074e-16 4.659050e-16 1.000000e+00
    outer loop
      vertex   1.800000e+00 -1.299335e+01 2.900000e+00
      vertex   4.708526e+00 -9.197092e+00 2.900000e+00
      vertex   4.428198e+00 -8.609805e+00 2.900000e+00
    endloop
  endfacet
  facet normal 1.457725e-15 -7.726851e-16 1.000000e+00
    outer loop
      vertex   1.800000e+00 -1.299335e+01 2.900000e+00
      vertex   4.428198e+00 -8.609805e+00 2.900000e+00
      vertex   1.775815e+00 -1.246424e+01 2.900000e+00
    endloop
  endfacet
  facet normal 1.839653e-16 1.038367e-16 1.000000e+00
    outer loop
      vertex   1.775815e+00 -1.246424e+01 2.900000e+00
      vertex   4.428198e+00 -8.609805e+00 2.900000e+00
      vertex   4.108322e+00 -8.043087e+00 2.900000e+00
    endloop
  endfacet
  facet normal 1.943057e-16 9.838135e-17 1.000000e+00
    outer loop
      vertex   1.775815e+00 -1.246424e+01 2.900000e+00
      vertex   4.108322e+00 -8.043087e+00 2.900000e+00
      vertex   4.000805e+00 -7.830737e+00 2.900000e+00
    endloop
  endfacet
  facet normal 3.101270e-16 4.276442e-17 1.000000e+00
    outer loop
      vertex   1.775815e+00 -1.246424e+01 2.900000e+00
      vertex   4.000805e+00 -7.830737e+00 2.900000e+00
      vertex   1.703463e+00 -1.193955e+01 2.900000e+00
    endloop
  endfacet
  facet normal 2.458412e-16 7.870830e-17 1.000000e+00
    outer loop
      vertex   1.703463e+00 -1.193955e+01 2.900000e+00
      vertex   4.000805e+00 -7.830737e+00 2.900000e+00
      vertex   3.928230e+00 -7.604054e+00 2.900000e+00
    endloop
  endfacet
  facet normal 2.747656e-16 6.386570e-17 1.000000e+00
    outer loop
      vertex   1.703463e+00 -1.193955e+01 2.900000e+00
      vertex   3.928230e+00 -7.604054e+00 2.900000e+00
      vertex   1.583547e+00 -1.142364e+01 2.900000e+00
    endloop
  endfacet
  facet normal 3.035604e-16 4.618972e-17 1.000000e+00
    outer loop
      vertex   1.583547e+00 -1.142364e+01 2.900000e+00
      vertex   3.928230e+00 -7.604054e+00 2.900000e+00
      vertex   3.892425e+00 -7.368744e+00 2.900000e+00
    endloop
  endfacet
  facet normal 2.432411e-16 8.053587e-17 1.000000e+00
    outer loop
      vertex   1.583547e+00 -1.142364e+01 2.900000e+00
      vertex   3.892425e+00 -7.368744e+00 2.900000e+00
      vertex   1.417067e+00 -1.092082e+01 2.900000e+00
    endloop
  endfacet
  facet normal -5.866840e-16 6.588913e-16 1.000000e+00
    outer loop
      vertex   1.417067e+00 -1.092082e+01 2.900000e+00
      vertex   3.892425e+00 -7.368744e+00 2.900000e+00
      vertex   1.205411e+00 -1.043529e+01 2.900000e+00
    endloop
  endfacet
  facet normal 1.667653e-16 -1.308132e-18 1.000000e+00
    outer loop
      vertex   1.205411e+00 -1.043529e+01 2.900000e+00
      vertex   3.892425e+00 -7.368744e+00 2.900000e+00
      vertex   3.894292e+00 -7.130733e+00 2.900000e+00
    endloop
  endfacet
  facet normal 9.858463e-17 5.416977e-17 1.000000e+00
    outer loop
      vertex   1.205411e+00 -1.043529e+01 2.900000e+00
      vertex   3.894292e+00 -7.130733e+00 2.900000e+00
      vertex   9.503441e-01 -9.971085e+00 2.900000e+00
    endloop
  endfacet
  facet normal 1.230072e-16 2.885645e-17 1.000000e+00
    outer loop
      vertex   9.503441e-01 -9.971085e+00 2.900000e+00
      vertex   3.894292e+00 -7.130733e+00 2.900000e+00
      vertex   2.083716e-01 -6.808258e+00 2.900000e+00
    endloop
  endfacet
  facet normal 0.000000e+00 0.000000e+00 1.000000e+00
    outer loop
      vertex   9.503441e-01 -9.971085e+00 2.900000e+00
      vertex   2.083716e-01 -6.808258e+00 2.900000e+00
      vertex   7.230034e-01 -9.557629e+00 2.900000e+00
    endloop
  endfacet
  facet normal 0.000000e+00 0.000000e+00 1.000000e+00
    outer loop
      vertex   7.230034e-01 -9.557629e+00 2.900000e+00
      vertex   2.083716e-01 -6.808258e+00 2.900000e+00
      vertex   5.340760e-01 -9.125268e+00 2.900000e+00
    endloop
  endfacet
  facet normal 0.000000e+00 0.000000e+00 1.000000e+00
    outer loop
      vertex   5.340760e-01 -9.125268e+00 2.900000e+00
      vertex   2.083716e-01 -6.808258e+00 2.900000e+00
      vertex   3.851175e-01 -8.677561e+00 2.900000e+00
    endloop
  endfacet
  facet normal 0.000000e+00 0.000000e+00 1.000000e+00
    outer loop
      vertex   3.851175e-01 -8.677561e+00 2.900000e+00
      vertex   2.083716e-01 -6.808258e+00 2.900000e+00
      vertex   2.773542e-01 -8.218196e+00 2.900000e+00
    endloop
  endfacet
  facet normal 0.000000e+00 0.000000e+00 1.000000e+00
    outer loop
      vertex   2.773542e-01 -8.218196e+00 2.900000e+00
      vertex   2.083716e-01 -6.808258e+00 2.900000e+00
      vertex   2.116735e-01 -7.750953e+00 2.900000e+00
    endloop
  endfacet
  facet normal 0.000000e+00 0.000000e+00 1.000000e+00
    outer loop
      vertex   2.116735e-01 -7.750953e+00 2.900000e+00
      vertex   2.083716e-01 -6.808258e+00 2.900000e+00
      vertex   1.886160e-01 -7.279681e+00 2.900000e+00
    endloop
  endfacet
  facet normal -2.378314e-17 -2.718425e-16 1.000000e+00
    outer loop
      vertex   4.319807e+00 -2.267081e+00 2.900000e+00
      vertex   6.338862e-01 -1.944604e+00 2.900000e+00
      vertex   3.894292e+00 -7.130733e+00 2.900000e+00
    endloop
  endfacet
  facet normal 1.037120e-16 -1.916891e-16 1.000000e+00
    outer loop
      vertex   3.894292e+00 -7.130733e+00 2.900000e+00
      vertex   6.338862e-01 -1.944604e+00 2.900000e+00
      vertex   2.083716e-01 -6.808258e+00 2.900000e+00
    endloop
  endfacet
  facet normal 1.256110e-16 -3.365737e-17 1.000000e+00
    outer loop
      vertex   1.772654e+00 -2.540464e+01 2.900000e+00
      vertex   1.691447e+00 -2.570771e+01 2.900000e+00
      vertex   4.573083e+00 -2.814771e+01 2.900000e+00
    endloop
  endfacet
  facet normal 1.104857e-16 -5.152033e-17 1.000000e+00
    outer loop
      vertex   4.573083e+00 -2.814771e+01 2.900000e+00
      vertex   1.691447e+00 -2.570771e+01 2.900000e+00
      vertex   1.558846e+00 -2.599207e+01 2.900000e+00
    endloop
  endfacet
  facet normal 9.817099e-17 -6.874006e-17 1.000000e+00
    outer loop
      vertex   4.573083e+00 -2.814771e+01 2.900000e+00
      vertex   1.558846e+00 -2.599207e+01 2.900000e+00
      vertex   1.378880e+00 -2.624909e+01 2.900000e+00
    endloop
  endfacet
  facet normal 8.719905e-17 -8.719905e-17 1.000000e+00
    outer loop
      vertex   1.378880e+00 -2.624909e+01 2.900000e+00
      vertex   1.157018e+00 -2.647095e+01 2.900000e+00
      vertex   4.573083e+00 -2.814771e+01 2.900000e+00
    endloop
  endfacet
  facet normal 7.642583e-17 -1.091474e-16 1.000000e+00
    outer loop
      vertex   4.573083e+00 -2.814771e+01 2.900000e+00
      vertex   1.157018e+00 -2.647095e+01 2.900000e+00
      vertex   9.000000e-01 -2.665092e+01 2.900000e+00
    endloop
  endfacet
  facet normal 0.000000e+00 0.000000e+00 1.000000e+00
    outer loop
      vertex   -7.230034e-01 -9.557629e+00 2.900000e+00
      vertex   -5.340760e-01 -9.125268e+00 2.900000e+00
      vertex   -2.083716e-01 -6.808258e+00 2.900000e+00
    endloop
  endfacet
  facet normal 0.000000e+00 0.000000e+00 1.000000e+00
    outer loop
      vertex   -2.083716e-01 -6.808258e+00 2.900000e+00
      vertex   -5.340760e-01 -9.125268e+00 2.900000e+00
      vertex   -3.851175e-01 -8.677561e+00 2.900000e+00
    endloop
  endfacet
  facet normal 0.000000e+00 0.000000e+00 1.000000e+00
    outer loop
      vertex   -2.083716e-01 -6.808258e+00 2.900000e+00
      vertex   -3.851175e-01 -8.677561e+00 2.900000e+00
      vertex   -2.773542e-01 -8.218196e+00 2.900000e+00
    endloop
  endfacet
  facet normal 0.000000e+00 0.000000e+00 1.000000e+00
    outer loop
      vertex   -2.773542e-01 -8.218196e+00 2.900000e+00
      vertex   -2.116735e-01 -7.750953e+00 2.900000e+00
      vertex   -2.083716e-01 -6.808258e+00 2.900000e+00
    endloop
  endfacet
  facet normal 0.000000e+00 0.000000e+00 1.000000e+00
    outer loop
      vertex   -2.083716e-01 -6.808258e+00 2.900000e+00
      vertex   -2.116735e-01 -7.750953e+00 2.900000e+00
      vertex   -1.886160e-01 -7.279681e+00 2.900000e+00
    endloop
  endfacet
  facet normal 9.961947e-01 8.715574e-02 0.000000e+00
    outer loop
      vertex   -2.083716e-01 -6.808258e+00 2.900000e+00
      vertex   -2.083716e-01 -6.808258e+00 -2.900000e+00
      vertex   -6.338862e-01 -1.944604e+00 2.900000e+00
    endloop
  endfacet
  facet normal 9.961947e-01 8.715574e-02 4.510717e-17
    outer loop
      vertex   -6.338862e-01 -1.944604e+00 2.900000e+00
      vertex   -2.083716e-01 -6.808258e+00 -2.900000e+00
      vertex   -8.207923e-01 1.917421e-01 -2.900000e+00
    endloop
  endfacet
  facet normal 9.961947e-01 8.715574e-02 4.335536e-17
    outer loop
      vertex   -6.338862e-01 -1.944604e+00 2.900000e+00
      vertex   -8.207923e-01 1.917421e-01 -2.900000e+00
      vertex   -6.527501e-01 -1.728988e+00 2.923704e+00
    endloop
  endfacet
  facet normal 9.961947e-01 8.715574e-02 1.339931e-16
    outer loop
      vertex   -6.527501e-01 -1.728988e+00 2.923704e+00
      vertex   -8.207923e-01 1.917421e-01 -2.900000e+00
      vertex   -6.707198e-01 -1.523594e+00 2.993692e+00
    endloop
  endfacet
  facet normal 9.961947e-01 8.715574e-02 1.589951e-18
    outer loop
      vertex   -6.707198e-01 -1.523594e+00 2.993692e+00
      vertex   -8.207923e-01 1.917421e-01 -2.900000e+00
      vertex   -8.207923e-01 1.917421e-01 2.900000e+00
    endloop
  endfacet
  facet normal 9.961947e-01 8.715574e-02 2.253638e-16
    outer loop
      vertex   -6.707198e-01 -1.523594e+00 2.993692e+00
      vertex   -8.207923e-01 1.917421e-01 2.900000e+00
      vertex   -6.869432e-01 -1.338159e+00 3.106647e+00
    endloop
  endfacet
  facet normal 9.961947e-01 8.715574e-02 7.063900e-16
    outer loop
      vertex   -6.869432e-01 -1.338159e+00 3.106647e+00
      vertex   -8.207923e-01 1.917421e-01 2.900000e+00
      vertex   -7.006513e-01 -1.181475e+00 3.257212e+00
    endloop
  endfacet
  facet normal 9.961947e-01 8.715574e-02 1.371463e-16
    outer loop
      vertex   -7.006513e-01 -1.181475e+00 3.257212e+00
      vertex   -8.207923e-01 1.917421e-01 2.900000e+00
      vertex   -8.207923e-01 1.917421e-01 4.900000e+00
    endloop
  endfacet
  facet normal -9.961947e-01 -8.715574e-02 -2.001979e-17
    outer loop
      vertex   -4.319807e+00 -2.267081e+00 2.900000e+00
      vertex   -4.319807e+00 -2.267081e+00 -2.900000e+00
      vertex   -3.894292e+00 -7.130733e+00 2.900000e+00
    endloop
  endfacet
  facet normal -9.961947e-01 -8.715574e-02 -0.000000e+00
    outer loop
      vertex   -3.894292e+00 -7.130733e+00 2.900000e+00
      vertex   -4.319807e+00 -2.267081e+00 -2.900000e+00
      vertex   -3.894292e+00 -7.130733e+00 -2.900000e+00
    endloop
  endfacet
  facet normal 8.762697e-01 -4.818210e-01 0.000000e+00
    outer loop
      vertex   -9.503441e-01 -9.971085e+00 2.900000e+00
      vertex   -9.503441e-01 -9.971085e+00 -2.900000e+00
      vertex   -7.230034e-01 -9.557629e+00 2.900000e+00
    endloop
  endfacet
  facet normal 8.762697e-01 -4.818210e-01 0.000000e+00
    outer loop
      vertex   -7.230034e-01 -9.557629e+00 2.900000e+00
      vertex   -9.503441e-01 -9.971085e+00 -2.900000e+00
      vertex   -7.230034e-01 -9.557629e+00 -2.900000e+00
    endloop
  endfacet
  facet normal 9.163367e-01 -4.004086e-01 0.000000e+00
    outer loop
      vertex   -7.230034e-01 -9.557629e+00 2.900000e+00
      vertex   -7.230034e-01 -9.557629e+00 -2.900000e+00
      vertex   -5.340760e-01 -9.125268e+00 2.900000e+00
    endloop
  endfacet
  facet normal 9.163367e-01 -4.004086e-01 0.000000e+00
    outer loop
      vertex   -5.340760e-01 -9.125268e+00 2.900000e+00
      vertex   -7.230034e-01 -9.557629e+00 -2.900000e+00
      vertex   -5.340760e-01 -9.125268e+00 -2.900000e+00
    endloop
  endfacet
  facet normal 9.488592e-01 -3.156995e-01 0.000000e+00
    outer loop
      vertex   -5.340760e-01 -9.125268e+00 2.900000e+00
      vertex   -5.340760e-01 -9.125268e+00 -2.900000e+00
      vertex   -3.851175e-01 -8.677561e+00 2.900000e+00
    endloop
  endfacet
  facet normal 9.488592e-01 -3.156995e-01 0.000000e+00
    outer loop
      vertex   -3.851175e-01 -8.677561e+00 2.900000e+00
      vertex   -5.340760e-01 -9.125268e+00 -2.900000e+00
      vertex   -3.851175e-01 -8.677561e+00 -2.900000e+00
    endloop
  endfacet
  facet normal 9.735694e-01 -2.283912e-01 0.000000e+00
    outer loop
      vertex   -3.851175e-01 -8.677561e+00 2.900000e+00
      vertex   -3.851175e-01 -8.677561e+00 -2.900000e+00
      vertex   -2.773542e-01 -8.218196e+00 2.900000e+00
    endloop
  endfacet
  facet normal 9.735694e-01 -2.283912e-01 0.000000e+00
    outer loop
      vertex   -2.773542e-01 -8.218196e+00 2.900000e+00
      vertex   -3.851175e-01 -8.677561e+00 -2.900000e+00
      vertex   -2.773542e-01 -8.218196e+00 -2.900000e+00
    endloop
  endfacet
  facet normal 9.902639e-01 -1.392024e-01 0.000000e+00
    outer loop
      vertex   -2.773542e-01 -8.218196e+00 2.900000e+00
      vertex   -2.773542e-01 -8.218196e+00 -2.900000e+00
      vertex   -2.116735e-01 -7.750953e+00 2.900000e+00
    endloop
  endfacet
  facet normal 9.902639e-01 -1.392024e-01 0.000000e+00
    outer loop
      vertex   -2.116735e-01 -7.750953e+00 2.900000e+00
      vertex   -2.773542e-01 -8.218196e+00 -2.900000e+00
      vertex   -2.116735e-01 -7.750953e+00 -2.900000e+00
    endloop
  endfacet
  facet normal 9.988053e-01 -4.886754e-02 0.000000e+00
    outer loop
      vertex   -2.116735e-01 -7.750953e+00 2.900000e+00
      vertex   -2.116735e-01 -7.750953e+00 -2.900000e+00
      vertex   -1.886160e-01 -7.279681e+00 2.900000e+00
    endloop
  endfacet
  facet normal 9.988053e-01 -4.886754e-02 0.000000e+00
    outer loop
      vertex   -1.886160e-01 -7.279681e+00 2.900000e+00
      vertex   -2.116735e-01 -7.750953e+00 -2.900000e+00
      vertex   -1.886160e-01 -7.279681e+00 -2.900000e+00
    endloop
  endfacet
  facet normal 9.991231e-01 4.186968e-02 0.000000e+00
    outer loop
      vertex   -1.886160e-01 -7.279681e+00 2.900000e+00
      vertex   -1.886160e-01 -7.279681e+00 -2.900000e+00
      vertex   -2.083716e-01 -6.808258e+00 2.900000e+00
    endloop
  endfacet
  facet normal 9.991231e-01 4.186968e-02 0.000000e+00
    outer loop
      vertex   -2.083716e-01 -6.808258e+00 2.900000e+00
      vertex   -1.886160e-01 -7.279681e+00 -2.900000e+00
      vertex   -2.083716e-01 -6.808258e+00 -2.900000e+00
    endloop
  endfacet
  facet normal -8.921595e-01 4.517205e-01 0.000000e+00
    outer loop
      vertex   -4.000805e+00 -7.830737e+00 -2.900000e+00
      vertex   -4.108322e+00 -8.043087e+00 -2.900000e+00
      vertex   -4.000805e+00 -7.830737e+00 0.000000e+00
    endloop
  endfacet
  facet normal -8.921595e-01 4.517205e-01 6.329434e-20
    outer loop
      vertex   -4.000805e+00 -7.830737e+00 0.000000e+00
      vertex   -4.108322e+00 -8.043087e+00 -2.900000e+00
      vertex   -4.108322e+00 -8.043087e+00 2.900000e+00
    endloop
  endfacet
  facet normal -8.921595e-01 4.517205e-01 0.000000e+00
    outer loop
      vertex   -4.000805e+00 -7.830737e+00 0.000000e+00
      vertex   -4.108322e+00 -8.043087e+00 2.900000e+00
      vertex   -4.000805e+00 -7.830737e+00 2.900000e+00
    endloop
  endfacet
  facet normal -9.523802e-01 3.049132e-01 0.000000e+00
    outer loop
      vertex   -4.000805e+00 -7.830737e+00 0.000000e+00
      vertex   -4.000805e+00 -7.830737e+00 2.900000e+00
      vertex   -3.928230e+00 -7.604054e+00 0.000000e+00
    endloop
  endfacet
  facet normal -9.523802e-01 3.049132e-01 1.458420e-16
    outer loop
      vertex   -3.928230e+00 -7.604054e+00 0.000000e+00
      vertex   -4.000805e+00 -7.830737e+00 2.900000e+00
      vertex   -3.928230e+00 -7.604054e+00 2.900000e+00
    endloop
  endfacet
  facet normal -9.886209e-01 1.504284e-01 1.513917e-16
    outer loop
      vertex   -3.928230e+00 -7.604054e+00 0.000000e+00
      vertex   -3.928230e+00 -7.604054e+00 2.900000e+00
      vertex   -3.892425e+00 -7.368744e+00 0.000000e+00
    endloop
  endfacet
  facet normal -9.886209e-01 1.504284e-01 0.000000e+00
    outer loop
      vertex   -3.892425e+00 -7.368744e+00 0.000000e+00
      vertex   -3.928230e+00 -7.604054e+00 2.900000e+00
      vertex   -3.892425e+00 -7.368744e+00 2.900000e+00
    endloop
  endfacet
  facet normal -9.999692e-01 -7.843910e-03 0.000000e+00
    outer loop
      vertex   -3.892425e+00 -7.368744e+00 0.000000e+00
      vertex   -3.892425e+00 -7.368744e+00 2.900000e+00
      vertex   -3.894292e+00 -7.130733e+00 2.900000e+00
    endloop
  endfacet
  facet normal -9.999692e-01 -7.843910e-03 -0.000000e+00
    outer loop
      vertex   -3.894292e+00 -7.130733e+00 2.900000e+00
      vertex   -3.894292e+00 -7.130733e+00 -2.900000e+00
      vertex   -3.892425e+00 -7.368744e+00 0.000000e+00
    endloop
  endfacet
  facet normal -9.999692e-01 -7.843910e-03 -0.000000e+00
    outer loop
      vertex   -3.892425e+00 -7.368744e+00 0.000000e+00
      vertex   -3.894292e+00 -7.130733e+00 -2.900000e+00
      vertex   -3.892425e+00 -7.368744e+00 -2.900000e+00
    endloop
  endfacet
  facet normal -9.886209e-01 1.504284e-01 0.000000e+00
    outer loop
      vertex   -3.892425e+00 -7.368744e+00 0.000000e+00
      vertex   -3.892425e+00 -7.368744e+00 -2.900000e+00
      vertex   -3.928230e+00 -7.604054e+00 0.000000e+00
    endloop
  endfacet
  facet normal -9.886209e-01 1.504284e-01 -1.513917e-16
    outer loop
      vertex   -3.928230e+00 -7.604054e+00 0.000000e+00
      vertex   -3.892425e+00 -7.368744e+00 -2.900000e+00
      vertex   -3.928230e+00 -7.604054e+00 -2.900000e+00
    endloop
  endfacet
  facet normal -9.523802e-01 3.049132e-01 -1.458420e-16
    outer loop
      vertex   -3.928230e+00 -7.604054e+00 0.000000e+00
      vertex   -3.928230e+00 -7.604054e+00 -2.900000e+00
      vertex   -4.000805e+00 -7.830737e+00 0.000000e+00
    endloop
  endfacet
  facet normal -9.523802e-01 3.049132e-01 0.000000e+00
    outer loop
      vertex   -4.000805e+00 -7.830737e+00 0.000000e+00
      vertex   -3.928230e+00 -7.604054e+00 -2.900000e+00
      vertex   -4.000805e+00 -7.830737e+00 -2.900000e+00
    endloop
  endfacet
  facet normal 9.989570e-01 -4.566048e-02 0.000000e+00
    outer loop
      vertex   -1.800000e+00 -1.299335e+01 2.900000e+00
      vertex   -1.800000e+00 -1.299335e+01 -2.900000e+00
      vertex   -1.775815e+00 -1.246424e+01 2.900000e+00
    endloop
  endfacet
  facet normal 9.989570e-01 -4.566048e-02 0.000000e+00
    outer loop
      vertex   -1.775815e+00 -1.246424e+01 2.900000e+00
      vertex   -1.800000e+00 -1.299335e+01 -2.900000e+00
      vertex   -1.775815e+00 -1.246424e+01 -2.900000e+00
    endloop
  endfacet
  facet normal 9.906262e-01 -1.366006e-01 0.000000e+00
    outer loop
      vertex   -1.775815e+00 -1.246424e+01 2.900000e+00
      vertex   -1.775815e+00 -1.246424e+01 -2.900000e+00
      vertex   -1.703463e+00 -1.193955e+01 2.900000e+00
    endloop
  endfacet
  facet normal 9.906262e-01 -1.366006e-01 0.000000e+00
    outer loop
      vertex   -1.703463e+00 -1.193955e+01 2.900000e+00
      vertex   -1.775815e+00 -1.246424e+01 -2.900000e+00
      vertex   -1.703463e+00 -1.193955e+01 -2.900000e+00
    endloop
  endfacet
  facet normal 9.740340e-01 -2.264016e-01 0.000000e+00
    outer loop
      vertex   -1.703463e+00 -1.193955e+01 2.900000e+00
      vertex   -1.703463e+00 -1.193955e+01 -2.900000e+00
      vertex   -1.583547e+00 -1.142364e+01 2.900000e+00
    endloop
  endfacet
  facet normal 9.740340e-01 -2.264016e-01 0.000000e+00
    outer loop
      vertex   -1.583547e+00 -1.142364e+01 2.900000e+00
      vertex   -1.703463e+00 -1.193955e+01 -2.900000e+00
      vertex   -1.583547e+00 -1.142364e+01 -2.900000e+00
    endloop
  endfacet
  facet normal 9.493189e-01 -3.143145e-01 0.000000e+00
    outer loop
      vertex   -1.583547e+00 -1.142364e+01 2.900000e+00
      vertex   -1.583547e+00 -1.142364e+01 -2.900000e+00
      vertex   -1.417067e+00 -1.092082e+01 2.900000e+00
    endloop
  endfacet
  facet normal 9.493189e-01 -3.143145e-01 0.000000e+00
    outer loop
      vertex   -1.417067e+00 -1.092082e+01 2.900000e+00
      vertex   -1.583547e+00 -1.142364e+01 -2.900000e+00
      vertex   -1.417067e+00 -1.092082e+01 -2.900000e+00
    endloop
  endfacet
  facet normal 9.166869e-01 -3.996062e-01 0.000000e+00
    outer loop
      vertex   -1.417067e+00 -1.092082e+01 2.900000e+00
      vertex   -1.417067e+00 -1.092082e+01 -2.900000e+00
      vertex   -1.205411e+00 -1.043529e+01 2.900000e+00
    endloop
  endfacet
  facet normal 9.166869e-01 -3.996062e-01 0.000000e+00
    outer loop
      vertex   -1.205411e+00 -1.043529e+01 2.900000e+00
      vertex   -1.417067e+00 -1.092082e+01 -2.900000e+00
      vertex   -1.205411e+00 -1.043529e+01 -2.900000e+00
    endloop
  endfacet
  facet normal 8.764102e-01 -4.815653e-01 0.000000e+00
    outer loop
      vertex   -1.205411e+00 -1.043529e+01 2.900000e+00
      vertex   -1.205411e+00 -1.043529e+01 -2.900000e+00
      vertex   -9.503441e-01 -9.971085e+00 2.900000e+00
    endloop
  endfacet
  facet normal 8.764102e-01 -4.815653e-01 0.000000e+00
    outer loop
      vertex   -9.503441e-01 -9.971085e+00 2.900000e+00
      vertex   -1.205411e+00 -1.043529e+01 -2.900000e+00
      vertex   -9.503441e-01 -9.971085e+00 -2.900000e+00
    endloop
  endfacet
  facet normal -9.994133e-01 3.425057e-02 0.000000e+00
    outer loop
      vertex   -5.500000e+00 -1.299335e+01 -2.900000e+00
      vertex   -5.500000e+00 -1.299335e+01 2.900000e+00
      vertex   -5.477711e+00 -1.234297e+01 -2.900000e+00
    endloop
  endfacet
  facet normal -9.994133e-01 3.425057e-02 0.000000e+00
    outer loop
      vertex   -5.477711e+00 -1.234297e+01 -2.900000e+00
      vertex   -5.500000e+00 -1.299335e+01 2.900000e+00
      vertex   -5.477711e+00 -1.234297e+01 2.900000e+00
    endloop
  endfacet
  facet normal -9.947236e-01 1.025910e-01 0.000000e+00
    outer loop
      vertex   -5.477711e+00 -1.234297e+01 -2.900000e+00
      vertex   -5.477711e+00 -1.234297e+01 2.900000e+00
      vertex   -5.410949e+00 -1.169564e+01 -2.900000e+00
    endloop
  endfacet
  facet normal -9.947236e-01 1.025910e-01 0.000000e+00
    outer loop
      vertex   -5.410949e+00 -1.169564e+01 -2.900000e+00
      vertex   -5.477711e+00 -1.234297e+01 2.900000e+00
      vertex   -5.410949e+00 -1.169564e+01 2.900000e+00
    endloop
  endfacet
  facet normal -9.853663e-01 1.704500e-01 0.000000e+00
    outer loop
      vertex   -5.410949e+00 -1.169564e+01 -2.900000e+00
      vertex   -5.410949e+00 -1.169564e+01 2.900000e+00
      vertex   -5.300027e+00 -1.105441e+01 -2.900000e+00
    endloop
  endfacet
  facet normal -9.853663e-01 1.704500e-01 0.000000e+00
    outer loop
      vertex   -5.300027e+00 -1.105441e+01 -2.900000e+00
      vertex   -5.410949e+00 -1.169564e+01 2.900000e+00
      vertex   -5.300027e+00 -1.105441e+01 2.900000e+00
    endloop
  endfacet
  facet normal -9.713853e-01 2.375092e-01 0.000000e+00
    outer loop
      vertex   -5.300027e+00 -1.105441e+01 -2.900000e+00
      vertex   -5.300027e+00 -1.105441e+01 2.900000e+00
      vertex   -5.145465e+00 -1.042227e+01 -2.900000e+00
    endloop
  endfacet
  facet normal -9.713853e-01 2.375092e-01 0.000000e+00
    outer loop
      vertex   -5.145465e+00 -1.042227e+01 -2.900000e+00
      vertex   -5.300027e+00 -1.105441e+01 2.900000e+00
      vertex   -5.145465e+00 -1.042227e+01 2.900000e+00
    endloop
  endfacet
  facet normal -9.528461e-01 3.034539e-01 0.000000e+00
    outer loop
      vertex   -5.145465e+00 -1.042227e+01 -2.900000e+00
      vertex   -5.145465e+00 -1.042227e+01 2.900000e+00
      vertex   -4.947989e+00 -9.802193e+00 -2.900000e+00
    endloop
  endfacet
  facet normal -9.528461e-01 3.034539e-01 0.000000e+00
    outer loop
      vertex   -4.947989e+00 -9.802193e+00 -2.900000e+00
      vertex   -5.145465e+00 -1.042227e+01 2.900000e+00
      vertex   -4.947989e+00 -9.802193e+00 2.900000e+00
    endloop
  endfacet
  facet normal -9.298358e-01 3.679747e-01 0.000000e+00
    outer loop
      vertex   -4.947989e+00 -9.802193e+00 -2.900000e+00
      vertex   -4.947989e+00 -9.802193e+00 2.900000e+00
      vertex   -4.708526e+00 -9.197092e+00 -2.900000e+00
    endloop
  endfacet
  facet normal -9.298358e-01 3.679747e-01 0.000000e+00
    outer loop
      vertex   -4.708526e+00 -9.197092e+00 -2.900000e+00
      vertex   -4.947989e+00 -9.802193e+00 2.900000e+00
      vertex   -4.708526e+00 -9.197092e+00 2.900000e+00
    endloop
  endfacet
  facet normal -9.024623e-01 4.307688e-01 0.000000e+00
    outer loop
      vertex   -4.708526e+00 -9.197092e+00 -2.900000e+00
      vertex   -4.708526e+00 -9.197092e+00 2.900000e+00
      vertex   -4.428198e+00 -8.609805e+00 -2.900000e+00
    endloop
  endfacet
  facet normal -9.024623e-01 4.307688e-01 0.000000e+00
    outer loop
      vertex   -4.428198e+00 -8.609805e+00 -2.900000e+00
      vertex   -4.708526e+00 -9.197092e+00 2.900000e+00
      vertex   -4.428198e+00 -8.609805e+00 2.900000e+00
    endloop
  endfacet
  facet normal -8.708541e-01 4.915415e-01 0.000000e+00
    outer loop
      vertex   -4.428198e+00 -8.609805e+00 -2.900000e+00
      vertex   -4.428198e+00 -8.609805e+00 2.900000e+00
      vertex   -4.108322e+00 -8.043087e+00 -2.900000e+00
    endloop
  endfacet
  facet normal -8.708541e-01 4.915415e-01 0.000000e+00
    outer loop
      vertex   -4.108322e+00 -8.043087e+00 -2.900000e+00
      vertex   -4.428198e+00 -8.609805e+00 2.900000e+00
      vertex   -4.108322e+00 -8.043087e+00 2.900000e+00
    endloop
  endfacet
  facet normal 1.000000e+00 8.442259e-15 0.000000e+00
    outer loop
      vertex   -1.800000e+00 -2.509207e+01 2.900000e+00
      vertex   -1.800000e+00 -2.509207e+01 -2.900000e+00
      vertex   -1.800000e+00 -1.299335e+01 2.900000e+00
    endloop
  endfacet
  facet normal 1.000000e+00 8.442259e-15 0.000000e+00
    outer loop
      vertex   -1.800000e+00 -1.299335e+01 2.900000e+00
      vertex   -1.800000e+00 -2.509207e+01 -2.900000e+00
      vertex   -1.800000e+00 -1.299335e+01 -2.900000e+00
    endloop
  endfacet
  facet normal -1.000000e+00 -8.442259e-15 0.000000e+00
    outer loop
      vertex   -5.500000e+00 -2.509207e+01 -2.900000e+00
      vertex   -5.500000e+00 -2.509207e+01 2.900000e+00
      vertex   -5.500000e+00 -1.299335e+01 -2.900000e+00
    endloop
  endfacet
  facet normal -1.000000e+00 -8.442259e-15 0.000000e+00
    outer loop
      vertex   -5.500000e+00 -1.299335e+01 -2.900000e+00
      vertex   -5.500000e+00 -2.509207e+01 2.900000e+00
      vertex   -5.500000e+00 -1.299335e+01 2.900000e+00
    endloop
  endfacet
  facet normal -9.961947e-01 8.715574e-02 0.000000e+00
    outer loop
      vertex   1.800000e+00 -2.509207e+01 2.900000e+00
      vertex   1.800000e+00 -2.509207e+01 -2.900000e+00
      vertex   1.772654e+00 -2.540464e+01 2.900000e+00
    endloop
  endfacet
  facet normal -9.961947e-01 8.715574e-02 0.000000e+00
    outer loop
      vertex   1.772654e+00 -2.540464e+01 2.900000e+00
      vertex   1.800000e+00 -2.509207e+01 -2.900000e+00
      vertex   1.772654e+00 -2.540464e+01 -2.900000e+00
    endloop
  endfacet
  facet normal -9.659258e-01 2.588190e-01 0.000000e+00
    outer loop
      vertex   1.772654e+00 -2.540464e+01 2.900000e+00
      vertex   1.772654e+00 -2.540464e+01 -2.900000e+00
      vertex   1.691447e+00 -2.570771e+01 2.900000e+00
    endloop
  endfacet
  facet normal -9.659258e-01 2.588190e-01 0.000000e+00
    outer loop
      vertex   1.691447e+00 -2.570771e+01 2.900000e+00
      vertex   1.772654e+00 -2.540464e+01 -2.900000e+00
      vertex   1.691447e+00 -2.570771e+01 -2.900000e+00
    endloop
  endfacet
  facet normal -9.063078e-01 4.226183e-01 0.000000e+00
    outer loop
      vertex   1.691447e+00 -2.570771e+01 2.900000e+00
      vertex   1.691447e+00 -2.570771e+01 -2.900000e+00
      vertex   1.558846e+00 -2.599207e+01 2.900000e+00
    endloop
  endfacet
  facet normal -9.063078e-01 4.226183e-01 0.000000e+00
    outer loop
      vertex   1.558846e+00 -2.599207e+01 2.900000e+00
      vertex   1.691447e+00 -2.570771e+01 -2.900000e+00
      vertex   1.558846e+00 -2.599207e+01 -2.900000e+00
    endloop
  endfacet
  facet normal -8.191520e-01 5.735764e-01 0.000000e+00
    outer loop
      vertex   1.558846e+00 -2.599207e+01 2.900000e+00
      vertex   1.558846e+00 -2.599207e+01 -2.900000e+00
      vertex   1.378880e+00 -2.624909e+01 2.900000e+00
    endloop
  endfacet
  facet normal -8.191520e-01 5.735764e-01 0.000000e+00
    outer loop
      vertex   1.378880e+00 -2.624909e+01 2.900000e+00
      vertex   1.558846e+00 -2.599207e+01 -2.900000e+00
      vertex   1.378880e+00 -2.624909e+01 -2.900000e+00
    endloop
  endfacet
  facet normal -7.071068e-01 7.071068e-01 0.000000e+00
    outer loop
      vertex   1.378880e+00 -2.624909e+01 2.900000e+00
      vertex   1.378880e+00 -2.624909e+01 -2.900000e+00
      vertex   1.157018e+00 -2.647095e+01 2.900000e+00
    endloop
  endfacet
  facet normal -7.071068e-01 7.071068e-01 0.000000e+00
    outer loop
      vertex   1.157018e+00 -2.647095e+01 2.900000e+00
      vertex   1.378880e+00 -2.624909e+01 -2.900000e+00
      vertex   1.157018e+00 -2.647095e+01 -2.900000e+00
    endloop
  endfacet
  facet normal -5.735764e-01 8.191520e-01 0.000000e+00
    outer loop
      vertex   1.157018e+00 -2.647095e+01 2.900000e+00
      vertex   1.157018e+00 -2.647095e+01 -2.900000e+00
      vertex   9.000000e-01 -2.665092e+01 2.900000e+00
    endloop
  endfacet
  facet normal -5.735764e-01 8.191520e-01 0.000000e+00
    outer loop
      vertex   9.000000e-01 -2.665092e+01 2.900000e+00
      vertex   1.157018e+00 -2.647095e+01 -2.900000e+00
      vertex   9.000000e-01 -2.665092e+01 -2.900000e+00
    endloop
  endfacet
  facet normal -4.226183e-01 9.063078e-01 0.000000e+00
    outer loop
      vertex   9.000000e-01 -2.665092e+01 2.900000e+00
      vertex   9.000000e-01 -2.665092e+01 -2.900000e+00
      vertex   6.156363e-01 -2.678352e+01 2.900000e+00
    endloop
  endfacet
  facet normal -4.226183e-01 9.063078e-01 0.000000e+00
    outer loop
      vertex   6.156363e-01 -2.678352e+01 2.900000e+00
      vertex   9.000000e-01 -2.665092e+01 -2.900000e+00
      vertex   6.156363e-01 -2.678352e+01 -2.900000e+00
    endloop
  endfacet
  facet normal -2.588190e-01 9.659258e-01 0.000000e+00
    outer loop
      vertex   6.156363e-01 -2.678352e+01 2.900000e+00
      vertex   6.156363e-01 -2.678352e+01 -2.900000e+00
      vertex   3.125667e-01 -2.686472e+01 2.900000e+00
    endloop
  endfacet
  facet normal -2.588190e-01 9.659258e-01 0.000000e+00
    outer loop
      vertex   3.125667e-01 -2.686472e+01 2.900000e+00
      vertex   6.156363e-01 -2.678352e+01 -2.900000e+00
      vertex   3.125667e-01 -2.686472e+01 -2.900000e+00
    endloop
  endfacet
  facet normal -8.715574e-02 9.961947e-01 0.000000e+00
    outer loop
      vertex   3.125667e-01 -2.686472e+01 2.900000e+00
      vertex   3.125667e-01 -2.686472e+01 -2.900000e+00
      vertex   0.000000e+00 -2.689207e+01 2.900000e+00
    endloop
  endfacet
  facet normal -8.715574e-02 9.961947e-01 0.000000e+00
    outer loop
      vertex   0.000000e+00 -2.689207e+01 2.900000e+00
      vertex   3.125667e-01 -2.686472e+01 -2.900000e+00
      vertex   0.000000e+00 -2.689207e+01 -2.900000e+00
    endloop
  endfacet
  facet normal 8.715574e-02 9.961947e-01 0.000000e+00
    outer loop
      vertex   0.000000e+00 -2.689207e+01 2.900000e+00
      vertex   0.000000e+00 -2.689207e+01 -2.900000e+00
      vertex   -3.125667e-01 -2.686472e+01 2.900000e+00
    endloop
  endfacet
  facet normal 8.715574e-02 9.961947e-01 0.000000e+00
    outer loop
      vertex   -3.125667e-01 -2.686472e+01 2.900000e+00
      vertex   0.000000e+00 -2.689207e+01 -2.900000e+00
      vertex   -3.125667e-01 -2.686472e+01 -2.900000e+00
    endloop
  endfacet
  facet normal 2.588190e-01 9.659258e-01 0.000000e+00
    outer loop
      vertex   -3.125667e-01 -2.686472e+01 2.900000e+00
      vertex   -3.125667e-01 -2.686472e+01 -2.900000e+00
      vertex   -6.156363e-01 -2.678352e+01 2.900000e+00
    endloop
  endfacet
  facet normal 2.588190e-01 9.659258e-01 0.000000e+00
    outer loop
      vertex   -6.156363e-01 -2.678352e+01 2.900000e+00
      vertex   -3.125667e-01 -2.686472e+01 -2.900000e+00
      vertex   -6.156363e-01 -2.678352e+01 -2.900000e+00
    endloop
  endfacet
  facet normal 4.226183e-01 9.063078e-01 0.000000e+00
    outer loop
      vertex   -6.156363e-01 -2.678352e+01 2.900000e+00
      vertex   -6.156363e-01 -2.678352e+01 -2.900000e+00
      vertex   -9.000000e-01 -2.665092e+01 2.900000e+00
    endloop
  endfacet
  facet normal 4.226183e-01 9.063078e-01 0.000000e+00
    outer loop
      vertex   -9.000000e-01 -2.665092e+01 2.900000e+00
      vertex   -6.156363e-01 -2.678352e+01 -2.900000e+00
      vertex   -9.000000e-01 -2.665092e+01 -2.900000e+00
    endloop
  endfacet
  facet normal 5.735764e-01 8.191520e-01 0.000000e+00
    outer loop
      vertex   -9.000000e-01 -2.665092e+01 2.900000e+00
      vertex   -9.000000e-01 -2.665092e+01 -2.900000e+00
      vertex   -1.157018e+00 -2.647095e+01 2.900000e+00
    endloop
  endfacet
  facet normal 5.735764e-01 8.191520e-01 0.000000e+00
    outer loop
      vertex   -1.157018e+00 -2.647095e+01 2.900000e+00
      vertex   -9.000000e-01 -2.665092e+01 -2.900000e+00
      vertex   -1.157018e+00 -2.647095e+01 -2.900000e+00
    endloop
  endfacet
  facet normal 7.071068e-01 7.071068e-01 0.000000e+00
    outer loop
      vertex   -1.157018e+00 -2.647095e+01 2.900000e+00
      vertex   -1.157018e+00 -2.647095e+01 -2.900000e+00
      vertex   -1.378880e+00 -2.624909e+01 2.900000e+00
    endloop
  endfacet
  facet normal 7.071068e-01 7.071068e-01 0.000000e+00
    outer loop
      vertex   -1.378880e+00 -2.624909e+01 2.900000e+00
      vertex   -1.157018e+00 -2.647095e+01 -2.900000e+00
      vertex   -1.378880e+00 -2.624909e+01 -2.900000e+00
    endloop
  endfacet
  facet normal 8.191520e-01 5.735764e-01 0.000000e+00
    outer loop
      vertex   -1.378880e+00 -2.624909e+01 2.900000e+00
      vertex   -1.378880e+00 -2.624909e+01 -2.900000e+00
      vertex   -1.558846e+00 -2.599207e+01 2.900000e+00
    endloop
  endfacet
  facet normal 8.191520e-01 5.735764e-01 0.000000e+00
    outer loop
      vertex   -1.558846e+00 -2.599207e+01 2.900000e+00
      vertex   -1.378880e+00 -2.624909e+01 -2.900000e+00
      vertex   -1.558846e+00 -2.599207e+01 -2.900000e+00
    endloop
  endfacet
  facet normal 9.063078e-01 4.226183e-01 0.000000e+00
    outer loop
      vertex   -1.558846e+00 -2.599207e+01 2.900000e+00
      vertex   -1.558846e+00 -2.599207e+01 -2.900000e+00
      vertex   -1.691447e+00 -2.570771e+01 2.900000e+00
    endloop
  endfacet
  facet normal 9.063078e-01 4.226183e-01 0.000000e+00
    outer loop
      vertex   -1.691447e+00 -2.570771e+01 2.900000e+00
      vertex   -1.558846e+00 -2.599207e+01 -2.900000e+00
      vertex   -1.691447e+00 -2.570771e+01 -2.900000e+00
    endloop
  endfacet
  facet normal 9.659258e-01 2.588190e-01 0.000000e+00
    outer loop
      vertex   -1.691447e+00 -2.570771e+01 2.900000e+00
      vertex   -1.691447e+00 -2.570771e+01 -2.900000e+00
      vertex   -1.772654e+00 -2.540464e+01 2.900000e+00
    endloop
  endfacet
  facet normal 9.659258e-01 2.588190e-01 0.000000e+00
    outer loop
      vertex   -1.772654e+00 -2.540464e+01 2.900000e+00
      vertex   -1.691447e+00 -2.570771e+01 -2.900000e+00
      vertex   -1.772654e+00 -2.540464e+01 -2.900000e+00
    endloop
  endfacet
  facet normal 9.961947e-01 8.715574e-02 0.000000e+00
    outer loop
      vertex   -1.772654e+00 -2.540464e+01 2.900000e+00
      vertex   -1.772654e+00 -2.540464e+01 -2.900000e+00
      vertex   -1.800000e+00 -2.509207e+01 2.900000e+00
    endloop
  endfacet
  facet normal 9.961947e-01 8.715574e-02 0.000000e+00
    outer loop
      vertex   -1.800000e+00 -2.509207e+01 2.900000e+00
      vertex   -1.772654e+00 -2.540464e+01 -2.900000e+00
      vertex   -1.800000e+00 -2.509207e+01 -2.900000e+00
    endloop
  endfacet
  facet normal 9.987955e-01 -4.906767e-02 0.000000e+00
    outer loop
      vertex   5.500000e+00 -2.509207e+01 -2.900000e+00
      vertex   5.500000e+00 -2.509207e+01 2.900000e+00
      vertex   5.473516e+00 -2.563116e+01 -2.900000e+00
    endloop
  endfacet
  facet normal 9.987955e-01 -4.906767e-02 -3.058995e-16
    outer loop
      vertex   5.473516e+00 -2.563116e+01 -2.900000e+00
      vertex   5.500000e+00 -2.509207e+01 2.900000e+00
      vertex   5.473516e+00 -2.563116e+01 2.900000e+00
    endloop
  endfacet
  facet normal 9.891765e-01 -1.467305e-01 -3.029535e-16
    outer loop
      vertex   5.473516e+00 -2.563116e+01 -2.900000e+00
      vertex   5.473516e+00 -2.563116e+01 2.900000e+00
      vertex   5.394319e+00 -2.616507e+01 -2.900000e+00
    endloop
  endfacet
  facet normal 9.891765e-01 -1.467305e-01 -3.029535e-16
    outer loop
      vertex   5.394319e+00 -2.616507e+01 -2.900000e+00
      vertex   5.473516e+00 -2.563116e+01 2.900000e+00
      vertex   5.394319e+00 -2.616507e+01 2.900000e+00
    endloop
  endfacet
  facet normal 9.700313e-01 -2.429802e-01 -2.970899e-16
    outer loop
      vertex   5.394319e+00 -2.616507e+01 -2.900000e+00
      vertex   5.394319e+00 -2.616507e+01 2.900000e+00
      vertex   5.263172e+00 -2.668864e+01 -2.900000e+00
    endloop
  endfacet
  facet normal 9.700313e-01 -2.429802e-01 -2.970899e-16
    outer loop
      vertex   5.263172e+00 -2.668864e+01 -2.900000e+00
      vertex   5.394319e+00 -2.616507e+01 2.900000e+00
      vertex   5.263172e+00 -2.668864e+01 2.900000e+00
    endloop
  endfacet
  facet normal 9.415441e-01 -3.368899e-01 -2.883652e-16
    outer loop
      vertex   5.263172e+00 -2.668864e+01 -2.900000e+00
      vertex   5.263172e+00 -2.668864e+01 2.900000e+00
      vertex   5.081337e+00 -2.719683e+01 -2.900000e+00
    endloop
  endfacet
  facet normal 9.415441e-01 -3.368899e-01 -4.325478e-16
    outer loop
      vertex   5.081337e+00 -2.719683e+01 -2.900000e+00
      vertex   5.263172e+00 -2.668864e+01 2.900000e+00
      vertex   5.081337e+00 -2.719683e+01 2.900000e+00
    endloop
  endfacet
  facet normal 9.039893e-01 -4.275551e-01 -4.152951e-16
    outer loop
      vertex   5.081337e+00 -2.719683e+01 -2.900000e+00
      vertex   5.081337e+00 -2.719683e+01 2.900000e+00
      vertex   4.850567e+00 -2.768475e+01 -2.900000e+00
    endloop
  endfacet
  facet normal 9.039893e-01 -4.275551e-01 -4.152951e-16
    outer loop
      vertex   4.850567e+00 -2.768475e+01 -2.900000e+00
      vertex   5.081337e+00 -2.719683e+01 2.900000e+00
      vertex   4.850567e+00 -2.768475e+01 2.900000e+00
    endloop
  endfacet
  facet normal 8.577286e-01 -5.141027e-01 -3.940428e-16
    outer loop
      vertex   4.850567e+00 -2.768475e+01 -2.900000e+00
      vertex   4.850567e+00 -2.768475e+01 2.900000e+00
      vertex   4.573083e+00 -2.814771e+01 -2.900000e+00
    endloop
  endfacet
  facet normal 8.577286e-01 -5.141027e-01 -2.626952e-16
    outer loop
      vertex   4.573083e+00 -2.814771e+01 -2.900000e+00
      vertex   4.850567e+00 -2.768475e+01 2.900000e+00
      vertex   4.573083e+00 -2.814771e+01 2.900000e+00
    endloop
  endfacet
  facet normal 8.032075e-01 -5.956993e-01 -2.459971e-16
    outer loop
      vertex   4.573083e+00 -2.814771e+01 -2.900000e+00
      vertex   4.573083e+00 -2.814771e+01 2.900000e+00
      vertex   4.251557e+00 -2.858123e+01 -2.900000e+00
    endloop
  endfacet
  facet normal 8.032075e-01 -5.956993e-01 -1.229986e-16
    outer loop
      vertex   4.251557e+00 -2.858123e+01 -2.900000e+00
      vertex   4.573083e+00 -2.814771e+01 2.900000e+00
      vertex   4.251557e+00 -2.858123e+01 2.900000e+00
    endloop
  endfacet
  facet normal 7.409511e-01 -6.715590e-01 -1.134650e-16
    outer loop
      vertex   4.251557e+00 -2.858123e+01 -2.900000e+00
      vertex   4.251557e+00 -2.858123e+01 2.900000e+00
      vertex   3.889087e+00 -2.898116e+01 -2.900000e+00
    endloop
  endfacet
  facet normal 7.409511e-01 -6.715590e-01 -2.836624e-16
    outer loop
      vertex   3.889087e+00 -2.898116e+01 -2.900000e+00
      vertex   4.251557e+00 -2.858123e+01 2.900000e+00
      vertex   3.889087e+00 -2.898116e+01 2.900000e+00
    endloop
  endfacet
  facet normal 6.715590e-01 -7.409511e-01 -2.570966e-16
    outer loop
      vertex   3.889087e+00 -2.898116e+01 -2.900000e+00
      vertex   3.889087e+00 -2.898116e+01 2.900000e+00
      vertex   3.489163e+00 -2.934363e+01 -2.900000e+00
    endloop
  endfacet
  facet normal 6.715590e-01 -7.409511e-01 -1.542580e-16
    outer loop
      vertex   3.489163e+00 -2.934363e+01 -2.900000e+00
      vertex   3.889087e+00 -2.898116e+01 2.900000e+00
      vertex   3.489163e+00 -2.934363e+01 2.900000e+00
    endloop
  endfacet
  facet normal 5.956993e-01 -8.032075e-01 -1.368329e-16
    outer loop
      vertex   3.489163e+00 -2.934363e+01 -2.900000e+00
      vertex   3.489163e+00 -2.934363e+01 2.900000e+00
      vertex   3.055636e+00 -2.966515e+01 -2.900000e+00
    endloop
  endfacet
  facet normal 5.956993e-01 -8.032075e-01 0.000000e+00
    outer loop
      vertex   3.055636e+00 -2.966515e+01 -2.900000e+00
      vertex   3.489163e+00 -2.934363e+01 2.900000e+00
      vertex   3.055636e+00 -2.966515e+01 2.900000e+00
    endloop
  endfacet
  facet normal 5.141027e-01 -8.577286e-01 0.000000e+00
    outer loop
      vertex   3.055636e+00 -2.966515e+01 -2.900000e+00
      vertex   3.055636e+00 -2.966515e+01 2.900000e+00
      vertex   2.592682e+00 -2.994264e+01 -2.900000e+00
    endloop
  endfacet
  facet normal 5.141027e-01 -8.577286e-01 0.000000e+00
    outer loop
      vertex   2.592682e+00 -2.994264e+01 -2.900000e+00
      vertex   3.055636e+00 -2.966515e+01 2.900000e+00
      vertex   2.592682e+00 -2.994264e+01 2.900000e+00
    endloop
  endfacet
  facet normal 4.275551e-01 -9.039893e-01 0.000000e+00
    outer loop
      vertex   2.592682e+00 -2.994264e+01 -2.900000e+00
      vertex   2.592682e+00 -2.994264e+01 2.900000e+00
      vertex   2.104759e+00 -3.017341e+01 -2.900000e+00
    endloop
  endfacet
  facet normal 4.275551e-01 -9.039893e-01 0.000000e+00
    outer loop
      vertex   2.104759e+00 -3.017341e+01 -2.900000e+00
      vertex   2.592682e+00 -2.994264e+01 2.900000e+00
      vertex   2.104759e+00 -3.017341e+01 2.900000e+00
    endloop
  endfacet
  facet normal 3.368899e-01 -9.415441e-01 0.000000e+00
    outer loop
      vertex   2.104759e+00 -3.017341e+01 -2.900000e+00
      vertex   2.104759e+00 -3.017341e+01 2.900000e+00
      vertex   1.596566e+00 -3.035524e+01 -2.900000e+00
    endloop
  endfacet
  facet normal 3.368899e-01 -9.415441e-01 0.000000e+00
    outer loop
      vertex   1.596566e+00 -3.035524e+01 -2.900000e+00
      vertex   2.104759e+00 -3.017341e+01 2.900000e+00
      vertex   1.596566e+00 -3.035524e+01 2.900000e+00
    endloop
  endfacet
  facet normal 2.429802e-01 -9.700313e-01 0.000000e+00
    outer loop
      vertex   1.596566e+00 -3.035524e+01 -2.900000e+00
      vertex   1.596566e+00 -3.035524e+01 2.900000e+00
      vertex   1.072997e+00 -3.048639e+01 -2.900000e+00
    endloop
  endfacet
  facet normal 2.429802e-01 -9.700313e-01 0.000000e+00
    outer loop
      vertex   1.072997e+00 -3.048639e+01 -2.900000e+00
      vertex   1.596566e+00 -3.035524e+01 2.900000e+00
      vertex   1.072997e+00 -3.048639e+01 2.900000e+00
    endloop
  endfacet
  facet normal 1.467305e-01 -9.891765e-01 0.000000e+00
    outer loop
      vertex   1.072997e+00 -3.048639e+01 -2.900000e+00
      vertex   1.072997e+00 -3.048639e+01 2.900000e+00
      vertex   5.390943e-01 -3.056559e+01 -2.900000e+00
    endloop
  endfacet
  facet normal 1.467305e-01 -9.891765e-01 0.000000e+00
    outer loop
      vertex   5.390943e-01 -3.056559e+01 -2.900000e+00
      vertex   1.072997e+00 -3.048639e+01 2.900000e+00
      vertex   5.390943e-01 -3.056559e+01 2.900000e+00
    endloop
  endfacet
  facet normal 4.906767e-02 -9.987955e-01 0.000000e+00
    outer loop
      vertex   5.390943e-01 -3.056559e+01 -2.900000e+00
      vertex   5.390943e-01 -3.056559e+01 2.900000e+00
      vertex   0.000000e+00 -3.059207e+01 -2.900000e+00
    endloop
  endfacet
  facet normal 4.906767e-02 -9.987955e-01 0.000000e+00
    outer loop
      vertex   0.000000e+00 -3.059207e+01 -2.900000e+00
      vertex   5.390943e-01 -3.056559e+01 2.900000e+00
      vertex   0.000000e+00 -3.059207e+01 2.900000e+00
    endloop
  endfacet
  facet normal -4.906767e-02 -9.987955e-01 0.000000e+00
    outer loop
      vertex   0.000000e+00 -3.059207e+01 -2.900000e+00
      vertex   0.000000e+00 -3.059207e+01 2.900000e+00
      vertex   -5.390943e-01 -3.056559e+01 -2.900000e+00
    endloop
  endfacet
  facet normal -4.906767e-02 -9.987955e-01 0.000000e+00
    outer loop
      vertex   -5.390943e-01 -3.056559e+01 -2.900000e+00
      vertex   0.000000e+00 -3.059207e+01 2.900000e+00
      vertex   -5.390943e-01 -3.056559e+01 2.900000e+00
    endloop
  endfacet
  facet normal -1.467305e-01 -9.891765e-01 0.000000e+00
    outer loop
      vertex   -5.390943e-01 -3.056559e+01 -2.900000e+00
      vertex   -5.390943e-01 -3.056559e+01 2.900000e+00
      vertex   -1.072997e+00 -3.048639e+01 -2.900000e+00
    endloop
  endfacet
  facet normal -1.467305e-01 -9.891765e-01 0.000000e+00
    outer loop
      vertex   -1.072997e+00 -3.048639e+01 -2.900000e+00
      vertex   -5.390943e-01 -3.056559e+01 2.900000e+00
      vertex   -1.072997e+00 -3.048639e+01 2.900000e+00
    endloop
  endfacet
  facet normal -2.429802e-01 -9.700313e-01 0.000000e+00
    outer loop
      vertex   -1.072997e+00 -3.048639e+01 -2.900000e+00
      vertex   -1.072997e+00 -3.048639e+01 2.900000e+00
      vertex   -1.596566e+00 -3.035524e+01 -2.900000e+00
    endloop
  endfacet
  facet normal -2.429802e-01 -9.700313e-01 0.000000e+00
    outer loop
      vertex   -1.596566e+00 -3.035524e+01 -2.900000e+00
      vertex   -1.072997e+00 -3.048639e+01 2.900000e+00
      vertex   -1.596566e+00 -3.035524e+01 2.900000e+00
    endloop
  endfacet
  facet normal -3.368899e-01 -9.415441e-01 0.000000e+00
    outer loop
      vertex   -1.596566e+00 -3.035524e+01 -2.900000e+00
      vertex   -1.596566e+00 -3.035524e+01 2.900000e+00
      vertex   -2.104759e+00 -3.017341e+01 -2.900000e+00
    endloop
  endfacet
  facet normal -3.368899e-01 -9.415441e-01 0.000000e+00
    outer loop
      vertex   -2.104759e+00 -3.017341e+01 -2.900000e+00
      vertex   -1.596566e+00 -3.035524e+01 2.900000e+00
      vertex   -2.104759e+00 -3.017341e+01 2.900000e+00
    endloop
  endfacet
  facet normal -4.275551e-01 -9.039893e-01 0.000000e+00
    outer loop
      vertex   -2.104759e+00 -3.017341e+01 -2.900000e+00
      vertex   -2.104759e+00 -3.017341e+01 2.900000e+00
      vertex   -2.592682e+00 -2.994264e+01 -2.900000e+00
    endloop
  endfacet
  facet normal -4.275551e-01 -9.039893e-01 0.000000e+00
    outer loop
      vertex   -2.592682e+00 -2.994264e+01 -2.900000e+00
      vertex   -2.104759e+00 -3.017341e+01 2.900000e+00
      vertex   -2.592682e+00 -2.994264e+01 2.900000e+00
    endloop
  endfacet
  facet normal -5.141027e-01 -8.577286e-01 0.000000e+00
    outer loop
      vertex   -2.592682e+00 -2.994264e+01 -2.900000e+00
      vertex   -2.592682e+00 -2.994264e+01 2.900000e+00
      vertex   -3.055636e+00 -2.966515e+01 -2.900000e+00
    endloop
  endfacet
  facet normal -5.141027e-01 -8.577286e-01 0.000000e+00
    outer loop
      vertex   -3.055636e+00 -2.966515e+01 -2.900000e+00
      vertex   -2.592682e+00 -2.994264e+01 2.900000e+00
      vertex   -3.055636e+00 -2.966515e+01 2.900000e+00
    endloop
  endfacet
  facet normal -5.956993e-01 -8.032075e-01 0.000000e+00
    outer loop
      vertex   -3.055636e+00 -2.966515e+01 -2.900000e+00
      vertex   -3.055636e+00 -2.966515e+01 2.900000e+00
      vertex   -3.489163e+00 -2.934363e+01 -2.900000e+00
    endloop
  endfacet
  facet normal -5.956993e-01 -8.032075e-01 1.368329e-16
    outer loop
      vertex   -3.489163e+00 -2.934363e+01 -2.900000e+00
      vertex   -3.055636e+00 -2.966515e+01 2.900000e+00
      vertex   -3.489163e+00 -2.934363e+01 2.900000e+00
    endloop
  endfacet
  facet normal -6.715590e-01 -7.409511e-01 1.542580e-16
    outer loop
      vertex   -3.489163e+00 -2.934363e+01 -2.900000e+00
      vertex   -3.489163e+00 -2.934363e+01 2.900000e+00
      vertex   -3.889087e+00 -2.898116e+01 -2.900000e+00
    endloop
  endfacet
  facet normal -6.715590e-01 -7.409511e-01 2.570966e-16
    outer loop
      vertex   -3.889087e+00 -2.898116e+01 -2.900000e+00
      vertex   -3.489163e+00 -2.934363e+01 2.900000e+00
      vertex   -3.889087e+00 -2.898116e+01 2.900000e+00
    endloop
  endfacet
  facet normal -7.409511e-01 -6.715590e-01 2.836624e-16
    outer loop
      vertex   -3.889087e+00 -2.898116e+01 -2.900000e+00
      vertex   -3.889087e+00 -2.898116e+01 2.900000e+00
      vertex   -4.251557e+00 -2.858123e+01 -2.900000e+00
    endloop
  endfacet
  facet normal -7.409511e-01 -6.715590e-01 1.134650e-16
    outer loop
      vertex   -4.251557e+00 -2.858123e+01 -2.900000e+00
      vertex   -3.889087e+00 -2.898116e+01 2.900000e+00
      vertex   -4.251557e+00 -2.858123e+01 2.900000e+00
    endloop
  endfacet
  facet normal -8.032075e-01 -5.956993e-01 1.229986e-16
    outer loop
      vertex   -4.251557e+00 -2.858123e+01 -2.900000e+00
      vertex   -4.251557e+00 -2.858123e+01 2.900000e+00
      vertex   -4.573083e+00 -2.814771e+01 -2.900000e+00
    endloop
  endfacet
  facet normal -8.032075e-01 -5.956993e-01 2.459971e-16
    outer loop
      vertex   -4.573083e+00 -2.814771e+01 -2.900000e+00
      vertex   -4.251557e+00 -2.858123e+01 2.900000e+00
      vertex   -4.573083e+00 -2.814771e+01 2.900000e+00
    endloop
  endfacet
  facet normal -8.577286e-01 -5.141027e-01 2.626952e-16
    outer loop
      vertex   -4.573083e+00 -2.814771e+01 -2.900000e+00
      vertex   -4.573083e+00 -2.814771e+01 2.900000e+00
      vertex   -4.850567e+00 -2.768475e+01 -2.900000e+00
    endloop
  endfacet
  facet normal -8.577286e-01 -5.141027e-01 3.940428e-16
    outer loop
      vertex   -4.850567e+00 -2.768475e+01 -2.900000e+00
      vertex   -4.573083e+00 -2.814771e+01 2.900000e+00
      vertex   -4.850567e+00 -2.768475e+01 2.900000e+00
    endloop
  endfacet
  facet normal -9.039893e-01 -4.275551e-01 4.152951e-16
    outer loop
      vertex   -4.850567e+00 -2.768475e+01 -2.900000e+00
      vertex   -4.850567e+00 -2.768475e+01 2.900000e+00
      vertex   -5.081337e+00 -2.719683e+01 -2.900000e+00
    endloop
  endfacet
  facet normal -9.039893e-01 -4.275551e-01 4.152951e-16
    outer loop
      vertex   -5.081337e+00 -2.719683e+01 -2.900000e+00
      vertex   -4.850567e+00 -2.768475e+01 2.900000e+00
      vertex   -5.081337e+00 -2.719683e+01 2.900000e+00
    endloop
  endfacet
  facet normal -9.415441e-01 -3.368899e-01 4.325478e-16
    outer loop
      vertex   -5.081337e+00 -2.719683e+01 -2.900000e+00
      vertex   -5.081337e+00 -2.719683e+01 2.900000e+00
      vertex   -5.263172e+00 -2.668864e+01 -2.900000e+00
    endloop
  endfacet
  facet normal -9.415441e-01 -3.368899e-01 2.883652e-16
    outer loop
      vertex   -5.263172e+00 -2.668864e+01 -2.900000e+00
      vertex   -5.081337e+00 -2.719683e+01 2.900000e+00
      vertex   -5.263172e+00 -2.668864e+01 2.900000e+00
    endloop
  endfacet
  facet normal -9.700313e-01 -2.429802e-01 2.970899e-16
    outer loop
      vertex   -5.263172e+00 -2.668864e+01 -2.900000e+00
      vertex   -5.263172e+00 -2.668864e+01 2.900000e+00
      vertex   -5.394319e+00 -2.616507e+01 -2.900000e+00
    endloop
  endfacet
  facet normal -9.700313e-01 -2.429802e-01 2.970899e-16
    outer loop
      vertex   -5.394319e+00 -2.616507e+01 -2.900000e+00
      vertex   -5.263172e+00 -2.668864e+01 2.900000e+00
      vertex   -5.394319e+00 -2.616507e+01 2.900000e+00
    endloop
  endfacet
  facet normal -9.891765e-01 -1.467305e-01 3.029535e-16
    outer loop
      vertex   -5.394319e+00 -2.616507e+01 -2.900000e+00
      vertex   -5.394319e+00 -2.616507e+01 2.900000e+00
      vertex   -5.473516e+00 -2.563116e+01 -2.900000e+00
    endloop
  endfacet
  facet normal -9.891765e-01 -1.467305e-01 3.029535e-16
    outer loop
      vertex   -5.473516e+00 -2.563116e+01 -2.900000e+00
      vertex   -5.394319e+00 -2.616507e+01 2.900000e+00
      vertex   -5.473516e+00 -2.563116e+01 2.900000e+00
    endloop
  endfacet
  facet normal -9.987955e-01 -4.906767e-02 3.058995e-16
    outer loop
      vertex   -5.473516e+00 -2.563116e+01 -2.900000e+00
      vertex   -5.473516e+00 -2.563116e+01 2.900000e+00
      vertex   -5.500000e+00 -2.509207e+01 -2.900000e+00
    endloop
  endfacet
  facet normal -9.987955e-01 -4.906767e-02 0.000000e+00
    outer loop
      vertex   -5.500000e+00 -2.509207e+01 -2.900000e+00
      vertex   -5.473516e+00 -2.563116e+01 2.900000e+00
      vertex   -5.500000e+00 -2.509207e+01 2.900000e+00
    endloop
  endfacet
  facet normal -0.000000e+00 0.000000e+00 -1.000000e+00
    outer loop
      vertex   5.473516e+00 -2.563116e+01 -2.900000e+00
      vertex   5.394319e+00 -2.616507e+01 -2.900000e+00
      vertex   5.500000e+00 -2.509207e+01 -2.900000e+00
    endloop
  endfacet
  facet normal 0.000000e+00 0.000000e+00 -1.000000e+00
    outer loop
      vertex   5.500000e+00 -2.509207e+01 -2.900000e+00
      vertex   5.394319e+00 -2.616507e+01 -2.900000e+00
      vertex   5.263172e+00 -2.668864e+01 -2.900000e+00
    endloop
  endfacet
  facet normal 0.000000e+00 0.000000e+00 -1.000000e+00
    outer loop
      vertex   5.500000e+00 -2.509207e+01 -2.900000e+00
      vertex   5.263172e+00 -2.668864e+01 -2.900000e+00
      vertex   5.081337e+00 -2.719683e+01 -2.900000e+00
    endloop
  endfacet
  facet normal -0.000000e+00 0.000000e+00 -1.000000e+00
    outer loop
      vertex   5.081337e+00 -2.719683e+01 -2.900000e+00
      vertex   4.850567e+00 -2.768475e+01 -2.900000e+00
      vertex   5.500000e+00 -2.509207e+01 -2.900000e+00
    endloop
  endfacet
  facet normal 0.000000e+00 0.000000e+00 -1.000000e+00
    outer loop
      vertex   5.500000e+00 -2.509207e+01 -2.900000e+00
      vertex   4.850567e+00 -2.768475e+01 -2.900000e+00
      vertex   4.573083e+00 -2.814771e+01 -2.900000e+00
    endloop
  endfacet
  facet normal -0.000000e+00 0.000000e+00 -1.000000e+00
    outer loop
      vertex   5.500000e+00 -2.509207e+01 -2.900000e+00
      vertex   4.573083e+00 -2.814771e+01 -2.900000e+00
      vertex   1.800000e+00 -2.509207e+01 -2.900000e+00
    endloop
  endfacet
  facet normal 0.000000e+00 0.000000e+00 -1.000000e+00
    outer loop
      vertex   1.800000e+00 -2.509207e+01 -2.900000e+00
      vertex   4.573083e+00 -2.814771e+01 -2.900000e+00
      vertex   4.251557e+00 -2.858123e+01 -2.900000e+00
    endloop
  endfacet
  facet normal 0.000000e+00 0.000000e+00 -1.000000e+00
    outer loop
      vertex   1.800000e+00 -2.509207e+01 -2.900000e+00
      vertex   4.251557e+00 -2.858123e+01 -2.900000e+00
      vertex   3.889087e+00 -2.898116e+01 -2.900000e+00
    endloop
  endfacet
  facet normal -0.000000e+00 0.000000e+00 -1.000000e+00
    outer loop
      vertex   3.889087e+00 -2.898116e+01 -2.900000e+00
      vertex   3.489163e+00 -2.934363e+01 -2.900000e+00
      vertex   1.800000e+00 -2.509207e+01 -2.900000e+00
    endloop
  endfacet
  facet normal 0.000000e+00 0.000000e+00 -1.000000e+00
    outer loop
      vertex   1.800000e+00 -2.509207e+01 -2.900000e+00
      vertex   3.489163e+00 -2.934363e+01 -2.900000e+00
      vertex   3.055636e+00 -2.966515e+01 -2.900000e+00
    endloop
  endfacet
  facet normal 0.000000e+00 -0.000000e+00 -1.000000e+00
    outer loop
      vertex   1.800000e+00 -2.509207e+01 -2.900000e+00
      vertex   3.055636e+00 -2.966515e+01 -2.900000e+00
      vertex   1.772654e+00 -2.540464e+01 -2.900000e+00
    endloop
  endfacet
  facet normal 0.000000e+00 0.000000e+00 -1.000000e+00
    outer loop
      vertex   1.772654e+00 -2.540464e+01 -2.900000e+00
      vertex   3.055636e+00 -2.966515e+01 -2.900000e+00
      vertex   2.592682e+00 -2.994264e+01 -2.900000e+00
    endloop
  endfacet
  facet normal 0.000000e+00 -0.000000e+00 -1.000000e+00
    outer loop
      vertex   1.772654e+00 -2.540464e+01 -2.900000e+00
      vertex   2.592682e+00 -2.994264e+01 -2.900000e+00
      vertex   1.691447e+00 -2.570771e+01 -2.900000e+00
    endloop
  endfacet
  facet normal 0.000000e+00 0.000000e+00 -1.000000e+00
    outer loop
      vertex   1.691447e+00 -2.570771e+01 -2.900000e+00
      vertex   2.592682e+00 -2.994264e+01 -2.900000e+00
      vertex   2.104759e+00 -3.017341e+01 -2.900000e+00
    endloop
  endfacet
  facet normal 0.000000e+00 -0.000000e+00 -1.000000e+00
    outer loop
      vertex   1.691447e+00 -2.570771e+01 -2.900000e+00
      vertex   2.104759e+00 -3.017341e+01 -2.900000e+00
      vertex   1.558846e+00 -2.599207e+01 -2.900000e+00
    endloop
  endfacet
  facet normal 0.000000e+00 0.000000e+00 -1.000000e+00
    outer loop
      vertex   1.558846e+00 -2.599207e+01 -2.900000e+00
      vertex   2.104759e+00 -3.017341e+01 -2.900000e+00
      vertex   1.596566e+00 -3.035524e+01 -2.900000e+00
    endloop
  endfacet
  facet normal 0.000000e+00 -0.000000e+00 -1.000000e+00
    outer loop
      vertex   1.558846e+00 -2.599207e+01 -2.900000e+00
      vertex   1.596566e+00 -3.035524e+01 -2.900000e+00
      vertex   1.378880e+00 -2.624909e+01 -2.900000e+00
    endloop
  endfacet
  facet normal 0.000000e+00 -0.000000e+00 -1.000000e+00
    outer loop
      vertex   1.378880e+00 -2.624909e+01 -2.900000e+00
      vertex   1.596566e+00 -3.035524e+01 -2.900000e+00
      vertex   1.157018e+00 -2.647095e+01 -2.900000e+00
    endloop
  endfacet
  facet normal 0.000000e+00 -0.000000e+00 -1.000000e+00
    outer loop
      vertex   1.157018e+00 -2.647095e+01 -2.900000e+00
      vertex   1.596566e+00 -3.035524e+01 -2.900000e+00
      vertex   1.072997e+00 -3.048639e+01 -2.900000e+00
    endloop
  endfacet
  facet normal 0.000000e+00 0.000000e+00 -1.000000e+00
    outer loop
      vertex   1.157018e+00 -2.647095e+01 -2.900000e+00
      vertex   1.072997e+00 -3.048639e+01 -2.900000e+00
      vertex   9.000000e-01 -2.665092e+01 -2.900000e+00
    endloop
  endfacet
  facet normal 0.000000e+00 -0.000000e+00 -1.000000e+00
    outer loop
      vertex   9.000000e-01 -2.665092e+01 -2.900000e+00
      vertex   1.072997e+00 -3.048639e+01 -2.900000e+00
      vertex   6.156363e-01 -2.678352e+01 -2.900000e+00
    endloop
  endfacet
  facet normal 0.000000e+00 -0.000000e+00 -1.000000e+00
    outer loop
      vertex   6.156363e-01 -2.678352e+01 -2.900000e+00
      vertex   1.072997e+00 -3.048639e+01 -2.900000e+00
      vertex   5.390943e-01 -3.056559e+01 -2.900000e+00
    endloop
  endfacet
  facet normal 0.000000e+00 0.000000e+00 -1.000000e+00
    outer loop
      vertex   6.156363e-01 -2.678352e+01 -2.900000e+00
      vertex   5.390943e-01 -3.056559e+01 -2.900000e+00
      vertex   3.125667e-01 -2.686472e+01 -2.900000e+00
    endloop
  endfacet
  facet normal 0.000000e+00 -0.000000e+00 -1.000000e+00
    outer loop
      vertex   3.125667e-01 -2.686472e+01 -2.900000e+00
      vertex   5.390943e-01 -3.056559e+01 -2.900000e+00
      vertex   0.000000e+00 -3.059207e+01 -2.900000e+00
    endloop
  endfacet
  facet normal 0.000000e+00 0.000000e+00 -1.000000e+00
    outer loop
      vertex   3.125667e-01 -2.686472e+01 -2.900000e+00
      vertex   0.000000e+00 -3.059207e+01 -2.900000e+00
      vertex   0.000000e+00 -2.689207e+01 -2.900000e+00
    endloop
  endfacet
  facet normal -0.000000e+00 -0.000000e+00 -1.000000e+00
    outer loop
      vertex   0.000000e+00 -2.689207e+01 -2.900000e+00
      vertex   0.000000e+00 -3.059207e+01 -2.900000e+00
      vertex   -3.125667e-01 -2.686472e+01 -2.900000e+00
    endloop
  endfacet
  facet normal 0.000000e+00 -0.000000e+00 -1.000000e+00
    outer loop
      vertex   -3.125667e-01 -2.686472e+01 -2.900000e+00
      vertex   0.000000e+00 -3.059207e+01 -2.900000e+00
      vertex   -5.390943e-01 -3.056559e+01 -2.900000e+00
    endloop
  endfacet
  facet normal -0.000000e+00 0.000000e+00 -1.000000e+00
    outer loop
      vertex   -3.125667e-01 -2.686472e+01 -2.900000e+00
      vertex   -5.390943e-01 -3.056559e+01 -2.900000e+00
      vertex   -6.156363e-01 -2.678352e+01 -2.900000e+00
    endloop
  endfacet
  facet normal 0.000000e+00 -0.000000e+00 -1.000000e+00
    outer loop
      vertex   -6.156363e-01 -2.678352e+01 -2.900000e+00
      vertex   -5.390943e-01 -3.056559e+01 -2.900000e+00
      vertex   -1.072997e+00 -3.048639e+01 -2.900000e+00
    endloop
  endfacet
  facet normal -0.000000e+00 0.000000e+00 -1.000000e+00
    outer loop
      vertex   -6.156363e-01 -2.678352e+01 -2.900000e+00
      vertex   -1.072997e+00 -3.048639e+01 -2.900000e+00
      vertex   -9.000000e-01 -2.665092e+01 -2.900000e+00
    endloop
  endfacet
  facet normal -0.000000e+00 0.000000e+00 -1.000000e+00
    outer loop
      vertex   -9.000000e-01 -2.665092e+01 -2.900000e+00
      vertex   -1.072997e+00 -3.048639e+01 -2.900000e+00
      vertex   -1.157018e+00 -2.647095e+01 -2.900000e+00
    endloop
  endfacet
  facet normal 0.000000e+00 -0.000000e+00 -1.000000e+00
    outer loop
      vertex   -1.157018e+00 -2.647095e+01 -2.900000e+00
      vertex   -1.072997e+00 -3.048639e+01 -2.900000e+00
      vertex   -1.596566e+00 -3.035524e+01 -2.900000e+00
    endloop
  endfacet
  facet normal -0.000000e+00 0.000000e+00 -1.000000e+00
    outer loop
      vertex   -1.157018e+00 -2.647095e+01 -2.900000e+00
      vertex   -1.596566e+00 -3.035524e+01 -2.900000e+00
      vertex   -1.378880e+00 -2.624909e+01 -2.900000e+00
    endloop
  endfacet
  facet normal -0.000000e+00 0.000000e+00 -1.000000e+00
    outer loop
      vertex   -1.378880e+00 -2.624909e+01 -2.900000e+00
      vertex   -1.596566e+00 -3.035524e+01 -2.900000e+00
      vertex   -1.558846e+00 -2.599207e+01 -2.900000e+00
    endloop
  endfacet
  facet normal 0.000000e+00 0.000000e+00 -1.000000e+00
    outer loop
      vertex   -1.558846e+00 -2.599207e+01 -2.900000e+00
      vertex   -1.596566e+00 -3.035524e+01 -2.900000e+00
      vertex   -2.104759e+00 -3.017341e+01 -2.900000e+00
    endloop
  endfacet
  facet normal -0.000000e+00 0.000000e+00 -1.000000e+00
    outer loop
      vertex   -1.558846e+00 -2.599207e+01 -2.900000e+00
      vertex   -2.104759e+00 -3.017341e+01 -2.900000e+00
      vertex   -1.691447e+00 -2.570771e+01 -2.900000e+00
    endloop
  endfacet
  facet normal 0.000000e+00 0.000000e+00 -1.000000e+00
    outer loop
      vertex   -1.691447e+00 -2.570771e+01 -2.900000e+00
      vertex   -2.104759e+00 -3.017341e+01 -2.900000e+00
      vertex   -2.592682e+00 -2.994264e+01 -2.900000e+00
    endloop
  endfacet
  facet normal -0.000000e+00 0.000000e+00 -1.000000e+00
    outer loop
      vertex   -1.691447e+00 -2.570771e+01 -2.900000e+00
      vertex   -2.592682e+00 -2.994264e+01 -2.900000e+00
      vertex   -1.772654e+00 -2.540464e+01 -2.900000e+00
    endloop
  endfacet
  facet normal 0.000000e+00 0.000000e+00 -1.000000e+00
    outer loop
      vertex   -1.772654e+00 -2.540464e+01 -2.900000e+00
      vertex   -2.592682e+00 -2.994264e+01 -2.900000e+00
      vertex   -3.055636e+00 -2.966515e+01 -2.900000e+00
    endloop
  endfacet
  facet normal -0.000000e+00 0.000000e+00 -1.000000e+00
    outer loop
      vertex   -1.772654e+00 -2.540464e+01 -2.900000e+00
      vertex   -3.055636e+00 -2.966515e+01 -2.900000e+00
      vertex   -1.800000e+00 -2.509207e+01 -2.900000e+00
    endloop
  endfacet
  facet normal 0.000000e+00 0.000000e+00 -1.000000e+00
    outer loop
      vertex   -1.800000e+00 -2.509207e+01 -2.900000e+00
      vertex   -3.055636e+00 -2.966515e+01 -2.900000e+00
      vertex   -3.489163e+00 -2.934363e+01 -2.900000e+00
    endloop
  endfacet
  facet normal 0.000000e+00 0.000000e+00 -1.000000e+00
    outer loop
      vertex   -1.800000e+00 -2.509207e+01 -2.900000e+00
      vertex   -3.489163e+00 -2.934363e+01 -2.900000e+00
      vertex   -3.889087e+00 -2.898116e+01 -2.900000e+00
    endloop
  endfacet
  facet normal 0.000000e+00 0.000000e+00 -1.000000e+00
    outer loop
      vertex   -3.889087e+00 -2.898116e+01 -2.900000e+00
      vertex   -4.251557e+00 -2.858123e+01 -2.900000e+00
      vertex   -1.800000e+00 -2.509207e+01 -2.900000e+00
    endloop
  endfacet
  facet normal 0.000000e+00 0.000000e+00 -1.000000e+00
    outer loop
      vertex   -1.800000e+00 -2.509207e+01 -2.900000e+00
      vertex   -4.251557e+00 -2.858123e+01 -2.900000e+00
      vertex   -4.573083e+00 -2.814771e+01 -2.900000e+00
    endloop
  endfacet
  facet normal 0.000000e+00 0.000000e+00 -1.000000e+00
    outer loop
      vertex   -1.800000e+00 -2.509207e+01 -2.900000e+00
      vertex   -4.573083e+00 -2.814771e+01 -2.900000e+00
      vertex   -5.500000e+00 -2.509207e+01 -2.900000e+00
    endloop
  endfacet
  facet normal 0.000000e+00 0.000000e+00 -1.000000e+00
    outer loop
      vertex   -5.500000e+00 -2.509207e+01 -2.900000e+00
      vertex   -4.573083e+00 -2.814771e+01 -2.900000e+00
      vertex   -4.850567e+00 -2.768475e+01 -2.900000e+00
    endloop
  endfacet
  facet normal 0.000000e+00 0.000000e+00 -1.000000e+00
    outer loop
      vertex   -5.500000e+00 -2.509207e+01 -2.900000e+00
      vertex   -4.850567e+00 -2.768475e+01 -2.900000e+00
      vertex   -5.081337e+00 -2.719683e+01 -2.900000e+00
    endloop
  endfacet
  facet normal 0.000000e+00 0.000000e+00 -1.000000e+00
    outer loop
      vertex   -5.081337e+00 -2.719683e+01 -2.900000e+00
      vertex   -5.263172e+00 -2.668864e+01 -2.900000e+00
      vertex   -5.500000e+00 -2.509207e+01 -2.900000e+00
    endloop
  endfacet
  facet normal 0.000000e+00 0.000000e+00 -1.000000e+00
    outer loop
      vertex   -5.500000e+00 -2.509207e+01 -2.900000e+00
      vertex   -5.263172e+00 -2.668864e+01 -2.900000e+00
      vertex   -5.394319e+00 -2.616507e+01 -2.900000e+00
    endloop
  endfacet
  facet normal 0.000000e+00 0.000000e+00 -1.000000e+00
    outer loop
      vertex   -5.500000e+00 -2.509207e+01 -2.900000e+00
      vertex   -5.394319e+00 -2.616507e+01 -2.900000e+00
      vertex   -5.473516e+00 -2.563116e+01 -2.900000e+00
    endloop
  endfacet
  facet normal -0.000000e+00 0.000000e+00 -1.000000e+00
    outer loop
      vertex   -1.800000e+00 -2.509207e+01 -2.900000e+00
      vertex   -5.500000e+00 -2.509207e+01 -2.900000e+00
      vertex   -1.800000e+00 -1.299335e+01 -2.900000e+00
    endloop
  endfacet
  facet normal 0.000000e+00 0.000000e+00 -1.000000e+00
    outer loop
      vertex   -1.800000e+00 -1.299335e+01 -2.900000e+00
      vertex   -5.500000e+00 -2.509207e+01 -2.900000e+00
      vertex   -5.500000e+00 -1.299335e+01 -2.900000e+00
    endloop
  endfacet
  facet normal -0.000000e+00 0.000000e+00 -1.000000e+00
    outer loop
      vertex   -1.800000e+00 -1.299335e+01 -2.900000e+00
      vertex   -5.500000e+00 -1.299335e+01 -2.900000e+00
      vertex   -4.947989e+00 -9.802193e+00 -2.900000e+00
    endloop
  endfacet
  facet normal 4.922592e-15 -8.515166e-16 -1.000000e+00
    outer loop
      vertex   -4.947989e+00 -9.802193e+00 -2.900000e+00
      vertex   -5.500000e+00 -1.299335e+01 -2.900000e+00
      vertex   -5.145465e+00 -1.042227e+01 -2.900000e+00
    endloop
  endfacet
  facet normal -4.969338e-15 5.125135e-16 -1.000000e+00
    outer loop
      vertex   -5.145465e+00 -1.042227e+01 -2.900000e+00
      vertex   -5.500000e+00 -1.299335e+01 -2.900000e+00
      vertex   -5.300027e+00 -1.105441e+01 -2.900000e+00
    endloop
  endfacet
  facet normal 9.915358e-15 -1.022622e-15 -1.000000e+00
    outer loop
      vertex   -5.300027e+00 -1.105441e+01 -2.900000e+00
      vertex   -5.500000e+00 -1.299335e+01 -2.900000e+00
      vertex   -5.410949e+00 -1.169564e+01 -2.900000e+00
    endloop
  endfacet
  facet normal -9.962104e-15 3.414080e-16 -1.000000e+00
    outer loop
      vertex   -5.410949e+00 -1.169564e+01 -2.900000e+00
      vertex   -5.500000e+00 -1.299335e+01 -2.900000e+00
      vertex   -5.477711e+00 -1.234297e+01 -2.900000e+00
    endloop
  endfacet
  facet normal -5.309668e-16 -5.237840e-16 -1.000000e+00
    outer loop
      vertex   -4.947989e+00 -9.802193e+00 -2.900000e+00
      vertex   -4.708526e+00 -9.197092e+00 -2.900000e+00
      vertex   -1.800000e+00 -1.299335e+01 -2.900000e+00
    endloop
  endfacet
  facet normal 7.021826e-16 4.210005e-16 -1.000000e+00
    outer loop
      vertex   -1.800000e+00 -1.299335e+01 -2.900000e+00
      vertex   -4.708526e+00 -9.197092e+00 -2.900000e+00
      vertex   -4.428198e+00 -8.609805e+00 -2.900000e+00
    endloop
  endfacet
  facet normal 0.000000e+00 0.000000e+00 -1.000000e+00
    outer loop
      vertex   -1.800000e+00 -1.299335e+01 -2.900000e+00
      vertex   -4.428198e+00 -8.609805e+00 -2.900000e+00
      vertex   -4.108322e+00 -8.043087e+00 -2.900000e+00
    endloop
  endfacet
  facet normal -1.639252e-15 -7.643879e-16 -1.000000e+00
    outer loop
      vertex   -1.800000e+00 -1.299335e+01 -2.900000e+00
      vertex   -4.108322e+00 -8.043087e+00 -2.900000e+00
      vertex   -1.775815e+00 -1.246424e+01 -2.900000e+00
    endloop
  endfacet
  facet normal -9.715283e-17 4.919067e-17 -1.000000e+00
    outer loop
      vertex   -1.775815e+00 -1.246424e+01 -2.900000e+00
      vertex   -4.108322e+00 -8.043087e+00 -2.900000e+00
      vertex   -4.000805e+00 -7.830737e+00 -2.900000e+00
    endloop
  endfacet
  facet normal -1.197507e-16 3.833927e-17 -1.000000e+00
    outer loop
      vertex   -1.775815e+00 -1.246424e+01 -2.900000e+00
      vertex   -4.000805e+00 -7.830737e+00 -2.900000e+00
      vertex   -3.928230e+00 -7.604054e+00 -2.900000e+00
    endloop
  endfacet
  facet normal -1.573333e-16 2.169520e-17 -1.000000e+00
    outer loop
      vertex   -1.775815e+00 -1.246424e+01 -2.900000e+00
      vertex   -3.928230e+00 -7.604054e+00 -2.900000e+00
      vertex   -1.703463e+00 -1.193955e+01 -2.900000e+00
    endloop
  endfacet
  facet normal -1.539595e-16 2.342646e-17 -1.000000e+00
    outer loop
      vertex   -1.703463e+00 -1.193955e+01 -2.900000e+00
      vertex   -3.928230e+00 -7.604054e+00 -2.900000e+00
      vertex   -3.892425e+00 -7.368744e+00 -2.900000e+00
    endloop
  endfacet
  facet normal -1.365846e-16 3.174733e-17 -1.000000e+00
    outer loop
      vertex   -1.703463e+00 -1.193955e+01 -2.900000e+00
      vertex   -3.892425e+00 -7.368744e+00 -2.900000e+00
      vertex   -1.583547e+00 -1.142364e+01 -2.900000e+00
    endloop
  endfacet
  facet normal -1.216206e-16 4.026793e-17 -1.000000e+00
    outer loop
      vertex   -1.583547e+00 -1.142364e+01 -2.900000e+00
      vertex   -3.892425e+00 -7.368744e+00 -2.900000e+00
      vertex   -1.417067e+00 -1.092082e+01 -2.900000e+00
    endloop
  endfacet
  facet normal -1.814464e-16 -1.423293e-18 -1.000000e+00
    outer loop
      vertex   -1.417067e+00 -1.092082e+01 -2.900000e+00
      vertex   -3.892425e+00 -7.368744e+00 -2.900000e+00
      vertex   -3.894292e+00 -7.130733e+00 -2.900000e+00
    endloop
  endfacet
  facet normal 7.319387e-16 5.955713e-16 -1.000000e+00
    outer loop
      vertex   -1.417067e+00 -1.092082e+01 -2.900000e+00
      vertex   -3.894292e+00 -7.130733e+00 -2.900000e+00
      vertex   -1.205411e+00 -1.043529e+01 -2.900000e+00
    endloop
  endfacet
  facet normal 0.000000e+00 0.000000e+00 -1.000000e+00
    outer loop
      vertex   -1.205411e+00 -1.043529e+01 -2.900000e+00
      vertex   -3.894292e+00 -7.130733e+00 -2.900000e+00
      vertex   -9.503441e-01 -9.971085e+00 -2.900000e+00
    endloop
  endfacet
  facet normal 0.000000e+00 0.000000e+00 -1.000000e+00
    outer loop
      vertex   -9.503441e-01 -9.971085e+00 -2.900000e+00
      vertex   -3.894292e+00 -7.130733e+00 -2.900000e+00
      vertex   -2.083716e-01 -6.808258e+00 -2.900000e+00
    endloop
  endfacet
  facet normal 0.000000e+00 0.000000e+00 -1.000000e+00
    outer loop
      vertex   -9.503441e-01 -9.971085e+00 -2.900000e+00
      vertex   -2.083716e-01 -6.808258e+00 -2.900000e+00
      vertex   -7.230034e-01 -9.557629e+00 -2.900000e+00
    endloop
  endfacet
  facet normal 0.000000e+00 0.000000e+00 -1.000000e+00
    outer loop
      vertex   -7.230034e-01 -9.557629e+00 -2.900000e+00
      vertex   -2.083716e-01 -6.808258e+00 -2.900000e+00
      vertex   -5.340760e-01 -9.125268e+00 -2.900000e+00
    endloop
  endfacet
  facet normal 0.000000e+00 0.000000e+00 -1.000000e+00
    outer loop
      vertex   -5.340760e-01 -9.125268e+00 -2.900000e+00
      vertex   -2.083716e-01 -6.808258e+00 -2.900000e+00
      vertex   -3.851175e-01 -8.677561e+00 -2.900000e+00
    endloop
  endfacet
  facet normal 0.000000e+00 0.000000e+00 -1.000000e+00
    outer loop
      vertex   -3.851175e-01 -8.677561e+00 -2.900000e+00
      vertex   -2.083716e-01 -6.808258e+00 -2.900000e+00
      vertex   -2.773542e-01 -8.218196e+00 -2.900000e+00
    endloop
  endfacet
  facet normal 0.000000e+00 0.000000e+00 -1.000000e+00
    outer loop
      vertex   -2.773542e-01 -8.218196e+00 -2.900000e+00
      vertex   -2.083716e-01 -6.808258e+00 -2.900000e+00
      vertex   -2.116735e-01 -7.750953e+00 -2.900000e+00
    endloop
  endfacet
  facet normal 0.000000e+00 0.000000e+00 -1.000000e+00
    outer loop
      vertex   -2.116735e-01 -7.750953e+00 -2.900000e+00
      vertex   -2.083716e-01 -6.808258e+00 -2.900000e+00
      vertex   -1.886160e-01 -7.279681e+00 -2.900000e+00
    endloop
  endfacet
  facet normal 1.101644e-17 -1.259188e-16 -1.000000e+00
    outer loop
      vertex   -2.083716e-01 -6.808258e+00 -2.900000e+00
      vertex   -3.894292e+00 -7.130733e+00 -2.900000e+00
      vertex   -8.207923e-01 1.917421e-01 -2.900000e+00
    endloop
  endfacet
  facet normal -4.191495e-16 5.463692e-17 -1.000000e+00
    outer loop
      vertex   -8.207923e-01 1.917421e-01 -2.900000e+00
      vertex   -3.894292e+00 -7.130733e+00 -2.900000e+00
      vertex   -4.319807e+00 -2.267081e+00 -2.900000e+00
    endloop
  endfacet
  facet normal 5.414503e-17 -6.188823e-16 -1.000000e+00
    outer loop
      vertex   -8.207923e-01 1.917421e-01 -2.900000e+00
      vertex   -4.319807e+00 -2.267081e+00 -2.900000e+00
      vertex   -4.506713e+00 -1.307332e-01 -2.900000e+00
    endloop
  endfacet
  facet normal 3.173016e-14 2.152410e-15 -1.000000e+00
    outer loop
      vertex   -4.506713e+00 -1.307332e-01 -2.900000e+00
      vertex   -4.319807e+00 -2.267081e+00 -2.900000e+00
      vertex   -4.362284e+00 -2.053531e+00 -2.900000e+00
    endloop
  endfacet
  facet normal -6.329460e-16 -2.785029e-16 -1.000000e+00
    outer loop
      vertex   -4.506713e+00 -1.307332e-01 -2.900000e+00
      vertex   -4.362284e+00 -2.053531e+00 -2.900000e+00
      vertex   -4.449976e+00 -1.854236e+00 -2.900000e+00
    endloop
  endfacet
  facet normal -3.679318e-16 -2.697788e-16 -1.000000e+00
    outer loop
      vertex   -4.449976e+00 -1.854236e+00 -2.900000e+00
      vertex   -4.578724e+00 -1.678646e+00 -2.900000e+00
      vertex   -4.506713e+00 -1.307332e-01 -2.900000e+00
    endloop
  endfacet
  facet normal -2.848207e-15 -1.543927e-16 -1.000000e+00
    outer loop
      vertex   -4.506713e+00 -1.307332e-01 -2.900000e+00
      vertex   -4.578724e+00 -1.678646e+00 -2.900000e+00
      vertex   -4.742425e+00 -1.535084e+00 -2.900000e+00
    endloop
  endfacet
  facet normal -6.224870e-16 -5.279668e-16 -1.000000e+00
    outer loop
      vertex   -4.506713e+00 -1.307332e-01 -2.900000e+00
      vertex   -4.742425e+00 -1.535084e+00 -2.900000e+00
      vertex   -6.499102e+00 -3.050456e-01 -2.900000e+00
    endloop
  endfacet
  facet normal -7.819155e-18 8.937360e-17 -1.000000e+00
    outer loop
      vertex   -8.207923e-01 1.917421e-01 -2.900000e+00
      vertex   -4.506713e+00 -1.307332e-01 -2.900000e+00
      vertex   -1.683632e+00 1.005407e+01 -2.900000e+00
    endloop
  endfacet
  facet normal -1.489357e-16 1.284891e-16 -1.000000e+00
    outer loop
      vertex   -1.683632e+00 1.005407e+01 -2.900000e+00
      vertex   -4.506713e+00 -1.307332e-01 -2.900000e+00
      vertex   -5.055792e+00 6.145293e+00 -2.900000e+00
    endloop
  endfacet
  facet normal 0.000000e+00 0.000000e+00 -1.000000e+00
    outer loop
      vertex   -1.683632e+00 1.005407e+01 -2.900000e+00
      vertex   -5.055792e+00 6.145293e+00 -2.900000e+00
      vertex   -5.369552e+00 9.731594e+00 -2.900000e+00
    endloop
  endfacet
  facet normal 0.000000e+00 -0.000000e+00 -1.000000e+00
    outer loop
      vertex   -5.369552e+00 9.731594e+00 -2.900000e+00
      vertex   -5.055792e+00 6.145293e+00 -2.900000e+00
      vertex   -5.613525e+00 9.144027e+00 -2.900000e+00
    endloop
  endfacet
  facet normal 0.000000e+00 -0.000000e+00 -1.000000e+00
    outer loop
      vertex   -5.613525e+00 9.144027e+00 -2.900000e+00
      vertex   -5.055792e+00 6.145293e+00 -2.900000e+00
      vertex   -5.819642e+00 8.542136e+00 -2.900000e+00
    endloop
  endfacet
  facet normal 0.000000e+00 -0.000000e+00 -1.000000e+00
    outer loop
      vertex   -5.819642e+00 8.542136e+00 -2.900000e+00
      vertex   -5.055792e+00 6.145293e+00 -2.900000e+00
      vertex   -5.987068e+00 7.928355e+00 -2.900000e+00
    endloop
  endfacet
  facet normal 0.000000e+00 -0.000000e+00 -1.000000e+00
    outer loop
      vertex   -5.987068e+00 7.928355e+00 -2.900000e+00
      vertex   -5.055792e+00 6.145293e+00 -2.900000e+00
      vertex   -6.115126e+00 7.305171e+00 -2.900000e+00
    endloop
  endfacet
  facet normal 0.000000e+00 -0.000000e+00 -1.000000e+00
    outer loop
      vertex   -6.115126e+00 7.305171e+00 -2.900000e+00
      vertex   -5.055792e+00 6.145293e+00 -2.900000e+00
      vertex   -6.203298e+00 6.675105e+00 -2.900000e+00
    endloop
  endfacet
  facet normal 0.000000e+00 -0.000000e+00 -1.000000e+00
    outer loop
      vertex   -6.203298e+00 6.675105e+00 -2.900000e+00
      vertex   -5.055792e+00 6.145293e+00 -2.900000e+00
      vertex   -6.251226e+00 6.040707e+00 -2.900000e+00
    endloop
  endfacet
  facet normal 0.000000e+00 0.000000e+00 -1.000000e+00
    outer loop
      vertex   5.500000e+00 -2.509207e+01 -2.900000e+00
      vertex   1.800000e+00 -2.509207e+01 -2.900000e+00
      vertex   5.500000e+00 -1.299335e+01 -2.900000e+00
    endloop
  endfacet
  facet normal -0.000000e+00 0.000000e+00 -1.000000e+00
    outer loop
      vertex   5.500000e+00 -1.299335e+01 -2.900000e+00
      vertex   1.800000e+00 -2.509207e+01 -2.900000e+00
      vertex   1.800000e+00 -1.299335e+01 -2.900000e+00
    endloop
  endfacet
  facet normal 0.000000e+00 0.000000e+00 -1.000000e+00
    outer loop
      vertex   5.500000e+00 -1.299335e+01 -2.900000e+00
      vertex   1.800000e+00 -1.299335e+01 -2.900000e+00
      vertex   4.947989e+00 -9.802193e+00 -2.900000e+00
    endloop
  endfacet
  facet normal 5.309668e-16 -5.237840e-16 -1.000000e+00
    outer loop
      vertex   4.947989e+00 -9.802193e+00 -2.900000e+00
      vertex   1.800000e+00 -1.299335e+01 -2.900000e+00
      vertex   4.708526e+00 -9.197092e+00 -2.900000e+00
    endloop
  endfacet
  facet normal -7.021826e-16 4.210005e-16 -1.000000e+00
    outer loop
      vertex   4.708526e+00 -9.197092e+00 -2.900000e+00
      vertex   1.800000e+00 -1.299335e+01 -2.900000e+00
      vertex   4.428198e+00 -8.609805e+00 -2.900000e+00
    endloop
  endfacet
  facet normal -0.000000e+00 0.000000e+00 -1.000000e+00
    outer loop
      vertex   4.428198e+00 -8.609805e+00 -2.900000e+00
      vertex   1.800000e+00 -1.299335e+01 -2.900000e+00
      vertex   4.108322e+00 -8.043087e+00 -2.900000e+00
    endloop
  endfacet
  facet normal 1.639252e-15 -7.643879e-16 -1.000000e+00
    outer loop
      vertex   4.108322e+00 -8.043087e+00 -2.900000e+00
      vertex   1.800000e+00 -1.299335e+01 -2.900000e+00
      vertex   1.775815e+00 -1.246424e+01 -2.900000e+00
    endloop
  endfacet
  facet normal 9.715283e-17 4.919067e-17 -1.000000e+00
    outer loop
      vertex   4.108322e+00 -8.043087e+00 -2.900000e+00
      vertex   1.775815e+00 -1.246424e+01 -2.900000e+00
      vertex   4.000805e+00 -7.830737e+00 -2.900000e+00
    endloop
  endfacet
  facet normal 1.197507e-16 3.833927e-17 -1.000000e+00
    outer loop
      vertex   4.000805e+00 -7.830737e+00 -2.900000e+00
      vertex   1.775815e+00 -1.246424e+01 -2.900000e+00
      vertex   3.928230e+00 -7.604054e+00 -2.900000e+00
    endloop
  endfacet
  facet normal 1.573333e-16 2.169520e-17 -1.000000e+00
    outer loop
      vertex   3.928230e+00 -7.604054e+00 -2.900000e+00
      vertex   1.775815e+00 -1.246424e+01 -2.900000e+00
      vertex   1.703463e+00 -1.193955e+01 -2.900000e+00
    endloop
  endfacet
  facet normal 1.539595e-16 2.342646e-17 -1.000000e+00
    outer loop
      vertex   3.928230e+00 -7.604054e+00 -2.900000e+00
      vertex   1.703463e+00 -1.193955e+01 -2.900000e+00
      vertex   3.892425e+00 -7.368744e+00 -2.900000e+00
    endloop
  endfacet
  facet normal 1.365846e-16 3.174733e-17 -1.000000e+00
    outer loop
      vertex   3.892425e+00 -7.368744e+00 -2.900000e+00
      vertex   1.703463e+00 -1.193955e+01 -2.900000e+00
      vertex   1.583547e+00 -1.142364e+01 -2.900000e+00
    endloop
  endfacet
  facet normal 1.216206e-16 4.026793e-17 -1.000000e+00
    outer loop
      vertex   3.892425e+00 -7.368744e+00 -2.900000e+00
      vertex   1.583547e+00 -1.142364e+01 -2.900000e+00
      vertex   1.417067e+00 -1.092082e+01 -2.900000e+00
    endloop
  endfacet
  facet normal 1.814464e-16 -1.423293e-18 -1.000000e+00
    outer loop
      vertex   3.892425e+00 -7.368744e+00 -2.900000e+00
      vertex   1.417067e+00 -1.092082e+01 -2.900000e+00
      vertex   3.894292e+00 -7.130733e+00 -2.900000e+00
    endloop
  endfacet
  facet normal -7.319387e-16 5.955713e-16 -1.000000e+00
    outer loop
      vertex   3.894292e+00 -7.130733e+00 -2.900000e+00
      vertex   1.417067e+00 -1.092082e+01 -2.900000e+00
      vertex   1.205411e+00 -1.043529e+01 -2.900000e+00
    endloop
  endfacet
  facet normal 0.000000e+00 0.000000e+00 -1.000000e+00
    outer loop
      vertex   3.894292e+00 -7.130733e+00 -2.900000e+00
      vertex   1.205411e+00 -1.043529e+01 -2.900000e+00
      vertex   9.503441e-01 -9.971085e+00 -2.900000e+00
    endloop
  endfacet
  facet normal -0.000000e+00 0.000000e+00 -1.000000e+00
    outer loop
      vertex   3.894292e+00 -7.130733e+00 -2.900000e+00
      vertex   9.503441e-01 -9.971085e+00 -2.900000e+00
      vertex   2.083716e-01 -6.808258e+00 -2.900000e+00
    endloop
  endfacet
  facet normal 0.000000e+00 0.000000e+00 -1.000000e+00
    outer loop
      vertex   2.083716e-01 -6.808258e+00 -2.900000e+00
      vertex   9.503441e-01 -9.971085e+00 -2.900000e+00
      vertex   7.230034e-01 -9.557629e+00 -2.900000e+00
    endloop
  endfacet
  facet normal 0.000000e+00 0.000000e+00 -1.000000e+00
    outer loop
      vertex   2.083716e-01 -6.808258e+00 -2.900000e+00
      vertex   7.230034e-01 -9.557629e+00 -2.900000e+00
      vertex   5.340760e-01 -9.125268e+00 -2.900000e+00
    endloop
  endfacet
  facet normal 0.000000e+00 0.000000e+00 -1.000000e+00
    outer loop
      vertex   5.340760e-01 -9.125268e+00 -2.900000e+00
      vertex   3.851175e-01 -8.677561e+00 -2.900000e+00
      vertex   2.083716e-01 -6.808258e+00 -2.900000e+00
    endloop
  endfacet
  facet normal 0.000000e+00 0.000000e+00 -1.000000e+00
    outer loop
      vertex   2.083716e-01 -6.808258e+00 -2.900000e+00
      vertex   3.851175e-01 -8.677561e+00 -2.900000e+00
      vertex   2.773542e-01 -8.218196e+00 -2.900000e+00
    endloop
  endfacet
  facet normal 0.000000e+00 0.000000e+00 -1.000000e+00
    outer loop
      vertex   2.083716e-01 -6.808258e+00 -2.900000e+00
      vertex   2.773542e-01 -8.218196e+00 -2.900000e+00
      vertex   2.116735e-01 -7.750953e+00 -2.900000e+00
    endloop
  endfacet
  facet normal 0.000000e+00 0.000000e+00 -1.000000e+00
    outer loop
      vertex   2.116735e-01 -7.750953e+00 -2.900000e+00
      vertex   1.886160e-01 -7.279681e+00 -2.900000e+00
      vertex   2.083716e-01 -6.808258e+00 -2.900000e+00
    endloop
  endfacet
  facet normal -1.101644e-17 -1.259188e-16 -1.000000e+00
    outer loop
      vertex   2.083716e-01 -6.808258e+00 -2.900000e+00
      vertex   8.207923e-01 1.917421e-01 -2.900000e+00
      vertex   3.894292e+00 -7.130733e+00 -2.900000e+00
    endloop
  endfacet
  facet normal 4.191495e-16 5.463692e-17 -1.000000e+00
    outer loop
      vertex   3.894292e+00 -7.130733e+00 -2.900000e+00
      vertex   8.207923e-01 1.917421e-01 -2.900000e+00
      vertex   4.319807e+00 -2.267081e+00 -2.900000e+00
    endloop
  endfacet
  facet normal -5.414503e-17 -6.188823e-16 -1.000000e+00
    outer loop
      vertex   4.319807e+00 -2.267081e+00 -2.900000e+00
      vertex   8.207923e-01 1.917421e-01 -2.900000e+00
      vertex   4.506713e+00 -1.307332e-01 -2.900000e+00
    endloop
  endfacet
  facet normal -3.173016e-14 2.152410e-15 -1.000000e+00
    outer loop
      vertex   4.319807e+00 -2.267081e+00 -2.900000e+00
      vertex   4.506713e+00 -1.307332e-01 -2.900000e+00
      vertex   4.362284e+00 -2.053531e+00 -2.900000e+00
    endloop
  endfacet
  facet normal 6.329460e-16 -2.785029e-16 -1.000000e+00
    outer loop
      vertex   4.362284e+00 -2.053531e+00 -2.900000e+00
      vertex   4.506713e+00 -1.307332e-01 -2.900000e+00
      vertex   4.449976e+00 -1.854236e+00 -2.900000e+00
    endloop
  endfacet
  facet normal 3.679318e-16 -2.697788e-16 -1.000000e+00
    outer loop
      vertex   4.449976e+00 -1.854236e+00 -2.900000e+00
      vertex   4.506713e+00 -1.307332e-01 -2.900000e+00
      vertex   4.578724e+00 -1.678646e+00 -2.900000e+00
    endloop
  endfacet
  facet normal 2.848207e-15 -1.543927e-16 -1.000000e+00
    outer loop
      vertex   4.578724e+00 -1.678646e+00 -2.900000e+00
      vertex   4.506713e+00 -1.307332e-01 -2.900000e+00
      vertex   4.742425e+00 -1.535084e+00 -2.900000e+00
    endloop
  endfacet
  facet normal 6.224870e-16 -5.279668e-16 -1.000000e+00
    outer loop
      vertex   4.742425e+00 -1.535084e+00 -2.900000e+00
      vertex   4.506713e+00 -1.307332e-01 -2.900000e+00
      vertex   6.499102e+00 -3.050456e-01 -2.900000e+00
    endloop
  endfacet
  facet normal 7.819155e-18 8.937360e-17 -1.000000e+00
    outer loop
      vertex   8.207923e-01 1.917421e-01 -2.900000e+00
      vertex   1.683632e+00 1.005407e+01 -2.900000e+00
      vertex   4.506713e+00 -1.307332e-01 -2.900000e+00
    endloop
  endfacet
  facet normal 1.489357e-16 1.284891e-16 -1.000000e+00
    outer loop
      vertex   4.506713e+00 -1.307332e-01 -2.900000e+00
      vertex   1.683632e+00 1.005407e+01 -2.900000e+00
      vertex   5.055792e+00 6.145293e+00 -2.900000e+00
    endloop
  endfacet
  facet normal 0.000000e+00 0.000000e+00 -1.000000e+00
    outer loop
      vertex   5.055792e+00 6.145293e+00 -2.900000e+00
      vertex   1.683632e+00 1.005407e+01 -2.900000e+00
      vertex   5.369552e+00 9.731594e+00 -2.900000e+00
    endloop
  endfacet
  facet normal 0.000000e+00 0.000000e+00 -1.000000e+00
    outer loop
      vertex   5.055792e+00 6.145293e+00 -2.900000e+00
      vertex   5.369552e+00 9.731594e+00 -2.900000e+00
      vertex   5.613525e+00 9.144027e+00 -2.900000e+00
    endloop
  endfacet
  facet normal 0.000000e+00 -0.000000e+00 -1.000000e+00
    outer loop
      vertex   5.613525e+00 9.144027e+00 -2.900000e+00
      vertex   5.819642e+00 8.542136e+00 -2.900000e+00
      vertex   5.055792e+00 6.145293e+00 -2.900000e+00
    endloop
  endfacet
  facet normal 0.000000e+00 0.000000e+00 -1.000000e+00
    outer loop
      vertex   5.055792e+00 6.145293e+00 -2.900000e+00
      vertex   5.819642e+00 8.542136e+00 -2.900000e+00
      vertex   5.987068e+00 7.928355e+00 -2.900000e+00
    endloop
  endfacet
  facet normal 0.000000e+00 0.000000e+00 -1.000000e+00
    outer loop
      vertex   5.055792e+00 6.145293e+00 -2.900000e+00
      vertex   5.987068e+00 7.928355e+00 -2.900000e+00
      vertex   6.115126e+00 7.305171e+00 -2.900000e+00
    endloop
  endfacet
  facet normal 0.000000e+00 -0.000000e+00 -1.000000e+00
    outer loop
      vertex   6.115126e+00 7.305171e+00 -2.900000e+00
      vertex   6.203298e+00 6.675105e+00 -2.900000e+00
      vertex   5.055792e+00 6.145293e+00 -2.900000e+00
    endloop
  endfacet
  facet normal 0.000000e+00 0.000000e+00 -1.000000e+00
    outer loop
      vertex   5.055792e+00 6.145293e+00 -2.900000e+00
      vertex   6.203298e+00 6.675105e+00 -2.900000e+00
      vertex   6.251226e+00 6.040707e+00 -2.900000e+00
    endloop
  endfacet
  facet normal -4.922592e-15 -8.515166e-16 -1.000000e+00
    outer loop
      vertex   4.947989e+00 -9.802193e+00 -2.900000e+00
      vertex   5.145465e+00 -1.042227e+01 -2.900000e+00
      vertex   5.500000e+00 -1.299335e+01 -2.900000e+00
    endloop
  endfacet
  facet normal 4.969338e-15 5.125135e-16 -1.000000e+00
    outer loop
      vertex   5.500000e+00 -1.299335e+01 -2.900000e+00
      vertex   5.145465e+00 -1.042227e+01 -2.900000e+00
      vertex   5.300027e+00 -1.105441e+01 -2.900000e+00
    endloop
  endfacet
  facet normal -9.915358e-15 -1.022622e-15 -1.000000e+00
    outer loop
      vertex   5.500000e+00 -1.299335e+01 -2.900000e+00
      vertex   5.300027e+00 -1.105441e+01 -2.900000e+00
      vertex   5.410949e+00 -1.169564e+01 -2.900000e+00
    endloop
  endfacet
  facet normal 9.962104e-15 3.414080e-16 -1.000000e+00
    outer loop
      vertex   5.410949e+00 -1.169564e+01 -2.900000e+00
      vertex   5.477711e+00 -1.234297e+01 -2.900000e+00
      vertex   5.500000e+00 -1.299335e+01 -2.900000e+00
    endloop
  endfacet
endsolid
