0
SECTION
2
HEADER
9
$INSUNITS
70
4
9
$ACADVER
1
AC1014
9
$HANDSEED
5
FFFF
0
ENDSEC
0
SECTION
2
TABLES
0
TABLE
2
VPORT
5
8
100
AcDbSymbolTable
0
ENDTAB
0
TABLE
2
LTYPE
5
5
100
AcDbSymbolTable
0
LTYPE
5
14
100
AcDbSymbolTableRecord
100
AcDbLinetypeTableRecord
2
BYBLOCK
70
0
0
LTYPE
5
15
100
AcDbSymbolTableRecord
100
AcDbLinetypeTableRecord
2
BYLAYER
70
0
0
ENDTAB
0
TABLE
2
LAYER
5
2
100
AcDbSymbolTable
70
2
0
LAYER
5
50
100
AcDbSymbolTableRecord
100
AcDbLayerTableRecord
2
0
70
0
6
CONTINUOUS
0
ENDTAB
0
TABLE
2
STYLE
5
3
100
AcDbSymbolTable
70
1
0
STYLE
5
11
100
AcDbSymbolTableRecord
100
AcDbTextStyleTableRecord
2
STANDARD
70
0
0
ENDTAB
0
TABLE
2
VIEW
5
6
100
AcDbSymbolTable
70
0
0
ENDTAB
0
TABLE
2
UCS
5
7
100
AcDbSymbolTable
70
0
0
ENDTAB
0
TABLE
2
APPID
5
9
100
AcDbSymbolTable
70
2
0
APPID
5
12
100
AcDbSymbolTableRecord
100
AcDbRegAppTableRecord
2
ACAD
70
0
0
ENDTAB
0
TABLE
2
DIMSTYLE
5
A
100
AcDbSymbolTable
70
1
0
ENDTAB
0
TABLE
2
BLOCK_RECORD
5
1
100
AcDbSymbolTable
70
1
0
BLOCK_RECORD
5
1F
100
AcDbSymbolTableRecord
100
AcDbBlockTableRecord
2
*MODEL_SPACE
0
BLOCK_RECORD
5
1B
100
AcDbSymbolTableRecord
100
AcDbBlockTableRecord
2
*PAPER_SPACE
0
ENDTAB
0
ENDSEC
0
SECTION
2
BLOCKS
0
BLOCK
5
20
100
AcDbEntity
100
AcDbBlockBegin
2
*MODEL_SPACE
0
ENDBLK
5
21
100
AcDbEntity
100
AcDbBlockEnd
0
BLOCK
5
1C
100
AcDbEntity
100
AcDbBlockBegin
2
*PAPER_SPACE
0
ENDBLK
5
1D
100
AcDbEntity
100
AcDbBlockEnd
0
ENDSEC
0
SECTION
2
ENTITIES
0
CIRCLE
5
100
100
AcDbEntity
8
0
100
AcDbCircle
10
29.94107639078241
20
74.46833105515023
30
2.2204460492503131e-15
40
1.2999999999999978
210
-8.077462789643237e-32
220
5.655900334916556e-32
230
1
0
CIRCLE
5
101
100
AcDbEntity
8
0
100
AcDbCircle
10
32.887983686037842
20
57.755589287469789
30
0
40
1.2999999999999992
210
1.6171689400949482e-32
220
1.0905412957101508e-31
230
1
0
CIRCLE
5
102
100
AcDbEntity
8
0
100
AcDbCircle
10
46.653818158462826
20
77.415238350405659
30
0
40
1.2999999999999992
210
1.6171689400949482e-32
220
1.0905412957101508e-31
230
1
0
CIRCLE
5
103
100
AcDbEntity
8
0
100
AcDbCircle
10
49.600725453718255
20
60.702496582725217
30
-2.2204460492503131e-15
40
1.2999999999999978
210
-8.077462789643237e-32
220
5.655900334916556e-32
230
1
0
ARC
5
104
100
AcDbEntity
8
0
100
AcDbCircle
10
39.770900922250334
20
67.585413818937724
30
0
40
41.949199999999948
210
-8.0691006316463728e-32
220
1.3340770190952798e-31
230
1
100
AcDbArc
50
319.60239315920631
51
320.39760684079397
0
SPLINE
5
105
100
AcDbEntity
8
0
100
AcDbSpline
70
0
71
3
72
14
73
10
74
0
42
0.000000001
43
0.0000000001
44
0.0000000001
40
0
40
0
40
0
40
0
40
0.03906444733869302
40
0.03906444733869302
40
0.078128894677385805
40
0.078128894677385805
40
0.10889172028639747
40
0.10889172028639747
40
0.13965454589540963
40
0.13965454589540963
40
0.13965454589540963
40
0.13965454589540963
10
73.353726886990614
20
41.078317012902225
30
0
10
73.240292087441304
20
41.142257975992827
30
0
10
73.115452694475223
20
41.183431289858945
30
0
10
72.857018391889795
20
41.215607574389395
30
0
10
72.725894255060751
20
41.206302922236191
30
0
10
72.501295290967022
20
41.145217778849165
30
0
10
72.407072340433359
20
41.103246094157697
30
0
10
72.234696494606126
20
40.992130695805706
30
0
10
72.157564662182367
20
40.923645170692289
30
0
10
72.092198151967878
20
40.844637352495134
30
0
0
SPLINE
5
106
100
AcDbEntity
8
0
100
AcDbSpline
70
0
71
3
72
10
73
6
74
0
42
0.000000001
43
0.0000000001
44
0.0000000001
40
0
40
0
40
0
40
0
40
0.27907027099028647
40
0.27907027099028647
40
0.55216031394490273
40
0.55216031394490273
40
0.55216031394490273
40
0.55216031394490273
10
78.133335961188635
20
39.575173229409828
30
-2.2204460492503131e-15
10
77.21464349667923
20
39.721255023827176
30
-2.2204460492503131e-15
10
76.279571319637412
20
39.93133123893319
30
0
10
74.521403222159904
20
40.496319641510148
30
0
10
73.819422432925123
20
40.815813602728525
30
0
10
73.353726886990614
20
41.078317012902225
30
0
0
ARC
5
107
100
AcDbEntity
8
0
100
AcDbCircle
10
39.770900922250334
20
67.585413818937724
30
0
40
47.499999999999957
210
3.7753669727127961e-17
220
-2.7565752046789168e-17
230
1
100
AcDbArc
50
323.86503864663524
51
326.13496135336504
0
SPLINE
5
108
100
AcDbEntity
8
0
100
AcDbSpline
70
0
71
3
72
10
73
6
74
0
42
0.000000001
43
0.0000000001
44
0.0000000001
40
0.050017631539309222
40
0.050017631539309222
40
0.050017631539309222
40
0.050017631539309222
40
0.067773189126989458
40
0.067773189126989458
40
0.51640266305384031
40
0.51640266305384031
40
0.51640266305384031
40
0.51640266305384031
10
76.165427139081302
20
45.093841123481823
30
2.2204460492503131e-15
10
76.21050807214074
20
45.05521450884175
30
2.2204460492503131e-15
10
76.255324672566289
20
45.016310099023904
30
2.2204460492503131e-15
10
77.418071591378052
20
43.984392994944514
30
-2.2204460492503131e-15
10
78.440441709913841
20
42.50766663623957
30
0
10
79.212642841007181
20
41.11658319848577
30
0
0
SPLINE
5
109
100
AcDbEntity
8
0
100
AcDbSpline
70
0
71
3
72
14
73
10
74
0
42
0.000000001
43
0.0000000001
44
0.0000000001
40
0
40
0
40
0
40
0
40
0.039064447338692354
40
0.039064447338692354
40
0.078128894677385305
40
0.078128894677385305
40
0.10889172028639267
40
0.10889172028639267
40
0.13965454589540233
40
0.13965454589540233
40
0.13965454589540233
40
0.13965454589540233
10
75.953545952831732
20
46.359213517636739
30
0
10
75.887657546229562
20
46.246898699446184
30
0
10
75.844336650209257
20
46.122788201184136
30
0
10
75.807706686004678
20
45.864947460102805
30
0
10
75.814747820243099
20
45.733682315302325
30
0
10
75.871949126387193
20
45.508062945588648
30
0
10
75.912289045031713
20
45.413129928745938
30
0
10
76.020414105522718
20
45.238862791082568
30
2.2204460492503131e-15
10
76.087558771993841
20
45.160560936139092
30
2.2204460492503131e-15
10
76.165427139081302
20
45.093841123481809
30
2.2204460492503131e-15
0
ARC
5
110
100
AcDbEntity
8
0
100
AcDbCircle
10
39.770900922250334
20
67.585413818937724
30
0
40
41.949200000000076
210
-1.2186863096551289e-46
220
-2.0773993234756236e-46
230
1
100
AcDbArc
50
329.60239315920643
51
330.39760684079397
0
SPLINE
5
111
100
AcDbEntity
8
0
100
AcDbSpline
70
0
71
3
72
14
73
10
74
0
42
0.000000001
43
0.0000000001
44
0.0000000001
40
0
40
0
40
0
40
0
40
0.039064447338693069
40
0.039064447338693069
40
0.078128894677385902
40
0.078128894677385902
40
0.10889172028640445
40
0.10889172028640445
40
0.13965454589542345
40
0.13965454589542345
40
0.13965454589542345
40
0.13965454589542345
10
77.446437355995357
20
47.312615904191603
30
-2.2204460492503131e-15
10
77.323622654218866
20
47.35588771415258
30
-2.2204460492503131e-15
10
77.193530181223167
20
47.374757379775538
30
-2.2204460492503131e-15
10
76.933434723219932
20
47.361568188553704
30
0
10
76.805918392553863
20
47.329635427565655
30
0
10
76.595338915227487
20
47.230477103943514
30
0
10
76.50983572959052
20
47.172781419797793
30
0
10
76.359373646622345
20
47.033421362519988
30
0
10
76.295306006679866
20
46.952582484278679
30
0
10
76.244652124284656
20
46.863424196990323
30
0
0
SPLINE
5
112
100
AcDbEntity
8
0
100
AcDbSpline
70
0
71
3
72
10
73
6
74
0
42
0.000000001
43
0.0000000001
44
0.0000000001
40
0
40
0
40
0
40
0
40
0.27907027099028647
40
0.27907027099028647
40
0.55216031394488274
40
0.55216031394488274
40
0.55216031394488274
40
0.55216031394488274
10
82.414451607407742
20
46.662278658011054
30
0
10
81.484349308334089
20
46.646611869428789
30
0
10
80.527003626832993
20
46.691122975258288
30
0
10
78.697436846828055
20
46.942225248318941
30
0
10
77.950641178982877
20
47.134967693559489
30
-2.2204460492503131e-15
10
77.446437355995329
20
47.312615904191617
30
-2.2204460492503131e-15
0
ARC
5
113
100
AcDbEntity
8
0
100
AcDbCircle
10
39.770900922250334
20
67.585413818937724
30
0
40
47.499999999999936
210
-4.3008909280384885e-34
220
-8.7656681883720222e-34
230
1
100
AcDbArc
50
333.86503864663524
51
336.13496135336561
0
SPLINE
5
114
100
AcDbEntity
8
0
100
AcDbSpline
70
0
71
3
72
10
73
6
74
0
42
0.000000001
43
0.0000000001
44
0.0000000001
40
0.050017631539304434
40
0.050017631539304434
40
0.050017631539304434
40
0.050017631539304434
40
0.067773189126989458
40
0.067773189126989458
40
0.51640266305384031
40
0.51640266305384031
40
0.51640266305384031
40
0.51640266305384031
10
79.518133119220693
20
51.755381805619123
30
0
10
79.56923661285235
20
51.725170237922242
30
0
10
79.620128028283176
20
51.69463919450039
30
0
10
80.944400733346782
20
50.88030811347658
30
0
10
82.207669593630683
20
49.603549254331355
30
2.2204460492503131e-15
10
83.209698358364804
20
48.367690818951232
30
-2.2204460492503131e-15
0
SPLINE
5
115
100
AcDbEntity
8
0
100
AcDbSpline
70
0
71
3
72
14
73
10
74
0
42
0.000000001
43
0.0000000001
44
0.0000000001
40
0
40
0
40
0
40
0
40
0.039064447338690279
40
0.039064447338690279
40
0.078128894677383168
40
0.078128894677383168
40
0.10889172028639726
40
0.10889172028639726
40
0.13965454589541879
40
0.13965454589541879
40
0.13965454589541879
40
0.13965454589541879
10
79.089741273969565
20
52.964737567956391
30
0
10
79.044357123817917
20
52.842687662488352
30
0
10
79.023245931402187
20
52.712940086920867
30
0
10
79.03194603347805
20
52.452655799529431
30
-2.2204460492503131e-15
10
79.061674150251818
20
52.324607547358852
30
-2.2204460492503131e-15
10
79.157184832422089
20
52.112348745407175
30
-2.2204460492503131e-15
10
79.213396842434264
20
52.025862927763455
30
0
10
79.350140411183261
20
51.873019019211682
30
0
10
79.429861973716356
20
51.807566294360868
30
0
10
79.518133119220749
20
51.755381805619088
30
0
0
ARC
5
116
100
AcDbEntity
8
0
100
AcDbCircle
10
39.770900922250334
20
67.585413818937724
30
0
40
41.949199999999919
210
3.4367997191521193e-32
220
9.2424575415316912e-32
230
1
100
AcDbArc
50
339.60239315920643
51
340.39760684079397
0
SPLINE
5
117
100
AcDbEntity
8
0
100
AcDbSpline
70
0
71
3
72
14
73
10
74
0
42
0.000000001
43
0.0000000001
44
0.0000000001
40
0
40
0
40
0
40
0
40
0.039064447338692951
40
0.039064447338692951
40
0.078128894677385388
40
0.078128894677385388
40
0.10889172028639046
40
0.10889172028639046
40
0.13965454589539561
40
0.13965454589539561
40
0.13965454589539561
40
0.13965454589539561
10
80.394395715201654
20
54.162893501589934
30
0
10
80.265932773764206
20
54.184181366372137
30
0
10
80.134540014700917
20
54.180174038510451
30
0
10
79.880686270156673
20
54.122020118437455
30
0
10
79.760652264834533
20
54.068429509398371
30
0
10
79.570490625135818
20
53.934210881027795
30
0
10
79.496305175424482
20
53.862544251595175
30
0
10
79.372328569568978
20
53.699173920212438
30
0
10
79.323271784927712
20
53.608437937252191
30
0
10
79.288869622936289
20
53.511838210315688
30
0
0
SPLINE
5
118
100
AcDbEntity
8
0
100
AcDbSpline
70
0
71
3
72
10
73
6
74
0
42
0.000000001
43
0.0000000001
44
0.0000000001
40
0
40
0
40
0
40
0
40
0.27907027099028647
40
0.27907027099028647
40
0.55216031394492282
40
0.55216031394492282
40
0.55216031394492282
40
0.55216031394492282
10
85.399864544736204
20
54.385122960859782
30
0
10
84.4866130988012
20
54.208183616721193
30
0
10
83.53608237693291
20
54.085777165847269
30
0
10
81.690707375205307
20
54.015363693888581
30
0
10
80.921787837220265
20
54.075498241485107
30
0
10
80.394395715201682
20
54.162893501589934
30
0
0
ARC
5
119
100
AcDbEntity
8
0
100
AcDbCircle
10
39.770900922250334
20
67.585413818937724
30
0
40
47.499999999999943
210
2.7381637942419339e-32
220
9.4649108495526918e-32
230
1
100
AcDbArc
50
343.86503864663524
51
346.13496135336572
0
SPLINE
5
120
100
AcDbEntity
8
0
100
AcDbSpline
70
0
71
3
72
10
73
6
74
0
42
0.000000001
43
0.0000000001
44
0.0000000001
40
0.0500176315393141
40
0.0500176315393141
40
0.0500176315393141
40
0.0500176315393141
40
0.067773189126989458
40
0.067773189126989458
40
0.51640266305384031
40
0.51640266305384031
40
0.51640266305384031
40
0.51640266305384031
10
81.663139562125224
20
58.897910000098321
30
0
10
81.718712862534687
20
58.877031442541337
30
0
10
81.77413278306517
20
58.855801435820425
30
0
10
83.219693918351567
20
58.283799415677734
30
0
10
84.685477735308723
20
57.245801727956163
30
0
10
85.886887996718215
20
56.2027192281342
30
0
0
SPLINE
5
121
100
AcDbEntity
8
0
100
AcDbSpline
70
0
71
3
72
14
73
10
74
0
42
0.000000001
43
0.0000000001
44
0.0000000001
40
0
40
0
40
0
40
0
40
0.03906444733869522
40
0.03906444733869522
40
0.078128894677387997
40
0.078128894677387997
40
0.10889172028640313
40
0.10889172028640313
40
0.13965454589540918
40
0.13965454589540918
40
0.13965454589540918
40
0.13965454589540918
10
81.031253527313794
20
60.014503467742855
30
0
10
81.007752608049501
20
59.886426899614705
30
0
10
81.009492572137162
20
59.75498456116992
30
0
10
81.063258392294344
20
59.500165333830566
30
0
10
81.114770217818489
20
59.379224655636548
30
0
10
81.245688232267923
20
59.186775797736047
30
0
10
81.316064360168212
20
59.111365007096531
30
0
10
81.477271553034228
20
58.984588412475034
30
0
10
81.56714771229268
20
58.933973565640827
30
0
10
81.663139562125124
20
58.897910000098356
30
0
0
ARC
5
122
100
AcDbEntity
8
0
100
AcDbCircle
10
39.770900922250334
20
67.585413818937724
30
0
40
41.949199999999955
210
1.7796510997202302e-32
220
9.6988378520235528e-32
230
1
100
AcDbArc
50
349.60239315920649
51
350.39760684079408
0
SPLINE
5
123
100
AcDbEntity
8
0
100
AcDbSpline
70
0
71
3
72
14
73
10
74
0
42
0.000000001
43
0.0000000001
44
0.0000000001
40
0
40
0
40
0
40
0
40
0.039064447338692639
40
0.039064447338692639
40
0.078128894677385485
40
0.078128894677385485
40
0.10889172028640438
40
0.10889172028640438
40
0.13965454589542348
40
0.13965454589542348
40
0.13965454589542348
40
0.13965454589542348
10
82.108029741604938
20
61.421007586707788
30
2.2204460492503131e-15
10
81.97782184197672
20
61.419664685312057
30
2.2204460492503131e-15
10
81.849121099342028
20
61.392902124595075
30
2.2204460492503131e-15
10
81.60922228582848
20
61.291550453105152
30
2.2204460492503131e-15
10
81.50031777836179
20
61.217930319552607
30
2.2204460492503131e-15
10
81.336351941486441
20
61.052729551538761
30
2.2204460492503131e-15
10
81.275738315050461
20
60.969269531089481
30
0
10
81.182014152741218
20
60.786852850451382
30
0
10
81.149458788978492
20
60.688976729699732
30
0
10
81.132353639674591
20
60.58787069693615
30
0
0
SPLINE
5
124
100
AcDbEntity
8
0
100
AcDbSpline
70
0
71
3
72
10
73
6
74
0
42
0.000000001
43
0.0000000001
44
0.0000000001
40
0
40
0
40
0
40
0
40
0.27907027099028647
40
0.27907027099028647
40
0.55216031394487797
40
0.55216031394487797
40
0.55216031394487797
40
0.55216031394487797
10
86.998864511765106
20
62.509051421761725
30
0
10
86.130212602025935
20
62.176215734502847
30
0
10
85.21537823478269
20
61.890610984994645
30
0
10
83.4102657969554
20
61.500821245731139
30
0
10
82.642585619900331
20
61.426520737884687
30
2.2204460492503131e-15
10
82.108029741604938
20
61.421007586707788
30
2.2204460492503131e-15
0
ARC
5
125
100
AcDbEntity
8
0
100
AcDbCircle
10
39.770900922250334
20
67.585413818937724
30
0
40
47.499999999999957
210
1.016478599560725e-32
220
9.4568138626747754e-32
230
1
100
AcDbArc
50
353.86503864663524
51
356.13496135336544
0
SPLINE
5
126
100
AcDbEntity
8
0
100
AcDbSpline
70
0
71
3
72
10
73
6
74
0
42
0.000000001
43
0.0000000001
44
0.0000000001
40
0.050017631539292014
40
0.050017631539292014
40
0.050017631539292014
40
0.050017631539292014
40
0.067773189126989458
40
0.067773189126989458
40
0.51640266305384031
40
0.51640266305384031
40
0.51640266305384031
40
0.51640266305384031
10
82.53527153245247
20
66.30440360202401
30
2.2204460492503131e-15
10
82.593626073028332
20
66.293492439013193
30
2.2204460492503131e-15
10
82.651890592417089
20
66.282208532004489
30
2.2204460492503131e-15
10
84.174817514319926
20
65.969915564677947
30
0
10
85.798579188394513
20
65.20221808286928
30
0
10
87.162866703629334
20
64.383605052537376
30
0
0
SPLINE
5
127
100
AcDbEntity
8
0
100
AcDbSpline
70
0
71
3
72
14
73
10
74
0
42
0.000000001
43
0.0000000001
44
0.0000000001
40
0
40
0
40
0
40
0
40
0.039064447338693124
40
0.039064447338693124
40
0.07812889467738604
40
0.07812889467738604
40
0.10889172028640151
40
0.10889172028640151
40
0.13965454589541693
40
0.13965454589541693
40
0.13965454589541693
40
0.13965454589541693
10
81.719090845498741
20
67.294307647484942
30
0
10
81.718187220661648
20
67.164095958409405
30
0
10
81.742725473324384
20
67.034952666027976
30
0
10
81.839923364324221
20
66.793341052018647
30
0
10
81.911653737846393
20
66.683182669109186
30
0
10
82.074001206953668
20
66.516391216423344
30
2.2204460492503131e-15
10
82.15640310970781
20
66.454346771501903
30
2.2204460492503131e-15
10
82.337175727710473
20
66.357489533486131
30
2.2204460492503131e-15
10
82.434475642074858
20
66.323250471177204
30
2.2204460492503131e-15
10
82.53527153245247
20
66.30440360202401
30
2.2204460492503131e-15
0
ARC
5
128
100
AcDbEntity
8
0
100
AcDbCircle
10
39.770900922250334
20
67.585413818937724
30
0
40
41.94919999999972
210
6.8428682170239839e-34
220
9.8605238822304344e-32
230
1
100
AcDbArc
50
-0.39760684079273395
51
0.39760684079364778
0
SPLINE
5
129
100
AcDbEntity
8
0
100
AcDbSpline
70
0
71
3
72
14
73
10
74
0
42
0.000000001
43
0.0000000001
44
0.0000000001
40
0
40
0
40
0
40
0
40
0.039064447338692548
40
0.039064447338692548
40
0.078128894677385652
40
0.078128894677385652
40
0.1088917202864101
40
0.1088917202864101
40
0.13965454589543463
40
0.13965454589543463
40
0.13965454589543463
40
0.13965454589543463
10
82.535271532453294
20
68.86642403585202
30
0
10
82.407274975776161
20
68.842491171657727
30
0
10
82.285176756509273
20
68.793786544950294
30
0
10
82.066522078080411
20
68.652316641295215
30
0
10
81.972056076820238
20
68.560903893733581
30
0
10
81.839268061750971
20
68.36974052781693
30
0
10
81.79406797295772
20
68.277023006839514
30
0
10
81.733444015439829
20
68.081102615479963
30
0
10
81.718379250809789
20
67.979060273338291
30
0
10
81.719090845499395
20
67.876519990391046
30
0
0
SPLINE
5
130
100
AcDbEntity
8
0
100
AcDbSpline
70
0
71
3
72
10
73
6
74
0
42
0.000000001
43
0.0000000001
44
0.0000000001
40
0
40
0
40
0
40
0
40
0.27907027099028647
40
0.27907027099028647
40
0.55216031394477894
40
0.55216031394477894
40
0.55216031394477894
40
0.55216031394477894
10
87.162866703629305
20
70.787222585338554
30
0
10
86.365207878804313
20
70.308603598893768
30
0
10
85.513866645506269
20
69.868478506542104
30
0
10
83.80386419957189
20
69.171156063958307
30
-2.2204460492503131e-15
10
83.060748957161763
20
68.96467808400169
30
-2.2204460492503131e-15
10
82.535271532453294
20
68.86642403585202
30
0
0
ARC
5
131
100
AcDbEntity
8
0
100
AcDbCircle
10
39.770900922250334
20
67.585413818937724
30
0
40
47.499999999999957
210
-6.7073938629239878e-33
220
9.9280314230400101e-32
230
1
100
AcDbArc
50
3.8650386466351994
51
6.1349613533657772
0
SPLINE
5
132
100
AcDbEntity
8
0
100
AcDbSpline
70
0
71
3
72
10
73
6
74
0
42
0.000000001
43
0.0000000001
44
0.0000000001
40
0.050017631539308667
40
0.050017631539308667
40
0.050017631539308667
40
0.050017631539308667
40
0.067773189126989458
40
0.067773189126989458
40
0.51640266305384031
40
0.51640266305384031
40
0.51640266305384031
40
0.51640266305384031
10
82.108029741604753
20
73.749820051168101
30
2.2204460492503131e-15
10
82.167392449160346
20
73.749207812870296
30
2.2204460492503131e-15
10
82.226731229468882
20
73.74821286137832
30
2.2204460492503131e-15
10
83.780750574104204
20
73.705117810652268
30
0
10
85.513152928492502
20
73.231046634267599
30
0
10
86.998864511765035
20
72.661776216114205
30
0
0
SPLINE
5
133
100
AcDbEntity
8
0
100
AcDbSpline
70
0
71
3
72
14
73
10
74
0
42
0.000000001
43
0.0000000001
44
0.0000000001
40
0
40
0
40
0
40
0
40
0.039064447338693485
40
0.039064447338693485
40
0.078128894677386346
40
0.078128894677386346
40
0.10889172028639638
40
0.10889172028639638
40
0.13965454589540416
40
0.13965454589540416
40
0.13965454589540416
40
0.13965454589540416
10
81.132353639674548
20
74.58295694093971
30
0
10
81.154074765448087
20
74.454566547199065
30
2.2204460492503131e-15
10
81.200665724295675
20
74.331646254470328
30
2.2204460492503131e-15
10
81.338342377404615
20
74.110583500421328
30
2.2204460492503131e-15
10
81.428111807822674
20
74.014554519518299
30
2.2204460492503131e-15
10
81.616955885890746
20
73.878488345936432
30
2.2204460492503131e-15
10
81.708879823380926
20
73.831695435796007
30
2.2204460492503131e-15
10
81.903725181997515
20
73.767700512550974
30
2.2204460492503131e-15
10
82.005492442805931
20
73.75087757134979
30
2.2204460492503131e-15
10
82.108029741604739
20
73.749820051168086
30
2.2204460492503131e-15
0
ARC
5
134
100
AcDbEntity
8
0
100
AcDbCircle
10
39.770900922250334
20
67.585413818937724
30
0
40
41.949199999999955
210
-1.1413598581955877e-48
220
6.7464109881493072e-48
230
1
100
AcDbArc
50
9.6023931592064837
51
10.397606840794094
0
SPLINE
5
135
100
AcDbEntity
8
0
100
AcDbSpline
70
0
71
3
72
14
73
10
74
0
42
0.000000001
43
0.0000000001
44
0.0000000001
40
0
40
0
40
0
40
0
40
0.039064447338692541
40
0.039064447338692541
40
0.078128894677385569
40
0.078128894677385569
40
0.10889172028639427
40
0.10889172028639427
40
0.1396545458954038
40
0.1396545458954038
40
0.1396545458954038
40
0.1396545458954038
10
81.663139562125053
20
76.27291763777751
30
0
10
81.541243459004249
20
76.227121998752509
30
0
10
81.429457655712952
20
76.157955171491366
30
0
10
81.238690824128298
20
75.980665527106382
30
0
10
81.161533630720854
20
75.874237695613189
30
0
10
81.063958134101739
20
75.66292013393381
30
0
10
81.035544964776847
20
75.563762287385885
30
0
10
81.00986324032236
20
75.360291127255962
30
0
10
81.012746810075171
20
75.257183068654385
30
0
10
81.031253527313737
20
75.156324170133018
30
0
0
SPLINE
5
136
100
AcDbEntity
8
0
100
AcDbSpline
70
0
71
3
72
10
73
6
74
0
42
0.000000001
43
0.0000000001
44
0.0000000001
40
0
40
0
40
0
40
0
40
0.27907027099028647
40
0.27907027099028647
40
0.55216031394490295
40
0.55216031394490295
40
0.55216031394490295
40
0.55216031394490295
10
85.886887996718073
20
78.968108409741717
30
0
10
85.184458716564791
20
78.358248719821233
30
0
10
84.422478189786261
20
77.776976262843192
30
-2.2204460492503131e-15
10
82.859543294760812
20
76.793308906494531
30
-2.2204460492503131e-15
10
82.163572167601245
20
76.460927183365982
30
0
10
81.663139562125053
20
76.27291763777751
30
0
0
ARC
5
137
100
AcDbEntity
8
0
100
AcDbCircle
10
39.770900922250334
20
67.585413818937724
30
0
40
47.499999999999936
210
-4.6754762523556952e-32
220
1.8942281258675723e-31
230
1
100
AcDbArc
50
13.86503864663529
51
16.13496135336587
0
SPLINE
5
138
100
AcDbEntity
8
0
100
AcDbSpline
70
0
71
3
72
10
73
6
74
0
42
0.000000001
43
0.0000000001
44
0.0000000001
40
0.050017631539300035
40
0.050017631539300035
40
0.050017631539300035
40
0.050017631539300035
40
0.067773189126989458
40
0.067773189126989458
40
0.51640266305384031
40
0.51640266305384031
40
0.51640266305384031
40
0.51640266305384031
10
80.394395715201597
20
81.00793413628594
30
0
10
80.452962883906864
20
81.017639425251957
30
0
10
80.511572946322488
20
81.026963660374363
30
0
10
82.049466622275389
20
81.254375947557975
30
0
10
83.837871488077198
20
81.08833548940018
30
-2.2204460492503131e-15
10
85.399864544736062
20
80.785704677016113
30
0
0
SPLINE
5
139
100
AcDbEntity
8
0
100
AcDbSpline
70
0
71
3
72
14
73
10
74
0
42
0.000000001
43
0.0000000001
44
0.0000000001
40
0
40
0
40
0
40
0
40
0.03906444733869309
40
0.03906444733869309
40
0.078128894677385388
40
0.078128894677385388
40
0.10889172028638205
40
0.10889172028638205
40
0.13965454589537923
40
0.13965454589537923
40
0.13965454589537923
40
0.13965454589537923
10
79.288869622936389
20
81.658989427560186
30
-2.2204460492503131e-15
10
79.332555513905319
20
81.53632140629955
30
0
10
79.399783536229322
20
81.423358984117414
30
0
10
79.57375571601041
20
81.229561969947369
30
0
10
79.678836604606616
20
81.150580183042507
30
0
10
79.888439359883051
20
81.049373590396115
30
0
10
79.987092269784355
20
81.019253993932963
30
0
10
80.190090091389763
20
80.990065838818438
30
0
10
80.29323255191926
20
80.991170175280573
30
0
10
80.394395715201625
20
81.007934136285925
30
0
0
ARC
5
140
100
AcDbEntity
8
0
100
AcDbCircle
10
39.770900922250334
20
67.585413818937724
30
0
40
41.949200000000189
210
4.9864041174146326e-17
220
1.7758133241388838e-17
230
1
100
AcDbArc
50
19.602393159206429
51
20.397606840794126
0
SPLINE
5
141
100
AcDbEntity
8
0
100
AcDbSpline
70
0
71
3
72
14
73
10
74
0
42
0.000000001
43
0.0000000001
44
0.0000000001
40
0
40
0
40
0
40
0
40
0.039064447338692673
40
0.039064447338692673
40
0.078128894677385929
40
0.078128894677385929
40
0.10889172028639929
40
0.10889172028639929
40
0.13965454589541348
40
0.13965454589541348
40
0.13965454589541348
40
0.13965454589541348
10
79.518133119220465
20
83.415445832256694
30
0
10
79.4060412210669
20
83.349178895719106
30
0
10
79.307964388817823
20
83.261651466950497
30
0
10
79.150881757722317
20
83.053928937967441
30
0
10
79.093377754445839
20
82.935719778347575
30
0
10
79.033979558365942
20
82.710668798085223
30
0
10
79.023216628281546
20
82.60808348695781
30
0
10
79.033257463092383
20
82.403243926296582
30
0
10
79.054001751420216
20
82.302203037420441
30
0
10
79.08974127396931
20
82.20609006991937
30
0
0
SPLINE
5
142
100
AcDbEntity
8
0
100
AcDbSpline
70
0
71
3
72
10
73
6
74
0
42
0.000000001
43
0.0000000001
44
0.0000000001
40
0
40
0
40
0
40
0
40
0.27907027099028647
40
0.27907027099028647
40
0.55216031394491827
40
0.55216031394491827
40
0.55216031394491827
40
0.55216031394491827
10
83.209698358364619
20
86.803136818924656
30
0
10
82.62384158111405
20
86.080566703602841
30
0
10
81.974374153580456
20
85.37580855146561
30
0
10
80.605995795366425
20
84.135684516215164
30
0
10
79.978315513978174
20
83.687498300378479
30
0
10
79.518133119220494
20
83.415445832256708
30
0
0
ARC
5
143
100
AcDbEntity
8
0
100
AcDbCircle
10
39.770900922250334
20
67.585413818937724
30
0
40
47.499999999999957
210
-7.9006640135367376e-34
220
1.7858272995976326e-33
230
1
100
AcDbArc
50
23.865038646635277
51
26.134961353365558
0
SPLINE
5
144
100
AcDbEntity
8
0
100
AcDbSpline
70
0
71
3
72
10
73
6
74
0
42
0.000000001
43
0.0000000001
44
0.0000000001
40
0.050017631539300479
40
0.050017631539300479
40
0.050017631539300479
40
0.050017631539300479
40
0.067773189126989458
40
0.067773189126989458
40
0.51640266305384031
40
0.51640266305384031
40
0.51640266305384031
40
0.51640266305384031
10
77.446437355994988
20
87.858211733684172
30
0
10
77.502429452065215
20
87.877939659619926
30
0
10
77.558529959499509
20
87.897299769190766
30
0
10
79.033569845637842
20
88.388309587014163
30
0
10
80.823637445982285
20
88.535344902383812
30
0
10
82.414451607407528
20
88.508548979864813
30
0
0
SPLINE
5
145
100
AcDbEntity
8
0
100
AcDbSpline
70
0
71
3
72
14
73
10
74
0
42
0.000000001
43
0.0000000001
44
0.0000000001
40
0
40
0
40
0
40
0
40
0.039064447338691487
40
0.039064447338691487
40
0.078128894677384347
40
0.078128894677384347
40
0.10889172028639561
40
0.10889172028639561
40
0.13965454589541154
40
0.13965454589541154
40
0.13965454589541154
40
0.13965454589541154
10
76.244652124284499
20
88.307403440885523
30
0
10
76.308975406757867
20
88.194184997857889
30
0
10
76.394797803118905
20
88.094612752258499
30
0
10
76.59977945292367
20
87.933969902176983
30
2.2204460492503131e-15
10
76.716978970071551
20
87.874435130898661
30
2.2204460492503131e-15
10
76.940971728901488
20
87.811163230292252
30
2.2204460492503131e-15
10
77.043356092467434
20
87.798632116203649
30
2.2204460492503131e-15
10
77.248338390974254
20
87.805137596542949
30
0
10
77.34972211975429
20
87.824135655963843
30
0
10
77.446437355994988
20
87.858211733684172
30
0
0
ARC
5
146
100
AcDbEntity
8
0
100
AcDbCircle
10
39.770900922250334
20
67.585413818937724
30
0
40
41.949200000000019
210
4.8710009640082966e-32
220
-8.5736785177198353e-32
230
1
100
AcDbArc
50
29.602393159206532
51
30.39760684079415
0
SPLINE
5
147
100
AcDbEntity
8
0
100
AcDbSpline
70
0
71
3
72
14
73
10
74
0
42
0.000000001
43
0.0000000001
44
0.0000000001
40
0
40
0
40
0
40
0
40
0.03906444733869302
40
0.03906444733869302
40
0.07812889467738568
40
0.07812889467738568
40
0.10889172028641234
40
0.10889172028641234
40
0.1396545458954391
40
0.1396545458954391
40
0.1396545458954391
40
0.1396545458954391
10
76.165427139081146
20
90.076986514394036
30
0
10
76.066545301498948
20
89.992261767677888
30
0
10
75.985157455210683
20
89.889033214033972
30
0
10
75.866531900862512
20
89.657189344383298
30
0
10
75.830428317758091
20
89.530790582135111
30
0
10
75.811012206348309
20
89.298844243443725
30
0
10
75.81822654168873
20
89.195948470504732
30
0
10
75.863684850080062
20
88.995964455709
30
0
10
75.901659552279256
20
88.900060812837609
30
0
10
75.953545952831277
20
88.811614120238858
30
0
0
SPLINE
5
148
100
AcDbEntity
8
0
100
AcDbSpline
70
0
71
3
72
10
73
6
74
0
42
0.000000001
43
0.0000000001
44
0.0000000001
40
0
40
0
40
0
40
0
40
0.27907027099028647
40
0.27907027099028647
40
0.55216031394488396
40
0.55216031394488396
40
0.55216031394488396
40
0.55216031394488396
10
79.212642841006925
20
94.054244439390061
30
0
10
78.761159528378059
20
93.240918825982831
30
0
10
78.243938939228627
20
92.434088698514302
30
0
10
77.111694601807613
20
90.975188525640235
30
2.2204460492503131e-15
10
76.57137691391911
20
90.424815728470534
30
0
10
76.165427139081146
20
90.076986514394051
30
0
0
ARC
5
149
100
AcDbEntity
8
0
100
AcDbCircle
10
39.770900922250334
20
67.585413818937724
30
0
40
47.499999999999972
210
-2.7452423003426847e-32
220
4.0907412899043836e-32
230
1
100
AcDbArc
50
33.865038646635284
51
36.134961353365739
0
SPLINE
5
150
100
AcDbEntity
8
0
100
AcDbSpline
70
0
71
3
72
10
73
6
74
0
42
0.000000001
43
0.0000000001
44
0.0000000001
40
0.05001763153931707
40
0.05001763153931707
40
0.05001763153931707
40
0.05001763153931707
40
0.067773189126989458
40
0.067773189126989458
40
0.51640266305384031
40
0.51640266305384031
40
0.51640266305384031
40
0.51640266305384031
10
73.353726886990472
20
94.092510624973627
30
-2.2204460492503131e-15
10
73.405442618919906
20
94.121661764832311
30
-2.2204460492503131e-15
10
73.457328985842636
20
94.150469501719002
30
-2.2204460492503131e-15
10
74.82469674163228
20
94.890157765330514
30
2.2204460492503131e-15
10
76.562036778300836
20
95.345801260573566
30
2.2204460492503131e-15
10
78.133335961188351
20
95.59565440846599
30
0
0
SPLINE
5
151
100
AcDbEntity
8
0
100
AcDbSpline
70
0
71
3
72
14
73
10
74
0
42
0.000000001
43
0.0000000001
44
0.0000000001
40
0
40
0
40
0
40
0
40
0.039064447338692528
40
0.039064447338692528
40
0.078128894677385125
40
0.078128894677385125
40
0.1088917202864059
40
0.1088917202864059
40
0.13965454589542581
40
0.13965454589542581
40
0.13965454589542581
40
0.13965454589542581
10
72.092198151967551
20
94.326190285380576
30
-2.2204460492503131e-15
10
72.175204395556548
20
94.225861505686069
30
-2.2204460492503131e-15
10
72.277013495869625
20
94.142704888966165
30
-2.2204460492503131e-15
10
72.506776351994461
20
94.020097254683662
30
-2.2204460492503131e-15
10
72.632533449671271
20
93.981818432931135
30
-2.2204460492503131e-15
10
72.864110305423424
20
93.958403709047516
30
-2.2204460492503131e-15
10
72.967115225576052
20
93.963841828894004
30
-2.2204460492503131e-15
10
73.167853717570111
20
94.005843278958906
30
-2.2204460492503131e-15
10
73.264398221304376
20
94.042157814916521
30
-2.2204460492503131e-15
10
73.353726886990458
20
94.092510624973613
30
-2.2204460492503131e-15
0
ARC
5
152
100
AcDbEntity
8
0
100
AcDbCircle
10
39.770900922250334
20
67.585413818937724
30
0
40
41.949199999999891
210
4.0783232257494202e-17
220
3.3741693275044824e-17
230
1
100
AcDbArc
50
39.602393159206493
51
40.39760684079419
0
SPLINE
5
153
100
AcDbEntity
8
0
100
AcDbSpline
70
0
71
3
72
14
73
10
74
0
42
0.000000001
43
0.0000000001
44
0.0000000001
40
0
40
0
40
0
40
0
40
0.039064447338692396
40
0.039064447338692396
40
0.078128894677385707
40
0.078128894677385707
40
0.10889172028639202
40
0.10889172028639202
40
0.13965454589539808
40
0.13965454589539808
40
0.13965454589539808
40
0.13965454589539808
10
71.706891896361924
20
96.055132141464568
30
0
10
71.624224593949478
20
95.95452390312596
30
0
10
71.561998662147332
20
95.838730771972976
30
0
10
71.485434561988072
20
95.589810020315355
30
0
10
71.471828388159111
20
95.459062217868819
30
0
10
71.492984310139803
20
95.227268092879157
30
0
10
71.517956706976364
20
95.127188294121666
30
0
10
71.597451261250754
20
94.938136238284443
30
0
10
71.651502535211051
20
94.850283825076986
30
0
10
71.717959271740995
20
94.772190815379048
30
0
0
SPLINE
5
154
100
AcDbEntity
8
0
100
AcDbSpline
70
0
71
3
72
10
73
6
74
0
42
0.000000001
43
0.0000000001
44
0.0000000001
40
0
40
0
40
0
40
0
40
0.27907027099028647
40
0.27907027099028647
40
0.55216031394493337
40
0.55216031394493337
40
0.55216031394493337
40
0.55216031394493337
10
74.017169953932253
20
100.5011100353276
30
0
10
73.713778197917719
20
99.621741411035714
30
0
10
73.34451993302747
20
98.737354433383246
30
-2.2204460492503131e-15
10
72.482812287648557
20
97.104006066399023
30
0
10
72.046274472792234
20
96.468169486836132
30
0
10
71.70689189636191
20
96.055132141464554
30
0
0
ARC
5
155
100
AcDbEntity
8
0
100
AcDbCircle
10
39.770900922250334
20
67.585413818937724
30
0
40
47.499999999999986
210
-3.2785648239486865e-32
220
3.4110964039961016e-32
230
1
100
AcDbArc
50
43.865038646635291
51
46.134961353365725
0
SPLINE
5
156
100
AcDbEntity
8
0
100
AcDbSpline
70
0
71
3
72
10
73
6
74
0
42
0.000000001
43
0.0000000001
44
0.0000000001
40
0.050017631539293027
40
0.050017631539293027
40
0.050017631539293027
40
0.050017631539293027
40
0.067773189126989458
40
0.067773189126989458
40
0.51640266305384031
40
0.51640266305384031
40
0.51640266305384031
40
0.51640266305384031
10
68.240619244776866
20
99.521404793049655
30
0
10
68.286487256220354
20
99.559093404197952
30
0
10
68.332582941628488
20
99.59647345989265
30
0
10
69.550731789731344
20
100.56236511570285
30
0
10
71.18255606484631
20
101.31277229378307
30
0
10
72.686597138639826
20
101.83168285062001
30
0
0
SPLINE
5
157
100
AcDbEntity
8
0
100
AcDbSpline
70
0
71
3
72
14
73
10
74
0
42
0.000000001
43
0.0000000001
44
0.0000000001
40
0
40
0
40
0
40
0
40
0.039064447338693707
40
0.039064447338693707
40
0.078128894677386637
40
0.078128894677386637
40
0.10889172028638711
40
0.10889172028638711
40
0.13965454589538873
40
0.13965454589538873
40
0.13965454589538873
40
0.13965454589538873
10
66.957677918691388
20
99.532472168428754
30
0
10
67.05684502068776
20
99.448081491269534
30
0
10
67.171547406957657
20
99.383867175148822
30
0
10
67.419110241284855
20
99.303020127590543
30
0
10
67.549603853713847
20
99.287160337992731
30
0
10
67.78172846080966
20
99.304314235368722
30
0
10
67.882224185173044
20
99.327556354630531
30
0
10
68.072619533153514
20
99.403777581614477
30
0
10
68.16139135594986
20
99.456305195309767
30
0
10
68.24061924477688
20
99.521404793049669
30
0
0
ARC
5
158
100
AcDbEntity
8
0
100
AcDbCircle
10
39.770900922250334
20
67.585413818937724
30
0
40
41.949200000000019
210
-1.1264421625767574e-31
220
9.5859629823636026e-32
230
1
100
AcDbArc
50
49.602393159206528
51
50.397606840794246
0
SPLINE
5
159
100
AcDbEntity
8
0
100
AcDbSpline
70
0
71
3
72
14
73
10
74
0
42
0.000000001
43
0.0000000001
44
0.0000000001
40
0
40
0
40
0
40
0
40
0.039064447338692541
40
0.039064447338692541
40
0.078128894677385402
40
0.078128894677385402
40
0.10889172028639971
40
0.10889172028639971
40
0.13965454589541348
40
0.13965454589541348
40
0.13965454589541348
40
0.13965454589541348
10
66.277997728285825
20
101.16823978367808
30
0
10
66.21405676519521
20
101.05480498412876
30
0
10
66.172883451329099
20
100.9299655911627
30
0
10
66.140707166798649
20
100.67153128857727
30
0
10
66.150011818951839
20
100.54040715174821
30
0
10
66.211096962338857
20
100.31580818765447
30
0
10
66.253068647030318
20
100.22158523712081
30
0
10
66.364184045382316
20
100.04920939129354
30
0
10
66.432669570495747
20
99.972077558869771
30
0
10
66.511677388692902
20
99.906711048655296
30
0
0
SPLINE
5
160
100
AcDbEntity
8
0
100
AcDbSpline
70
0
71
3
72
10
73
6
74
0
42
0.000000001
43
0.0000000001
44
0.0000000001
40
0
40
0
40
0
40
0
40
0.27907027099028647
40
0.27907027099028647
40
0.5521603139448954
40
0.5521603139448954
40
0.5521603139448954
40
0.5521603139448954
10
67.781141511778202
20
105.94784885787607
30
0
10
67.635059717360846
20
105.02915639336665
30
0
10
67.424983502254833
20
104.09408421632483
30
0
10
66.859995099677889
20
102.33591611884734
30
-2.2204460492503131e-15
10
66.540501138459518
20
101.63393532961263
30
0
10
66.277997728285825
20
101.16823978367808
30
0
0
ARC
5
161
100
AcDbEntity
8
0
100
AcDbCircle
10
39.770900922250334
20
67.585413818937724
30
0
40
47.5
210
-8.4307390755800311e-32
220
6.1556840595451817e-32
230
1
100
AcDbArc
50
53.865038646635284
51
56.134961353365611
0
SPLINE
5
162
100
AcDbEntity
8
0
100
AcDbSpline
70
0
71
3
72
10
73
6
74
0
42
0.000000001
43
0.0000000001
44
0.0000000001
40
0.050017631539309208
40
0.050017631539309208
40
0.050017631539309208
40
0.050017631539309208
40
0.067773189126989458
40
0.067773189126989458
40
0.51640266305384031
40
0.51640266305384031
40
0.51640266305384031
40
0.51640266305384031
10
62.262473617706213
20
103.97994003576872
30
0
10
62.301100232346293
20
104.02502096882814
30
0
10
62.340004642164132
20
104.06983756925371
30
0
10
63.371921746243522
20
105.2325844880655
30
0
10
64.848648104948452
20
106.2549546066013
30
0
10
66.239731542702259
20
107.02715573769461
30
-2.2204460492503131e-15
0
SPLINE
5
163
100
AcDbEntity
8
0
100
AcDbSpline
70
0
71
3
72
14
73
10
74
0
42
0.000000001
43
0.0000000001
44
0.0000000001
40
0
40
0
40
0
40
0
40
0.039064447338693534
40
0.039064447338693534
40
0.078128894677386443
40
0.078128894677386443
40
0.10889172028639875
40
0.10889172028639875
40
0.13965454589541113
40
0.13965454589541113
40
0.13965454589541113
40
0.13965454589541113
10
60.997101223551212
20
103.76805884951908
30
0
10
61.109416041741781
20
103.70217044291691
30
0
10
61.233526540003837
20
103.6588495468966
30
0
10
61.491367281085161
20
103.62221958269204
30
0
10
61.622632425885655
20
103.62926071693045
30
0
10
61.848251795599339
20
103.68646202307454
30
0
10
61.94318481244207
20
103.72680194171907
30
0
10
62.117451950105448
20
103.83492700221011
30
0
10
62.19575380504893
20
103.90207166868124
30
0
10
62.262473617706213
20
103.97994003576872
30
0
0
ARC
5
164
100
AcDbEntity
8
0
100
AcDbCircle
10
39.770900922250334
20
67.585413818937724
30
0
40
41.949199999999998
210
-1.2757874753324384e-31
220
7.4842843773332026e-32
230
1
100
AcDbArc
50
59.602393159206521
51
60.397606840794154
0
SPLINE
5
165
100
AcDbEntity
8
0
100
AcDbSpline
70
0
71
3
72
14
73
10
74
0
42
0.000000001
43
0.0000000001
44
0.0000000001
40
0
40
0
40
0
40
0
40
0.039064447338692555
40
0.039064447338692555
40
0.078128894677385097
40
0.078128894677385097
40
0.10889172028640055
40
0.10889172028640055
40
0.13965454589541593
40
0.13965454589541593
40
0.13965454589541593
40
0.13965454589541593
10
60.043698836996377
20
105.26095025268263
30
0
10
60.000427027035414
20
105.13813555090613
30
0
10
59.981557361412456
20
105.00804307791043
30
2.2204460492503131e-15
10
59.994746552634311
20
104.74794761990721
30
2.2204460492503131e-15
10
60.026679313622381
20
104.62043128924114
30
0
10
60.125837637244537
20
104.40985181191479
30
0
10
60.183533321390243
20
104.32434862627784
30
0
10
60.322893378668034
20
104.17388654330965
30
0
10
60.403732256909336
20
104.1098189033672
30
0
10
60.492890544197678
20
104.059165020972
30
0
0
SPLINE
5
166
100
AcDbEntity
8
0
100
AcDbSpline
70
0
71
3
72
10
73
6
74
0
42
0.000000001
43
0.0000000001
44
0.0000000001
40
0
40
0
40
0
40
0
40
0.27907027099028647
40
0.27907027099028647
40
0.55216031394490761
40
0.55216031394490761
40
0.55216031394490761
40
0.55216031394490761
10
60.694036083176982
20
110.2289645040952
30
-2.2204460492503131e-15
10
60.709702871759248
20
109.29886220502154
30
0
10
60.665191765929748
20
108.34151652352043
30
0
10
60.414089492869074
20
106.5119497435154
30
-2.2204460492503131e-15
10
60.221347047628257
20
105.76515407567028
30
-2.2204460492503131e-15
10
60.04369883699637
20
105.26095025268262
30
0
0
ARC
5
167
100
AcDbEntity
8
0
100
AcDbCircle
10
39.770900922250334
20
67.585413818937724
30
0
40
47.5
210
2.0591110384935124e-17
220
4.1966849260881293e-17
230
1
100
AcDbArc
50
63.865038646635284
51
66.134961353366023
0
SPLINE
5
168
100
AcDbEntity
8
0
100
AcDbSpline
70
0
71
3
72
10
73
6
74
0
42
0.000000001
43
0.0000000001
44
0.0000000001
40
0.050017631539298182
40
0.050017631539298182
40
0.050017631539298182
40
0.050017631539298182
40
0.067773189126989458
40
0.067773189126989458
40
0.51640266305384031
40
0.51640266305384031
40
0.51640266305384031
40
0.51640266305384031
10
55.600932935568885
20
107.33264601590807
30
-2.2204460492503131e-15
10
55.631144503265787
20
107.38374950953974
30
0
10
55.661675546687633
20
107.43464092497058
30
0
10
56.476006627711456
20
108.75891363003424
30
0
10
57.752765486856688
20
110.02218249031814
30
0
10
58.988623922236798
20
111.02421125505225
30
0
0
SPLINE
5
169
100
AcDbEntity
8
0
100
AcDbSpline
70
0
71
3
72
14
73
10
74
0
42
0.000000001
43
0.0000000001
44
0.0000000001
40
0
40
0
40
0
40
0
40
0.039064447338692652
40
0.039064447338692652
40
0.07812889467738543
40
0.07812889467738543
40
0.10889172028639765
40
0.10889172028639765
40
0.13965454589541124
40
0.13965454589541124
40
0.13965454589541124
40
0.13965454589541124
10
54.391577173231617
20
106.90425417065697
30
-2.2204460492503131e-15
10
54.513627078699677
20
106.85887002050532
30
-2.2204460492503131e-15
10
54.643374654267163
20
106.8377588280896
30
-2.2204460492503131e-15
10
54.903658941658612
20
106.84645893016548
30
-2.2204460492503131e-15
10
55.031707193829185
20
106.87618704693925
30
-2.2204460492503131e-15
10
55.243965995780862
20
106.97169772910952
30
-2.2204460492503131e-15
10
55.33045181342456
20
107.02790973912171
30
-2.2204460492503131e-15
10
55.483295721976319
20
107.16465330787067
30
-2.2204460492503131e-15
10
55.548748446827133
20
107.24437487040375
30
-2.2204460492503131e-15
10
55.600932935568899
20
107.3326460159081
30
-2.2204460492503131e-15
0
ARC
5
170
100
AcDbEntity
8
0
100
AcDbCircle
10
39.770900922250334
20
67.585413818937724
30
0
40
41.949199999999927
210
1.8448468545908441e-17
220
4.9612779671638447e-17
230
1
100
AcDbArc
50
69.602393159206542
51
70.397606840794182
0
SPLINE
5
171
100
AcDbEntity
8
0
100
AcDbSpline
70
0
71
3
72
14
73
10
74
0
42
0.000000001
43
0.0000000001
44
0.0000000001
40
0
40
0
40
0
40
0
40
0.039064447338692757
40
0.039064447338692757
40
0.078128894677385652
40
0.078128894677385652
40
0.10889172028640659
40
0.10889172028640659
40
0.13965454589542745
40
0.13965454589542745
40
0.13965454589542745
40
0.13965454589542745
10
53.193421239598166
20
108.20890861188944
30
2.2204460492503131e-15
10
53.172133374815914
20
108.08044567045199
30
2.2204460492503131e-15
10
53.176140702677557
20
107.94905291138869
30
2.2204460492503131e-15
10
53.234294622750483
20
107.69519916684439
30
2.2204460492503131e-15
10
53.287885231789517
20
107.57516516152224
30
2.2204460492503131e-15
10
53.422103860160071
20
107.38500352182344
30
2.2204460492503131e-15
10
53.493770489592698
20
107.31081807211206
30
0
10
53.657140820975513
20
107.18684146625647
30
0
10
53.747876803935803
20
107.13778468161516
30
0
10
53.844476530872349
20
107.10338251962371
30
0
0
SPLINE
5
172
100
AcDbEntity
8
0
100
AcDbSpline
70
0
71
3
72
10
73
6
74
0
42
0.000000001
43
0.0000000001
44
0.0000000001
40
0
40
0
40
0
40
0
40
0.27907027099028647
40
0.27907027099028647
40
0.55216031394486964
40
0.55216031394486964
40
0.55216031394486964
40
0.55216031394486964
10
52.971191780328262
20
113.21437744142365
30
0
10
53.148131124466843
20
112.30112599548862
30
2.2204460492503131e-15
10
53.270537575340768
20
111.35059527362037
30
0
10
53.340951047299455
20
109.50522027189292
30
0
10
53.280816499702922
20
108.73630073390805
30
0
10
53.193421239598152
20
108.20890861188943
30
2.2204460492503131e-15
0
ARC
5
173
100
AcDbEntity
8
0
100
AcDbCircle
10
39.770900922250334
20
67.585413818937724
30
0
40
47.5
210
-3.7517359456942987e-33
220
1.0853633695389344e-33
230
1
100
AcDbArc
50
73.865038646635284
51
76.134961353365682
0
SPLINE
5
174
100
AcDbEntity
8
0
100
AcDbSpline
70
0
71
3
72
10
73
6
74
0
42
0.000000001
43
0.0000000001
44
0.0000000001
40
0.050017631539300826
40
0.050017631539300826
40
0.050017631539300826
40
0.050017631539300826
40
0.067773189126989458
40
0.067773189126989458
40
0.51640266305384031
40
0.51640266305384031
40
0.51640266305384031
40
0.51640266305384031
10
48.45840474108968
20
109.47765245881256
30
0
10
48.479283298646664
20
109.53322575922203
30
0
10
48.500513305367612
20
109.58864567975256
30
0
10
49.072515325510309
20
111.034206815039
30
-2.2204460492503131e-15
10
50.110513013231881
20
112.49999063199618
30
0
10
51.15359551305383
20
113.70140089340565
30
0
0
SPLINE
5
175
100
AcDbEntity
8
0
100
AcDbSpline
70
0
71
3
72
14
73
10
74
0
42
0.000000001
43
0.0000000001
44
0.0000000001
40
0
40
0
40
0
40
0
40
0.039064447338693117
40
0.039064447338693117
40
0.078128894677385763
40
0.078128894677385763
40
0.10889172028639159
40
0.10889172028639159
40
0.13965454589539494
40
0.13965454589539494
40
0.13965454589539494
40
0.13965454589539494
10
47.341811273445174
20
108.84576642400114
30
0
10
47.469887841573325
20
108.82226550473688
30
0
10
47.601330180018095
20
108.82400546882474
30
0
10
47.856149407357464
20
108.8777712889819
30
2.2204460492503131e-15
10
47.977090085551467
20
108.92928311450602
30
2.2204460492503131e-15
10
48.169538943451961
20
109.06020112895544
30
2.2204460492503131e-15
10
48.244949734091456
20
109.13057725685567
30
2.2204460492503131e-15
10
48.371726328712967
20
109.29178444972165
30
2.2204460492503131e-15
10
48.422341175547231
20
109.38166060898014
30
0
10
48.458404741089687
20
109.47765245881257
30
0
0
ARC
5
176
100
AcDbEntity
8
0
100
AcDbCircle
10
39.770900922250334
20
67.585413818937724
30
0
40
41.949199999999919
210
1.2123547315029544e-32
220
-2.2245638746503028e-33
230
1
100
AcDbArc
50
79.6023931592065
51
80.397606840794197
0
SPLINE
5
177
100
AcDbEntity
8
0
100
AcDbSpline
70
0
71
3
72
14
73
10
74
0
42
0.000000001
43
0.0000000001
44
0.0000000001
40
0
40
0
40
0
40
0
40
0.039064447338692757
40
0.039064447338692757
40
0.078128894677385485
40
0.078128894677385485
40
0.10889172028638004
40
0.10889172028638004
40
0.13965454589537465
40
0.13965454589537465
40
0.13965454589537465
40
0.13965454589537465
10
45.935307154480263
20
109.92254263829194
30
0
10
45.936650055876058
20
109.79233473866374
30
0
10
45.963412616593111
20
109.66363399602903
30
0
10
46.06476428808314
20
109.42373518251556
30
0
10
46.138384421635749
20
109.31483067504891
30
0
10
46.30358518964961
20
109.15086483817367
30
0
10
46.387045210098847
20
109.09025121173781
30
0
10
46.569461890736832
20
108.99652704942866
30
0
10
46.667338011488404
20
108.96397168566597
30
0
10
46.7684440442519
20
108.94686653636208
30
0
0
SPLINE
5
178
100
AcDbEntity
8
0
100
AcDbSpline
70
0
71
3
72
10
73
6
74
0
42
0.000000001
43
0.0000000001
44
0.0000000001
40
0
40
0
40
0
40
0
40
0.27907027099028647
40
0.27907027099028647
40
0.55216031394495202
40
0.55216031394495202
40
0.55216031394495202
40
0.55216031394495202
10
44.847263319426318
20
114.81337740845254
30
0
10
45.180099006685197
20
113.94472549871337
30
0
10
45.465703756193399
20
113.02989113147014
30
0
10
45.855493495456955
20
111.22477869364262
30
0
10
45.929794003303542
20
110.45709851658737
30
0
10
45.935307154480263
20
109.92254263829194
30
0
0
ARC
5
179
100
AcDbEntity
8
0
100
AcDbCircle
10
39.770900922250334
20
67.585413818937724
30
0
40
47.499999999999993
210
-7.7357670562047269e-32
220
8.3148952469652437e-33
230
1
100
AcDbArc
50
83.865038646635284
51
86.134961353365426
0
SPLINE
5
180
100
AcDbEntity
8
0
100
AcDbSpline
70
0
71
3
72
10
73
6
74
0
42
0.000000001
43
0.0000000001
44
0.0000000001
40
0.050017631539318513
40
0.050017631539318513
40
0.050017631539318513
40
0.050017631539318513
40
0.067773189126989458
40
0.067773189126989458
40
0.51640266305384031
40
0.51640266305384031
40
0.51640266305384031
40
0.51640266305384031
10
41.051911139164105
20
110.34978442914019
30
0
10
41.062822302174872
20
110.40813896971596
30
0
10
41.074106209183576
20
110.46640348910464
30
0
10
41.386399176510118
20
111.98933041100736
30
2.2204460492503131e-15
10
42.154096658318785
20
113.61309208508196
30
0
10
42.972709688650696
20
114.97737960031677
30
-2.2204460492503131e-15
0
SPLINE
5
181
100
AcDbEntity
8
0
100
AcDbSpline
70
0
71
3
72
14
73
10
74
0
42
0.000000001
43
0.0000000001
44
0.0000000001
40
0
40
0
40
0
40
0
40
0.039064447338692014
40
0.039064447338692014
40
0.07812889467738518
40
0.07812889467738518
40
0.10889172028641272
40
0.10889172028641272
40
0.13965454589544152
40
0.13965454589544152
40
0.13965454589544152
40
0.13965454589544152
10
40.062007093703123
20
109.53360374218617
30
0
10
40.192218782778653
20
109.53270011734909
30
0
10
40.321362075160081
20
109.55723837001186
30
0
10
40.562973689169397
20
109.65443626101168
30
0
10
40.673132072078872
20
109.72616663453383
30
0
10
40.839923524764743
20
109.88851410364114
30
0
10
40.901967969686204
20
109.97091600639534
30
0
10
40.998825207701998
20
110.15168862439809
30
0
10
41.033064270010932
20
110.24898853876252
30
0
10
41.051911139164105
20
110.34978442914019
30
0
0
ARC
5
182
100
AcDbEntity
8
0
100
AcDbCircle
10
39.770900922250334
20
67.585413818937724
30
0
40
41.949199999999763
210
-3.4665904273466367e-32
220
2.405695857547565e-34
230
1
100
AcDbArc
50
89.602393159206514
51
90.397606840794111
0
SPLINE
5
183
100
AcDbEntity
8
0
100
AcDbSpline
70
0
71
3
72
14
73
10
74
0
42
0.000000001
43
0.0000000001
44
0.0000000001
40
0
40
0
40
0
40
0
40
0.039064447338692486
40
0.039064447338692486
40
0.07812889467738543
40
0.07812889467738543
40
0.10889172028637828
40
0.10889172028637828
40
0.13965454589537152
40
0.13965454589537152
40
0.13965454589537152
40
0.13965454589537152
10
38.489890705336215
20
110.34978442913969
30
0
10
38.513823569530608
20
110.22178787246256
30
0
10
38.562528196238112
20
110.0996896531957
30
0
10
38.703998099893319
20
109.88103497476693
30
0
10
38.795410847455031
20
109.7865689735068
30
0
10
38.986574213371661
20
109.65378095843774
30
0
10
39.079291734348999
20
109.60858086964456
30
0
10
39.275212125708372
20
109.54795691212679
30
0
10
39.377254467849944
20
109.5328921474968
30
0
10
39.479794750797083
20
109.53360374218639
30
0
0
SPLINE
5
184
100
AcDbEntity
8
0
100
AcDbSpline
70
0
71
3
72
10
73
6
74
0
42
0.000000001
43
0.0000000001
44
0.0000000001
40
0
40
0
40
0
40
0
40
0.27907027099028647
40
0.27907027099028647
40
0.55216031394496279
40
0.55216031394496279
40
0.55216031394496279
40
0.55216031394496279
10
36.569092155849503
20
114.97737960031672
30
0
10
37.04771114229429
20
114.17972077549175
30
0
10
37.487836234645961
20
113.32837954219373
30
0
10
38.185158677229985
20
111.61837709625877
30
0
10
38.391636657186623
20
110.87526185384823
30
-2.2204460492503131e-15
10
38.489890705336222
20
110.34978442913969
30
0
0
ARC
5
185
100
AcDbEntity
8
0
100
AcDbCircle
10
39.770900922250334
20
67.585413818937724
30
0
40
47.5
210
-3.2369924574716831e-32
220
-2.1869172667191735e-33
230
1
100
AcDbArc
50
93.86503864663527
51
96.13496135336527
0
SPLINE
5
186
100
AcDbEntity
8
0
100
AcDbSpline
70
0
71
3
72
10
73
6
74
0
42
0.000000001
43
0.0000000001
44
0.0000000001
40
0.050017631539322163
40
0.050017631539322163
40
0.050017631539322163
40
0.050017631539322163
40
0.067773189126989458
40
0.067773189126989458
40
0.51640266305384031
40
0.51640266305384031
40
0.51640266305384031
40
0.51640266305384031
10
33.606494690019979
20
109.92254263829236
30
0
10
33.607106928317798
20
109.98190534584788
30
0
10
33.608101879809752
20
110.04124412615637
30
0
10
33.651196930535804
20
111.59526347079166
30
0
10
34.125268106920458
20
113.32766582517996
30
0
10
34.69453852507386
20
114.8133774084525
30
0
0
SPLINE
5
187
100
AcDbEntity
8
0
100
AcDbSpline
70
0
71
3
72
14
73
10
74
0
42
0.000000001
43
0.0000000001
44
0.0000000001
40
0
40
0
40
0
40
0
40
0.039064447338692479
40
0.039064447338692479
40
0.078128894677385347
40
0.078128894677385347
40
0.10889172028640805
40
0.10889172028640805
40
0.1396545458954308
40
0.1396545458954308
40
0.1396545458954308
40
0.1396545458954308
10
32.773357800248348
20
108.94686653636191
30
0
10
32.901748193989
20
108.96858766213542
30
0
10
33.024668486717744
20
109.01517862098302
30
0
10
33.24573124076673
20
109.15285527409195
30
0
10
33.341760221669766
20
109.24262470450999
30
0
10
33.477826395251654
20
109.43146878257812
30
0
10
33.524619305392086
20
109.52339272006833
30
0
10
33.588614228637127
20
109.71823807868502
30
0
10
33.605437169838297
20
109.82000533949348
30
0
10
33.606494690019971
20
109.92254263829233
30
0
0
ARC
5
188
100
AcDbEntity
8
0
100
AcDbCircle
10
39.770900922250334
20
67.585413818937724
30
0
40
41.949199999999927
210
3.6459760814780848e-32
220
6.1682733984783394e-33
230
1
100
AcDbArc
50
99.6023931592065
51
100.39760684079407
0
SPLINE
5
189
100
AcDbEntity
8
0
100
AcDbSpline
70
0
71
3
72
14
73
10
74
0
42
0.000000001
43
0.0000000001
44
0.0000000001
40
0
40
0
40
0
40
0
40
0.039064447338692958
40
0.039064447338692958
40
0.078128894677385541
40
0.078128894677385541
40
0.10889172028640476
40
0.10889172028640476
40
0.13965454589542306
40
0.13965454589542306
40
0.13965454589542306
40
0.13965454589542306
10
31.083397103410469
20
109.47765245881273
30
0
10
31.12919274243545
20
109.35575635569191
30
0
10
31.198359569696578
20
109.24397055240058
30
2.2204460492503131e-15
10
31.375649214081527
20
109.0532037208159
30
2.2204460492503131e-15
10
31.482077045574705
20
108.97604652740844
30
0
10
31.693394607254099
20
108.87847103078927
30
0
10
31.792552453802042
20
108.85005786146435
30
0
10
31.996023613932024
20
108.82437613700985
30
0
10
32.09913167253363
20
108.82725970676263
30
0
10
32.199990571055032
20
108.84576642400121
30
0
0
SPLINE
5
190
100
AcDbEntity
8
0
100
AcDbSpline
70
0
71
3
72
10
73
6
74
0
42
0.000000001
43
0.0000000001
44
0.0000000001
40
0
40
0
40
0
40
0
40
0.27907027099028647
40
0.27907027099028647
40
0.5521603139448632
40
0.5521603139448632
40
0.5521603139448632
40
0.5521603139448632
10
28.388206331446369
20
113.70140089340553
30
0
10
28.998066021366835
20
112.99897161325221
30
0
10
29.579338478344887
20
112.23699108647368
30
2.2204460492503131e-15
10
30.563005834693477
20
110.67405619144836
30
0
10
30.895387557821898
20
109.97808506428888
30
0
10
31.083397103410462
20
109.47765245881273
30
0
0
ARC
5
191
100
AcDbEntity
8
0
100
AcDbCircle
10
39.770900922250334
20
67.585413818937724
30
0
40
47.500000000000007
210
-3.7917803220301695e-33
220
-9.3591572248890886e-34
230
1
100
AcDbArc
50
103.86503864663526
51
106.13496135336534
0
SPLINE
5
192
100
AcDbEntity
8
0
100
AcDbSpline
70
0
71
3
72
10
73
6
74
0
42
0.000000001
43
0.0000000001
44
0.0000000001
40
0.050017631539304976
40
0.050017631539304976
40
0.050017631539304976
40
0.050017631539304976
40
0.067773189126989458
40
0.067773189126989458
40
0.51640266305384031
40
0.51640266305384031
40
0.51640266305384031
40
0.51640266305384031
10
26.348380604902136
20
108.20890861188909
30
0
10
26.338675315936118
20
108.26747578059434
30
0
10
26.329351080813701
20
108.32608584300993
30
0
10
26.101938793630083
20
109.86397951896282
30
-2.2204460492503131e-15
10
26.267979251787889
20
111.65238438476463
30
0
10
26.570610064171952
20
113.21437744142352
30
0
0
SPLINE
5
193
100
AcDbEntity
8
0
100
AcDbSpline
70
0
71
3
72
14
73
10
74
0
42
0.000000001
43
0.0000000001
44
0.0000000001
40
0
40
0
40
0
40
0
40
0.039064447338692632
40
0.039064447338692632
40
0.078128894677385485
40
0.078128894677385485
40
0.10889172028638262
40
0.10889172028638262
40
0.13965454589538007
40
0.13965454589538007
40
0.13965454589538007
40
0.13965454589538007
10
25.697325313627871
20
107.10338251962384
30
0
10
25.819993334888508
20
107.14706841059277
30
-2.2204460492503131e-15
10
25.932955757070669
20
107.21429643291677
30
-2.2204460492503131e-15
10
26.126752771240692
20
107.38826861269784
30
0
10
26.205734558145576
20
107.49334950129408
30
0
10
26.30694115079196
20
107.7029522565705
30
0
10
26.337060747255116
20
107.8016051664718
30
0
10
26.36624890236963
20
108.00460298807722
30
0
10
26.365144565907507
20
108.10774544860672
30
0
10
26.348380604902136
20
108.20890861188909
30
0
0
ARC
5
194
100
AcDbEntity
8
0
100
AcDbCircle
10
39.770900922250334
20
67.585413818937724
30
0
40
41.949200000000246
210
4.6446327584492967e-32
220
1.6540979318905626e-32
230
1
100
AcDbArc
50
109.60239315920641
51
110.39760684079407
0
SPLINE
5
195
100
AcDbEntity
8
0
100
AcDbSpline
70
0
71
3
72
14
73
10
74
0
42
0.000000001
43
0.0000000001
44
0.0000000001
40
0
40
0
40
0
40
0
40
0.039064447338692493
40
0.039064447338692493
40
0.078128894677385069
40
0.078128894677385069
40
0.10889172028638548
40
0.10889172028638548
40
0.13965454589538559
40
0.13965454589538559
40
0.13965454589538559
40
0.13965454589538559
10
23.940868908931421
20
107.33264601590781
30
0
10
24.007135845469048
20
107.22055411775426
30
0
10
24.094663274237664
20
107.12247728550521
30
0
10
24.302385803220773
20
106.96539465440976
30
0
10
24.420594962840649
20
106.90789065113333
30
0
10
24.645645943102981
20
106.84849245505349
30
0
10
24.748231254230344
20
106.83772952496911
30
0
10
24.953070814891479
20
106.84777035977999
30
0
10
25.054111703767575
20
106.86851464810783
30
0
10
25.150224671268585
20
106.90425417065688
30
0
0
SPLINE
5
196
100
AcDbEntity
8
0
100
AcDbSpline
70
0
71
3
72
10
73
6
74
0
42
0.000000001
43
0.0000000001
44
0.0000000001
40
0
40
0
40
0
40
0
40
0.27907027099028647
40
0.27907027099028647
40
0.55216031394493537
40
0.55216031394493537
40
0.55216031394493537
40
0.55216031394493537
10
20.553177922263409
20
111.02421125505204
30
-2.2204460492503131e-15
10
21.275748037585224
20
110.43835447780152
30
-2.2204460492503131e-15
10
21.980506189722448
20
109.7888870502679
30
0
10
23.220630224972922
20
108.42050869205382
30
0
10
23.66881644080971
20
107.79282841066555
30
2.2204460492503131e-15
10
23.940868908931428
20
107.33264601590781
30
0
0
ARC
5
197
100
AcDbEntity
8
0
100
AcDbCircle
10
39.770900922250334
20
67.585413818937724
30
0
40
47.499999999999986
210
-1.891276104638571e-17
220
4.2749476410506274e-17
230
1
100
AcDbArc
50
113.86503864663527
51
116.13496135336533
0
SPLINE
5
198
100
AcDbEntity
8
0
100
AcDbSpline
70
0
71
3
72
10
73
6
74
0
42
0.000000001
43
0.0000000001
44
0.0000000001
40
0.050017631539299931
40
0.050017631539299931
40
0.050017631539299931
40
0.050017631539299931
40
0.067773189126989458
40
0.067773189126989458
40
0.51640266305384031
40
0.51640266305384031
40
0.51640266305384031
40
0.51640266305384031
10
19.498103007503907
20
105.26095025268239
30
0
10
19.478375081568156
20
105.31694234875263
30
0
10
19.459014971997284
20
105.37304285618694
30
0
10
18.968005154173909
20
106.84808274232526
30
0
10
18.82096983880426
20
108.63815034266975
30
0
10
18.847765761323249
20
110.22896450409499
30
0
0
SPLINE
5
199
100
AcDbEntity
8
0
100
AcDbSpline
70
0
71
3
72
14
73
10
74
0
42
0.000000001
43
0.0000000001
44
0.0000000001
40
0
40
0
40
0
40
0
40
0.039064447338692597
40
0.039064447338692597
40
0.078128894677385333
40
0.078128894677385333
40
0.10889172028638663
40
0.10889172028638663
40
0.13965454589538764
40
0.13965454589538764
40
0.13965454589538764
40
0.13965454589538764
10
19.048911300302521
20
104.05916502097205
30
2.2204460492503131e-15
10
19.162129743330155
20
104.1234883034454
30
2.2204460492503131e-15
10
19.261701988929474
20
104.20931069980652
30
2.2204460492503131e-15
10
19.422344839011004
20
104.41429234961129
30
2.2204460492503131e-15
10
19.481879610289329
20
104.53149186675915
30
2.2204460492503131e-15
10
19.545151510895714
20
104.75548462558905
30
2.2204460492503131e-15
10
19.557682624984324
20
104.85786898915498
30
2.2204460492503131e-15
10
19.551177144645077
20
105.06285128766172
30
0
10
19.532179085224211
20
105.16423501644172
30
0
10
19.498103007503918
20
105.26095025268239
30
0
0
ARC
5
200
100
AcDbEntity
8
0
100
AcDbCircle
10
39.770900922250334
20
67.585413818937724
30
0
40
41.949200000000161
210
2.6147147176142794e-17
220
-4.6022826868685621e-17
230
1
100
AcDbArc
50
119.60239315920644
51
120.39760684079393
0
SPLINE
5
201
100
AcDbEntity
8
0
100
AcDbSpline
70
0
71
3
72
14
73
10
74
0
42
0.000000001
43
0.0000000001
44
0.0000000001
40
0
40
0
40
0
40
0
40
0.039064447338692875
40
0.039064447338692875
40
0.07812889467738536
40
0.07812889467738536
40
0.10889172028640993
40
0.10889172028640993
40
0.13965454589543419
40
0.13965454589543419
40
0.13965454589543419
40
0.13965454589543419
10
17.27932822679405
20
103.97994003576855
30
0
10
17.364052973510219
20
103.88105819818635
30
0
10
17.467281527154139
20
103.79967035189809
30
0
10
17.699125396804792
20
103.68104479754993
30
0
10
17.825524159052996
20
103.64494121444552
30
2.2204460492503131e-15
10
18.057470497744376
20
103.62552510303576
30
2.2204460492503131e-15
10
18.160366270683369
20
103.63273943837618
30
2.2204460492503131e-15
10
18.360350285479075
20
103.67819774676752
30
2.2204460492503131e-15
10
18.456253928350446
20
103.7161724489667
30
2.2204460492503131e-15
10
18.544700620949193
20
103.76805884951872
30
2.2204460492503131e-15
0
SPLINE
5
202
100
AcDbEntity
8
0
100
AcDbSpline
70
0
71
3
72
10
73
6
74
0
42
0.000000001
43
0.0000000001
44
0.0000000001
40
0
40
0
40
0
40
0
40
0.27907027099028647
40
0.27907027099028647
40
0.55216031394488851
40
0.55216031394488851
40
0.55216031394488851
40
0.55216031394488851
10
13.302070301798024
20
107.02715573769437
30
0
10
14.115395915205255
20
106.57567242506551
30
0
10
14.922226042673783
20
106.05845183591606
30
-2.2204460492503131e-15
10
16.381126215547845
20
104.92620749849502
30
0
10
16.931499012717516
20
104.38588981060647
30
0
10
17.279328226794053
20
103.97994003576854
30
0
0
ARC
5
203
100
AcDbEntity
8
0
100
AcDbCircle
10
39.770900922250334
20
67.585413818937724
30
0
40
47.499999999999993
210
-4.8645089380625557e-33
220
-3.2645075209526412e-33
230
1
100
AcDbArc
50
123.86503864663524
51
126.13496135336527
0
SPLINE
5
204
100
AcDbEntity
8
0
100
AcDbSpline
70
0
71
3
72
10
73
6
74
0
42
0.000000001
43
0.0000000001
44
0.0000000001
40
0.050017631539323017
40
0.050017631539323017
40
0.050017631539323017
40
0.050017631539323017
40
0.067773189126989458
40
0.067773189126989458
40
0.51640266305384031
40
0.51640266305384031
40
0.51640266305384031
40
0.51640266305384031
10
13.263804116214439
20
101.16823978367792
30
0
10
13.234652976355763
20
101.21995551560735
30
0
10
13.205845239469074
20
101.27184188253008
30
0
10
12.466156975857569
20
102.6392096383197
30
0
10
12.010513480614515
20
104.37654967498824
30
0
10
11.760660332722084
20
105.94784885787577
30
0
0
SPLINE
5
205
100
AcDbEntity
8
0
100
AcDbSpline
70
0
71
3
72
14
73
10
74
0
42
0.000000001
43
0.0000000001
44
0.0000000001
40
0
40
0
40
0
40
0
40
0.039064447338692708
40
0.039064447338692708
40
0.078128894677385069
40
0.078128894677385069
40
0.10889172028640474
40
0.10889172028640474
40
0.13965454589542403
40
0.13965454589542403
40
0.13965454589542403
40
0.13965454589542403
10
13.030124455807442
20
99.90671104865504
30
2.2204460492503131e-15
10
13.130453235501971
20
99.989717292244052
30
2.2204460492503131e-15
10
13.213609852221882
20
100.0915263925571
30
2.2204460492503131e-15
10
13.336217486504388
20
100.32128924868195
30
2.2204460492503131e-15
10
13.374496308256925
20
100.44704634635876
30
0
10
13.397911032140533
20
100.67862320211091
30
0
10
13.39247291229405
20
100.78162812226354
30
0
10
13.350471462229155
20
100.98236661425759
30
0
10
13.314156926271515
20
101.07891111799185
30
0
10
13.263804116214439
20
101.16823978367792
30
0
0
ARC
5
206
100
AcDbEntity
8
0
100
AcDbCircle
10
39.770900922250334
20
67.585413818937724
30
0
40
41.949199999999976
210
3.3741693275044775e-17
220
-4.0783232257494079e-17
230
1
100
AcDbArc
50
129.60239315920646
51
130.39760684079397
0
SPLINE
5
207
100
AcDbEntity
8
0
100
AcDbSpline
70
0
71
3
72
14
73
10
74
0
42
0.000000001
43
0.0000000001
44
0.0000000001
40
0
40
0
40
0
40
0
40
0.039064447338692722
40
0.039064447338692722
40
0.078128894677385208
40
0.078128894677385208
40
0.10889172028639793
40
0.10889172028639793
40
0.13965454589541063
40
0.13965454589541063
40
0.13965454589541063
40
0.13965454589541063
10
11.301182599723358
20
99.52140479304947
30
0
10
11.401790838061963
20
99.43873749063701
30
0
10
11.517583969214938
20
99.376511558834864
30
0
10
11.766504720872557
20
99.299947458675547
30
0
10
11.897252523319068
20
99.286341284846586
30
2.2204460492503131e-15
10
12.129046648308767
20
99.30749720682725
30
2.2204460492503131e-15
10
12.229126447066296
20
99.33246960366381
30
2.2204460492503131e-15
10
12.418178502903547
20
99.411964157938201
30
2.2204460492503131e-15
10
12.50603091611103
20
99.466015431898498
30
2.2204460492503131e-15
10
12.584123925808974
20
99.532472168428455
30
2.2204460492503131e-15
0
SPLINE
5
208
100
AcDbEntity
8
0
100
AcDbSpline
70
0
71
3
72
10
73
6
74
0
42
0.000000001
43
0.0000000001
44
0.0000000001
40
0
40
0
40
0
40
0
40
0.27907027099028647
40
0.27907027099028647
40
0.5521603139448954
40
0.5521603139448954
40
0.5521603139448954
40
0.5521603139448954
10
6.8552047058605066
20
101.83168285061967
30
0
10
7.734573330152406
20
101.52829109460514
30
0
10
8.6189603078048549
20
101.15903282971489
30
-2.2204460492503131e-15
10
10.252308674788967
20
100.29732518433603
30
0
10
10.888145254351755
20
99.860787369479752
30
0
10
11.301182599723354
20
99.52140479304947
30
0
0
ARC
5
209
100
AcDbEntity
8
0
100
AcDbCircle
10
39.770900922250334
20
67.585413818937724
30
0
40
47.499999999999972
210
3.1295143816754483e-32
220
3.0079231286992234e-32
230
1
100
AcDbArc
50
133.86503864663524
51
136.1349613533655
0
SPLINE
5
210
100
AcDbEntity
8
0
100
AcDbSpline
70
0
71
3
72
10
73
6
74
0
42
0.000000001
43
0.0000000001
44
0.0000000001
40
0.050017631539319179
40
0.050017631539319179
40
0.050017631539319179
40
0.050017631539319179
40
0.067773189126989458
40
0.067773189126989458
40
0.51640266305384031
40
0.51640266305384031
40
0.51640266305384031
40
0.51640266305384031
10
7.8349099481382751
20
96.055132141464483
30
2.2204460492503131e-15
10
7.7972213369900363
20
96.101000152907915
30
2.2204460492503131e-15
10
7.7598412812954027
20
96.147095838315991
30
2.2204460492503131e-15
10
6.7939496254852543
20
97.365244686418762
30
0
10
6.0435424474050281
20
98.997068961533728
30
2.2204460492503131e-15
10
5.5246318905680978
20
100.50111003532726
30
0
0
SPLINE
5
211
100
AcDbEntity
8
0
100
AcDbSpline
70
0
71
3
72
14
73
10
74
0
42
0.000000001
43
0.0000000001
44
0.0000000001
40
0
40
0
40
0
40
0
40
0.03906444733869157
40
0.03906444733869157
40
0.078128894677384569
40
0.078128894677384569
40
0.10889172028640597
40
0.10889172028640597
40
0.13965454589543264
40
0.13965454589543264
40
0.13965454589543264
40
0.13965454589543264
10
7.8238425727594123
20
94.77219081537875
30
2.2204460492503131e-15
10
7.9082332499186254
20
94.871357917375121
30
2.2204460492503131e-15
10
7.9724475660393921
20
94.986060303644962
30
2.2204460492503131e-15
10
8.0532946135976697
20
95.233623137972145
30
2.2204460492503131e-15
10
8.0691544031954727
20
95.364116750401138
30
2.2204460492503131e-15
10
8.0520005058194872
20
95.596241357497021
30
2.2204460492503131e-15
10
8.0287583865576302
20
95.696737081860462
30
2.2204460492503131e-15
10
7.952537159573577
20
95.887132429841074
30
2.2204460492503131e-15
10
7.9000095458782287
20
95.975904252637449
30
2.2204460492503131e-15
10
7.8349099481382396
20
96.05513214146454
30
2.2204460492503131e-15
0
ARC
5
212
100
AcDbEntity
8
0
100
AcDbCircle
10
39.770900922250334
20
67.585413818937724
30
0
40
41.949199999999905
210
4.0311015097905026e-17
220
-3.4304459771469796e-17
230
1
100
AcDbArc
50
139.60239315920649
51
140.397606840794
0
SPLINE
5
213
100
AcDbEntity
8
0
100
AcDbSpline
70
0
71
3
72
14
73
10
74
0
42
0.000000001
43
0.0000000001
44
0.0000000001
40
0
40
0
40
0
40
0
40
0.039064447338692437
40
0.039064447338692437
40
0.078128894677385249
40
0.078128894677385249
40
0.10889172028639535
40
0.10889172028639535
40
0.13965454589540527
40
0.13965454589540527
40
0.13965454589540527
40
0.13965454589540527
10
6.1880749575100804
20
94.092510624973201
30
0
10
6.3015097570593994
20
94.028569661882585
30
0
10
6.4263491500254757
20
93.987396348016489
30
0
10
6.6847834526109109
20
93.955220063486053
30
0
10
6.8159075894399574
20
93.964524715639243
30
0
10
7.0405065535336835
20
94.025609859026275
30
0
10
7.1347295040673391
20
94.067581543717736
30
0
10
7.3071053498945577
20
94.17869694206972
30
0
10
7.3842371823183193
20
94.247182467183151
30
0
10
7.4496036925327944
20
94.326190285380292
30
0
0
SPLINE
5
214
100
AcDbEntity
8
0
100
AcDbSpline
70
0
71
3
72
10
73
6
74
0
42
0.000000001
43
0.0000000001
44
0.0000000001
40
0
40
0
40
0
40
0
40
0.27907027099028647
40
0.27907027099028647
40
0.55216031394490872
40
0.55216031394490872
40
0.55216031394490872
40
0.55216031394490872
10
1.4084658833120247
20
95.595654408465606
30
2.2204460492503131e-15
10
2.327158347821455
20
95.449572614048265
30
2.2204460492503131e-15
10
3.262230524863265
20
95.239496398942251
30
0
10
5.0203986223407924
20
94.674507996365293
30
-2.2204460492503131e-15
10
5.7223794115755444
20
94.355014035146851
30
0
10
6.1880749575100849
20
94.092510624973201
30
0
0
ARC
5
215
100
AcDbEntity
8
0
100
AcDbCircle
10
39.770900922250334
20
67.585413818937724
30
0
40
47.499999999999964
210
3.7753669727128017e-17
220
-2.7565752046789073e-17
230
1
100
AcDbArc
50
143.86503864663524
51
146.13496135336544
0
SPLINE
5
216
100
AcDbEntity
8
0
100
AcDbSpline
70
0
71
3
72
10
73
6
74
0
42
0.000000001
43
0.0000000001
44
0.0000000001
40
0.050017631539312768
40
0.050017631539312768
40
0.050017631539312768
40
0.050017631539312768
40
0.067773189126989458
40
0.067773189126989458
40
0.51640266305384031
40
0.51640266305384031
40
0.51640266305384031
40
0.51640266305384031
10
3.3763747054193511
20
90.076986514393639
30
-2.2204460492503131e-15
10
3.3312937723599352
20
90.11561312903369
30
-2.2204460492503131e-15
10
3.2864771719343806
20
90.154517538851522
30
-2.2204460492503131e-15
10
2.1237302531226128
20
91.186434642930919
30
2.2204460492503131e-15
10
1.101360134586814
20
92.663161001635856
30
0
10
0.3291590034934711
20
94.054244439389663
30
0
0
SPLINE
5
217
100
AcDbEntity
8
0
100
AcDbSpline
70
0
71
3
72
14
73
10
74
0
42
0.000000001
43
0.0000000001
44
0.0000000001
40
0
40
0
40
0
40
0
40
0.039064447338692694
40
0.039064447338692694
40
0.078128894677385402
40
0.078128894677385402
40
0.10889172028639749
40
0.10889172028639749
40
0.1396545458954099
40
0.1396545458954099
40
0.1396545458954099
40
0.1396545458954099
10
3.5882558916690135
20
88.811614120238644
30
0
10
3.6541442982711771
20
88.923928938429214
30
0
10
3.6974651942914765
20
89.048039436691241
30
-2.2204460492503131e-15
10
3.7340951584960385
20
89.305880177772593
30
-2.2204460492503131e-15
10
3.727054024257626
20
89.437145322573059
30
-2.2204460492503131e-15
10
3.6698527181135345
20
89.662764692286757
30
-2.2204460492503131e-15
10
3.6295127994690004
20
89.757697709129488
30
-2.2204460492503131e-15
10
3.5213877389779604
20
89.931964846792866
30
-2.2204460492503131e-15
10
3.4542430725068387
20
90.010266701736356
30
-2.2204460492503131e-15
10
3.3763747054193511
20
90.076986514393639
30
-2.2204460492503131e-15
0
ARC
5
218
100
AcDbEntity
8
0
100
AcDbCircle
10
39.770900922250334
20
67.585413818937724
30
0
40
41.949199999999976
210
9.9790458364443029e-32
220
1.7010499671099175e-31
230
1
100
AcDbArc
50
149.60239315920646
51
150.39760684079397
0
SPLINE
5
219
100
AcDbEntity
8
0
100
AcDbSpline
70
0
71
3
72
14
73
10
74
0
42
0.000000001
43
0.0000000001
44
0.0000000001
40
0
40
0
40
0
40
0
40
0.039064447338692694
40
0.039064447338692694
40
0.07812889467738518
40
0.07812889467738518
40
0.10889172028639012
40
0.10889172028639012
40
0.13965454589539475
40
0.13965454589539475
40
0.13965454589539475
40
0.13965454589539475
10
2.0953644885055862
20
87.858211733683746
30
2.2204460492503131e-15
10
2.2181791902821026
20
87.814939923722818
30
2.2204460492503131e-15
10
2.3482716632777976
20
87.796070258099888
30
2.2204460492503131e-15
10
2.6083671212810304
20
87.8092594493218
30
2.2204460492503131e-15
10
2.7358834519470814
20
87.841192210309885
30
2.2204460492503131e-15
10
2.9464629292733813
20
87.940350533932076
30
0
10
3.031966114910305
20
87.998046218077775
30
0
10
3.1824281978784037
20
88.137406275355517
30
0
10
3.2464958378208393
20
88.218245153596811
30
0
10
3.2971497202160234
20
88.307403440885125
30
0
0
SPLINE
5
220
100
AcDbEntity
8
0
100
AcDbSpline
70
0
71
3
72
10
73
6
74
0
42
0.000000001
43
0.0000000001
44
0.0000000001
40
0
40
0
40
0
40
0
40
0.27907027099028647
40
0.27907027099028647
40
0.55216031394492737
40
0.55216031394492737
40
0.55216031394492737
40
0.55216031394492737
10
-2.8726497629070815
20
88.508548979864386
30
0
10
-1.942547463833427
20
88.524215768446652
30
0
10
-0.98520178233232558
20
88.479704662617152
30
0
10
0.84436499767278339
20
88.228602389556471
30
0
10
1.5911606655180033
20
88.035859944315874
30
0
10
2.0953644885055729
20
87.858211733683746
30
2.2204460492503131e-15
0
ARC
5
221
100
AcDbEntity
8
0
100
AcDbCircle
10
39.770900922250334
20
67.585413818937724
30
0
40
47.499999999999957
210
4.2541116358308487e-32
220
8.6703270694178401e-32
230
1
100
AcDbArc
50
153.86503864663521
51
156.13496135336547
0
SPLINE
5
222
100
AcDbEntity
8
0
100
AcDbSpline
70
0
71
3
72
10
73
6
74
0
42
0.000000001
43
0.0000000001
44
0.0000000001
40
0.050017631539312421
40
0.050017631539312421
40
0.050017631539312421
40
0.050017631539312421
40
0.067773189126989458
40
0.067773189126989458
40
0.51640266305384031
40
0.51640266305384031
40
0.51640266305384031
40
0.51640266305384031
10
0.023668725279928932
20
83.415445832256353
30
0
10
-0.027434768351701118
20
83.445657399953234
30
0
10
-0.078326183782512576
20
83.476188443375051
30
0
10
-1.4025988888461174
20
84.29051952439886
30
0
10
-2.6658677491300238
20
85.567278383544107
30
-2.2204460492503131e-15
10
-3.6678965138641373
20
86.803136818924216
30
2.2204460492503131e-15
0
SPLINE
5
223
100
AcDbEntity
8
0
100
AcDbSpline
70
0
71
3
72
14
73
10
74
0
42
0.000000001
43
0.0000000001
44
0.0000000001
40
0
40
0
40
0
40
0
40
0.039064447338692618
40
0.039064447338692618
40
0.078128894677385763
40
0.078128894677385763
40
0.10889172028639907
40
0.10889172028639907
40
0.13965454589541285
40
0.13965454589541285
40
0.13965454589541285
40
0.13965454589541285
10
0.45206057053107418
20
82.206090069919057
30
2.2204460492503131e-15
10
0.49744472068272461
20
82.328139975387117
30
2.2204460492503131e-15
10
0.51855591309840388
20
82.457887550954624
30
2.2204460492503131e-15
10
0.50985581102255018
20
82.718171838346052
30
0
10
0.48012769424877522
20
82.846220090516624
30
0
10
0.38461701207849863
20
83.058478892468329
30
0
10
0.32840500206632767
20
83.144964710112035
30
0
10
0.1916614333173608
20
83.297808618663794
30
0
10
0.11193987078429266
20
83.363261343514594
30
0
10
0.023668725279911169
20
83.415445832256381
30
0
0
ARC
5
224
100
AcDbEntity
8
0
100
AcDbCircle
10
39.770900922250334
20
67.585413818937724
30
0
40
41.949199999999955
210
4.961277967163841e-17
220
-1.8448468545908459e-17
230
1
100
AcDbArc
50
159.60239315920649
51
160.39760684079394
0
SPLINE
5
225
100
AcDbEntity
8
0
100
AcDbSpline
70
0
71
3
72
14
73
10
74
0
42
0.000000001
43
0.0000000001
44
0.0000000001
40
0
40
0
40
0
40
0
40
0.039064447338692444
40
0.039064447338692444
40
0.078128894677385263
40
0.078128894677385263
40
0.10889172028639102
40
0.10889172028639102
40
0.13965454589539664
40
0.13965454589539664
40
0.13965454589539664
40
0.13965454589539664
10
-0.85259387070111048
20
81.007934136285513
30
0
10
-0.72413092926365574
20
80.986646271503304
30
0
10
-0.59273817020036046
20
80.990653599365004
30
0
10
-0.33888442565609517
20
81.048807519437986
30
0
10
-0.218850420333946
20
81.102398128477077
30
0
10
-0.028688780635243612
20
81.236616756847653
30
0
10
0.045496669076095494
20
81.308283386280266
30
0
10
0.16947327493160666
20
81.471653717663003
30
0
10
0.21853005957288141
20
81.562389700623257
30
0
10
0.25293222156430167
20
81.658989427559746
30
0
0
SPLINE
5
226
100
AcDbEntity
8
0
100
AcDbSpline
70
0
71
3
72
10
73
6
74
0
42
0.000000001
43
0.0000000001
44
0.0000000001
40
0
40
0
40
0
40
0
40
0.27907027099028647
40
0.27907027099028647
40
0.5521603139449065
40
0.5521603139449065
40
0.5521603139449065
40
0.5521603139449065
10
-5.8580627002355374
20
80.785704677015659
30
0
10
-4.9448112543005207
20
80.962644021154233
30
0
10
-3.9942805324322501
20
81.085050472028172
30
0
10
-2.1489055307046994
20
81.155463943986845
30
-2.2204460492503131e-15
10
-1.3799859927197495
20
81.095329396390213
30
-2.2204460492503131e-15
10
-0.85259387070112824
20
81.007934136285513
30
0
0
ARC
5
227
100
AcDbEntity
8
0
100
AcDbCircle
10
39.770900922250334
20
67.585413818937724
30
0
40
47.499999999999943
210
2.738163794241894e-32
220
9.464910849552555e-32
230
1
100
AcDbArc
50
163.86503864663527
51
166.13496135336499
0
SPLINE
5
228
100
AcDbEntity
8
0
100
AcDbSpline
70
0
71
3
72
10
73
6
74
0
42
0.000000001
43
0.0000000001
44
0.0000000001
40
0.050017631539327367
40
0.050017631539327367
40
0.050017631539327367
40
0.050017631539327367
40
0.067773189126989458
40
0.067773189126989458
40
0.51640266305384031
40
0.51640266305384031
40
0.51640266305384031
40
0.51640266305384031
10
-2.1213377176246877
20
76.272917637777169
30
0
10
-2.176911018034096
20
76.293796195334139
30
-2.2204460492503131e-15
10
-2.2323309385645556
20
76.315026202055037
30
-2.2204460492503131e-15
10
-3.6778920738509031
20
76.887028222197699
30
0
10
-5.1436758908080673
20
77.925025909919285
30
2.2204460492503131e-15
10
-6.3450861522175392
20
78.968108409741234
30
0
0
SPLINE
5
229
100
AcDbEntity
8
0
100
AcDbSpline
70
0
71
3
72
14
73
10
74
0
42
0.000000001
43
0.0000000001
44
0.0000000001
40
0
40
0
40
0
40
0
40
0.039064447338699841
40
0.039064447338699841
40
0.078128894677392841
40
0.078128894677392841
40
0.10889172028640216
40
0.10889172028640216
40
0.13965454589538323
40
0.13965454589538323
40
0.13965454589538323
40
0.13965454589538323
10
-1.4894516828131024
20
75.156324170132592
30
0
10
-1.4659507635488214
20
75.284400738260757
30
0
10
-1.4676907276367959
20
75.415843076705556
30
0
10
-1.5214565477939614
20
75.670662304044939
30
0
10
-1.572968373318081
20
75.791602982238956
30
0
10
-1.7038863877675157
20
75.984051840139443
30
0
10
-1.7742625156677603
20
76.059462630778953
30
0
10
-1.9354697085337067
20
76.186239225400413
30
0
10
-2.025345867792137
20
76.236854072234664
30
0
10
-2.1213377176245101
20
76.272917637777098
30
0
0
ARC
5
230
100
AcDbEntity
8
0
100
AcDbCircle
10
39.770900922250334
20
67.585413818937724
30
0
40
41.949199999999934
210
1.7796510997202335e-32
220
9.6988378520235561e-32
230
1
100
AcDbArc
50
169.60239315920649
51
170.397606840794
0
SPLINE
5
231
100
AcDbEntity
8
0
100
AcDbSpline
70
0
71
3
72
14
73
10
74
0
42
0.000000001
43
0.0000000001
44
0.0000000001
40
0
40
0
40
0
40
0
40
0.03906444733869268
40
0.03906444733869268
40
0.078128894677385569
40
0.078128894677385569
40
0.10889172028640881
40
0.10889172028640881
40
0.13965454589543214
40
0.13965454589543214
40
0.13965454589543214
40
0.13965454589543214
10
-2.566227897104127
20
73.74982005116766
30
0
10
-2.4360199974759129
20
73.751162952563377
30
0
10
-2.3073192548412003
20
73.777925513280351
30
0
10
-2.0674204413276613
20
73.879277184770245
30
0
10
-1.9585159338609701
20
73.952897318322783
30
0
10
-1.7945500969855752
20
74.118098086336616
30
0
10
-1.7339364705496072
20
74.201558106785924
30
0
10
-1.6402123082403197
20
74.383974787424052
30
0
10
-1.6076569444775857
20
74.481850908175701
30
0
10
-1.5905517951736858
20
74.582956940939297
30
0
0
SPLINE
5
232
100
AcDbEntity
8
0
100
AcDbSpline
70
0
71
3
72
10
73
6
74
0
42
0.000000001
43
0.0000000001
44
0.0000000001
40
0
40
0
40
0
40
0
40
0.27907027099028647
40
0.27907027099028647
40
0.55216031394490339
40
0.55216031394490339
40
0.55216031394490339
40
0.55216031394490339
10
-7.4570626672644282
20
72.661776216113708
30
-2.2204460492503131e-15
10
-6.5884107575252591
20
72.994611903372586
30
0
10
-5.6735763902820242
20
73.280216652880796
30
0
10
-3.868463952454666
20
73.670006392144316
30
0
10
-3.1007837753995364
20
73.744306899991031
30
2.2204460492503131e-15
10
-2.566227897104127
20
73.74982005116766
30
0
0
ARC
5
233
100
AcDbEntity
8
0
100
AcDbCircle
10
39.770900922250334
20
67.585413818937724
30
0
40
47.499999999999943
210
-4.6478513093174919e-17
220
4.9958066833784034e-18
230
1
100
AcDbArc
50
173.8650386466353
51
176.13496135336518
0
SPLINE
5
234
100
AcDbEntity
8
0
100
AcDbSpline
70
0
71
3
72
10
73
6
74
0
42
0.000000001
43
0.0000000001
44
0.0000000001
40
0.050017631539287809
40
0.050017631539287809
40
0.050017631539287809
40
0.050017631539287809
40
0.067773189126989458
40
0.067773189126989458
40
0.51640266305384031
40
0.51640266305384031
40
0.51640266305384031
40
0.51640266305384031
10
-2.9934696879517722
20
68.866424035851438
30
0
10
-3.0518242285276456
20
68.877335198862255
30
0
10
-3.1100887479164179
20
68.888619105870944
30
0
10
-4.6330156698192546
20
69.200912073197514
30
0
10
-6.2567773438938454
20
69.968609555006168
30
0
10
-7.6210648591286478
20
70.787222585338071
30
0
0
SPLINE
5
235
100
AcDbEntity
8
0
100
AcDbSpline
70
0
71
3
72
14
73
10
74
0
42
0.000000001
43
0.0000000001
44
0.0000000001
40
0
40
0
40
0
40
0
40
0.039064447338684249
40
0.039064447338684249
40
0.078128894677376881
40
0.078128894677376881
40
0.10889172028639155
40
0.10889172028639155
40
0.13965454589542897
40
0.13965454589542897
40
0.13965454589542897
40
0.13965454589542897
10
-2.1772890009981976
20
67.876519990390548
30
-2.2204460492503131e-15
10
-2.1763853761611167
20
68.006731679466057
30
-2.2204460492503131e-15
10
-2.2009236288237415
20
68.135874971847471
30
-2.2204460492503131e-15
10
-2.2981215198235283
20
68.377486585856772
30
-2.2204460492503131e-15
10
-2.3698518933456914
20
68.487644968766233
30
-2.2204460492503131e-15
10
-2.5321993624529777
20
68.654436421452075
30
-2.2204460492503131e-15
10
-2.6146012652070989
20
68.716480866373516
30
-2.2204460492503131e-15
10
-2.7953738832098365
20
68.813338104389331
30
-2.2204460492503131e-15
10
-2.8926737975742691
20
68.847577166698272
30
0
10
-2.9934696879519676
20
68.866424035851466
30
0
0
ARC
5
236
100
AcDbEntity
8
0
100
AcDbCircle
10
39.770900922250334
20
67.585413818937724
30
0
40
41.949199999999848
210
-5.2930510810326567e-17
220
3.6731974331271657e-19
230
1
100
AcDbArc
50
179.60239315920634
51
180.39760684079366
0
SPLINE
5
237
100
AcDbEntity
8
0
100
AcDbSpline
70
0
71
3
72
14
73
10
74
0
42
0.000000001
43
0.0000000001
44
0.0000000001
40
0
40
0
40
0
40
0
40
0.039064447338693069
40
0.039064447338693069
40
0.078128894677385666
40
0.078128894677385666
40
0.10889172028640209
40
0.10889172028640209
40
0.13965454589541854
40
0.13965454589541854
40
0.13965454589541854
40
0.13965454589541854
10
-2.993469687951932
20
66.304403602023541
30
2.2204460492503131e-15
10
-2.8654731312747819
20
66.328336466217877
30
2.2204460492503131e-15
10
-2.7433749120079116
20
66.37704109292531
30
0
10
-2.5247202335790848
20
66.518510996580432
30
0
10
-2.4302542323189154
20
66.609923744142094
30
0
10
-2.297466217249724
20
66.801087110058731
30
0
10
-2.2522661284564731
20
66.893804631036119
30
0
10
-2.191642170938604
20
67.089725022395641
30
0
10
-2.1765774063085712
20
67.191767364537284
30
0
10
-2.1772890009981887
20
67.294307647484487
30
0
0
SPLINE
5
238
100
AcDbEntity
8
0
100
AcDbSpline
70
0
71
3
72
10
73
6
74
0
42
0.000000001
43
0.0000000001
44
0.0000000001
40
0
40
0
40
0
40
0
40
0.27907027099028647
40
0.27907027099028647
40
0.55216031394490384
40
0.55216031394490384
40
0.55216031394490384
40
0.55216031394490384
10
-7.6210648591286212
20
64.383605052536893
30
-2.2204460492503131e-15
10
-6.8234060343036607
20
64.86222403898168
30
-2.2204460492503131e-15
10
-5.9720648010056117
20
65.302349131333344
30
0
10
-4.2620623550708432
20
65.999671573917297
30
2.2204460492503131e-15
10
-3.5189471126604466
20
66.206149553873985
30
2.2204460492503131e-15
10
-2.993469687951932
20
66.304403602023541
30
2.2204460492503131e-15
0
ARC
5
239
100
AcDbEntity
8
0
100
AcDbCircle
10
39.770900922250334
20
67.585413818937724
30
0
40
47.499999999999943
210
-4.6639912769183008e-17
220
-3.1509999449571321e-18
230
1
100
AcDbArc
50
183.86503864663518
51
186.13496135336561
0
SPLINE
5
240
100
AcDbEntity
8
0
100
AcDbSpline
70
0
71
3
72
10
73
6
74
0
42
0.000000001
43
0.0000000001
44
0.0000000001
40
0.050017631539356559
40
0.050017631539356559
40
0.050017631539356559
40
0.050017631539356559
40
0.067773189126989458
40
0.067773189126989458
40
0.51640266305384031
40
0.51640266305384031
40
0.51640266305384031
40
0.51640266305384031
10
-2.5662278971045889
20
61.421007586707361
30
0
10
-2.6255906046599971
20
61.42161982500518
30
0
10
-2.684929384968386
20
61.422614776497127
30
0
10
-4.2389487296035506
20
61.465709827223172
30
2.2204460492503131e-15
10
-5.9713510839918378
20
61.939781003607834
30
0
10
-7.4570626672643749
20
62.509051421761235
30
0
0
SPLINE
5
241
100
AcDbEntity
8
0
100
AcDbSpline
70
0
71
3
72
14
73
10
74
0
42
0.000000001
43
0.0000000001
44
0.0000000001
40
0
40
0
40
0
40
0
40
0.039064447338691827
40
0.039064447338691827
40
0.078128894677384819
40
0.078128894677384819
40
0.10889172028641349
40
0.10889172028641349
40
0.13965454589544676
40
0.13965454589544676
40
0.13965454589544676
40
0.13965454589544676
10
-1.5905517951740589
20
60.587870696935717
30
-2.2204460492503131e-15
10
-1.612272920947585
20
60.716261090676369
30
-2.2204460492503131e-15
10
-1.6588638797951571
20
60.839181383405112
30
-2.2204460492503131e-15
10
-1.7965405329040793
20
61.060244137454092
30
0
10
-1.8863099633221312
20
61.156273118357127
30
0
10
-2.0751540413902529
20
61.29233929193903
30
0
10
-2.1670779788804855
20
61.339132202079476
30
0
10
-2.3619233374972293
20
61.403127125324524
30
0
10
-2.4636905983057296
20
61.419950066525701
30
0
10
-2.5662278971046244
20
61.421007586707354
30
0
0
ARC
5
242
100
AcDbEntity
8
0
100
AcDbCircle
10
39.770900922250334
20
67.585413818937724
30
0
40
41.949200000000133
210
-5.2190161820953086e-17
220
-8.8295474141440905e-18
230
1
100
AcDbArc
50
189.60239315920646
51
190.39760684079423
0
SPLINE
5
243
100
AcDbEntity
8
0
100
AcDbSpline
70
0
71
3
72
14
73
10
74
0
42
0.000000001
43
0.0000000001
44
0.0000000001
40
0
40
0
40
0
40
0
40
0.039064447338692597
40
0.039064447338692597
40
0.078128894677385125
40
0.078128894677385125
40
0.10889172028636264
40
0.10889172028636264
40
0.13965454589533999
40
0.13965454589533999
40
0.13965454589533999
40
0.13965454589533999
10
-2.1213377176242791
20
58.897910000097966
30
0
10
-1.9994416145034859
20
58.943705639123046
30
0
10
-1.8876558112122241
20
59.012872466384266
30
0
10
-1.6968889796276896
20
59.190162110769371
30
0
10
-1.6197317862203076
20
59.296589942262614
30
0
10
-1.5221562896013743
20
59.507907503941965
30
0
10
-1.4937431202765619
20
59.60706535048979
30
0
10
-1.468061395822168
20
59.810536510619499
30
0
10
-1.4709449655749842
20
59.913644569220985
30
0
10
-1.4894516828135376
20
60.014503467742244
30
-2.2204460492503131e-15
0
SPLINE
5
244
100
AcDbEntity
8
0
100
AcDbSpline
70
0
71
3
72
10
73
6
74
0
42
0.000000001
43
0.0000000001
44
0.0000000001
40
0
40
0
40
0
40
0
40
0.27907027099028647
40
0.27907027099028647
40
0.55216031394492715
40
0.55216031394492715
40
0.55216031394492715
40
0.55216031394492715
10
-6.3450861522174149
20
56.202719228133738
30
0
10
-5.6426568720641086
20
56.812578918054214
30
0
10
-4.8806763452855817
20
57.393851375032263
30
2.2204460492503131e-15
10
-3.3177414502600637
20
58.377518731380967
30
2.2204460492503131e-15
10
-2.6217703231005269
20
58.709900454509672
30
0
10
-2.1213377176242703
20
58.897910000097973
30
0
0
ARC
5
245
100
AcDbEntity
8
0
100
AcDbCircle
10
39.770900922250334
20
67.585413818937724
30
0
40
47.499999999999943
210
-2.3377381261778646e-32
220
9.4711406293379482e-32
230
1
100
AcDbArc
50
193.8650386466353
51
196.13496135336524
0
SPLINE
5
246
100
AcDbEntity
8
0
100
AcDbSpline
70
0
71
3
72
10
73
6
74
0
42
0.000000001
43
0.0000000001
44
0.0000000001
40
0.050017631539283375
40
0.050017631539283375
40
0.050017631539283375
40
0.050017631539283375
40
0.067773189126989458
40
0.067773189126989458
40
0.51640266305384031
40
0.51640266305384031
40
0.51640266305384031
40
0.51640266305384031
10
-0.85259387070079962
20
54.162893501589537
30
0
10
-0.91116103940612314
20
54.153188212623547
30
0
10
-0.96977110182177251
20
54.143863977501077
30
0
10
-2.5076647777747225
20
53.916451690317444
30
0
10
-4.2960696435765264
20
54.082492148475254
30
0
10
-5.8580627002354042
20
54.38512296085932
30
0
0
SPLINE
5
247
100
AcDbEntity
8
0
100
AcDbSpline
70
0
71
3
72
14
73
10
74
0
42
0.000000001
43
0.0000000001
44
0.0000000001
40
0
40
0
40
0
40
0
40
0.039064447338692514
40
0.039064447338692514
40
0.078128894677384819
40
0.078128894677384819
40
0.10889172028639763
40
0.10889172028639763
40
0.13965454589541038
40
0.13965454589541038
40
0.13965454589541038
40
0.13965454589541038
10
0.25293222156477241
20
53.511838210315339
30
0
10
0.20924633059584721
20
53.634506231575976
30
0
10
0.14201830827183443
20
53.747468653758126
30
0
10
-0.031953871509244225
20
53.941265667928143
30
0
10
-0.13703476010545584
20
54.020247454833026
30
0
10
-0.34663751538193893
20
54.121454047479432
30
0
10
-0.44529042528330315
20
54.151573643942598
30
0
10
-0.64828824688883113
20
54.180761799057095
30
0
10
-0.75143070741836371
20
54.179657462594946
30
0
10
-0.85259387070078185
20
54.162893501589544
30
0
0
ARC
5
248
100
AcDbEntity
8
0
100
AcDbCircle
10
39.770900922250334
20
67.585413818937724
30
0
40
41.949199999999692
210
-3.308195863781157e-32
220
9.2892655168986087e-32
230
1
100
AcDbArc
50
199.60239315920657
51
200.39760684079417
0
SPLINE
5
249
100
AcDbEntity
8
0
100
AcDbSpline
70
0
71
3
72
14
73
10
74
0
42
0.000000001
43
0.0000000001
44
0.0000000001
40
0
40
0
40
0
40
0
40
0.039064447338692507
40
0.039064447338692507
40
0.078128894677385374
40
0.078128894677385374
40
0.10889172028638294
40
0.10889172028638294
40
0.13965454589538095
40
0.13965454589538095
40
0.13965454589538095
40
0.13965454589538095
10
0.023668725280337494
20
51.755381805618853
30
0
10
0.13576062343389189
20
51.821648742156476
30
0
10
0.2338374556829505
20
51.909176170925107
30
0
10
0.39092008677836793
20
52.116898699908212
30
0
10
0.44842409005481521
20
52.235107859528107
30
0
10
0.50782228613463576
20
52.460158839790424
30
0
10
0.51858521621899167
20
52.56274415091778
30
0
10
0.50854438140813119
20
52.767583711578901
30
2.2204460492503131e-15
10
0.48780009308028383
20
52.868624600454986
30
2.2204460492503131e-15
10
0.45206057053122073
20
52.964737567956
30
0
0
SPLINE
5
250
100
AcDbEntity
8
0
100
AcDbSpline
70
0
71
3
72
10
73
6
74
0
42
0.000000001
43
0.0000000001
44
0.0000000001
40
0
40
0
40
0
40
0
40
0.27907027099028647
40
0.27907027099028647
40
0.55216031394494858
40
0.55216031394494858
40
0.55216031394494858
40
0.55216031394494858
10
-3.6678965138639597
20
48.367690818950791
30
0
10
-3.0820397366134147
20
49.090260934272614
30
2.2204460492503131e-15
10
-2.4325723090798053
20
49.795019086409837
30
0
10
-1.0641939508657059
20
51.03514312166034
30
0
10
-0.43651366947730835
20
51.483329337496997
30
0
10
0.023668725280341935
20
51.755381805618853
30
0
0
ARC
5
251
100
AcDbEntity
8
0
100
AcDbCircle
10
39.770900922250334
20
67.585413818937724
30
0
40
47.499999999999964
210
-4.0653789020867878e-32
220
9.1891828511068079e-32
230
1
100
AcDbArc
50
203.86503864663527
51
206.13496135336572
0
SPLINE
5
252
100
AcDbEntity
8
0
100
AcDbSpline
70
0
71
3
72
10
73
6
74
0
42
0.000000001
43
0.0000000001
44
0.0000000001
40
0.050017631539320588
40
0.050017631539320588
40
0.050017631539320588
40
0.050017631539320588
40
0.067773189126989458
40
0.067773189126989458
40
0.51640266305384031
40
0.51640266305384031
40
0.51640266305384031
40
0.51640266305384031
10
2.095364488505493
20
47.312615904191226
30
0
10
2.0393723924353253
20
47.292887978255479
30
0
10
1.9832718850010986
20
47.27352786868466
30
0
10
0.50823199886282011
20
46.782518050861299
30
0
10
-1.2818356014816352
20
46.635482735491635
30
0
10
-2.8726497629068772
20
46.662278658010628
30
0
0
SPLINE
5
253
100
AcDbEntity
8
0
100
AcDbSpline
70
0
71
3
72
14
73
10
74
0
42
0.000000001
43
0.0000000001
44
0.0000000001
40
0
40
0
40
0
40
0
40
0.03906444733869386
40
0.03906444733869386
40
0.078128894677386637
40
0.078128894677386637
40
0.10889172028640495
40
0.10889172028640495
40
0.13965454589542023
40
0.13965454589542023
40
0.13965454589542023
40
0.13965454589542023
10
3.2971497202162054
20
46.863424196989961
30
-2.2204460492503131e-15
10
3.2328264377428391
20
46.976642640017594
30
-2.2204460492503131e-15
10
3.147004041381702
20
47.07621488561692
30
-2.2204460492503131e-15
10
2.942022391576935
20
47.236857735698443
30
-2.2204460492503131e-15
10
2.8248228744290627
20
47.296392506976765
30
0
10
2.6008301155991114
20
47.359664407583175
30
0
10
2.4984457520331302
20
47.372195521671784
30
0
10
2.293463453526293
20
47.365690041332485
30
0
10
2.1920797247462223
20
47.34669198191159
30
0
10
2.0953644885055285
20
47.31261590419124
30
0
0
ARC
5
254
100
AcDbEntity
8
0
100
AcDbCircle
10
39.770900922250334
20
67.585413818937724
30
0
40
41.949199999999962
210
-4.6022826868685892e-17
220
-2.6147147176142849e-17
230
1
100
AcDbArc
50
209.60239315920649
51
210.39760684079417
0
SPLINE
5
255
100
AcDbEntity
8
0
100
AcDbSpline
70
0
71
3
72
14
73
10
74
0
42
0.000000001
43
0.0000000001
44
0.0000000001
40
0
40
0
40
0
40
0
40
0.039064447338692652
40
0.039064447338692652
40
0.078128894677385707
40
0.078128894677385707
40
0.10889172028639546
40
0.10889172028639546
40
0.13965454589540516
40
0.13965454589540516
40
0.13965454589540516
40
0.13965454589540516
10
3.376374705419622
20
45.093841123481496
30
0
10
3.4752565430017937
20
45.178565870197687
30
0
10
3.5566443892900148
20
45.281794423841632
30
0
10
3.6752699436381144
20
45.51363829349232
30
0
10
3.7113735267424968
20
45.640037055740528
30
0
10
3.7307896381521859
20
45.871983394431879
30
0
10
3.723575302811744
20
45.974879167370815
30
0
10
3.6781169944204022
20
46.174863182166419
30
0
10
3.6401422922212303
20
46.270766825037754
30
0
10
3.5882558916692266
20
46.359213517636448
30
0
0
SPLINE
5
256
100
AcDbEntity
8
0
100
AcDbSpline
70
0
71
3
72
10
73
6
74
0
42
0.000000001
43
0.0000000001
44
0.0000000001
40
0
40
0
40
0
40
0
40
0.27907027099028647
40
0.27907027099028647
40
0.55216031394490539
40
0.55216031394490539
40
0.55216031394490539
40
0.55216031394490539
10
0.32915900349373312
20
41.116583198485401
30
0
10
0.78064231612259438
20
41.929908811892609
30
0
10
1.2978629052720407
20
42.73673893936116
30
0
10
2.4301072426931034
20
44.195639112235263
30
0
10
2.9704249305816433
20
44.746011909405013
30
0
10
3.3763747054196354
20
45.093841123481504
30
0
0
ARC
5
257
100
AcDbEntity
8
0
100
AcDbCircle
10
39.770900922250334
20
67.585413818937724
30
0
40
47.499999999999957
210
-2.8540592177076522e-32
220
4.2528915878396265e-32
230
1
100
AcDbArc
50
213.86503864663527
51
216.13496135336584
0
SPLINE
5
258
100
AcDbEntity
8
0
100
AcDbSpline
70
0
71
3
72
10
73
6
74
0
42
0.000000001
43
0.0000000001
44
0.0000000001
40
0.0500176315393209
40
0.0500176315393209
40
0.0500176315393209
40
0.0500176315393209
40
0.067773189126989458
40
0.067773189126989458
40
0.51640266305384031
40
0.51640266305384031
40
0.51640266305384031
40
0.51640266305384031
10
6.1880749575101648
20
41.078317012901799
30
0
10
6.1363592255807431
20
41.049165873043123
30
0
10
6.0844728586580166
20
41.020358136156439
30
0
10
4.7171051028683904
20
40.280669872544934
30
0
10
2.9797650661998265
20
39.825026377301874
30
-2.2204460492503131e-15
10
1.4084658833123045
20
39.575173229409451
30
0
0
SPLINE
5
259
100
AcDbEntity
8
0
100
AcDbSpline
70
0
71
3
72
14
73
10
74
0
42
0.000000001
43
0.0000000001
44
0.0000000001
40
0
40
0
40
0
40
0
40
0.039064447338692111
40
0.039064447338692111
40
0.078128894677385041
40
0.078128894677385041
40
0.10889172028640252
40
0.10889172028640252
40
0.13965454589542217
40
0.13965454589542217
40
0.13965454589542217
40
0.13965454589542217
10
7.4496036925330342
20
40.844637352494814
30
2.2204460492503131e-15
10
7.3665974489440353
20
40.944966132189336
30
2.2204460492503131e-15
10
7.2647883486309777
20
41.028122748909233
30
2.2204460492503131e-15
10
7.0350254925061311
20
41.150730383191743
30
0
10
6.9092683948293203
20
41.189009204944263
30
0
10
6.6776915390771698
20
41.212423928827874
30
0
10
6.5746866189245514
20
41.206985808981401
30
0
10
6.3739481269305056
20
41.164984358916506
30
0
10
6.2774036231962329
20
41.128669822958877
30
0
10
6.1880749575101559
20
41.078317012901799
30
0
0
ARC
5
260
100
AcDbEntity
8
0
100
AcDbCircle
10
39.770900922250334
20
67.585413818937724
30
0
40
41.949199999999976
210
4.0783232257494091e-17
220
3.3741693275044763e-17
230
1
100
AcDbArc
50
219.60239315920649
51
220.39760684079423
0
SPLINE
5
261
100
AcDbEntity
8
0
100
AcDbSpline
70
0
71
3
72
14
73
10
74
0
42
0.000000001
43
0.0000000001
44
0.0000000001
40
0
40
0
40
0
40
0
40
0.039064447338692493
40
0.039064447338692493
40
0.078128894677385055
40
0.078128894677385055
40
0.10889172028640043
40
0.10889172028640043
40
0.13965454589541582
40
0.13965454589541582
40
0.13965454589541582
40
0.13965454589541582
10
7.8349099481385949
20
39.115695496410659
30
0
10
7.917577250551064
20
39.21630373474926
30
0
10
7.9798031823532254
20
39.33209686590223
30
0
10
8.0563672825125305
20
39.581017617559844
30
0
10
8.0699734563415078
20
39.711765420006358
30
0
10
8.0488175343608699
20
39.943559544996063
30
0
10
8.023845137524301
20
40.043639343753597
30
2.2204460492503131e-15
10
7.9443505832499159
20
40.232691399590877
30
2.2204460492503131e-15
10
7.8902993092896061
20
40.320543812798363
30
2.2204460492503131e-15
10
7.8238425727596468
20
40.398636822496314
30
2.2204460492503131e-15
0
SPLINE
5
262
100
AcDbEntity
8
0
100
AcDbSpline
70
0
71
3
72
10
73
6
74
0
42
0.000000001
43
0.0000000001
44
0.0000000001
40
0
40
0
40
0
40
0
40
0.27907027099028647
40
0.27907027099028647
40
0.55216031394489085
40
0.55216031394489085
40
0.55216031394489085
40
0.55216031394489085
10
5.5246318905684264
20
34.669717602547827
30
0
10
5.8280236465829693
20
35.549086226839712
30
0
10
6.1972819114731994
20
36.433473204492188
30
0
10
7.0589895568520529
20
38.066821571476282
30
0
10
7.4955273717082536
20
38.702658151039131
30
0
10
7.8349099481386038
20
39.115695496410666
30
0
0
ARC
5
263
100
AcDbEntity
8
0
100
AcDbCircle
10
39.770900922250334
20
67.585413818937724
30
0
40
47.499999999999993
210
-1.0241657014719977e-31
220
1.0655662245468998e-31
230
1
100
AcDbArc
50
223.86503864663533
51
226.13496135336561
0
SPLINE
5
264
100
AcDbEntity
8
0
100
AcDbSpline
70
0
71
3
72
10
73
6
74
0
42
0.000000001
43
0.0000000001
44
0.0000000001
40
0.050017631539297489
40
0.050017631539297489
40
0.050017631539297489
40
0.050017631539297489
40
0.067773189126989458
40
0.067773189126989458
40
0.51640266305384031
40
0.51640266305384031
40
0.51640266305384031
40
0.51640266305384031
10
11.301182599723775
20
35.649422844825743
30
0
10
11.255314588280301
20
35.611734233677453
30
0
10
11.209218902872166
20
35.574354177982769
30
0
10
9.9910700547693381
20
34.60846252217258
30
0
10
8.359245779654378
20
33.85805534409235
30
0
10
6.8552047058608583
20
33.339144787255421
30
0
0
SPLINE
5
265
100
AcDbEntity
8
0
100
AcDbSpline
70
0
71
3
72
14
73
10
74
0
42
0.000000001
43
0.0000000001
44
0.0000000001
40
0
40
0
40
0
40
0
40
0.039064447338691251
40
0.039064447338691251
40
0.078128894677384431
40
0.078128894677384431
40
0.10889172028639107
40
0.10889172028639107
40
0.13965454589540455
40
0.13965454589540455
40
0.13965454589540455
40
0.13965454589540455
10
12.584123925809298
20
35.638355469446694
30
0
10
12.484956823812929
20
35.722746146605907
30
0
10
12.37025443754308
20
35.786960462726668
30
0
10
12.1226916032159
20
35.867807510284948
30
2.2204460492503131e-15
10
11.992197990786899
20
35.883667299882745
30
2.2204460492503131e-15
10
11.760073383691056
20
35.866513402506762
30
2.2204460492503131e-15
10
11.659577659327665
20
35.843271283244931
30
2.2204460492503131e-15
10
11.469182311347133
20
35.767050056260942
30
0
10
11.380410488550778
20
35.714522442565638
30
0
10
11.301182599723719
20
35.649422844825693
30
0
0
ARC
5
266
100
AcDbEntity
8
0
100
AcDbCircle
10
39.770900922250334
20
67.585413818937724
30
0
40
41.94919999999999
210
-3.7548072085891884e-32
220
3.1953209941211968e-32
230
1
100
AcDbArc
50
229.60239315920654
51
230.39760684079423
0
SPLINE
5
267
100
AcDbEntity
8
0
100
AcDbSpline
70
0
71
3
72
14
73
10
74
0
42
0.000000001
43
0.0000000001
44
0.0000000001
40
0
40
0
40
0
40
0
40
0.039064447338693124
40
0.039064447338693124
40
0.078128894677385291
40
0.078128894677385291
40
0.10889172028639749
40
0.10889172028639749
40
0.13965454589540893
40
0.13965454589540893
40
0.13965454589540893
40
0.13965454589540893
10
13.263804116214857
20
34.00258785419738
30
0
10
13.327745079305476
20
34.116022653746697
30
0
10
13.36891839317158
20
34.240862046712778
30
0
10
13.40109467770203
20
34.499296349298206
30
0
10
13.391790025548826
20
34.630420486127257
30
0
10
13.330704882161797
20
34.855019450220986
30
0
10
13.288733197470336
20
34.949242400754649
30
0
10
13.177617799118341
20
35.121618246581882
30
0
10
13.109132274004921
20
35.198750079005642
30
0
10
13.030124455807766
20
35.264116589220123
30
0
0
SPLINE
5
268
100
AcDbEntity
8
0
100
AcDbSpline
70
0
71
3
72
10
73
6
74
0
42
0.000000001
43
0.0000000001
44
0.0000000001
40
0
40
0
40
0
40
0
40
0.27907027099028647
40
0.27907027099028647
40
0.55216031394490139
40
0.55216031394490139
40
0.55216031394490139
40
0.55216031394490139
10
11.76066033272247
20
29.222978779999352
30
0
10
11.906742127139822
20
30.141671244508785
30
0
10
12.116818342245839
20
31.076743421550596
30
0
10
12.681806744822794
20
32.834911519028111
30
0
10
13.001300706041121
20
33.536892308262864
30
0
10
13.263804116214853
20
34.002587854197373
30
0
0
ARC
5
269
100
AcDbEntity
8
0
100
AcDbCircle
10
39.770900922250334
20
67.585413818937724
30
0
40
47.5
210
-3.1542624480944959e-33
220
2.3030772150923664e-33
230
1
100
AcDbArc
50
233.86503864663527
51
236.13496135336581
0
SPLINE
5
270
100
AcDbEntity
8
0
100
AcDbSpline
70
0
71
3
72
10
73
6
74
0
42
0.000000001
43
0.0000000001
44
0.0000000001
40
0.050017631539309049
40
0.050017631539309049
40
0.050017631539309049
40
0.050017631539309049
40
0.067773189126989458
40
0.067773189126989458
40
0.51640266305384031
40
0.51640266305384031
40
0.51640266305384031
40
0.51640266305384031
10
17.279328226794451
20
31.190887602106692
30
0
10
17.240701612154375
20
31.145806669047268
30
0
10
17.20179720233655
20
31.100990068621726
30
0
10
16.169880098257149
20
29.938243149809946
30
0
10
14.693153739552216
20
28.915873031274142
30
0
10
13.30207030179842
20
28.143671900180802
30
2.2204460492503131e-15
0
SPLINE
5
271
100
AcDbEntity
8
0
100
AcDbSpline
70
0
71
3
72
14
73
10
74
0
42
0.000000001
43
0.0000000001
44
0.0000000001
40
0
40
0
40
0
40
0
40
0.039064447338693013
40
0.039064447338693013
40
0.078128894677385388
40
0.078128894677385388
40
0.10889172028639875
40
0.10889172028639875
40
0.13965454589541046
40
0.13965454589541046
40
0.13965454589541046
40
0.13965454589541046
10
18.544700620949467
20
31.402768788356383
30
0
10
18.432385802758908
20
31.468657194958549
30
0
10
18.308275304496846
20
31.511978090978829
30
0
10
18.050434563415514
20
31.548608055183387
30
0
10
17.919169418615027
20
31.541566920944987
30
0
10
17.693550048901333
20
31.484365614800886
30
0
10
17.598617032058609
20
31.444025696156359
30
0
10
17.424349894395228
20
31.335900635665318
30
0
10
17.346048039451738
20
31.268755969194189
30
0
10
17.279328226794462
20
31.190887602106706
30
0
0
ARC
5
272
100
AcDbEntity
8
0
100
AcDbCircle
10
39.770900922250334
20
67.585413818937724
30
0
40
41.949199999999969
210
1.3219813876663077e-46
220
-7.7552765159871658e-47
230
1
100
AcDbArc
50
239.60239315920654
51
240.3976068407942
0
SPLINE
5
273
100
AcDbEntity
8
0
100
AcDbSpline
70
0
71
3
72
14
73
10
74
0
42
0.000000001
43
0.0000000001
44
0.0000000001
40
0
40
0
40
0
40
0
40
0.039064447338693152
40
0.039064447338693152
40
0.07812889467738586
40
0.07812889467738586
40
0.10889172028640176
40
0.10889172028640176
40
0.1396545458954179
40
0.1396545458954179
40
0.1396545458954179
40
0.1396545458954179
10
19.49810300750428
20
29.909877385192797
30
0
10
19.541374817465243
20
30.032692086969305
30
0
10
19.560244483088201
20
30.162784559964997
30
0
10
19.54705529186635
20
30.422880017968232
30
0
10
19.515122530878301
20
30.550396348634294
30
0
10
19.415964207256156
20
30.760975825960656
30
0
10
19.358268523110432
20
30.846479011597619
30
0
10
19.218908465832641
20
30.996941094565781
30
0
10
19.138069587591335
20
31.061008734508249
30
0
10
19.048911300302986
20
31.111662616903448
30
0
0
SPLINE
5
274
100
AcDbEntity
8
0
100
AcDbSpline
70
0
71
3
72
10
73
6
74
0
42
0.000000001
43
0.0000000001
44
0.0000000001
40
0
40
0
40
0
40
0
40
0.27907027099028647
40
0.27907027099028647
40
0.55216031394490561
40
0.55216031394490561
40
0.55216031394490561
40
0.55216031394490561
10
18.847765761323679
20
24.941863133780238
30
0
10
18.832098972741417
20
25.871965432853898
30
0
10
18.876610078570923
20
26.829311114355001
30
0
10
19.127712351631594
20
28.658877894360035
30
2.2204460492503131e-15
10
19.320454796872205
20
29.405673562205227
30
0
10
19.498103007504291
20
29.909877385192804
30
0
0
ARC
5
275
100
AcDbEntity
8
0
100
AcDbCircle
10
39.770900922250334
20
67.585413818937724
30
0
40
47.5
210
-6.9848570524238339e-32
220
3.4271327279152417e-32
230
1
100
AcDbArc
50
243.86503864663527
51
246.13496135336555
0
SPLINE
5
276
100
AcDbEntity
8
0
100
AcDbSpline
70
0
71
3
72
10
73
6
74
0
42
0.000000001
43
0.0000000001
44
0.0000000001
40
0.050017631539318229
40
0.050017631539318229
40
0.050017631539318229
40
0.050017631539318229
40
0.067773189126989458
40
0.067773189126989458
40
0.51640266305384031
40
0.51640266305384031
40
0.51640266305384031
40
0.51640266305384031
10
23.940868908931666
20
27.838181621967188
30
2.2204460492503131e-15
10
23.91065734123481
20
27.78707812833558
30
2.2204460492503131e-15
10
23.880126297812989
20
27.736186712904789
30
2.2204460492503131e-15
10
23.065795216789205
20
26.411914007841204
30
0
10
21.789036357643976
20
25.148645147557307
30
0
10
20.55317792226386
20
24.146616382823183
30
0
0
SPLINE
5
277
100
AcDbEntity
8
0
100
AcDbSpline
70
0
71
3
72
14
73
10
74
0
42
0.000000001
43
0.0000000001
44
0.0000000001
40
0
40
0
40
0
40
0
40
0.039064447338692888
40
0.039064447338692888
40
0.078128894677385027
40
0.078128894677385027
40
0.10889172028640387
40
0.10889172028640387
40
0.13965454589542217
40
0.13965454589542217
40
0.13965454589542217
40
0.13965454589542217
10
25.150224671269012
20
28.266573467218429
30
2.2204460492503131e-15
10
25.028174765800951
20
28.311957617370076
30
2.2204460492503131e-15
10
24.898427190233456
20
28.333068809785765
30
2.2204460492503131e-15
10
24.63814290284202
20
28.324368707709908
30
2.2204460492503131e-15
10
24.510094650671441
20
28.294640590936133
30
2.2204460492503131e-15
10
24.297835848719743
20
28.199129908765855
30
2.2204460492503131e-15
10
24.211350031076027
20
28.142917898753662
30
2.2204460492503131e-15
10
24.058506122524257
20
28.006174330004665
30
2.2204460492503131e-15
10
23.993053397673435
20
27.926452767471584
30
2.2204460492503131e-15
10
23.940868908931666
20
27.838181621967188
30
2.2204460492503131e-15
0
ARC
5
278
100
AcDbEntity
8
0
100
AcDbCircle
10
39.770900922250334
20
67.585413818937724
30
0
40
41.949199999999976
210
1.8448468545908468e-17
220
4.9612779671638379e-17
230
1
100
AcDbArc
50
249.60239315920646
51
250.39760684079411
0
SPLINE
5
279
100
AcDbEntity
8
0
100
AcDbSpline
70
0
71
3
72
14
73
10
74
0
42
0.000000001
43
0.0000000001
44
0.0000000001
40
0
40
0
40
0
40
0
40
0.039064447338692479
40
0.039064447338692479
40
0.078128894677385388
40
0.078128894677385388
40
0.10889172028641252
40
0.10889172028641252
40
0.13965454589543977
40
0.13965454589543977
40
0.13965454589543977
40
0.13965454589543977
10
26.348380604902491
20
26.961919025985992
30
-2.2204460492503131e-15
10
26.369668469684747
20
27.09038196742344
30
-2.2204460492503131e-15
10
26.365661141823118
20
27.221774726486736
30
-2.2204460492503131e-15
10
26.307507221750228
20
27.475628471031015
30
0
10
26.253916612711208
20
27.595662476353191
30
0
10
26.119697984340661
20
27.785824116052016
30
0
10
26.048031354908026
20
27.86000956576342
30
0
10
25.884661023525197
20
27.983986171619062
30
0
10
25.793925040564879
20
28.033042956260374
30
0
10
25.697325313628316
20
28.067445118251825
30
2.2204460492503131e-15
0
SPLINE
5
280
100
AcDbEntity
8
0
100
AcDbSpline
70
0
71
3
72
10
73
6
74
0
42
0.000000001
43
0.0000000001
44
0.0000000001
40
0
40
0
40
0
40
0
40
0.27907027099028647
40
0.27907027099028647
40
0.55216031394486931
40
0.55216031394486931
40
0.55216031394486931
40
0.55216031394486931
10
26.570610064172392
20
21.956450196451776
30
-2.2204460492503131e-15
10
26.393670720033807
20
22.869701642386786
30
-2.2204460492503131e-15
10
26.271264269159886
20
23.820232364255077
30
0
10
26.200850797201195
20
25.665607365982499
30
-2.2204460492503131e-15
10
26.260985344797845
20
26.434526903967352
30
-2.2204460492503131e-15
10
26.348380604902491
20
26.961919025985992
30
-2.2204460492503131e-15
0
ARC
5
281
100
AcDbEntity
8
0
100
AcDbCircle
10
39.770900922250334
20
67.585413818937724
30
0
40
47.500000000000014
210
-1.2990818253639502e-17
220
-4.4904887316093123e-17
230
1
100
AcDbArc
50
253.8650386466353
51
256.13496135336561
0
SPLINE
5
282
100
AcDbEntity
8
0
100
AcDbSpline
70
0
71
3
72
10
73
6
74
0
42
0.000000001
43
0.0000000001
44
0.0000000001
40
0.050017631539291667
40
0.050017631539291667
40
0.050017631539291667
40
0.050017631539291667
40
0.067773189126989458
40
0.067773189126989458
40
0.51640266305384031
40
0.51640266305384031
40
0.51640266305384031
40
0.51640266305384031
10
31.083397103411006
20
25.693175179062962
30
0
10
31.062518545853997
20
25.637601878653449
30
0
10
31.041288539133053
20
25.582181958122881
30
0
10
30.469286518990337
20
24.136620822836406
30
2.2204460492503131e-15
10
29.431288831268766
20
22.670837005879257
30
0
10
28.388206331446813
20
21.469426744469786
30
0
0
SPLINE
5
283
100
AcDbEntity
8
0
100
AcDbSpline
70
0
71
3
72
14
73
10
74
0
42
0.000000001
43
0.0000000001
44
0.0000000001
40
0
40
0
40
0
40
0
40
0.039064447338692888
40
0.039064447338692888
40
0.078128894677385763
40
0.078128894677385763
40
0.10889172028638591
40
0.10889172028638591
40
0.13965454589538495
40
0.13965454589538495
40
0.13965454589538495
40
0.13965454589538495
10
32.199990571055437
20
26.325061213874122
30
-2.2204460492503131e-15
10
32.071914002927279
20
26.348562133138394
30
-2.2204460492503131e-15
10
31.940471664482516
20
26.346822169050725
30
-2.2204460492503131e-15
10
31.685652437143158
20
26.293056348893558
30
-2.2204460492503131e-15
10
31.564711758949144
20
26.241544523369438
30
-2.2204460492503131e-15
10
31.372262901048682
20
26.110626508920014
30
0
10
31.296852110409191
20
26.040250381019796
30
0
10
31.170075515787712
20
25.87904318815383
30
0
10
31.119460668953494
20
25.789167028895399
30
0
10
31.083397103411016
20
25.69317517906299
30
0
0
ARC
5
284
100
AcDbEntity
8
0
100
AcDbCircle
10
39.770900922250334
20
67.585413818937724
30
0
40
41.949200000000097
210
-9.5530260762417066e-18
220
-5.2062593012858458e-17
230
1
100
AcDbArc
50
259.60239315920649
51
260.39760684079414
0
SPLINE
5
285
100
AcDbEntity
8
0
100
AcDbSpline
70
0
71
3
72
14
73
10
74
0
42
0.000000001
43
0.0000000001
44
0.0000000001
40
0
40
0
40
0
40
0
40
0.039064447338692666
40
0.039064447338692666
40
0.078128894677385818
40
0.078128894677385818
40
0.10889172028638237
40
0.10889172028638237
40
0.13965454589537885
40
0.13965454589537885
40
0.13965454589537885
40
0.13965454589537885
10
33.606494690020419
20
25.248284999583355
30
0
10
33.605151788624639
20
25.378492899211569
30
0
10
33.578389227907593
20
25.507193641846264
30
0
10
33.477037556417578
20
25.747092455359748
30
0
10
33.403417422864969
20
25.855996962826396
30
0
10
33.238216654851115
20
26.019962799701641
30
0
10
33.15475663440187
20
26.08057642613754
30
0
10
32.972339953763871
20
26.174300588446684
30
0
10
32.8744638330123
20
26.206855952209374
30
0
10
32.773357800248796
20
26.223961101513265
30
0
0
SPLINE
5
286
100
AcDbEntity
8
0
100
AcDbSpline
70
0
71
3
72
10
73
6
74
0
42
0.000000001
43
0.0000000001
44
0.0000000001
40
0
40
0
40
0
40
0
40
0.27907027099028647
40
0.27907027099028647
40
0.55216031394492937
40
0.55216031394492937
40
0.55216031394492937
40
0.55216031394492937
10
34.694538525074364
20
20.357450229422884
30
0
10
34.361702837815493
20
21.226102139162045
30
0
10
34.076098088307283
20
22.140936506405282
30
0
10
33.686308349043742
20
23.946048944232736
30
0
10
33.612007841197176
20
24.713729121287933
30
0
10
33.606494690020419
20
25.248284999583355
30
0
0
ARC
5
287
100
AcDbEntity
8
0
100
AcDbCircle
10
39.770900922250334
20
67.585413818937724
30
0
40
47.500000000000007
210
-5.0626522019745312e-32
220
5.4416611081213996e-33
230
1
100
AcDbArc
50
263.86503864663524
51
266.13496135336521
0
SPLINE
5
288
100
AcDbEntity
8
0
100
AcDbSpline
70
0
71
3
72
10
73
6
74
0
42
0.000000001
43
0.0000000001
44
0.0000000001
40
0.050017631539245891
40
0.050017631539245891
40
0.050017631539245891
40
0.050017631539245891
40
0.067773189126989458
40
0.067773189126989458
40
0.51640266305384031
40
0.51640266305384031
40
0.51640266305384031
40
0.51640266305384031
10
38.48989070533672
20
24.821043208735965
30
0
10
38.478979542325874
20
24.762688668159953
30
0
10
38.467695635317149
20
24.704424148771047
30
0
10
38.155402667990565
20
23.181497226868053
30
0
10
37.387705186181897
20
21.557735552793467
30
-2.2204460492503131e-15
10
36.569092155849994
20
20.193448037558657
30
2.2204460492503131e-15
0
SPLINE
5
289
100
AcDbEntity
8
0
100
AcDbSpline
70
0
71
3
72
14
73
10
74
0
42
0.000000001
43
0.0000000001
44
0.0000000001
40
0
40
0
40
0
40
0
40
0.039064447338672356
40
0.039064447338672356
40
0.078128894677365002
40
0.078128894677365002
40
0.10889172028637242
40
0.10889172028637242
40
0.13965454589545367
40
0.13965454589545367
40
0.13965454589545367
40
0.13965454589545367
10
39.479794750797524
20
25.637223895688976
30
0
10
39.349583061722058
20
25.638127520526055
30
0
10
39.220439769340601
20
25.613589267863848
30
0
10
38.978828155331335
20
25.516391376864071
30
0
10
38.868669772421882
20
25.444661003341906
30
0
10
38.701878319736053
20
25.282313534234639
30
0
10
38.639833874814627
20
25.199911631480532
30
0
10
38.542976636798741
20
25.019139013477698
30
0
10
38.508737574489857
20
24.921839099113214
30
0
10
38.489890705336606
20
24.821043208735372
30
0
0
ARC
5
290
100
AcDbEntity
8
0
100
AcDbCircle
10
39.770900922250334
20
67.585413818937724
30
0
40
41.949200000000069
210
-4.1599085128159827e-32
220
2.886835029057247e-34
230
1
100
AcDbArc
50
269.60239315920649
51
270.39760684079414
0
SPLINE
5
291
100
AcDbEntity
8
0
100
AcDbSpline
70
0
71
3
72
14
73
10
74
0
42
0.000000001
43
0.0000000001
44
0.0000000001
40
0
40
0
40
0
40
0
40
0.039064447338692916
40
0.039064447338692916
40
0.078128894677385513
40
0.078128894677385513
40
0.1088917202863797
40
0.1088917202863797
40
0.13965454589537415
40
0.13965454589537415
40
0.13965454589537415
40
0.13965454589537415
10
41.051911139164474
20
24.821043208735603
30
0
10
41.027978274970096
20
24.949039765412735
30
0
10
40.979273648262584
20
25.071137984679595
30
0
10
40.837803744607385
20
25.289792663108361
30
0
10
40.746390997045687
20
25.384258664368478
30
0
10
40.55522763112905
20
25.517046679437563
30
0
10
40.462510110151698
20
25.562246768230743
30
0
10
40.266589718792325
20
25.622870725748523
30
0
10
40.164547376650752
20
25.637935490378538
30
0
10
40.062007093703606
20
25.637223895688919
30
0
0
SPLINE
5
292
100
AcDbEntity
8
0
100
AcDbSpline
70
0
71
3
72
10
73
6
74
0
42
0.000000001
43
0.0000000001
44
0.0000000001
40
0
40
0
40
0
40
0
40
0.27907027099028647
40
0.27907027099028647
40
0.55216031394493881
40
0.55216031394493881
40
0.55216031394493881
40
0.55216031394493881
10
42.972709688651165
20
20.193448037558692
30
0
10
42.494090702206371
20
20.99110686238366
30
0
10
42.053965609854707
20
21.842448095681704
30
0
10
41.356643167270718
20
23.552450541616594
30
2.2204460492503131e-15
10
41.150165187314052
20
24.295565784027087
30
0
10
41.051911139164467
20
24.821043208735603
30
0
0
ARC
5
293
100
AcDbEntity
8
0
100
AcDbCircle
10
39.770900922250334
20
67.585413818937724
30
0
40
47.500000000000014
210
2.0679840419179316e-32
220
1.3971333168018641e-33
230
1
100
AcDbArc
50
273.86503864663524
51
276.13496135336544
0
SPLINE
5
294
100
AcDbEntity
8
0
100
AcDbSpline
70
0
71
3
72
10
73
6
74
0
42
0.000000001
43
0.0000000001
44
0.0000000001
40
0.050017631539306169
40
0.050017631539306169
40
0.050017631539306169
40
0.050017631539306169
40
0.067773189126989458
40
0.067773189126989458
40
0.51640266305384031
40
0.51640266305384031
40
0.51640266305384031
40
0.51640266305384031
10
45.935307154480689
20
25.248284999583248
30
0
10
45.934694916182877
20
25.188922292027669
30
0
10
45.933699964690916
20
25.129583511719105
30
0
10
45.890604913964864
20
23.575564167083769
30
0
10
45.416533737580203
20
21.843161812695477
30
0
10
44.847263319426801
20
20.357450229422938
30
0
0
SPLINE
5
295
100
AcDbEntity
8
0
100
AcDbSpline
70
0
71
3
72
14
73
10
74
0
42
0.000000001
43
0.0000000001
44
0.0000000001
40
0
40
0
40
0
40
0
40
0.039064447338692486
40
0.039064447338692486
40
0.078128894677385291
40
0.078128894677385291
40
0.10889172028638419
40
0.10889172028638419
40
0.13965454589538465
40
0.13965454589538465
40
0.13965454589538465
40
0.13965454589538465
10
46.768444044252327
20
26.223961101513147
30
0
10
46.640053650511675
20
26.202239975739616
30
0
10
46.51713335778291
20
26.155649016892077
30
0
10
46.296070603733924
20
26.017972363783155
30
0
10
46.200041622830895
20
25.928202933365093
30
0
10
46.063975449249064
20
25.739358855297052
30
0
10
46.017182539108639
20
25.647434917806926
30
0
10
45.953187615863612
20
25.452589559190386
30
0
10
45.936364674662414
20
25.35082229838202
30
0
10
45.935307154480697
20
25.24828499958323
30
0
0
ARC
5
296
100
AcDbEntity
8
0
100
AcDbCircle
10
39.770900922250334
20
67.585413818937724
30
0
40
41.94920000000031
210
-4.8613014419707965e-32
220
-8.2243645313044147e-33
230
1
100
AcDbArc
50
279.60239315920643
51
280.39760684079403
0
SPLINE
5
297
100
AcDbEntity
8
0
100
AcDbSpline
70
0
71
3
72
14
73
10
74
0
42
0.000000001
43
0.0000000001
44
0.0000000001
40
0
40
0
40
0
40
0
40
0.039064447338692757
40
0.039064447338692757
40
0.07812889467738543
40
0.07812889467738543
40
0.1088917202863733
40
0.1088917202863733
40
0.13965454589536094
40
0.13965454589536094
40
0.13965454589536094
40
0.13965454589536094
10
48.458404741089964
20
25.693175179063363
30
0
10
48.412609102064906
20
25.815071282184157
30
0
10
48.343442274803706
20
25.926857085475426
30
0
10
48.166152630418644
20
26.117623917060008
30
0
10
48.059724798925423
20
26.194781110467396
30
0
10
47.848407237246057
20
26.292356607086393
30
0
10
47.749249390698189
20
26.320769776411232
30
0
10
47.545778230568416
20
26.346451500865662
30
0
10
47.44267017196691
20
26.343567931112844
30
0
10
47.341811273445614
20
26.325061213874292
30
0
0
SPLINE
5
298
100
AcDbEntity
8
0
100
AcDbSpline
70
0
71
3
72
10
73
6
74
0
42
0.000000001
43
0.0000000001
44
0.0000000001
40
0
40
0
40
0
40
0
40
0.27907027099028647
40
0.27907027099028647
40
0.55216031394498366
40
0.55216031394498366
40
0.55216031394498366
40
0.55216031394498366
10
51.153595513054299
20
21.469426744469899
30
0
10
50.543735823133822
20
22.171856024623196
30
0
10
49.962463366155774
20
22.933836551401726
30
-2.2204460492503131e-15
10
48.978796009806977
20
24.49677144642741
30
0
10
48.646414286678436
20
25.19274257358715
30
0
10
48.458404741089957
20
25.693175179063363
30
0
0
ARC
5
299
100
AcDbEntity
8
0
100
AcDbCircle
10
39.770900922250334
20
67.585413818937724
30
0
40
47.500000000000007
210
-2.7706618165502745e-32
220
-6.8387557705893105e-33
230
1
100
AcDbArc
50
283.86503864663524
51
286.13496135336561
0
SPLINE
5
300
100
AcDbEntity
8
0
100
AcDbSpline
70
0
71
3
72
10
73
6
74
0
42
0.000000001
43
0.0000000001
44
0.0000000001
40
0.050017631539304892
40
0.050017631539304892
40
0.050017631539304892
40
0.050017631539304892
40
0.067773189126989458
40
0.067773189126989458
40
0.51640266305384031
40
0.51640266305384031
40
0.51640266305384031
40
0.51640266305384031
10
53.193421239598536
20
26.961919025986319
30
0
10
53.203126528564539
20
26.903351857281066
30
0
10
53.212450763686959
20
26.844741794865463
30
0
10
53.439863050870578
20
25.30684811891259
30
0
10
53.273822592712776
20
23.518443253110792
30
2.2204460492503131e-15
10
52.971191780328716
20
21.956450196451911
30
0
0
SPLINE
5
301
100
AcDbEntity
8
0
100
AcDbSpline
70
0
71
3
72
14
73
10
74
0
42
0.000000001
43
0.0000000001
44
0.0000000001
40
0
40
0
40
0
40
0
40
0.039064447338693208
40
0.039064447338693208
40
0.078128894677386013
40
0.078128894677386013
40
0.10889172028640179
40
0.10889172028640179
40
0.13965454589541743
40
0.13965454589541743
40
0.13965454589541743
40
0.13965454589541743
10
53.844476530872718
20
28.067445118251968
30
2.2204460492503131e-15
10
53.721808509612082
20
28.023759227283037
30
2.2204460492503131e-15
10
53.608846087429932
20
27.956531204959024
30
2.2204460492503131e-15
10
53.415049073259908
20
27.782559025177932
30
2.2204460492503131e-15
10
53.336067286355032
20
27.677478136581723
30
2.2204460492503131e-15
10
53.234860693708619
20
27.467875381305227
30
2.2204460492503131e-15
10
53.20474109724546
20
27.369222471403852
30
2.2204460492503131e-15
10
53.175552942130963
20
27.166224649798309
30
0
10
53.176657278593112
20
27.063082189268748
30
0
10
53.193421239598528
20
26.96191902598633
30
0
0
ARC
5
302
100
AcDbEntity
8
0
100
AcDbCircle
10
39.770900922250334
20
67.585413818937724
30
0
40
41.949199999999884
210
-1.77581332413889e-17
220
4.9864041174146732e-17
230
1
100
AcDbArc
50
289.60239315920649
51
290.39760684079403
0
SPLINE
5
303
100
AcDbEntity
8
0
100
AcDbSpline
70
0
71
3
72
14
73
10
74
0
42
0.000000001
43
0.0000000001
44
0.0000000001
40
0
40
0
40
0
40
0
40
0.039064447338692701
40
0.039064447338692701
40
0.078128894677385263
40
0.078128894677385263
40
0.10889172028638927
40
0.10889172028638927
40
0.13965454589539328
40
0.13965454589539328
40
0.13965454589539328
40
0.13965454589539328
10
55.600932935569283
20
27.838181621967507
30
0
10
55.534665999031667
20
27.950273520121073
30
0
10
55.44713857026305
20
28.048350352370139
30
0
10
55.239416041279952
20
28.205432983465577
30
0
10
55.121206881660079
20
28.262936986742044
30
0
10
54.896155901397741
20
28.322335182821881
30
0
10
54.793570590270363
20
28.333098112906256
30
0
10
54.588731029609207
20
28.323057278095408
30
0
10
54.4876901407331
20
28.302312989767561
30
0
10
54.391577173232065
20
28.266573467218485
30
0
0
SPLINE
5
304
100
AcDbEntity
8
0
100
AcDbSpline
70
0
71
3
72
10
73
6
74
0
42
0.000000001
43
0.0000000001
44
0.0000000001
40
0
40
0
40
0
40
0
40
0.27907027099028647
40
0.27907027099028647
40
0.55216031394491549
40
0.55216031394491549
40
0.55216031394491549
40
0.55216031394491549
10
58.988623922237224
20
24.14661638282336
30
2.2204460492503131e-15
10
58.266053806915409
20
24.732473160073909
30
0
10
57.561295654778199
20
25.381940587607517
30
0
10
56.32117161952776
20
26.75031894582154
30
0
10
55.872985403691153
20
27.377999227209855
30
0
10
55.600932935569283
20
27.838181621967493
30
0
0
ARC
5
305
100
AcDbEntity
8
0
100
AcDbCircle
10
39.770900922250334
20
67.585413818937724
30
0
40
47.5
210
-1.891276104638567e-17
220
4.2749476410506281e-17
230
1
100
AcDbArc
50
293.86503864663524
51
296.13496135336538
0
SPLINE
5
306
100
AcDbEntity
8
0
100
AcDbSpline
70
0
71
3
72
10
73
6
74
0
42
0.000000001
43
0.0000000001
44
0.0000000001
40
0.050017631539312976
40
0.050017631539312976
40
0.050017631539312976
40
0.050017631539312976
40
0.067773189126989458
40
0.067773189126989458
40
0.51640266305384031
40
0.51640266305384031
40
0.51640266305384031
40
0.51640266305384031
10
60.043698836996782
20
29.909877385192889
30
-2.2204460492503131e-15
10
60.063426762932494
20
29.85388528912268
30
-2.2204460492503131e-15
10
60.082786872503362
20
29.79778478168846
30
-2.2204460492503131e-15
10
60.573796690326738
20
28.322744895550148
30
0
10
60.720832005696401
20
26.532677295205687
30
-2.2204460492503131e-15
10
60.694036083177409
20
24.941863133780444
30
0
0
SPLINE
5
307
100
AcDbEntity
8
0
100
AcDbSpline
70
0
71
3
72
14
73
10
74
0
42
0.000000001
43
0.0000000001
44
0.0000000001
40
0
40
0
40
0
40
0
40
0.039064447338693048
40
0.039064447338693048
40
0.078128894677385693
40
0.078128894677385693
40
0.10889172028640176
40
0.10889172028640176
40
0.13965454589541382
40
0.13965454589541382
40
0.13965454589541382
40
0.13965454589541382
10
60.492890544198033
20
31.111662616903601
30
-2.2204460492503131e-15
10
60.379672101170399
20
31.047339334430227
30
-2.2204460492503131e-15
10
60.280099855571123
20
30.961516938069067
30
-2.2204460492503131e-15
10
60.1194570054896
20
30.756535288264296
30
-2.2204460492503131e-15
10
60.059922234211278
20
30.639335771116436
30
-2.2204460492503131e-15
10
59.996650333604855
20
30.415343012286485
30
0
10
59.984119219516245
20
30.31295864872051
30
0
10
59.99062469985553
20
30.10797635021369
30
0
10
60.009622759276425
20
30.006592621433619
30
-2.2204460492503131e-15
10
60.043698836996775
20
29.909877385192935
30
-2.2204460492503131e-15
0
ARC
5
308
100
AcDbEntity
8
0
100
AcDbCircle
10
39.770900922250334
20
67.585413818937724
30
0
40
41.949199999999927
210
2.6147147176142944e-17
220
-4.602282686868588e-17
230
1
100
AcDbArc
50
299.60239315920643
51
300.39760684079391
0
SPLINE
5
309
100
AcDbEntity
8
0
100
AcDbSpline
70
0
71
3
72
14
73
10
74
0
42
0.000000001
43
0.0000000001
44
0.0000000001
40
0
40
0
40
0
40
0
40
0.039064447338692618
40
0.039064447338692618
40
0.07812889467738568
40
0.07812889467738568
40
0.10889172028638427
40
0.10889172028638427
40
0.13965454589538326
40
0.13965454589538326
40
0.13965454589538326
40
0.13965454589538326
10
62.262473617706377
20
31.190887602107136
30
-2.2204460492503131e-15
10
62.177748870990172
20
31.289769439689287
30
-2.2204460492503131e-15
10
62.074520317346199
20
31.371157285977489
30
-2.2204460492503131e-15
10
61.842676447695482
20
31.489782840325539
30
-2.2204460492503131e-15
10
61.716277685447253
20
31.525886423429903
30
-2.2204460492503131e-15
10
61.484331346755958
20
31.545302534839532
30
-2.2204460492503131e-15
10
61.381435573817058
20
31.538088199499079
30
-2.2204460492503131e-15
10
61.181451559021525
20
31.492629891107732
30
-2.2204460492503131e-15
10
61.08554791615024
20
31.454655188908561
30
-2.2204460492503131e-15
10
60.99710122355156
20
31.402768788356585
30
-2.2204460492503131e-15
0
SPLINE
5
310
100
AcDbEntity
8
0
100
AcDbSpline
70
0
71
3
72
10
73
6
74
0
42
0.000000001
43
0.0000000001
44
0.0000000001
40
0
40
0
40
0
40
0
40
0.27907027099028647
40
0.27907027099028647
40
0.55216031394494614
40
0.55216031394494614
40
0.55216031394494614
40
0.55216031394494614
10
66.239731542702614
20
28.143671900181065
30
0
10
65.426405929295413
20
28.595155212809921
30
2.2204460492503131e-15
10
64.619575801826869
20
29.11237580195937
30
0
10
63.160675628952646
20
30.244620139380523
30
0
10
62.610302831782896
20
30.784937827269193
30
0
10
62.262473617706377
20
31.190887602107153
30
-2.2204460492503131e-15
0
ARC
5
311
100
AcDbEntity
8
0
100
AcDbCircle
10
39.770900922250334
20
67.585413818937724
30
0
40
47.499999999999986
210
-3.2430059587079818e-33
220
-2.1763383473014973e-33
230
1
100
AcDbArc
50
303.86503864663513
51
306.1349613533651
0
SPLINE
5
312
100
AcDbEntity
8
0
100
AcDbSpline
70
0
71
3
72
10
73
6
74
0
42
0.000000001
43
0.0000000001
44
0.0000000001
40
0.050017631539282778
40
0.050017631539282778
40
0.050017631539282778
40
0.050017631539282778
40
0.067773189126989458
40
0.067773189126989458
40
0.51640266305384031
40
0.51640266305384031
40
0.51640266305384031
40
0.51640266305384031
10
66.27799772828601
20
34.002587854197856
30
0
10
66.307148868144751
20
33.950872122268308
30
0
10
66.335956605031512
20
33.898985755345457
30
0
10
67.075644868643082
20
32.531617999555728
30
0
10
67.531288363886148
20
30.794277962887158
30
0
10
67.781141511778571
20
29.222978779999636
30
0
0
SPLINE
5
313
100
AcDbEntity
8
0
100
AcDbSpline
70
0
71
3
72
14
73
10
74
0
42
0.000000001
43
0.0000000001
44
0.0000000001
40
0
40
0
40
0
40
0
40
0.039064447338693208
40
0.039064447338693208
40
0.078128894677385541
40
0.078128894677385541
40
0.10889172028639041
40
0.10889172028639041
40
0.13965454589539475
40
0.13965454589539475
40
0.13965454589539475
40
0.13965454589539475
10
66.511677388693158
20
35.264116589220485
30
-2.2204460492503131e-15
10
66.411348608998622
20
35.181110345631481
30
-2.2204460492503131e-15
10
66.328191992278704
20
35.079301245318426
30
-2.2204460492503131e-15
10
66.205584357996202
20
34.849538389193583
30
-2.2204460492503131e-15
10
66.16730553624366
20
34.723781291516772
30
-2.2204460492503131e-15
10
66.14389081236007
20
34.492204435764663
30
-2.2204460492503131e-15
10
66.149328932206544
20
34.389199515612077
30
-2.2204460492503131e-15
10
66.191330382271389
20
34.188461023618125
30
-2.2204460492503131e-15
10
66.227644918228975
20
34.091916519883902
30
-2.2204460492503131e-15
10
66.27799772828601
20
34.002587854197856
30
0
0
ARC
5
314
100
AcDbEntity
8
0
100
AcDbCircle
10
39.770900922250334
20
67.585413818937724
30
0
40
41.949199999999863
210
3.3741693275044867e-17
220
-4.078323225749419e-17
230
1
100
AcDbArc
50
309.60239315920643
51
310.39760684079397
0
SPLINE
5
315
100
AcDbEntity
8
0
100
AcDbSpline
70
0
71
3
72
14
73
10
74
0
42
0.000000001
43
0.0000000001
44
0.0000000001
40
0
40
0
40
0
40
0
40
0.039064447338693228
40
0.039064447338693228
40
0.078128894677385569
40
0.078128894677385569
40
0.10889172028639389
40
0.10889172028639389
40
0.13965454589540238
40
0.13965454589540238
40
0.13965454589540238
40
0.13965454589540238
10
68.240619244777264
20
35.649422844826013
30
-2.2204460492503131e-15
10
68.140011006438669
20
35.732090147238466
30
-2.2204460492503131e-15
10
68.024217875285686
20
35.794316079040613
30
0
10
67.77529712362805
20
35.870880179199887
30
0
10
67.644549321181543
20
35.884486353028841
30
0
10
67.412755196191853
20
35.863330431048169
30
0
10
67.312675397434347
20
35.838358034211602
30
0
10
67.12362334159711
20
35.758863479937219
30
-2.2204460492503131e-15
10
67.035770928389653
20
35.704812205976914
30
-2.2204460492503131e-15
10
66.957677918691715
20
35.638355469446978
30
-2.2204460492503131e-15
0
SPLINE
5
316
100
AcDbEntity
8
0
100
AcDbSpline
70
0
71
3
72
10
73
6
74
0
42
0.000000001
43
0.0000000001
44
0.0000000001
40
0
40
0
40
0
40
0
40
0.27907027099028647
40
0.27907027099028647
40
0.55216031394490916
40
0.55216031394490916
40
0.55216031394490916
40
0.55216031394490916
10
72.686597138640181
20
33.339144787255762
30
0
10
71.807228514348296
20
33.642536543270303
30
0
10
70.922841536695827
20
34.011794808160531
30
0
10
69.289493169711676
20
34.873502453539416
30
0
10
68.653656590148827
20
35.310040268395653
30
0
10
68.240619244777264
20
35.649422844826006
30
-2.2204460492503131e-15
0
ARC
5
317
100
AcDbEntity
8
0
100
AcDbCircle
10
39.770900922250334
20
67.585413818937724
30
0
40
47.5
210
3.4110964039960365e-32
220
3.2785648239486181e-32
230
1
100
AcDbArc
50
313.86503864663518
51
316.13496135336527
0
SPLINE
5
318
100
AcDbEntity
8
0
100
AcDbSpline
70
0
71
3
72
10
73
6
74
0
42
0.000000001
43
0.0000000001
44
0.0000000001
40
0.050017631539315953
40
0.050017631539315953
40
0.050017631539315953
40
0.050017631539315953
40
0.067773189126989458
40
0.067773189126989458
40
0.51640266305384031
40
0.51640266305384031
40
0.51640266305384031
40
0.51640266305384031
10
71.706891896362407
20
39.115695496410957
30
-2.2204460492503131e-15
10
71.744580507510648
20
39.069827484967519
30
-2.2204460492503131e-15
10
71.781960563205288
20
39.023731799559457
30
-2.2204460492503131e-15
10
72.747852219015442
20
37.805582951456678
30
0
10
73.498259397095651
20
36.17375867634172
30
0
10
74.017169953932594
20
34.669717602548189
30
0
0
SPLINE
5
319
100
AcDbEntity
8
0
100
AcDbSpline
70
0
71
3
72
14
73
10
74
0
42
0.000000001
43
0.0000000001
44
0.0000000001
40
0
40
0
40
0
40
0
40
0.039064447338691584
40
0.039064447338691584
40
0.078128894677384486
40
0.078128894677384486
40
0.10889172028639924
40
0.10889172028639924
40
0.13965454589541745
40
0.13965454589541745
40
0.13965454589541745
40
0.13965454589541745
10
71.717959271741336
20
40.398636822496606
30
0
10
71.63356859458213
20
40.299469720500234
30
0
10
71.569354278461361
20
40.184767334230386
30
0
10
71.488507230903082
20
39.93720449990321
30
-2.2204460492503131e-15
10
71.47264744130527
20
39.80671088747421
30
-2.2204460492503131e-15
10
71.489801338681275
20
39.574586280378341
30
-2.2204460492503131e-15
10
71.513043457943127
20
39.474090556014922
30
-2.2204460492503131e-15
10
71.589264684927144
20
39.283695208034359
30
-2.2204460492503131e-15
10
71.641792298622448
20
39.194923385238006
30
-2.2204460492503131e-15
10
71.706891896362421
20
39.115695496410936
30
-2.2204460492503131e-15
0
CIRCLE
5
320
100
AcDbEntity
8
0
100
AcDbCircle
10
39.770900922250334
20
67.585413818937724
30
0
40
4.9999999999999964
210
1.6171689400949479e-32
220
1.0905412957101506e-31
230
1
0
CIRCLE
5
321
100
AcDbEntity
8
0
100
AcDbCircle
10
70.000000000000014
20
67.000000000000085
30
-1.3322676295501787e-14
40
5.0000000000000009
210
2.9582283945787938e-31
220
1.6763294235946501e-30
230
-1
0
ARC
5
322
100
AcDbEntity
8
0
100
AcDbCircle
10
-70.000000000000014
20
67.000000000000085
30
1.3322676295501878e-14
40
51.949200000000019
210
-3.9295382238939591e-31
220
-1.651146950313646e-30
230
1
100
AcDbArc
50
355.62120229921675
51
356.19697951896507
0
SPLINE
5
323
100
AcDbEntity
8
0
100
AcDbSpline
70
0
71
3
72
14
73
10
74
0
42
0.000000001
43
0.0000000001
44
0.0000000001
40
-0.13553888813705525
40
-0.13553888813705525
40
-0.13553888813705525
40
-0.13553888813705525
40
-0.10683389140721863
40
-0.10683389140721863
40
-0.078128894677381516
40
-0.078128894677381516
40
-0.039064447338690043
40
-0.039064447338690043
40
-0
40
-0
40
-0
40
-0
10
-18.165193534697359
20
63.55439129548656
30
1.3322676295501878e-14
10
-18.158847194644938
20
63.649863920671564
30
1.3322676295501878e-14
10
-18.13883087254295
20
63.743933382663101
30
1.5543122344752192e-14
10
-18.072684191848616
20
63.923504564650166
30
1.5543122344752192e-14
10
-18.02689491878807
20
64.008080325376611
30
1.5543122344752192e-14
10
-17.892080828969128
20
64.189340177403821
30
1.5543122344752192e-14
10
-17.794704661967906
20
64.277646450742722
30
1.5543122344752192e-14
10
-17.57158421494859
20
64.411962749682544
30
1.5543122344752192e-14
10
-17.447973088014059
20
64.456688638257603
30
1.5543122344752192e-14
10
-17.319268757332893
20
64.476464779783683
30
1.5543122344752192e-14
0
SPLINE
5
324
100
AcDbEntity
8
0
100
AcDbSpline
70
0
71
3
72
10
73
6
74
0
42
0.000000001
43
0.0000000001
44
0.0000000001
40
-0.45316526996940715
40
-0.45316526996940715
40
-0.45316526996940715
40
-0.45316526996940715
40
-0.30958686083558257
40
-0.30958686083558257
40
-0
40
-0
40
-0
40
-0
10
-17.319268757332846
20
64.476464779783697
30
1.3322676295501878e-14
10
-16.578380406536493
20
64.590306426003679
30
1.3322676295501878e-14
10
-15.878179329775417
20
64.779458213076069
30
1.3322676295501878e-14
10
-14.430850850028392
20
65.213353759652676
30
1.3322676295501878e-14
10
-13.442951503266547
20
65.604123110280852
30
1.3322676295501878e-14
10
-12.507999004028266
20
66.040926760259978
30
1.3322676295501878e-14
0
ARC
5
325
100
AcDbEntity
8
0
100
AcDbCircle
10
-70.000000000000014
20
67.000000000000085
30
1.3322676295501878e-14
40
57.500000000000028
210
-2.7960394628844913e-32
220
-1.6760962241892193e-30
230
1
100
AcDbArc
50
-0.95571125479535901
51
0.95571125479497387
0
SPLINE
5
326
100
AcDbEntity
8
0
100
AcDbSpline
70
0
71
3
72
10
73
6
74
0
42
0.000000001
43
0.0000000001
44
0.0000000001
40
-0.11638461337929105
40
-0.11638461337929105
40
-0.11638461337929105
40
-0.11638461337929105
40
-0.054682959344880877
40
-0.054682959344880877
40
-0.037556248237509533
40
-0.037556248237509533
40
-0.037556248237509533
40
-0.037556248237509533
10
-12.507999004028266
20
67.959073239740206
30
1.3322676295501878e-14
10
-13.734514075027818
20
68.532093002993946
30
1.3322676295501878e-14
10
-15.067732385484307
20
69.0331713899769
30
1.5543122344752192e-14
10
-16.737897305878704
20
69.423620461170671
30
1.3322676295501878e-14
10
-17.052597420741531
20
69.482559675217587
30
1.5543122344752192e-14
10
-17.319268757332846
20
69.523535220216502
30
1.5543122344752192e-14
0
SPLINE
5
327
100
AcDbEntity
8
0
100
AcDbSpline
70
0
71
3
72
14
73
10
74
0
42
0.000000001
43
0.0000000001
44
0.0000000001
40
-0.13553888813705875
40
-0.13553888813705875
40
-0.13553888813705875
40
-0.13553888813705875
40
-0.1068338914072209
40
-0.1068338914072209
40
-0.078128894677383209
40
-0.078128894677383209
40
-0.039064447338691695
40
-0.039064447338691695
40
-0
40
-0
40
-0
40
-0
10
-17.319268757332846
20
69.523535220216516
30
1.5543122344752192e-14
10
-17.413842151890002
20
69.538066952175072
30
1.5543122344752192e-14
10
-17.505842211899285
20
69.566097396127276
30
1.5543122344752192e-14
10
-17.679060990628237
20
69.647438944322261
30
1.5543122344752192e-14
10
-17.759386506262835
20
69.700330610659279
30
1.5543122344752192e-14
10
-17.928383564036842
20
69.850230468012001
30
1.5543122344752192e-14
10
-18.007990250713128
20
69.954838743245261
30
1.5543122344752192e-14
10
-18.122624873891489
20
70.18868165035974
30
1.3322676295501878e-14
10
-18.156556840915279
20
70.315680616594719
30
1.3322676295501878e-14
10
-18.165193534697359
20
70.445608704513631
30
1.3322676295501878e-14
0
ARC
5
328
100
AcDbEntity
8
0
100
AcDbCircle
10
-70.000000000000014
20
67.000000000000085
30
1.3322676295501878e-14
40
51.949200000000005
210
1.111850664412524e-31
220
-1.6726381011472948e-30
230
1
100
AcDbArc
50
3.8030204810349231
51
4.3787977007832151
0
SPLINE
5
329
100
AcDbEntity
8
0
100
AcDbSpline
70
0
71
3
72
14
73
10
74
0
42
0.000000001
43
0.0000000001
44
0.0000000001
40
-0.1355388881370593
40
-0.1355388881370593
40
-0.1355388881370593
40
-0.1355388881370593
40
-0.10683389140722099
40
-0.10683389140722099
40
-0.078128894677384084
40
-0.078128894677384084
40
-0.039064447338691341
40
-0.039064447338691341
40
-0
40
-0
40
-0
40
-0
10
-18.202435879359182
20
70.966324722977589
30
1.5543122344752192e-14
10
-18.209741307110558
20
71.061728752856553
30
1.5543122344752192e-14
10
-18.203316202576207
20
71.157689343004762
30
1.3322676295501878e-14
10
-18.163398443438723
20
71.344846403444791
30
1.3322676295501878e-14
10
-18.130111624864888
20
71.435077797865475
30
1.3322676295501878e-14
10
-18.022465714621134
20
71.633678731343736
30
1.3322676295501878e-14
10
-17.938647989603886
20
71.734944247605625
30
1.3322676295501878e-14
10
-17.736913789383195
20
71.89964675062339
30
1.3322676295501878e-14
10
-17.620926003087476
20
71.961509091680583
30
1.5543122344752192e-14
10
-17.49634613529927
20
71.999400476606723
30
1.5543122344752192e-14
0
SPLINE
5
330
100
AcDbEntity
8
0
100
AcDbSpline
70
0
71
3
72
10
73
6
74
0
42
0.000000001
43
0.0000000001
44
0.0000000001
40
-0.45316526996940698
40
-0.45316526996940698
40
-0.45316526996940698
40
-0.45316526996940698
40
-0.30958686083558257
40
-0.30958686083558257
40
-0
40
-0
40
-0
40
-0
10
-17.496346135299277
20
71.999400476606752
30
1.3322676295501878e-14
10
-16.779200315111797
20
72.217522784836376
30
1.3322676295501878e-14
10
-16.113045381691879
20
72.504398282448847
30
1.3322676295501878e-14
10
-14.742198393531874
20
73.139853716510544
30
1.3322676295501878e-14
10
-13.819966714623638
20
73.667238334356881
30
1.1102230246251565e-14
10
-12.956694324541383
20
74.232653566720387
30
1.3322676295501878e-14
0
ARC
5
331
100
AcDbEntity
8
0
100
AcDbCircle
10
-70.000000000000014
20
67.000000000000085
30
1.3322676295501878e-14
40
57.500000000000007
210
2.1085756494886914e-31
220
-1.6630151603978197e-30
230
1
100
AcDbArc
50
7.2261069270226939
51
9.137529436613395
0
SPLINE
5
332
100
AcDbEntity
8
0
100
AcDbSpline
70
0
71
3
72
10
73
6
74
0
42
0.000000001
43
0.0000000001
44
0.0000000001
40
-0.11638461337929105
40
-0.11638461337929105
40
-0.11638461337929105
40
-0.11638461337929105
40
-0.054682959344880877
40
-0.054682959344880877
40
-0.037556248237499139
40
-0.037556248237499139
40
-0.037556248237499139
40
-0.037556248237499139
10
-13.229675030553077
20
76.131276080778335
30
1.3322676295501878e-14
10
-14.525255161553401
20
76.523912035099386
30
1.5543122344752192e-14
10
-15.916214121557228
20
76.830153418362627
30
1.5543122344752192e-14
10
-17.624945867662092
20
76.978939030457084
30
1.3322676295501878e-14
10
-17.944830713830555
20
76.99249183233708
30
1.3322676295501878e-14
10
-18.214619148783335
20
76.995099017230586
30
1.3322676295501878e-14
0
SPLINE
5
333
100
AcDbEntity
8
0
100
AcDbSpline
70
0
71
3
72
14
73
10
74
0
42
0.000000001
43
0.0000000001
44
0.0000000001
40
-0.13553888813705894
40
-0.13553888813705894
40
-0.13553888813705894
40
-0.13553888813705894
40
-0.1068338914072232
40
-0.1068338914072232
40
-0.078128894677387595
40
-0.078128894677387595
40
-0.039064447338693888
40
-0.039064447338693888
40
-0
40
-0
40
-0
40
-0
10
-18.21461914878336
20
76.995099017230558
30
1.3322676295501878e-14
10
-18.310298003631004
20
76.996023639759443
30
1.3322676295501878e-14
10
-18.405350783780293
20
77.010675800547432
30
1.3322676295501878e-14
10
-18.58838255437891
20
77.066537806585927
30
1.3322676295501878e-14
10
-18.675417741024916
20
77.107459599256345
30
1.3322676295501878e-14
10
-18.864027626380757
20
77.231782903253205
30
1.3322676295501878e-14
10
-18.957711341541923
20
77.323997204337459
30
1.3322676295501878e-14
10
-19.104458465053156
20
77.539145719973021
30
1.3322676295501878e-14
10
-19.156118890919114
20
77.660022997449815
30
1.1102230246251565e-14
10
-19.183158370430917
20
77.787399475095754
30
1.1102230246251565e-14
0
ARC
5
334
100
AcDbEntity
8
0
100
AcDbCircle
10
-70.000000000000014
20
67.000000000000085
30
1.3322676295501878e-14
40
51.949200000000005
210
4.1810962651847639e-17
220
8.8756314265163633e-18
230
1
100
AcDbArc
50
11.984838662853145
51
12.560615882601391
0
SPLINE
5
335
100
AcDbEntity
8
0
100
AcDbSpline
70
0
71
3
72
14
73
10
74
0
42
0.000000001
43
0.0000000001
44
0.0000000001
40
-0.13553888813704071
40
-0.13553888813704071
40
-0.13553888813704071
40
-0.13553888813704071
40
-0.10683389140722072
40
-0.10683389140722072
40
-0.078128894677398558
40
-0.078128894677398558
40
-0.039064447338711138
40
-0.039064447338711138
40
-0
40
-0
40
-0
40
-0
10
-19.294127257677111
20
78.29751521704479
30
1.7763568394002505e-14
10
-19.314935735790364
20
78.390908500691822
30
1.7763568394002505e-14
10
-19.322232645423483
20
78.486806738108712
30
1.5543122344752192e-14
10
-19.309356418305626
20
78.677739698967429
30
1.5543122344752192e-14
10
-19.289249677853419
20
78.771789876097756
30
1.5543122344752192e-14
10
-19.21096330749231
20
78.983688948739172
30
1.5543122344752192e-14
10
-19.142410311630051
20
79.095852234038603
30
1.5543122344752192e-14
10
-18.966169084771103
20
79.287588073135723
30
1.5543122344752192e-14
10
-18.860165815962119
20
79.365327527807551
30
1.5543122344752192e-14
10
-18.742246497916319
20
79.42056279680645
30
1.5543122344752192e-14
0
SPLINE
5
336
100
AcDbEntity
8
0
100
AcDbSpline
70
0
71
3
72
10
73
6
74
0
42
0.000000001
43
0.0000000001
44
0.0000000001
40
-0.45316526996943213
40
-0.45316526996943213
40
-0.45316526996943213
40
-0.45316526996943213
40
-0.30958686083558257
40
-0.30958686083558257
40
-0
40
-0
40
-0
40
-0
10
-18.742246497916515
20
79.420562796806394
30
1.3322676295501878e-14
10
-18.063442229159214
20
79.738525425863457
30
1.3322676295501878e-14
10
-17.444894432492354
20
80.117284676164772
30
1.3322676295501878e-14
10
-16.178435427402
20
80.941363957576243
30
1.3322676295501878e-14
10
-15.340645393833405
20
81.594627812673068
30
1.3322676295501878e-14
10
-14.566626849297258
20
82.277144403812898
30
1.5543122344752192e-14
0
ARC
5
337
100
AcDbEntity
8
0
100
AcDbCircle
10
-70.000000000000014
20
67.000000000000085
30
1.3322676295501878e-14
40
57.500000000000007
210
-3.7228526097268767e-17
220
-1.0259984857550906e-17
230
1
100
AcDbArc
50
15.407925108840882
51
17.3193476184316
0
SPLINE
5
338
100
AcDbEntity
8
0
100
AcDbSpline
70
0
71
3
72
10
73
6
74
0
42
0.000000001
43
0.0000000001
44
0.0000000001
40
-0.11638461337929105
40
-0.11638461337929105
40
-0.11638461337929105
40
-0.11638461337929105
40
-0.054682959344880877
40
-0.054682959344880877
40
-0.037556248237495066
40
-0.037556248237495066
40
-0.037556248237495066
40
-0.037556248237495066
10
-15.1070311613576
20
84.117592473237565
30
1.5543122344752192e-14
10
-16.445302077036104
20
84.321851682864519
30
1.5543122344752192e-14
10
-17.865685773355978
20
84.427021870972027
30
1.3322676295501878e-14
10
-19.578199494395925
20
84.331115177967163
30
1.3322676295501878e-14
10
-19.896757138874015
20
84.299005671716913
30
1.3322676295501878e-14
10
-20.164170557658309
20
84.263191421739222
30
1.5543122344752192e-14
0
SPLINE
5
339
100
AcDbEntity
8
0
100
AcDbSpline
70
0
71
3
72
14
73
10
74
0
42
0.000000001
43
0.0000000001
44
0.0000000001
40
-0.13553888813704026
40
-0.13553888813704026
40
-0.13553888813704026
40
-0.13553888813704026
40
-0.10683389140721102
40
-0.10683389140721102
40
-0.078128894677383529
40
-0.078128894677383529
40
-0.039064447338691625
40
-0.039064447338691625
40
-0
40
-0
40
-0
40
-0
10
-20.164170557658299
20
84.263191421739236
30
1.5543122344752192e-14
10
-20.259007127226745
20
84.250490112190178
30
1.5543122344752192e-14
10
-20.355177627021792
20
84.251465714073646
30
1.5543122344752192e-14
10
-20.544296390460666
20
84.280710988605406
30
1.5543122344752192e-14
10
-20.636269462706718
20
84.308829857919193
30
1.5543122344752192e-14
10
-20.840652622284512
20
84.405045744609581
30
1.5543122344752192e-14
10
-20.946506235651388
20
84.482988854298853
30
1.5543122344752192e-14
10
-21.122378511244566
20
84.67506317511419
30
1.3322676295501878e-14
10
-21.190715738658401
20
84.787358051044663
30
1.3322676295501878e-14
10
-21.235607558072481
20
84.909589900656158
30
1.3322676295501878e-14
0
ARC
5
340
100
AcDbEntity
8
0
100
AcDbCircle
10
-70.000000000000014
20
67.000000000000085
30
1.3322676295501878e-14
40
51.949200000000005
210
5.099275578775264e-31
220
-1.3884353403526288e-30
230
1
100
AcDbArc
50
20.166656844671323
51
20.742434064419452
0
SPLINE
5
341
100
AcDbEntity
8
0
100
AcDbSpline
70
0
71
3
72
14
73
10
74
0
42
0.000000001
43
0.0000000001
44
0.0000000001
40
-0.13553888813705245
40
-0.13553888813705245
40
-0.13553888813705245
40
-0.13553888813705245
40
-0.10683389140723167
40
-0.10683389140723167
40
-0.078128894677397934
40
-0.078128894677397934
40
-0.039064447338727222
40
-0.039064447338727222
40
-0
40
-0
40
-0
40
-0
10
-21.418043981366566
20
85.398720880636489
30
1.7763568394002505e-14
10
-21.451931909234023
20
85.488202200120611
30
1.7763568394002505e-14
10
-21.472802288997002
20
85.582085873240104
30
1.5543122344752192e-14
10
-21.487229716750818
20
85.772907890039789
30
1.5543122344752192e-14
10
-21.48071236967273
20
85.868862259491777
30
1.5543122344752192e-14
10
-21.4333792239354
20
86.089745817243838
30
1.5543122344752192e-14
10
-21.38148649853332
20
86.210523550544238
30
1.5543122344752192e-14
10
-21.234326008177121
20
86.425389536957042
30
1.7763568394002505e-14
10
-21.140465177719896
20
86.517423554128527
30
1.7763568394002505e-14
10
-21.0316069066807
20
86.588878276408707
30
1.7763568394002505e-14
0
SPLINE
5
342
100
AcDbEntity
8
0
100
AcDbSpline
70
0
71
3
72
10
73
6
74
0
42
0.000000001
43
0.0000000001
44
0.0000000001
40
-0.45316526996942041
40
-0.45316526996942041
40
-0.45316526996942041
40
-0.45316526996942041
40
-0.30958686083558257
40
-0.30958686083558257
40
-0
40
-0
40
-0
40
-0
10
-21.031606906680807
20
86.588878276408593
30
1.5543122344752192e-14
10
-20.404962686755486
20
87.000208424093032
30
1.5543122344752192e-14
10
-19.846613876237935
20
87.46314098099937
30
1.3322676295501878e-14
10
-18.710324307394774
20
88.459068232039442
30
1.3322676295501878e-14
10
-17.974030908262321
20
89.224912756154353
30
1.3322676295501878e-14
10
-17.305022994753863
20
90.010636636490219
30
1.3322676295501878e-14
0
ARC
5
343
100
AcDbEntity
8
0
100
AcDbCircle
10
-70.000000000000014
20
67.000000000000085
30
1.3322676295501878e-14
40
57.500000000000028
210
5.9191929282956224e-31
220
-1.3555111063356041e-30
230
1
100
AcDbArc
50
23.589743290659051
51
25.501165800249776
0
SPLINE
5
344
100
AcDbEntity
8
0
100
AcDbSpline
70
0
71
3
72
10
73
6
74
0
42
0.000000001
43
0.0000000001
44
0.0000000001
40
-0.11638461337929105
40
-0.11638461337929105
40
-0.11638461337929105
40
-0.11638461337929105
40
-0.054682959344880877
40
-0.054682959344880877
40
-0.037556248237500318
40
-0.037556248237500318
40
-0.037556248237500318
40
-0.037556248237500318
10
-18.101849839466659
20
91.755444046002054
30
1.5543122344752192e-14
10
-19.455568203234765
20
91.767168382461861
30
1.3322676295501878e-14
10
-20.876461719861965
20
91.669126413669545
30
1.5543122344752192e-14
10
-22.557895574958195
20
91.330479799262875
30
1.5543122344752192e-14
10
-22.868641102748573
20
91.253361641833607
30
1.5543122344752192e-14
10
-23.128235739314427
20
91.179855031834393
30
1.5543122344752192e-14
0
SPLINE
5
345
100
AcDbEntity
8
0
100
AcDbSpline
70
0
71
3
72
14
73
10
74
0
42
0.000000001
43
0.0000000001
44
0.0000000001
40
-0.13553888813706111
40
-0.13553888813706111
40
-0.13553888813706111
40
-0.13553888813706111
40
-0.10683389140721698
40
-0.10683389140721698
40
-0.07812889467737337
40
-0.07812889467737337
40
-0.039064447338686914
40
-0.039064447338686914
40
-0
40
-0
40
-0
40
-0
10
-23.128235739314462
20
91.179855031834563
30
1.5543122344752192e-14
10
-23.220299424533451
20
91.153786352242349
30
1.5543122344752192e-14
10
-23.315629889931301
20
91.141065534780324
30
1.5543122344752192e-14
10
-23.506985733560455
20
91.143098728352271
30
1.5543122344752192e-14
10
-23.602024384884139
20
91.157842255218299
30
1.5543122344752192e-14
10
-23.818020166947313
20
91.223992046612949
30
1.3322676295501878e-14
10
-23.933888804208337
20
91.286077267963307
30
1.3322676295501878e-14
10
-24.135305979526123
20
91.451167314683218
30
1.3322676295501878e-14
10
-24.218928859605995
20
91.552593789225142
30
1.3322676295501878e-14
10
-24.28075915093639
20
91.667192722831615
30
1.3322676295501878e-14
0
ARC
5
346
100
AcDbEntity
8
0
100
AcDbCircle
10
-70.000000000000014
20
67.000000000000085
30
1.3322676295501878e-14
40
51.949200000000005
210
6.555100360744646e-31
220
-1.2149506251081279e-30
230
1
100
AcDbArc
50
28.348475026489528
51
28.924252246237849
0
SPLINE
5
347
100
AcDbEntity
8
0
100
AcDbSpline
70
0
71
3
72
14
73
10
74
0
42
0.000000001
43
0.0000000001
44
0.0000000001
40
-0.13553888813706705
40
-0.13553888813706705
40
-0.13553888813706705
40
-0.13553888813706705
40
-0.10683389140723325
40
-0.10683389140723325
40
-0.07812889467739928
40
-0.07812889467739928
40
-0.039064447338699633
40
-0.039064447338699633
40
-0
40
-0
40
-0
40
-0
10
-24.530949230803305
20
92.125381644628149
30
1.3322676295501878e-14
10
-24.577226747938312
20
92.209129418327493
30
1.3322676295501878e-14
10
-24.611245737084442
20
92.299087326303066
30
1.3322676295501878e-14
10
-24.652683118886234
20
92.485913813066887
30
1.3322676295501878e-14
10
-24.65988783957437
20
92.581819020588028
30
1.3322676295501878e-14
10
-24.64447148481068
20
92.80719051119064
30
1.3322676295501878e-14
10
-24.610295416111747
20
92.934124006136415
30
1.3322676295501878e-14
10
-24.495211425466337
20
93.167746088004009
30
1.3322676295501878e-14
10
-24.415403769196047
20
93.272201120489314
30
1.3322676295501878e-14
10
-24.317822585640599
20
93.358420683963473
30
1.3322676295501878e-14
0
SPLINE
5
348
100
AcDbEntity
8
0
100
AcDbSpline
70
0
71
3
72
10
73
6
74
0
42
0.000000001
43
0.0000000001
44
0.0000000001
40
-0.45316526996940643
40
-0.45316526996940643
40
-0.45316526996940643
40
-0.45316526996940643
40
-0.30958686083558257
40
-0.30958686083558257
40
-0
40
-0
40
-0
40
-0
10
-24.317822585640485
20
93.358420683963331
30
1.3322676295501878e-14
10
-23.75609508377245
20
93.854744854647066
30
1.3322676295501878e-14
10
-23.269311631040999
20
94.392426746286461
30
1.3322676295501878e-14
10
-22.286323077278148
20
95.539927760140955
30
1.5543122344752192e-14
10
-21.666515122893351
20
96.402762567276227
30
1.5543122344752192e-14
10
-21.116136912272108
20
97.275698664445059
30
1.5543122344752192e-14
0
ARC
5
349
100
AcDbEntity
8
0
100
AcDbCircle
10
-70.000000000000014
20
67.000000000000085
30
1.3322676295501878e-14
40
57.500000000000007
210
-3.2829937441281262e-17
220
-2.0332871225032493e-17
230
1
100
AcDbArc
50
31.771561472477241
51
33.682983982067945
0
SPLINE
5
350
100
AcDbEntity
8
0
100
AcDbSpline
70
0
71
3
72
10
73
6
74
0
42
0.000000001
43
0.0000000001
44
0.0000000001
40
-0.11638461337929105
40
-0.11638461337929105
40
-0.11638461337929105
40
-0.11638461337929105
40
-0.054682959344880877
40
-0.054682959344880877
40
-0.037556248237498695
40
-0.037556248237498695
40
-0.037556248237498695
40
-0.037556248237498695
10
-22.153165192937863
20
98.889346166795491
30
1.3322676295501878e-14
10
-23.49477320271065
20
98.708296956407992
30
1.3322676295501878e-14
10
-24.887251245165174
20
98.409038682470765
30
1.3322676295501878e-14
10
-26.503376089882885
20
97.834546015155411
30
1.3322676295501878e-14
10
-26.799983618155963
20
97.713989109841961
30
1.3322676295501878e-14
10
-27.046474874312079
20
97.604286522425241
30
1.3322676295501878e-14
0
SPLINE
5
351
100
AcDbEntity
8
0
100
AcDbSpline
70
0
71
3
72
14
73
10
74
0
42
0.000000001
43
0.0000000001
44
0.0000000001
40
-0.13553888813706949
40
-0.13553888813706949
40
-0.13553888813706949
40
-0.13553888813706949
40
-0.10683389140724076
40
-0.10683389140724076
40
-0.078128894677412963
40
-0.078128894677412963
40
-0.039064447338706329
40
-0.039064447338706329
40
-0
40
-0
40
-0
40
-0
10
-27.046474874311937
20
97.604286522424928
30
1.3322676295501878e-14
10
-27.133891524040081
20
97.565381155930325
30
1.3322676295501878e-14
10
-27.226441301675514
20
97.539222878282601
30
1.3322676295501878e-14
10
-27.416138772343139
20
97.514002600936962
30
1.3322676295501878e-14
10
-27.512308289872223
20
97.515070649665063
30
1.3322676295501878e-14
10
-27.735519643178357
20
97.549807726771419
30
1.3322676295501878e-14
10
-27.859044553016545
20
97.594771183715196
30
1.3322676295501878e-14
10
-28.081906355208766
20
97.729516199068939
30
1.3322676295501878e-14
10
-28.17911256726476
20
97.818009521690442
30
1.3322676295501878e-14
10
-28.256622644083869
20
97.922642635479804
30
1.3322676295501878e-14
0
ARC
5
352
100
AcDbEntity
8
0
100
AcDbCircle
10
-70.000000000000014
20
67.000000000000085
30
1.3322676295501878e-14
40
51.949200000000019
210
7.0435147782594522e-31
220
-9.5082460696132814e-31
230
1
100
AcDbArc
50
36.530293208307597
51
37.106070428055901
0
SPLINE
5
353
100
AcDbEntity
8
0
100
AcDbSpline
70
0
71
3
72
14
73
10
74
0
42
0.000000001
43
0.0000000001
44
0.0000000001
40
-0.13553888813703144
40
-0.13553888813703144
40
-0.13553888813703144
40
-0.13553888813703144
40
-0.10683389140719973
40
-0.10683389140719973
40
-0.078128894677367278
40
-0.078128894677367278
40
-0.039064447338678122
40
-0.039064447338678122
40
-0
40
-0
40
-0
40
-0
10
-28.569473231986173
20
98.340562093952542
30
1.3322676295501878e-14
10
-28.627198261593172
20
98.416871458703156
30
1.3322676295501878e-14
10
-28.673673331606075
20
98.501072317945585
30
1.3322676295501878e-14
10
-28.741277121857848
20
98.680100026166087
30
1.3322676295501878e-14
10
-28.762057242975647
20
98.774003718299014
30
1.3322676295501878e-14
10
-28.778871511711401
20
98.999275228121078
30
1.3322676295501878e-14
10
-28.763107825918659
20
99.12978048480096
30
1.3322676295501878e-14
10
-28.682443113158662
20
99.377402790246791
30
1.3322676295501878e-14
10
-28.618313284811016
20
99.492152434808105
30
1.5543122344752192e-14
10
-28.533995660235576
20
99.591381657800596
30
1.5543122344752192e-14
0
SPLINE
5
354
100
AcDbEntity
8
0
100
AcDbSpline
70
0
71
3
72
10
73
6
74
0
42
0.000000001
43
0.0000000001
44
0.0000000001
40
-0.45316526996941731
40
-0.45316526996941731
40
-0.45316526996941731
40
-0.45316526996941731
40
-0.30958686083558257
40
-0.30958686083558257
40
-0
40
-0
40
-0
40
-0
10
-28.533995660235636
20
99.591381657800767
30
1.5543122344752192e-14
10
-28.048620028474485
20
100.16259612264945
30
1.5543122344752192e-14
10
-27.643311440859044
20
100.76408169625475
30
1.5543122344752192e-14
10
-26.833634714426164
20
102.03979666140131
30
1.5543122344752192e-14
10
-26.342929707361733
20
102.98205692309378
30
1.3322676295501878e-14
10
-25.922385312836276
20
103.92443477549705
30
1.5543122344752192e-14
0
ARC
5
355
100
AcDbEntity
8
0
100
AcDbCircle
10
-70.000000000000014
20
67.000000000000085
30
1.3322676295501878e-14
40
57.500000000000007
210
-2.9602106734968e-17
220
-2.4798099151018773e-17
230
1
100
AcDbArc
50
39.953379654295425
51
41.864802163886139
0
SPLINE
5
356
100
AcDbEntity
8
0
100
AcDbSpline
70
0
71
3
72
10
73
6
74
0
42
0.000000001
43
0.0000000001
44
0.0000000001
40
-0.11638461337929105
40
-0.11638461337929105
40
-0.11638461337929105
40
-0.11638461337929105
40
-0.054682959344880877
40
-0.054682959344880877
40
-0.037556248237492228
40
-0.037556248237492228
40
-0.037556248237492228
40
-0.037556248237492228
10
-27.178504124203258
20
105.37407316091334
30
1.5543122344752192e-14
10
-28.480690509779755
20
105.00393604349922
30
1.3322676295501878e-14
10
-29.816406240692324
20
104.50955349988489
30
1.3322676295501878e-14
10
-31.334322433712355
20
103.71090979366726
30
1.3322676295501878e-14
10
-31.610753888538014
20
103.5493683314043
30
1.5543122344752192e-14
10
-31.839123913131196
20
103.40570299489377
30
1.5543122344752192e-14
0
SPLINE
5
357
100
AcDbEntity
8
0
100
AcDbSpline
70
0
71
3
72
14
73
10
74
0
42
0.000000001
43
0.0000000001
44
0.0000000001
40
-0.13553888813701237
40
-0.13553888813701237
40
-0.13553888813701237
40
-0.13553888813701237
40
-0.10683389140718147
40
-0.10683389140718147
40
-0.078128894677350541
40
-0.078128894677350541
40
-0.039064447338675007
40
-0.039064447338675007
40
-0
40
-0
40
-0
40
-0
10
-31.839123913131434
20
103.40570299489413
30
1.5543122344752192e-14
10
-31.920113976469086
20
103.35475294256504
30
1.5543122344752192e-14
10
-32.007999019760987
20
103.31568971183019
30
1.5543122344752192e-14
10
-32.192176424006746
20
103.26372937568433
30
1.5543122344752192e-14
10
-32.287519073694398
20
103.25110020388239
30
1.5543122344752192e-14
10
-32.513402058778446
20
103.25371741998401
30
1.5543122344752192e-14
10
-32.642068630245753
20
103.28064378620169
30
1.5543122344752192e-14
10
-32.881838235699846
20
103.38230075024904
30
1.5543122344752192e-14
10
-32.990648941573959
20
103.45605945209513
30
1.5543122344752192e-14
10
-33.082260922238241
20
103.54859671760748
30
1.5543122344752192e-14
0
ARC
5
358
100
AcDbEntity
8
0
100
AcDbCircle
10
-70.000000000000014
20
67.000000000000085
30
1.3322676295501878e-14
40
51.949199999999998
210
-3.0375091412071118e-17
220
-3.007136932036657e-17
230
1
100
AcDbArc
50
44.712111390125976
51
45.287888609874102
0
SPLINE
5
359
100
AcDbEntity
8
0
100
AcDbSpline
70
0
71
3
72
14
73
10
74
0
42
0.000000001
43
0.0000000001
44
0.0000000001
40
-0.13553888813709292
40
-0.13553888813709292
40
-0.13553888813709292
40
-0.13553888813709292
40
-0.10683389140724192
40
-0.10683389140724192
40
-0.078128894677388733
40
-0.078128894677388733
40
-0.039064447338699376
40
-0.039064447338699376
40
-0
40
-0
40
-0
40
-0
10
-33.451403282392675
20
103.91773907776191
30
1.5543122344752192e-14
10
-33.519400709334164
20
103.98505659495561
30
1.5543122344752192e-14
10
-33.577385761811442
20
104.06178631878598
30
1.3322676295501878e-14
10
-33.669779742296932
20
104.22937076059723
30
1.3322676295501878e-14
10
-33.703712240503371
20
104.3193613289661
30
1.3322676295501878e-14
10
-33.752414842715396
20
104.53994697969713
30
1.3322676295501878e-14
10
-33.755384443012829
20
104.67136728743122
30
1.3322676295501878e-14
10
-33.710781109072087
20
104.92794894040037
30
1.1102230246251565e-14
10
-33.663634607017123
20
105.05065722518522
30
1.3322676295501878e-14
10
-33.594297005105958
20
105.16087608686944
30
1.3322676295501878e-14
0
SPLINE
5
360
100
AcDbEntity
8
0
100
AcDbSpline
70
0
71
3
72
10
73
6
74
0
42
0.000000001
43
0.0000000001
44
0.0000000001
40
-0.4531652699693916
40
-0.4531652699693916
40
-0.4531652699693916
40
-0.4531652699693916
40
-0.30958686083558257
40
-0.30958686083558257
40
-0
40
-0
40
-0
40
-0
10
-33.594297005106021
20
105.16087608686938
30
1.5543122344752192e-14
10
-33.195154091606192
20
105.79535256662459
30
1.5543122344752192e-14
10
-32.879571283137928
20
106.44839731045862
30
1.5543122344752192e-14
10
-32.259689067270379
20
107.82635634906492
30
1.5543122344752192e-14
10
-31.908076346393777
20
108.82886036364071
30
1.5543122344752192e-14
10
-31.625926839086734
20
109.82149587579683
30
1.5543122344752192e-14
0
ARC
5
361
100
AcDbEntity
8
0
100
AcDbCircle
10
-70.000000000000014
20
67.000000000000085
30
1.3322676295501878e-14
40
57.500000000000007
210
-2.5771662500957323e-17
220
-2.8758509290103093e-17
230
1
100
AcDbArc
50
48.135197836113605
51
50.046620345704305
0
SPLINE
5
362
100
AcDbEntity
8
0
100
AcDbSpline
70
0
71
3
72
10
73
6
74
0
42
0.000000001
43
0.0000000001
44
0.0000000001
40
-0.11638461337929105
40
-0.11638461337929105
40
-0.11638461337929105
40
-0.11638461337929105
40
-0.054682959344880877
40
-0.054682959344880877
40
-0.037556248237493241
40
-0.037556248237493241
40
-0.037556248237493241
40
-0.037556248237493241
10
-33.075565224503038
20
111.07761468716382
30
1.3322676295501878e-14
10
-34.311821226268357
20
110.52592458704632
30
1.3322676295501878e-14
10
-35.563583325243656
20
109.84648197666129
30
1.3322676295501878e-14
10
-36.95239047018481
20
108.83994531430181
30
1.3322676295501878e-14
10
-37.20301850430522
20
108.640707813414
30
1.5543122344752192e-14
10
-37.408618342199411
20
108.46600433976435
30
1.5543122344752192e-14
0
SPLINE
5
363
100
AcDbEntity
8
0
100
AcDbSpline
70
0
71
3
72
14
73
10
74
0
42
0.000000001
43
0.0000000001
44
0.0000000001
40
-0.13553888813702869
40
-0.13553888813702869
40
-0.13553888813702869
40
-0.13553888813702869
40
-0.10683389140720433
40
-0.10683389140720433
40
-0.078128894677379768
40
-0.078128894677379768
40
-0.039064447338689821
40
-0.039064447338689821
40
-0
40
-0
40
-0
40
-0
10
-37.40861834219946
20
108.46600433976441
30
1.5543122344752192e-14
10
-37.481533095013134
20
108.40404679773853
30
1.5543122344752192e-14
10
-37.562964317919636
20
108.35287382864534
30
1.5543122344752192e-14
10
-37.737872334916801
20
108.27523119630202
30
1.5543122344752192e-14
10
-37.830447215360849
20
108.24916189748846
30
1.5543122344752192e-14
10
-38.054403506039364
20
108.21960597361296
30
1.5543122344752192e-14
10
-38.185592458784619
20
108.2279471059376
30
1.5543122344752192e-14
10
-38.437388849772262
20
108.29444657604517
30
1.5543122344752192e-14
10
-38.555588977277175
20
108.35196914264885
30
1.5543122344752192e-14
10
-38.659437906047536
20
108.43052676801391
30
1.5543122344752192e-14
0
ARC
5
364
100
AcDbEntity
8
0
100
AcDbCircle
10
-70.000000000000014
20
67.000000000000085
30
1.3322676295501878e-14
40
51.949200000000005
210
-2.5786314717277425e-17
220
-3.4088112361864234e-17
230
1
100
AcDbArc
50
52.893929571944049
51
53.46970679169231
0
SPLINE
5
365
100
AcDbEntity
8
0
100
AcDbSpline
70
0
71
3
72
14
73
10
74
0
42
0.000000001
43
0.0000000001
44
0.0000000001
40
-0.13553888813707363
40
-0.13553888813707363
40
-0.13553888813707363
40
-0.13553888813707363
40
-0.10683389140722853
40
-0.10683389140722853
40
-0.078128894677384805
40
-0.078128894677384805
40
-0.039064447338691986
40
-0.039064447338691986
40
-0
40
-0
40
-0
40
-0
10
-39.077357364520203
20
108.74337735591615
30
1.5543122344752192e-14
10
-39.154242957271983
20
108.80033263503046
30
1.5543122344752192e-14
10
-39.222557583760242
20
108.8680292275418
30
1.5543122344752192e-14
10
-39.337860879478981
20
109.02075886698198
30
1.5543122344752192e-14
10
-39.384254986963839
20
109.10500436312601
30
1.5543122344752192e-14
10
-39.463854478117931
20
109.31641366703353
30
1.5543122344752192e-14
10
-39.485496912007186
20
109.44607368734127
30
1.5543122344752192e-14
10
-39.477862952139503
20
109.7063914252996
30
1.5543122344752192e-14
10
-39.448659543199746
20
109.83456036349116
30
1.5543122344752192e-14
10
-39.395713477574759
20
109.95352512568813
30
1.5543122344752192e-14
0
SPLINE
5
366
100
AcDbEntity
8
0
100
AcDbSpline
70
0
71
3
72
10
73
6
74
0
42
0.000000001
43
0.0000000001
44
0.0000000001
40
-0.45316526996939771
40
-0.45316526996939771
40
-0.45316526996939771
40
-0.45316526996939771
40
-0.30958686083558257
40
-0.30958686083558257
40
-0
40
-0
40
-0
40
-0
10
-39.395713477574773
20
109.95352512568816
30
1.5543122344752192e-14
10
-39.090928681022845
20
110.63834750890189
30
1.3322676295501878e-14
10
-38.871496007615406
20
111.32965731520527
30
1.3322676295501878e-14
10
-38.454027316635504
20
112.78180915495113
30
1.5543122344752192e-14
10
-38.248664702976434
20
113.82414883165636
30
1.5543122344752192e-14
10
-38.110653833204594
20
114.84683480706222
30
1.3322676295501878e-14
0
ARC
5
367
100
AcDbEntity
8
0
100
AcDbCircle
10
-70.000000000000014
20
67.000000000000085
30
1.3322676295501878e-14
40
57.500000000000007
210
5.7437278679349345e-31
220
-3.8281262910501278e-31
230
1
100
AcDbArc
50
56.317016017931785
51
58.228438527522485
0
SPLINE
5
368
100
AcDbEntity
8
0
100
AcDbSpline
70
0
71
3
72
10
73
6
74
0
42
0.000000001
43
0.0000000001
44
0.0000000001
40
-0.11638461337929105
40
-0.11638461337929105
40
-0.11638461337929105
40
-0.11638461337929105
40
-0.054682959344880877
40
-0.054682959344880877
40
-0.037556248237510879
40
-0.037556248237510879
40
-0.037556248237510879
40
-0.037556248237510879
10
-39.724301335555026
20
115.88386308772797
30
1.5543122344752192e-14
10
-40.869460346381132
20
115.16185082440262
30
1.3322676295501878e-14
10
-42.011786546867853
20
114.31117963944368
30
1.3322676295501878e-14
10
-43.243212535247935
20
113.11724020477618
30
1.5543122344752192e-14
10
-43.462935084639732
20
112.88436256622825
30
1.5543122344752192e-14
10
-43.641579316036385
20
112.68217741436001
30
1.5543122344752192e-14
0
SPLINE
5
369
100
AcDbEntity
8
0
100
AcDbSpline
70
0
71
3
72
14
73
10
74
0
42
0.000000001
43
0.0000000001
44
0.0000000001
40
-0.13553888813711773
40
-0.13553888813711773
40
-0.13553888813711773
40
-0.13553888813711773
40
-0.10683389140725652
40
-0.10683389140725652
40
-0.078128894677395463
40
-0.078128894677395463
40
-0.039064447338697635
40
-0.039064447338697635
40
-0
40
-0
40
-0
40
-0
10
-43.641579316036314
20
112.68217741435991
30
1.5543122344752192e-14
10
-43.704934424227552
20
112.61047365952189
30
1.5543122344752192e-14
10
-43.778254121878589
20
112.54823268615029
30
1.5543122344752192e-14
10
-43.940332128794388
20
112.44648833770098
30
1.5543122344752192e-14
10
-44.028254682393012
20
112.40750960762188
30
1.5543122344752192e-14
10
-44.245725174424507
20
112.34638221714705
30
1.5543122344752192e-14
10
-44.376765879687497
20
112.33596831417839
30
1.5543122344752192e-14
10
-44.635463207808968
20
112.36595655290338
30
1.5543122344752192e-14
10
-44.760646543209681
20
112.40607199069002
30
1.5543122344752192e-14
10
-44.87461835537195
20
112.4690507691968
30
1.5543122344752192e-14
0
ARC
5
370
100
AcDbEntity
8
0
100
AcDbCircle
10
-70.000000000000014
20
67.000000000000085
30
1.3322676295501878e-14
40
51.949200000000005
210
-2.0672603016431023e-17
220
-3.7410919737672942e-17
230
1
100
AcDbArc
50
61.075747753762194
51
61.65152497351054
0
SPLINE
5
371
100
AcDbEntity
8
0
100
AcDbSpline
70
0
71
3
72
14
73
10
74
0
42
0.000000001
43
0.0000000001
44
0.0000000001
40
-0.13553888813705287
40
-0.13553888813705287
40
-0.13553888813705287
40
-0.13553888813705287
40
-0.10683389140722269
40
-0.10683389140722269
40
-0.078128894677392785
40
-0.078128894677392785
40
-0.039064447338695192
40
-0.039064447338695192
40
-0
40
-0
40
-0
40
-0
10
-45.332807277168527
20
112.71924084906372
30
1.3322676295501878e-14
10
-45.417015866781881
20
112.76467444486136
30
1.3322676295501878e-14
10
-45.494269378488916
20
112.82195979865092
30
1.5543122344752192e-14
10
-45.63013474684729
20
112.95672550069683
30
1.5543122344752192e-14
10
-45.688046013371704
20
113.03351092925853
30
1.5543122344752192e-14
10
-45.796921977373955
20
113.23144020256902
30
1.5543122344752192e-14
10
-45.836796667312697
20
113.35670043134554
30
1.5543122344752192e-14
10
-45.866287486926524
20
113.61545493584261
30
1.5543122344752192e-14
10
-45.85562166829223
20
113.74647537746807
30
1.3322676295501878e-14
10
-45.820144968165685
20
113.87176426068555
30
1.3322676295501878e-14
0
SPLINE
5
372
100
AcDbEntity
8
0
100
AcDbSpline
70
0
71
3
72
10
73
6
74
0
42
0.000000001
43
0.0000000001
44
0.0000000001
40
-0.45316526996941725
40
-0.45316526996941725
40
-0.45316526996941725
40
-0.45316526996941725
40
-0.30958686083558257
40
-0.30958686083558257
40
-0
40
-0
40
-0
40
-0
10
-45.820144968165728
20
113.87176426068544
30
1.3322676295501878e-14
10
-45.615922828091996
20
114.59299153849986
30
1.3322676295501878e-14
10
-45.497107306185107
20
115.3084933331896
30
1.3322676295501878e-14
10
-45.290550598760916
20
116.80527635027792
30
1.5543122344752192e-14
10
-45.235618682916574
20
117.86623265915425
30
1.3322676295501878e-14
10
-45.24455595399801
20
118.89815016053342
30
1.3322676295501878e-14
0
ARC
5
373
100
AcDbEntity
8
0
100
AcDbCircle
10
-70.000000000000014
20
67.000000000000085
30
1.3322676295501878e-14
40
57.5
210
3.5600366708636684e-31
220
-1.6981393042848897e-31
230
1
100
AcDbArc
50
64.498834199749965
51
66.410256709340672
0
SPLINE
5
374
100
AcDbEntity
8
0
100
AcDbSpline
70
0
71
3
72
10
73
6
74
0
42
0.000000001
43
0.0000000001
44
0.0000000001
40
-0.11638461337929105
40
-0.11638461337929105
40
-0.11638461337929105
40
-0.11638461337929105
40
-0.054682959344880877
40
-0.054682959344880877
40
-0.037556248237501151
40
-0.037556248237501151
40
-0.037556248237501151
40
-0.037556248237501151
10
-46.989363363509852
20
119.69497700524622
30
1.3322676295501878e-14
10
-48.020113248302216
20
118.81734066628289
30
1.3322676295501878e-14
10
-49.029749083055179
20
117.81275811894267
30
1.5543122344752192e-14
10
-50.078725632890539
20
116.45572107581957
30
1.5543122344752192e-14
10
-50.263069780076023
20
116.19394401676844
30
1.5543122344752192e-14
10
-50.411121723591336
20
115.96839309331952
30
1.5543122344752192e-14
0
SPLINE
5
375
100
AcDbEntity
8
0
100
AcDbSpline
70
0
71
3
72
14
73
10
74
0
42
0.000000001
43
0.0000000001
44
0.0000000001
40
-0.1355388881370678
40
-0.1355388881370678
40
-0.1355388881370678
40
-0.1355388881370678
40
-0.10683389140722438
40
-0.10683389140722438
40
-0.078128894677380767
40
-0.078128894677380767
40
-0.039064447338690376
40
-0.039064447338690376
40
-0
40
-0
40
-0
40
-0
10
-50.411121723591386
20
115.96839309331955
30
1.5543122344752192e-14
10
-50.463627459858387
20
115.88840280734155
30
1.5543122344752192e-14
10
-50.527343054646238
20
115.8163608764214
30
1.5543122344752192e-14
10
-50.673291610653955
20
115.69258603339429
30
1.3322676295501878e-14
10
-50.754771987763462
20
115.64149136658878
30
1.3322676295501878e-14
10
-50.961329609063064
20
115.55003688690792
30
1.3322676295501878e-14
10
-51.089554455974749
20
115.52107994567913
30
1.3322676295501878e-14
10
-51.349886389650898
20
115.51394647896005
30
1.3322676295501878e-14
10
-51.479504561237533
20
115.53583815329964
30
1.3322676295501878e-14
10
-51.601279119363582
20
115.58195601863352
30
1.3322676295501878e-14
0
ARC
5
376
100
AcDbEntity
8
0
100
AcDbCircle
10
-70.000000000000014
20
67.000000000000085
30
1.3322676295501878e-14
40
51.949199999999998
210
3.4581023807512954e-31
220
-1.3096356280036238e-31
230
1
100
AcDbArc
50
69.257565935580402
51
69.83334315532872
0
SPLINE
5
377
100
AcDbEntity
8
0
100
AcDbSpline
70
0
71
3
72
14
73
10
74
0
42
0.000000001
43
0.0000000001
44
0.0000000001
40
-0.13553888813706289
40
-0.13553888813706289
40
-0.13553888813706289
40
-0.13553888813706289
40
-0.10683389140722635
40
-0.10683389140722635
40
-0.078128894677390023
40
-0.078128894677390023
40
-0.039064447338693735
40
-0.039064447338693735
40
-0
40
-0
40
-0
40
-0
10
-52.090410099343956
20
115.76439244192761
30
1.5543122344752192e-14
10
-52.18022744177194
20
115.79737945741782
30
1.7763568394002505e-14
10
-52.264847179980165
20
115.84308740787984
30
1.5543122344752192e-14
10
-52.418508793881813
20
115.95714573147022
30
1.5543122344752192e-14
10
-52.486758313061671
20
116.02490796255501
30
1.5543122344752192e-14
10
-52.62269434925728
20
116.20532793604481
30
1.5543122344752192e-14
10
-52.67998956154738
20
116.32363843625293
30
1.5543122344752192e-14
10
-52.746004812599729
20
116.5755622117635
30
1.5543122344752192e-14
10
-52.754093709580808
20
116.70676695846304
30
1.5543122344752192e-14
10
-52.73680857826092
20
116.83582944234197
30
1.5543122344752192e-14
0
SPLINE
5
378
100
AcDbEntity
8
0
100
AcDbSpline
70
0
71
3
72
10
73
6
74
0
42
0.000000001
43
0.0000000001
44
0.0000000001
40
-0.45316526996940809
40
-0.45316526996940809
40
-0.45316526996940809
40
-0.45316526996940809
40
-0.30958686083558257
40
-0.30958686083558257
40
-0
40
-0
40
-0
40
-0
10
-52.736808578260835
20
116.835829442342
30
1.5543122344752192e-14
10
-52.637306468509664
20
117.5787795072285
30
1.3322676295501878e-14
10
-52.621526839493299
20
118.3039077371011
30
1.3322676295501878e-14
10
-52.630087014527625
20
119.81485174566964
30
1.3322676295501878e-14
10
-52.726704051894075
20
120.87282667581376
30
1.3322676295501878e-14
10
-52.88240752676252
20
121.89296883864247
30
1.3322676295501878e-14
0
ARC
5
379
100
AcDbEntity
8
0
100
AcDbCircle
10
-70.000000000000014
20
67.000000000000085
30
1.3322676295501878e-14
40
57.500000000000007
210
2.1180774662763256e-31
220
-6.6049236653679699e-32
230
1
100
AcDbArc
50
72.680652381568152
51
74.592074891158859
0
SPLINE
5
380
100
AcDbEntity
8
0
100
AcDbSpline
70
0
71
3
72
10
73
6
74
0
42
0.000000001
43
0.0000000001
44
0.0000000001
40
-0.11638461337929105
40
-0.11638461337929105
40
-0.11638461337929105
40
-0.11638461337929105
40
-0.054682959344880877
40
-0.054682959344880877
40
-0.037556248237499389
40
-0.037556248237499389
40
-0.037556248237499389
40
-0.037556248237499389
10
-54.722855596187188
20
122.43337315070283
30
1.5543122344752192e-14
10
-55.618213259728648
20
121.41797888106863
30
1.5543122344752192e-14
10
-56.474605454701596
20
120.27993537503411
30
1.5543122344752192e-14
10
-57.31977842843601
20
118.78742608428185
30
1.3322676295501878e-14
10
-57.46499145818278
20
118.50207863074709
30
1.3322676295501878e-14
10
-57.579437203193535
20
118.2577535020839
30
1.3322676295501878e-14
0
SPLINE
5
381
100
AcDbEntity
8
0
100
AcDbSpline
70
0
71
3
72
14
73
10
74
0
42
0.000000001
43
0.0000000001
44
0.0000000001
40
-0.13553888813705806
40
-0.13553888813705806
40
-0.13553888813705806
40
-0.13553888813705806
40
-0.10683389140721851
40
-0.10683389140721851
40
-0.078128894677378477
40
-0.078128894677378477
40
-0.039064447338689294
40
-0.039064447338689294
40
-0
40
-0
40
-0
40
-0
10
-57.579437203193621
20
118.25775350208396
30
1.3322676295501878e-14
10
-57.620024702160052
20
118.1711050565155
30
1.3322676295501878e-14
10
-57.672839128315459
20
118.09072873400852
30
1.3322676295501878e-14
10
-57.799687141695742
20
117.94744309527042
30
1.3322676295501878e-14
10
-57.873066636808218
20
117.88527263180978
30
1.3322676295501878e-14
10
-58.064506469869322
20
117.76535281239626
30
1.3322676295501878e-14
10
-58.187305170316549
20
117.71844231272587
30
1.3322676295501878e-14
10
-58.443972102113058
20
117.67433235737387
30
1.3322676295501878e-14
10
-58.575386457700077
20
117.67755461690724
30
1.3322676295501878e-14
10
-58.70248478295531
20
117.70587274232297
30
1.3322676295501878e-14
0
ARC
5
382
100
AcDbEntity
8
0
100
AcDbCircle
10
-70.000000000000014
20
67.000000000000085
30
1.3322676295501878e-14
40
51.949199999999976
210
1.2030948224278068e-31
220
-2.6805538153336942e-32
230
1
100
AcDbArc
50
77.439384117398589
51
78.015161337146836
0
SPLINE
5
383
100
AcDbEntity
8
0
100
AcDbSpline
70
0
71
3
72
14
73
10
74
0
42
0.000000001
43
0.0000000001
44
0.0000000001
40
-0.13553888813705042
40
-0.13553888813705042
40
-0.13553888813705042
40
-0.13553888813705042
40
-0.10683389140721697
40
-0.10683389140721697
40
-0.078128894677382876
40
-0.078128894677382876
40
-0.039064447338692583
40
-0.039064447338692583
40
-0
40
-0
40
-0
40
-0
10
-59.212600524904332
20
117.81684162956915
30
1.5543122344752192e-14
10
-59.306198198066909
20
117.83671054424325
30
1.5543122344752192e-14
10
-59.396461548929565
20
117.86991060931717
30
1.3322676295501878e-14
10
-59.564791301038909
20
117.96093965590069
30
1.3322676295501878e-14
10
-59.641989709479063
20
118.01829924589376
30
1.3322676295501878e-14
10
-59.802218552178218
20
118.17753708919091
30
1.3322676295501878e-14
10
-59.875767921523213
20
118.28648940022562
30
1.3322676295501878e-14
10
-59.976963723874945
20
118.52645400516847
30
1.3322676295501878e-14
10
-60.003642669855253
20
118.65517210666253
30
1.5543122344752192e-14
10
-60.004900982769477
20
118.78538085121667
30
1.5543122344752192e-14
0
SPLINE
5
384
100
AcDbEntity
8
0
100
AcDbSpline
70
0
71
3
72
10
73
6
74
0
42
0.000000001
43
0.0000000001
44
0.0000000001
40
-0.45316526996941486
40
-0.45316526996941486
40
-0.45316526996941486
40
-0.45316526996941486
40
-0.30958686083558257
40
-0.30958686083558257
40
-0
40
-0
40
-0
40
-0
10
-60.004900982769513
20
118.78538085121664
30
1.5543122344752192e-14
10
-60.012144479354831
20
119.53492938234527
30
1.5543122344752192e-14
10
-60.099721970971245
20
120.25492252773788
30
1.5543122344752192e-14
10
-60.323224767985913
20
121.74926906497498
30
1.5543122344752192e-14
10
-60.569423914302867
20
122.78272529775683
30
1.5543122344752192e-14
10
-60.868723919221772
20
123.770324969447
30
1.3322676295501878e-14
0
ARC
5
385
100
AcDbEntity
8
0
100
AcDbCircle
10
-70.000000000000014
20
67.000000000000085
30
1.3322676295501878e-14
40
57.5
210
-2.2179490651651717e-44
220
3.5674809432616284e-45
230
1
100
AcDbArc
50
80.862470563386353
51
82.77389307297706
0
SPLINE
5
386
100
AcDbEntity
8
0
100
AcDbSpline
70
0
71
3
72
10
73
6
74
0
42
0.000000001
43
0.0000000001
44
0.0000000001
40
-0.11638461337929105
40
-0.11638461337929105
40
-0.11638461337929105
40
-0.11638461337929105
40
-0.054682959344880877
40
-0.054682959344880877
40
-0.037556248237496412
40
-0.037556248237496412
40
-0.037556248237496412
40
-0.037556248237496412
10
-62.767346433279712
20
124.04330567545871
30
1.3322676295501878e-14
10
-63.509084975538855
20
122.91082397432808
30
1.3322676295501878e-14
10
-64.194799855273303
20
121.66248679353571
30
1.3322676295501878e-14
10
-64.818963968439121
20
120.06488844027258
30
1.3322676295501878e-14
10
-64.922089762221603
20
119.76177944353415
30
1.1102230246251565e-14
10
-65.00059952339339
20
119.50365386470069
30
1.3322676295501878e-14
0
SPLINE
5
387
100
AcDbEntity
8
0
100
AcDbSpline
70
0
71
3
72
14
73
10
74
0
42
0.000000001
43
0.0000000001
44
0.0000000001
40
-0.13553888813704859
40
-0.13553888813704859
40
-0.13553888813704859
40
-0.13553888813704859
40
-0.1068338914072203
40
-0.1068338914072203
40
-0.078128894677391744
40
-0.078128894677391744
40
-0.039064447338695962
40
-0.039064447338695962
40
-0
40
-0
40
-0
40
-0
10
-65.000599523393319
20
119.50365386470067
30
1.3322676295501878e-14
10
-65.028442540624923
20
119.41211117202008
30
1.3322676295501878e-14
10
-65.069280648735614
20
119.32503668806638
30
1.1102230246251565e-14
10
-65.174445859735499
20
119.16515713602037
30
1.1102230246251565e-14
10
-65.238230677939427
20
119.09317648725589
30
1.1102230246251565e-14
10
-65.410655559827802
20
118.94723254981274
30
1.1102230246251565e-14
10
-65.52552828639169
20
118.88332345419529
30
1.1102230246251565e-14
10
-65.773305217743555
20
118.80313496169877
30
1.3322676295501878e-14
10
-65.903840540018933
20
118.78762221051402
30
1.5543122344752192e-14
10
-66.033675277022496
20
118.7975641206409
30
1.5543122344752192e-14
0
ARC
5
388
100
AcDbEntity
8
0
100
AcDbCircle
10
-70.000000000000014
20
67.000000000000085
30
1.3322676295501878e-14
40
51.949199999999969
210
-3.2634034217707962e-18
220
-4.2617879219880681e-17
230
1
100
AcDbArc
50
85.621202299216762
51
86.196979518965009
0
SPLINE
5
389
100
AcDbEntity
8
0
100
AcDbSpline
70
0
71
3
72
14
73
10
74
0
42
0.000000001
43
0.0000000001
44
0.0000000001
40
-0.13553888813705761
40
-0.13553888813705761
40
-0.13553888813705761
40
-0.13553888813705761
40
-0.1068338914072211
40
-0.1068338914072211
40
-0.078128894677384153
40
-0.078128894677384153
40
-0.039064447338692916
40
-0.039064447338692916
40
-0
40
-0
40
-0
40
-0
10
-66.554391295486468
20
118.83480646530272
30
1.5543122344752192e-14
10
-66.649863920671464
20
118.84115280535514
30
1.5543122344752192e-14
10
-66.743933382663016
20
118.86116912745713
30
1.3322676295501878e-14
10
-66.923504564650059
20
118.92731580815146
30
1.3322676295501878e-14
10
-67.008080325376511
20
118.97310508121201
30
1.3322676295501878e-14
10
-67.189340177403722
20
119.10791917103096
30
1.3322676295501878e-14
10
-67.277646450742608
20
119.20529533803217
30
1.3322676295501878e-14
10
-67.411962749682445
20
119.42841578505151
30
1.3322676295501878e-14
10
-67.456688638257489
20
119.55202691198606
30
1.3322676295501878e-14
10
-67.476464779783555
20
119.68073124266724
30
1.3322676295501878e-14
0
SPLINE
5
390
100
AcDbEntity
8
0
100
AcDbSpline
70
0
71
3
72
10
73
6
74
0
42
0.000000001
43
0.0000000001
44
0.0000000001
40
-0.45316526996940798
40
-0.45316526996940798
40
-0.45316526996940798
40
-0.45316526996940798
40
-0.30958686083558257
40
-0.30958686083558257
40
-0
40
-0
40
-0
40
-0
10
-67.476464779783598
20
119.68073124266721
30
1.3322676295501878e-14
10
-67.590306426003494
20
120.42161959346357
30
1.5543122344752192e-14
10
-67.779458213075984
20
121.12182067022465
30
1.5543122344752192e-14
10
-68.213353759652591
20
122.56914914997169
30
1.3322676295501878e-14
10
-68.604123110280767
20
123.55704849673353
30
1.3322676295501878e-14
10
-69.040926760259893
20
124.49200099597184
30
1.5543122344752192e-14
0
ARC
5
391
100
AcDbEntity
8
0
100
AcDbCircle
10
-70.000000000000014
20
67.000000000000085
30
1.3322676295501878e-14
40
57.500000000000028
210
-6.4410446461201268e-19
220
-3.8611080975425458e-17
230
1
100
AcDbArc
50
89.04428874520454
51
90.955711254795233
0
SPLINE
5
392
100
AcDbEntity
8
0
100
AcDbSpline
70
0
71
3
72
10
73
6
74
0
42
0.000000001
43
0.0000000001
44
0.0000000001
40
-0.11638461337929105
40
-0.11638461337929105
40
-0.11638461337929105
40
-0.11638461337929105
40
-0.054682959344880877
40
-0.054682959344880877
40
-0.037556248237498237
40
-0.037556248237498237
40
-0.037556248237498237
40
-0.037556248237498237
10
-70.959073239740121
20
124.49200099597184
30
1.3322676295501878e-14
10
-71.532093002993861
20
123.26548592497227
30
1.3322676295501878e-14
10
-72.033171389976815
20
121.93226761451578
30
1.5543122344752192e-14
10
-72.423620461170643
20
120.26210269412113
30
1.5543122344752192e-14
10
-72.482559675217502
20
119.94740257925847
30
1.3322676295501878e-14
10
-72.523535220216417
20
119.68073124266716
30
1.3322676295501878e-14
0
SPLINE
5
393
100
AcDbEntity
8
0
100
AcDbSpline
70
0
71
3
72
14
73
10
74
0
42
0.000000001
43
0.0000000001
44
0.0000000001
40
-0.135538888137053
40
-0.135538888137053
40
-0.135538888137053
40
-0.135538888137053
40
-0.1068338914072168
40
-0.1068338914072168
40
-0.078128894677382099
40
-0.078128894677382099
40
-0.039064447338690987
40
-0.039064447338690987
40
-0
40
-0
40
-0
40
-0
10
-72.523535220216459
20
119.68073124266718
30
1.3322676295501878e-14
10
-72.538066952175015
20
119.58615784811003
30
1.3322676295501878e-14
10
-72.566097396127219
20
119.49415778810076
30
1.3322676295501878e-14
10
-72.647438944322204
20
119.32093900937183
30
1.3322676295501878e-14
10
-72.700330610659208
20
119.24061349373724
30
1.3322676295501878e-14
10
-72.850230468011929
20
119.07161643596324
30
1.5543122344752192e-14
10
-72.95483874324519
20
118.99200974928695
30
1.5543122344752192e-14
10
-73.188681650359669
20
118.8773751261086
30
1.3322676295501878e-14
10
-73.315680616594648
20
118.8434431590848
30
1.3322676295501878e-14
10
-73.445608704513546
20
118.83480646530272
30
1.3322676295501878e-14
0
ARC
5
394
100
AcDbEntity
8
0
100
AcDbCircle
10
-70.000000000000014
20
67.000000000000085
30
1.3322676295501878e-14
40
51.949199999999976
210
-4.1201012050319338e-31
220
-2.7387497983690749e-32
230
1
100
AcDbArc
50
93.803020481034977
51
94.37879770078321
0
SPLINE
5
395
100
AcDbEntity
8
0
100
AcDbSpline
70
0
71
3
72
14
73
10
74
0
42
0.000000001
43
0.0000000001
44
0.0000000001
40
-0.13553888813705586
40
-0.13553888813705586
40
-0.13553888813705586
40
-0.13553888813705586
40
-0.10683389140722069
40
-0.10683389140722069
40
-0.078128894677385291
40
-0.078128894677385291
40
-0.03906444733869379
40
-0.03906444733869379
40
-0
40
-0
40
-0
40
-0
10
-73.966324722977504
20
118.7975641206409
30
1.5543122344752192e-14
10
-74.061728752856453
20
118.79025869288952
30
1.5543122344752192e-14
10
-74.157689343004648
20
118.7966837974239
30
1.1102230246251565e-14
10
-74.344846403444663
20
118.83660155656136
30
1.1102230246251565e-14
10
-74.435077797865347
20
118.86988837513519
30
1.1102230246251565e-14
10
-74.633678731343593
20
118.97753428537895
30
1.1102230246251565e-14
10
-74.734944247605483
20
119.06135201039619
30
1.1102230246251565e-14
10
-74.899646750623262
20
119.26308621061688
30
1.1102230246251565e-14
10
-74.961509091680483
20
119.37907399691257
30
1.3322676295501878e-14
10
-74.999400476606624
20
119.50365386470079
30
1.3322676295501878e-14
0
SPLINE
5
396
100
AcDbEntity
8
0
100
AcDbSpline
70
0
71
3
72
10
73
6
74
0
42
0.000000001
43
0.0000000001
44
0.0000000001
40
-0.45316526996941203
40
-0.45316526996941203
40
-0.45316526996941203
40
-0.45316526996941203
40
-0.30958686083558257
40
-0.30958686083558257
40
-0
40
-0
40
-0
40
-0
10
-74.999400476606638
20
119.50365386470075
30
1.3322676295501878e-14
10
-75.217522784836405
20
120.22079968488823
30
1.5543122344752192e-14
10
-75.504398282448747
20
120.88695461830821
30
1.3322676295501878e-14
10
-76.139853716510444
20
122.25780160646822
30
1.3322676295501878e-14
10
-76.667238334356796
20
123.18003328537644
30
1.3322676295501878e-14
10
-77.232653566720288
20
124.04330567545871
30
1.5543122344752192e-14
0
ARC
5
397
100
AcDbEntity
8
0
100
AcDbCircle
10
-70.000000000000014
20
67.000000000000085
30
1.3322676295501878e-14
40
57.5
210
4.8573813346900048e-18
220
-3.830974146638948e-17
230
1
100
AcDbArc
50
97.226106927022684
51
99.137529436613391
0
SPLINE
5
398
100
AcDbEntity
8
0
100
AcDbSpline
70
0
71
3
72
10
73
6
74
0
42
0.000000001
43
0.0000000001
44
0.0000000001
40
-0.11638461337929105
40
-0.11638461337929105
40
-0.11638461337929105
40
-0.11638461337929105
40
-0.054682959344880877
40
-0.054682959344880877
40
-0.037556248237496474
40
-0.037556248237496474
40
-0.037556248237496474
40
-0.037556248237496474
10
-79.131276080778235
20
123.77032496944702
30
1.3322676295501878e-14
10
-79.523912035099301
20
122.47474483844668
30
1.5543122344752192e-14
10
-79.830153418362528
20
121.08378587844287
30
1.5543122344752192e-14
10
-79.978939030456985
20
119.37505413233792
30
1.3322676295501878e-14
10
-79.992491832336952
20
119.05516928616942
30
1.3322676295501878e-14
10
-79.995099017230501
20
118.78538085121662
30
1.3322676295501878e-14
0
SPLINE
5
399
100
AcDbEntity
8
0
100
AcDbSpline
70
0
71
3
72
14
73
10
74
0
42
0.000000001
43
0.0000000001
44
0.0000000001
40
-0.13553888813704462
40
-0.13553888813704462
40
-0.13553888813704462
40
-0.13553888813704462
40
-0.1068338914072125
40
-0.1068338914072125
40
-0.078128894677379809
40
-0.078128894677379809
40
-0.039064447338690085
40
-0.039064447338690085
40
-0
40
-0
40
-0
40
-0
10
-79.995099017230572
20
118.78538085121662
30
1.3322676295501878e-14
10
-79.996023639759457
20
118.689701996369
30
1.3322676295501878e-14
10
-80.010675800547446
20
118.59464921621969
30
1.3322676295501878e-14
10
-80.066537806585941
20
118.41161744562112
30
1.3322676295501878e-14
10
-80.107459599256345
20
118.32458225897511
30
1.3322676295501878e-14
10
-80.23178290325319
20
118.1359723736193
30
1.3322676295501878e-14
10
-80.323997204337445
20
118.04228865845813
30
1.3322676295501878e-14
10
-80.539145719972979
20
117.8955415349469
30
1.3322676295501878e-14
10
-80.660022997449786
20
117.84388110908097
30
1.3322676295501878e-14
10
-80.787399475095683
20
117.81684162956915
30
1.3322676295501878e-14
0
ARC
5
400
100
AcDbEntity
8
0
100
AcDbCircle
10
-70.000000000000014
20
67.000000000000085
30
1.3322676295501878e-14
40
51.94919999999999
210
-6.1492116460260351e-31
220
-1.3053546886313268e-31
230
1
100
AcDbArc
50
101.98483866285318
51
102.56061588260145
0
SPLINE
5
401
100
AcDbEntity
8
0
100
AcDbSpline
70
0
71
3
72
14
73
10
74
0
42
0.000000001
43
0.0000000001
44
0.0000000001
40
-0.13553888813706583
40
-0.13553888813706583
40
-0.13553888813706583
40
-0.13553888813706583
40
-0.10683389140722852
40
-0.10683389140722852
40
-0.07812889467739273
40
-0.07812889467739273
40
-0.039064447338693756
40
-0.039064447338693756
40
-0
40
-0
40
-0
40
-0
10
-81.297515217044747
20
117.70587274232297
30
1.5543122344752192e-14
10
-81.390908500691836
20
117.68506426420969
30
1.5543122344752192e-14
10
-81.486806738108783
20
117.67776735457657
30
1.3322676295501878e-14
10
-81.677739698967585
20
117.69064358169446
30
1.3322676295501878e-14
10
-81.771789876097955
20
117.71075032214668
30
1.3322676295501878e-14
10
-81.983688948739456
20
117.78903669250782
30
1.3322676295501878e-14
10
-82.095852234038915
20
117.85758968837014
30
1.3322676295501878e-14
10
-82.287588073135979
20
118.03383091522909
30
1.3322676295501878e-14
10
-82.365327527807693
20
118.13983418403815
30
1.3322676295501878e-14
10
-82.42056279680655
20
118.2577535020839
30
1.3322676295501878e-14
0
SPLINE
5
402
100
AcDbEntity
8
0
100
AcDbSpline
70
0
71
3
72
10
73
6
74
0
42
0.000000001
43
0.0000000001
44
0.0000000001
40
-0.45316526996940604
40
-0.45316526996940604
40
-0.45316526996940604
40
-0.45316526996940604
40
-0.30958686083558257
40
-0.30958686083558257
40
-0
40
-0
40
-0
40
-0
10
-82.420562796806479
20
118.25775350208394
30
1.3322676295501878e-14
10
-82.73852542586306
20
118.93655777084129
30
1.3322676295501878e-14
10
-83.117284676164758
20
119.55510556750779
30
1.5543122344752192e-14
10
-83.941363957576186
20
120.82156457259808
30
1.5543122344752192e-14
10
-84.594627812672996
20
121.65935460616667
30
1.5543122344752192e-14
10
-85.277144403812827
20
122.43337315070283
30
1.3322676295501878e-14
0
ARC
5
403
100
AcDbEntity
8
0
100
AcDbCircle
10
-70.000000000000014
20
67.000000000000085
30
1.3322676295501878e-14
40
57.500000000000007
210
-6.4167878528489768e-31
220
-1.7684327881346522e-31
230
1
100
AcDbArc
50
105.4079251088409
51
107.31934761843161
0
SPLINE
5
404
100
AcDbEntity
8
0
100
AcDbSpline
70
0
71
3
72
10
73
6
74
0
42
0.000000001
43
0.0000000001
44
0.0000000001
40
-0.11638461337929105
40
-0.11638461337929105
40
-0.11638461337929105
40
-0.11638461337929105
40
-0.054682959344880877
40
-0.054682959344880877
40
-0.037556248237495343
40
-0.037556248237495343
40
-0.037556248237495343
40
-0.037556248237495343
10
-87.117592473237494
20
121.89296883864247
30
1.3322676295501878e-14
10
-87.321851682864462
20
120.55469792296398
30
1.3322676295501878e-14
10
-87.427021870971956
20
119.13431422664411
30
1.3322676295501878e-14
10
-87.331115177967092
20
117.42180050560415
30
1.3322676295501878e-14
10
-87.299005671716913
20
117.10324286112606
30
1.3322676295501878e-14
10
-87.263191421739151
20
116.83582944234178
30
1.5543122344752192e-14
0
SPLINE
5
405
100
AcDbEntity
8
0
100
AcDbSpline
70
0
71
3
72
14
73
10
74
0
42
0.000000001
43
0.0000000001
44
0.0000000001
40
-0.13553888813704049
40
-0.13553888813704049
40
-0.13553888813704049
40
-0.13553888813704049
40
-0.10683389140721126
40
-0.10683389140721126
40
-0.078128894677382668
40
-0.078128894677382668
40
-0.039064447338691653
40
-0.039064447338691653
40
-0
40
-0
40
-0
40
-0
10
-87.26319142173918
20
116.83582944234178
30
1.5543122344752192e-14
10
-87.250490112190121
20
116.74099287277335
30
1.5543122344752192e-14
10
-87.251465714073575
20
116.6448223729783
30
1.5543122344752192e-14
10
-87.280710988605364
20
116.45570360953941
30
1.5543122344752192e-14
10
-87.308829857919136
20
116.36373053729336
30
1.5543122344752192e-14
10
-87.405045744609538
20
116.15934737771555
30
1.5543122344752192e-14
10
-87.482988854298782
20
116.0534937643487
30
1.5543122344752192e-14
10
-87.675063175114119
20
115.87762148875552
30
1.5543122344752192e-14
10
-87.787358051044606
20
115.80928426134167
30
1.5543122344752192e-14
10
-87.909589900656101
20
115.76439244192761
30
1.3322676295501878e-14
0
ARC
5
406
100
AcDbEntity
8
0
100
AcDbCircle
10
-70.000000000000014
20
67.000000000000085
30
1.3322676295501878e-14
40
51.949199999999998
210
-7.6363943719394578e-31
220
-2.8046015683263994e-31
230
1
100
AcDbArc
50
110.16665684467134
51
110.74243406441957
0
SPLINE
5
407
100
AcDbEntity
8
0
100
AcDbSpline
70
0
71
3
72
14
73
10
74
0
42
0.000000001
43
0.0000000001
44
0.0000000001
40
-0.13553888813704321
40
-0.13553888813704321
40
-0.13553888813704321
40
-0.13553888813704321
40
-0.10683389140721083
40
-0.10683389140721083
40
-0.078128894677378824
40
-0.078128894677378824
40
-0.039064447338688392
40
-0.039064447338688392
40
-0
40
-0
40
-0
40
-0
10
-88.398720880636418
20
115.58195601863352
30
1.3322676295501878e-14
10
-88.488202200120568
20
115.54806809076607
30
1.3322676295501878e-14
10
-88.582085873240089
20
115.52719771100305
30
1.5543122344752192e-14
10
-88.772907890039789
20
115.5127702832492
30
1.5543122344752192e-14
10
-88.868862259491777
20
115.51928763032726
30
1.5543122344752192e-14
10
-89.089745817243923
20
115.56662077606454
30
1.5543122344752192e-14
10
-89.210523550544394
20
115.61851350146661
30
1.5543122344752192e-14
10
-89.425389536957169
20
115.76567399182269
30
1.5543122344752192e-14
10
-89.517423554128385
20
115.85953482228027
30
1.7763568394002505e-14
10
-89.588878276408494
20
115.96839309331935
30
1.7763568394002505e-14
0
SPLINE
5
408
100
AcDbEntity
8
0
100
AcDbSpline
70
0
71
3
72
10
73
6
74
0
42
0.000000001
43
0.0000000001
44
0.0000000001
40
-0.4531652699694157
40
-0.4531652699694157
40
-0.4531652699694157
40
-0.4531652699694157
40
-0.30958686083558257
40
-0.30958686083558257
40
-0
40
-0
40
-0
40
-0
10
-89.588878276408565
20
115.96839309331934
30
1.5543122344752192e-14
10
-90.000208424093188
20
116.59503731324452
30
1.5543122344752192e-14
10
-90.463140980999327
20
117.15338612376216
30
1.5543122344752192e-14
10
-91.459068232039371
20
118.2896756926053
30
1.3322676295501878e-14
10
-92.224912756154282
20
119.02596909173775
30
1.3322676295501878e-14
10
-93.010636636490162
20
119.69497700524622
30
1.3322676295501878e-14
0
ARC
5
409
100
AcDbEntity
8
0
100
AcDbCircle
10
-70.000000000000014
20
67.000000000000085
30
1.3322676295501878e-14
40
57.500000000000028
210
-8.1330666380138758e-31
220
-3.551515756977486e-31
230
1
100
AcDbArc
50
113.58974329065909
51
115.50116580024979
0
SPLINE
5
410
100
AcDbEntity
8
0
100
AcDbSpline
70
0
71
3
72
10
73
6
74
0
42
0.000000001
43
0.0000000001
44
0.0000000001
40
-0.11638461337929105
40
-0.11638461337929105
40
-0.11638461337929105
40
-0.11638461337929105
40
-0.054682959344880877
40
-0.054682959344880877
40
-0.037556248237502969
40
-0.037556248237502969
40
-0.037556248237502969
40
-0.037556248237502969
10
-94.755444046001998
20
118.89815016053342
30
1.5543122344752192e-14
10
-94.76716838246179
20
117.54443179676531
30
1.5543122344752192e-14
10
-94.669126413669474
20
116.12353828013811
30
1.5543122344752192e-14
10
-94.330479799262804
20
114.44210442504195
30
1.5543122344752192e-14
10
-94.253361641833436
20
114.13135889725166
30
1.3322676295501878e-14
10
-94.179855031834364
20
113.87176426068578
30
1.3322676295501878e-14
0
SPLINE
5
411
100
AcDbEntity
8
0
100
AcDbSpline
70
0
71
3
72
14
73
10
74
0
42
0.000000001
43
0.0000000001
44
0.0000000001
40
-0.13553888813707485
40
-0.13553888813707485
40
-0.13553888813707485
40
-0.13553888813707485
40
-0.1068338914072241
40
-0.1068338914072241
40
-0.07812889467737319
40
-0.07812889467737319
40
-0.03906444733868656
40
-0.03906444733868656
40
-0
40
-0
40
-0
40
-0
10
-94.179855031834521
20
113.87176426068572
30
1.3322676295501878e-14
10
-94.153786352242292
20
113.77970057546673
30
1.3322676295501878e-14
10
-94.141065534780267
20
113.68437011006884
30
1.3322676295501878e-14
10
-94.1430987283522
20
113.49301426643967
30
1.3322676295501878e-14
10
-94.157842255218242
20
113.39797561511595
30
1.3322676295501878e-14
10
-94.223992046612892
20
113.18197983305275
30
1.3322676295501878e-14
10
-94.286077267963236
20
113.06611119579172
30
1.5543122344752192e-14
10
-94.451167314683175
20
112.86469402047395
30
1.5543122344752192e-14
10
-94.552593789225071
20
112.78107114039408
30
1.5543122344752192e-14
10
-94.667192722831558
20
112.71924084906368
30
1.5543122344752192e-14
0
ARC
5
412
100
AcDbEntity
8
0
100
AcDbCircle
10
-70.000000000000014
20
67.000000000000085
30
1.3322676295501878e-14
40
51.94919999999999
210
2.0295615402041449e-17
220
-3.7616770549131134e-17
230
1
100
AcDbArc
50
118.34847502648957
51
118.92425224623778
0
SPLINE
5
413
100
AcDbEntity
8
0
100
AcDbSpline
70
0
71
3
72
14
73
10
74
0
42
0.000000001
43
0.0000000001
44
0.0000000001
40
-0.13553888813706311
40
-0.13553888813706311
40
-0.13553888813706311
40
-0.13553888813706311
40
-0.10683389140722173
40
-0.10683389140722173
40
-0.078128894677381017
40
-0.078128894677381017
40
-0.039064447338690557
40
-0.039064447338690557
40
-0
40
-0
40
-0
40
-0
10
-95.12538164462805
20
112.4690507691968
30
1.7763568394002505e-14
10
-95.209129418327421
20
112.42277325206177
30
1.7763568394002505e-14
10
-95.299087326303024
20
112.38875426291564
30
1.5543122344752192e-14
10
-95.485913813066901
20
112.34731688111387
30
1.5543122344752192e-14
10
-95.581819020588057
20
112.34011216042576
30
1.5543122344752192e-14
10
-95.807190511190669
20
112.35552851518952
30
1.5543122344752192e-14
10
-95.934124006136386
20
112.38970458388847
30
1.5543122344752192e-14
10
-96.167746088003895
20
112.50478857453393
30
1.5543122344752192e-14
10
-96.272201120489157
20
112.58459623080421
30
1.7763568394002505e-14
10
-96.358420683963274
20
112.68217741435967
30
1.7763568394002505e-14
0
SPLINE
5
414
100
AcDbEntity
8
0
100
AcDbSpline
70
0
71
3
72
10
73
6
74
0
42
0.000000001
43
0.0000000001
44
0.0000000001
40
-0.45316526996940271
40
-0.45316526996940271
40
-0.45316526996940271
40
-0.45316526996940271
40
-0.30958686083558257
40
-0.30958686083558257
40
-0
40
-0
40
-0
40
-0
10
-96.358420683963303
20
112.68217741435963
30
1.5543122344752192e-14
10
-96.854744854647237
20
113.24390491622745
30
1.3322676295501878e-14
10
-97.392426746286404
20
113.73068836895908
30
1.3322676295501878e-14
10
-98.539927760140898
20
114.71367692272193
30
1.3322676295501878e-14
10
-99.402762567276156
20
115.33348487710674
30
1.3322676295501878e-14
10
-100.275698664445
20
115.88386308772796
30
1.5543122344752192e-14
0
ARC
5
415
100
AcDbEntity
8
0
100
AcDbCircle
10
-70.000000000000014
20
67.000000000000085
30
1.3322676295501878e-14
40
57.499999999999993
210
2.0332871225030376e-17
220
-3.2829937441282587e-17
230
1
100
AcDbArc
50
121.7715614724773
51
123.68298398206797
0
SPLINE
5
416
100
AcDbEntity
8
0
100
AcDbSpline
70
0
71
3
72
10
73
6
74
0
42
0.000000001
43
0.0000000001
44
0.0000000001
40
-0.11638461337929105
40
-0.11638461337929105
40
-0.11638461337929105
40
-0.11638461337929105
40
-0.054682959344880877
40
-0.054682959344880877
40
-0.037556248237491915
40
-0.037556248237491915
40
-0.037556248237491915
40
-0.037556248237491915
10
-101.88934616679543
20
114.84683480706222
30
1.3322676295501878e-14
10
-101.70829695640792
20
113.50522679728941
30
1.5543122344752192e-14
10
-101.40903868247071
20
112.1127487548349
30
1.5543122344752192e-14
10
-100.83454601515528
20
110.49662391011705
30
1.3322676295501878e-14
10
-100.7139891098418
20
110.20001638184384
30
1.3322676295501878e-14
10
-100.60428652242506
20
109.95352512568769
30
1.5543122344752192e-14
0
SPLINE
5
417
100
AcDbEntity
8
0
100
AcDbSpline
70
0
71
3
72
14
73
10
74
0
42
0.000000001
43
0.0000000001
44
0.0000000001
40
-0.13553888813702161
40
-0.13553888813702161
40
-0.13553888813702161
40
-0.13553888813702161
40
-0.10683389140720075
40
-0.10683389140720075
40
-0.078128894677379934
40
-0.078128894677379934
40
-0.039064447338690543
40
-0.039064447338690543
40
-0
40
-0
40
-0
40
-0
10
-100.6042865224251
20
109.95352512568766
30
1.5543122344752192e-14
10
-100.56538115593051
20
109.86610847595954
30
1.5543122344752192e-14
10
-100.53922287828277
20
109.77355869832414
30
1.5543122344752192e-14
10
-100.51400260093713
20
109.58386122765657
30
1.5543122344752192e-14
10
-100.51507064966523
20
109.48769171012751
30
1.5543122344752192e-14
10
-100.54980772677158
20
109.26448035682144
30
1.5543122344752192e-14
10
-100.59477118371534
20
109.1409554469833
30
1.5543122344752192e-14
10
-100.72951619906904
20
108.91809364479117
30
1.5543122344752192e-14
10
-100.8180095216905
20
108.82088743273522
30
1.5543122344752192e-14
10
-100.92264263547982
20
108.74337735591615
30
1.5543122344752192e-14
0
ARC
5
418
100
AcDbEntity
8
0
100
AcDbCircle
10
-70.000000000000014
20
67.000000000000085
30
1.3322676295501878e-14
40
51.94919999999999
210
2.5442459918172242e-17
220
-3.4345518840246975e-17
230
1
100
AcDbArc
50
126.53029320830774
51
127.10607042805606
0
SPLINE
5
419
100
AcDbEntity
8
0
100
AcDbSpline
70
0
71
3
72
14
73
10
74
0
42
0.000000001
43
0.0000000001
44
0.0000000001
40
-0.13553888813702974
40
-0.13553888813702974
40
-0.13553888813702974
40
-0.13553888813702974
40
-0.10683389140722031
40
-0.10683389140722031
40
-0.078128894677411853
40
-0.078128894677411853
40
-0.039064447338703158
40
-0.039064447338703158
40
-0
40
-0
40
-0
40
-0
10
-101.34056209395256
20
108.43052676801385
30
1.7763568394002505e-14
10
-101.41687145870313
20
108.37280173840689
30
1.7763568394002505e-14
10
-101.50107231794547
20
108.326326668394
30
1.3322676295501878e-14
10
-101.68010002616582
20
108.25872287814222
30
1.3322676295501878e-14
10
-101.77400371829864
20
108.2379427570244
30
1.3322676295501878e-14
10
-101.99927522812068
20
108.2211284882885
30
1.3322676295501878e-14
10
-102.12978048480062
20
108.23689217408113
30
1.3322676295501878e-14
10
-102.37740279024669
20
108.31755688684099
30
1.3322676295501878e-14
10
-102.4921524348081
20
108.38168671518859
30
1.3322676295501878e-14
10
-102.59138165780071
20
108.46600433976404
30
1.3322676295501878e-14
0
SPLINE
5
420
100
AcDbEntity
8
0
100
AcDbSpline
70
0
71
3
72
10
73
6
74
0
42
0.000000001
43
0.0000000001
44
0.0000000001
40
-0.45316526996943252
40
-0.45316526996943252
40
-0.45316526996943252
40
-0.45316526996943252
40
-0.30958686083558257
40
-0.30958686083558257
40
-0
40
-0
40
-0
40
-0
10
-102.59138165780051
20
108.46600433976428
30
1.5543122344752192e-14
10
-103.16259612264932
20
108.9513799715254
30
1.3322676295501878e-14
10
-103.76408169625465
20
109.35668855914101
30
1.3322676295501878e-14
10
-105.03979666140125
20
110.16636528557392
30
1.3322676295501878e-14
10
-105.98205692309371
20
110.65707029263835
30
1.5543122344752192e-14
10
-106.92443477549699
20
111.07761468716382
30
1.3322676295501878e-14
0
ARC
5
421
100
AcDbEntity
8
0
100
AcDbCircle
10
-70.000000000000014
20
67.000000000000085
30
1.3322676295501878e-14
40
57.5
210
-9.8266172018976437e-31
220
-8.2318947726750081e-31
230
1
100
AcDbArc
50
129.95337965429547
51
131.86480216388614
0
SPLINE
5
422
100
AcDbEntity
8
0
100
AcDbSpline
70
0
71
3
72
10
73
6
74
0
42
0.000000001
43
0.0000000001
44
0.0000000001
40
-0.11638461337929105
40
-0.11638461337929105
40
-0.11638461337929105
40
-0.11638461337929105
40
-0.054682959344880877
40
-0.054682959344880877
40
-0.037556248237498702
40
-0.037556248237498702
40
-0.037556248237498702
40
-0.037556248237498702
10
-108.37407316091328
20
109.82149587579683
30
1.3322676295501878e-14
10
-108.00393604349915
20
108.51930949022032
30
1.5543122344752192e-14
10
-107.50955349988482
20
107.18359375930775
30
1.3322676295501878e-14
10
-106.71090979366726
20
105.66567756628785
30
1.5543122344752192e-14
10
-106.54936833140418
20
105.3892461114624
30
1.5543122344752192e-14
10
-106.40570299489384
20
105.16087608686915
30
1.5543122344752192e-14
0
SPLINE
5
423
100
AcDbEntity
8
0
100
AcDbSpline
70
0
71
3
72
14
73
10
74
0
42
0.000000001
43
0.0000000001
44
0.0000000001
40
-0.1355388881370698
40
-0.1355388881370698
40
-0.1355388881370698
40
-0.1355388881370698
40
-0.10683389140724053
40
-0.10683389140724053
40
-0.078128894677411687
40
-0.078128894677411687
40
-0.039064447338706024
40
-0.039064447338706024
40
-0
40
-0
40
-0
40
-0
10
-106.40570299489356
20
105.16087608686932
30
1.5543122344752192e-14
10
-106.35475294256453
20
105.07988602353167
30
1.5543122344752192e-14
10
-106.31568971182971
20
104.99200098023975
30
1.5543122344752192e-14
10
-106.26372937568389
20
104.80782357599401
30
1.5543122344752192e-14
10
-106.25110020388198
20
104.71248092630634
30
1.5543122344752192e-14
10
-106.25371741998359
20
104.4865979412222
30
1.5543122344752192e-14
10
-106.2806437862013
20
104.35793136975479
30
1.5543122344752192e-14
10
-106.38230075024873
20
104.11816176430051
30
1.5543122344752192e-14
10
-106.45605945209488
20
104.00935105842632
30
1.5543122344752192e-14
10
-106.5485967176073
20
103.91773907776196
30
1.5543122344752192e-14
0
ARC
5
424
100
AcDbEntity
8
0
100
AcDbCircle
10
-70.000000000000014
20
67.000000000000085
30
1.3322676295501878e-14
40
51.949199999999998
210
3.0071369320364733e-17
220
-3.0375091412072949e-17
230
1
100
AcDbArc
50
134.71211139012581
51
135.2878886098741
0
SPLINE
5
425
100
AcDbEntity
8
0
100
AcDbSpline
70
0
71
3
72
14
73
10
74
0
42
0.000000001
43
0.0000000001
44
0.0000000001
40
-0.13553888813705128
40
-0.13553888813705128
40
-0.13553888813705128
40
-0.13553888813705128
40
-0.10683389140721752
40
-0.10683389140721752
40
-0.07812889467737863
40
-0.07812889467737863
40
-0.039064447338692652
40
-0.039064447338692652
40
-0
40
-0
40
-0
40
-0
10
-106.91773907776184
20
103.54859671760741
30
1.5543122344752192e-14
10
-106.98505659495551
20
103.48059929066595
30
1.5543122344752192e-14
10
-107.06178631878583
20
103.42261423818871
30
1.5543122344752192e-14
10
-107.22937076059699
20
103.33022025770326
30
1.5543122344752192e-14
10
-107.3193613289658
20
103.29628775949681
30
1.5543122344752192e-14
10
-107.53994697969675
20
103.24758515728475
30
1.5543122344752192e-14
10
-107.67136728743085
20
103.2446155569873
30
1.5543122344752192e-14
10
-107.92794894039999
20
103.28921889092797
30
1.5543122344752192e-14
10
-108.05065722518481
20
103.33636539298286
30
1.5543122344752192e-14
10
-108.16087608686902
20
103.40570299489399
30
1.5543122344752192e-14
0
SPLINE
5
426
100
AcDbEntity
8
0
100
AcDbSpline
70
0
71
3
72
10
73
6
74
0
42
0.000000001
43
0.0000000001
44
0.0000000001
40
-0.45316526996940976
40
-0.45316526996940976
40
-0.45316526996940976
40
-0.45316526996940976
40
-0.30958686083558257
40
-0.30958686083558257
40
-0
40
-0
40
-0
40
-0
10
-108.16087608686908
20
103.40570299489393
30
1.5543122344752192e-14
10
-108.79535256662459
20
103.80484590839346
30
1.5543122344752192e-14
10
-109.44839731045847
20
104.12042871686212
30
1.3322676295501878e-14
10
-110.82635634906487
20
104.74031093272971
30
1.3322676295501878e-14
10
-111.82886036364066
20
105.09192365360632
30
1.5543122344752192e-14
10
-112.82149587579676
20
105.37407316091335
30
1.5543122344752192e-14
0
ARC
5
427
100
AcDbEntity
8
0
100
AcDbCircle
10
-70.000000000000014
20
67.000000000000085
30
1.3322676295501878e-14
40
57.500000000000007
210
2.8758509290101564e-17
220
-2.5771662500959036e-17
230
1
100
AcDbArc
50
138.13519783611363
51
140.04662034570433
0
SPLINE
5
428
100
AcDbEntity
8
0
100
AcDbSpline
70
0
71
3
72
10
73
6
74
0
42
0.000000001
43
0.0000000001
44
0.0000000001
40
-0.11638461337929105
40
-0.11638461337929105
40
-0.11638461337929105
40
-0.11638461337929105
40
-0.054682959344880877
40
-0.054682959344880877
40
-0.037556248237499153
40
-0.037556248237499153
40
-0.037556248237499153
40
-0.037556248237499153
10
-114.07761468716373
20
103.92443477549706
30
1.5543122344752192e-14
10
-113.52592458704623
20
102.68817877373174
30
1.3322676295501878e-14
10
-112.84648197666122
20
101.43641667475643
30
1.3322676295501878e-14
10
-111.83994531430181
20
100.04760952981539
30
1.5543122344752192e-14
10
-111.64070781341402
20
99.796981495695078
30
1.5543122344752192e-14
10
-111.46600433976447
20
99.591381657800881
30
1.5543122344752192e-14
0
SPLINE
5
429
100
AcDbEntity
8
0
100
AcDbSpline
70
0
71
3
72
14
73
10
74
0
42
0.000000001
43
0.0000000001
44
0.0000000001
40
-0.13553888813706513
40
-0.13553888813706513
40
-0.13553888813706513
40
-0.13553888813706513
40
-0.10683389140722961
40
-0.10683389140722961
40
-0.078128894677394173
40
-0.078128894677394173
40
-0.039064447338697045
40
-0.039064447338697045
40
-0
40
-0
40
-0
40
-0
10
-111.4660043397644
20
99.59138165780098
30
1.5543122344752192e-14
10
-111.40404679773849
20
99.518466904987278
30
1.3322676295501878e-14
10
-111.35287382864526
20
99.437035682080761
30
1.3322676295501878e-14
10
-111.27523119630192
20
99.262127665083511
30
1.3322676295501878e-14
10
-111.24916189748834
20
99.16955278463945
30
1.5543122344752192e-14
10
-111.21960597361281
20
98.945596493960863
30
1.3322676295501878e-14
10
-111.22794710593746
20
98.814407541215587
30
1.3322676295501878e-14
10
-111.29444657604506
20
98.562611150227895
30
1.3322676295501878e-14
10
-111.35196914264876
20
98.444411022722974
30
1.3322676295501878e-14
10
-111.43052676801382
20
98.340562093952585
30
1.5543122344752192e-14
0
ARC
5
430
100
AcDbEntity
8
0
100
AcDbCircle
10
-70.000000000000014
20
67.000000000000085
30
1.3322676295501878e-14
40
51.949200000000026
210
3.4088112361862786e-17
220
-2.5786314717279321e-17
230
1
100
AcDbArc
50
142.89392957194403
51
143.46970679169232
0
SPLINE
5
431
100
AcDbEntity
8
0
100
AcDbSpline
70
0
71
3
72
14
73
10
74
0
42
0.000000001
43
0.0000000001
44
0.0000000001
40
-0.13553888813701442
40
-0.13553888813701442
40
-0.13553888813701442
40
-0.13553888813701442
40
-0.10683389140719866
40
-0.10683389140719866
40
-0.078128894677383376
40
-0.078128894677383376
40
-0.039064447338692611
40
-0.039064447338692611
40
-0
40
-0
40
-0
40
-0
10
-111.74337735591608
20
97.922642635479889
30
1.5543122344752192e-14
10
-111.80033263503036
20
97.845757042728181
30
1.5543122344752192e-14
10
-111.8680292275416
20
97.777442416239978
30
1.5543122344752192e-14
10
-112.02075886698157
20
97.662139120521317
30
1.5543122344752192e-14
10
-112.10500436312552
20
97.615745013036474
30
1.5543122344752192e-14
10
-112.31641366703289
20
97.536145521882304
30
1.5543122344752192e-14
10
-112.44607368734064
20
97.514503087992978
30
1.5543122344752192e-14
10
-112.70639142529895
20
97.522137047860511
30
1.5543122344752192e-14
10
-112.83456036349052
20
97.551340456800204
30
1.3322676295501878e-14
10
-112.95352512568753
20
97.604286522425113
30
1.3322676295501878e-14
0
SPLINE
5
432
100
AcDbEntity
8
0
100
AcDbSpline
70
0
71
3
72
10
73
6
74
0
42
0.000000001
43
0.0000000001
44
0.0000000001
40
-0.45316526996943396
40
-0.45316526996943396
40
-0.45316526996943396
40
-0.45316526996943396
40
-0.30958686083558257
40
-0.30958686083558257
40
-0
40
-0
40
-0
40
-0
10
-112.95352512568753
20
97.604286522425085
30
1.5543122344752192e-14
10
-113.63834750890136
20
97.909071318977269
30
1.3322676295501878e-14
10
-114.3296573152051
20
98.128503992384651
30
1.3322676295501878e-14
10
-115.78180915495108
20
98.545972683364596
30
1.3322676295501878e-14
10
-116.82414883165627
20
98.751335297023658
30
1.1102230246251565e-14
10
-117.84683480706214
20
98.889346166795505
30
1.3322676295501878e-14
0
ARC
5
433
100
AcDbEntity
8
0
100
AcDbCircle
10
-70.000000000000014
20
67.000000000000085
30
1.3322676295501878e-14
40
57.500000000000007
210
-8.4765653587541569e-31
220
-1.2718254564713521e-30
230
1
100
AcDbArc
50
146.31701601793179
51
148.22843852752248
0
SPLINE
5
434
100
AcDbEntity
8
0
100
AcDbSpline
70
0
71
3
72
10
73
6
74
0
42
0.000000001
43
0.0000000001
44
0.0000000001
40
-0.11638461337929105
40
-0.11638461337929105
40
-0.11638461337929105
40
-0.11638461337929105
40
-0.054682959344880877
40
-0.054682959344880877
40
-0.037556248237495558
40
-0.037556248237495558
40
-0.037556248237495558
40
-0.037556248237495558
10
-118.88386308772789
20
97.275698664445059
30
1.3322676295501878e-14
10
-118.16185082440256
20
96.130539653618968
30
1.5543122344752192e-14
10
-117.31117963944362
20
94.988213453132232
30
1.5543122344752192e-14
10
-116.11724020477588
20
93.756787464751909
30
1.3322676295501878e-14
10
-115.88436256622786
20
93.537064915359863
30
1.3322676295501878e-14
10
-115.68217741435942
20
93.358420683963232
30
1.3322676295501878e-14
0
SPLINE
5
435
100
AcDbEntity
8
0
100
AcDbSpline
70
0
71
3
72
14
73
10
74
0
42
0.000000001
43
0.0000000001
44
0.0000000001
40
-0.13553888813705572
40
-0.13553888813705572
40
-0.13553888813705572
40
-0.13553888813705572
40
-0.1068338914072339
40
-0.1068338914072339
40
-0.078128894677412603
40
-0.078128894677412603
40
-0.039064447338706162
40
-0.039064447338706162
40
-0
40
-0
40
-0
40
-0
10
-115.68217741435917
20
93.358420683963473
30
1.3322676295501878e-14
10
-115.61047365952133
20
93.29506557577227
30
1.3322676295501878e-14
10
-115.54823268614984
20
93.221745878121283
30
1.3322676295501878e-14
10
-115.44648833770076
20
93.059667871205676
30
1.3322676295501878e-14
10
-115.40750960762173
20
92.971745317607159
30
1.3322676295501878e-14
10
-115.34638221714694
20
92.754274825575749
30
1.3322676295501878e-14
10
-115.33596831417826
20
92.623234120312731
30
1.3322676295501878e-14
10
-115.36595655290326
20
92.364536792191217
30
1.3322676295501878e-14
10
-115.40607199068988
20
92.239353456790468
30
1.3322676295501878e-14
10
-115.4690507691967
20
92.125381644628192
30
1.3322676295501878e-14
0
ARC
5
436
100
AcDbEntity
8
0
100
AcDbCircle
10
-70.000000000000014
20
67.000000000000085
30
1.3322676295501878e-14
40
51.949199999999998
210
-8.1076160036988088e-31
220
-1.4672238969478521e-30
230
1
100
AcDbArc
50
151.07574775376216
51
151.65152497351056
0
SPLINE
5
437
100
AcDbEntity
8
0
100
AcDbSpline
70
0
71
3
72
14
73
10
74
0
42
0.000000001
43
0.0000000001
44
0.0000000001
40
-0.13553888813705717
40
-0.13553888813705717
40
-0.13553888813705717
40
-0.13553888813705717
40
-0.10683389140722035
40
-0.10683389140722035
40
-0.07812889467738271
40
-0.07812889467738271
40
-0.039064447338690002
40
-0.039064447338690002
40
-0
40
-0
40
-0
40
-0
10
-115.71924084906365
20
91.667192722831572
30
1.5543122344752192e-14
10
-115.76467444486128
20
91.58298413321819
30
1.5543122344752192e-14
10
-115.82195979865088
20
91.505730621511134
30
1.3322676295501878e-14
10
-115.95672550069686
20
91.369865253152767
30
1.3322676295501878e-14
10
-116.03351092925857
20
91.311953986628325
30
1.3322676295501878e-14
10
-116.23144020256909
20
91.203078022626102
30
1.3322676295501878e-14
10
-116.35670043134562
20
91.163203332687431
30
1.3322676295501878e-14
10
-116.61545493584265
20
91.133712513073675
30
1.3322676295501878e-14
10
-116.74647537746806
20
91.144378331707856
30
1.3322676295501878e-14
10
-116.87176426068552
20
91.179855031834407
30
1.3322676295501878e-14
0
SPLINE
5
438
100
AcDbEntity
8
0
100
AcDbSpline
70
0
71
3
72
10
73
6
74
0
42
0.000000001
43
0.0000000001
44
0.0000000001
40
-0.45316526996940748
40
-0.45316526996940748
40
-0.45316526996940748
40
-0.45316526996940748
40
-0.30958686083558257
40
-0.30958686083558257
40
-0
40
-0
40
-0
40
-0
10
-116.87176426068555
20
91.179855031834393
30
1.3322676295501878e-14
10
-117.59299153850003
20
91.384077171907677
30
1.5543122344752192e-14
10
-118.30849333318955
20
91.502892693814971
30
1.5543122344752192e-14
10
-119.80527635027785
20
91.709449401239169
30
1.5543122344752192e-14
10
-120.86623265915421
20
91.764381317083505
30
1.5543122344752192e-14
10
-121.89815016053338
20
91.755444046002054
30
1.3322676295501878e-14
0
ARC
5
439
100
AcDbEntity
8
0
100
AcDbCircle
10
-70.000000000000014
20
67.000000000000085
30
1.3322676295501878e-14
40
57.500000000000014
210
-6.7925572171399268e-31
220
-1.4240146683455469e-30
230
1
100
AcDbArc
50
154.49883419975001
51
156.41025670934073
0
SPLINE
5
440
100
AcDbEntity
8
0
100
AcDbSpline
70
0
71
3
72
10
73
6
74
0
42
0.000000001
43
0.0000000001
44
0.0000000001
40
-0.11638461337929105
40
-0.11638461337929105
40
-0.11638461337929105
40
-0.11638461337929105
40
-0.054682959344880877
40
-0.054682959344880877
40
-0.037556248237490639
40
-0.037556248237490639
40
-0.037556248237490639
40
-0.037556248237490639
10
-122.69497700524617
20
90.010636636490219
30
1.3322676295501878e-14
10
-121.81734066628286
20
88.979886751697862
30
1.3322676295501878e-14
10
-120.81275811894261
20
87.970250916944906
30
1.3322676295501878e-14
10
-119.45572107581933
20
86.921274367109405
30
1.5543122344752192e-14
10
-119.19394401676799
20
86.736930219923906
30
1.5543122344752192e-14
10
-118.96839309331902
20
86.588878276408465
30
1.5543122344752192e-14
0
SPLINE
5
441
100
AcDbEntity
8
0
100
AcDbSpline
70
0
71
3
72
14
73
10
74
0
42
0.000000001
43
0.0000000001
44
0.0000000001
40
-0.13553888813702641
40
-0.13553888813702641
40
-0.13553888813702641
40
-0.13553888813702641
40
-0.10683389140721462
40
-0.10683389140721462
40
-0.078128894677402624
40
-0.078128894677402624
40
-0.03906444733870143
40
-0.03906444733870143
40
-0
40
-0
40
-0
40
-0
10
-118.96839309331889
20
86.58887827640865
30
1.5543122344752192e-14
10
-118.88840280734104
20
86.536372540141642
30
1.5543122344752192e-14
10
-118.81636087642102
20
86.472656945353805
30
1.5543122344752192e-14
10
-118.69258603339409
20
86.326708389346209
30
1.5543122344752192e-14
10
-118.64149136658865
20
86.24522801223678
30
1.3322676295501878e-14
10
-118.55003688690785
20
86.038670390937256
30
1.3322676295501878e-14
10
-118.52107994567903
20
85.910445544025521
30
1.3322676295501878e-14
10
-118.51394647895995
20
85.650113610349308
30
1.3322676295501878e-14
10
-118.53583815329954
20
85.520495438762637
30
1.3322676295501878e-14
10
-118.58195601863343
20
85.398720880636546
30
1.5543122344752192e-14
0
ARC
5
442
100
AcDbEntity
8
0
100
AcDbCircle
10
-70.000000000000014
20
67.000000000000085
30
1.3322676295501878e-14
40
51.949199999999998
210
3.9972148671805698e-17
220
-1.5138056733036212e-17
230
1
100
AcDbArc
50
159.2575659355804
51
159.83334315532869
0
SPLINE
5
443
100
AcDbEntity
8
0
100
AcDbSpline
70
0
71
3
72
14
73
10
74
0
42
0.000000001
43
0.0000000001
44
0.0000000001
40
-0.13553888813706017
40
-0.13553888813706017
40
-0.13553888813706017
40
-0.13553888813706017
40
-0.10683389140721931
40
-0.10683389140721931
40
-0.078128894677378935
40
-0.078128894677378935
40
-0.039064447338690855
40
-0.039064447338690855
40
-0
40
-0
40
-0
40
-0
10
-118.76439244192754
20
84.909589900656158
30
1.5543122344752192e-14
10
-118.79737945741775
20
84.819772558228152
30
1.5543122344752192e-14
10
-118.84308740787978
20
84.73515282001992
30
1.5543122344752192e-14
10
-118.95714573147019
20
84.581491206118272
30
1.5543122344752192e-14
10
-119.02490796255499
20
84.513241686938414
30
1.5543122344752192e-14
10
-119.20532793604485
20
84.377305650742841
30
1.5543122344752192e-14
10
-119.32363843625295
20
84.320010438452783
30
1.5543122344752192e-14
10
-119.57556221176348
20
84.253995187400506
30
1.5543122344752192e-14
10
-119.70676695846299
20
84.245906290419427
30
1.5543122344752192e-14
10
-119.83582944234195
20
84.26319142173935
30
1.5543122344752192e-14
0
SPLINE
5
444
100
AcDbEntity
8
0
100
AcDbSpline
70
0
71
3
72
10
73
6
74
0
42
0.000000001
43
0.0000000001
44
0.0000000001
40
-0.45316526996940687
40
-0.45316526996940687
40
-0.45316526996940687
40
-0.45316526996940687
40
-0.30958686083558257
40
-0.30958686083558257
40
-0
40
-0
40
-0
40
-0
10
-119.83582944234193
20
84.263191421739236
30
1.5543122344752192e-14
10
-120.57877950722843
20
84.362693531490507
30
1.3322676295501878e-14
10
-121.30390773710106
20
84.378473160506786
30
1.3322676295501878e-14
10
-122.81485174566961
20
84.369912985472439
30
1.3322676295501878e-14
10
-123.87282667581371
20
84.273295948106011
30
1.5543122344752192e-14
10
-124.89296883864245
20
84.117592473237565
30
1.3322676295501878e-14
0
ARC
5
445
100
AcDbEntity
8
0
100
AcDbCircle
10
-70.000000000000014
20
67.000000000000085
30
1.3322676295501878e-14
40
57.500000000000057
210
-4.9903867693896267e-31
220
-1.6003251967422744e-30
230
1
100
AcDbArc
50
162.68065238156817
51
164.59207489115886
0
SPLINE
5
446
100
AcDbEntity
8
0
100
AcDbSpline
70
0
71
3
72
10
73
6
74
0
42
0.000000001
43
0.0000000001
44
0.0000000001
40
-0.11638461337929105
40
-0.11638461337929105
40
-0.11638461337929105
40
-0.11638461337929105
40
-0.054682959344880877
40
-0.054682959344880877
40
-0.037556248237498702
40
-0.037556248237498702
40
-0.037556248237498702
40
-0.037556248237498702
10
-125.43337315070278
20
82.277144403812898
30
1.5543122344752192e-14
10
-124.41797888106859
20
81.381786740271437
30
1.3322676295501878e-14
10
-123.27993537503406
20
80.525394545298482
30
1.5543122344752192e-14
10
-121.7874260842818
20
79.680221571564076
30
1.3322676295501878e-14
10
-121.50207863074701
20
79.535008541817277
30
1.3322676295501878e-14
10
-121.25775350208384
20
79.420562796806536
30
1.3322676295501878e-14
0
SPLINE
5
447
100
AcDbEntity
8
0
100
AcDbSpline
70
0
71
3
72
14
73
10
74
0
42
0.000000001
43
0.0000000001
44
0.0000000001
40
-0.13553888813705839
40
-0.13553888813705839
40
-0.13553888813705839
40
-0.13553888813705839
40
-0.10683389140722215
40
-0.10683389140722215
40
-0.078128894677386429
40
-0.078128894677386429
40
-0.039064447338693326
40
-0.039064447338693326
40
-0
40
-0
40
-0
40
-0
10
-121.25775350208383
20
79.42056279680655
30
1.3322676295501878e-14
10
-121.17110505651539
20
79.379975297840105
30
1.3322676295501878e-14
10
-121.09072873400845
20
79.327160871684697
30
1.3322676295501878e-14
10
-120.94744309527033
20
79.200312858304414
30
1.3322676295501878e-14
10
-120.88527263180971
20
79.126933363191966
30
1.3322676295501878e-14
10
-120.7653528123962
20
78.935493530130842
30
1.3322676295501878e-14
10
-120.7184423127258
20
78.812694829683608
30
1.3322676295501878e-14
10
-120.67433235737381
20
78.556027897887077
30
1.5543122344752192e-14
10
-120.67755461690716
20
78.424613542300051
30
1.5543122344752192e-14
10
-120.70587274232292
20
78.29751521704479
30
1.5543122344752192e-14
0
ARC
5
448
100
AcDbEntity
8
0
100
AcDbCircle
10
-70.000000000000014
20
67.000000000000085
30
1.3322676295501878e-14
40
51.949200000000026
210
4.1719659929139555e-17
220
-9.2953432691056035e-18
230
1
100
AcDbArc
50
167.43938411739862
51
168.01516133714691
0
SPLINE
5
449
100
AcDbEntity
8
0
100
AcDbSpline
70
0
71
3
72
14
73
10
74
0
42
0.000000001
43
0.0000000001
44
0.0000000001
40
-0.13553888813705459
40
-0.13553888813705459
40
-0.13553888813705459
40
-0.13553888813705459
40
-0.10683389140722323
40
-0.10683389140722323
40
-0.078128894677391481
40
-0.078128894677391481
40
-0.039064447338695595
40
-0.039064447338695595
40
-0
40
-0
40
-0
40
-0
10
-120.81684162956911
20
77.787399475095754
30
1.3322676295501878e-14
10
-120.8367105442432
20
77.693801801933176
30
1.3322676295501878e-14
10
-120.8699106093171
20
77.60353845107052
30
1.3322676295501878e-14
10
-120.9609396559006
20
77.435208698961176
30
1.3322676295501878e-14
10
-121.01829924589367
20
77.358010290521037
30
1.3322676295501878e-14
10
-121.17753708919079
20
77.197781447821839
30
1.3322676295501878e-14
10
-121.28648940022552
20
77.124232078476837
30
1.3322676295501878e-14
10
-121.5264540051684
20
77.023036276125055
30
1.3322676295501878e-14
10
-121.65517210666249
20
76.996357330144747
30
1.1102230246251565e-14
10
-121.7853808512166
20
76.995099017230501
30
1.1102230246251565e-14
0
SPLINE
5
450
100
AcDbEntity
8
0
100
AcDbSpline
70
0
71
3
72
10
73
6
74
0
42
0.000000001
43
0.0000000001
44
0.0000000001
40
-0.45316526996941237
40
-0.45316526996941237
40
-0.45316526996941237
40
-0.45316526996941237
40
-0.30958686083558257
40
-0.30958686083558257
40
-0
40
-0
40
-0
40
-0
10
-121.7853808512166
20
76.995099017230586
30
1.3322676295501878e-14
10
-122.53492938234523
20
76.987855520645184
30
1.3322676295501878e-14
10
-123.25492252773783
20
76.900278029028868
30
1.3322676295501878e-14
10
-124.74926906497494
20
76.676775232014194
30
1.3322676295501878e-14
10
-125.78272529775677
20
76.43057608569724
30
1.3322676295501878e-14
10
-126.77032496944693
20
76.131276080778335
30
1.3322676295501878e-14
0
ARC
5
451
100
AcDbEntity
8
0
100
AcDbCircle
10
-70.000000000000014
20
67.000000000000085
30
1.3322676295501878e-14
40
57.500000000000014
210
-2.6620916120303644e-31
220
-1.6550568023185027e-30
230
1
100
AcDbArc
50
170.86247056338635
51
172.77389307297705
0
SPLINE
5
452
100
AcDbEntity
8
0
100
AcDbSpline
70
0
71
3
72
10
73
6
74
0
42
0.000000001
43
0.0000000001
44
0.0000000001
40
-0.11638461337929105
40
-0.11638461337929105
40
-0.11638461337929105
40
-0.11638461337929105
40
-0.054682959344880877
40
-0.054682959344880877
40
-0.037556248237500103
40
-0.037556248237500103
40
-0.037556248237500103
40
-0.037556248237500103
10
-127.04330567545867
20
74.232653566720387
30
1.3322676295501878e-14
10
-125.91082397432803
20
73.490915024461245
30
1.3322676295501878e-14
10
-124.66248679353566
20
72.805200144726811
30
1.3322676295501878e-14
10
-123.0648884402726
20
72.181036031561007
30
1.5543122344752192e-14
10
-122.76177944353421
20
72.077910237778568
30
1.3322676295501878e-14
10
-122.50365386470079
20
71.999400476606766
30
1.3322676295501878e-14
0
SPLINE
5
453
100
AcDbEntity
8
0
100
AcDbSpline
70
0
71
3
72
14
73
10
74
0
42
0.000000001
43
0.0000000001
44
0.0000000001
40
-0.13553888813706311
40
-0.13553888813706311
40
-0.13553888813706311
40
-0.13553888813706311
40
-0.1068338914072242
40
-0.1068338914072242
40
-0.07812889467738629
40
-0.07812889467738629
40
-0.039064447338693055
40
-0.039064447338693055
40
-0
40
-0
40
-0
40
-0
10
-122.50365386470079
20
71.999400476606766
30
1.3322676295501878e-14
10
-122.41211117202016
20
71.971557459375177
30
1.3322676295501878e-14
10
-122.32503668806643
20
71.9307193512645
30
1.3322676295501878e-14
10
-122.16515713602035
20
71.825554140264586
30
1.3322676295501878e-14
10
-122.09317648725585
20
71.761769322060644
30
1.3322676295501878e-14
10
-121.94723254981267
20
71.589344440172241
30
1.3322676295501878e-14
10
-121.88332345419525
20
71.474471713608366
30
1.3322676295501878e-14
10
-121.80313496169872
20
71.22669478225653
30
1.3322676295501878e-14
10
-121.78762221051397
20
71.096159459981152
30
1.3322676295501878e-14
10
-121.79756412064086
20
70.966324722977603
30
1.3322676295501878e-14
0
ARC
5
454
100
AcDbEntity
8
0
100
AcDbCircle
10
-70.000000000000014
20
67.000000000000085
30
1.3322676295501878e-14
40
51.949200000000005
210
-1.2798785807400511e-31
220
-1.6714363417715914e-30
230
1
100
AcDbArc
50
175.6212022992168
51
176.19697951896507
0
SPLINE
5
455
100
AcDbEntity
8
0
100
AcDbSpline
70
0
71
3
72
14
73
10
74
0
42
0.000000001
43
0.0000000001
44
0.0000000001
40
-0.13553888813704609
40
-0.13553888813704609
40
-0.13553888813704609
40
-0.13553888813704609
40
-0.10683389140721608
40
-0.10683389140721608
40
-0.078128894677386096
40
-0.078128894677386096
40
-0.039064447338693443
40
-0.039064447338693443
40
-0
40
-0
40
-0
40
-0
10
-121.83480646530268
20
70.445608704513617
30
1.5543122344752192e-14
10
-121.84115280535509
20
70.350136079328649
30
1.5543122344752192e-14
10
-121.86116912745706
20
70.256066617337126
30
1.3322676295501878e-14
10
-121.92731580815138
20
70.076495435350111
30
1.3322676295501878e-14
10
-121.97310508121191
20
69.991919674623674
30
1.3322676295501878e-14
10
-122.1079191710308
20
69.810659822596449
30
1.3322676295501878e-14
10
-122.20529533803202
20
69.722353549257548
30
1.3322676295501878e-14
10
-122.42841578505133
20
69.588037250317669
30
1.3322676295501878e-14
10
-122.55202691198588
20
69.54331136174261
30
1.3322676295501878e-14
10
-122.68073124266705
20
69.523535220216516
30
1.3322676295501878e-14
0
SPLINE
5
456
100
AcDbEntity
8
0
100
AcDbSpline
70
0
71
3
72
10
73
6
74
0
42
0.000000001
43
0.0000000001
44
0.0000000001
40
-0.45316526996941664
40
-0.45316526996941664
40
-0.45316526996941664
40
-0.45316526996941664
40
-0.30958686083558257
40
-0.30958686083558257
40
-0
40
-0
40
-0
40
-0
10
-122.68073124266704
20
69.523535220216516
30
1.3322676295501878e-14
10
-123.42161959346345
20
69.409693573996762
30
1.3322676295501878e-14
10
-124.12182067022459
20
69.220541786924144
30
1.3322676295501878e-14
10
-125.56914914997165
20
68.786646240347523
30
1.3322676295501878e-14
10
-126.55704849673349
20
68.395876889719347
30
1.3322676295501878e-14
10
-127.49200099597178
20
67.959073239740206
30
1.3322676295501878e-14
0
ARC
5
457
100
AcDbEntity
8
0
100
AcDbCircle
10
-70.000000000000014
20
67.000000000000085
30
1.3322676295501878e-14
40
57.500000000000071
210
-2.7960394628845165e-32
220
-1.67609622418922e-30
230
1
100
AcDbArc
50
179.04428874520465
51
180.95571125479498
0
SPLINE
5
458
100
AcDbEntity
8
0
100
AcDbSpline
70
0
71
3
72
10
73
6
74
0
42
0.000000001
43
0.0000000001
44
0.0000000001
40
-0.11638461337929105
40
-0.11638461337929105
40
-0.11638461337929105
40
-0.11638461337929105
40
-0.054682959344880877
40
-0.054682959344880877
40
-0.037556248237496676
40
-0.037556248237496676
40
-0.037556248237496676
40
-0.037556248237496676
10
-127.49200099597178
20
66.040926760259993
30
1.3322676295501878e-14
10
-126.26548592497223
20
65.467906997006239
30
1.5543122344752192e-14
10
-124.93226761451574
20
64.966828610023285
30
1.3322676295501878e-14
10
-123.26210269412107
20
64.576379538829457
30
1.5543122344752192e-14
10
-122.94740257925838
20
64.517440324782626
30
1.5543122344752192e-14
10
-122.68073124266706
20
64.476464779783683
30
1.3322676295501878e-14
0
SPLINE
5
459
100
AcDbEntity
8
0
100
AcDbSpline
70
0
71
3
72
14
73
10
74
0
42
0.000000001
43
0.0000000001
44
0.0000000001
40
-0.13553888813704823
40
-0.13553888813704823
40
-0.13553888813704823
40
-0.13553888813704823
40
-0.10683389140721779
40
-0.10683389140721779
40
-0.078128894677386762
40
-0.078128894677386762
40
-0.039064447338693402
40
-0.039064447338693402
40
-0
40
-0
40
-0
40
-0
10
-122.68073124266706
20
64.476464779783697
30
1.3322676295501878e-14
10
-122.58615784810992
20
64.461933047825127
30
1.3322676295501878e-14
10
-122.49415778810068
20
64.433902603872923
30
1.3322676295501878e-14
10
-122.32093900937176
20
64.352561055677938
30
1.3322676295501878e-14
10
-122.2406134937372
20
64.299669389340934
30
1.3322676295501878e-14
10
-122.07161643596321
20
64.149769531988213
30
1.3322676295501878e-14
10
-121.99200974928689
20
64.045161256754952
30
1.3322676295501878e-14
10
-121.87737512610855
20
63.811318349640452
30
1.3322676295501878e-14
10
-121.84344315908476
20
63.68431938340548
30
1.3322676295501878e-14
10
-121.83480646530268
20
63.55439129548656
30
1.3322676295501878e-14
0
ARC
5
460
100
AcDbEntity
8
0
100
AcDbCircle
10
-70.000000000000014
20
67.000000000000085
30
1.3322676295501878e-14
40
51.949200000000026
210
1.1118506644125205e-31
220
-1.6726381011472941e-30
230
1
100
AcDbArc
50
183.80302048103493
51
184.3787977007832
0
SPLINE
5
461
100
AcDbEntity
8
0
100
AcDbSpline
70
0
71
3
72
14
73
10
74
0
42
0.000000001
43
0.0000000001
44
0.0000000001
40
-0.13553888813706624
40
-0.13553888813706624
40
-0.13553888813706624
40
-0.13553888813706624
40
-0.10683389140722888
40
-0.10683389140722888
40
-0.078128894677390329
40
-0.078128894677390329
40
-0.039064447338698349
40
-0.039064447338698349
40
-0
40
-0
40
-0
40
-0
10
-121.79756412064086
20
63.033675277022603
30
1.5543122344752192e-14
10
-121.79025869288948
20
62.938271247143632
30
1.5543122344752192e-14
10
-121.79668379742382
20
62.84231065699543
30
1.3322676295501878e-14
10
-121.83660155656131
20
62.655153596555394
30
1.3322676295501878e-14
10
-121.86988837513516
20
62.56492220213471
30
1.3322676295501878e-14
10
-121.97753428537892
20
62.366321268656463
30
1.3322676295501878e-14
10
-122.06135201039618
20
62.265055752394574
30
1.3322676295501878e-14
10
-122.2630862106169
20
62.100353249376809
30
1.3322676295501878e-14
10
-122.37907399691258
20
62.038490908319552
30
1.3322676295501878e-14
10
-122.50365386470081
20
62.000599523393412
30
1.3322676295501878e-14
0
SPLINE
5
462
100
AcDbEntity
8
0
100
AcDbSpline
70
0
71
3
72
10
73
6
74
0
42
0.000000001
43
0.0000000001
44
0.0000000001
40
-0.45316526996940715
40
-0.45316526996940715
40
-0.45316526996940715
40
-0.45316526996940715
40
-0.30958686083558257
40
-0.30958686083558257
40
-0
40
-0
40
-0
40
-0
10
-122.50365386470078
20
62.000599523393447
30
1.3322676295501878e-14
10
-123.22079968488825
20
61.782477215163809
30
1.5543122344752192e-14
10
-123.88695461830818
20
61.495601717551352
30
1.5543122344752192e-14
10
-125.25780160646818
20
60.860146283489662
30
1.3322676295501878e-14
10
-126.1800332853764
20
60.332761665643311
30
1.3322676295501878e-14
10
-127.04330567545867
20
59.767346433279812
30
1.3322676295501878e-14
0
ARC
5
463
100
AcDbEntity
8
0
100
AcDbCircle
10
-70.000000000000014
20
67.000000000000085
30
1.3322676295501878e-14
40
57.500000000000028
210
2.1085756494886857e-31
220
-1.6630151603978197e-30
230
1
100
AcDbArc
50
187.22610692702267
51
189.13752943661336
0
SPLINE
5
464
100
AcDbEntity
8
0
100
AcDbSpline
70
0
71
3
72
10
73
6
74
0
42
0.000000001
43
0.0000000001
44
0.0000000001
40
-0.11638461337929105
40
-0.11638461337929105
40
-0.11638461337929105
40
-0.11638461337929105
40
-0.054682959344880877
40
-0.054682959344880877
40
-0.037556248237497002
40
-0.037556248237497002
40
-0.037556248237497002
40
-0.037556248237497002
10
-126.77032496944697
20
57.868723919221871
30
1.3322676295501878e-14
10
-125.47474483844664
20
57.476087964900813
30
1.5543122344752192e-14
10
-124.08378587844282
20
57.169846581637572
30
1.5543122344752192e-14
10
-122.37505413233791
20
57.021060969543115
30
1.5543122344752192e-14
10
-122.05516928616942
20
57.007508167663161
30
1.5543122344752192e-14
10
-121.7853808512166
20
57.004900982769612
30
1.5543122344752192e-14
0
SPLINE
5
465
100
AcDbEntity
8
0
100
AcDbSpline
70
0
71
3
72
14
73
10
74
0
42
0.000000001
43
0.0000000001
44
0.0000000001
40
-0.13553888813704709
40
-0.13553888813704709
40
-0.13553888813704709
40
-0.13553888813704709
40
-0.1068338914072141
40
-0.1068338914072141
40
-0.078128894677381433
40
-0.078128894677381433
40
-0.039064447338690869
40
-0.039064447338690869
40
-0
40
-0
40
-0
40
-0
10
-121.78538085121659
20
57.004900982769556
30
1.5543122344752192e-14
10
-121.68970199636895
20
57.003976360240671
30
1.5543122344752192e-14
10
-121.59464921621968
20
56.989324199452696
30
1.5543122344752192e-14
10
-121.41161744562109
20
56.933462193414208
30
1.5543122344752192e-14
10
-121.32458225897508
20
56.892540400743783
30
1.5543122344752192e-14
10
-121.13597237361927
20
56.768217096746938
30
1.3322676295501878e-14
10
-121.04228865845811
20
56.676002795662683
30
1.3322676295501878e-14
10
-120.89554153494687
20
56.460854280027149
30
1.3322676295501878e-14
10
-120.84388110908093
20
56.339977002550356
30
1.3322676295501878e-14
10
-120.81684162956911
20
56.212600524904445
30
1.3322676295501878e-14
0
ARC
5
466
100
AcDbEntity
8
0
100
AcDbCircle
10
-70.000000000000014
20
67.000000000000085
30
1.3322676295501878e-14
40
51.949200000000005
210
3.4809458363501868e-31
220
-1.6397897722736095e-30
230
1
100
AcDbArc
50
191.98483866285312
51
192.56061588260147
0
SPLINE
5
467
100
AcDbEntity
8
0
100
AcDbSpline
70
0
71
3
72
14
73
10
74
0
42
0.000000001
43
0.0000000001
44
0.0000000001
40
-0.13553888813706325
40
-0.13553888813706325
40
-0.13553888813706325
40
-0.13553888813706325
40
-0.10683389140723705
40
-0.10683389140723705
40
-0.078128894677411381
40
-0.078128894677411381
40
-0.039064447338706232
40
-0.039064447338706232
40
-0
40
-0
40
-0
40
-0
10
-120.70587274232292
20
55.702484782955352
30
1.5543122344752192e-14
10
-120.68506426420966
20
55.609091499308285
30
1.5543122344752192e-14
10
-120.67776735457653
20
55.513193261891388
30
1.1102230246251565e-14
10
-120.69064358169439
20
55.322260301032635
30
1.1102230246251565e-14
10
-120.71075032214658
20
55.228210123902286
30
1.1102230246251565e-14
10
-120.78903669250766
20
55.016311051260793
30
1.1102230246251565e-14
10
-120.85758968836991
20
54.904147765961298
30
1.1102230246251565e-14
10
-121.03383091522886
20
54.712411926864128
30
1.1102230246251565e-14
10
-121.13983418403789
20
54.634672472192314
30
1.3322676295501878e-14
10
-121.25775350208366
20
54.579437203193407
30
1.3322676295501878e-14
0
SPLINE
5
468
100
AcDbEntity
8
0
100
AcDbSpline
70
0
71
3
72
10
73
6
74
0
42
0.000000001
43
0.0000000001
44
0.0000000001
40
-0.45316526996941431
40
-0.45316526996941431
40
-0.45316526996941431
40
-0.45316526996941431
40
-0.30958686083558257
40
-0.30958686083558257
40
-0
40
-0
40
-0
40
-0
10
-121.25775350208377
20
54.579437203193699
30
1.3322676295501878e-14
10
-121.93655777084115
20
54.261474574136997
30
1.3322676295501878e-14
10
-122.55510556750772
20
53.882715323835384
30
1.3322676295501878e-14
10
-123.82156457259804
20
53.058636042423956
30
1.5543122344752192e-14
10
-124.65935460616663
20
52.405372187327124
30
1.3322676295501878e-14
10
-125.43337315070278
20
51.722855596187294
30
1.3322676295501878e-14
0
ARC
5
469
100
AcDbEntity
8
0
100
AcDbCircle
10
-70.000000000000014
20
67.000000000000085
30
1.3322676295501878e-14
40
57.500000000000028
210
4.1918406829856639e-31
220
-1.5210163799345119e-30
230
1
100
AcDbArc
50
195.40792510884086
51
197.31934761843158
0
SPLINE
5
470
100
AcDbEntity
8
0
100
AcDbSpline
70
0
71
3
72
10
73
6
74
0
42
0.000000001
43
0.0000000001
44
0.0000000001
40
-0.11638461337929105
40
-0.11638461337929105
40
-0.11638461337929105
40
-0.11638461337929105
40
-0.054682959344880877
40
-0.054682959344880877
40
-0.037556248237499729
40
-0.037556248237499729
40
-0.037556248237499729
40
-0.037556248237499729
10
-124.89296883864245
20
49.882407526762634
30
1.5543122344752192e-14
10
-123.55469792296392
20
49.678148317135673
30
1.5543122344752192e-14
10
-122.13431422664407
20
49.572978129028165
30
1.3322676295501878e-14
10
-120.4218005056042
20
49.668884822033029
30
1.5543122344752192e-14
10
-120.10324286112618
20
49.700994328283265
30
1.5543122344752192e-14
10
-119.83582944234192
20
49.736808578260955
30
1.5543122344752192e-14
0
SPLINE
5
471
100
AcDbEntity
8
0
100
AcDbSpline
70
0
71
3
72
14
73
10
74
0
42
0.000000001
43
0.0000000001
44
0.0000000001
40
-0.13553888813706469
40
-0.13553888813706469
40
-0.13553888813706469
40
-0.13553888813706469
40
-0.10683389140722949
40
-0.10683389140722949
40
-0.078128894677393507
40
-0.078128894677393507
40
-0.039064447338696705
40
-0.039064447338696705
40
-0
40
-0
40
-0
40
-0
10
-119.83582944234195
20
49.736808578261048
30
1.5543122344752192e-14
10
-119.74099287277348
20
49.74950988781012
30
1.5543122344752192e-14
10
-119.64482237297842
20
49.748534285926659
30
1.5543122344752192e-14
10
-119.4557036095395
20
49.719289011394892
30
1.5543122344752192e-14
10
-119.36373053729341
20
49.691170142081106
30
1.5543122344752192e-14
10
-119.15934737771556
20
49.594954255390682
30
1.5543122344752192e-14
10
-119.05349376434869
20
49.517011145701417
30
1.5543122344752192e-14
10
-118.87762148875549
20
49.324936824886052
30
1.5543122344752192e-14
10
-118.80928426134163
20
49.21264194895555
30
1.5543122344752192e-14
10
-118.76439244192754
20
49.090410099344055
30
1.5543122344752192e-14
0
ARC
5
472
100
AcDbEntity
8
0
100
AcDbCircle
10
-70.000000000000014
20
67.000000000000085
30
1.3322676295501878e-14
40
51.949199999999998
210
4.012225328744368e-17
220
1.4735610684046179e-17
230
1
100
AcDbArc
50
200.16665684467128
51
200.7424340644196
0
SPLINE
5
473
100
AcDbEntity
8
0
100
AcDbSpline
70
0
71
3
72
14
73
10
74
0
42
0.000000001
43
0.0000000001
44
0.0000000001
40
-0.13553888813706411
40
-0.13553888813706411
40
-0.13553888813706411
40
-0.13553888813706411
40
-0.1068338914072292
40
-0.1068338914072292
40
-0.078128894677393854
40
-0.078128894677393854
40
-0.039064447338697204
40
-0.039064447338697204
40
-0
40
-0
40
-0
40
-0
10
-118.58195601863345
20
48.601279119363653
30
1.5543122344752192e-14
10
-118.54806809076598
20
48.511797799879488
30
1.5543122344752192e-14
10
-118.52719771100296
20
48.41791412675996
30
1.3322676295501878e-14
10
-118.5127702832491
20
48.227092109960246
30
1.3322676295501878e-14
10
-118.51928763032717
20
48.131137740508237
30
1.3322676295501878e-14
10
-118.56662077606445
20
47.910254182756077
30
1.3322676295501878e-14
10
-118.61851350146652
20
47.789476449455577
30
1.3322676295501878e-14
10
-118.76567399182262
20
47.574610463042745
30
1.3322676295501878e-14
10
-118.8595348222802
20
47.482576445871516
30
1.3322676295501878e-14
10
-118.96839309331932
20
47.411121723591393
30
1.3322676295501878e-14
0
SPLINE
5
474
100
AcDbEntity
8
0
100
AcDbSpline
70
0
71
3
72
10
73
6
74
0
42
0.000000001
43
0.0000000001
44
0.0000000001
40
-0.45316526996940754
40
-0.45316526996940754
40
-0.45316526996940754
40
-0.45316526996940754
40
-0.30958686083558257
40
-0.30958686083558257
40
-0
40
-0
40
-0
40
-0
10
-118.96839309331938
20
47.411121723591478
30
1.3322676295501878e-14
10
-119.59503731324459
20
46.999791575906983
30
1.3322676295501878e-14
10
-120.15338612376212
20
46.536859019000765
30
1.3322676295501878e-14
10
-121.28967569260524
20
45.540931767960728
30
1.3322676295501878e-14
10
-122.02596909173771
20
44.77508724384581
30
1.3322676295501878e-14
10
-122.69497700524617
20
43.989363363509931
30
1.1102230246251565e-14
0
ARC
5
475
100
AcDbEntity
8
0
100
AcDbCircle
10
-70.000000000000014
20
67.000000000000085
30
1.3322676295501878e-14
40
57.500000000000064
210
-3.5389445295011757e-17
220
-1.5453724676063136e-17
230
1
100
AcDbArc
50
203.58974329065904
51
205.50116580024977
0
SPLINE
5
476
100
AcDbEntity
8
0
100
AcDbSpline
70
0
71
3
72
10
73
6
74
0
42
0.000000001
43
0.0000000001
44
0.0000000001
40
-0.11638461337929105
40
-0.11638461337929105
40
-0.11638461337929105
40
-0.11638461337929105
40
-0.054682959344880877
40
-0.054682959344880877
40
-0.037556248237502449
40
-0.037556248237502449
40
-0.037556248237502449
40
-0.037556248237502449
10
-121.89815016053338
20
42.244555953998102
30
1.3322676295501878e-14
10
-120.54443179676527
20
42.232831617538302
30
1.3322676295501878e-14
10
-119.12353828013805
20
42.330873586330611
30
1.5543122344752192e-14
10
-117.44210442504186
20
42.669520200737281
30
1.5543122344752192e-14
10
-117.13135889725153
20
42.746638358166543
30
1.3322676295501878e-14
10
-116.87176426068568
20
42.820144968165735
30
1.3322676295501878e-14
0
SPLINE
5
477
100
AcDbEntity
8
0
100
AcDbSpline
70
0
71
3
72
14
73
10
74
0
42
0.000000001
43
0.0000000001
44
0.0000000001
40
-0.1355388881370696
40
-0.1355388881370696
40
-0.1355388881370696
40
-0.1355388881370696
40
-0.10683389140722073
40
-0.10683389140722073
40
-0.078128894677370705
40
-0.078128894677370705
40
-0.039064447338684943
40
-0.039064447338684943
40
-0
40
-0
40
-0
40
-0
10
-116.87176426068562
20
42.82014496816555
30
1.3322676295501878e-14
10
-116.77970057546662
20
42.846213647757779
30
1.3322676295501878e-14
10
-116.68437011006876
20
42.858934465219825
30
1.3322676295501878e-14
10
-116.49301426643957
20
42.856901271647871
30
1.3322676295501878e-14
10
-116.39797561511587
20
42.842157744781851
30
1.3322676295501878e-14
10
-116.18197983305267
20
42.776007953387179
30
1.3322676295501878e-14
10
-116.06611119579165
20
42.713922732036835
30
1.3322676295501878e-14
10
-115.86469402047386
20
42.548832685316917
30
1.3322676295501878e-14
10
-115.781071140394
20
42.447406210775014
30
1.3322676295501878e-14
10
-115.71924084906362
20
42.332807277168534
30
1.3322676295501878e-14
0
ARC
5
478
100
AcDbEntity
8
0
100
AcDbCircle
10
-70.000000000000014
20
67.000000000000085
30
1.3322676295501878e-14
40
51.949200000000005
210
6.5551003607446477e-31
220
-1.2149506251081267e-30
230
1
100
AcDbArc
50
208.34847502648958
51
208.92425224623773
0
SPLINE
5
479
100
AcDbEntity
8
0
100
AcDbSpline
70
0
71
3
72
14
73
10
74
0
42
0.000000001
43
0.0000000001
44
0.0000000001
40
-0.13553888813704487
40
-0.13553888813704487
40
-0.13553888813704487
40
-0.13553888813704487
40
-0.10683389140720757
40
-0.10683389140720757
40
-0.078128894677369914
40
-0.078128894677369914
40
-0.039064447338680759
40
-0.039064447338680759
40
-0
40
-0
40
-0
40
-0
10
-115.46905076919673
20
41.874618355372071
30
1.5543122344752192e-14
10
-115.42277325206173
20
41.790870581672721
30
1.5543122344752192e-14
10
-115.3887542629156
20
41.70091267369714
30
1.3322676295501878e-14
10
-115.34731688111381
20
41.514086186933284
30
1.3322676295501878e-14
10
-115.3401121604257
20
41.418180979412128
30
1.3322676295501878e-14
10
-115.35552851518945
20
41.192809488809544
30
1.3322676295501878e-14
10
-115.3897045838884
20
41.065875993863813
30
1.3322676295501878e-14
10
-115.50478857453383
20
40.832253911996332
30
1.3322676295501878e-14
10
-115.58459623080412
20
40.727798879511113
30
1.3322676295501878e-14
10
-115.68217741435953
20
40.641579316037017
30
1.3322676295501878e-14
0
SPLINE
5
480
100
AcDbEntity
8
0
100
AcDbSpline
70
0
71
3
72
10
73
6
74
0
42
0.000000001
43
0.0000000001
44
0.0000000001
40
-0.45316526996940776
40
-0.45316526996940776
40
-0.45316526996940776
40
-0.45316526996940776
40
-0.30958686083558257
40
-0.30958686083558257
40
-0
40
-0
40
-0
40
-0
10
-115.68217741435951
20
40.641579316036854
30
1.3322676295501878e-14
10
-116.24390491622775
20
40.145255145353318
30
1.3322676295501878e-14
10
-116.73068836895901
20
39.60757325371371
30
1.1102230246251565e-14
10
-117.71367692272187
20
38.460072239859223
30
1.5543122344752192e-14
10
-118.33348487710667
20
37.597237432723951
30
1.5543122344752192e-14
10
-118.88386308772792
20
36.724301335555111
30
1.5543122344752192e-14
0
ARC
5
481
100
AcDbEntity
8
0
100
AcDbCircle
10
-70.000000000000014
20
67.000000000000085
30
1.3322676295501878e-14
40
57.500000000000007
210
3.2829937441282754e-17
220
2.0332871225030164e-17
230
1
100
AcDbArc
50
211.77156147247723
51
213.68298398206795
0
SPLINE
5
482
100
AcDbEntity
8
0
100
AcDbSpline
70
0
71
3
72
10
73
6
74
0
42
0.000000001
43
0.0000000001
44
0.0000000001
40
-0.11638461337929105
40
-0.11638461337929105
40
-0.11638461337929105
40
-0.11638461337929105
40
-0.054682959344880877
40
-0.054682959344880877
40
-0.037556248237499014
40
-0.037556248237499014
40
-0.037556248237499014
40
-0.037556248237499014
10
-117.84683480706215
20
35.110653833204687
30
1.5543122344752192e-14
10
-116.50522679728937
20
35.291703043592186
30
1.3322676295501878e-14
10
-115.11274875483485
20
35.590961317529391
30
1.3322676295501878e-14
10
-113.49662391011714
20
36.16545398484476
30
1.5543122344752192e-14
10
-113.20001638184414
20
36.286010890158316
30
1.5543122344752192e-14
10
-112.95352512568796
20
36.39571347757493
30
1.5543122344752192e-14
0
SPLINE
5
483
100
AcDbEntity
8
0
100
AcDbSpline
70
0
71
3
72
14
73
10
74
0
42
0.000000001
43
0.0000000001
44
0.0000000001
40
-0.13553888813705672
40
-0.13553888813705672
40
-0.13553888813705672
40
-0.13553888813705672
40
-0.10683389140721868
40
-0.10683389140721868
40
-0.078128894677380822
40
-0.078128894677380822
40
-0.039064447338690474
40
-0.039064447338690474
40
-0
40
-0
40
-0
40
-0
10
-112.95352512568792
20
36.395713477574873
30
1.5543122344752192e-14
10
-112.86610847595978
20
36.434618844069519
30
1.5543122344752192e-14
10
-112.77355869832432
20
36.460777121717285
30
1.5543122344752192e-14
10
-112.58386122765663
20
36.485997399062981
30
1.5543122344752192e-14
10
-112.48769171012752
20
36.48492935033488
30
1.5543122344752192e-14
10
-112.26448035682139
20
36.450192273228538
30
1.5543122344752192e-14
10
-112.14095544698326
20
36.405228816284776
30
1.5543122344752192e-14
10
-111.91809364479113
20
36.270483800931075
30
1.5543122344752192e-14
10
-111.82088743273516
20
36.181990478309615
30
1.5543122344752192e-14
10
-111.74337735591608
20
36.077357364520296
30
1.5543122344752192e-14
0
ARC
5
484
100
AcDbEntity
8
0
100
AcDbCircle
10
-70.000000000000014
20
67.000000000000085
30
1.3322676295501878e-14
40
51.949199999999976
210
3.4345518840246969e-17
220
2.5442459918172261e-17
230
1
100
AcDbArc
50
216.53029320830768
51
217.10607042805594
0
SPLINE
5
485
100
AcDbEntity
8
0
100
AcDbSpline
70
0
71
3
72
14
73
10
74
0
42
0.000000001
43
0.0000000001
44
0.0000000001
40
-0.13553888813707329
40
-0.13553888813707329
40
-0.13553888813707329
40
-0.13553888813707329
40
-0.10683389140722564
40
-0.10683389140722564
40
-0.078128894677378671
40
-0.078128894677378671
40
-0.039064447338689016
40
-0.039064447338689016
40
-0
40
-0
40
-0
40
-0
10
-111.43052676801383
20
35.659437906047643
30
1.3322676295501878e-14
10
-111.37280173840681
20
35.583128541296965
30
1.1102230246251565e-14
10
-111.3263266683939
20
35.4989276820545
30
1.1102230246251565e-14
10
-111.25872287814212
20
35.319899973833877
30
1.1102230246251565e-14
10
-111.23794275702431
20
35.225996281700901
30
1.1102230246251565e-14
10
-111.22112848828864
20
35.000724771878787
30
1.1102230246251565e-14
10
-111.23689217408142
20
34.870219515198912
30
1.1102230246251565e-14
10
-111.3175568868415
20
34.622597209753053
30
1.1102230246251565e-14
10
-111.38168671518915
20
34.507847565191717
30
1.3322676295501878e-14
10
-111.46600433976465
20
34.408618342199233
30
1.5543122344752192e-14
0
SPLINE
5
486
100
AcDbEntity
8
0
100
AcDbSpline
70
0
71
3
72
10
73
6
74
0
42
0.000000001
43
0.0000000001
44
0.0000000001
40
-0.45316526996939871
40
-0.45316526996939871
40
-0.45316526996939871
40
-0.45316526996939871
40
-0.30958686083558257
40
-0.30958686083558257
40
-0
40
-0
40
-0
40
-0
10
-111.46600433976458
20
34.408618342199169
30
1.5543122344752192e-14
10
-111.9513799715258
20
33.837403877350681
30
1.5543122344752192e-14
10
-112.35668855914101
20
33.235918303745379
30
1.5543122344752192e-14
10
-113.16636528557385
20
31.960203338598863
30
1.5543122344752192e-14
10
-113.65707029263829
20
31.017943076906398
30
1.3322676295501878e-14
10
-114.07761468716375
20
30.07556522450313
30
1.3322676295501878e-14
0
ARC
5
487
100
AcDbEntity
8
0
100
AcDbCircle
10
-70.000000000000014
20
67.000000000000085
30
1.3322676295501878e-14
40
57.500000000000007
210
7.5986720978536472e-31
220
-9.0707235709821982e-31
230
1
100
AcDbArc
50
219.95337965429545
51
221.86480216388608
0
SPLINE
5
488
100
AcDbEntity
8
0
100
AcDbSpline
70
0
71
3
72
10
73
6
74
0
42
0.000000001
43
0.0000000001
44
0.0000000001
40
-0.11638461337929105
40
-0.11638461337929105
40
-0.11638461337929105
40
-0.11638461337929105
40
-0.054682959344880877
40
-0.054682959344880877
40
-0.037556248237489626
40
-0.037556248237489626
40
-0.037556248237489626
40
-0.037556248237489626
10
-112.82149587579678
20
28.62592683908683
30
1.5543122344752192e-14
10
-111.51930949022028
20
28.996063956500947
30
1.5543122344752192e-14
10
-110.1835937593077
20
29.490446500115297
30
1.3322676295501878e-14
10
-108.66567756628763
20
30.289090206332951
30
1.3322676295501878e-14
10
-108.38924611146196
20
30.450631668595982
30
1.3322676295501878e-14
10
-108.16087608686873
20
30.594297005106487
30
1.3322676295501878e-14
0
SPLINE
5
489
100
AcDbEntity
8
0
100
AcDbSpline
70
0
71
3
72
14
73
10
74
0
42
0.000000001
43
0.0000000001
44
0.0000000001
40
-0.13553888813701181
40
-0.13553888813701181
40
-0.13553888813701181
40
-0.13553888813701181
40
-0.1068338914071959
40
-0.1068338914071959
40
-0.078128894677379643
40
-0.078128894677379643
40
-0.039064447338689537
40
-0.039064447338689537
40
-0
40
-0
40
-0
40
-0
10
-108.1608760868687
20
30.594297005106426
30
1.3322676295501878e-14
10
-108.07988602353106
20
30.645247057435444
30
1.3322676295501878e-14
10
-107.99200098023918
20
30.684310288170241
30
1.3322676295501878e-14
10
-107.80782357599351
20
30.736270624316035
30
1.3322676295501878e-14
10
-107.71248092630591
20
30.748899796117939
30
1.3322676295501878e-14
10
-107.48659794122185
20
30.746282580016331
30
1.3322676295501878e-14
10
-107.35793136975451
20
30.719356213798651
30
1.3322676295501878e-14
10
-107.11816176430032
20
30.617699249751247
30
1.3322676295501878e-14
10
-107.00935105842616
20
30.543940547905144
30
1.3322676295501878e-14
10
-106.91773907776184
20
30.451403282392768
30
1.3322676295501878e-14
0
ARC
5
490
100
AcDbEntity
8
0
100
AcDbCircle
10
-70.000000000000014
20
67.000000000000085
30
1.3322676295501878e-14
40
51.949199999999998
210
7.2843631484627989e-31
220
-7.3579355218598518e-31
230
1
100
AcDbArc
50
224.71211139012587
51
225.28788860987407
0
SPLINE
5
491
100
AcDbEntity
8
0
100
AcDbSpline
70
0
71
3
72
14
73
10
74
0
42
0.000000001
43
0.0000000001
44
0.0000000001
40
-0.13553888813705731
40
-0.13553888813705731
40
-0.13553888813705731
40
-0.13553888813705731
40
-0.1068338914072169
40
-0.1068338914072169
40
-0.078128894677375549
40
-0.078128894677375549
40
-0.039064447338688205
40
-0.039064447338688205
40
-0
40
-0
40
-0
40
-0
10
-106.54859671760735
20
30.082260922238277
30
1.5543122344752192e-14
10
-106.48059929066589
20
30.014943405044608
30
1.5543122344752192e-14
10
-106.42261423818864
20
29.938213681214268
30
1.5543122344752192e-14
10
-106.33022025770317
20
29.770629239403075
30
1.5543122344752192e-14
10
-106.29628775949672
20
29.680638671034266
30
1.5543122344752192e-14
10
-106.24758515728468
20
29.460053020303278
30
1.5543122344752192e-14
10
-106.24461555698721
20
29.328632712569185
30
1.5543122344752192e-14
10
-106.28921889092791
20
29.072051059600081
30
1.5543122344752192e-14
10
-106.33636539298288
20
28.949342774815264
30
1.5543122344752192e-14
10
-106.40570299489403
20
28.839123913131068
30
1.5543122344752192e-14
0
SPLINE
5
492
100
AcDbEntity
8
0
100
AcDbSpline
70
0
71
3
72
10
73
6
74
0
42
0.000000001
43
0.0000000001
44
0.0000000001
40
-0.45316526996940737
40
-0.45316526996940737
40
-0.45316526996940737
40
-0.45316526996940737
40
-0.30958686083558257
40
-0.30958686083558257
40
-0
40
-0
40
-0
40
-0
10
-106.40570299489389
20
28.839123913130997
30
1.5543122344752192e-14
10
-106.80484590839333
20
28.20464743337546
30
1.5543122344752192e-14
10
-107.12042871686207
20
27.551602689541621
30
1.5543122344752192e-14
10
-107.74031093272966
20
26.173643650935254
30
1.3322676295501878e-14
10
-108.09192365360624
20
25.171139636359456
30
1.5543122344752192e-14
10
-108.3740731609133
20
24.178504124203357
30
1.5543122344752192e-14
0
ARC
5
493
100
AcDbEntity
8
0
100
AcDbCircle
10
-70.000000000000014
20
67.000000000000085
30
1.3322676295501878e-14
40
57.5
210
2.5771662500958682e-17
220
2.8758509290101885e-17
230
1
100
AcDbArc
50
228.1351978361136
51
230.04662034570427
0
SPLINE
5
494
100
AcDbEntity
8
0
100
AcDbSpline
70
0
71
3
72
10
73
6
74
0
42
0.000000001
43
0.0000000001
44
0.0000000001
40
-0.11638461337929105
40
-0.11638461337929105
40
-0.11638461337929105
40
-0.11638461337929105
40
-0.054682959344880877
40
-0.054682959344880877
40
-0.037556248237493393
40
-0.037556248237493393
40
-0.037556248237493393
40
-0.037556248237493393
10
-106.92443477549701
20
22.922385312836376
30
1.3322676295501878e-14
10
-105.68817877373166
20
23.474075412953866
30
1.3322676295501878e-14
10
-104.43641667475637
20
24.153518023338883
30
1.3322676295501878e-14
10
-103.04760952981523
20
25.16005468569837
30
1.3322676295501878e-14
10
-102.79698149569481
20
25.359292186586167
30
1.3322676295501878e-14
10
-102.5913816578006
20
25.533995660235817
30
1.3322676295501878e-14
0
SPLINE
5
495
100
AcDbEntity
8
0
100
AcDbSpline
70
0
71
3
72
14
73
10
74
0
42
0.000000001
43
0.0000000001
44
0.0000000001
40
-0.13553888813703308
40
-0.13553888813703308
40
-0.13553888813703308
40
-0.13553888813703308
40
-0.10683389140720867
40
-0.10683389140720867
40
-0.078128894677384819
40
-0.078128894677384819
40
-0.039064447338692167
40
-0.039064447338692167
40
-0
40
-0
40
-0
40
-0
10
-102.5913816578006
20
25.533995660235806
30
1.3322676295501878e-14
10
-102.51846690498694
20
25.59595320226169
30
1.3322676295501878e-14
10
-102.43703568208042
20
25.647126171354884
30
1.3322676295501878e-14
10
-102.26212766508327
20
25.724768803698169
30
1.3322676295501878e-14
10
-102.16955278463922
20
25.750838102511739
30
1.3322676295501878e-14
10
-101.94559649396069
20
25.780394026387256
30
1.3322676295501878e-14
10
-101.81440754121542
20
25.772052894062611
30
1.3322676295501878e-14
10
-101.56261115022778
20
25.705553423955017
30
1.3322676295501878e-14
10
-101.44441102272285
20
25.648030857351323
30
1.3322676295501878e-14
10
-101.34056209395249
20
25.569473231986272
30
1.3322676295501878e-14
0
ARC
5
496
100
AcDbEntity
8
0
100
AcDbCircle
10
-70.000000000000014
20
67.000000000000085
30
1.3322676295501878e-14
40
51.949200000000005
210
6.6845313360212796e-31
220
-5.0565847395231978e-31
230
1
100
AcDbArc
50
232.89392957194406
51
233.4697067916922
0
SPLINE
5
497
100
AcDbEntity
8
0
100
AcDbSpline
70
0
71
3
72
14
73
10
74
0
42
0.000000001
43
0.0000000001
44
0.0000000001
40
-0.13553888813705778
40
-0.13553888813705778
40
-0.13553888813705778
40
-0.13553888813705778
40
-0.10683389140723065
40
-0.10683389140723065
40
-0.078128894677389621
40
-0.078128894677389621
40
-0.039064447338712477
40
-0.039064447338712477
40
-0
40
-0
40
-0
40
-0
10
-100.92264263547978
20
25.25662264408399
30
1.5543122344752192e-14
10
-100.84575704272805
20
25.199667364969713
30
1.5543122344752192e-14
10
-100.77744241623984
20
25.131970772458416
30
1.5543122344752192e-14
10
-100.66213912052115
20
24.979241133018295
30
1.5543122344752192e-14
10
-100.6157450130363
20
24.894995636874249
30
1.5543122344752192e-14
10
-100.53614552188228
20
24.683586332966776
30
1.5543122344752192e-14
10
-100.51450308799305
20
24.55392631265908
30
1.5543122344752192e-14
10
-100.52213704786075
20
24.293608574700745
30
1.5543122344752192e-14
10
-100.55134045680015
20
24.165439636509156
30
1.5543122344752192e-14
10
-100.60428652242513
20
24.046474874312096
30
1.5543122344752192e-14
0
SPLINE
5
498
100
AcDbEntity
8
0
100
AcDbSpline
70
0
71
3
72
10
73
6
74
0
42
0.000000001
43
0.0000000001
44
0.0000000001
40
-0.45316526996940421
40
-0.45316526996940421
40
-0.45316526996940421
40
-0.45316526996940421
40
-0.30958686083558257
40
-0.30958686083558257
40
-0
40
-0
40
-0
40
-0
10
-100.6042865224252
20
24.046474874312107
30
1.5543122344752192e-14
10
-100.90907131897738
20
23.36165249109844
30
1.5543122344752192e-14
10
-101.12850399238461
20
22.67034268479491
30
1.3322676295501878e-14
10
-101.54597268336451
20
21.218190845049023
30
1.5543122344752192e-14
10
-101.75133529702359
20
20.175851168343808
30
1.5543122344752192e-14
10
-101.88934616679541
20
19.153165192937944
30
1.5543122344752192e-14
0
ARC
5
499
100
AcDbEntity
8
0
100
AcDbCircle
10
-70.000000000000014
20
67.000000000000085
30
1.3322676295501878e-14
40
57.500000000000014
210
2.1416581537765883e-17
220
3.2133479112732573e-17
230
1
100
AcDbArc
50
236.31701601793179
51
238.22843852752251
0
SPLINE
5
500
100
AcDbEntity
8
0
100
AcDbSpline
70
0
71
3
72
10
73
6
74
0
42
0.000000001
43
0.0000000001
44
0.0000000001
40
-0.11638461337929105
40
-0.11638461337929105
40
-0.11638461337929105
40
-0.11638461337929105
40
-0.054682959344880877
40
-0.054682959344880877
40
-0.037556248237491797
40
-0.037556248237491797
40
-0.037556248237491797
40
-0.037556248237491797
10
-100.275698664445
20
18.116136912272182
30
1.3322676295501878e-14
10
-99.130539653618882
20
18.838149175597529
30
1.1102230246251565e-14
10
-97.988213453132161
20
19.68882036055647
30
1.3322676295501878e-14
10
-96.756787464751781
20
20.882759795224271
30
1.5543122344752192e-14
10
-96.537064915359764
20
21.115637433772427
30
1.3322676295501878e-14
10
-96.358420683963018
20
21.31782258564084
30
1.3322676295501878e-14
0
SPLINE
5
501
100
AcDbEntity
8
0
100
AcDbSpline
70
0
71
3
72
14
73
10
74
0
42
0.000000001
43
0.0000000001
44
0.0000000001
40
-0.13553888813702578
40
-0.13553888813702578
40
-0.13553888813702578
40
-0.13553888813702578
40
-0.10683389140720354
40
-0.10683389140720354
40
-0.078128894677381766
40
-0.078128894677381766
40
-0.039064447338690675
40
-0.039064447338690675
40
-0
40
-0
40
-0
40
-0
10
-96.35842068396299
20
21.317822585640798
30
1.3322676295501878e-14
10
-96.295065575771787
20
21.389526340478664
30
1.3322676295501878e-14
10
-96.221745878120814
20
21.451767313850141
30
1.3322676295501878e-14
10
-96.059667871205207
20
21.553511662299254
30
1.3322676295501878e-14
10
-95.971745317606704
20
21.592490392378288
30
1.3322676295501878e-14
10
-95.754274825575351
20
21.653617782853072
30
1.3322676295501878e-14
10
-95.623234120312389
20
21.664031685821747
30
1.3322676295501878e-14
10
-95.364536792190947
20
21.63404344709674
30
1.3322676295501878e-14
10
-95.239353456790269
20
21.593928009310126
30
1.3322676295501878e-14
10
-95.125381644628021
20
21.530949230803358
30
1.5543122344752192e-14
0
ARC
5
502
100
AcDbEntity
8
0
100
AcDbCircle
10
-70.000000000000014
20
67.000000000000085
30
1.3322676295501878e-14
40
51.949199999999998
210
2.0672603016431972e-17
220
3.741091973767243e-17
230
1
100
AcDbArc
50
241.07574775376227
51
241.6515249735105
0
SPLINE
5
503
100
AcDbEntity
8
0
100
AcDbSpline
70
0
71
3
72
14
73
10
74
0
42
0.000000001
43
0.0000000001
44
0.0000000001
40
-0.13553888813705775
40
-0.13553888813705775
40
-0.13553888813705775
40
-0.13553888813705775
40
-0.10683389140722219
40
-0.10683389140722219
40
-0.07812889467738407
40
-0.07812889467738407
40
-0.039064447338696427
40
-0.039064447338696427
40
-0
40
-0
40
-0
40
-0
10
-94.667192722831516
20
21.280759150936461
30
1.7763568394002505e-14
10
-94.582984133218133
20
21.235325555138829
30
1.7763568394002505e-14
10
-94.505730621511091
20
21.178040201349233
30
1.3322676295501878e-14
10
-94.36986525315271
20
21.043274499303237
30
1.5543122344752192e-14
10
-94.311953986628296
20
20.966489070741517
30
1.5543122344752192e-14
10
-94.203078022626116
20
20.768559797431003
30
1.3322676295501878e-14
10
-94.163203332687445
20
20.643299568654491
30
1.3322676295501878e-14
10
-94.133712513073704
20
20.384545064157447
30
1.3322676295501878e-14
10
-94.144378331707685
20
20.253524622532069
30
1.5543122344752192e-14
10
-94.179855031834222
20
20.128235739314579
30
1.5543122344752192e-14
0
SPLINE
5
504
100
AcDbEntity
8
0
100
AcDbSpline
70
0
71
3
72
10
73
6
74
0
42
0.000000001
43
0.0000000001
44
0.0000000001
40
-0.45316526996940398
40
-0.45316526996940398
40
-0.45316526996940398
40
-0.45316526996940398
40
-0.30958686083558257
40
-0.30958686083558257
40
-0
40
-0
40
-0
40
-0
10
-94.179855031834322
20
20.128235739314519
30
1.3322676295501878e-14
10
-94.384077171907961
20
19.407008461500148
30
1.5543122344752192e-14
10
-94.502892693814914
20
18.69150666681054
30
1.5543122344752192e-14
10
-94.709449401239112
20
17.194723649722263
30
1.5543122344752192e-14
10
-94.764381317083433
20
16.133767340845928
30
1.5543122344752192e-14
10
-94.755444046001998
20
15.10184983946675
30
1.5543122344752192e-14
0
ARC
5
505
100
AcDbEntity
8
0
100
AcDbCircle
10
-70.000000000000014
20
67.000000000000085
30
1.3322676295501878e-14
40
57.500000000000014
210
1.6625520734785163e-17
220
3.485430396592971e-17
230
1
100
AcDbArc
50
244.49883419975001
51
246.41025670934067
0
SPLINE
5
506
100
AcDbEntity
8
0
100
AcDbSpline
70
0
71
3
72
10
73
6
74
0
42
0.000000001
43
0.0000000001
44
0.0000000001
40
-0.11638461337929105
40
-0.11638461337929105
40
-0.11638461337929105
40
-0.11638461337929105
40
-0.054682959344880877
40
-0.054682959344880877
40
-0.037556248237500901
40
-0.037556248237500901
40
-0.037556248237500901
40
-0.037556248237500901
10
-93.010636636490162
20
14.305022994753953
30
1.3322676295501878e-14
10
-91.979886751697805
20
15.18265933371727
30
1.5543122344752192e-14
10
-90.970250916944835
20
16.187241881057499
30
1.5543122344752192e-14
10
-89.921274367109476
20
17.54427892418061
30
1.5543122344752192e-14
10
-89.736930219924062
20
17.80605598323179
30
1.3322676295501878e-14
10
-89.588878276408664
20
18.031606906680679
30
1.3322676295501878e-14
0
SPLINE
5
507
100
AcDbEntity
8
0
100
AcDbSpline
70
0
71
3
72
14
73
10
74
0
42
0.000000001
43
0.0000000001
44
0.0000000001
40
-0.13553888813707493
40
-0.13553888813707493
40
-0.13553888813707493
40
-0.13553888813707493
40
-0.10683389140723883
40
-0.10683389140723883
40
-0.078128894677401958
40
-0.078128894677401958
40
-0.039064447338700951
40
-0.039064447338700951
40
-0
40
-0
40
-0
40
-0
10
-89.588878276408849
20
18.031606906680793
30
1.3322676295501878e-14
10
-89.536372540141826
20
18.111597192658753
30
1.3322676295501878e-14
10
-89.472656945353975
20
18.183639123578867
30
1.3322676295501878e-14
10
-89.326708389346265
20
18.307413966605928
30
1.3322676295501878e-14
10
-89.245228012236794
20
18.358508633411425
30
1.3322676295501878e-14
10
-89.03867039093717
20
18.449963113092274
30
1.3322676295501878e-14
10
-88.910445544025436
20
18.478920054321073
30
1.3322676295501878e-14
10
-88.650113610349237
20
18.486053521040155
30
1.3322676295501878e-14
10
-88.520495438762552
20
18.464161846700566
30
1.1102230246251565e-14
10
-88.398720880636489
20
18.418043981366672
30
1.1102230246251565e-14
0
ARC
5
508
100
AcDbEntity
8
0
100
AcDbCircle
10
-70.000000000000014
20
67.000000000000085
30
1.3322676295501878e-14
40
51.949199999999998
210
-1.5138056733034379e-17
220
-3.9972148671806388e-17
230
1
100
AcDbArc
50
249.25756593558032
51
249.83334315532861
0
SPLINE
5
509
100
AcDbEntity
8
0
100
AcDbSpline
70
0
71
3
72
14
73
10
74
0
42
0.000000001
43
0.0000000001
44
0.0000000001
40
-0.13553888813704518
40
-0.13553888813704518
40
-0.13553888813704518
40
-0.13553888813704518
40
-0.10683389140721389
40
-0.10683389140721389
40
-0.07812889467738518
40
-0.07812889467738518
40
-0.039064447338693714
40
-0.039064447338693714
40
-0
40
-0
40
-0
40
-0
10
-87.909589900656101
20
18.23560755807258
30
1.3322676295501878e-14
10
-87.819772558228124
20
18.202620542582395
30
1.3322676295501878e-14
10
-87.735152820019934
20
18.156912592120371
30
1.3322676295501878e-14
10
-87.581491206118315
20
18.042854268530011
30
1.3322676295501878e-14
10
-87.513241686938443
20
17.975092037445268
30
1.3322676295501878e-14
10
-87.377305650742869
20
17.794672063955474
30
1.3322676295501878e-14
10
-87.320010438452783
20
17.676361563747385
30
1.3322676295501878e-14
10
-87.253995187400406
20
17.424437788236837
30
1.3322676295501878e-14
10
-87.245906290419299
20
17.293233041537306
30
1.3322676295501878e-14
10
-87.263191421739194
20
17.164170557658352
30
1.3322676295501878e-14
0
SPLINE
5
510
100
AcDbEntity
8
0
100
AcDbSpline
70
0
71
3
72
10
73
6
74
0
42
0.000000001
43
0.0000000001
44
0.0000000001
40
-0.45316526996942069
40
-0.45316526996942069
40
-0.45316526996942069
40
-0.45316526996942069
40
-0.30958686083558257
40
-0.30958686083558257
40
-0
40
-0
40
-0
40
-0
10
-87.263191421739151
20
17.164170557658398
30
1.3322676295501878e-14
10
-87.362693531490194
20
16.421220492771795
30
1.3322676295501878e-14
10
-87.378473160506701
20
15.696092262899111
30
1.5543122344752192e-14
10
-87.369912985472396
20
14.185148254330509
30
1.3322676295501878e-14
10
-87.273295948105954
20
13.127173324186421
30
1.3322676295501878e-14
10
-87.117592473237494
20
12.107031161357682
30
1.3322676295501878e-14
0
ARC
5
511
100
AcDbEntity
8
0
100
AcDbCircle
10
-70.000000000000014
20
67.000000000000085
30
1.3322676295501878e-14
40
57.500000000000028
210
2.1180774662763238e-31
220
-6.6049236653679623e-32
230
1
100
AcDbArc
50
252.68065238156814
51
254.59207489115886
0
SPLINE
5
512
100
AcDbEntity
8
0
100
AcDbSpline
70
0
71
3
72
10
73
6
74
0
42
0.000000001
43
0.0000000001
44
0.0000000001
40
-0.11638461337929105
40
-0.11638461337929105
40
-0.11638461337929105
40
-0.11638461337929105
40
-0.054682959344880877
40
-0.054682959344880877
40
-0.037556248237499958
40
-0.037556248237499958
40
-0.037556248237499958
40
-0.037556248237499958
10
-85.277144403812827
20
11.566626849297332
30
1.5543122344752192e-14
10
-84.381786740271366
20
12.582021118931541
30
1.5543122344752192e-14
10
-83.525394545298411
20
13.720064624966053
30
1.3322676295501878e-14
10
-82.680221571564019
20
15.212573915718304
30
1.3322676295501878e-14
10
-82.535008541817092
20
15.497921369252987
30
1.3322676295501878e-14
10
-82.420562796806507
20
15.742246497916215
30
1.3322676295501878e-14
0
SPLINE
5
513
100
AcDbEntity
8
0
100
AcDbSpline
70
0
71
3
72
14
73
10
74
0
42
0.000000001
43
0.0000000001
44
0.0000000001
40
-0.13553888813706857
40
-0.13553888813706857
40
-0.13553888813706857
40
-0.13553888813706857
40
-0.10683389140723085
40
-0.10683389140723085
40
-0.078128894677393729
40
-0.078128894677393729
40
-0.039064447338696934
40
-0.039064447338696934
40
-0
40
-0
40
-0
40
-0
10
-82.420562796806593
20
15.742246497916268
30
1.3322676295501878e-14
10
-82.379975297840133
20
15.828894943484704
30
1.3322676295501878e-14
10
-82.327160871684711
20
15.909271265991665
30
1.3322676295501878e-14
10
-82.200312858304443
20
16.052556904729762
30
1.3322676295501878e-14
10
-82.126933363191966
20
16.114727368190387
30
1.3322676295501878e-14
10
-81.935493530130842
20
16.234647187603926
30
1.3322676295501878e-14
10
-81.812694829683608
20
16.281557687274322
30
1.3322676295501878e-14
10
-81.556027897887034
20
16.325667642626314
30
1.3322676295501878e-14
10
-81.424613542299994
20
16.322445383092958
30
1.3322676295501878e-14
10
-81.297515217044747
20
16.294127257677211
30
1.3322676295501878e-14
0
ARC
5
514
100
AcDbEntity
8
0
100
AcDbCircle
10
-70.000000000000014
20
67.000000000000085
30
1.3322676295501878e-14
40
51.949199999999998
210
1.2030948224278002e-31
220
-2.6805538153336876e-32
230
1
100
AcDbArc
50
257.43938411739856
51
258.01516133714682
0
SPLINE
5
515
100
AcDbEntity
8
0
100
AcDbSpline
70
0
71
3
72
14
73
10
74
0
42
0.000000001
43
0.0000000001
44
0.0000000001
40
-0.13553888813705703
40
-0.13553888813705703
40
-0.13553888813705703
40
-0.13553888813705703
40
-0.10683389140722153
40
-0.10683389140722153
40
-0.078128894677386068
40
-0.078128894677386068
40
-0.039064447338692659
40
-0.039064447338692659
40
-0
40
-0
40
-0
40
-0
10
-80.787399475095668
20
16.183158370431006
30
1.5543122344752192e-14
10
-80.693801801933077
20
16.163289455756924
30
1.5543122344752192e-14
10
-80.603538451070435
20
16.130089390683011
30
1.3322676295501878e-14
10
-80.435208698961063
20
16.039060344099472
30
1.3322676295501878e-14
10
-80.358010290520923
20
15.981700754106392
30
1.3322676295501878e-14
10
-80.19778144782174
20
15.822462910809261
30
1.3322676295501878e-14
10
-80.124232078476751
20
15.713510599774523
30
1.5543122344752192e-14
10
-80.023036276125026
20
15.473545994831648
30
1.5543122344752192e-14
10
-79.996357330144718
20
15.34482789333758
30
1.5543122344752192e-14
10
-79.995099017230501
20
15.214619148783459
30
1.5543122344752192e-14
0
SPLINE
5
516
100
AcDbEntity
8
0
100
AcDbSpline
70
0
71
3
72
10
73
6
74
0
42
0.000000001
43
0.0000000001
44
0.0000000001
40
-0.45316526996940837
40
-0.45316526996940837
40
-0.45316526996940837
40
-0.45316526996940837
40
-0.30958686083558257
40
-0.30958686083558257
40
-0
40
-0
40
-0
40
-0
10
-79.995099017230501
20
15.21461914878345
30
1.5543122344752192e-14
10
-79.987855520645198
20
14.465070617654847
30
1.3322676295501878e-14
10
-79.900278029028769
20
13.745077472262297
30
1.3322676295501878e-14
10
-79.676775232014108
20
12.250730935025205
30
1.5543122344752192e-14
10
-79.430576085697155
20
11.217274702243358
30
1.5543122344752192e-14
10
-79.13127608077825
20
10.229675030553178
30
1.3322676295501878e-14
0
ARC
5
517
100
AcDbEntity
8
0
100
AcDbCircle
10
-70.000000000000014
20
67.000000000000085
30
1.3322676295501878e-14
40
57.5
210
1.2169535311141854e-32
220
-1.9574203029597044e-33
230
1
100
AcDbArc
50
260.86247056338635
51
262.77389307297705
0
SPLINE
5
518
100
AcDbEntity
8
0
100
AcDbSpline
70
0
71
3
72
10
73
6
74
0
42
0.000000001
43
0.0000000001
44
0.0000000001
40
-0.11638461337929105
40
-0.11638461337929105
40
-0.11638461337929105
40
-0.11638461337929105
40
-0.054682959344880877
40
-0.054682959344880877
40
-0.037556248237496197
40
-0.037556248237496197
40
-0.037556248237496197
40
-0.037556248237496197
10
-77.232653566720316
20
9.9566943245414663
30
1.3322676295501878e-14
10
-76.49091502446116
20
11.089176025672094
30
1.3322676295501878e-14
10
-75.805200144726726
20
12.337513206464479
30
1.3322676295501878e-14
10
-75.181036031560893
20
13.935111559727602
30
1.3322676295501878e-14
10
-75.077910237778411
20
14.238220556466024
30
1.3322676295501878e-14
10
-74.999400476606638
20
14.496346135299492
30
1.3322676295501878e-14
0
SPLINE
5
519
100
AcDbEntity
8
0
100
AcDbSpline
70
0
71
3
72
14
73
10
74
0
42
0.000000001
43
0.0000000001
44
0.0000000001
40
-0.13553888813704651
40
-0.13553888813704651
40
-0.13553888813704651
40
-0.13553888813704651
40
-0.10683389140721668
40
-0.10683389140721668
40
-0.078128894677387345
40
-0.078128894677387345
40
-0.039064447338693714
40
-0.039064447338693714
40
-0
40
-0
40
-0
40
-0
10
-74.999400476606667
20
14.4963461352995
30
1.3322676295501878e-14
10
-74.971557459375063
20
14.587888827980091
30
1.3322676295501878e-14
10
-74.930719351264372
20
14.6749633119338
30
1.3322676295501878e-14
10
-74.825554140264487
20
14.834842863979825
30
1.5543122344752192e-14
10
-74.761769322060559
20
14.906823512744314
30
1.5543122344752192e-14
10
-74.589344440172184
20
15.052767450187456
30
1.5543122344752192e-14
10
-74.474471713608295
20
15.116676545804877
30
1.5543122344752192e-14
10
-74.226694782256459
20
15.196865038301413
30
1.5543122344752192e-14
10
-74.096159459981081
20
15.212377789486151
30
1.5543122344752192e-14
10
-73.966324722977532
20
15.202435879359273
30
1.5543122344752192e-14
0
ARC
5
520
100
AcDbEntity
8
0
100
AcDbCircle
10
-70.000000000000014
20
67.000000000000085
30
1.3322676295501878e-14
40
51.949199999999998
210
3.2634034217704741e-18
220
4.2617879219880674e-17
230
1
100
AcDbArc
50
265.62120229921675
51
266.19697951896501
0
SPLINE
5
521
100
AcDbEntity
8
0
100
AcDbSpline
70
0
71
3
72
14
73
10
74
0
42
0.000000001
43
0.0000000001
44
0.0000000001
40
-0.13553888813705664
40
-0.13553888813705664
40
-0.13553888813705664
40
-0.13553888813705664
40
-0.10683389140722256
40
-0.10683389140722256
40
-0.078128894677388649
40
-0.078128894677388649
40
-0.039064447338694151
40
-0.039064447338694151
40
-0
40
-0
40
-0
40
-0
10
-73.445608704513546
20
15.165193534697448
30
1.9984014443252818e-14
10
-73.35013607932855
20
15.158847194645029
30
1.9984014443252818e-14
10
-73.256066617337012
20
15.13883087254305
30
1.5543122344752192e-14
10
-73.076495435349969
20
15.072684191848733
30
1.5543122344752192e-14
10
-72.991919674623531
20
15.026894918788196
30
1.5543122344752192e-14
10
-72.810659822596307
20
14.892080828969281
30
1.7763568394002505e-14
10
-72.722353549257392
20
14.794704661968057
30
1.7763568394002505e-14
10
-72.588037250317527
20
14.571584214948734
30
1.5543122344752192e-14
10
-72.543311361742468
20
14.447973088014185
30
1.5543122344752192e-14
10
-72.523535220216388
20
14.319268757332999
30
1.5543122344752192e-14
0
SPLINE
5
522
100
AcDbEntity
8
0
100
AcDbSpline
70
0
71
3
72
10
73
6
74
0
42
0.000000001
43
0.0000000001
44
0.0000000001
40
-0.45316526996941031
40
-0.45316526996941031
40
-0.45316526996941031
40
-0.45316526996941031
40
-0.30958686083558257
40
-0.30958686083558257
40
-0
40
-0
40
-0
40
-0
10
-72.523535220216431
20
14.31926875733299
30
1.3322676295501878e-14
10
-72.409693573996464
20
13.578380406536619
30
1.3322676295501878e-14
10
-72.220541786924045
20
12.878179329775525
30
1.5543122344752192e-14
10
-71.786646240347437
20
11.430850850028484
30
1.5543122344752192e-14
10
-71.395876889719261
20
10.442951503266631
30
1.3322676295501878e-14
10
-70.959073239740121
20
9.5079990040283402
30
1.3322676295501878e-14
0
ARC
5
523
100
AcDbEntity
8
0
100
AcDbCircle
10
-70.000000000000014
20
67.000000000000085
30
1.3322676295501878e-14
40
57.500000000000028
210
-2.7113321273651428e-31
220
4.523005013490044e-33
230
1
100
AcDbArc
50
269.04428874520454
51
270.95571125479518
0
SPLINE
5
524
100
AcDbEntity
8
0
100
AcDbSpline
70
0
71
3
72
10
73
6
74
0
42
0.000000001
43
0.0000000001
44
0.0000000001
40
-0.11638461337929105
40
-0.11638461337929105
40
-0.11638461337929105
40
-0.11638461337929105
40
-0.054682959344880877
40
-0.054682959344880877
40
-0.037556248237495315
40
-0.037556248237495315
40
-0.037556248237495315
40
-0.037556248237495315
10
-69.040926760259907
20
9.5079990040283491
30
1.3322676295501878e-14
10
-68.467906997006168
20
10.734514075027901
30
1.5543122344752192e-14
10
-67.966828610023214
20
12.06773238548438
30
1.5543122344752192e-14
10
-67.576379538829372
20
13.737897305879097
30
1.3322676295501878e-14
10
-67.517440324782456
20
14.052597420741773
30
1.3322676295501878e-14
10
-67.476464779783583
20
14.319268757333106
30
1.3322676295501878e-14
0
SPLINE
5
525
100
AcDbEntity
8
0
100
AcDbSpline
70
0
71
3
72
14
73
10
74
0
42
0.000000001
43
0.0000000001
44
0.0000000001
40
-0.13553888813703779
40
-0.13553888813703779
40
-0.13553888813703779
40
-0.13553888813703779
40
-0.10683389140720707
40
-0.10683389140720707
40
-0.078128894677375479
40
-0.078128894677375479
40
-0.03906444733868792
40
-0.03906444733868792
40
-0
40
-0
40
-0
40
-0
10
-67.47646477978347
20
14.319268757333106
30
1.3322676295501878e-14
10
-67.461933047824914
20
14.413842151890233
30
1.3322676295501878e-14
10
-67.43390260387271
20
14.505842211899491
30
1.3322676295501878e-14
10
-67.352561055677725
20
14.679060990628408
30
1.3322676295501878e-14
10
-67.299669389340735
20
14.759386506262988
30
1.5543122344752192e-14
10
-67.149769531988028
20
14.928383564036967
30
1.5543122344752192e-14
10
-67.045161256754767
20
15.007990250713243
30
1.5543122344752192e-14
10
-66.811318349640317
20
15.12262487389159
30
1.5543122344752192e-14
10
-66.684319383405352
20
15.156556840915378
30
1.5543122344752192e-14
10
-66.554391295486454
20
15.165193534697456
30
1.5543122344752192e-14
0
ARC
5
526
100
AcDbEntity
8
0
100
AcDbCircle
10
-70.000000000000014
20
67.000000000000085
30
1.3322676295501878e-14
40
51.949199999999998
210
-2.834969908352027e-18
220
4.2648521389519476e-17
230
1
100
AcDbArc
50
273.80302048103499
51
274.3787977007832
0
SPLINE
5
527
100
AcDbEntity
8
0
100
AcDbSpline
70
0
71
3
72
14
73
10
74
0
42
0.000000001
43
0.0000000001
44
0.0000000001
40
-0.135538888137063
40
-0.135538888137063
40
-0.135538888137063
40
-0.135538888137063
40
-0.10683389140722582
40
-0.10683389140722582
40
-0.078128894677387511
40
-0.078128894677387511
40
-0.039064447338695997
40
-0.039064447338695997
40
-0
40
-0
40
-0
40
-0
10
-66.033675277022525
20
15.202435879359273
30
1.9984014443252818e-14
10
-65.938271247143547
20
15.209741307110649
30
1.9984014443252818e-14
10
-65.842310656995352
20
15.203316202576289
30
1.7763568394002505e-14
10
-65.655153596555323
20
15.163398443438805
30
1.5543122344752192e-14
10
-65.564922202134625
20
15.130111624864968
30
1.5543122344752192e-14
10
-65.366321268656378
20
15.022465714621207
30
1.5543122344752192e-14
10
-65.265055752394488
20
14.93864798960395
30
1.5543122344752192e-14
10
-65.100353249376738
20
14.736913789383239
30
1.5543122344752192e-14
10
-65.038490908319488
20
14.620926003087567
30
1.5543122344752192e-14
10
-65.000599523393333
20
14.496346135299341
30
1.5543122344752192e-14
0
SPLINE
5
528
100
AcDbEntity
8
0
100
AcDbSpline
70
0
71
3
72
10
73
6
74
0
42
0.000000001
43
0.0000000001
44
0.0000000001
40
-0.45316526996940476
40
-0.45316526996940476
40
-0.45316526996940476
40
-0.45316526996940476
40
-0.30958686083558257
40
-0.30958686083558257
40
-0
40
-0
40
-0
40
-0
10
-65.000599523393362
20
14.496346135299332
30
1.3322676295501878e-14
10
-64.782477215163638
20
13.779200315111879
30
1.3322676295501878e-14
10
-64.495601717551267
20
13.113045381691943
30
1.3322676295501878e-14
10
-63.860146283489584
20
11.742198393531957
30
1.3322676295501878e-14
10
-63.332761665643233
20
10.819966714623721
30
1.5543122344752192e-14
10
-62.767346433279734
20
9.9566943245414574
30
1.3322676295501878e-14
0
ARC
5
529
100
AcDbEntity
8
0
100
AcDbCircle
10
-70.000000000000014
20
67.000000000000085
30
1.3322676295501878e-14
40
57.500000000000028
210
-4.4020989539944635e-31
220
-5.5815237780585826e-32
230
1
100
AcDbArc
50
277.22610692702273
51
279.13752943661348
0
SPLINE
5
530
100
AcDbEntity
8
0
100
AcDbSpline
70
0
71
3
72
10
73
6
74
0
42
0.000000001
43
0.0000000001
44
0.0000000001
40
-0.11638461337929105
40
-0.11638461337929105
40
-0.11638461337929105
40
-0.11638461337929105
40
-0.054682959344880877
40
-0.054682959344880877
40
-0.03755624823749644
40
-0.03755624823749644
40
-0.03755624823749644
40
-0.03755624823749644
10
-60.868723919221786
20
10.22967503055316
30
1.3322676295501878e-14
10
-60.476087964900735
20
11.525255161553485
30
1.5543122344752192e-14
10
-60.169846581637493
20
12.91621412155731
30
1.5543122344752192e-14
10
-60.021060969543029
20
14.624945867662236
30
1.3322676295501878e-14
10
-60.007508167663076
20
14.944830713830743
30
1.5543122344752192e-14
10
-60.004900982769527
20
15.214619148783548
30
1.5543122344752192e-14
0
SPLINE
5
531
100
AcDbEntity
8
0
100
AcDbSpline
70
0
71
3
72
14
73
10
74
0
42
0.000000001
43
0.0000000001
44
0.0000000001
40
-0.13553888813704304
40
-0.13553888813704304
40
-0.13553888813704304
40
-0.13553888813704304
40
-0.10683389140721089
40
-0.10683389140721089
40
-0.07812889467737924
40
-0.07812889467737924
40
-0.039064447338689648
40
-0.039064447338689648
40
-0
40
-0
40
-0
40
-0
10
-60.004900982769449
20
15.214619148783566
30
1.5543122344752192e-14
10
-60.003976360240557
20
15.310298003631191
30
1.5543122344752192e-14
10
-59.989324199452568
20
15.405350783780483
30
1.3322676295501878e-14
10
-59.933462193414087
20
15.588382554379061
30
1.3322676295501878e-14
10
-59.89254040074367
20
15.675417741025068
30
1.3322676295501878e-14
10
-59.768217096746824
20
15.864027626380883
30
1.3322676295501878e-14
10
-59.676002795662569
20
15.957711341542034
30
1.3322676295501878e-14
10
-59.460854280027043
20
16.104458465053266
30
1.3322676295501878e-14
10
-59.339977002550256
20
16.156118890919203
30
1.3322676295501878e-14
10
-59.212600524904346
20
16.183158370431006
30
1.3322676295501878e-14
0
ARC
5
532
100
AcDbEntity
8
0
100
AcDbCircle
10
-70.000000000000014
20
67.000000000000085
30
1.3322676295501878e-14
40
51.949199999999998
210
-6.1492116460260333e-31
220
-1.3053546886313224e-31
230
1
100
AcDbArc
50
281.98483866285318
51
282.56061588260138
0
SPLINE
5
533
100
AcDbEntity
8
0
100
AcDbSpline
70
0
71
3
72
14
73
10
74
0
42
0.000000001
43
0.0000000001
44
0.0000000001
40
-0.1355388881370265
40
-0.1355388881370265
40
-0.1355388881370265
40
-0.1355388881370265
40
-0.10683389140720306
40
-0.10683389140720306
40
-0.078128894677379837
40
-0.078128894677379837
40
-0.039064447338688621
40
-0.039064447338688621
40
-0
40
-0
40
-0
40
-0
10
-58.702484782955324
20
16.2941272576772
30
1.3322676295501878e-14
10
-58.609091499308271
20
16.314935735790463
30
1.3322676295501878e-14
10
-58.513193261891381
20
16.322232645423583
30
1.3322676295501878e-14
10
-58.322260301032649
20
16.309356418305725
30
1.3322676295501878e-14
10
-58.228210123902315
20
16.289249677853512
30
1.3322676295501878e-14
10
-58.016311051260878
20
16.21096330749241
30
1.5543122344752192e-14
10
-57.904147765961433
20
16.142410311630158
30
1.5543122344752192e-14
10
-57.712411926864355
20
15.966169084771256
30
1.5543122344752192e-14
10
-57.634672472192605
20
15.86016581596227
30
1.5543122344752192e-14
10
-57.57943720319372
20
15.742246497916552
30
1.5543122344752192e-14
0
SPLINE
5
534
100
AcDbEntity
8
0
100
AcDbSpline
70
0
71
3
72
10
73
6
74
0
42
0.000000001
43
0.0000000001
44
0.0000000001
40
-0.45316526996942552
40
-0.45316526996942552
40
-0.45316526996942552
40
-0.45316526996942552
40
-0.30958686083558257
40
-0.30958686083558257
40
-0
40
-0
40
-0
40
-0
10
-57.579437203193685
20
15.742246497916517
30
1.3322676295501878e-14
10
-57.26147457413704
20
15.063442229159065
30
1.5543122344752192e-14
10
-56.882715323835313
20
14.444894432492426
30
1.3322676295501878e-14
10
-56.058636042423856
20
13.178435427402082
30
1.5543122344752192e-14
10
-55.405372187327032
20
12.340645393833478
30
1.5543122344752192e-14
10
-54.722855596187202
20
11.566626849297332
30
1.5543122344752192e-14
0
ARC
5
535
100
AcDbEntity
8
0
100
AcDbCircle
10
-70.000000000000014
20
67.000000000000085
30
1.3322676295501878e-14
40
57.500000000000014
210
-1.0259984857550042e-17
220
3.7228526097268995e-17
230
1
100
AcDbArc
50
285.40792510884086
51
287.31934761843155
0
SPLINE
5
536
100
AcDbEntity
8
0
100
AcDbSpline
70
0
71
3
72
10
73
6
74
0
42
0.000000001
43
0.0000000001
44
0.0000000001
40
-0.11638461337929105
40
-0.11638461337929105
40
-0.11638461337929105
40
-0.11638461337929105
40
-0.054682959344880877
40
-0.054682959344880877
40
-0.037556248237497668
40
-0.037556248237497668
40
-0.037556248237497668
40
-0.037556248237497668
10
-52.882407526762549
20
12.107031161357673
30
1.3322676295501878e-14
10
-52.67814831713558
20
13.445302077036185
30
1.3322676295501878e-14
10
-52.572978129028066
20
14.865685773356061
30
1.5543122344752192e-14
10
-52.668884822032936
20
16.57819949439596
30
1.3322676295501878e-14
10
-52.700994328283208
20
16.896757138874001
30
1.3322676295501878e-14
10
-52.736808578260863
20
17.164170557658256
30
1.3322676295501878e-14
0
SPLINE
5
537
100
AcDbEntity
8
0
100
AcDbSpline
70
0
71
3
72
14
73
10
74
0
42
0.000000001
43
0.0000000001
44
0.0000000001
40
-0.13553888813705287
40
-0.13553888813705287
40
-0.13553888813705287
40
-0.13553888813705287
40
-0.10683389140721927
40
-0.10683389140721927
40
-0.078128894677386193
40
-0.078128894677386193
40
-0.039064447338693069
40
-0.039064447338693069
40
-0
40
-0
40
-0
40
-0
10
-52.736808578260877
20
17.164170557658267
30
1.3322676295501878e-14
10
-52.74950988780995
20
17.259007127226731
30
1.3322676295501878e-14
10
-52.748534285926496
20
17.355177627021785
30
1.3322676295501878e-14
10
-52.719289011394721
20
17.544296390460694
30
1.3322676295501878e-14
10
-52.691170142080949
20
17.636269462706764
30
1.3322676295501878e-14
10
-52.59495425539054
20
17.840652622284587
30
1.3322676295501878e-14
10
-52.517011145701275
20
17.946506235651462
30
1.3322676295501878e-14
10
-52.324936824885938
20
18.122378511244641
30
1.3322676295501878e-14
10
-52.212641948955437
20
18.190715738658483
30
1.3322676295501878e-14
10
-52.090410099343956
20
18.235607558072566
30
1.3322676295501878e-14
0
ARC
5
538
100
AcDbEntity
8
0
100
AcDbCircle
10
-70.000000000000014
20
67.000000000000085
30
1.3322676295501878e-14
40
51.949199999999998
210
-7.8678002619982315e-31
220
-2.889589494639316e-31
230
1
100
AcDbArc
50
290.16665684467137
51
290.74243406441963
0
SPLINE
5
539
100
AcDbEntity
8
0
100
AcDbSpline
70
0
71
3
72
14
73
10
74
0
42
0.000000001
43
0.0000000001
44
0.0000000001
40
-0.13553888813707066
40
-0.13553888813707066
40
-0.13553888813707066
40
-0.13553888813707066
40
-0.1068338914072292
40
-0.1068338914072292
40
-0.078128894677388525
40
-0.078128894677388525
40
-0.039064447338693103
40
-0.039064447338693103
40
-0
40
-0
40
-0
40
-0
10
-51.601279119363582
20
18.418043981366658
30
1.3322676295501878e-14
10
-51.511797799879417
20
18.451931909234133
30
1.3322676295501878e-14
10
-51.417914126759861
20
18.472802288997148
30
1.3322676295501878e-14
10
-51.227092109960104
20
18.487229716750999
30
1.3322676295501878e-14
10
-51.131137740508088
20
18.480712369672922
30
1.3322676295501878e-14
10
-50.910254182755907
20
18.433379223935606
30
1.3322676295501878e-14
10
-50.789476449455428
20
18.381486498533519
30
1.3322676295501878e-14
10
-50.574610463042625
20
18.234326008177383
30
1.3322676295501878e-14
10
-50.482576445871402
20
18.140465177719811
30
1.5543122344752192e-14
10
-50.411121723591314
20
18.031606906680704
30
1.5543122344752192e-14
0
SPLINE
5
540
100
AcDbEntity
8
0
100
AcDbSpline
70
0
71
3
72
10
73
6
74
0
42
0.000000001
43
0.0000000001
44
0.0000000001
40
-0.45316526996939938
40
-0.45316526996939938
40
-0.45316526996939938
40
-0.45316526996939938
40
-0.30958686083558257
40
-0.30958686083558257
40
-0
40
-0
40
-0
40
-0
10
-50.41112172359135
20
18.031606906680633
30
1.3322676295501878e-14
10
-49.999791575906791
20
17.404962686755514
30
1.5543122344752192e-14
10
-49.536859019000673
20
16.846613876237974
30
1.5543122344752192e-14
10
-48.540931767960664
20
15.710324307394874
30
1.3322676295501878e-14
10
-47.775087243845746
20
14.97403090826241
30
1.3322676295501878e-14
10
-46.989363363509881
20
14.305022994753944
30
1.3322676295501878e-14
0
ARC
5
541
100
AcDbEntity
8
0
100
AcDbCircle
10
-70.000000000000014
20
67.000000000000085
30
1.3322676295501878e-14
40
57.500000000000014
210
-8.3589851557364854e-31
220
-3.6501689724490786e-31
230
1
100
AcDbArc
50
293.5897432906591
51
295.50116580024979
0
SPLINE
5
542
100
AcDbEntity
8
0
100
AcDbSpline
70
0
71
3
72
10
73
6
74
0
42
0.000000001
43
0.0000000001
44
0.0000000001
40
-0.11638461337929105
40
-0.11638461337929105
40
-0.11638461337929105
40
-0.11638461337929105
40
-0.054682959344880877
40
-0.054682959344880877
40
-0.037556248237501297
40
-0.037556248237501297
40
-0.037556248237501297
40
-0.037556248237501297
10
-45.244555953998038
20
15.10184983946675
30
1.5543122344752192e-14
10
-45.232831617538238
20
16.455568203234854
30
1.3322676295501878e-14
10
-45.330873586330547
20
17.876461719862053
30
1.3322676295501878e-14
10
-45.669520200737225
20
19.557895574958248
30
1.5543122344752192e-14
10
-45.746638358166543
20
19.868641102748601
30
1.5543122344752192e-14
10
-45.820144968165685
20
20.128235739314462
30
1.5543122344752192e-14
0
SPLINE
5
543
100
AcDbEntity
8
0
100
AcDbSpline
70
0
71
3
72
14
73
10
74
0
42
0.000000001
43
0.0000000001
44
0.0000000001
40
-0.13553888813706694
40
-0.13553888813706694
40
-0.13553888813706694
40
-0.13553888813706694
40
-0.10683389140722305
40
-0.10683389140722305
40
-0.07812889467737838
40
-0.07812889467737838
40
-0.039064447338688767
40
-0.039064447338688767
40
-0
40
-0
40
-0
40
-0
10
-45.820144968165586
20
20.128235739314491
30
1.5543122344752192e-14
10
-45.846213647757793
20
20.220299424533479
30
1.5543122344752192e-14
10
-45.858934465219825
20
20.31562988993133
30
1.5543122344752192e-14
10
-45.856901271647871
20
20.506985733560484
30
1.5543122344752192e-14
10
-45.842157744781829
20
20.602024384884167
30
1.5543122344752192e-14
10
-45.776007953387179
20
20.81802016694736
30
1.5543122344752192e-14
10
-45.713922732036821
20
20.933888804208401
30
1.5543122344752192e-14
10
-45.548832685316896
20
21.135305979526187
30
1.5543122344752192e-14
10
-45.447406210774979
20
21.218928859606059
30
1.5543122344752192e-14
10
-45.332807277168499
20
21.280759150936461
30
1.5543122344752192e-14
0
ARC
5
544
100
AcDbEntity
8
0
100
AcDbCircle
10
-70.000000000000014
20
67.000000000000085
30
1.3322676295501878e-14
40
51.949199999999998
210
-2.0295615402043243e-17
220
3.7616770549130166e-17
230
1
100
AcDbArc
50
298.3484750264895
51
298.9242522462377
0
SPLINE
5
545
100
AcDbEntity
8
0
100
AcDbSpline
70
0
71
3
72
14
73
10
74
0
42
0.000000001
43
0.0000000001
44
0.0000000001
40
-0.13553888813704129
40
-0.13553888813704129
40
-0.13553888813704129
40
-0.13553888813704129
40
-0.10683389140722604
40
-0.10683389140722604
40
-0.078128894677411104
40
-0.078128894677411104
40
-0.039064447338722844
40
-0.039064447338722844
40
-0
40
-0
40
-0
40
-0
10
-44.874618355372
20
21.530949230803358
30
1.5543122344752192e-14
10
-44.790870581672721
20
21.57722674793833
30
1.5543122344752192e-14
10
-44.700912673697204
20
21.611245737084435
30
1.5543122344752192e-14
10
-44.514086186933504
20
21.652683118886227
30
1.5543122344752192e-14
10
-44.418180979412433
20
21.659887839574363
30
1.5543122344752192e-14
10
-44.192809488809914
20
21.64447148481073
30
1.5543122344752192e-14
10
-44.065875993864182
20
21.610295416111835
30
1.5543122344752192e-14
10
-43.832253911996517
20
21.495211425466447
30
1.5543122344752192e-14
10
-43.727798879511099
20
21.415403769196246
30
1.5543122344752192e-14
10
-43.641579316036882
20
21.317822585640755
30
1.5543122344752192e-14
0
SPLINE
5
546
100
AcDbEntity
8
0
100
AcDbSpline
70
0
71
3
72
10
73
6
74
0
42
0.000000001
43
0.0000000001
44
0.0000000001
40
-0.4531652699694434
40
-0.4531652699694434
40
-0.4531652699694434
40
-0.4531652699694434
40
-0.30958686083558257
40
-0.30958686083558257
40
-0
40
-0
40
-0
40
-0
10
-43.641579316037138
20
21.317822585640975
30
1.5543122344752192e-14
10
-43.145255145353268
20
20.756095083772745
30
1.5543122344752192e-14
10
-42.607573253713731
20
20.269311631041134
30
1.3322676295501878e-14
10
-41.460072239859151
20
19.286323077278222
30
1.3322676295501878e-14
10
-40.597237432723873
20
18.666515122893415
30
1.3322676295501878e-14
10
-39.724301335555047
20
18.116136912272172
30
1.3322676295501878e-14
0
ARC
5
547
100
AcDbEntity
8
0
100
AcDbCircle
10
-70.000000000000014
20
67.000000000000085
30
1.3322676295501878e-14
40
57.500000000000028
210
-9.2214837684117918e-31
220
-5.7112275130644168e-31
230
1
100
AcDbArc
50
301.77156147247723
51
303.68298398206798
0
SPLINE
5
548
100
AcDbEntity
8
0
100
AcDbSpline
70
0
71
3
72
10
73
6
74
0
42
0.000000001
43
0.0000000001
44
0.0000000001
40
-0.11638461337929105
40
-0.11638461337929105
40
-0.11638461337929105
40
-0.11638461337929105
40
-0.054682959344880877
40
-0.054682959344880877
40
-0.03755624823749712
40
-0.03755624823749712
40
-0.03755624823749712
40
-0.03755624823749712
10
-38.110653833204616
20
19.153165192937934
30
1.5543122344752192e-14
10
-38.291703043592122
20
20.494773202710714
30
1.5543122344752192e-14
10
-38.590961317529327
20
21.887251245165249
30
1.3322676295501878e-14
10
-39.165453984844703
20
23.503376089882995
30
1.5543122344752192e-14
10
-39.286010890158209
20
23.799983618156091
30
1.5543122344752192e-14
10
-39.395713477574901
20
24.046474874312239
30
1.5543122344752192e-14
0
SPLINE
5
549
100
AcDbEntity
8
0
100
AcDbSpline
70
0
71
3
72
14
73
10
74
0
42
0.000000001
43
0.0000000001
44
0.0000000001
40
-0.13553888813706283
40
-0.13553888813706283
40
-0.13553888813706283
40
-0.13553888813706283
40
-0.10683389140723618
40
-0.10683389140723618
40
-0.078128894677410105
40
-0.078128894677410105
40
-0.039064447338705371
40
-0.039064447338705371
40
-0
40
-0
40
-0
40
-0
10
-39.395713477575185
20
24.046474874312082
30
1.5543122344752192e-14
10
-39.434618844069782
20
24.133891524040223
30
1.5543122344752192e-14
10
-39.460777121717506
20
24.226441301675639
30
1.5543122344752192e-14
10
-39.485997399063145
20
24.416138772343253
30
1.5543122344752192e-14
10
-39.484929350335022
20
24.512308289872333
30
1.5543122344752192e-14
10
-39.45019227322868
20
24.735519643178456
30
1.5543122344752192e-14
10
-39.405228816284904
20
24.859044553016645
30
1.5543122344752192e-14
10
-39.270483800931146
20
25.081906355208847
30
1.5543122344752192e-14
10
-39.181990478309658
20
25.179112567264852
30
1.5543122344752192e-14
10
-39.077357364520296
20
25.256622644083954
30
1.5543122344752192e-14
0
ARC
5
550
100
AcDbEntity
8
0
100
AcDbCircle
10
-70.000000000000014
20
67.000000000000085
30
1.3322676295501878e-14
40
51.949199999999998
210
-2.5442459918174085e-17
220
3.4345518840245607e-17
230
1
100
AcDbArc
50
306.53029320830757
51
307.10607042805583
0
SPLINE
5
551
100
AcDbEntity
8
0
100
AcDbSpline
70
0
71
3
72
14
73
10
74
0
42
0.000000001
43
0.0000000001
44
0.0000000001
40
-0.13553888813700413
40
-0.13553888813700413
40
-0.13553888813700413
40
-0.13553888813700413
40
-0.10683389140716491
40
-0.10683389140716491
40
-0.0781288946773257
40
-0.0781288946773257
40
-0.039064447338662329
40
-0.039064447338662329
40
-0
40
-0
40
-0
40
-0
10
-38.659437906047657
20
25.56947323198618
30
1.5543122344752192e-14
10
-38.583128541297008
20
25.6271982615932
30
1.5543122344752192e-14
10
-38.498927682054564
20
25.673673331606103
30
1.5543122344752192e-14
10
-38.319899973833984
20
25.741277121857841
30
1.5543122344752192e-14
10
-38.225996281701022
20
25.762057242975615
30
1.5543122344752192e-14
10
-38.000724771879021
20
25.778871511711241
30
1.5543122344752192e-14
10
-37.870219515199238
20
25.763107825918432
30
1.5543122344752192e-14
10
-37.622597209753572
20
25.682443113158353
30
1.5543122344752192e-14
10
-37.507847565192321
20
25.618313284810714
30
1.5543122344752192e-14
10
-37.408618342199922
20
25.533995660235256
30
1.5543122344752192e-14
0
SPLINE
5
552
100
AcDbEntity
8
0
100
AcDbSpline
70
0
71
3
72
10
73
6
74
0
42
0.000000001
43
0.0000000001
44
0.0000000001
40
-0.45316526996942785
40
-0.45316526996942785
40
-0.45316526996942785
40
-0.45316526996942785
40
-0.30958686083558257
40
-0.30958686083558257
40
-0
40
-0
40
-0
40
-0
10
-37.408618342199425
20
25.533995660235842
30
1.5543122344752192e-14
10
-36.837403877350894
20
25.048620028474417
30
1.3322676295501878e-14
10
-36.23591830374535
20
24.643311440859172
30
1.3322676295501878e-14
10
-34.96020333859876
20
23.833634714426275
30
1.5543122344752192e-14
10
-34.017943076906299
20
23.342929707361833
30
1.5543122344752192e-14
10
-33.075565224503023
20
22.922385312836369
30
1.3322676295501878e-14
0
ARC
5
553
100
AcDbEntity
8
0
100
AcDbCircle
10
-70.000000000000014
20
67.000000000000085
30
1.3322676295501878e-14
40
57.500000000000028
210
-1.020456401735524e-30
220
-8.5485061100855805e-31
230
1
100
AcDbArc
50
309.95337965429547
51
311.86480216388617
0
SPLINE
5
554
100
AcDbEntity
8
0
100
AcDbSpline
70
0
71
3
72
10
73
6
74
0
42
0.000000001
43
0.0000000001
44
0.0000000001
40
-0.11638461337929105
40
-0.11638461337929105
40
-0.11638461337929105
40
-0.11638461337929105
40
-0.054682959344880877
40
-0.054682959344880877
40
-0.037556248237497251
40
-0.037556248237497251
40
-0.037556248237497251
40
-0.037556248237497251
10
-31.625926839086723
20
24.17850412420335
30
1.5543122344752192e-14
10
-31.996063956500848
20
25.480690509779855
30
1.5543122344752192e-14
10
-32.490446500115198
20
26.816406240692423
30
1.3322676295501878e-14
10
-33.289090206332766
20
28.334322433712352
30
1.5543122344752192e-14
10
-33.450631668595705
20
28.610753888537928
30
1.5543122344752192e-14
10
-33.594297005106199
20
28.839123913131097
30
1.5543122344752192e-14
0
SPLINE
5
555
100
AcDbEntity
8
0
100
AcDbSpline
70
0
71
3
72
14
73
10
74
0
42
0.000000001
43
0.0000000001
44
0.0000000001
40
-0.13553888813705312
40
-0.13553888813705312
40
-0.13553888813705312
40
-0.13553888813705312
40
-0.10683389140722145
40
-0.10683389140722145
40
-0.078128894677390009
40
-0.078128894677390009
40
-0.03906444733869479
40
-0.03906444733869479
40
-0
40
-0
40
-0
40
-0
10
-33.594297005106235
20
28.839123913131054
30
1.5543122344752192e-14
10
-33.645247057435306
20
28.92011397646872
30
1.5543122344752192e-14
10
-33.684310288170138
20
29.007999019760639
30
1.5543122344752192e-14
10
-33.736270624315985
20
29.192176424006398
30
1.5543122344752192e-14
10
-33.748899796117897
20
29.28751907369405
30
1.5543122344752192e-14
10
-33.746282580016292
20
29.513402058778169
30
1.5543122344752192e-14
10
-33.719356213798605
20
29.642068630245543
30
1.5543122344752192e-14
10
-33.617699249751183
20
29.88183823569976
30
1.5543122344752192e-14
10
-33.543940547905073
20
29.990648941573927
30
1.5543122344752192e-14
10
-33.451403282392683
20
30.082260922238255
30
1.5543122344752192e-14
0
ARC
5
556
100
AcDbEntity
8
0
100
AcDbCircle
10
-70.000000000000014
20
67.000000000000085
30
1.3322676295501878e-14
40
51.949199999999998
210
-3.0071369320366693e-17
220
3.0375091412071001e-17
230
1
100
AcDbArc
50
314.71211139012587
51
315.28788860987413
0
SPLINE
5
557
100
AcDbEntity
8
0
100
AcDbSpline
70
0
71
3
72
14
73
10
74
0
42
0.000000001
43
0.0000000001
44
0.0000000001
40
-0.13553888813705922
40
-0.13553888813705922
40
-0.13553888813705922
40
-0.13553888813705922
40
-0.10683389140722199
40
-0.10683389140722199
40
-0.078128894677384098
40
-0.078128894677384098
40
-0.039064447338694949
40
-0.039064447338694949
40
-0
40
-0
40
-0
40
-0
10
-33.082260922238184
20
30.451403282392757
30
1.5543122344752192e-14
10
-33.014943405044519
20
30.519400709334214
30
1.5543122344752192e-14
10
-32.938213681214194
20
30.577385761811463
30
1.1102230246251565e-14
10
-32.770629239403021
20
30.669779742296935
30
1.1102230246251565e-14
10
-32.680638671034224
20
30.703712240503378
30
1.1102230246251565e-14
10
-32.460053020303249
20
30.752414842715456
30
1.1102230246251565e-14
10
-32.328632712569146
20
30.755384443012929
30
1.1102230246251565e-14
10
-32.072051059600007
20
30.710781109072265
30
1.1102230246251565e-14
10
-31.949342774815165
20
30.663634607017322
30
1.3322676295501878e-14
10
-31.839123913130937
20
30.594297005106199
30
1.3322676295501878e-14
0
SPLINE
5
558
100
AcDbEntity
8
0
100
AcDbSpline
70
0
71
3
72
10
73
6
74
0
42
0.000000001
43
0.0000000001
44
0.0000000001
40
-0.45316526996940826
40
-0.45316526996940826
40
-0.45316526996940826
40
-0.45316526996940826
40
-0.30958686083558257
40
-0.30958686083558257
40
-0
40
-0
40
-0
40
-0
10
-31.839123913130937
20
30.594297005106256
30
1.5543122344752192e-14
10
-31.204647433375442
20
30.195154091606732
30
1.3322676295501878e-14
10
-30.551602689541522
20
29.879571283138052
30
1.3322676295501878e-14
10
-29.173643650935148
20
29.259689067270472
30
1.3322676295501878e-14
10
-28.171139636359346
20
28.908076346393873
30
1.3322676295501878e-14
10
-27.178504124203258
20
28.62592683908683
30
1.5543122344752192e-14
0
ARC
5
559
100
AcDbEntity
8
0
100
AcDbCircle
10
-70.000000000000014
20
67.000000000000085
30
1.3322676295501878e-14
40
57.500000000000007
210
-2.8758509290103425e-17
220
2.5771662500956938e-17
230
1
100
AcDbArc
50
318.13519783611366
51
320.0466203457043
0
SPLINE
5
560
100
AcDbEntity
8
0
100
AcDbSpline
70
0
71
3
72
10
73
6
74
0
42
0.000000001
43
0.0000000001
44
0.0000000001
40
-0.11638461337929105
40
-0.11638461337929105
40
-0.11638461337929105
40
-0.11638461337929105
40
-0.054682959344880877
40
-0.054682959344880877
40
-0.037556248237503302
40
-0.037556248237503302
40
-0.037556248237503302
40
-0.037556248237503302
10
-25.922385312836276
20
30.075565224503134
30
1.5543122344752192e-14
10
-26.474075412953759
20
31.311821226268442
30
1.3322676295501878e-14
10
-27.153518023338783
20
32.563583325243755
30
1.5543122344752192e-14
10
-28.160054685698157
20
33.952390470184717
30
1.5543122344752192e-14
10
-28.359292186585883
20
34.203018504304978
30
1.3322676295501878e-14
10
-28.533995660235405
20
34.408618342199148
30
1.3322676295501878e-14
0
SPLINE
5
561
100
AcDbEntity
8
0
100
AcDbSpline
70
0
71
3
72
14
73
10
74
0
42
0.000000001
43
0.0000000001
44
0.0000000001
40
-0.13553888813709952
40
-0.13553888813709952
40
-0.13553888813709952
40
-0.13553888813709952
40
-0.10683389140726635
40
-0.10683389140726635
40
-0.078128894677433502
40
-0.078128894677433502
40
-0.039064447338716661
40
-0.039064447338716661
40
-0
40
-0
40
-0
40
-0
10
-28.533995660235874
20
34.408618342198757
30
1.3322676295501878e-14
10
-28.595953202261768
20
34.481533095012466
30
1.3322676295501878e-14
10
-28.647126171354962
20
34.562964317918997
30
1.3322676295501878e-14
10
-28.724768803698268
20
34.737872334916219
30
1.3322676295501878e-14
10
-28.750838102511842
20
34.830447215360294
30
1.3322676295501878e-14
10
-28.78039402638737
20
35.054403506038931
30
1.3322676295501878e-14
10
-28.772052894062725
20
35.185592458784278
30
1.3322676295501878e-14
10
-28.705553423955095
20
35.437388849772091
30
1.3322676295501878e-14
10
-28.648030857351358
20
35.555588977277083
30
1.3322676295501878e-14
10
-28.569473231986258
20
35.659437906047515
30
1.3322676295501878e-14
0
ARC
5
562
100
AcDbEntity
8
0
100
AcDbCircle
10
-70.000000000000014
20
67.000000000000085
30
1.3322676295501878e-14
40
51.949200000000005
210
-9.2208309956011516e-31
220
-1.2189439495097605e-30
230
1
100
AcDbArc
50
322.89392957194394
51
323.46970679169232
0
SPLINE
5
563
100
AcDbEntity
8
0
100
AcDbSpline
70
0
71
3
72
14
73
10
74
0
42
0.000000001
43
0.0000000001
44
0.0000000001
40
-0.13553888813704085
40
-0.13553888813704085
40
-0.13553888813704085
40
-0.13553888813704085
40
-0.10683389140721944
40
-0.10683389140721944
40
-0.078128894677397503
40
-0.078128894677397503
40
-0.039064447338706565
40
-0.039064447338706565
40
-0
40
-0
40
-0
40
-0
10
-28.256622644083926
20
36.077357364520296
30
1.5543122344752192e-14
10
-28.199667364969656
20
36.154242957272011
30
1.5543122344752192e-14
10
-28.131970772458406
20
36.222557583760228
30
1.5543122344752192e-14
10
-27.979241133018373
20
36.33786087947891
30
1.5543122344752192e-14
10
-27.894995636874409
20
36.384254986963761
30
1.5543122344752192e-14
10
-27.683586332966996
20
36.463854478117909
30
1.5543122344752192e-14
10
-27.553926312659264
20
36.485496912007207
30
1.5543122344752192e-14
10
-27.293608574700905
20
36.477862952139638
30
1.5543122344752192e-14
10
-27.165439636509294
20
36.44865954320008
30
1.5543122344752192e-14
10
-27.046474874312239
20
36.395713477575129
30
1.5543122344752192e-14
0
SPLINE
5
564
100
AcDbEntity
8
0
100
AcDbSpline
70
0
71
3
72
10
73
6
74
0
42
0.000000001
43
0.0000000001
44
0.0000000001
40
-0.45316526996942702
40
-0.45316526996942702
40
-0.45316526996942702
40
-0.45316526996942702
40
-0.30958686083558257
40
-0.30958686083558257
40
-0
40
-0
40
-0
40
-0
10
-27.046474874312345
20
36.39571347757505
30
1.5543122344752192e-14
10
-26.361652491098457
20
36.090928681023051
30
1.5543122344752192e-14
10
-25.670342684794896
20
35.871496007615534
30
1.5543122344752192e-14
10
-24.218190845048948
20
35.454027316635603
30
1.3322676295501878e-14
10
-23.175851168343726
20
35.248664702976519
30
1.3322676295501878e-14
10
-22.153165192937863
20
35.110653833204687
30
1.3322676295501878e-14
0
ARC
5
565
100
AcDbEntity
8
0
100
AcDbCircle
10
-70.000000000000014
20
67.000000000000085
30
1.3322676295501878e-14
40
57.500000000000014
210
-8.4765653587541446e-31
220
-1.2718254564713511e-30
230
1
100
AcDbArc
50
326.31701601793179
51
328.22843852752254
0
SPLINE
5
566
100
AcDbEntity
8
0
100
AcDbSpline
70
0
71
3
72
10
73
6
74
0
42
0.000000001
43
0.0000000001
44
0.0000000001
40
-0.11638461337929105
40
-0.11638461337929105
40
-0.11638461337929105
40
-0.11638461337929105
40
-0.054682959344880877
40
-0.054682959344880877
40
-0.037556248237500492
40
-0.037556248237500492
40
-0.037556248237500492
40
-0.037556248237500492
10
-21.116136912272097
20
36.724301335555111
30
1.5543122344752192e-14
10
-21.838149175597454
20
37.869460346381224
30
1.5543122344752192e-14
10
-22.688820360556381
20
39.011786546867945
30
1.3322676295501878e-14
10
-23.882759795224054
20
40.24321253524819
30
1.5543122344752192e-14
10
-24.115637433772122
20
40.46293508464008
30
1.3322676295501878e-14
10
-24.317822585640432
20
40.641579316036804
30
1.3322676295501878e-14
0
SPLINE
5
567
100
AcDbEntity
8
0
100
AcDbSpline
70
0
71
3
72
14
73
10
74
0
42
0.000000001
43
0.0000000001
44
0.0000000001
40
-0.13553888813706635
40
-0.13553888813706635
40
-0.13553888813706635
40
-0.13553888813706635
40
-0.10683389140722724
40
-0.10683389140722724
40
-0.078128894677388247
40
-0.078128894677388247
40
-0.039064447338694443
40
-0.039064447338694443
40
-0
40
-0
40
-0
40
-0
10
-24.317822585640467
20
40.641579316036783
30
1.3322676295501878e-14
10
-24.389526340478398
20
40.704934424228007
30
1.3322676295501878e-14
10
-24.451767313849928
20
40.778254121879016
30
1.3322676295501878e-14
10
-24.55351166229913
20
40.940332128794694
30
1.3322676295501878e-14
10
-24.592490392378188
20
41.028254682393268
30
1.3322676295501878e-14
10
-24.65361778285299
20
41.245725174424678
30
1.3322676295501878e-14
10
-24.664031685821683
20
41.376765879687653
30
1.3322676295501878e-14
10
-24.634043447096676
20
41.635463207809103
30
1.3322676295501878e-14
10
-24.593928009310055
20
41.760646543209809
30
1.3322676295501878e-14
10
-24.530949230803287
20
41.874618355372057
30
1.3322676295501878e-14
0
ARC
5
568
100
AcDbEntity
8
0
100
AcDbCircle
10
-70.000000000000014
20
67.000000000000085
30
1.3322676295501878e-14
40
51.949200000000005
210
-7.6306974152459209e-31
220
-1.3809166088920969e-30
230
1
100
AcDbArc
50
331.07574775376224
51
331.65152497351056
0
SPLINE
5
569
100
AcDbEntity
8
0
100
AcDbSpline
70
0
71
3
72
14
73
10
74
0
42
0.000000001
43
0.0000000001
44
0.0000000001
40
-0.13553888813707549
40
-0.13553888813707549
40
-0.13553888813707549
40
-0.13553888813707549
40
-0.10683389140723039
40
-0.10683389140723039
40
-0.078128894677386804
40
-0.078128894677386804
40
-0.039064447338691528
40
-0.039064447338691528
40
-0
40
-0
40
-0
40
-0
10
-24.280759150936369
20
42.332807277168591
30
1.3322676295501878e-14
10
-24.235325555138722
20
42.417015866781995
30
1.3322676295501878e-14
10
-24.178040201349127
20
42.494269378489065
30
1.3322676295501878e-14
10
-24.043274499303095
20
42.630134746847482
30
1.3322676295501878e-14
10
-23.966489070741357
20
42.688046013371917
30
1.3322676295501878e-14
10
-23.768559797430804
20
42.796921977374119
30
1.3322676295501878e-14
10
-23.643299568654257
20
42.836796667312804
30
1.3322676295501878e-14
10
-23.384545064157216
20
42.866287486926538
30
1.3322676295501878e-14
10
-23.253524622531792
20
42.855621668292301
30
1.5543122344752192e-14
10
-23.128235739314327
20
42.820144968165728
30
1.5543122344752192e-14
0
SPLINE
5
570
100
AcDbEntity
8
0
100
AcDbSpline
70
0
71
3
72
10
73
6
74
0
42
0.000000001
43
0.0000000001
44
0.0000000001
40
-0.45316526996939871
40
-0.45316526996939871
40
-0.45316526996939871
40
-0.45316526996939871
40
-0.30958686083558257
40
-0.30958686083558257
40
-0
40
-0
40
-0
40
-0
10
-23.128235739314349
20
42.820144968165749
30
1.3322676295501878e-14
10
-22.40700846150002
20
42.615922828092032
30
1.3322676295501878e-14
10
-21.69150666681044
20
42.497107306185178
30
1.3322676295501878e-14
10
-20.194723649722171
20
42.290550598761001
30
1.5543122344752192e-14
10
-19.133767340845836
20
42.235618682916666
30
1.3322676295501878e-14
10
-18.101849839466659
20
42.244555953998102
30
1.3322676295501878e-14
0
ARC
5
571
100
AcDbEntity
8
0
100
AcDbCircle
10
-70.000000000000014
20
67.000000000000085
30
1.3322676295501878e-14
40
57.500000000000028
210
-7.2170920432111776e-31
220
-1.5130155851171439e-30
230
1
100
AcDbArc
50
334.49883419974998
51
336.41025670934073
0
SPLINE
5
572
100
AcDbEntity
8
0
100
AcDbSpline
70
0
71
3
72
10
73
6
74
0
42
0.000000001
43
0.0000000001
44
0.0000000001
40
-0.11638461337929105
40
-0.11638461337929105
40
-0.11638461337929105
40
-0.11638461337929105
40
-0.054682959344880877
40
-0.054682959344880877
40
-0.037556248237506501
40
-0.037556248237506501
40
-0.037556248237506501
40
-0.037556248237506501
10
-17.30502299475387
20
43.989363363509938
30
1.3322676295501878e-14
10
-18.18265933371719
20
45.020113248302309
30
1.3322676295501878e-14
10
-19.187241881057417
20
46.029749083055272
30
1.3322676295501878e-14
10
-20.544278924180432
20
47.078725632890553
30
1.5543122344752192e-14
10
-20.806055983231559
20
47.263069780075895
30
1.5543122344752192e-14
10
-21.031606906680373
20
47.4111217235913
30
1.5543122344752192e-14
0
SPLINE
5
573
100
AcDbEntity
8
0
100
AcDbSpline
70
0
71
3
72
14
73
10
74
0
42
0.000000001
43
0.0000000001
44
0.0000000001
40
-0.13553888813709919
40
-0.13553888813709919
40
-0.13553888813709919
40
-0.13553888813709919
40
-0.10683389140724803
40
-0.10683389140724803
40
-0.078128894677396588
40
-0.078128894677396588
40
-0.039064447338698155
40
-0.039064447338698155
40
-0
40
-0
40
-0
40
-0
10
-21.031606906680445
20
47.411121723591172
30
1.5543122344752192e-14
10
-21.111597192658465
20
47.463627459858195
30
1.5543122344752192e-14
10
-21.183639123578637
20
47.52734305464606
30
1.5543122344752192e-14
10
-21.307413966605779
20
47.67329161065382
30
1.3322676295501878e-14
10
-21.358508633411315
20
47.754771987763334
30
1.3322676295501878e-14
10
-21.449963113092181
20
47.961329609062993
30
1.3322676295501878e-14
10
-21.478920054320973
20
48.089554455974707
30
1.3322676295501878e-14
10
-21.486053521040056
20
48.349886389650905
30
1.3322676295501878e-14
10
-21.464161846700478
20
48.479504561237576
30
1.5543122344752192e-14
10
-21.418043981366583
20
48.601279119363639
30
1.5543122344752192e-14
0
ARC
5
574
100
AcDbEntity
8
0
100
AcDbCircle
10
-70.000000000000014
20
67.000000000000085
30
1.3322676295501878e-14
40
51.949200000000005
210
-3.9972148671806869e-17
220
1.5138056733033081e-17
230
1
100
AcDbArc
50
339.25756593558043
51
339.83334315532863
0
SPLINE
5
575
100
AcDbEntity
8
0
100
AcDbSpline
70
0
71
3
72
14
73
10
74
0
42
0.000000001
43
0.0000000001
44
0.0000000001
40
-0.13553888813704781
40
-0.13553888813704781
40
-0.13553888813704781
40
-0.13553888813704781
40
-0.1068338914072179
40
-0.1068338914072179
40
-0.07812889467738382
40
-0.07812889467738382
40
-0.03906444733869651
40
-0.03906444733869651
40
-0
40
-0
40
-0
40
-0
10
-21.235607558072481
20
49.090410099344027
30
1.5543122344752192e-14
10
-21.202620542582284
20
49.180227441771997
30
1.5543122344752192e-14
10
-21.156912592120261
20
49.264847179980208
30
1.3322676295501878e-14
10
-21.042854268529886
20
49.418508793881813
30
1.3322676295501878e-14
10
-20.975092037445116
20
49.486758313061678
30
1.3322676295501878e-14
10
-20.794672063955304
20
49.622694349257237
30
1.3322676295501878e-14
10
-20.676361563747221
20
49.679989561547309
30
1.3322676295501878e-14
10
-20.424437788236656
20
49.746004812599622
30
1.3322676295501878e-14
10
-20.293233041537153
20
49.7540937095808
30
1.3322676295501878e-14
10
-20.164170557658192
20
49.736808578260899
30
1.3322676295501878e-14
0
SPLINE
5
576
100
AcDbEntity
8
0
100
AcDbSpline
70
0
71
3
72
10
73
6
74
0
42
0.000000001
43
0.0000000001
44
0.0000000001
40
-0.45316526996941564
40
-0.45316526996941564
40
-0.45316526996941564
40
-0.45316526996941564
40
-0.30958686083558257
40
-0.30958686083558257
40
-0
40
-0
40
-0
40
-0
10
-20.16417055765821
20
49.736808578260955
30
1.5543122344752192e-14
10
-19.42122049277166
20
49.637306468509657
30
1.3322676295501878e-14
10
-18.696092262899011
20
49.621526839493399
30
1.3322676295501878e-14
10
-17.185148254330429
20
49.630087014527717
30
1.5543122344752192e-14
10
-16.127173324186337
20
49.72670405189416
30
1.5543122344752192e-14
10
-15.1070311613576
20
49.88240752676262
30
1.5543122344752192e-14
0
ARC
5
577
100
AcDbEntity
8
0
100
AcDbCircle
10
-70.000000000000014
20
67.000000000000085
30
1.3322676295501878e-14
40
57.500000000000028
210
-3.6865595701893582e-17
220
1.1496012273685207e-17
230
1
100
AcDbArc
50
342.68065238156817
51
344.59207489115886
0
SPLINE
5
578
100
AcDbEntity
8
0
100
AcDbSpline
70
0
71
3
72
10
73
6
74
0
42
0.000000001
43
0.0000000001
44
0.0000000001
40
-0.11638461337929105
40
-0.11638461337929105
40
-0.11638461337929105
40
-0.11638461337929105
40
-0.054682959344880877
40
-0.054682959344880877
40
-0.037556248237495322
40
-0.037556248237495322
40
-0.037556248237495322
40
-0.037556248237495322
10
-14.566626849297249
20
51.72285559618728
30
1.5543122344752192e-14
10
-15.582021118931459
20
52.618213259728741
30
1.3322676295501878e-14
10
-16.720064624965964
20
53.474605454701688
30
1.5543122344752192e-14
10
-18.21257391571832
20
54.319778428436145
30
1.3322676295501878e-14
10
-18.497921369253056
20
54.464991458183142
30
1.3322676295501878e-14
10
-18.742246497916348
20
54.579437203193713
30
1.3322676295501878e-14
0
SPLINE
5
579
100
AcDbEntity
8
0
100
AcDbSpline
70
0
71
3
72
14
73
10
74
0
42
0.000000001
43
0.0000000001
44
0.0000000001
40
-0.13553888813703743
40
-0.13553888813703743
40
-0.13553888813703743
40
-0.13553888813703743
40
-0.10683389140720778
40
-0.10683389140720778
40
-0.078128894677377658
40
-0.078128894677377658
40
-0.039064447338688781
40
-0.039064447338688781
40
-0
40
-0
40
-0
40
-0
10
-18.742246497916312
20
54.579437203193805
30
1.3322676295501878e-14
10
-18.82889494348472
20
54.620024702160244
30
1.3322676295501878e-14
10
-18.909271265991663
20
54.672839128315644
30
1.3322676295501878e-14
10
-19.052556904729716
20
54.799687141695898
30
1.3322676295501878e-14
10
-19.11472736819033
20
54.873066636808339
30
1.3322676295501878e-14
10
-19.234647187603837
20
55.064506469869421
30
1.3322676295501878e-14
10
-19.281557687274233
20
55.187305170316641
30
1.3322676295501878e-14
10
-19.325667642626208
20
55.443972102113158
30
1.3322676295501878e-14
10
-19.322445383092848
20
55.575386457700169
30
1.3322676295501878e-14
10
-19.294127257677111
20
55.702484782955402
30
1.3322676295501878e-14
0
ARC
5
580
100
AcDbEntity
8
0
100
AcDbCircle
10
-70.000000000000014
20
67.000000000000085
30
1.3322676295501878e-14
40
51.949200000000005
210
-3.8599974940804798e-31
220
-1.7324565442960262e-30
230
1
100
AcDbArc
50
347.43938411739862
51
348.01516133714682
0
SPLINE
5
581
100
AcDbEntity
8
0
100
AcDbSpline
70
0
71
3
72
14
73
10
74
0
42
0.000000001
43
0.0000000001
44
0.0000000001
40
-0.1355388881370567
40
-0.1355388881370567
40
-0.1355388881370567
40
-0.1355388881370567
40
-0.10683389140722158
40
-0.10683389140722158
40
-0.078128894677386873
40
-0.078128894677386873
40
-0.039064447338694568
40
-0.039064447338694568
40
-0
40
-0
40
-0
40
-0
10
-19.183158370430917
20
56.212600524904424
30
1.5543122344752192e-14
10
-19.163289455756836
20
56.306198198067008
30
1.5543122344752192e-14
10
-19.130089390682919
20
56.396461548929665
30
1.3322676295501878e-14
10
-19.039060344099383
20
56.56479130103903
30
1.3322676295501878e-14
10
-18.98170075410631
20
56.641989709479176
30
1.3322676295501878e-14
10
-18.822462910809179
20
56.802218552178346
30
1.3322676295501878e-14
10
-18.713510599774441
20
56.875767921523341
30
1.5543122344752192e-14
10
-18.473545994831568
20
56.976963723875073
30
1.5543122344752192e-14
10
-18.344827893337488
20
57.003642669855367
30
1.5543122344752192e-14
10
-18.21461914878337
20
57.004900982769584
30
1.5543122344752192e-14
0
SPLINE
5
582
100
AcDbEntity
8
0
100
AcDbSpline
70
0
71
3
72
10
73
6
74
0
42
0.000000001
43
0.0000000001
44
0.0000000001
40
-0.45316526996941014
40
-0.45316526996941014
40
-0.45316526996941014
40
-0.45316526996941014
40
-0.30958686083558257
40
-0.30958686083558257
40
-0
40
-0
40
-0
40
-0
10
-18.214619148783378
20
57.004900982769591
30
1.5543122344752192e-14
10
-17.465070617654774
20
57.012144479354902
30
1.5543122344752192e-14
10
-16.745077472262206
20
57.099721970971331
30
1.5543122344752192e-14
10
-15.250730935025114
20
57.323224767985991
30
1.5543122344752192e-14
10
-14.217274702243266
20
57.569423914302938
30
1.3322676295501878e-14
10
-13.229675030553077
20
57.868723919221843
30
1.3322676295501878e-14
0
ARC
5
583
100
AcDbEntity
8
0
100
AcDbCircle
10
-70.000000000000014
20
67.000000000000085
30
1.3322676295501878e-14
40
57.500000000000028
210
-2.8186852362674429e-31
220
-1.7524130848078258e-30
230
1
100
AcDbArc
50
350.86247056338635
51
352.77389307297705
0
SPLINE
5
584
100
AcDbEntity
8
0
100
AcDbSpline
70
0
71
3
72
10
73
6
74
0
42
0.000000001
43
0.0000000001
44
0.0000000001
40
-0.11638461337929105
40
-0.11638461337929105
40
-0.11638461337929105
40
-0.11638461337929105
40
-0.054682959344880877
40
-0.054682959344880877
40
-0.03755624823749943
40
-0.03755624823749943
40
-0.03755624823749943
40
-0.03755624823749943
10
-12.956694324541374
20
59.767346433279791
30
1.3322676295501878e-14
10
-14.089176025672002
20
60.50908497553894
30
1.3322676295501878e-14
10
-15.337513206464388
20
61.194799855273374
30
1.5543122344752192e-14
10
-16.935111559727439
20
61.818963968439178
30
1.5543122344752192e-14
10
-17.238220556465844
20
61.922089762221631
30
1.5543122344752192e-14
10
-17.496346135299259
20
62.000599523393419
30
1.5543122344752192e-14
0
SPLINE
5
585
100
AcDbEntity
8
0
100
AcDbSpline
70
0
71
3
72
14
73
10
74
0
42
0.000000001
43
0.0000000001
44
0.0000000001
40
-0.13553888813706136
40
-0.13553888813706136
40
-0.13553888813706136
40
-0.13553888813706136
40
-0.10683389140722488
40
-0.10683389140722488
40
-0.078128894677388094
40
-0.078128894677388094
40
-0.039064447338694047
40
-0.039064447338694047
40
-0
40
-0
40
-0
40
-0
10
-17.496346135299277
20
62.00059952339339
30
1.5543122344752192e-14
10
-17.587888827979896
20
62.028442540624987
30
1.5543122344752192e-14
10
-17.67496331193362
20
62.069280648735671
30
1.3322676295501878e-14
10
-17.834842863979699
20
62.174445859735584
30
1.3322676295501878e-14
10
-17.906823512744204
20
62.238230677939519
30
1.3322676295501878e-14
10
-18.052767450187368
20
62.410655559827923
30
1.3322676295501878e-14
10
-18.116676545804786
20
62.525528286391804
30
1.3322676295501878e-14
10
-18.196865038301322
20
62.773305217743641
30
1.3322676295501878e-14
10
-18.212377789486062
20
62.903840540019033
30
1.3322676295501878e-14
10
-18.202435879359182
20
63.033675277022574
30
1.3322676295501878e-14
0
LWPOLYLINE
5
586
100
AcDbEntity
8
0
100
AcDbPolyline
90
8
70
1
43
0.0
10
-105.70714214271425
20
61.000000000000092
10
-91.817424229271452
20
61.000000000000092
42
-0.29325275459714378
10
-88.181186857726203
20
58.666666666666757
42
0.046946115383857193
10
-86.307471793733512
20
55.421296976924239
42
-0.29325275459713973
10
-86.104864537342451
20
51.105556372309088
10
-93.049723494063784
20
39.076707807867756
42
-0.52059583377214602
10
-104.47461998486766
20
38.077680298790696
42
-0.087443024965798713
10
-112.28477359005636
20
51.605263157894825
42
-0.52059583377214258
0
LWPOLYLINE
5
587
100
AcDbEntity
8
0
100
AcDbPolyline
90
8
70
1
43
0.0
10
-57.342581351349509
20
100.92329219213254
10
-64.287440308070927
20
88.89444362769126
42
-0.29325275459714295
10
-68.126284936007238
20
86.912036356409402
42
0.046946115383857193
10
-71.87371506399262
20
86.91203635640943
42
-0.2932527545971399
10
-75.712559691928888
20
88.894443627691246
10
-82.657418648650406
20
100.92329219213249
42
-0.52059583377214513
10
-77.810153605188702
20
111.31705654331483
42
-0.087443024965799115
10
-62.189846394811219
20
111.31705654331483
42
-0.5205958337721428
0
CIRCLE
5
588
100
AcDbEntity
8
0
100
AcDbCircle
10
82.000000000000014
20
67.000000000000085
30
-1.332267629550179e-14
40
1.2999999999999992
210
2.9582283945787938e-31
220
1.6763294235946501e-30
230
-1
0
CIRCLE
5
589
100
AcDbEntity
8
0
100
AcDbCircle
10
70.000000000000014
20
55.000000000000085
30
-1.3322676295501807e-14
40
1.3000000000000003
210
2.9582283945787938e-31
220
1.6763294235946501e-30
230
-1
0
LWPOLYLINE
5
590
100
AcDbEntity
8
0
100
AcDbPolyline
90
8
70
1
43
0.0
10
-34.292857857285767
20
73.000000000000099
10
-48.182575770728576
20
73.000000000000099
42
-0.29325275459714295
10
-51.818813142273811
20
75.333333333333428
42
0.046946115383857338
10
-53.692528206266495
20
78.578703023075946
42
-0.2932527545971384
10
-53.895135462657549
20
82.894443627691089
10
-46.95027650593623
20
94.923292192132408
42
-0.52059583377214624
10
-35.525380015132384
20
95.922319701209489
42
-0.087443024965798782
10
-27.715226409943654
20
82.394736842105374
42
-0.52059583377214325
0
LWPOLYLINE
5
591
100
AcDbEntity
8
0
100
AcDbPolyline
90
8
70
1
43
0.0
10
-82.657418648650506
20
33.076707807867656
10
-75.712559691929101
20
45.105556372308904
42
-0.29325275459714412
10
-71.87371506399279
20
47.087963643590754
42
0.04694611538385704
10
-68.126284936007394
20
47.087963643590754
42
-0.29325275459713912
10
-64.28744030807114
20
45.105556372308911
10
-57.342581351349644
20
33.076707807867685
42
-0.5205958337721458
10
-62.18984639481134
20
22.682943456685337
42
-0.087443024965798866
10
-77.810153605188802
20
22.682943456685351
42
-0.52059583377214236
0
LWPOLYLINE
5
592
100
AcDbEntity
8
0
100
AcDbPolyline
90
8
70
1
43
0.0
10
-93.04972349406377
20
94.92329219213255
10
-86.104864537342365
20
82.894443627691288
42
-0.29325275459714367
10
-86.307471793733427
20
78.578703023076088
42
0.04694611538385704
10
-88.181186857726146
20
75.33333333333357
42
-0.29325275459713918
10
-91.817424229271325
20
73.00000000000027
10
-105.7071421427142
20
73.000000000000171
42
-0.52059583377214447
10
-112.28477359005635
20
82.394736842105431
42
-0.087443024965798949
10
-104.47461998486757
20
95.922319701209574
42
-0.52059583377214169
0
CIRCLE
5
593
100
AcDbEntity
8
0
100
AcDbCircle
10
70.000000000000014
20
79.000000000000085
30
-1.5543122344752078e-14
40
1.3000000000000003
210
2.9582283945787938e-31
220
1.6763294235946501e-30
230
-1
0
CIRCLE
5
594
100
AcDbEntity
8
0
100
AcDbCircle
10
58
20
67.000000000000085
30
-1.3322676295501784e-14
40
1.2999999999999992
210
2.9582283945787938e-31
220
1.6763294235946501e-30
230
-1
0
LWPOLYLINE
5
595
100
AcDbEntity
8
0
100
AcDbPolyline
90
8
70
1
43
0.0
10
-46.950276505936273
20
39.076707807867635
10
-53.895135462657663
20
51.105556372308889
42
-0.29325275459714439
10
-53.692528206266587
20
55.421296976924097
42
0.046946115383856894
10
-51.818813142273889
20
58.6666666666666
42
-0.29325275459713945
10
-48.18257577072869
20
60.999999999999908
10
-34.292857857285846
20
60.999999999999986
42
-0.52059583377214502
10
-27.715226409943703
20
51.605263157894711
42
-0.087443024965798782
10
-35.52538001513247
20
38.077680298790582
42
-0.52059583377214269
0
ENDSEC
0
SECTION
2
OBJECTS
0
DICTIONARY
5
C
100
AcDbDictionary
3
ACAD_GROUP
350
D
3
ACAD_MLINESTYLE
350
17
0
DICTIONARY
5
D
100
AcDbDictionary
0
DICTIONARY
5
1A
330
C
100
AcDbDictionary
0
DICTIONARY
5
17
100
AcDbDictionary
0
ENDSEC
0
EOF
